-0.442953529249015,0.0700068146726914,0.772408518783758,0.578310958007912,1.47948212252651,-0.118017280889582,1.95797127475473,0.60428439228274,-2.42386590353977,0.167034104215072
-0.384894266980499,0.135842852881648,-0.246996299723382,0.955519823784887,0.965599247434258,-1.11667621663856,0.517650784592843,1.81593806156814,1.8936305080806,-1.54865688331952
-0.385798658378679,0.28350674609238,-0.690106536110727,-0.681739250817964,-1.27678961492227,0.813182993494253,1.59223913025542,1.23690908024821,2.16091453127079,-1.34589710722241
-0.241213486777724,0.255007165622814,0.748169470415698,0.576437927231748,0.833687442574603,1.22071864134843,-1.95997798439549,0.350682400628227,-2.39668004415728,0.788720293114231
0.243813986478211,-0.385904508335092,-0.419752971727904,0.895933850701862,-0.451417696661634,-1.49100730587814,-1.01766338122677,1.79726884018246,0.155506163491171,-2.44579584365941
0.223964183135547,0.399430886614883,0.980871540575981,0.0851348615328994,-1.30826189333506,-0.808284130276685,-1.47740905161898,1.36143433162944,2.08175073422304,1.38424025967805
0.492856360846385,-0.0598120140063611,0.792713889661071,-0.349689757876391,-0.0404386372057278,1.55425337113052,1.84561299177913,0.947077740472678,-0.376716191591686,-2.51294533044379
0.219534170505622,-0.420993480605493,0.595513408390957,-0.886978300885484,-1.07767057260947,-1.01322003289913,1.83002108793123,0.63270647113424,1.48044670272433,-2.00029303004618
0.340195152104177,-0.382333369354335,-1.01942549730817,0.126772201079309,-1.38688684988563,0.535393145515902,1.21767749060504,-1.59648276244314,2.40375847429531,-0.758421675524608
-0.101281073542852,0.439378705098682,0.0713537049657604,1.01204869054016,1.06194308885565,0.881509679879962,-1.20778340633562,-1.57242735750837,2.39868618518353,-0.708776293254427
0.191568910389948,-0.373388423305932,-0.811001892648003,0.165393194069932,1.18088316920483,-1.08837578350942,-1.67481132159309,-1.07560505278081,2.3804146137165,0.931832636992292
0.424055697709455,0.469802899967599,-0.440340920890296,0.9451200792976,1.42795333528546,-0.0272118738346311,0.423527128781985,1.96592021155021,-2.51944613742532,-0.541155506841203
-0.211283870269227,-0.401203173584088,0.87652815847014,-0.564184203420708,-0.114454832686073,1.51663346153703,-0.888561648204539,-1.74217380036359,2.47104278075801,0.30755707368158
-0.441657136631255,0.241210292162546,0.804115723469048,0.607604373457552,0.342651409849055,1.50541791894053,-1.9056078370516,-0.448555848363695,0.318275203098525,-2.50311421940039
0.418552369733744,0.254255761226076,-0.790101525093784,-0.576682675911036,-1.16500712333383,-0.915310162692406,-1.95995559464741,0.512092116497299,-0.30322324562445,-2.55749128716319
-0.0402413515384033,-0.503393819294193,0.565980811976878,0.902348056159614,-1.05180529017424,1.0290916522684,0.103833951250356,-2.01559046725253,2.44498681760051,0.0757963394788541
0.477343104769574,-0.202834332339646,-0.322946125799658,1.01578770725344,-0.416880632949077,1.52271232038228,1.42206487352815,-1.35905812002537,-0.799523069628006,-2.38427789806745
-0.53217114506123,-0.0156708571606489,0.974739547495041,0.00672513686782162,0.357442360139814,1.54887602830868,-1.39747112083029,-1.51626291274818,-1.20042581625586,-2.14887740915703
0.274072284708814,-0.473021427153562,0.882747418422584,-0.175650454027885,1.37623657949701,-0.531164897256142,0.0156090234279035,2.10894097266181,2.05546207410269,1.54422099319952
-0.0996133658849828,-0.489531567470285,0.665657054833045,0.598703297213996,1.50013150675671,-0.449025848821767,1.93255979925215,0.712184550305306,-1.59546574961075,2.02313417052249
-0.362827920612742,-0.385289411654076,0.635248712914829,0.657479476925742,-0.771531617602156,1.25178489545644,-0.230417262458555,-2.02040228567206,2.47774950595293,0.392002368432929
-0.46793526694534,0.230029323899439,0.843149978401157,-0.547035319255564,-1.23014734925452,0.71104456183224,-1.43486594687724,1.24402665388134,-2.47801506988435,0.511110173792527
0.422997612735897,0.1009846145228,0.208001367487897,0.852139447662393,0.260365905810633,1.46222153781576,-0.603879114863419,-1.96862022668004,2.22971257135623,1.07205633418321
-0.110237558378489,-0.403858098602303,-0.924248615128627,-0.247630027988409,-1.23871455450936,-0.754863041133993,1.96885801647508,-0.171378903648006,1.89378293153904,-1.62397449874335
0.0168463928610354,-0.529841999728209,1.03300714871016,0.195396671736719,1.23049095458973,-0.822095173689642,1.3810160188912,1.3712627681369,-0.278506527977789,-2.41966327387281
-0.507894015156552,0.116992289581153,-0.612445844098824,-0.796304259028267,0.939898024610015,1.26411326120436,-1.61436808721277,-1.23472957155044,-0.604427311224218,2.41360309733165
0.497056100281136,-0.121371662304576,0.073820380179692,-0.993484252264251,-1.28654936011973,-0.672868431944721,-1.92984228686986,-0.317617137856574,2.18055828124805,-1.14499804517466
0.372397850263864,-0.296613898353942,-0.068210300440642,1.02387623454323,-0.324145648310276,-1.44213124402448,0.922475700689846,1.77987286906108,-0.150281366563648,-2.51154283559019
-0.16386203133387,-0.489206143401072,-0.895595617977009,0.495763407304893,-1.4415184358286,0.0105921805159065,0.135392122665578,-2.00897223209871,-1.73072414927011,1.83697375306391
0.318393454768966,-0.420056115739942,0.856510071396957,-0.579701530110317,-1.21884085256847,0.82327794765208,-1.98468527339489,0.369549747424621,0.316832550573385,-2.52145806370806
0.136265546716456,0.396824920556373,-0.930768424521574,0.495898250866554,-1.37722014243142,0.570554155438867,-1.9037082197818,-0.434043057562356,-2.32202806839514,1.08453646651576
0.168435097385218,0.452551565489706,0.835627236576294,0.448028741654426,-0.955047110873296,1.1138007881738,1.07936091466846,-1.76891851070345,-1.11350093030781,-2.1939431583885
0.108189724080741,0.415469811215513,0.734552545633648,-0.575373072257316,1.29787153478815,-0.754081310502669,-1.23395241419013,1.51082722161609,2.5461815745251,0.271036887263871
0.39876106048328,-0.190311588101795,0.234840287883345,1.08268950442812,0.390071717500429,1.50041843097259,1.86676801978467,-0.72112914294548,-2.23874911312957,1.12247787224915
-0.249909045395826,-0.403211405433927,-0.824275155170027,0.476555482596108,-1.48469109092599,-0.315761563707327,1.99001982969194,-0.152024201834284,1.39487983018601,2.0458283902889
-0.230798482309384,0.410386306610589,-0.853607068566477,0.375302751026728,-1.51504839840323,0.117925096420979,-0.706349963675719,-1.82449070675527,1.1800204107214,2.23899137171687
0.423542757104422,-0.026123594767867,-0.348132696518934,0.921648578205703,0.273563323887848,1.46703191713131,-1.97885890793752,0.324990902183714,-2.1700459918464,-1.35715329501628
-0.141393709281691,0.411735672084484,-0.180552823775981,0.913557747040777,-0.295857075169966,-1.46305202586737,1.95863170714995,-0.231539155766416,-2.05792002167866,-1.4353036490321
-0.0325967448717559,-0.568688285708981,-0.265161997500671,-0.866763905094398,-0.00649153383657518,-1.52729316408766,-1.62002666547932,1.19476204889735,1.4283487352268,-2.07671748522134
-0.334016127049989,0.411842510940189,0.629195840462278,0.76646585373059,-0.0619747383329184,1.5196904631129,-1.61062706919335,-1.07469988248074,-2.34850070933436,0.858045161259906
0.456744581453787,-0.151516793670882,-0.911706103928982,-0.477084965348915,0.364900475774527,1.36655655042084,1.63729697035819,1.27373730759592,2.06935856606491,1.29440823252756
-0.189297854647375,0.450142385296092,-0.671204640197619,0.763388440471437,1.33820194418124,-0.605611402599458,1.87060513926245,-0.80066562245378,2.4603395509116,0.213166202759099
0.229340866302444,0.428576132396174,0.744246638770647,0.714587649107166,-1.39007902956875,0.513199018310076,-1.49728684016487,1.34057228748736,0.941119910477304,2.24750436175511
-0.0567101972210966,-0.463049069441395,0.895688492996969,0.248572358232663,0.94994376767481,0.954367774316051,1.44212718477368,-1.30445017850664,-1.7582666883481,1.8343146533891
0.539938558329157,-0.048532354903742,-0.804638859458857,0.518983025390772,-0.897455899679191,1.26811152867964,-1.55587821565876,1.29324807733376,2.4978990506611,0.13441297576388
-0.516623778281833,0.156653258281722,-0.436009212189142,-0.892481038695957,-1.15137542041805,1.09513841411663,-0.535923957522109,1.88880715922042,-2.42406936833004,0.397706205947681
0.241774184406067,-0.383835436847901,1.02963178661266,0.054922553987824,-0.154086488978204,1.45080796999277,-0.173582622686443,-1.98490889612517,-0.572386377667629,-2.41281120419507
0.412015331119188,-0.230760551509177,-1.06622959364853,-0.198245232237517,-1.02033142320215,1.05995206913803,-0.323125623587558,-1.90470147046059,-1.93138453055219,1.45938882799988
-0.347818365626539,-0.324043166688649,-0.904830215889421,0.40124468736875,-0.518795838262896,1.41907259645986,1.27626794264646,-1.53346564384619,1.11644469433963,2.29641829873313
-0.377826298834082,0.330299475716818,-0.11088274075565,1.05999611357966,-0.56344551610245,-1.32412809157235,-0.441594532849297,1.96353639624611,1.40720677720299,-1.98673352309102
0.444419802512759,-0.172646532808076,0.228003882420537,0.993319557488827,1.4359187917462,-0.485495793857608,0.574422611515588,-1.91980127200073,-1.06580248621075,-2.21602466719881
0.137926915622892,-0.447532134314262,0.959232087201322,-0.137256075556732,0.754155330707851,-1.37177133503715,-1.87230830388245,-0.757808895612047,-0.899518725809734,-2.44068351629252
-0.292813241900915,0.414837802156498,-0.490448376788251,-0.877207008318193,0.497192915448609,1.49430662933573,1.90423705090622,0.572921607515981,-1.93570169569421,-1.59209600003101
0.579784367847232,0.0462061540114173,-0.797510928655339,0.618631293057448,0.184652165934374,1.60516830536425,-0.478721547581363,-1.97071755339051,2.41600957440696,-0.731934184639389
-0.38390366754489,-0.199193851109462,-0.73314508426131,-0.736340741567515,1.51407473145252,0.096733253320772,-2.00966322849648,0.299629638488723,1.83713960156821,-1.62149867854733
0.178136724172066,-0.497762318397831,-0.810828081191516,-0.528627228528303,-1.31412370042725,-0.817894089950981,-0.279296719298456,-1.96449838637552,1.08699901187684,-2.27308509361999
0.234871857724423,-0.370898610642396,-0.930877836025848,-0.21057965902881,-1.24567972349286,-0.915225967516599,1.49799846684222,1.38560578646729,1.40024343770185,-2.15845042374033
-0.46878295043832,0.0194016580553093,-0.881804616419976,-0.196585547718041,1.32240103369705,-0.660849009044206,-1.63858862953366,-1.05665125875442,-2.46835318736725,-0.421645309382383
-0.506933952679077,-0.204831971256659,-0.507072294193258,0.937565111780298,-1.43418583025344,-0.141106098954379,-1.73075973330622,1.20661441482549,1.42768777611335,-2.13344951915513
0.0943771413521798,0.589922630559445,0.998072828926985,-0.242417872135083,-1.51669713751183,0.115313592283843,-1.499922266325,1.28990212060458,2.5021572976336,-0.072990583648453
-0.0486478599558043,0.499723526778712,-1.00887575163686,0.126622780403328,-1.39341651191348,-0.45975358289143,-1.96012978307025,-0.491892602330849,-2.45388743042986,0.512951957565414
0.421642445221678,-0.0852457970431164,-0.620420814274287,0.61987118479697,1.52346122544975,-0.45293884807143,0.63981488141307,-1.85442549875632,-2.26474204834702,0.954681861904228
-0.34199291984328,0.350818834698925,-0.99795649298182,0.494384750468323,0.247155192435402,1.5397664850533,1.38449687813699,1.33249653119255,1.60740117763253,-1.9373073318388
0.186025146144881,0.409734178956062,0.891999040300985,0.605027641800128,-1.28390096288948,0.944881818586629,0.402702013779438,1.90674612807972,-2.29633565338089,1.04386487033038
0.444052078776955,0.139806508154865,-0.943882344630796,0.323670696645475,-1.30806546152071,0.714286914698266,-0.0476072080670742,1.9832675421244,1.74415072848074,-1.77307487462257
0.0981022035599643,-0.541354320326805,0.803512429196501,0.579110065401637,0.164758787724013,-1.49607740387281,-1.91746235675115,0.406029578504393,0.157399402362781,-2.49525616343457
-0.156124883097037,-0.468638161687068,-0.64768184339285,0.764376213909198,1.51432674283785,-0.0320463838900337,1.40084522329054,-1.40644518527175,-2.53188869799761,-0.224956421573142
-0.31077345290187,-0.381207979512266,-0.376811629656252,0.83869074306625,-0.812447772475824,-1.20651693752292,-1.56255096998366,-1.19913335422245,-0.864165092499279,2.28893794505567
-0.196360071448205,-0.386789519797916,-1.07026561160822,0.110878309580043,1.04003284665639,1.04871470762169,1.09483987418336,-1.69106840065251,-0.767442196160258,2.3124782841825
0.498763414434449,0.0490881767944189,-1.01832187294369,-0.120535617528989,-1.30798821173716,-0.475784583408253,1.51724000955794,1.28785020063152,0.839884855933312,-2.35134026118193
0.44720120486884,-0.121254466439292,0.939843666721612,0.264354761028392,-1.53471757285065,-0.261543413394085,-1.37062048152641,1.50981831709193,-2.53105714047428,-0.0997676071127779
-0.306694352290284,-0.336458313723305,0.972796763673747,0.411054058651268,-0.594890101149754,-1.28781320641208,-0.87606200528274,1.75625954723105,-2.47895929562479,0.188863695460756
0.334584105484747,-0.399387349687194,0.143536677835009,-1.0177405006339,-1.42947156373609,0.322655081476686,1.69812443377779,-0.994036296466786,1.60706259505724,1.95849406231421
0.481018433966832,0.228353856218817,-0.646329254901173,0.805967203735086,-0.888530983359313,1.25980895860703,0.54291135081283,1.85974421264743,-0.929475882707439,-2.31745746526009
0.295882382870703,0.424721095484206,0.953750620137384,0.276238249330906,-0.780879045685949,-1.15756381537724,1.86492387129084,0.617051057046505,2.540845858329,0.0451020693887503
-0.316748262285821,0.306570034227262,-0.862103792481234,-0.399037578496224,-0.553564376572549,1.39173106330497,0.813601835973685,-1.84941768976012,2.2757690091282,0.992713347662244
0.197588774416537,0.455567013321242,0.00596119769487161,1.01964760853976,-1.38371144775958,0.557257919787397,-1.26660415916018,1.51950604260196,-2.55154717729643,-0.0050434856169925
-0.465133794963657,0.0240529446101052,-0.890088293333262,0.536448099831346,1.41711997290087,0.545875113981228,1.95444821098012,-0.577670645041903,2.1576830090469,-1.23360043659866
0.0958925618424442,-0.56084011012505,-0.704647451323258,-0.679928496062339,1.01743323315084,-0.99450935114217,1.37640647383961,-1.61627122094458,0.882942631899477,2.30152214897771
0.487235093266719,0.104814875411421,0.387863171862109,-0.983805209762632,0.660572362765399,-1.36050350568622,1.41479407074386,-1.38952246405991,-2.4927760192433,-0.228084063894611
0.357121909477115,0.416560543603694,0.444600543703922,0.925126881991018,0.486631877766712,1.41383904638161,1.96628759066576,-0.458131204062052,-0.0970061138664399,-2.49102864025386
0.236498440882107,0.521191779081992,-0.979080644028783,0.294732798563187,-1.13363968168729,-0.994311516732413,0.191449807707246,1.9752554346952,0.767580878834833,-2.33469180624689
-0.348891310245423,0.338532610154939,-1.03138630920898,-0.281569857310002,-1.42451686622904,-0.429084605111365,-1.81412386127285,-0.956262634887557,-2.20326954332176,-1.11578689092945
0.398056254520738,0.480161489327111,-0.898126927632688,-0.318101362452167,-1.25229487117557,-0.781411570618232,-1.54105260402585,1.31223554764213,-2.28771415566463,0.88798239316251
0.132449943524492,0.568002483802841,1.00997322287453,0.370381704626178,-1.10297085614862,0.980316315579538,-0.710162919010026,1.84274601145494,1.03049672991762,2.32103579662371
-0.335993609907355,-0.368587675474506,0.614286235927079,-0.832856858230193,0.605880222669374,-1.3455043373838,1.58839610133636,1.14931420655648,1.54617457440263,-2.0235054654479
0.178282856325961,0.436401788234198,0.966930478905611,-0.382604541612822,-1.3217467877507,0.611062037925315,1.32877737776697,-1.50940735182706,-2.24858713447122,-1.18465675689047
-0.422064436547057,0.231683428484065,0.273225587370743,0.853562907846717,-1.04390063495196,-1.07699180469771,1.19985870493915,-1.6744641501442,2.16440523194093,-1.38910113573828
0.467715918837183,-0.198526357856067,0.829144723132705,-0.413811742825705,0.000605364029297842,1.45011274814051,1.26145007236899,1.60838035768526,-0.733332990560202,2.48249291282001
-0.477127203257981,0.187412213233794,-0.789759888553639,-0.546110566923867,0.725027323481509,1.28278643607012,-1.19674158819117,1.60824050547871,2.21551067564599,1.19093391813307
-0.350289677587553,-0.29815331868059,-1.01852765619115,0.295142196368286,-1.39485999120069,-0.690389822726764,0.78565085907088,-1.82587107571474,-2.27071747138715,-0.981329375289869
-0.481963823245968,0.0459254969413486,0.813571888874715,-0.55507841153819,-1.47441445917808,-0.347121594242445,-0.143387692310794,-1.99153739620229,0.627272294155299,2.38462036968371
0.281301124428662,0.427525680756177,1.02088651184672,0.162626009182687,1.54941161335878,-0.139514208389949,-0.136051964227095,2.05088289799084,-2.32745546913064,0.882192123203896
-0.273917611123916,-0.474778386990369,-0.131335141562455,-1.01088924264897,0.810325504277848,1.19071024846747,-1.93528840490666,0.671307219646684,1.13312836290463,-2.15337107044705
0.0551982608759708,-0.476272631777225,0.219450983313798,1.03784170181775,-0.92919046221777,1.19990433927072,-2.02415827993632,0.353987095234669,1.55484785738678,1.87263632255024
0.00794194511153785,-0.605978540164468,-0.0604769088861572,1.04502293479362,1.49896374648774,0.268150580165377,-0.412444184326802,-1.95663155649665,0.977710742864707,-2.24732290336282
-0.385622808855847,-0.200333482746878,-0.0740387835155218,1.06416044702163,1.33390699323416,-0.759007365127024,-1.82976718737984,0.948642645010034,-1.25116336586966,2.22775876675849
-0.385521920894108,0.0317024867669456,0.105120892075558,-0.992873332073906,0.43621335602842,-1.41592008107229,1.91976597725631,0.266148403811774,-0.368634716631288,-2.44332345594824
0.0327433980202697,0.586915086782775,0.852610196808971,0.431427527887586,-0.0978598366066366,-1.43125430809711,1.61321244468393,1.12071495361861,2.5288500037326,-0.538140066480798
0.393154965787833,0.455007581866714,0.671070013211634,-0.850136158147223,-1.43315632005209,-0.373191765882842,-0.264562662182725,-2.03326718635499,-2.42878626467638,0.522855347738888
-0.270792585123916,-0.336755067685297,0.0542272439801027,0.978629312953325,-0.117848226242648,1.47520110048472,1.52039617079358,-1.28441679695649,0.868230431970451,2.28747029385473
0.428643279869764,0.273233198334905,0.241668631991593,-0.898798102326394,-1.4244418208827,0.411357648304618,1.54969079537849,-1.34544622989596,-2.4664856538629,0.372102429889295
0.0452984430313292,0.478896706745975,0.643838554690107,0.854032323385801,1.46603555594492,-0.252714201586568,-1.80355961688607,0.578695990388661,2.38227926184409,-0.72262361333727
0.168903671662179,-0.445172104642751,0.799321557781108,0.607147921713766,-1.31975728445275,0.780783553125658,1.23038030889463,-1.46260824015374,-2.54863452348098,-0.140841692093525
0.135594417875079,0.547280240091966,0.274080212834644,0.944938879418791,1.23056186969052,-0.845287193365541,-1.97774796192703,0.477221146676832,-1.55082900200055,1.96243930509656
-0.393058995437159,0.226632097429095,0.439551664392657,-0.953726670878885,-1.40098104423928,0.578079921028606,-1.71637690943932,0.940951789521062,-2.24878033844072,-0.971401099285771
0.425487164238116,0.203395364404987,0.81241789359114,0.670842950097148,-0.150283915823948,-1.38526199783362,-1.29946919761052,1.56694894012942,2.04188505080806,-1.49814367967084
-0.508528584832687,-0.0988877862402315,0.92294895177676,-0.555519817801395,0.415952051621148,1.41342114320199,-1.93234261655302,0.416822856462786,2.27963138919034,-1.12274653100721
-0.325363267012249,0.396300082003092,-0.684405148531686,0.79709979574532,0.0934825767632215,1.47048257372853,1.74057497979301,1.03941166020675,1.98210748768306,1.5081844733597
-0.509228286942362,0.101094581305806,0.865630754431559,-0.490680815755497,1.21642512355203,-0.730082749134927,0.964276508514039,1.70032595246293,0.964377343595873,-2.36714214904351
0.505869157830236,-0.189788485428423,-0.766409091604603,0.680742384805257,1.47738456309355,-0.292158064097524,0.468727507088287,-1.93878741337832,1.84565727716097,1.77091146532882
-0.386802011125995,0.43260411039098,0.406141661004797,0.894923977204572,1.04920682059658,-1.16369174654381,0.448067899980673,-1.97138993886649,-2.32252886127558,-0.917345787179771
-0.489578736504836,-0.212156373885006,-0.0230355144123181,0.877543250088913,1.31121140888551,-0.684830901452691,-1.57150216292015,-1.20440661485541,0.901016358756544,-2.26381003029684
0.132099019177017,-0.379027029490781,0.870475010956971,-0.50208140164317,-1.14804566465497,0.832515868277589,1.97215987038066,0.0187808790716096,0.389991453924438,2.42078140255396
0.38719014335569,0.384301248674718,-0.934918495657406,0.0742934716602471,-0.36692966956097,1.39535365727715,1.44594790695488,-1.49303412535609,-1.65522134240284,-1.97272499617458
-0.369210339749079,-0.388520422028374,-0.957453276789764,-0.440723809911455,-1.54543692828075,0.00101427933975097,-1.98294567860493,0.646965022132595,2.51677545479425,0.0597629429016912
-0.117463921060591,-0.411952734960614,0.932230706241477,-0.204220965281386,-0.38340934066123,-1.43899206847548,1.14241868456777,-1.68290027538295,2.28704491950953,1.06004316767239
0.164512000759918,0.451133778350151,0.111449792064825,-1.01929405778755,-0.135280698684644,-1.49192886226484,0.201039598696281,2.00043571582546,0.015325627602031,2.53879132324939
-0.0352047918539002,-0.55030038831657,0.225048404070036,-0.913809354462206,-0.74918848884328,-1.31193701393259,-1.59764221962277,-1.2496736202404,-1.80797044850415,-1.6780379030092
-0.485789726024697,-0.0894252428628242,-0.3128215749686,-0.940745774563261,0.987771769975902,1.07737104829026,-1.98952331874091,-0.497990402013601,2.4858975910637,0.255774158592093
-0.128110974357977,-0.496360971257367,-0.866240302208994,-0.243913449509777,1.36457024237231,0.599300261293268,1.77112886045329,-0.878586459689953,-1.72631045686425,1.85162252723928
-0.255141867017975,0.409054675805522,-0.942093843491732,-0.0576377445805457,0.468802393567341,-1.49996035347522,1.64960639184061,1.01269849345282,1.43647195669102,1.95624450758086
-0.10246328382308,-0.365865087901236,0.975876719066569,-0.200119855848921,1.43147952999423,-0.497583935561726,-0.766447579336565,-1.82723786716728,-0.222286950021796,2.44646783495089
-0.324418448461555,-0.485179440014755,-0.134393749690414,-1.04356055027608,0.465750933488799,-1.42767504570559,1.49473141674416,1.26331988430766,2.25985359670442,-1.11624127373229
-0.31892866955006,0.385738972080915,-0.961455642054016,0.139255463618877,1.44716008208504,-0.461713350033265,-0.91634389353137,1.72132232615438,2.47165933152908,0.0506772737618868
-0.272903762384828,-0.380029815623131,-0.383281991639352,0.891895396411485,1.51237934412269,-0.342602661274669,-1.71775162554915,-1.05764964266497,-1.28386309167884,2.16758207450968
0.42321598800574,-0.168184493394994,0.897219389302362,-0.507579598389575,-1.42976664266506,-0.286362836066873,1.60982213489341,-1.24630269620575,2.22245629774925,-1.09057178006269
0.486869281535301,0.209872247859316,0.441820397160266,-0.851603188061818,-1.02937844746599,1.15052855521539,-1.94658080603273,-0.369759495843932,-1.49306553693779,-2.03015169239585
-0.403685298700801,0.297991911978349,0.236087118040963,0.994581518595012,0.945562234760272,1.06877019165037,-1.01197452616685,-1.75776384840003,0.948791040228663,2.33372777083091
-0.189825799047635,0.467759043459635,-0.928251810974255,-0.304919644660972,-1.42893186573725,0.106052953027149,-0.162155658130053,-1.86161679534859,-2.41180026270037,-0.583409062196402
0.0921067809131882,-0.607137207267818,0.421345378845179,0.974449493089219,-1.09152862200615,1.05714867939496,0.930852350490595,1.82057621659081,-1.62423627383047,-1.89842456170823
-0.176333142989064,-0.43622011850208,-0.712354356435938,0.717444296916078,-0.457896720128916,1.46372419011215,0.0254413398408796,-2.02314645734312,-0.523876791504592,2.46927535792884
-0.530106262700225,-0.222551455211605,-0.975823554546152,0.451312492826909,1.4335101111404,-0.457214861967817,-1.27458136228013,-1.52308278004016,-1.18249311549452,-2.1708425439321
0.435662787476003,-0.111617827167392,-0.366919998514893,0.87018393175942,-0.975472447053519,1.16937290952984,-1.39842120422332,-1.43636635721401,2.47557574775321,0.149364393038463
-0.436601974762628,0.404155723782703,-0.878534668260344,0.497751418054367,-1.20372694073866,0.930673970096927,-1.78603776072462,-0.82693892456948,-2.54920354296083,0.286987631801507
-0.0845577029805726,0.503229382969248,-0.351302333023148,0.832138944934597,-0.365567980825313,-1.46938979490894,1.48931223113369,-1.35095755553138,-1.27783483261554,2.07814841630364
-0.518307705298204,0.0752256707291912,0.812073175706671,0.405561340901444,-0.971693707780409,1.23048926650434,0.027684820260128,-1.95363903070791,2.56863448475685,0.0773354027745518
0.53384737769412,-0.0933737859573747,-0.195766822189168,1.03366185802171,-1.42570323079226,0.403687853075206,-1.34606450403324,-1.48093345649041,-2.14641008523564,1.17429037328499
-0.132621752869302,-0.568146838799609,-0.356096228326608,-0.957919804517796,-0.00794405461890375,1.54739503068755,0.154979498012237,-1.95046509689155,2.39791396309608,-0.539692808934356
0.258086187744713,-0.396430802180331,-0.626070492467611,0.838969082634732,1.27087298132471,0.81691029151056,2.05111929610841,0.35383447459853,-0.184955564234165,-2.47176164125138
0.524976539857394,-0.0702654288487666,0.568799720695484,-0.887985369163815,0.433495444272483,1.43559231823772,-1.0865444893626,1.74387549688944,-1.95025771555645,-1.45219129263508
0.498340332905242,-0.157921973111347,-0.488643138963548,-0.895557370127053,-1.45239183497072,0.120739342020313,-0.495360731195874,1.98054662872187,2.18871658651086,1.15015945705742
-0.334153317937035,0.406474393139056,-0.121738697491797,1.04521361929411,-1.4918572193948,0.513802415866738,1.75342972036849,0.895509321367651,2.097305950416,-1.48678170151422
-0.392417236535245,0.383274490784766,0.655840524880526,-0.776431580425399,1.0617057422753,-1.01082422692817,0.667466661193524,1.86240788424327,-1.01759955052307,2.32325175072158
-0.0400896325619231,-0.485575795827603,-0.519060645716106,-0.904249624894925,1.41241207508957,-0.54526301171829,1.43879103000852,1.35883341944182,0.383752935352557,2.49149684395
0.0589005471896094,-0.490017665520241,0.146478824695534,0.96385550599707,-0.264023829745827,1.47986938497681,0.352157186345225,-1.97253913162201,2.31129831071421,-1.07087683591967
-0.275546278281049,-0.347615266560078,0.696161811663874,-0.715811502286838,1.54100190659288,-0.0900016934355194,-2.03191249489008,-0.43706917639265,0.380470762378437,-2.47154685815276
0.43583769513809,-0.200759286966023,0.922449299151237,-0.370210135542163,1.42483524792198,0.615886262318753,1.32423020656209,1.37943025072403,-2.54236602852682,-0.326606917056372
0.0900631155690876,-0.480228610238625,0.936261203462258,0.319170606574113,0.278254525182426,1.50622915599392,-2.04044823179854,0.155087611723821,1.90185155380568,1.57852663572011
-0.448532690321041,-0.32325888697354,-0.645678872528472,0.699782025367763,-1.36223119690283,0.705784027521818,1.39425397525923,1.48516445958065,-2.47410678334782,0.332903860017199
-0.373174336277222,-0.310468535272692,-0.207328187309075,0.985298208556002,-1.43240192573281,0.323878945258362,0.737849611417981,-1.7613063119189,-0.826165349133989,2.28351238553915
0.294002606855241,0.504487539402223,0.973113971617908,-0.132530059412476,-1.51898708973677,0.0537614982595746,0.530961899002353,-2.00017831215674,1.90983194254826,1.58065868119623
-0.479147023031433,-0.185684613634463,0.694893079095953,0.657137777851956,0.0936579389879689,1.49515104653124,-1.92911014895207,0.448845188561235,0.765191126847972,-2.40833279678284
0.310681643494179,-0.371546673559667,-0.0722407155678288,1.0002557272864,0.25213159307346,-1.55972584770935,-0.236384405924698,-1.99938925102638,2.38382525858156,0.755764081628251
0.426774765584146,-0.359498313398408,-0.86607351909032,-0.34531360779445,1.2914767188541,0.884655505423463,-1.42968100940979,1.40699791991701,0.383356520963476,2.42573667471662
0.420436191816714,0.0144886721422724,-1.01650914474156,0.11163979513194,-0.274557519374069,-1.44222778934769,1.03751603123899,1.77416917115261,2.27269034745601,1.02958061434377
-0.225977845837035,0.432461374918471,0.506735203660488,0.898036931245598,-1.13657341022644,-0.992678479408076,1.74989502640589,-0.941027651686719,0.614239508681455,-2.47269991518119
0.473511572988616,0.156581414153899,-0.576721663226135,0.855465277701526,-0.116074371702172,1.44390232151279,2.02740487846388,0.155624336582985,-0.753619735166436,2.44606922697458
0.461127353316744,0.039610797839611,-0.894039836034283,0.498725364229439,-1.35351685768893,-0.410500991906704,-1.94069318430687,-0.499876451719671,0.981967541075986,-2.21766528522748
0.360246920723318,0.252498940560027,0.656365660931387,-0.814839727313622,-0.874836748010657,-1.2892624209235,-1.21324417800648,1.59360717115509,-2.31748702214602,0.992449034718535
0.343126053889311,0.362684991735449,-1.03237803509411,0.251888757925506,-0.164987317094249,1.43948064695343,1.99983724909747,0.130090923581821,2.0933944214186,1.25281403538671
0.488123470846444,0.0858564901524773,0.681799255104025,-0.68600580477382,-0.661856035702064,1.35151239640302,2.05020369955865,-0.0465624950269306,-1.28007532723699,-2.13821179585791
0.405771171054485,-0.263572442353297,1.05863540829917,0.0212950441182737,-1.42510251761973,0.547979597872868,0.0676870149138408,-2.03181752181415,2.34513657387177,-0.586397153468195
-0.0283259595383196,-0.394785061946123,-0.733860622946933,0.712629538341558,-0.684185273737309,1.16719721970718,-1.80872316236592,0.84572095373992,2.4369707179422,-0.603930964630549
0.439312289069777,0.334315303317116,-0.814999242060272,-0.640461471796356,-0.969221884102271,1.22976756924454,0.0520965749708628,-1.99449276869434,2.51865294338159,-0.363784149531146
0.270516067998044,-0.415459818897609,-0.550794144476756,0.812569541470329,-1.31560613531742,0.758211574735063,-1.97962635627465,-0.0859281679754259,2.31549635945211,0.858528539098336
-0.533430879042989,-0.026400283234572,-0.882531426356743,0.49989149541878,0.281290078866034,-1.45962051694577,-0.316942235262174,-1.97888771235787,2.43906219177826,-0.439598517766588
-0.177115096131945,0.468348326882921,0.320974397462636,1.02921159866418,1.33201882149588,0.753833503634225,1.71821237152609,-1.02253810341205,-2.43591088532982,-0.452333091047849
0.171288002479009,0.549855653511838,0.972905853075089,0.473115857974724,-1.36152459669977,-0.735966336268483,1.91254218833402,-0.409324041329188,2.19636038882116,-1.09258520136931
-0.488747333984172,0.0815544239064449,-0.73836324309018,-0.515865011651424,1.27514051141736,0.870166570962229,-0.447257493804664,-2.0336989567559,-0.688279371035115,-2.41666583203289
0.12453516068569,-0.531914876845863,0.202329371677645,0.982324802115332,-1.20764116857533,-0.855545895747305,0.075672236029585,1.98106046692606,-2.20214276675227,1.25323476310878
-0.483176963710665,0.030787104469102,0.986435064923756,0.0280157152376122,-0.682060285821456,-1.32718288616699,-1.7534722276624,-0.93974919655794,0.735977555815363,2.31768109901252
-0.547284326711139,-0.061969255893738,0.929038606767782,-0.335193066220597,-0.0391601557313049,-1.47161675279761,-1.99253467362798,-0.35536781516555,2.15665521487215,-1.29827091691347
-0.0150920976334496,0.451695928040547,-0.711652933886343,-0.637507542183892,0.971506158685543,1.12267863721784,-0.0491739554694107,-1.95452696721245,-1.67748675791964,1.90799931260335
0.0778805880761977,0.493139610664099,-0.908855820732654,-0.493910081893635,-1.47678803084516,0.169997268957164,-1.80965525067401,-0.785503775706656,1.97465071482831,-1.50968707622366
0.349526385800082,0.286494266933432,-0.743617123962358,0.706456952262635,-1.36315846433223,0.722766942493528,-0.0644344757149238,2.04832283423534,-0.469600742954211,2.49802787263029
0.230110376546082,0.352763303980801,0.610009234814203,-0.86133096532057,1.41614852593056,-0.811847198302314,1.72622900360835,0.918657719871708,1.38219230546799,2.09739316004984
-0.53447602016098,0.0323683357176138,0.349805760483681,0.925045141025367,-1.01795671836956,-0.930845941892089,1.75563779588294,0.995671010796791,-2.02370907291702,-1.41145808652093
-0.193723412005945,-0.487536789530606,-0.455741283482602,-0.849803589980517,0.931626839368977,1.16988848066876,-1.25954022939156,1.42605852730516,-0.177696921614231,-2.54888471887142
0.492534004057685,0.0915282593647203,-0.776826101972559,-0.496549975670252,-0.0940337592761837,1.4903729827329,0.656622382270274,-1.92668644695319,2.11161185382438,1.39924660516081
-0.373253025514323,-0.28907215620699,-0.372989633927414,-0.842536619304932,1.59123239898664,-0.162808859041522,0.58779500987158,-1.86127010445845,2.44958880796288,-0.388047811857423
0.380412299324,0.213607867130607,0.907023304924977,0.568464548578277,1.55764217775096,-0.0552502411853964,-1.43753015077061,1.34350321090078,1.46577045092889,-1.95877499182819
0.425818736810955,0.278688123410609,-0.179445198429312,-0.97141660726341,-0.342408254908927,-1.42670962128134,-1.22918968973853,1.64840475000771,-2.09133527159808,-1.32462553771901
0.248603966715829,0.39524601006587,-0.489589527471295,-0.855403201820017,1.50661708008433,0.0204818624878068,-1.66827051776162,-1.08232262173304,-2.46251793362624,-0.258696691492744
0.572692961785437,0.0657920953181472,0.375262358754597,-0.954409774113501,0.623081874760615,-1.39372678329591,-1.35884539439199,1.40690647811715,1.31648391338025,2.18945346375042
0.589184758131996,-0.0744261492939382,0.875469085210161,0.363158251558031,-0.269594051498256,-1.38098652306149,-2.06648775899953,-0.283835490309014,-1.86936739275508,-1.68279394054141
-0.43760084485389,-0.327767702632206,0.91435883407566,-0.179458704393486,0.429364608298517,-1.41112523671106,1.87053772569718,-0.916619469108104,-1.32515496671044,2.18697053627888
0.497021985085213,-0.182635484825287,0.862953020850027,-0.383363566025773,0.883764339920476,1.23572770507453,0.0367866624803722,-2.00838486407063,-1.7521247283314,-1.70870294344416
-0.01021836483386,0.524322157040005,-0.897909933937925,0.357518652409197,1.49915848515851,-0.249349432754008,1.987768902248,-0.0200717482200302,2.38549736524333,0.485300919092752
0.321754760623892,-0.43687342857501,0.915281975057536,0.52403417426828,0.12485515017659,-1.58613317923911,0.323963682531519,1.88684058667801,1.06522724733069,2.29531784454597
-0.439665866693015,-0.157523787557459,-1.05156706220508,-0.174728201099018,0.80461622583368,-1.25435375790441,-1.65158380589936,-1.14404834833064,-1.41065258028301,2.01836396471677
-0.313224035081054,-0.181147357318415,-0.737724690182335,0.621159135153687,0.411714633477916,-1.41398701184797,-1.71846067430104,1.06329590928522,-0.0033311165388443,2.54665988928782
-0.516011789046358,0.297240252202364,0.695919052621083,0.681056473002444,-1.50647532273309,-0.38620152049944,-0.297498238411184,2.03990528095585,-2.49250085547623,0.196060650527679
-0.299470449005505,0.370067834257269,0.822110492795734,0.526677266675374,1.52634752431619,0.203772730865427,1.54070276131592,1.37226097347736,0.502049995069943,-2.4685376406553
0.3485693174475,0.413733343060724,0.926320256249078,-0.136554369811326,1.45363250720763,0.517275052648545,1.86886085982825,0.677950790656983,1.69939383254542,1.86648209492557
0.175348250639812,-0.500335993112056,-0.946766192704523,-0.341244961052533,1.47335225453755,-0.131058377304589,-1.90964709870121,-0.475958276844667,-2.29017936028211,0.961612694762093
0.404406477823705,-0.233833802863128,0.205516456879992,0.932645198984906,0.615261964564597,1.38224523923349,1.94306196481102,-0.515757013873392,1.13411388729772,-2.20564328501698
0.52681758626368,-0.0466545916238473,0.189446310201027,-0.929706298840015,1.44947466349627,-0.517865395354796,1.73518266356011,1.01942996182314,-0.889743273226584,-2.22980316816656
0.203409369317187,-0.422725417164205,1.02539037748136,-0.0540847873661589,1.35642780181781,0.504764108525114,-1.28510213215526,-1.48588771347702,-2.18657782891233,1.2006504556397
0.116122906781814,-0.469955871627232,0.479548782104528,0.743859009741346,1.10023211578002,-1.05731260605934,-1.79130188879002,-0.699214222740374,-1.93601334252908,-1.55141434305661
0.447220713509571,-0.194605861383374,0.742313937839445,-0.669298028399727,-1.43695413501214,-0.130944355567884,0.923542382929799,-1.78800723313494,2.30007922338248,-1.0291418882742
0.0236981402236072,-0.592728025294712,-0.142586147064572,1.03596188564437,1.55461693795815,-0.297819536867496,-0.0163707360317003,2.05086534726177,0.154527882208465,2.5582331435834
-0.261223931004308,-0.496793938895796,0.142084022817647,0.932265176056775,-1.09351612613894,1.02161392429675,-1.59641063402052,-1.24894455629969,-2.44453390089035,0.213933276564337
0.385129017774852,-0.351379694896852,0.835364036942326,-0.468360297741675,-0.413367918874047,-1.38310030227162,1.74572327260111,1.06766639048327,0.993169745823341,2.21182729171773
0.161899649327756,-0.494194036070883,0.980015342460202,0.0751399589126771,-0.00303597420169364,-1.52782520593468,-1.57556439213208,-1.26854845509902,2.3485210826033,-0.780842091643497
0.148394983734429,0.439753243137377,0.596118247620449,-0.755613445252175,1.37914532894648,-0.486356126634142,-0.721756062612381,1.83707523819718,0.786168662353224,2.27853468394614
-0.35795201224741,0.397022623666841,-1.04268617048731,0.0315228656730512,-0.292849351847495,1.50041819177304,1.40768356812736,-1.32808263030333,2.53324602730332,0.0901659228041152
0.521324485340494,-0.129769729011628,0.908286988416126,-0.240853422168784,0.00251769647061035,1.48580716945064,-1.58472228053235,-1.25900333561254,-1.21932650023286,2.19606797096616
-0.459095083252338,-0.292284434247929,-0.308856503505903,0.962379401175178,-0.314381669094895,-1.52319095078456,-1.28853095082364,1.43529765984382,-1.40378948839998,-2.0732821760236
0.292267348371599,-0.336661011247289,1.01079807450073,-0.0906710594610032,-1.45364242134814,-0.444200072948852,-0.524540893440615,1.89199226997518,0.731816037461255,-2.34036324712946
0.11852447235666,0.465253509456743,-0.841691621694628,-0.309449898738591,0.421829286081657,1.45134026988611,1.02721538121033,-1.75143209945993,0.683243535418472,-2.30108620038597
-0.425174537032807,0.290738258424405,0.945264429437625,0.453626762289037,1.03229948813051,-1.053753601414,-1.97846967300785,-0.00755786613031052,-0.252296765342489,2.38395924627356
-0.209682769388354,-0.489570821410086,-0.76414904047063,-0.652387651949195,-0.630051298533968,-1.32222600327563,-1.53340268658928,1.39364318193146,2.43283862955055,-0.676114129695137
0.392176501492027,0.241143471855417,-1.00134417900318,0.0462403129329827,0.339962299041425,-1.54833735856586,1.35983273907035,-1.49665124721032,-0.523402186015632,2.4806062513586
-0.303637867227835,-0.410757034112131,0.569794204659378,-0.783123997454485,-1.30389849584515,-0.825156329706462,1.67838802584233,-1.33402128046422,2.47106363507534,0.54890349303518
0.450149149356194,-0.154943317683541,0.897857776463077,0.686321071778185,-1.43072529455138,-0.0456239275750784,-1.94614775861532,0.0502929058892671,-2.34242789768059,-0.863179782814016
-0.00523855475663075,0.469445112055596,0.961901134711725,-0.105636362106772,-0.137302253131475,1.51845933935263,1.56411051603619,-1.38104479987518,1.5886827772882,-1.86157752493844
-0.060559386783848,0.454575620613816,0.954756927735083,-0.21328006189865,1.46966316783961,0.443134673652849,1.9680384011644,0.399554414851074,-0.795201677589839,-2.33154301160721
-0.386457252248976,0.316095975756953,0.658049332641842,-0.864505709448251,-1.12192443402106,-1.06103008782175,1.58034523633633,-1.41573417666087,-0.510704325356406,-2.46377838490156
0.268815855133242,0.413923969434231,0.948439823037506,-0.40757734193362,-1.20338671679751,0.945830240749962,-1.82404103084841,-0.610187934283415,-0.564027512715571,-2.47530780239502
0.131268298280159,0.4854556642632,-0.960993239237227,-0.423004753635436,1.49657406449994,0.526823162857607,0.977525844054261,1.76225202785259,2.37237294685812,0.732268652486865
0.372940340718376,0.284656320604706,-0.891815398486161,0.490270787394387,-0.27592391053251,-1.47730158745589,0.381750295564767,-1.91524400195507,-2.23424595367322,1.02330172346103
0.321285629030053,-0.404214558352453,0.989511267727126,-0.307642870202356,1.35278762478887,-0.748400654442272,-2.08792438804524,0.131462138444201,1.91478878565646,-1.63930947280889
-0.340665991548481,-0.382479764495159,-0.198465582369498,0.952724698426661,-1.47786699505783,-0.0843414442063031,-1.94502610061942,0.4056000699957,2.28228129353597,-1.04469690999099
0.208383325426182,-0.389459214491531,0.995966376939095,0.114903203759675,-0.183069266037051,1.42307103649912,-1.1662879155301,-1.64756456942352,2.03259995850257,1.56282302365312
0.478265398123561,-0.114058741494754,-0.978300836959854,0.0864782695788175,1.32674532425893,0.732710140106736,-1.40732024886527,-1.28344833602055,2.18029262286316,1.16179084241674
0.424532392263345,-0.15924007108028,0.82196399721538,-0.473919806765315,-1.22117746786217,-0.909041621611092,-0.0965841145674025,1.93223787126102,-0.251065429170667,-2.39186404797784
0.406293236986705,-0.333672048801031,0.808615849752682,-0.572046160721992,-1.07788227415341,0.945883939146422,-1.047081729635,-1.7510067139943,-1.2248409903559,-2.06394446007221
0.135928691540476,0.62604132652962,-0.832304329112669,0.54839819432316,0.870587332208592,1.20025217832705,-1.45610755228319,-1.45766891339999,-1.27468418592846,2.15431382936376
-0.465004227075683,-0.150620594407562,0.575506902544874,0.801438474515101,-1.58230018246181,0.0278346284008817,-0.778767922945743,1.75726917847593,2.48665178466855,-0.31654270699148
0.274259902241831,0.358933687158728,1.0000579802366,0.199921962516676,0.851976400963398,1.24231681812381,-1.91921467291546,0.646017347636293,-0.761895596758191,-2.34527935823749
0.292917368604943,0.272250479911202,0.539777865624908,0.850080306779871,-1.11395758407301,1.00962598302575,1.95872199634527,0.182705455512776,2.54368776112153,-0.0776086440121894
-0.267955292795397,0.436471723025185,-0.874502545307483,0.219963321762128,0.35449813810808,1.44667222502852,1.55774815195478,-1.26185493849421,1.91539246984751,-1.5855012109157
0.423113085865862,0.238307714018131,-0.913675037549708,-0.546871644950789,-0.834855212450636,1.18889315541671,-1.22137836176928,1.53495653426064,0.606267227114455,2.41063766229692
-0.317143992918732,-0.431946861965777,0.795490136902933,-0.607273111940842,-1.41547243233614,0.222604973545134,-0.196911359319523,-2.06721221659201,-0.324265639124293,2.54964129329257
0.375761915915001,-0.323562519694343,-0.891372101299152,-0.270559806439818,1.30892910755014,-0.647876616342762,-1.69971927878069,-1.05064689441619,2.45193309830525,0.351869489481175
-0.354198578369192,-0.447756538792855,0.616306918441394,0.729188981443016,0.552475351364862,1.39006752863998,-1.73770610163627,0.960325108926294,1.7671650909015,1.7304954424913
-0.255564544027063,-0.433472939674625,0.259007978812112,0.927096313764517,-1.10155732988118,-0.962259877024627,0.717873798873245,1.86141229761664,-1.04822515557617,-2.33437183042449
-0.517823959129853,0.100874709108305,-1.04974099616237,0.0682748981734113,-1.52688284745566,0.317252459123009,-0.540325414745074,-1.93098131753662,-1.35789890541402,2.13078312982762
0.409601592597621,0.0965846688636061,-0.392226537545257,-0.899331622530823,-0.0487311669349701,-1.47019707571568,-1.21435564975255,-1.58230408898633,1.48611299414402,-2.07384387377859
0.542349740994346,-0.0185436525848628,-0.746930351163325,-0.595039427126944,1.50860197829322,0.499228013153504,1.91110124159965,-0.549229161867228,-2.24443999361634,1.0862726517359
-0.537171184060697,0.158793331961622,0.910388010609949,0.401269718582349,-0.813595842433635,-1.2380476999245,-2.03551678051527,0.148988429840227,-0.767414483505975,-2.34413885598615
-0.464850128985695,-0.147106162810915,0.694280658773268,0.790651515011508,-1.42424122508986,0.393078917956192,0.311947049647293,2.03420523575271,-1.46561936848433,2.08278910497374
0.304529464676249,-0.421755331161223,0.281245272676706,1.02226376956264,1.23404525900429,-0.956815426509068,-1.95158988393923,0.0676063142249858,2.23388842747256,1.29136981911891
-0.286575974227098,0.485525874110379,0.115925696105689,-0.949108341008804,-1.59726708989033,-0.16018568933898,-0.25747412808533,2.00687738699648,1.54851076317942,1.93317722240575
0.251285879447014,0.418021221578934,0.499268826598938,-0.861451855626244,-0.00493661187273934,1.47437930162329,1.84861847670513,-0.728337185760087,2.48596882334414,0.104540689878606
0.255308259724053,0.452013019449365,-0.997445418587415,0.0643954549484047,1.37693561975329,0.831935494783525,1.78288627766581,0.923336749763384,-1.13082034152105,2.12532177944543
-0.490389583895623,-0.33126919466677,0.675872013854828,-0.772476374088282,-1.34906433790833,0.611325859787368,1.93219809832533,-0.0569326175787416,0.603532143781363,-2.4317227827845
0.105744195820362,-0.422915569487666,-0.556472210958743,0.836774191935356,1.49703716422399,-0.384309576485768,-1.67212373204385,-1.11158859411802,2.39732948845995,-0.695511143176931
0.359831453711403,0.331480115463062,0.143175863199179,0.986240689871081,0.805641258686925,-1.21404831206025,1.98198502375187,-0.0609288673847765,-1.69880535401652,1.72106190829787
0.455396296227698,0.258482794332903,-0.839026637573885,0.40380079874339,-1.30854952582836,0.681275557746477,0.621979735722682,-1.90168214495589,0.810367047094343,2.32079981226393
0.461260451991557,-0.336677369290014,1.01830176479274,0.208070972820046,1.45570522755279,-0.334087778613367,1.47887074466112,-1.2282714541555,-1.53908628188329,2.00084602277852
0.480345774249563,0.167933904005323,-0.310104283357836,1.01714062615445,0.970666213776047,1.13597343588467,0.274803923544581,-1.99512569843998,-0.673377893689662,-2.46745508984392
0.0273218475835514,0.462298926355346,0.829819763214279,-0.499395667134677,-1.29738161219892,0.629849901019217,-1.94426542018266,-0.432212499565035,1.95858093866226,1.56796835472324
-0.370476016129554,0.366038753676725,0.368843306258217,-0.947178982052668,1.14554750424897,0.998199443183135,1.18521471293949,-1.47970246192979,1.97331663676851,1.49269459685071
0.423176744270685,0.179257002055483,-1.07343436509817,-0.115929205569637,0.356452318734103,-1.36865831756547,0.722886790900892,-1.83600237985456,-2.44655572568302,0.181872334504564
0.494038694886174,0.011440042929829,-0.621566776674746,-0.817115523239224,-1.44622789253897,-0.556303919082625,1.41914750097345,1.38736337742226,1.14630242166782,2.24161590972587
-0.232823767377026,0.439583153956079,0.820324723368592,0.576976116872841,1.30600445802578,0.792008967260152,-1.21756723547454,-1.63579935677718,2.16803188161275,-0.87921866606215
0.0567190704831148,-0.426768761875096,0.10309310079718,-1.04151742140338,-0.932148049388195,-1.05640633878004,-0.346410252237176,1.93388006818617,2.50327550241289,0.190912105714112
0.537242751629065,0.271485368767502,0.388270723199816,0.886115214189136,-0.31173816381449,-1.52811326905084,1.83704949074685,-0.765976107839549,-2.3223114968106,0.861676885236808
0.441753920594413,-0.340443680595527,-0.857974193931486,-0.474895477991809,-0.88715232858822,1.16162217622046,0.758978639750381,1.8316455550273,2.33505348255718,0.632882581272901
-0.519078367851525,0.0380021892506511,-0.814918305523372,-0.59594999919521,-0.757291754810572,-1.26986619434785,-0.107177634723408,-2.00229469320925,1.27291226014209,-2.11663779879113
0.51728694703456,0.0323736812202124,-0.861136855426295,-0.548934981827184,0.214314044385914,-1.4628908297922,-2.05728767293942,-0.135991596768109,-0.456121376762592,2.4180898518809
0.555591700086217,0.14541024495654,-0.0585505164504889,1.01054146426071,0.89999012556125,-1.19649676235425,1.6693333541031,1.10253210504923,0.919957420847674,2.32328267924086
-0.155157204414512,0.434906410054841,-0.790602712447001,0.518190197355933,-0.146627533651715,-1.42387115582487,-1.3615465096998,1.44518638894404,2.39157190416416,-0.675070214991836
-0.293477344719704,0.372081940230083,-0.349358384836678,-0.981828170025066,1.47998894772332,0.0612193313617934,-0.543910722865064,1.95650565739976,-2.21112063866023,1.11379483426277
-0.155082607208744,-0.50780764684041,0.815358452450172,0.589656365170088,0.35997651670505,-1.43218908550318,-0.859248449965966,-1.82183760839037,1.5242302764031,-1.88497424466238
-0.234254793057876,0.463192680049914,0.935978883354674,0.480844597008527,1.10667974127896,1.08535492717329,-1.38415807006525,1.4446262874499,-1.78902381432773,-1.70136189786724
0.142798325401976,-0.510739000895673,0.985576732859502,-0.0759404210448786,-1.04127887232667,1.12232082683052,-0.494275808445478,1.8829902336464,2.49806098488531,0.44028588052239
0.352081917659622,-0.438541671599795,-0.66658931717527,0.726512842168971,-1.20735626363711,0.749636216544486,0.697279281363535,1.83055653845208,1.01625074938583,2.32980649472506
-0.482746213688514,0.0844374033408038,0.162816921150591,0.932083207022129,-1.44151946413294,0.55975809321833,1.90833984943547,0.63655824667438,-2.37052214659595,1.04603851430873
-0.523715016216265,0.116459497477332,0.186656707523163,1.05519493661953,-0.630794506850845,1.42900520055212,-1.63142927205224,1.15319615715449,0.898885865872291,2.3695372442118
0.0753687382448081,0.488591695447904,-0.467135436232281,-0.795185338664072,-0.167095216712542,1.49137772461486,1.93711483795307,-0.327347190241456,-2.07635091310047,1.44547324481096
0.535270645686831,0.180789947296474,-0.887013346310093,0.336746874780217,1.54092642556584,0.0282193559353107,2.01216084836064,-0.4721897143691,1.6706863069186,1.96376642089189
0.331776996562288,-0.387696697821254,0.788353624074689,0.579739313429064,-1.45350239832926,0.00514575344958506,1.7535152668977,0.978878759834708,-1.01379170755345,2.34036920277554
-0.326814796693137,0.406804550675106,-0.214359997558736,1.02519496686689,0.608243922336478,1.41533967436456,1.99085804175925,-0.388047919865259,0.874953839245698,2.38902131253822
-0.127888112429899,0.430929831051862,-0.883917244463701,-0.560248653727587,-1.19238501185433,0.807670632368301,1.17108332820265,1.53521693516181,1.55159730371346,-1.97524353056942
0.503299133299612,-0.00351493810590169,-0.187088356418414,0.964665505036156,-0.0554962222071649,-1.46715411747219,-1.37175987322908,1.561263839028,-1.16089469010537,-2.30338211541667
0.368448359386379,-0.321722702437705,0.0172033818704485,-1.08962251112064,-0.965671583481356,-1.11783440966439,1.72473480699494,1.05077844377948,0.651229809351784,2.38366818570203
0.502640702231932,-0.000837480926604683,-0.647483746962385,-0.781717165665543,0.0593018665621981,-1.48972354757616,-1.4972820271778,-1.40839799369629,-1.65019504304696,-1.97525041914165
0.413709222327477,-0.199898058749963,0.865454060392529,-0.413206048026046,-0.96559399569109,-1.10891599761234,-1.93308202113034,-0.370245677499928,1.16836254854976,2.23596284767588
0.0107762863865563,0.548446753365915,-0.708061628933383,-0.504379753974799,1.39880160178231,-0.377800167096774,-1.87390349248345,-0.767850832699622,2.24221168467311,1.16076953802835
-0.225260188461777,0.466682421062539,-0.566161528367756,-0.873494908878011,-0.117915592099031,-1.4810150759602,1.77101652784073,-1.08410009665047,0.277515261208897,-2.4638129993492
0.275391462133118,-0.419144468467229,0.840429480381999,0.507202644945011,-0.10723217865447,1.46738606567546,0.414213203954997,-2.04352795377821,-2.12851994840454,1.32989207740697
0.188994432171791,-0.407065364409172,0.878399863436654,0.512999413086703,-0.681825497580933,1.28187898146497,-1.25641371773932,-1.53402219130195,1.87835878211538,-1.77874931962442
0.0348873718764492,-0.448712213838957,0.2023699063904,1.01367862776491,-0.545393801378779,1.34325976884251,1.88173042603963,0.260075949541607,-1.56791437790875,-1.94070859582539
-0.249495196083802,0.428731383151658,1.02153078941493,0.297525262216135,-0.0910995303982077,-1.42660631294773,-1.07781127146945,-1.66744422110541,1.70426881950687,-1.74414951054108
-0.403216907920933,0.418693717422048,0.911756519346671,0.151714374523094,-1.22468516931459,0.930758346160385,1.31794128112284,-1.57472692569538,-1.57889847639282,1.90943504909078
0.307060848458843,0.436267211396514,0.0243682694379192,-1.07754595118203,-1.53709148362247,0.0917648698335504,-2.10409649004494,0.0924587400915276,2.49443736476753,0.897788743525983
0.319154781995806,0.38835002587035,-0.825570219517619,-0.621388701586862,1.40041314948811,0.296069551566275,-1.25851748552236,-1.58418667772127,-2.4699456024444,0.228536823346567
0.0808513896486851,-0.533424794111738,-0.375986737783737,0.912853487821026,1.32301126941202,0.682672639985805,-0.0270951948920627,1.93559852968346,-1.96461887446786,-1.62612047533575
0.296447095395299,0.272971933351008,0.8955281273881,-0.569283372471108,1.36412283500177,-0.729952947190386,-1.95423204485402,0.635711529324287,2.48342430233614,-0.0706275410573461
-0.401999937463694,-0.285432764972722,-0.908867341074785,-0.518335726784623,-0.951894462806323,-1.24985362971669,-1.30182325235169,-1.55843132109117,0.307702658609582,-2.47036828157104
-0.043104362422979,-0.494889443870866,0.236488177416134,0.993773103939481,0.514486367131306,1.41653789595479,1.99730354021423,-0.349003979368839,-2.01951804919247,1.54828201129504
0.175204569047072,0.472564019896336,-1.01984749165033,0.317550887028154,-0.394815841226471,-1.41656130331381,-0.266341104606353,-1.96254457478919,-2.45330053328073,0.536351662807879
0.407058162185259,-0.243164282498424,-0.123951067765765,0.953861227386114,-0.0699907665951943,1.42927010134419,-1.9632931575088,0.405918918984861,1.02008002063145,2.29820138937003
0.374478439507365,-0.250122146694009,-0.948498977188853,0.161877520398907,-1.46585964152419,0.153795992012006,-1.64811665772736,-1.18942498822213,-2.26827902567271,0.945848331592328
-0.441923120391276,0.363866218236686,-0.713808061973548,0.623558825401263,1.49392526229873,0.47194675219565,-1.90748342769384,0.719239709726992,-2.39180790356068,-0.692644145113917
-0.32872126180438,-0.423214714994271,0.531974348645075,0.83419338853452,0.633648670169986,-1.24241545884033,1.90568918145555,-0.57459648612153,-0.170855490564566,-2.57427442732405
0.128256429826734,0.441284186361007,-0.0532136069918974,-1.00716487456161,0.0215446212588265,1.3963172038002,1.62357794656535,1.2371316387713,0.667208488396594,-2.36647860554728
-0.198779207092007,-0.508273352466586,-0.253666047801729,0.953617618869134,-0.0213347894798938,1.49933192142224,-1.90984856777176,-0.16017121525733,0.0408583627594584,-2.50199110858577
-0.411011876009548,0.232846654589669,0.642672207536969,0.594545427750418,1.30084600656704,-0.692946960300776,0.210784216289305,-1.95309006053922,1.59513365814982,-1.96292466684492
-0.29571545105372,-0.435686375070129,0.891419967542035,0.578660397249364,0.867353222720296,-1.20337855947139,-1.05452939376749,-1.58405196512713,-0.802679804284052,-2.32767191637904
0.278740290883923,-0.480045716561003,-0.0107260419826177,0.91417374566857,1.41182499081098,-0.547748337312796,1.68421515857678,1.17720045734841,-0.427386268640992,2.47172840934913
-0.127625691228121,0.518518387775095,0.735371565315064,-0.597370937555594,1.03914025852786,-1.2781095384357,1.508727837145,1.32878615825166,0.126366919835351,-2.48407657432363
0.494782831390496,0.210343708793564,-0.145893540634041,-0.955854579136928,-0.739779937426789,-1.3051662170821,-1.5390221189187,1.1398910725445,2.36559795900487,-0.828463047676831
0.283881353035157,0.461805611566153,0.736547683874839,0.680844944366552,-1.54900262044902,-0.0577641380723034,0.537971414649873,-2.00800940200923,0.622764042213832,2.4690974702626
0.412827847411096,-0.143196575758767,0.471527142091261,0.847002914550111,-0.335384224522802,1.45335314259047,1.9264706036998,-0.0394164800982227,1.62350214225642,1.94913345617071
0.381672437129587,0.350514491451711,-0.0900708963730754,-1.0283920715808,-0.693734797516658,1.38935694870824,-1.88911351553486,0.635571524354776,1.37989500706745,2.05815700913328
0.334781699053412,0.384283121135463,-1.0074670773508,-0.350962527187081,0.226950281778896,1.44837754810781,1.85669372863195,-0.537998924359446,2.15782978600691,1.4174171129251
0.187316812755869,-0.461856798619828,-0.376989324777599,-0.848143573592812,1.02901429534042,-1.10658792227957,-0.728608443700759,-1.84456366462312,-0.195342532177829,-2.52702503309923
-0.09681468917296,-0.506854115248847,-0.783032463311585,0.572848034269492,1.47324940206192,0.165190892549383,1.9447447311156,-0.120214971777846,2.1283187139081,1.24767119885955
-0.552392658260766,0.12665720113988,0.930629806529623,-0.147215366147649,-1.31246793577658,-0.572440520527054,-0.185830322205813,-2.018887433177,-1.64128972930688,-1.85181373346182
-0.402787396494801,-0.157414016945845,-0.137987287088417,0.998837000607994,-1.51280065861555,-0.219417944212816,0.268818133765823,-1.94549788684724,1.94112955961837,1.63488733008093
0.0579993564469512,0.475082587380411,0.297124244622347,-1.0150773925965,-1.36025109103912,0.306258678757519,-1.77174815721107,0.691155046283362,1.32240769571206,2.19075577015681
-0.437027951983631,-0.192346704153742,0.655137833464909,-0.650640004947127,-0.593179341875711,-1.37240727080868,0.558466298881763,-2.02227445618188,-2.45126477133038,0.034561407633839
-0.148455420324461,-0.48077472080886,0.627275790986631,0.791904326703427,-1.38092767151575,0.621197709003972,1.58885046894679,1.15988591078355,1.07316367085008,2.22972254137162
0.429079295035055,-0.233027240782295,1.0198016450204,-0.0868646260372105,1.43763856803875,0.0511777800038902,1.28360722215244,1.53591960204753,0.478872760229977,-2.435571876828
-0.344090034788156,-0.384956052437902,0.358177194334403,1.0355654827989,-1.18242066033468,0.883792092582831,-0.836988423173521,-1.87176516726456,1.86086517028939,-1.60380582842247
-0.301514523644352,0.420022367680962,0.326112685687986,-0.884678350825023,-0.237358443052154,1.47899775049378,-2.07516567956123,-0.337503508616626,1.49353858164768,1.92644775538543
0.510367523222858,0.108689587019189,-0.315112814551866,0.997213037436209,-0.857675713815842,-1.16754967497284,-1.87115182992914,0.636149412732521,-0.816769824108665,-2.45060382038382
0.0414804816438029,-0.505991554267375,0.976812434684734,0.130618549080623,-0.446211222044344,-1.41454526678731,0.810961949008201,-1.80159427102057,2.53167398895867,-0.115849666282186
-0.471872252714245,-0.227478712081779,-0.663553639370051,0.731118382594392,0.73550347306413,-1.28886645675784,-1.18907676796557,-1.63957447581647,0.819670162761921,2.33176438617065
0.444977882962876,0.0593299211991621,-0.58725719898743,-0.756315631682023,0.614041538669783,1.45245537143619,1.26225461049508,-1.50775652542287,-2.14877337288879,1.3752758862298
0.453884768712366,-0.256577521043614,-0.79895932188241,-0.67692597198114,-0.91689757353466,-1.12763074315225,1.01133659804349,-1.70833087296737,-2.37224052048256,0.884946567064018
0.444311889826582,-0.232325363206441,0.116007928773052,1.02257006606218,1.36661431695883,-0.574455119944311,-0.295406695028545,1.95816180608554,2.37260025918467,0.556720756230197
0.0565223160296176,0.528936681637944,0.988788235752277,-0.44183801724688,-1.58702695987679,-0.0153564184893254,-0.957942889352356,1.68654216751978,2.13992658966888,-1.05653888389909
0.312640017131546,-0.347464929475954,0.0523659209207861,-1.05919282435458,0.781982830140391,1.28327757987274,0.056520691903292,1.94557765086629,-0.382342678589567,2.50474953268547
-0.406556417020372,0.26790329316702,0.803989757791974,0.597944371355257,0.972143216778118,-1.2876317946051,0.44964093749603,1.92771383726292,-2.45791518848512,-0.52086519798572
-0.177703667989566,-0.37840401226092,-0.672171207576935,-0.687105867768748,0.9049628962339,-1.20463989490724,-2.02296675002302,0.208341123782481,2.2964925613791,0.864617944268279
-0.452223864193478,0.196079078681169,0.800307476825705,-0.603700232787468,1.44002747033075,-0.403647582370879,0.297584368595991,2.00505910402698,-0.331649680109349,2.52408346640951
-0.525694374887823,0.000681368852298234,-0.949547627081166,-0.0786405132819276,1.18506364669575,0.863745108452518,-2.02542560202508,0.47029702054001,-0.0497357379672005,-2.4199609667774
-0.480475842411667,0.222401175131022,-0.211541411912845,-0.967268132486149,1.32994943735529,-0.79374052452816,-1.72447859400268,-1.10281060025845,2.17112065189484,-1.07323836148896
0.35156155904586,0.340807096950626,0.362294461577279,0.993960511628124,-0.143644315235798,1.49657605005098,-1.44160307761528,1.42524688781356,2.11924962794599,1.39316999575568
0.296957184563491,0.309339224835768,-0.51764771800752,0.969282664514029,-0.658787755759337,-1.30165718767119,0.146053477033127,-2.05911959268773,-1.3105505414177,2.03887339767096
0.420622405239396,-0.218577968845339,0.478279089317348,0.821660161063599,-0.901255940169468,1.11933203430551,-1.65136640995767,-1.15949868393518,0.769870701703685,2.40709549564773
0.434569354120692,-0.20919118369979,-0.998620345567105,0.0250985741920594,-1.44183079086102,0.575064833470715,-0.338466397999194,-1.9349175266996,-0.011954343536786,2.49429574450945
-0.138208121937265,-0.569886688861678,-0.391720523332889,0.816870340497946,1.097806363462,-0.893025234656156,-0.49607380416849,1.93373518550251,1.86253241255167,1.62105456443346
-0.399130719325109,-0.394782251688821,-0.428113454566598,0.891499507042453,-0.158721257871556,-1.51478488847073,1.24610837103447,-1.52110390451632,1.99594265541617,1.49147921566567
-0.284031194865559,0.411331558203362,0.463099446413186,0.847089569537665,-1.42643516583934,-0.488041362049679,1.90038517751272,0.732296180381702,2.44533183437149,0.409663577818582
0.416604344788688,-0.110360931626604,0.950993957585615,-0.40172473104814,0.871436887082924,1.24923577632598,-0.69505696110552,1.89120060093333,2.39104731794061,0.364361768626529
0.37014060219968,-0.319637070442155,0.964417792642307,0.30234475013437,-1.00464836282577,1.08445838482613,-1.24793325979577,-1.6172395047973,2.3251038325107,0.90328755681068
0.267699195669873,-0.419082061940219,-0.216792322774729,0.946065059639651,-1.31758440670435,0.566130143948488,1.91897246579325,-0.198004268400129,-2.44437802435161,-0.147559626506618
0.364965140248787,-0.388199120333478,0.350618028526476,-1.00430777506718,-1.46636353874321,0.341932192503616,0.00414553461628815,2.0429780421605,2.42148325106588,-0.639009704488837
0.444289877056375,-0.256415579362236,-0.304451822697501,-0.998129235266045,-0.900073564792158,-1.29681914747095,0.878396736113204,-1.81719792511348,0.505478635905466,2.45864564421197
-0.0588038790890054,-0.609549843554013,-0.964265438095499,0.283977552068667,0.0543640488493518,1.48471472721071,1.96342811840221,0.412516507007974,2.18604384837822,1.28418859468687
0.516188027195714,-0.101381999457834,0.433791547601721,-0.808583713741504,0.279199907234585,-1.43218870791894,0.065496019923522,1.9768559564949,0.447791334020516,-2.41410043529599
0.514046760910605,0.145129178174846,0.938175010347218,-0.291641930111895,-0.324545373255055,1.38397211369983,0.0517007023710336,2.01963686230303,0.936345314613501,-2.36863321089244
-0.407493825665787,0.315625687644234,-0.106334458722439,0.983921157377731,0.0712349867622844,1.50391215235309,0.64445702107964,1.958188369901,1.89173676115964,-1.6811574080744
-0.0386740631944373,-0.404224935500343,-0.046765376985476,-1.00042230209303,0.488041830130846,-1.46167640740429,0.859065654990483,1.90638285840905,1.98605240564984,-1.56045228707735
0.427440075578771,0.12011647368987,0.280311383153855,-0.911099453802865,1.20413425928734,-0.866269389299096,-1.32213438516133,1.35206754806237,1.15998754724399,2.20128891300324
-0.439230712774888,-0.295835239749358,0.304619038140654,-0.941149086246187,-0.0791902145702946,1.53039135490431,-0.663773104929744,1.87614063728734,0.558986724357298,2.34638480322886
0.372887631927225,0.381758100971192,0.297665730230513,-0.954206126579598,0.104396325383467,-1.502112312734,-1.71772488052157,-0.984700964456792,0.785888237141673,-2.33719281054307
0.214101867403038,0.399250147719796,-1.01883571615384,0.0114644283672631,1.22101877007381,0.86918731211702,1.17733916979846,-1.58999234659227,-2.45245742861683,0.0696349982923616
0.51931833535904,-0.0638898577672803,-0.672481394931469,0.679901045024923,0.0974238299701733,1.49598283991849,-1.85761653158533,-0.952647958321004,2.26224351121644,-1.02219186469947
0.441441098580707,-0.256632800533264,0.490171364363271,-0.816464889113167,0.209095820472991,-1.50748933209278,0.0714440743252618,1.95720654304725,-2.18105235618862,-1.29078559051921
0.3027323908076,-0.361927265807375,1.02742730132347,0.143690101606493,1.54255241248482,0.409628657260119,-1.976452795817,0.370056435437513,-2.43849224043518,-0.040520755246019
-0.311579953219363,-0.306114760955485,0.584554736360846,0.788869074744871,1.34884865236935,0.49744431196697,-1.73892774899384,1.09090860636243,-2.44882036388314,-0.643887237547497
-0.21771111872144,0.462048572301856,0.65093265988508,-0.841712485754385,1.40658537953488,0.289913944807766,-1.60408892038168,-1.17562473281551,-0.393697219982911,-2.45777707322237
-0.132998186038627,0.483512660663814,0.378386079412805,0.897049900773993,0.347576727483303,-1.36438139806685,1.46377860229222,-1.34076107210481,1.79970783430619,-1.64064698639367
0.392370957427488,-0.303661901422557,-0.907690293568455,0.360982259672785,-0.316910326171476,1.35900441206925,-1.33039025094186,1.49132411686471,-0.38467935272446,2.49971335066392
0.267663716418071,0.341330879253606,-0.427687029527955,0.953516101430382,-1.3464981504238,-0.765156977913414,0.961926525036431,-1.79270185682929,-0.591797543519437,-2.43924966427847
0.138018768604148,0.507872824785963,-0.0108482219696057,1.00575514387425,1.49955743279603,-0.347478988241814,-0.414279879496624,1.95096496797158,-0.805941418194032,2.27141300795879
-0.225779032025312,0.408891034166128,-0.842635709288175,-0.56250298458607,1.37676616931039,-0.550815572256366,-2.03488648789672,-0.545180528480553,2.20581544106861,1.026283162799
-0.0516760958135767,-0.483746731750643,0.493872517346085,0.986544322534025,1.16728894312591,-0.961182951704499,1.71868644420623,0.907481426951394,0.522871456798134,-2.47593794614396
-0.495568023124759,-0.125724470178436,-0.252552377738319,0.920807512851944,-1.06532967711408,0.884163683168293,-1.99835853179739,-0.229540374039521,-0.256258998982794,-2.56231924491132
-0.470387475339831,0.00803108178734858,0.775493792391655,-0.77927132539771,1.40682926690976,0.464251256080202,-0.189320297542929,-2.04199484123218,2.52875398769388,-0.164395264273786
-0.48369876835068,-0.0835163591900466,-0.287159896328821,-0.908081203421781,-0.165954119563553,-1.44145497014216,-1.83019934655563,0.83480530129427,1.73827949798526,-1.88840578287526
-0.305360060198443,0.324046442949065,-0.517861024787086,-0.774884628624521,1.19376458971246,-0.95327688860725,0.912051829816899,-1.74634008240249,-2.46067707114721,0.267821332008226
0.268629467948895,0.506608093905421,0.788821819290787,-0.636652161415418,-1.03732593258608,-1.11286413039294,-0.716057807780941,-1.91379661776647,0.431889633717394,-2.50738989389297
-0.421905861894078,-0.276300175059872,-0.71197150613845,-0.710226136881877,0.278801765755229,1.45151030199523,0.548168163277541,-1.93571462689477,1.0020620389982,-2.20048421472075
0.0270889949117484,0.462706586356563,0.990584471352135,0.118301691259589,-0.995974942952041,-1.24507971497568,0.298232129291566,1.97608945663905,2.14474569056169,-1.23754263748967
0.503808169860429,0.380952860107424,-0.946328433374247,-0.301153695136825,-0.648671992450152,1.27088917721929,0.180505220485952,1.97262659513038,-1.70844491362815,-1.73880300294868
0.334715158161593,-0.320915803867768,0.996263901319016,-0.0733859262346424,-0.0308624358848228,-1.43924802096359,-0.761335356506704,-1.89518815833424,-1.8650209555466,-1.74668790361362
0.39397689696981,0.391139326820329,-0.870040250284291,-0.396694350608983,-0.132006328174925,1.50381769482873,2.02256874632438,-0.180007447441978,-0.367230328347849,2.47050152456668
0.0254384032840792,0.499106290434092,0.512961784257278,0.929284233256358,1.09110782412569,0.974885478011814,-0.741455305244363,1.68321322160835,2.45432084230023,-0.129174427726826
0.0350514548653238,0.430391025225493,0.586794198073932,-0.826558649232623,0.926936614320831,1.22849845800226,0.446548423721746,-1.88885500917557,2.4058686777006,0.613754180339381
0.509002855126898,0.182136543648615,0.431410461924779,-0.899450580727002,0.263093995032584,-1.41385025058685,-0.737132615843301,-1.88481261537879,0.67705711426553,-2.46627125708801
-0.330583801163326,0.344210762133177,0.901657815044887,-0.339013879840153,0.371911363538268,-1.49688701206636,-2.00121254103349,0.0977669163712252,1.78357546658913,1.67268850810482
0.0181446348885782,-0.454186530799415,0.801546341573793,-0.490633491535213,-0.782208233109085,-1.19762878430772,1.60970593996512,-1.31810961549221,2.48621836623534,-0.124359732336593
0.212494525188526,-0.360942932657661,0.676998248437916,0.760556140870482,-0.54980358425415,1.49841954659473,1.89351972612195,0.595201267518429,2.46010674590974,0.273500754972762
-0.210827071394388,0.488890656016224,-0.49559989017975,-0.868639885886783,-0.784484217216023,-1.21193650796696,1.76688380709031,0.982214476449316,-1.96731883610285,1.42437664801108
-0.252638884355074,0.367459788670992,-0.333815191853366,-0.981486436673889,0.436028179975344,-1.49251215040153,-1.31280824581193,1.43528758599902,-0.929541167642872,-2.31246069622997
-0.131872441991502,0.523312801424633,-0.893735152702002,-0.4745204425575,-0.886452264340214,-1.19244959664203,-1.64530006674141,1.17380930819635,2.41396702003286,-0.656513681088713
0.0116914272455302,0.442958004732286,-0.997619821903866,-0.342747308457235,-0.95992037046868,1.12596678605346,-0.946695826270919,-1.67443121349574,-2.11099827574021,-1.33347697804152
-0.160505623755092,-0.4740586486854,-0.213166535494388,0.910766383202489,1.36752507821728,0.233804939762052,-0.508009588488535,-1.91282398323649,-0.0455584854076811,2.50109396100647
0.51998624089259,0.231414579739177,0.0268111255933696,-1.07318272325486,1.48099565923021,0.125761572344785,-0.710318884969268,1.86512726107028,-2.36063595533346,0.860018366403364
-0.393717071694927,0.3288059553826,0.476290930618148,0.823350710889621,-1.48828719584918,-0.58478146118894,0.0808840620466977,1.97713695783333,1.18250818579214,-2.21860399607161
0.0778198010673525,0.4081111036403,-0.683357060407413,0.679413378935841,0.945273708967299,1.08409969740282,1.5063065349198,1.39165117505971,-1.02484161148661,2.22214362101166
0.456995051003236,-0.270376224218877,-0.121361755783597,1.04284276020137,-0.808112860994852,-1.2894738075413,-1.45546843962417,-1.22644310822545,-1.56586275178295,1.98358634697169
-0.342918026255797,-0.370646993533471,0.670260355093559,-0.789850372267499,-1.01821119023811,-1.06780008603259,1.17064609542601,-1.66941426166589,-0.761895241193367,-2.40205911303664
0.579596991425942,0.0125900328623666,-0.789054211562036,-0.687812397815471,-1.49175980097941,0.217270015029957,0.33277048437157,-2.03218838273209,-2.48152074271382,0.272928880469874
0.451301310132196,0.296187284014078,-0.950691527998026,-0.334714924535651,-1.28302129379381,0.755483455218881,1.75509788539608,-0.930616810074285,2.4720076423064,0.371141510730589
0.0186594666149449,0.457748202578592,-0.932786364806524,0.253924720504193,1.38099934999721,-0.37020530580532,-1.0461134798333,-1.80967127059438,-0.626081191521189,-2.41404173874737
-0.138074051823874,0.433674017031399,-0.903277105577355,-0.588901610949639,-0.777744476867255,-1.32912293658714,1.72137779891495,-1.10313039006596,-2.34081586665727,1.08140762070928
-0.577672995305509,0.0417895461724821,0.627728564836057,0.806504356075269,1.42498575801791,-0.233647843034419,-1.86160774397713,0.808647008747254,2.41909533816957,-0.806474351192256
0.449348180502835,-0.0563673730382247,0.717355653058017,0.6750268213741,-1.36485263400465,0.523526990478904,-1.94609504811903,-0.626936938843475,1.94177339391605,1.41212140332576
0.276845948704148,-0.421293112263469,0.844566214160292,-0.107985475122944,-0.0491458122167117,1.46148824030499,-0.643653295724008,1.97089177003258,1.4008684894997,-2.16181509520059
0.0364948038757441,0.398666545506519,0.136577157661362,-0.969436260672916,-0.180197623764221,-1.44604933915341,0.191455527391855,-1.97311104696026,0.788403335276448,2.38220288429166
0.247386353599785,0.402541300144275,0.367167394014924,0.851393014893341,1.47999700223892,0.453978394447812,-1.9647844014186,-0.587094628125025,-0.95431427778696,-2.30061588453963
0.220681935337824,0.462713518601537,-0.466648830704492,0.899252530471416,0.714599446101174,1.17404977180709,1.45978491776996,-1.44038046958171,0.601371860952728,2.49187491148407
0.425356057932321,0.0308131681639871,-0.690115389497581,0.756704643893659,1.12887665551945,-0.863175160128953,1.96089013689614,0.169406978030948,1.86557868969698,1.75738368223293
0.123721618082828,0.448405160814086,-0.801880642742695,0.545167099682028,0.25731345653466,-1.46645430789765,1.05855177376595,-1.71786358284337,-2.44915794287462,0.448106593148456
-0.543343527604219,0.111936403850041,0.913416718697966,0.0742622119466661,-1.18489456262581,0.953738072024468,-1.75963236939337,-1.0807480314208,-0.0752369762955847,-2.51695568916124
-0.25794922547118,-0.439079871783312,0.499034647222042,-0.866966412389158,-0.330803007084964,1.47696252079625,1.04054934196672,1.77167070726334,0.756323382151837,-2.34869816203233
0.42575186859071,-0.0134561473800338,0.305572625081087,0.960311165012982,-0.49709158865765,1.42326924456586,-1.87954887968433,0.450147221703645,-1.7353403915741,2.003675549413
0.164703704968069,0.43069942975826,-0.952555364418134,-0.418367415496268,0.290930359134052,1.44573238077774,2.00047612557624,0.344359649376927,-2.19717035994057,-1.19906965892406
-0.549006771636206,-0.250581859769847,0.612215991952389,0.83494413381687,0.0843822035527421,1.48276315555346,-1.88914431872545,-0.51281474524709,-2.35573393535844,0.692762172304857
0.0867703953759915,-0.513820107614233,-0.848234134715985,-0.48451028034985,0.510291979385657,-1.45509309355922,-0.941148190164246,-1.80195087022157,1.60038955316009,-1.98742300584075
0.227117505952602,0.472542453879067,0.121699078187853,-1.08650285351936,-1.247964527632,-0.720028272816846,-1.97629860088276,-0.172427120573452,2.46445472147801,0.586357728483726
0.107012905586763,-0.487255284122845,0.134725871492639,-0.922878868869774,-1.39389227958989,0.400559978291284,1.31782774297607,1.4555117363117,1.98392502267926,1.46250893856954
0.513088046265609,0.0514620889073642,0.836766919308137,-0.575173475575175,-0.0944580255376394,-1.4795939520273,1.14756776630735,1.48908574058498,2.14161249421783,-1.28418272292136
0.509718294455685,0.104600664656823,0.896761788602726,-0.134729690045961,1.4521868197236,0.0814366313479233,-1.92594971228769,0.608162652510221,-1.56784228626666,1.86846296875824
-0.130435775398168,0.574870406014532,-0.949873091790008,-0.508589244874408,0.230154952843151,1.47330020545138,1.50560780718731,-1.40747328265587,-0.224821406073868,-2.55475641840531
-0.127459533656889,0.541913175009946,-0.800275055582855,0.582797280569352,1.25743804735281,-0.721825714284016,-1.74212538000824,0.971204723652091,1.8910226740362,1.69679592313206
0.398274989383465,-0.18979943691119,0.0191212635207078,-1.01545754937488,0.0892626902451918,1.52702315538512,1.30485762030567,-1.57668502015432,2.49164328904993,-0.364457101296144
0.344178443852394,-0.290732074202364,-0.421881802392803,-0.80918590379185,0.823186948141653,1.25435105447291,-0.392920654416341,-1.9841972454896,-1.6135458673422,-1.9310467092107
-0.127573786604689,-0.530684448103094,0.580253584401234,0.801403326594288,0.20527350823566,1.48488669981886,1.30122524519425,1.5599269228666,0.208508747839946,-2.50393116357431
-0.200031425661965,0.423509878511983,0.952154171240884,0.25136977358541,1.11122048590221,-0.988693204543664,1.06008486063016,-1.7511843610663,1.0556084102342,-2.19804498511163
-0.453532884185656,-0.244526410142825,0.510408306652747,-0.853571625307919,-1.52040884537152,0.206869584370293,0.0182436095507655,1.99568020788775,2.51790340010317,-0.819265675488948
0.0789853100910343,0.453388692757705,-0.294729903899686,-0.981664037698851,0.358680043880519,1.4385824685087,0.252235165299278,1.95179451111769,1.58651272187664,1.97011061570429
-0.158673776389199,-0.493347966631509,-0.962267606433755,0.162541683965421,-1.08980872377584,-1.06613212982547,-1.90081032000891,-0.771631916297656,2.03652619644158,1.39158158603145
-0.50412395397633,0.0775967210696888,0.0280866251623295,0.954825213685345,0.945729644301916,1.1235023870231,1.9646080992811,-0.365551190952177,-2.40483626656742,0.767582907867628
0.263283257000618,0.356770438481855,1.0263340646315,-0.0525126314299592,0.529110053011186,-1.48160005520137,-1.3082033565933,-1.42429940593296,-1.62063304361396,1.80620687258996
-0.180877062942961,-0.49481419629916,-0.972641328347488,0.32341287646397,-0.165509851985381,-1.49380181986602,-1.54288867437375,-1.25931647031386,2.24388852939583,1.02089549438075
-0.579511930187673,0.0903750469146816,-0.157935943791624,-0.934113739789277,0.60332825439421,1.33325546889022,0.160334849504715,1.93951046530614,-2.40873696323743,-0.232107699660885
0.192954512677868,0.43651802177616,0.971634261978995,-0.251763543296455,-1.04626239708308,-1.05972562692668,-1.99296097085237,0.245068594334651,2.51065757140125,-0.480086202666486
0.393266418940787,0.0737080089268066,0.987482141360548,0.117808365288168,0.977218993746849,1.13820939733959,0.0639864346306139,-2.05988631301644,-2.3399605343491,-0.664473188062741
0.278750222791625,0.386133123434716,-0.674748577366372,0.692671967759037,-1.31770934967353,0.567442541071097,1.39354415671973,-1.45483008330734,1.0163651120469,2.22585251000095
0.060252690491061,0.518680786256131,-0.787960097312358,0.672101692300445,-0.799239349778299,-1.21704799307163,1.16013160157528,-1.56427709129506,-2.50032902144152,-0.39122353814923
0.288925017669566,0.33683560757716,0.974031420471788,-0.370077348120959,1.41373169731601,0.44422676401232,-1.60204683066767,-1.36444471534563,2.42241824813697,0.507025547226325
-0.3835017644577,0.0375558272190243,-0.88547066470994,0.227321022186609,1.34216355410863,0.626173647003806,-1.2686889889192,1.63838487343017,0.94488017544778,2.30481396964783
-0.286842436955378,0.352115969229967,-0.921812783108357,-0.0205503123580018,-1.04321679909498,1.04101513195867,-1.74562625113687,-1.03752550331247,-1.58854418414371,-1.89831660050282
0.437392854569883,-0.200020477670905,0.890793174053321,-0.326057834820681,0.774524139970126,-1.22868970008501,-1.39286461919307,-1.45949680645573,-0.455436156672148,-2.42327741001214
-0.177674492760489,0.461265030238818,0.980500977377038,-0.0750272121196314,0.847304409849155,-1.18764611465305,-0.595755677762292,-1.85487594220738,2.48892928949149,0.30734722323968
0.0353137828886211,-0.504786165333266,-0.246574182624508,1.02933772565701,0.00145404744442071,-1.46108495589062,1.37191530379265,1.52942542067614,-2.23754809302273,-1.18946252082996
0.265005889367613,-0.500816057219052,-0.726648101848696,0.819355094048807,0.344070476846362,1.52882313906177,-0.320476574352731,-1.9935623440977,0.998886325106889,2.28148562151988
0.357226872610062,0.222402942633601,-0.88115183647445,-0.386417119605226,-0.376866049699595,1.43692353165821,-1.96017694517001,0.0520410821087495,0.889413131027275,2.28719768077473
0.504327377551162,0.202885871900713,0.939960584495291,-0.433355893502163,-1.51427830383766,0.108279331185519,-0.44264388464897,1.9605530201555,2.29316810258188,1.04698851199962
-0.499379946848479,-0.192100829070967,0.770710945499779,-0.624952094185728,-0.565347325305394,1.30394551437291,-1.85304546785609,-0.676111727338077,-0.216191632729309,-2.40984596462504
-0.0214838064846803,-0.505316352366778,-0.419015152279451,-0.860855770932668,-0.104377126122343,1.50996630419575,-2.02133535673092,-0.115783162011991,2.49849772514622,-0.369977349051481
-0.0928647571962504,0.447866841944259,-1.03048218465865,0.0392917731465588,0.487416439011166,-1.47052281801446,1.94557386395979,-0.367363472256914,-2.01709572344536,-1.48936036003104
0.450294653071135,-0.297465755509912,-0.39817008365239,-0.868726756282891,-1.12510403356752,-0.893706241431692,1.27048561288998,-1.54607013245723,-0.647625780046469,2.46022719533862
0.0190488730824271,-0.488262376049765,-0.781075529702899,-0.655414941033008,1.40796672569,0.119060311541558,-1.43390852780872,-1.45508851240564,-2.21452390683409,1.41004540149775
0.249852812337814,0.312923516631308,-0.539409405006244,0.891395638961624,1.51870112358748,0.278595808766909,1.93204287309044,0.0671478600899053,2.39517825946396,0.24871464766613
-0.0881371192264061,-0.409752678475685,0.795490908494983,-0.618013420194532,1.53754000494171,-0.145285873253796,-1.56080341077448,-1.17299642065283,-1.34834668279292,2.19469333657238
0.274894956433543,0.305698485430047,-0.977839311777555,0.0125780929978483,1.30623637163872,-0.784393340293343,-1.64183350286016,-1.22890887316486,-1.6773461283933,1.85591420606888
-0.271685395687143,-0.395082944625969,-0.661589299007077,0.756874790915728,0.63011591201382,-1.37984205996359,-0.0572201616450735,-2.00526476000151,-1.94753332271379,-1.45510303991028
-0.19420253320548,0.451145558715852,-1.03611122446743,0.10741345695734,-1.40425430076644,-0.604742166075204,-1.94202799046168,-0.836172489130828,-1.21554507677609,-2.16535157015087
0.439938066110566,-0.168355103363065,-0.526357209565325,0.802610086630969,1.04914877915581,-1.12673778504693,1.92809057253375,-0.303154434436584,-1.21751667069256,2.23283222425776
0.506661667705082,-0.282464086694914,-0.63606167086136,0.806424279178136,-1.25991462133385,0.702987390643416,-1.04994115549907,-1.73558984831302,-1.79374144128886,1.66463654922807
-0.535496690621451,-0.108752798166589,-0.6157005034263,0.728026300427345,-1.11684439259149,-1.11321558648816,0.0768706807292465,2.01246633661312,1.40122912364193,2.12310902787457
-0.295187511720797,-0.40871343736315,-0.529967867162415,0.851667886545922,1.37992020927888,-0.638000004391799,-0.942703414936649,1.72352100739749,-2.34448021479802,-0.865958500863341
0.156861293000396,-0.540912293341038,1.02829374371759,0.232190585880533,-0.562718673170218,1.27525445938752,0.234020207264338,1.90327582858452,1.4308575143107,1.9303259809564
-0.365539017625958,-0.306418446856716,0.985001987915325,0.0970917382036262,0.997736069227346,1.07273411159033,1.55008732649023,-1.28715978807342,-0.707180512152672,2.4135623894026
-0.34548644871087,-0.297125325722133,0.420387601202658,0.858893034664732,1.10593903312838,-1.14082861327655,1.91250949458669,0.451334070658573,1.11200673626311,-2.19932164380829
-0.435160385708491,-0.262182496855534,-0.979232340385315,0.095748181161686,-1.49287872851081,0.212319445718127,-1.55911736185883,1.34398557557349,2.08310155357904,1.3015535217286
0.379883847775068,0.245191195102549,-0.471744469451371,0.903243586342714,0.20641406736308,-1.50295610305556,-1.10195177074031,1.67150475898874,0.371226546649675,-2.39847653361872
-0.407683992955297,-0.35739025699499,0.670014591699294,0.813402793815909,-0.190413423838395,1.5078341127455,-0.630445665924775,-1.89302722901824,-2.57524799454401,-0.271828633361615
-0.329462053386909,-0.47892198191013,-0.920631618621883,0.41687395508633,-0.551645415412509,1.34264346948956,1.37407690028481,-1.49024600367311,-1.79595423606583,1.75506170033764
-0.0496989342688065,0.552900132457882,0.632985957947468,-0.617341180833825,1.35034091858761,0.788940873503906,-1.36052046893192,1.54710476739893,-1.91002478674088,1.6380338039317
-0.0617086471928774,-0.509909006073297,-0.188720329758196,-1.05023646538793,-1.29478901673068,0.760616017130262,1.43621344241402,1.23680541331224,-2.49237604840874,-0.147982927535375
0.513403140168788,-0.127438550476397,0.796806419246822,-0.585116132216617,-0.39731393829211,1.38004965531198,0.738710580067174,1.80013707074611,-2.22433942473458,1.18258052705426
0.284137064747281,-0.418393752124424,0.55652548834258,0.858499121248433,-0.471787237630198,-1.44755033213611,-1.30772571114822,-1.50807784539578,-1.93577188884518,-1.71041804441042
0.023195838135897,-0.476270091193031,1.0207406496343,-0.313029496123052,0.857464815663566,1.32805778946012,-0.330732538190586,-1.98466291652448,-1.54411468213537,-1.99836163287486
-0.0187007342009189,-0.544154800253655,-0.116280958068175,0.999385834683344,1.3599066341178,0.813950707555602,-0.917394319075534,1.83371970823561,-2.4293772710459,-0.359254500844558
0.233438908627725,0.468666962068374,0.300830218145056,0.952467673914882,-0.266047659420616,1.48050311670522,2.04062251139849,-0.250511250367263,-2.03585112749536,1.40114588089362
0.125205816866737,-0.491335614220763,-1.01253095201308,-0.0849003724219387,-0.465935968607526,1.44631178481365,0.259447752772352,-1.95007905061982,-1.01514887127883,2.27179619571455
0.130757284878709,0.404790638501857,-0.648565735669305,-0.785560890212596,1.46390810073116,0.339209166721097,-1.05713593456562,-1.62826044188833,-0.515205112335252,-2.57021391079491
-0.165795291365754,0.439508607979008,1.00843086541841,0.343655611725383,1.27741194236656,-0.679432097634872,-1.88029587929527,-0.881676361712601,-2.16826024012796,1.16213025575591
-0.105107037747856,0.510062072121872,-0.112100017320048,-1.0268060735407,1.31091573678974,-0.552131255529641,-1.76193680354821,-1.0210713850407,2.39078682807299,0.823582389832025
-0.413442186159398,0.340719693003776,-0.662961136899387,-0.623293338593336,0.736101150334811,-1.28978782954999,0.230922908452441,2.04684960586109,-2.47216393172606,0.431710788775044
0.194876788537474,0.360623882847292,0.675532020759502,-0.805044440402867,0.254098993355968,1.45750760450924,-0.459706336279767,1.93836420669971,0.936791310097239,2.30865621452494
0.349763949438469,0.278934030905176,-0.819981120685848,0.433597077954367,0.520831075580887,-1.371482828704,1.59888608345155,1.22302521673657,0.0199377640510573,2.50536680986834
0.0559124365077122,0.525536438933928,-0.426961177708027,0.755888728339561,-1.39484697037566,-0.496247417417011,1.73966263325031,-0.85140863403492,2.26649725154227,0.95046827550446
0.241820387174883,0.469507377829455,-0.599546287551891,0.744259491838884,-0.623809818388218,1.33649219132732,-0.994647031595474,1.77646427814296,-1.37006055203922,2.24622773568712
-0.02856252235552,0.528355392178027,-0.852764738104186,0.312842726439609,-1.56952356660025,0.306229954686786,-1.635771808406,1.17823500976332,1.99739293632569,1.43320590587782
0.392785379541232,0.353676395302139,-0.913564551092651,0.376865039353469,-0.114088182099601,-1.56546252346383,-1.18740841553948,-1.68444160813621,-1.27270151649261,-2.04303396751547
-0.423298650349641,0.116275105825435,0.945150672434544,0.368871296505802,1.39483772884331,0.602093850798612,-2.0409267843316,-0.437729996152592,-2.53116689448202,0.553384960929502
-0.126545045249376,-0.471300648100285,-0.918371589468297,-0.157380837601317,0.0761781748534486,1.5709404006611,1.97746959679195,-0.158178526488287,-1.5065982427018,-2.0053564271172
-0.431504491021788,0.05057244435793,-0.852505034025715,-0.587595560591113,-0.519817153465264,-1.43627203347837,-1.56538037029599,1.25345873565872,2.44758876652506,-0.393983806877757
-0.449922343203543,0.144754420640801,0.728498747971738,0.657973593836272,-0.429607627115284,-1.44364729067925,1.82566029522986,0.805540544246316,-2.15880941998111,-1.4473964118199
0.440717157895525,0.402768051410461,1.02689811225268,0.16192431538454,0.569416224648345,1.36222645365581,-0.871103481884067,-1.77584174599849,2.52036831817108,-0.410188604296714
-0.144950533063984,0.374013690846153,-0.196944326323057,1.03154401949362,-0.476640735208203,-1.41750419451955,-1.9231902107476,0.677474677004922,2.34737163320731,-0.659117038425274
-0.352442934212538,-0.417534671253581,0.911183406854116,-0.277398934304176,-0.758909099142492,1.25081791542869,-1.96615691680478,-0.356203711828403,0.958626452965624,2.29122402541076
0.432141802248915,-0.0959214318635355,0.331626712738118,0.983581915420496,0.885010396370483,-1.20604503622315,-0.683848474609198,-1.97895734403207,-2.54981563393979,-0.0970203179811454
-0.598134375021917,0.160539306783313,-0.685293656918577,0.726332274649377,1.39502355438769,-0.458142226423632,-1.8129327484608,-0.834144703260225,0.503811689289269,2.47867340571749
-0.466674282041285,-0.0484683889554295,0.943945326889645,0.0189786256536754,0.565144805090184,1.4436319664934,1.18939625878512,-1.71089513430087,-1.15515161520412,2.21932340763721
0.252466186110067,-0.390232530937947,1.01172638618761,-0.477764523406039,1.14537619404864,0.78100666796464,-1.69689271105419,0.886041818606005,2.07537513603324,-1.45734863168608
0.444004559407343,0.174991452359446,-0.813573775138957,-0.55008285437673,-0.647045921624753,1.45320401554304,-1.72880610889258,-1.02614643508323,2.27176024245675,-0.930350185707714
0.343469352486221,-0.358776089696402,-0.769207520759965,-0.55868819289834,1.23731180564974,-0.743488440143153,-1.51114380200342,1.41119766776768,-0.306393075938319,-2.34875648875497
0.34127495449024,0.401473216985883,0.414735007884946,-0.879762741484003,0.477341777327093,1.36577723547096,-1.42326573416319,-1.44386837112093,-2.29197085937701,-1.22162694235231
-0.0248420697631564,0.467605069112015,-0.547222057957821,0.863617513687813,-1.06605883298789,-1.09436314082719,1.99954691789385,0.357563687719232,1.01623652428706,-2.26227530207705
0.337449900159506,-0.414259718340701,-0.109194004632358,1.02340307263594,-0.489591086369477,-1.39946912416219,-0.198202619007018,-2.04336823193737,1.58958344011886,-1.93167381009707
0.3879571971913,-0.40921317029436,0.605234984821515,-0.771165779812318,-1.16478079934163,-0.784890639258316,-1.94193848855275,0.419778575275006,-1.37289026628559,2.23776254842364
-0.497578139177897,-0.139844675600703,0.782564397408257,0.619697937620938,-1.32663040311619,0.831172307815311,-1.78715113773165,0.879772908275708,-1.69114638747204,1.79422582256355
-0.403647705568067,0.243145616304358,1.10120825276425,-0.0697991178553266,1.1589567749791,1.11929871223264,2.05037191943395,-0.302290658212048,0.668256976160826,2.38639150324999
0.265966447503424,-0.426088701021555,0.855266889663626,-0.317059599018631,-0.489758179946104,1.33354757993512,-1.77953989446761,0.76667903301907,1.33800930419473,2.07661181335028
-0.0153341237014674,0.409401102758079,0.403166026617711,-0.913856295896722,0.441769925355501,1.37034192977722,-0.973962632780948,-1.73247722011713,2.12764622275714,-1.53297396499008
-0.458611414196783,-0.301133962004879,-0.225702418486491,-1.00892851733863,-0.604963299037035,1.34236821014747,-2.0450228389315,-0.110813134558993,-1.28171351595597,2.17555447995996
-0.192080241841307,0.429517418554455,-0.948865854732661,-0.368050117863823,-1.49915683701955,-0.212187135607312,-1.74529298305649,-1.11033271105858,-0.330309224520273,-2.49543421981817
-0.465729784572033,0.231638716037535,-0.680774709148423,0.755616563031794,-1.40695606868112,0.0963433064337065,1.37914496251989,1.40983991678578,-2.59298152141652,-0.200134279894707
-0.103499542116584,0.52098174862328,-0.862355773540535,0.575466369448377,1.40081153212394,-0.580832169015694,-1.79722936726131,1.04650381006781,-1.72921135269515,1.81609009205374
-0.465983190318983,-0.206234362708742,0.983906205800049,-0.411314253016126,-1.40047728554354,0.610146641892242,1.62556206408877,-1.16565554483421,1.17519169980147,-2.23640791150265
0.29394698536721,-0.362118077839021,0.132751074599695,1.06058886777348,-1.46266252898028,0.346622524687445,1.50615352885646,1.38290891128295,0.0175340218540163,2.51437403240025
0.400688370281413,0.152338577059377,-0.125114039620325,-1.03790234203019,-1.52288674296007,-0.013276623395755,1.82527326767963,-0.585109554535369,2.44831863369911,0.399934042610774
0.37619886461445,-0.250820138276582,-0.590409541291484,0.839689871194375,1.11633767162176,-0.924054246863899,-0.805602024312339,1.79112154175747,-0.0722239489518605,-2.44056648391704
0.33746418379712,-0.467771597119816,-0.988195747437469,-0.161796346730934,1.29884873672876,-0.686367143012998,0.566636471411492,-1.82205495671747,-1.35713338118363,2.15146876298539
-0.191048589022292,-0.533378311089519,-1.00696072078399,0.33136408873883,-1.22014447477669,0.756509272119471,-0.849344810402922,-1.94471863191957,-1.06129636795391,2.24810019163162
0.205932238396166,-0.357056201775338,0.0958039215629702,-0.993600569625015,-1.51303813033393,-0.0494135160867683,1.26752157262212,1.52082522406911,-0.115946746058524,2.47785974324914
-0.467635453332274,-0.300033007726033,-1.01328432023466,0.184361069998087,0.711314304538662,1.24840827990802,1.78988086654085,0.687699360075115,1.50590285307735,-2.07059481608786
-0.532863089853661,0.0360599338243375,-0.665177582966066,-0.764554294177912,1.52982289237583,0.299760560432041,1.14684499959904,1.62869904086917,1.41166317894868,1.95732289021522
-0.296360656845998,0.53432409783552,-0.628590832929554,-0.945754195606541,-1.57811890734761,-0.198889758600696,-1.70455868714042,-1.07744911832185,0.326024138178196,2.52465319558311
-0.353828145728255,-0.360586537501103,0.396573765631931,0.951318791684976,1.11143822367833,0.970885695593751,1.19470654308012,1.66616239107129,1.50919104939262,-1.99378577907668
-0.317170362905883,0.359911733911398,0.148950179082788,-0.949929265053316,-0.889682940512274,1.27588762656427,-1.3434742058072,-1.49929929297275,1.17038179416447,2.35106440103362
0.386149114438977,0.427069846942569,0.428269473885812,0.937698101136007,0.386902332164297,1.44669084555339,-0.314625235236297,-1.91231391794801,-2.32883531520074,0.920738407507504
-0.460479111071746,-0.0780958475512582,-1.029075671157,-0.0520349459847298,1.31136385825396,0.7894707728286,1.010228580234,1.71349003064951,1.77009271892731,1.78955777100999
0.253047423154317,-0.374033215115114,0.769970415012167,0.538830924062851,-1.51394461858583,0.348577732506258,2.04729863634122,-0.336149594170742,-1.0676211234283,2.23213226259826
0.528480206756555,0.013657163284585,0.634353478081163,0.793486898411508,0.419671226515751,1.3909433901824,-1.69241137216544,-0.978150553503057,0.817131902793948,-2.36659353103727
0.479525066875522,-0.120169001974804,0.936563273301089,0.271348349192367,1.43372935172389,-0.189253913468974,1.41298418608903,-1.55063442785765,1.71065511078846,1.943444084407
-0.125484631100048,0.493382202317958,0.653541514260104,-0.693019173656345,-0.258052437116848,1.43562408926662,-2.06013730043324,-0.190392615625809,0.53698273908314,-2.42101236208795
-0.315796028172962,0.409297329585298,0.792157075427231,0.731912602763691,-1.47796698876113,-0.482221841599194,1.49617180711371,-1.25982848502078,1.55379072599742,-1.90646277918024
-0.0494535145518989,-0.409626722407514,-0.277566738436568,0.963289621573312,-1.05145605682541,0.927343965560752,1.90745744426513,0.114285000429742,-1.56983661727999,-2.04154051059715
0.367821336887492,-0.423168097975743,-0.400583590063289,0.857465299485034,-0.516107665751517,-1.47508606138719,2.003245244273,-0.330246651025179,-2.2204632607882,-1.165839674663
-0.463741424375052,-0.203962456851731,-0.827569996404433,-0.571207745282559,1.35465571191938,0.508063565645937,0.642612883974483,1.88814927196944,2.10296754966082,1.26361115847398
-0.51759900008438,0.126550647982142,-0.0244411739155179,-0.999032185296882,0.760289912233851,-1.26166504409157,-1.3400538918243,-1.44729000418597,-0.146185639581756,2.52144420363715
0.446674268130236,-0.19185359466835,1.00804876826585,0.171557868051072,-1.00160335869949,-1.10959884672234,-1.91093016438211,-0.213144172854985,0.991531449333722,2.26183836584454
-0.328477211616997,0.440117284982297,-0.859866712616763,-0.365120315982338,-1.40914230646497,-0.59308069734044,-1.99130402740253,-0.385297449279165,0.683474144956452,2.40153043185186
0.0201324457665636,-0.519214984653167,-0.76601126011385,0.523114161723527,0.7900965126317,1.36982200485455,-1.97548911307531,-0.129340810576848,2.31567191828736,0.858997597066215
0.228534302002948,0.46135865152586,0.974795299204593,-0.385222717756647,-0.76926175198729,1.22720760597255,1.97307024018201,-0.422577618974479,2.38769939189624,0.894364071861276
-0.390849983498343,0.277839725600468,0.122553383869931,0.999001854602876,-0.608430210564476,-1.39666701252143,-1.90165859245493,0.602421132848513,-2.46038613208128,0.216340382270932
-0.112035557280108,0.484727560812205,0.17248130876692,-0.916336815008585,-0.908332386595546,1.24218871543106,-1.60420696131202,1.13177320286693,-0.530087510071347,2.47821108576735
0.144192146854921,-0.53292735233907,0.653159125923654,-0.748307439327336,1.35415314933281,0.35349158997115,-0.414322429042075,-2.01371544247521,-1.20652153156531,2.15350330252436
-0.113016352088774,0.47816469700687,-0.431431717605519,0.933305971642412,-1.31923925626776,-0.724404531121551,-1.190620767675,1.5828735807429,2.44498798136599,-0.0931278889612235
0.501981544358297,0.208753385937068,-0.600007319966214,-0.779117014181772,-1.30720514348702,0.390465908007939,-0.353461589397271,-2.01542371654633,0.400001139006025,-2.44520823641099
-0.117351954339669,0.504885470435392,0.736531381105911,0.629671479155021,-1.48052377335332,0.42950985138085,1.48419954051137,-1.23156823346661,2.18377262589176,1.08292878756867
-0.507200031333368,0.055144621118475,0.756468521841656,-0.524468928955783,1.45547087705537,0.0851953256262602,-2.02394376206878,0.150226184916063,-1.38141700407189,2.17091864384068
-0.480886055308464,-0.278692652779577,-0.399451975283881,-0.942817968385955,0.393451498245907,-1.35476603099586,1.66268976887239,-1.10632188669043,-1.89865823991366,-1.45903294391283
0.0737272224702241,0.53700968453024,-0.979540784769809,-0.299264820223184,-0.0454971476260926,-1.40792367759638,-1.27477370536508,-1.64067284440112,-0.280165943020649,2.42459849044313
-0.201398471486593,-0.50486920986239,0.0551082743339692,-0.980865002918043,1.41893314678668,-0.57484151841446,-1.11030229219967,1.68366644996169,-2.03400921804983,-1.45270036570469
0.245493916314209,-0.476721251621072,0.434024118374371,-0.942596248834716,-1.5166809983568,0.0168769704967641,-0.589899784971739,1.98350643600155,1.33032896136143,-2.01592464894721
-0.295347185164092,-0.390675951745129,0.428594395965385,-0.90976246385399,1.30497933011811,0.840590316159596,-0.746114694437948,-1.75422086487974,2.51804666740708,-0.132984821315986
0.139016429172637,-0.573244977281193,-0.972105075473296,-0.0269205077435254,1.50683759725756,-0.104353413146221,-1.26465251573913,-1.53831462849061,-0.93071343083544,2.33734482978362
-0.166207218185506,0.51102461446285,0.642180276408027,0.758562203661269,1.30515206590046,0.79239371551604,-0.763383096671022,-1.70519807453287,-2.14138271783064,1.35705716085075
-0.366595354313831,-0.385506554205562,0.907405799331924,-0.506752226913199,-0.478247961544559,-1.5107837270888,0.896135162648003,1.75689854512166,0.0360790599851361,-2.58138963804071
0.50609403166231,-0.315361613253583,0.216425977693297,-1.08312949976931,-0.0129239973445224,-1.43301375516563,-1.93100853091252,-0.285150000754513,2.29893414270969,1.08714439216693
-0.503810122485773,0.083432165225855,-0.353945074733027,-0.898831915896982,-1.00093274749403,-1.14688975001732,0.745628124580288,-1.83029299450651,2.37787525012901,0.874416104757494
-0.441830078220651,0.303689501240903,0.634074666529272,-0.648128793217099,1.49292210380588,0.256987808883012,-0.325724997910327,-1.99097208634653,-1.2656347696221,2.18637553474964
-0.163204879201089,0.449055579977768,0.681949506831246,0.74302333345634,1.44690942179224,-0.129103511645602,-1.37566741538129,-1.51584302849129,1.81029730272189,1.63093624518673
0.44524587900411,0.11547132052418,-0.389974057060938,0.985315849168115,-1.27365053806099,0.776249251566162,1.73423425075615,1.08963896402994,0.478418071972218,2.46562316188045
0.360789289673189,0.350373110691398,0.972929418571578,-0.0337992819996769,1.58952938465815,-0.00354683578404485,-1.75298181482253,0.911017238181431,-1.40602358540438,1.92480385661538
-0.328468423723762,-0.386574494276883,0.972125069377292,-0.490005561155146,1.40610521690622,-0.633586531548016,2.0543421697226,0.250229282738526,0.83791995356031,2.2607732522337
0.548349527143497,-0.00748619142909845,-0.708244436041961,0.829814369378405,-1.32148355137592,-0.578937306059346,1.28120723226951,-1.58404546534232,1.65716371260981,-1.93806796349463
-0.391091196259951,0.306880957124355,-1.00606496428311,0.0470038940693562,1.11980005854351,0.942328692476097,-1.60300190030205,1.16085026989551,-1.62210944376417,2.00160576731961
-0.502192176550809,-0.0324347611721039,0.401152649468685,-0.994050549596539,-0.260915878198352,1.36785057527283,2.05577029120814,0.239042387723448,-2.5140417817593,0.153122735493184
-0.0854743456857781,-0.508194614974894,0.0968761211009431,0.957436085016535,-0.0788191215945351,-1.54651686409767,1.45409485986049,-1.41123879284792,1.88196754341002,1.77453890027728
-0.126585754937335,0.474252649629941,-0.926292885734148,0.341495370951531,1.51987937053358,0.0288733423229897,1.78802424215562,0.814074022910097,-2.50780448681052,-0.194254709938738
0.245735029447233,-0.425666232419987,0.33203470468047,0.989520358281175,1.11003201825426,1.05985368985201,-1.91323893555931,-0.403114439173534,-1.81322819194637,-1.77270229537553
-0.428726443693739,0.237064796334508,-0.604854428147117,0.777110568841119,0.882940080024365,1.19618571604317,-1.81774478744659,-0.807395891489938,-1.05977757977581,2.22799140904529
-0.448450184233669,0.253823230685326,-1.04760378338005,-0.479668475215193,-1.45356151675098,-0.230542111393789,1.97206839256889,0.35140565817788,-2.12602925010379,1.16653670195286
0.422956896009978,0.319278087779311,-0.573062480245342,0.922573740307878,-1.06052982950678,1.09403531928056,-1.21718386026582,1.60230171009143,1.27948388663262,-2.16563049000673
0.459500969341028,-0.216362590315769,-0.844996530396017,-0.575812665394294,-0.710844533772122,-1.4107185283928,1.73685784212278,0.892840831556061,-1.93229319015995,1.54876269522994
0.487183291326514,0.188186184991922,-0.58550868846593,-0.784162637272929,1.13070741131686,-0.981374232903434,2.00524829726191,0.531542532911934,-0.518008926835288,-2.41449997074763
-0.0576267821619334,-0.520434310755374,0.963606248555974,0.104418882741224,1.3729432827875,-0.566007512570871,1.96259976214262,0.403456217510147,-2.31612811938257,-0.725277251814085
0.443988903610351,-0.0426659333001769,0.213340963600262,0.886156000420866,-0.292133689861363,1.49366533494014,0.771255852067444,-1.86349765919816,2.02056723819829,1.27677754134202
0.0430111940251813,0.402284021079457,-0.747135568661061,-0.531737319828502,0.78881489614966,-1.32922060934499,-1.92187019652803,0.574370378380835,-2.50558958472332,0.0425609792841359
-0.455453010345451,-0.348469509720413,0.622465147884697,-0.826204609979945,-0.814212213337663,1.24245706108003,-0.510899893756483,1.96995906173639,1.80464012872665,-1.62387372091317
-0.230782227703253,-0.494140302381092,-0.455474435721802,-0.884636839987239,1.2195905536648,-0.772279883926522,1.42402578146543,-1.43055638128767,1.86314844425551,1.78110630819708
-0.424648000070436,-0.0971185033694144,-0.967734708586826,0.0794627148677049,-0.263867810434386,-1.41976187088523,-1.49954045835191,1.35120310223884,1.14075606492644,-2.05183540946759
0.500145428256882,-0.210743585081341,-1.00369674757529,0.0812604517669416,-0.926376310521408,-1.04175989445893,-1.85962073395652,-0.547301102103085,-1.71366468656672,1.84827100640689
0.382420631351351,0.288616542995467,-0.846345597778984,0.457068767024878,-0.398344112782455,1.41119642752929,-2.04914503631678,0.401984112858992,2.22237183970755,-1.23398458028531
-0.260274662064761,-0.387193910350515,0.604118731072569,0.78004633030594,-0.453676851446892,-1.42790371013057,2.03154499021146,0.338826217384042,2.47697615625385,-0.0688807208951171
-0.0650490448906919,0.496846045377589,0.381990254402034,0.95332066822822,-0.131931618344093,-1.54852930195937,0.516712345680766,-1.99602463723284,-2.53728314359024,-0.0449810228880515
0.186821584809139,0.561189377083077,0.40484032923756,0.83293172459898,1.20516816155145,0.958868411874501,0.881676017737916,-1.73576610681338,-2.29485706461717,1.0169984193904
-0.259688753591019,0.384340646464044,0.960553863248069,-0.0778899540649275,1.20632231540504,-0.762382909339213,-0.455741279830263,-1.99274909272572,-0.191420265801667,-2.47875184523117
0.283102771976888,0.446341584307426,0.740436520550898,0.599292240212063,1.47602516760721,-0.00198351704800466,-0.526129192690141,1.96873809543943,-1.94909275081116,1.59753778284049
0.568825325448752,0.0491077428676721,-0.929613011072068,-0.570534102863438,1.01516350464122,1.05421729878633,-1.6785935710254,-1.09062251172219,2.42228398254285,0.503158128933497
0.0881533372357981,-0.506617916442139,0.853472123817535,-0.531538855970935,-1.48497177827872,-0.146752122801676,1.4265923585136,1.48267247130893,0.576567393020219,2.48689761662867
-0.202414768224575,-0.41706164379391,-0.087662725089134,-0.911513958495005,1.2714785803167,0.929247778060967,1.31274743177883,1.53008909594832,2.2378653416389,1.02029523446444
0.360079078176157,0.288364074402875,-0.682047312336235,0.677225115688761,1.4165236735469,-0.35487970769166,1.77660693706331,-0.772865139108737,-2.58634644160809,-0.177979591042326
-0.490149067079299,-0.215063975724941,0.0613918073160332,-0.984545230715595,1.43897202306403,-0.106510444332461,-1.1713925184066,1.57671333881523,0.568780804311834,-2.49568594796816
-0.428171346851645,0.0235919685407009,-0.986698474634533,-0.32035136991117,1.07141668556437,1.07650659288993,-0.442130554831153,1.90373592973625,2.47252316588792,-0.0599587484152027
0.263266623551475,-0.330753314546976,-0.594289938229874,0.89917802306222,1.23382295672416,-0.918562675138439,-1.28726373424476,1.54861277243874,-1.05045526164001,-2.14170938482385
-0.336463751134616,0.36229509910286,-0.0903861754188217,0.997060844828571,-0.597664941126116,1.33575118493899,0.447207314220786,1.9848989249522,-2.42430672288508,-0.586655449769896
0.42031556339108,-0.306417742684535,-0.540893576620653,-0.828931836315099,1.48621990849109,0.0450203614990473,1.78070262821527,1.12550952311339,-1.14657092236674,-2.26756058568966
0.0916762891534097,-0.557091325534082,-0.272283666066681,1.00526428217194,0.422658819349684,1.36048741374039,1.77055034379274,-0.883220261950547,-2.43963097209796,-0.193815320846162
-0.454328649952722,-0.200725920098259,-0.981667305021103,-0.246377660361494,0.0708428825730037,1.54163851700609,-1.95831494362098,-0.597513329469291,2.29412417700211,0.907847835315674
0.371780117160522,0.379428662126187,0.857524688467281,0.474615704301642,-1.56903080326004,0.172981790457269,1.99743671166252,-0.080704628128598,-1.46886443866356,1.8496170100326
-0.411881687362497,-0.358600985328559,-0.0687403077414653,-0.978088167478311,0.132880307767026,-1.45167065540944,-1.89850623358636,0.740298311195717,1.96944369888744,1.52769783234115
0.353746683017166,-0.257412050704506,1.0627883249396,0.00745839957691257,-1.32543858378466,-0.751569587476178,1.86788211406466,-0.755037178323778,-2.48568866508638,-0.470643304661959
-0.258353514526712,0.447631792369652,-0.832303375782297,0.688998411064261,-1.13852748523011,1.10032382198781,1.88287838489073,0.627666721481873,1.58869337263823,1.90136110254183
0.492993145020229,-0.187018218727632,0.0950949167905461,-0.978731467760963,-1.36914724283951,-0.992979227576595,-1.51079788344733,1.48763781427732,2.50929335944234,-0.571518527851774
0.464276074653534,-0.135809382984179,0.0598230193114234,-1.03046263128885,-1.41028486751316,-0.553313989015626,0.043312560720685,2.11359796500308,0.502793285092436,2.43626439071264
-0.140589326065803,0.550701565083298,0.273591073531274,-0.976825983706756,1.03002011720688,1.12811058253785,-0.0340947498163667,2.01068463047935,-1.70175039733516,-1.90495864764862
-0.427908021401295,-0.28808072527676,-0.84227327364158,0.418113150314402,0.543211773757112,1.41802356803132,0.784677322623837,1.87444112346181,-2.57258801870475,0.328290402601427
0.504202986261521,-0.0694180166434001,-0.650145462575245,-0.663739013889934,-1.42458496822273,-0.0485861536405054,0.2795862751604,1.90657764045596,1.33594031706981,2.12626562511299
0.300690485965241,0.430546838819345,-0.964112433791694,0.050282155830331,1.54686642707399,0.0570386489606018,-0.533478193304734,-1.89030507072041,2.52849737891842,-0.362485057099976
-0.234026879022366,0.451967919233979,0.442106723465709,-0.943186641703246,-1.02201880928399,1.10003689272782,-1.14791135275319,1.62116375479083,-2.50938034076265,-0.423213355516185
-0.4738240912714,0.00548257362276849,0.992514774204087,-0.0340935950340077,1.39441255629874,-0.630369978671391,-0.761727943439049,-1.94377263363598,0.803375415268114,-2.45530317403472
0.231975858219635,0.488306553154844,-0.788780580322451,-0.521887310556279,-0.156279148053026,1.51761511417586,-1.27716899194663,-1.62206656966818,1.37029049080101,-2.08322817207837
0.451476352123634,-0.276804361160322,0.181041246083326,-0.929796364087855,0.546293314530686,-1.36911535551699,-1.30374966665026,-1.34306086820385,0.930297702525501,-2.43266878116608
0.0256382584662369,0.580908266532275,-0.928217792310135,-0.376221253180237,0.770657451256908,-1.31736567915608,0.921253339830909,-1.70749027800097,2.58063749562508,0.248848189148208
-0.107872399487875,0.505984269072952,0.364152927844364,0.956703918279627,-1.03147481783292,-1.11232735282525,2.01389722397712,-0.120607152134121,-0.248426512012696,2.42835412020825
0.51061098644065,0.102463628404673,0.486916920780078,0.880855069058434,1.32660399292056,0.723633995066326,1.9428959886343,-0.66403826560474,1.98051502042183,-1.40337213231095
-0.187009979611849,-0.295513524830764,0.861845688973376,0.312810990974034,-1.31470336014099,0.492080402419663,1.95594111203698,0.558909859767172,2.29838106209049,0.947996264785524
-0.169117978532268,-0.421396509374466,-0.0563939456224035,-1.05026176756264,1.20382460851753,-0.980423880404876,1.87945964326741,-0.774241581431198,1.11253389852073,-2.22121211779728
0.199091883050117,0.438160566436933,-0.846564107471207,-0.466883323121382,1.26825811664719,0.671182844415813,-0.067920217532438,1.97488526642023,-2.17882767421107,-1.11809295863717
-0.572581099431416,-0.0238841828660543,-1.05502079278249,0.0868175016217023,1.44063517994712,-0.364491461280041,-1.87621892853936,-0.648513469060577,2.25792769144677,-1.05941631516913
0.325864290231805,0.384545111403578,0.510973482621081,0.706876973909008,-1.35357622725796,-0.5884681852225,1.93201590034956,-0.498916633497659,2.06260061899967,1.34931249697209
-0.379698662375135,0.270350847735909,0.872954873126782,-0.484562581131909,1.37565175516735,-0.564670192346224,-1.29813618981682,-1.50888653562943,-2.33853755429654,-0.834424208130343
-0.260643079857139,-0.369947619167118,-0.166619749205429,1.00923378981249,1.36117545219331,-0.641050125760875,1.88261687344557,0.711814403904586,1.92866346114946,1.57233321505274
-0.482585744099366,0.0905174115453513,0.258844112845755,0.91456848505458,1.10454026753835,0.95273533440242,-0.788393029594405,-1.79530753788437,1.61253429800869,-1.84100331258875
-0.432895451169136,-0.132355884744708,0.434885045006146,-0.887408093208474,-1.41590266420803,-0.0906244336841957,-1.79389726353763,-0.986863083798966,0.351504361508426,2.48205184620812
-0.0982935391532149,0.456826286488454,0.0703019469402259,0.986412293584537,-1.30126848760287,-0.554163599994816,0.393538289434486,-2.06389091582254,-0.346307489867886,2.47083988933228
0.189490543388118,0.428409981067343,0.788760766955465,0.709393468605148,-1.52504420756089,0.0314926606241616,-1.91044262260541,0.825944058103927,0.778343276420503,2.35543193752863
0.513649564842394,-0.191041438440093,0.429695926717264,0.943570739564904,-1.04137784707868,-1.01708915828994,1.10959274842065,-1.64443829404243,-1.86255867557402,1.67747848664062
0.0947471299668933,0.505884289728402,-1.04153730871717,-0.167981883474951,-0.584842664086348,-1.2896602159043,1.54496369864139,-1.40382705884151,1.00419055838072,2.25217240928926
0.0540788339538038,0.50824898464949,-0.328964141459244,0.899588755547631,1.419324749062,-0.614305122106517,1.08846352249573,1.62976406746427,1.90650156248696,1.53701832137539
0.447957406654716,-0.207151282376796,0.004615513985764,-0.98854340989589,-0.310635154847824,1.47620975927818,-1.90469731351708,0.568625022784633,-0.780965659652553,2.41200244505488
-0.289629737705392,-0.406430967396077,0.760379357803006,0.621406388807327,-0.97643175983718,1.14164484742276,-0.402331560852154,-1.93288836277845,0.734206870893012,2.40294746159289
0.236270979413488,-0.450019911035199,-1.00513245229436,-0.346273510034327,1.47272117113235,0.00337953203834821,-1.22570771407707,1.58897283834804,0.68944029618405,-2.32396391127062
0.392649369694191,0.0531286860760961,-0.283509402415076,-1.01100746429955,-1.04287258305377,-1.03357609397045,1.23048861961958,1.54628106094704,2.20309989118065,-1.21956258278949
0.0986201289219467,-0.484578472216268,1.00744781515024,-0.167032933100468,-0.732357634473161,-1.361207125008,-1.95236405496193,0.451426825542229,-1.81103248652187,1.72958871361691
0.246837649255734,0.524654950478603,0.416473776679994,0.904411203260427,-1.32715355473357,-0.448309922053751,1.99192571749554,-0.0212282533648311,1.03596049949722,-2.3430102144174
-0.410810416035375,-0.263498089598257,-1.05342457089977,-0.0243565545063363,1.02941455588922,0.96160146084187,-1.96507384748159,0.158473907465065,2.28327361953322,-0.920374048469858
0.0843651717433195,0.414115406865667,-1.05557756802773,-0.033776135578976,0.930685307329514,-1.1397904262876,0.782912319775312,1.7585048973284,1.82627856450201,1.66356820903765
-0.382797686544981,-0.252869015759703,-0.948541329508813,-0.537667560033912,-0.46357795284368,1.48868897550068,1.74515465169562,-0.99739148507521,-2.37662623167628,0.685710255359943
-0.313846746560467,-0.353718272266054,0.415051554619515,0.836849497390689,0.330832005259563,-1.49456541101759,1.81382751424868,0.921347563119894,-1.6380722362614,1.960359939798
0.294368303323249,0.374745429171798,-0.787880700764439,-0.53264690188487,1.49578340185676,-0.488606395182381,-1.74825478805563,-0.993829693654436,0.546284491689166,-2.43123901131665
0.501200057670128,0.0279601008408874,-0.663706268596026,0.836201104280645,-1.27392869182458,0.74581171489527,-0.744313960749461,-1.87831348966206,1.01495475567148,-2.3385952264934
0.387876605669113,-0.359019701621527,-0.302775631985194,-0.862034205510737,0.73744632320585,-1.20108240457354,1.85225136386565,0.710104751392322,2.33600314302426,0.733123509077021
-0.50555469594243,-0.0248469822342477,0.749485420196795,-0.583597287652433,1.38428761707126,-0.540913415688315,1.84732031409048,0.708582376627988,1.37524058437292,-2.08928736993625
0.469969202281824,-0.0468963160428325,0.882168685419709,-0.450773130705544,-1.48684804069352,-0.0635796133553327,0.831778277518977,-1.88122399219394,1.05797912120933,-2.28890353591986
0.222284758277516,0.471966369440201,-0.629502927212154,-0.853834636988363,1.10411485953113,1.06173356589924,-1.61496201101433,-1.16707757384856,0.000870198989897333,-2.48741198964587
-0.511579107058617,0.097823828054628,-0.555204267355941,-0.756588523530986,0.48602770886531,1.42687465510067,-0.80107385663359,1.84105635504744,-2.28136564961235,1.02644795029033
0.530824870543534,0.0996947202539327,0.905067854109186,-0.360595884160906,1.28576698825776,-0.687261420252539,1.97091099930975,-0.0717019531397268,0.502862221179164,-2.42462165714474
-0.266061545499165,-0.455159835386135,-0.164637634538288,1.03546138768723,-0.0814846729924947,1.49404924690609,0.790394247989639,-1.77929349574256,-1.69221528244218,-1.83533051052427
0.435581938499538,-0.188202545073432,0.383075716786937,1.05267331574015,0.758368027728435,1.28694484793949,-0.921430437548687,-1.71823780112021,2.29417869862853,0.954973187795786
0.246106816854118,0.401759202437354,0.413817665486588,-0.893585387084543,-1.46138182199628,0.408971032612371,-0.393506886114096,1.97309038659986,2.4710567799485,0.0910153502002029
0.548209333939245,0.339752536266111,-0.0963958417123034,1.02930627778489,-1.31630332750025,0.705608130142815,1.64364034569991,1.31558379173157,-2.51672963098056,-0.0481734124622361
-0.392195195704528,-0.10291177292746,-0.492866307724931,0.789386004886194,-0.396668803343169,1.41499587300372,1.23529773133601,1.57860649576719,-1.81629440153314,1.73039413880687
-0.497590895964163,0.0873977029211998,-0.90479325769167,-0.31310547530471,-0.818016200557527,1.2387459643732,0.560377369634563,1.80368276708167,2.00059389022657,-1.60406943469894
-0.398596732362694,-0.294658397984295,0.962441014461481,-0.376838808244916,1.33910833340744,0.795909079244314,1.85689325158363,-0.721083552278399,0.678469733302503,-2.51323768397091
0.0770087906313172,-0.411148158516107,0.814831755825401,-0.658745044119543,-1.24245708725403,0.862587216006027,1.32208827829067,1.37759500190374,-2.21874264852397,1.19484266551781
-0.0324506995236944,-0.511239429259938,0.608647761174196,0.903963470068685,-0.489202899411367,1.44198456495273,0.782363033849933,1.85468411101778,-0.808305348283618,-2.43040585565961
-0.152382741568088,0.482263555503705,0.211677325034449,0.902872619046657,1.28561150008974,-0.805434866764237,1.47065807758481,1.24344246488496,1.76295261014768,1.68141511932909
0.416282642886586,0.306454816054582,0.945167104280359,-0.460598402393323,0.620492318954424,1.37910006991483,1.91826991547687,-0.0113775552410886,-1.68212536833278,-1.87987109508904
-0.407722682145955,0.241042047792461,-0.486456044391345,0.921076129216428,-0.14384376063519,1.44320054604796,-0.440552854058072,1.98997779508394,2.52842208497139,0.069726241276113
-0.0324752162504991,-0.380618830875508,-0.89046956603784,-0.458065271205555,-1.19065120003202,-0.938928978971017,1.71179734179526,-0.867882554092703,-0.876192625606864,-2.38942344573654
-0.11359778728776,0.395359037410745,-0.977895622301384,-0.126095412684968,-1.29356823281844,0.868451328299404,-0.995434549920057,-1.75492061359661,2.36266623109629,0.559295982540662
-0.377589448000885,0.11254043959851,-0.985095512792147,-0.386879033238219,-0.0943397758261156,-1.43840380793446,-1.0130681843154,1.75391108510999,-0.410575215710646,2.46207051068491
-0.424385240459969,-0.392778332852798,0.322745280716638,-0.922628507896273,0.874836924781639,-1.20196735468989,1.8950599839731,0.575976915901457,0.484966834800214,2.47634956946377
-0.277209689782547,0.426900919987222,-0.469179802232853,-0.831175700686345,1.19179384164024,-0.848001978123256,-1.20467252655682,1.61578924496953,2.32936403763179,-0.909356967409011
-0.423970783316551,0.299293085409261,-0.372240184115685,0.860232981657228,-1.06362637817627,1.00805981017338,-1.09171534672887,1.68929933193881,2.3716393134268,0.985205193330548
-0.144597898992226,0.473884305878774,0.321797425718069,0.878563663872969,1.39428017691929,-0.555339799012812,0.801091233366086,1.80201004141019,1.14852340491091,-2.15735575498266
-0.180057486016744,0.391498807780076,-1.01134264312269,-0.0313265609616909,-1.4846695422165,0.327759135267206,0.338442348693062,1.97670369545809,-1.5776805935438,1.98494123427228
-0.297257400214142,0.422372626236821,0.409179319174523,-1.02576035556108,0.74577008394758,-1.2917585290009,-1.95283994102819,-0.573310436306762,-2.04042440611635,-1.40810226949857
0.525791102893639,0.00430640416795103,-0.866748835752041,-0.577866934961234,-1.1910205179134,-0.814775313099002,0.934464767960925,-1.74895151440295,-2.16259097149013,-1.11286043419971
-0.263162823741559,-0.395126928739983,0.592754376520932,-0.800803901827115,-0.282045634932444,-1.44089692076398,-0.466031144419188,2.02021043350456,-1.35665505124849,-2.1808021191925
-0.054744722515817,-0.425727321305837,0.677449710710357,-0.814717865306222,-0.679146165613981,1.35476797232346,1.93091078034781,-0.498043909088211,2.21293631039079,1.14164953125341
-0.0925066723266861,0.481779503740604,-0.886151183600467,-0.474855329595551,0.645272509903932,-1.39501788424812,0.61356556068206,-1.87291454387478,-2.19685808798254,1.26359858665328
0.428145907900305,0.11423283725894,-0.429803535168175,0.876586464103481,1.47319502250606,-0.27343778503742,0.818289313877294,-1.83938474210972,2.5652589273755,-0.286136125647619
-0.176183016197665,-0.368891647737756,0.792305669474268,0.418275898122093,-0.426796451048973,-1.49494900465191,-1.82930972824553,-0.834343517066075,-2.04211244611371,1.35932086964489
-0.282391135661032,0.337596771075437,0.654176891570189,0.724420083156901,1.47036326435204,0.551884733069593,1.92268469210319,0.260831085740324,0.352163903029889,-2.60056219582942
-0.328450250034461,0.396495369455582,0.956143475927242,0.0570372601347392,0.651592960626379,1.36032034049005,1.51890313541546,1.44708858053711,-0.699738577773319,-2.45669331247786
-0.28807498886135,0.394849436203504,0.591574913255752,0.784775335673437,1.45977811592958,-0.0369414628947399,1.94713173884796,-0.231591498049238,2.23471235691817,-1.26204302745071
-0.226907589430552,0.527633075794729,0.859437563947427,0.471484233802227,-0.13167615224619,1.42242901024508,-1.53022994012853,-1.18235455113251,-2.11153635137625,1.09853848176826
-0.264327747703689,-0.385582550032318,-0.377741662555004,-0.895322061418002,-0.730729282180066,-1.40860168806047,1.40470880649351,-1.16559406352312,-2.1927022533917,1.24217944419309
0.421255890447639,-0.295751721373489,0.0558652296546194,-0.949884527214316,-1.5439933772663,0.0611775154936522,-1.70597178964997,-1.03299637692198,-1.70649031696925,1.74738477746881
-0.322228702282831,0.351643981158339,-0.723214736840006,0.597337674486465,1.37143020765611,0.65025196983409,0.0994343888837079,1.94428833575648,2.50530653528022,0.423783586536341
-0.459133570390823,0.151531730973673,0.165712120932861,-1.03432783877838,0.54763659685837,1.38856444043227,-1.26542126298402,-1.5676611088789,-2.27117900552962,0.902537798038953
-0.0689836727246143,-0.458494096455525,0.780519927217964,-0.62647817543559,-0.310456046656244,1.51412084375783,-1.76150021031241,0.975418062782538,-2.43813193025977,-0.563399964465751
0.0483547842459077,-0.541450316958054,-0.0777776560659275,0.872209699005276,0.286565242033443,-1.40767832098016,-2.02667554838278,0.379469642977644,-1.35060305840563,-2.01251587732448
0.478483229056902,-0.191311907442432,-0.794605644093763,-0.587018786532158,-1.48476683925852,0.146383401875411,0.458052569337321,1.93299502362597,1.26126492605348,2.17175990395105
0.108951872249099,-0.54856975567201,-0.436600129798095,0.873539217126178,0.532955739351721,1.38768185785886,-0.0907611924755815,2.06053614779597,1.08075308438101,-2.3347324545487
-0.536254571108262,-0.118347725383254,-0.62908839240046,0.795563427963574,1.47084969059488,-0.218750997225651,1.93775365494259,-0.508115550943349,2.5235280463036,-0.48005622727257
-0.540945718266661,-0.0207225453988684,-0.885493231611086,-0.457017349445502,1.25886943058437,-0.934891474619653,1.65670362760748,1.13230665952669,-1.51416328527363,1.96398271296324
0.355492433854515,0.441622830200046,0.0969419398620018,-0.917137445373039,-1.38233447495512,0.586499848478519,0.222000607006319,1.92644160064383,2.105985428204,-1.49915284341635
0.416590740996761,0.228685470899815,-0.933371230659151,0.361402286572735,-0.99089106470763,-1.12093375151482,0.992268337928481,-1.65757241169108,-2.42899676780969,0.545050273909591
-0.5109602194887,-0.173932030228841,-0.876244168531885,-0.505927853684931,-0.976890315327191,-1.10451853509961,1.81857542283498,0.355852074628384,-2.54339856822257,-0.380182569808599
0.374535556787887,0.353454813941412,0.134373115717682,-1.00356662747291,1.52927809775675,0.0588456942092593,0.449702502814105,1.93406947176067,-1.22100761438134,2.16023701921556
0.00864294051757979,0.434100383198752,-0.812622628064535,-0.704137363961399,1.27014439700972,-0.751408083230682,1.9239770510049,0.263968351473328,-1.69649075443107,-1.98933791112291
0.191764409955965,-0.287165983696195,-0.978756455355865,-0.0274846224613094,1.38588634875551,0.543166586389285,-1.182581673513,-1.64329767456369,1.8776966724849,-1.76351214842149
0.457481976898043,0.0377126472838969,0.864238016292993,-0.591554404691601,0.16109122388432,1.4755651472453,0.107288366187269,-2.01660047307772,-2.17618231462192,-1.14824175373923
0.116270740228236,-0.535517906502491,-0.79427613975223,0.549182956027814,-0.956791258622831,1.10287477945442,0.972630504913294,-1.73608599362248,-1.81167454421627,-1.60804035569672
0.391773240696702,-0.323647533770466,-0.929038747606826,-0.54364133147872,-1.40928049308407,-0.343310886624814,-1.95882794443726,-0.515516037341683,2.2497778818142,1.04259602285152
-0.387013075417146,0.334838792062614,-1.05923950742731,0.218165136505995,-1.35325596131997,-0.797407648345164,1.83072668678463,0.804757554792182,1.55404972850354,1.74047022017602
-0.47525737090656,0.152042549098517,-0.734738056916488,0.536554268343068,-1.3567695370842,-0.686990068456533,-1.08913565052893,-1.65238950154051,1.64397735753882,-1.92633209133481
0.192780471631129,-0.502132143851967,-0.282383939005192,-0.982942837099544,-0.968217116706257,-1.22305960136266,1.64826218379629,1.15181030598231,0.964486546980267,-2.30439447698352
0.407116770820119,0.106387002654,0.0676240331662384,-0.98367575321794,0.560302175449822,1.31066921659487,1.19317082678844,1.60276733295778,2.50324203119308,-0.402971170838807
-0.419802481302414,-0.144880247515754,-1.0316365776743,0.224433961848848,-0.981888835466182,-1.13326278391415,-1.96783663698527,0.172492511048805,1.65169036184368,1.79055000710229
-0.422632754958699,0.143318776116649,-0.247504799292883,-0.992002042942138,-1.42801168852869,-0.482868572427184,1.8362633461734,-0.735597024738593,-2.02328069109353,1.43421895148283
-0.110018909296014,0.446959638160876,0.414284700855639,1.03472762075983,-0.12619276753337,-1.51644264051482,-1.29584506342693,-1.53468171279209,-2.53277402899998,-0.490578173970473
0.0379698351477976,-0.454681309160074,-0.356342714764255,-0.847574251266131,-0.681539114011374,1.34547431110226,0.310958271340483,1.97635218363372,-2.43431665433631,-0.626239084961875
-0.219168001070674,-0.404144115424109,-0.296004754850772,0.876774424286763,-0.436998327084376,-1.47189327905254,1.74428793348522,-1.0906269782668,-1.20794410426918,2.19272477686681
0.376994938777261,-0.212656034219817,0.920974304856545,-0.59174815825799,-0.279903739109891,1.40279319852506,1.55769790951249,-1.28266089143854,1.68949073463746,-1.79356382703985
-0.07480391584365,-0.509695280117445,-0.794627466456373,0.636259876303653,0.0358566071262755,1.52197824029623,-0.285455535867022,2.04482688976063,-2.37134394586954,-0.884938853089328
-0.479297114321374,0.140418634717402,-0.887931888190201,-0.492742817141523,-0.534247710226453,1.43419994991582,-1.9750974306606,0.477999833343053,2.2675415527922,1.13411612226747
-0.281490864737523,0.380309777434554,0.499344396621174,-0.717101889632316,1.49708551404577,0.212275419732257,1.16179487910891,-1.57367617674568,-1.30039917578959,2.18954277824831
-0.516170291484641,-0.0281810444055794,0.278283912110913,1.03145243373082,1.17955933413636,-0.891065729774328,1.28623148407908,1.60721761633461,2.06289323940435,-1.20313677978591
-0.271727751095954,-0.475296958634422,0.0495290556003815,0.953363574968712,1.26658080332199,-0.784067728472362,-2.01688459320126,0.291682166453342,1.72475137021845,-1.84374527267355
0.544715904774097,0.00996150867353304,0.19442602560987,1.01321897956445,0.701662832659503,-1.38362094664192,-0.592750315295606,-1.91962612198609,-0.282367607552049,-2.51073175784785
-0.318491473139168,-0.502979057400986,-0.617731919372854,0.875173751655209,1.32957621813255,-0.647479751212021,1.21031007320916,1.62750424970452,-0.693874500366893,-2.35680239888605
0.30745131758592,-0.332331977319756,0.870247801156067,-0.554463797847337,-1.29119127967102,0.686079329027304,-1.53837664440183,-1.29597784595165,2.32346249204758,-0.895719675349741
0.457224861311902,0.0256087691410128,-0.239732072545948,-0.954956798840439,0.623582666139425,-1.46293127240881,2.04168841474689,-0.0744837497932537,2.23020542184622,1.22953756141328
0.475201783791625,0.168094420123053,0.080509422396735,-0.957352254287002,-0.958798518353682,-1.13264372701197,1.57296803818069,-1.33459422136264,-2.49941647095084,0.223275621639451
0.252983936984802,0.327309514882951,0.763786852551069,-0.689340926338322,1.42123985470804,-0.485574714914175,1.99721480372045,-0.189071896214384,0.497921681370712,2.405524860096
0.145754811056775,0.611502312879866,-0.933345057592479,0.106877094722787,-0.654196818474182,1.35911338656083,-1.89459089195232,-0.952639731181029,-1.7804892963205,-1.67777987509676
-0.352148205809785,-0.362466289995029,-0.298659332518208,-0.989810045128922,1.23614780040369,-0.816631566043587,1.69662160108525,-1.10841744995851,-1.6460958969034,1.89643332306538
0.356335293886406,0.278516445639455,0.000451947958402366,-0.958158019308829,0.917332192851018,1.18913296336569,0.832683584155132,-1.80422265229233,-1.82072425957398,1.74718433566095
0.368684677623141,-0.424554947194327,0.801936512925905,0.674737905360065,1.17092079024838,0.803029662034341,-1.03812339511672,-1.76503121928488,-2.48439285532767,0.513866159527366
-0.42996686238505,0.0838084585894183,-0.822542148952418,-0.634130807175077,-0.00767612250787585,-1.53101992825697,1.26470690624844,1.55498805225106,-2.32268829995143,-0.85693064438909
-0.221296284517848,-0.444830899780117,-0.407587510654406,0.907180568909732,0.26398296874113,1.43554243197061,-1.30803964602082,-1.52293632419384,1.34177748091549,-2.13894112619736
0.476792167449542,0.191284365027835,0.80401857111869,-0.57036615886666,-1.02528524732094,-0.947285757260848,-1.29573013892618,-1.54760272073904,0.74940406839743,2.37260595415376
0.197011219056544,0.473236062530354,-0.863780365462682,0.453552071873365,0.0225741692331367,1.41811884307965,1.47288030514333,-1.394885803336,-1.33837993303552,2.09187597792852
-0.499328835897644,-0.000282992921453198,-0.652961152832499,0.80013550913417,1.17761518430378,0.881444307245993,0.613809611462404,-1.97186250308914,0.910138361173514,-2.31199757651042
-0.312721833260614,-0.486962062271368,-0.655564544969085,0.899967599947004,-0.319263179223891,1.48632720836808,-1.59308024228249,-1.27223699473836,2.38511713101094,-0.698576778285654
0.315889543746441,-0.406747609759657,-0.335780231597481,0.97243341619146,0.979622027400615,-1.09251244762439,1.85471890045213,-0.649302867124285,0.362885411443001,2.50871212103332
0.479666934372513,-0.374977146611483,-0.963739779634192,0.45466094896021,-1.36362936517698,0.676083989424723,-1.9251085516677,-0.130280148878049,1.24034323885239,-2.21539194279046
-0.0418578429256835,-0.540039781470361,0.812523887870316,0.510994530535526,1.53479222893539,-0.351278676097424,1.30809730527978,1.63515936813095,0.685407324793333,-2.36770635500218
-0.363067611107896,-0.365638643164381,0.551897223341106,-0.836075382154447,0.204550951271142,-1.45274493045249,-0.766367232368064,-1.82218855779968,2.39302544840726,0.777493644185143
0.0546033610292283,0.412502555215271,-0.16919897252808,-1.0244655934192,-1.01952526634453,-1.05196175634296,0.474699540187269,1.97697739681425,-1.86227959167851,-1.83289197246842
0.156777015114522,-0.449636415578844,0.0835982117893754,1.02362579917233,-0.0622963488518666,-1.48223486016853,-1.76697673484974,-0.926190130676304,-1.88227492741654,1.73521816262895
-0.45469998298541,-0.15776112139955,1.02207251246264,-0.305508332362868,-0.649428888436045,1.32530623663421,-1.83326841653132,-0.905399814078467,2.13830054326616,-1.14896761782025
0.29918350766282,0.399455844240377,0.470495104487623,-0.916571390352235,0.968525092141145,1.13874986320398,1.47294363693033,1.42957246509043,1.51531794944811,-2.10003115387149
0.301482399306366,-0.451155201515006,0.164266862885604,1.02749779909012,1.45998960511487,0.571666137998672,-0.464815353079332,1.89538946124927,2.48957391862477,0.596942535986352
0.389210373241965,0.312897928331184,-0.741524067408405,0.530536091564102,-1.15548776063457,0.992443343223854,0.214616957518762,-1.9234301593127,0.624168848628676,-2.41396696892537
0.407133083061383,-0.0293978301994606,0.62221460021776,-0.830671593049084,-1.36780541239411,-0.65031621723531,0.28936457974492,-1.93950432722259,1.09785408268156,-2.26913111885596
-0.512793368497766,-0.00874096477359007,0.587293153899171,-0.725220154671542,-0.779464038292843,1.34312696820897,-1.84069289053201,0.758155246427105,-2.51441949305209,-0.526964668357211
-0.394973479595881,-0.221155525590653,-0.783006650378065,-0.549657047817972,-0.85678086534533,-1.22412656031613,-1.70579259532017,-1.21097714462044,2.44508884258788,0.56580912394668
0.266399220181337,0.449055049491431,1.02730574003704,0.390620995409686,-1.47492616663881,-0.0222152205609808,-1.2264566039697,-1.51314602915981,1.94534393407855,1.38934094740419
0.366891593505056,-0.365685082623693,0.324107372641144,0.991051048952135,1.54601946870673,0.021124703754037,0.472663378462549,1.95718377641241,-1.75175724056108,1.80714769721804
-0.235902781192379,-0.4307864546183,1.02894534170839,0.0524945603244777,1.53370321731553,0.0503461335130255,0.950085809253288,1.74979496417172,1.49192369490943,2.0191991086832
-0.151957693876701,0.533701293774907,-0.280257324512995,-0.843860841926785,0.160570969619583,-1.55923646306139,-0.635428052647886,-1.9319395931256,-2.33466803127519,-0.543715195053715
0.423405770078444,0.210745327820779,-0.736541752751476,-0.726359839481143,1.13083635024126,0.724781301462057,-0.915237295678823,-1.76531839778581,0.442759644797214,-2.37934447262078
-0.17957167162621,0.510039283101101,0.921483555710739,-0.183401830167867,-1.48492888841262,-0.0839201217028358,0.833361620289672,-1.78280923606968,-2.22664262129583,1.14593298408107
0.489701874679658,-0.142422221951645,-0.583331311036311,-0.927019772143354,0.898288216795044,1.16207638381698,1.18887478170083,-1.59277132673328,-0.205770784799216,2.55558596625714
-0.381075687883542,0.390905713482552,-0.68150458855093,-0.693497325412282,0.0492037539692973,1.44651009525161,1.27900232969001,1.4934440426475,2.50768979122274,-0.322121607200001
-0.375450305258545,-0.225729026517365,-0.0302025785779585,0.993405080257637,-1.11794025578528,0.898973439846909,1.86511623019821,-0.88692128430485,-0.53143947788161,-2.41579104226208
0.0904904038282681,-0.462130789408576,-0.787634413835628,0.615554807011775,1.42855098118834,-0.260434063441898,-1.73777960973795,-1.10111241635209,-0.932573452881451,-2.29511680422098
0.528678321789989,0.168708164942865,-0.847654974688361,-0.46073870911312,-0.629397025044074,-1.18325157760518,-2.03064184609084,-0.0681943297885684,2.50124077396708,-0.227201690954398
-0.528904982118323,-0.207113630613987,0.936807398421209,0.240803856666325,-1.21828018108243,0.731635627913378,-1.88452765088006,-0.505804859155554,2.12783740450242,-1.47439805849365
0.24073063916754,-0.410392479646279,-0.238290326699127,0.953840933955665,1.4369234037804,0.0251335089019448,0.235606714691976,-2.0511734959968,-2.49320095276988,0.47814788515787
0.068755562010269,0.49954541237589,-0.191999455379204,0.930898663064959,0.792113365589235,1.25402463649672,1.80805080630342,-0.951335148289396,2.55567341220725,0.579090860741231
-0.0180109295911928,-0.449714058950365,0.303296921296301,-0.949885666168435,0.840929691034388,-1.24558832318168,1.61201059501064,-1.19350339994902,1.67989706868843,1.77744679868558
0.405590640288242,0.152365925855532,0.698529240949613,-0.631006606820829,-0.397044464468371,-1.39916012401025,0.378852051069131,-2.05807373474813,-2.38495969913471,-0.814776730185573
0.50021697108517,-0.17289966369257,0.734555012780644,0.702635740442381,0.0719259557254227,-1.54817734914187,-0.0241033167996329,2.05808648089304,0.754138156103041,2.41366657691575
-0.269162741318483,0.359894316503039,-0.096302837132996,-1.02234054347724,1.19307347636551,-0.862404258191188,2.00514313305794,-0.460905986548848,2.06395687838761,-1.46543856840219
0.188430141749545,-0.441793020761163,-0.584318511711554,-0.888755213895053,1.24220183768269,-0.75195838256555,1.99177645827376,0.254434738746997,-2.53509164021431,-0.576736827172688
-0.115347570426043,-0.49641402886693,-0.786225317770788,-0.60849765585531,0.934963451232857,1.2188509231442,0.2398860927819,-1.95245559692575,0.688582494905934,-2.32743174204769
0.415094959890122,-0.0273769582790804,0.711184245818968,0.699020426883171,-1.50842796666014,0.078074915507354,1.99750689784894,0.00169115232914847,2.47523569713316,0.118169349526535
0.110710900301812,0.519516188080545,-0.487524932640696,-0.952758383327258,0.135321928944618,1.50253481959617,-0.602764211334066,1.91993901738613,1.91129915188127,1.54302594475967
-0.358519402131723,0.452966031274406,0.140183813371461,1.06490769251664,1.35607157160366,-0.829902280433283,-0.54963304220756,-1.90178696240343,1.41519734827527,-2.04672023691082
-0.374486816701339,-0.396448541682419,0.684647754929618,0.823618238432711,1.02129710125567,1.04068436617471,1.55339837174049,-1.31628513395139,-0.960275582175602,2.24978960511961
-0.268827993993061,-0.438696645943136,0.0843376712606234,-0.927719378703817,-1.53845997829346,-0.158609860628903,-1.60137924238442,-1.19314547077652,-1.59222538459869,1.76152059904217
0.0916186767450916,-0.53388205872279,-0.19914449331318,-0.994470924270177,-1.38190313623136,0.578663472289115,1.91504238236909,-0.465424849153819,-1.09511857202513,-2.25052590564135
-0.475602438635599,-0.162087470659549,0.562531467019108,-0.812246538706717,1.34581057980258,-0.603211987857641,-0.208328300265716,-1.95567887519057,-2.4752651235933,-0.309915767718945
0.397937680367252,-0.332064817443043,1.04250806638285,0.0218584257535044,-1.0147563473078,-1.12929075002367,1.68023863153255,0.956406337688779,2.25766766548408,1.03127658781129
0.412227363891491,0.367828683608936,-0.80801162426095,-0.707569380952256,0.973130275249785,-1.12062810793992,0.0606423255749992,1.94161946268885,2.50553182324921,0.359204816826285
0.195065454573032,-0.439071253834384,0.905741039569275,-0.655197458949636,0.595133995224103,-1.28636050234238,1.45385067578557,1.45002122387902,-2.25862571280707,-0.969984250394885
0.148512048737421,0.360017821705052,0.827591215787337,0.515259475354946,0.672720534642756,1.3150143628569,-1.57912065598073,-1.32046472517195,-2.09587005959372,-1.30539645780386
0.219997637092862,-0.448048212629744,-0.921325196428062,0.224875477250999,1.31821122523756,-0.81152773972879,-0.908826725813478,-1.72947074779413,1.97791094576716,-1.50739096912345
-0.25624844708227,0.347066500502039,0.942894611493719,0.431743440061811,-1.46765888396404,0.00819999685290356,0.00597321659746618,2.022127676174,0.848978657761826,2.38868498198981
0.441692910781193,-0.18666672434545,-0.987878285910549,0.343486380726267,1.25292552870648,-0.814632918468386,-1.32083675586574,-1.38005588654839,0.750366777527186,-2.28263071713328
-0.293501623438958,-0.367714498574752,-0.727628335119263,0.685634264197563,-1.09711296494968,0.990166403130047,-0.565497631582128,1.86830029997818,1.00105039253245,-2.19419292354168
-0.520249263994881,0.0728424270944134,-0.384018964300871,0.882904091595541,-0.764582747156304,1.2521363489249,-1.92082903921019,0.573076899507273,1.38201433014477,-2.07014763953357
-0.14522536555218,0.542077082772591,-0.794241059769401,0.640545345660937,1.13765752969429,-0.934363284126511,-1.89954291270033,0.621472415760365,2.20576974460847,1.18175152767553
-0.424335141340605,-0.0773103458519626,-0.855012680152471,-0.510883474378653,-0.601856802229317,-1.36648129686376,1.81045976809005,-0.834032786977551,0.12460151373227,2.4465756560956
0.437440713126982,-0.11306291773806,-1.07165375405488,0.107014713586551,1.41582723087786,-0.114556096093743,-0.698021060874056,-1.90317077323902,-2.36884938946795,0.914026214302099
0.480977382214004,-0.162059791957964,-0.897571823537847,0.160993987534689,-1.00851157396595,-1.18996612028095,-1.98667986050348,-0.00249320393595695,-2.24584872527483,1.10279908409475
-0.211600578728179,0.423053557307219,-0.621583658877381,-0.8842000946872,-1.21536838896183,-0.718741780341341,-1.79463917702182,0.867780235123535,2.44894914635154,0.643475687929246
0.452365374682716,-0.292586161001418,0.41748042838536,-0.822947560497701,-1.43191407117555,-0.360097498560715,1.40957792642209,1.51088548861645,-0.398175992828428,-2.48933205826866
0.579271533957649,0.12186424646803,-0.960291609442742,0.0148472944767256,-0.454548686138804,1.45529587421772,-1.25525627572456,-1.55175070316871,0.0191952379883583,-2.53851296246922
0.0118088724587524,0.519153697368528,0.421384187774665,-0.953765177148204,-1.06378933544584,-1.10027184242812,1.7413776600569,-1.02802594740171,-0.507718441351575,2.38612727748356
0.484010863976369,0.251674106228064,-0.639064467757511,-0.831365724153347,-1.07129009529566,1.03195105117131,-1.7939334433971,-0.780036614649727,1.10057725182458,-2.16245515393718
0.35189019040951,0.273140540217228,0.734081882619661,0.598706893989086,1.01079972269512,1.05812883758505,-1.66385577916591,1.13729862733358,2.50559751274365,0.730509245183324
0.388133043544788,-0.437852378631424,0.619182501840249,0.80388734388471,-0.0375456416210943,1.45036379607827,-0.747487350460735,1.81069712177949,1.75817722335576,1.67547703609744
-0.0809528369709086,-0.460413028573839,-0.298223499242778,-1.01922334270546,1.28250815257747,-0.583735498848564,1.78100001533114,-1.09311353705055,2.03886707100555,-1.43582668335222
0.369644747826973,0.283639508806447,0.900237010695441,-0.37949963828841,-0.957611595327236,1.14654068221683,-1.11803716172775,-1.63700540497437,-2.3422667140826,-1.10539821953519
-0.117079133033031,-0.447865753887743,-1.00256659626743,-0.509625009573674,1.45159295491458,-0.370968540477391,-0.471561782098205,-1.97986616336595,1.5564983282853,-1.89791126531777
-0.28758574219334,0.33143806909293,0.534218250281299,0.82343058205379,-0.441724611456333,1.31128304039472,-1.27882715380239,1.64848969842503,-2.3989393811799,0.649124748940741
0.175762118870469,-0.469611249336603,-0.99635813578506,0.0118379390232901,-0.98146646426969,-1.25416987920001,-1.97766342112925,0.280970590634033,-0.775896287409764,-2.38794837334858
-0.116726313107259,0.54351578471041,-0.864950706620749,-0.55124255134722,1.49804487820594,0.263200716514421,-1.91348768366689,0.648798923885106,-2.16210351489383,-1.21034145867996
0.369499247764552,0.355231290856945,-0.942064859828995,-0.345491524642298,-1.24959574013124,-0.733099751349664,-1.49617525633146,-1.28220913227012,-1.48732150147515,2.16405382425411
-0.35389245836783,0.147588934059474,0.418964549569071,0.811526554666921,0.635711629894812,-1.37308263126819,-1.001498175962,1.79608892234048,-0.849788517503672,-2.31102792135259
0.0701999564247565,-0.453535442404168,0.693645029398135,-0.793995677684192,0.915898717191261,-1.19795855837398,-0.126663380386418,1.9171169211124,-0.37836916340684,-2.47453084435899
-0.328464216128488,0.199474284163309,-0.993032362799543,0.209827317577971,-0.700244334734864,-1.27875013774286,1.31551732280693,1.54434463808017,2.0985333924983,-1.16137412655534
-0.450657018137981,0.36522373909791,-0.389639202507597,0.970829495634651,-1.28604554417681,0.711224040437715,-0.954233634657655,-1.80473941020733,-1.46095487315547,-1.95183400498412
-0.446857780544037,-0.32155834212086,0.187225097534309,-1.02069403800315,1.39730476537218,0.771874108042923,0.740357628232732,-1.76262989524914,-2.13899516217672,1.14315898066431
-0.432444672510412,0.236305606114136,-1.0374736931718,0.16133677897471,-0.000938223344829165,-1.5058180663339,-1.11818428489802,1.64793632824833,-0.936612263443215,-2.26084629748814
0.509135802352217,0.00741604050756718,-0.92356642579203,-0.13885915914124,-1.52406992212632,-0.0390123320513501,-0.597600145167473,1.8178107540872,-2.28675572326666,-1.02867202274467
0.547352000939142,0.0299028123104728,0.666904130315932,-0.680883956007308,1.28007328115861,0.802083883031418,-1.92244919191968,0.336940737092014,2.17662186402444,1.18126614139774
0.458860016955392,0.238362535933876,0.425788289362012,1.00976381041614,0.146658515075338,-1.50151549568264,-1.33603739752799,-1.38502491869737,-2.4286813966137,0.580073083208079
-0.420177536217165,-0.341959960878133,-0.882983482728403,0.456435827969782,-1.58066619860458,0.0782980856183552,0.684240133035764,-1.84044988948352,2.53797650603115,-0.263872406091771
-0.134808992322264,-0.511384353434798,-0.565020884123038,0.770204572918628,-1.43196429279234,0.61060786329652,-0.244228120461882,-1.99410649550894,2.49697310382739,0.0875724456222473
0.202665891639481,0.498738070480561,-0.0280488591101714,-1.03717753102706,-0.987406951507503,1.11557524589982,-0.566074634361433,-2.04111962078932,-2.52579051170942,0.145942020912102
-0.226215928339455,0.401048412403345,0.1045081356302,0.994977221166258,0.635566908392002,-1.24365105302524,2.0087644775601,-0.459090047429384,-0.0728171079807565,-2.46964673053511
-0.381796999202055,0.430135882652484,-0.16534590832647,-0.990141149088942,-1.10923737368334,-1.05973296613217,-1.59347538558432,-1.09169491363478,1.96966823143449,-1.37735423104081
0.495599259025685,0.14577888597518,0.662092145994424,-0.685261344321337,-1.50986999699987,-0.3766025207331,-0.432877831982242,1.98091524954963,1.9109560086873,-1.51107565128431
-0.343083079714118,-0.385194562217368,-0.718115115659128,0.671694266324864,-0.941571219449937,1.09016338925542,-1.27043580926108,-1.5605528421711,-1.90807391089007,-1.5507598569012
0.296410345593575,0.561241173239865,-0.734276739280722,0.64118676437614,-1.16674306707053,-0.990529814393874,0.985136030348238,1.81597836458425,2.13321253693957,-1.47196380017644
0.434942118880782,0.0744748518265924,0.753070837792683,0.833410553938575,-0.791252888828974,-1.24073929464526,0.683105861743367,-1.86638654571859,-2.11716403757379,1.48103634658078
-0.378871311414268,-0.170373235587505,0.801764910232998,0.554049988070048,-1.47140174132888,0.396820118146285,1.37551513721101,-1.41632101999053,2.06534934192621,-1.45043290574472
0.0606408106939118,0.554432810485659,-0.66784327154314,0.623940920768085,0.802670988537443,1.28469287202396,1.84146721816831,-0.558218293852514,1.45647947938352,2.05685464555947
0.329481275403617,0.397290187324466,-0.656468450594074,-0.731321173088393,-1.44906474564439,0.448758277166535,-1.97653493971895,0.0267826060884808,1.94932950092279,1.56633045021031
0.526801310709419,-0.0818675869198305,-0.114406159795713,1.07569098008079,-1.32630881063742,-0.756789961477985,-0.705713554975482,-1.88649924112406,0.484059694644915,2.47230621207073
-0.227311154216428,-0.435551596010678,0.940663099506083,-0.541662601454963,1.10640539921479,0.942171608140371,-1.609742220528,-1.25392649886714,-0.894680282294457,2.30590734301842
-0.00683431187323034,0.415278296625496,-0.381327903994647,-0.89640588530061,1.43524080022923,0.470114137846108,0.657042293846933,1.85310049932193,2.52946600227878,-0.00669340383639154
-0.343882070006265,0.34644246954106,1.01154970396507,0.332825887821967,0.213208272184806,1.45032178776822,-1.91244549255923,0.685656433879449,1.41928661364961,-2.05803529219626
-0.454636094351966,0.211729835316628,-0.102446314071244,0.955295142439641,0.233228612915381,1.40961499419176,-1.56475732272736,1.24619298194736,1.80439522016438,1.75871861269778
-0.417997573509568,0.34515406885481,-0.777647930994605,-0.557763783641361,0.793260383900957,-1.305024142743,-1.03154188178635,1.71387086779083,0.557684293771516,2.49629558107147
0.197298735127632,0.375008669911854,0.846357415908949,0.404477397071572,1.37697948967499,-0.485132003135667,1.81130848069271,0.900460863669054,2.54714799511937,0.414032773444135
-0.386277286565794,-0.328593044515867,0.344400425798054,-1.01328440206069,1.07664687064369,1.07388214901432,1.54964665291535,1.22136499068869,1.35120897506994,-2.1587290539714
0.22468994993885,-0.425266100284376,0.125025322954591,0.982208186421979,0.167945207591434,-1.46563550189657,-1.04405507010004,1.80667085787599,2.18592326591637,-1.15385878766773
-0.496837119215944,0.0315857752710474,-0.442522635065033,0.794657526140703,1.44246840266084,0.197201285835008,1.51532259105383,1.35709193863132,-2.2111146876785,1.19275870441128
-0.24908724977481,0.380788066877853,0.982334604343914,-0.0997824069250733,1.195944416231,0.927612380396773,-2.04290829935724,-0.0953695184521908,1.14857895144925,-2.23097579711401
-0.335254457903662,0.490387608469073,1.02286294988299,0.0599285189966336,1.40019088414224,-0.666080821465581,-1.93377141147555,0.452304456886062,-2.04498343279408,-1.54714338112498
-0.118226600926327,0.496440411098407,-0.123005940060174,-1.04740584433638,-1.51712047817156,-0.473687692717057,-0.939982882299107,-1.78032972733667,1.99097809934298,-1.62148182242814
0.300138395683671,-0.404909837106928,-0.139730377384187,-1.04674669055299,-1.11218732261329,0.981797650471408,1.06410455004078,1.81279660868833,1.12053996516938,2.16840838670126
-0.253495638914811,0.437736263248759,-0.911338557410603,-0.449543484056375,-1.41990816958591,0.101570351257988,1.9423015102772,-0.425880347554805,-2.07486235987447,1.34450946850925
0.47984539061573,0.162917857401965,0.625296144960143,0.822412837889404,-1.26794739192531,-0.838998516462166,1.62034548902891,-1.18201076102717,1.46023302038466,-2.0090982727344
0.00818865997368028,-0.519128799321886,0.477656408730063,-0.842309303363332,-1.39706668559725,0.554936935720043,-1.93575527339151,-0.536202132076298,-2.54712337856038,0.0393982428112946
-0.317350111800406,-0.508574668402205,0.954377860231473,-0.286568526861128,0.633244009654373,1.36860152137657,1.51794805360595,-1.35111823905574,0.364192032273381,-2.45617819156869
0.455539784566436,-0.170639144113842,1.05975859967334,0.118535159709652,1.11735524976089,0.813236044534102,-1.30735549872809,-1.45699599422869,-0.584462795778525,2.40711046738751
-0.292435572862486,-0.412470056983576,0.715516116151474,0.634624752803815,-1.23492454707828,0.838415910556583,-1.80020858791478,0.847070990438397,-1.25900814366321,-2.1734265051154
0.240855456810461,0.409648865596388,0.973450546597429,0.338734346885516,-0.560092113549956,1.44565274791513,-2.05190780479038,0.00791612393557816,-1.91962750635962,-1.63142681999544
-0.224494349902684,0.393831003446721,-0.164854601545277,1.00049477503376,-1.46038484378029,-0.122638474600756,1.95303395093999,-0.530806571997954,2.00541856385707,1.38800135303043
0.53348560533941,-0.0990343043700124,-0.355078104401042,-0.868037135008821,0.785543675866143,1.18335394798307,-0.66417815343313,1.87637798796913,-1.17510113346225,2.20999796463137
0.395478686205252,-0.240193285275652,0.809042980691102,-0.510071735512474,-1.55284257624648,0.17600827292064,2.03513168920402,-0.506532857055635,-2.04451190078259,1.44108495256976
0.0832182279553586,0.453590968627782,-0.79220323600382,0.460706263092822,1.41478729559266,0.50766454048255,-1.68609986355578,-1.05646894364725,1.56841570756043,-1.93328702976629
0.344354719332934,0.435729190117019,0.898284947657987,0.522551810883619,-0.975459044788712,1.20288379229994,1.50179637324419,1.42742271302695,-1.40974164361436,1.94336301056685
0.469853579643666,0.368037469740531,-0.424096119814645,-0.783321015823633,1.50621593321874,0.378232516939329,1.96387417524806,0.392575561423792,2.48588224723939,0.16663545917999
-0.521577871914521,-0.202949739027909,0.971444254911921,-0.295193014209918,-0.243583531112716,-1.53799331982565,1.71319175277739,1.20329386172888,-0.438203410113084,2.35491055765482
-0.446865557079021,-0.321563822155937,0.50777071367968,0.951005425403132,0.797123419695569,-1.27003774745378,-0.515597749670727,-1.86697062520167,-2.35679418579488,-0.900451779146958
-0.00659815525023985,-0.521878193500052,-0.342075808285571,0.84327958050626,-0.266978850617738,1.5365630449089,1.21646732732959,-1.52695838509416,-0.305185711911465,2.45462643767511
-0.543549315904148,-0.0460805910109702,0.60287331424009,-0.729971576933595,1.27617781814354,-0.79556716186368,0.826694000841013,-1.81994270029877,0.967153661391694,2.37235746685821
0.0743927768099103,0.511109255977341,0.688430710280958,0.780063669235873,0.326835694221763,1.42669699324999,-0.688145666509922,1.91166159238715,2.05357810205167,-1.55135292660756
0.30849589815015,0.388632531521523,-0.880806435810184,-0.416011348743087,-1.17437653043423,0.901114965296365,1.94743849915597,-0.479970876278032,0.762743694912511,-2.31939391476696
0.187419008065198,-0.415597416100956,0.905916164705829,-0.238903557015768,1.50570154894047,-0.154586590794989,-1.69661841847208,-0.969830867707002,1.12605461649991,2.202052609795
-0.274149444278553,-0.421994186281182,-0.965634524933354,0.138791895335862,0.140356613681944,1.51480510648787,0.337332840270611,1.94582224328119,-0.619950241507113,-2.44314466412408
0.0688137204902091,-0.553064130402102,-0.876755556299838,0.273763066172655,1.16533166739306,-0.922434404792205,1.44028548104959,-1.36089980740529,-0.758716120666644,2.3738848290866
0.558943855966244,-0.0424547498730557,-0.435498953054975,0.84993935659303,-0.717177360469435,1.39127718214802,0.706586921493253,-1.81019459188271,-0.0318049341341097,-2.48679602473133
-0.399920221354576,0.360199214370411,0.595025456810508,0.850140073868775,0.584033826535181,-1.36047902148399,-0.840872087259146,-1.81443302121389,0.364060059501133,2.47408883501756
0.15829692452277,0.510300795714982,-0.874942672682349,-0.474741288583523,0.568248444913551,-1.33362893452058,0.936546311790332,-1.77732879083471,-2.32352412068402,-0.862244362750651
-0.363098628716368,-0.33329697979299,-0.859491054054848,-0.437884615237875,-0.00471676256242556,1.53931790878223,1.01004081823532,1.71985060227503,-2.49032646371538,-0.450776593665622
-0.230176399734792,0.505375513012761,0.212678120687251,0.950790966849575,1.15809140009615,0.981116733517126,1.95265681070086,0.226432844518978,0.895045128915479,-2.36017212299945
-0.456745475636385,0.135268993586374,0.12785101360156,-1.04075038860385,0.536220824329226,1.43217108846595,-1.79334538487506,-0.843434159730101,1.9137693108604,-1.52732671916296
-0.156796423471382,-0.555949570267102,-0.469482676266008,0.876026360697909,0.844024871734381,-1.25319205908384,1.72399105595356,0.981965966233481,-1.18005820886375,2.24383770472969
0.463483820794904,-0.0851558118105735,-0.718769553677455,0.699753155093375,-0.531759895554292,1.37509112468245,2.02829344654287,-0.2562935979189,-2.26313576761335,1.0933984732035
0.376207742654533,0.34703255864717,-1.006142919856,-0.115078781132538,-0.0203666779390055,-1.48175228686494,-1.58669443197595,-1.0959218302455,2.44320228388302,0.58058364812695
-0.473362530676194,-0.080199824229053,-0.349910157816293,-0.89181206026618,1.34301225472774,0.680451366781581,0.312638071514716,-2.11363461577974,1.98537764246173,1.50256477979778
0.298048676036623,-0.471758457509393,-0.894397748453112,0.464524471581421,-0.695715185283821,-1.38208843336059,-1.12459619089943,1.62430410412853,2.29262692320713,-0.697889978181439
0.294736022816845,0.364521534083022,-0.866330334385444,-0.492174084889491,0.167741388733564,-1.54055463426339,-0.944720250550216,-1.73183530112055,1.63731414363923,1.9136044530536
-0.40169181719049,-0.290028776637909,-0.547614579542581,-0.849276636399173,0.760992196367079,-1.19119333890503,0.973015758158961,1.69131017156993,-1.33174369517668,2.1852308411627
-0.495137201171636,-0.12709304802533,0.728936225197184,-0.736116750863786,0.539719081999065,-1.51836741974176,0.280727329253644,-1.91968728572695,-2.04110090139281,-1.49752908008948
-0.255857192604229,0.461100705512382,0.758223951368605,-0.609043178308089,1.36708464410777,-0.608555849518596,1.55349968435455,1.16295185509634,2.19678750091179,-1.13755791372656
-0.000284091213859791,0.454708174667316,0.888558335538783,0.0720407736476651,-0.284932562355009,1.40055903522788,-0.844953229684333,-1.78334957412781,-1.57334371281802,1.92321991714468
0.38318200538002,-0.0873504879535098,-0.950257202978955,-0.279384556638987,-1.39923327585435,0.462477158334431,0.502637888443105,-2.01063370474445,-2.08800117722813,1.45537645715772
-0.455763042547447,0.214489356019899,-0.867193570233664,0.143099284899783,0.163334039320906,1.49404178201087,1.03608733711534,1.7274044882581,-2.06057817002738,-1.43155431367858
0.475152376597696,-0.13528309672652,-0.635584888368092,0.781760318799597,1.59416002385249,0.0302664188851024,-1.82736688451725,0.789037755995988,1.23896478402603,2.10743385101463
0.0802677532794381,-0.45643163799357,-0.605391369254165,-0.74660053099692,1.0606603448957,-1.06572437540683,0.622937337986867,-1.82716168097006,0.950270506850976,-2.34333457363476
0.381614855968885,0.478349313510716,0.920635070018602,0.132017802938756,-0.743850815441952,-1.24037060736164,-0.922174148503626,-1.83786595013747,2.02033123256354,-1.5205860274857
-0.273370967305016,0.408936567306121,-1.02749518638267,0.221741894269896,1.18637188722565,1.04268057876801,-2.01334056633591,-0.226309878257224,2.28302388221432,-0.929048708885261
0.467273928898225,0.164949390900745,0.779540880457901,-0.615586632283247,1.4801252492757,-0.270765609752303,1.43159816113596,1.38820685152822,-0.688212721411743,2.37798043246276
0.266831125304726,-0.483733159557649,0.333702949790113,-0.920491058306538,1.40478638801109,-0.364612215105111,-1.74484658487104,0.884646823322871,-0.760059691189913,2.36571234040144
-0.521833301684239,-0.341805761934322,-0.961006518211201,0.398270037105667,-1.49446257075118,0.367297200180534,1.35836592148475,1.37434675715398,-2.42632805000433,-0.341916037471899
-0.433399832536904,0.242348136976184,0.894644729859091,-0.496122560279771,-0.482338441431925,-1.41279056057238,1.94771203179912,0.24938763992974,2.04078820166225,1.41738651374228
0.0606956682933886,-0.475687880517959,-0.916278864393325,-0.531066170891969,0.228613757927294,1.46397992134012,1.90661350555187,0.728893770098531,1.25669979520674,-2.06526113940673
-0.279170307369499,-0.447013798358779,-0.809197473111711,-0.611441479227818,0.458906833111472,-1.46729661920657,1.46185428091599,1.46635619469009,-0.205998351658021,-2.50615430956342
0.218902420864985,-0.529215384036073,-0.154926964486146,0.924867003694323,1.36240661685473,-0.788229854965843,-1.87003034175887,0.502416704526911,-1.49084013984958,2.09994545055859
0.502436284723851,0.312266010916693,-0.876825601151159,-0.394517755630189,0.17261328633259,1.41137996278987,1.93067377029653,0.543508907813209,2.49900125801594,-0.489771087127075
-0.486721303895758,0.123009681382071,0.761863641404741,0.736110493108082,0.0719314150820079,-1.52945178726967,0.940232699944272,-1.6858219506226,-1.96854336684311,-1.63589200193712
-0.430347436289151,0.138665451066274,-1.03761829115846,-0.0211928485465574,1.15865765345459,0.972999854783903,1.90821517687266,0.903339744001816,1.9142130610795,-1.53572617726847
-0.404583855596164,-0.26857674401633,-0.633992886843375,-0.810550497184758,-0.815916553188381,-1.29163631466045,-0.968420864085342,-1.75500794940701,-2.44443852510562,0.033083053742967
-0.486284535020817,-0.15791772137316,-0.483410955559042,-0.88302344345093,1.4056172058525,-0.557751376030844,-1.74647418662704,0.998011947657065,-0.0860988096357519,-2.50738687177729
0.074730274682558,0.508089169560083,-1.07911755752943,-0.133406448192284,-0.705853542603506,1.33553571402422,1.69609172738303,-0.991606505374575,1.24944316414719,-2.17568915744728
-0.509667753670183,0.0248334960002087,-0.24067062064894,0.843470988502851,0.585667421309603,-1.2927700646637,-2.05779456359396,-0.335263749701889,2.41228355963931,-0.403741145565845
-0.218695140168105,-0.472048806725531,-0.930496791080629,-0.176045471972325,1.31905518876665,-0.634450898965344,-0.422389434480778,1.95401755010831,0.837052200523288,-2.44614343551272
-0.35578042136434,0.348727129784058,-0.646724224344224,-0.814027435495958,0.0934142868643206,-1.48015400789367,1.77975802417434,0.843144782205318,2.36389929233664,0.667492748923527
0.194435535918173,-0.510771033917699,-0.619357871222357,-0.920058302320689,-1.44702501202267,0.524632611060753,-1.76637003205723,-0.857555573986319,-0.796172667838896,2.32173398412748
0.388238723533655,0.298094793290975,-0.494400594397095,0.798693984670869,1.52203981447014,-0.309713257011543,-0.507933860343801,-1.90223551671403,-0.522449307409224,2.4561633175345
-0.53696761061635,-0.0267557173785572,-0.156179904321327,1.01466465655352,1.32805082560728,0.710175864323644,1.91439899476371,0.647033927151026,2.07991094963194,1.21235765670167
-0.153415382568041,-0.444806227249491,0.48307268586343,-0.974366467467645,0.247695285171631,-1.48551629001049,1.81220931366238,0.77308329469844,0.270708156634355,-2.52000866475686
-0.172100469047704,0.516142050773354,-0.883821378948538,0.463959108945498,-1.43993785932881,0.42035744680665,1.21644432107862,1.5709371449676,-2.389816502041,-0.0625357822235014
-0.534863500408042,-0.0147341832328176,-0.822646425296267,0.594275874683365,0.644965507960827,1.32345089832032,-1.8382722429907,-0.846863062243485,-2.18100523914153,1.00049755716869
0.452452541697893,0.390092881260094,-0.177964661559906,-1.05029326915157,-0.512874326104149,-1.40977798802601,-0.209042670003638,-1.95775722015518,-2.35193903237538,-0.533024600545588
-0.269612555207897,-0.509019295622811,-0.63743941958527,-0.789996359362797,0.267897180852772,-1.42072269585066,-1.238710665135,-1.54190921327331,0.153582172390509,-2.48615055458887
0.214588900852215,0.461638518747318,0.670279403753291,-0.706651984560745,-0.229110178039661,1.50198035251479,1.87478302281081,0.720305793526935,-0.617469607075468,2.41964077091749
-0.55561658481955,-0.0364895039087266,-0.229152300194431,0.936294743186511,1.39225144256558,-0.620319387230967,-2.01808367462411,-0.0917988312399186,-2.40505566705314,-0.649588997246157
0.437931997987725,0.182056986460391,0.653174171240896,-0.665146061782675,1.53778918836865,0.146195049482123,1.1750127260257,-1.68960757846735,-2.50233784897369,0.165874555470462
-0.143481584074595,0.435483036005946,-0.672462765061473,0.783572994565342,1.49602833400531,0.178574219591312,2.06094439680168,0.409363757810677,-2.39326030423465,-0.78984435489733
-0.0417943986054017,0.462297392084838,0.352692927614718,0.887603639903619,1.46746713713059,-0.314055912353662,1.98600922025334,-0.626451445536462,-1.82196458220331,-1.67667360561783
-0.108743194519598,-0.517875549059806,0.313604420228223,-0.932568597001991,-0.501907849758643,-1.31005084060109,1.22555235106287,1.63512317237713,-0.070295039795391,-2.50503831238605
0.466738639012698,0.271743917375413,-1.05669117555142,-0.126268156442434,1.23522560333133,-0.90492474262876,-1.63925452234062,1.03439096899752,-0.866565665765501,2.35696197992751
0.133669197181051,-0.439093634299043,0.128408741016631,0.90950018045236,1.5003612910506,-0.22617352991022,-1.26711201702984,1.54526064608282,0.393791768691575,-2.39942225007286
-0.171873629010471,-0.356681587119081,-0.551612753814772,-0.818597091046012,1.17449109277208,0.915271827952021,-0.237640777934428,-1.96636154166027,-0.107316166503824,-2.48153532379475
0.158527350949258,-0.440484782227362,-0.471319700997542,0.780111357626663,1.44442825713591,-0.0504624163824748,-1.91097162172842,-0.778934034152287,-1.65442268423931,-1.86790063831502
-0.564413067605216,0.0224106755929132,-0.324719057817022,0.908928071776804,1.44633943599252,-0.444528134885777,-1.85331616795385,0.535044890151607,1.89778767864286,-1.72174886145514
0.410341893161647,0.0501949305300627,-0.729215698642968,0.637478867949571,0.529717645367571,-1.42900691841655,-1.06190230695479,-1.66560056366138,0.0108715696723703,-2.47278433617197
-0.53529374536609,0.0471706788491188,-0.6630302988103,0.738404308313836,-0.633603268179792,-1.28929679182102,-1.97687683461517,0.126988737976858,-0.42464759173994,2.37712693581667
-0.395850850456434,-0.363362591789411,0.426305649774636,-0.879229735311888,0.894371631357968,-1.28077305800194,1.26698284224346,-1.61695666058157,1.15461775490753,2.35235671289472
0.278388988237091,0.411196022769922,0.411910578264994,-0.923194313332998,0.535567533383515,-1.44128258190852,-0.514004945910594,1.97187722446315,-1.47790566147159,-2.10373606502445
0.566260612975138,0.003753772373306,-0.955349686430975,-0.247596623982337,-1.41533576770936,-0.49721506646443,0.357750024406764,1.95921630715851,2.40740575551315,0.277941601882147
-0.415240277845631,-0.37150299326415,0.873792446160452,-0.241746552896053,1.42719082933428,-0.276395995531087,1.1415779263847,-1.60392064220978,0.352120770076765,-2.63375395039234
0.407054267733828,-0.0840606477398992,-1.00217558749109,0.261476773557051,1.1464031884157,-0.861696187533253,-1.91498460152214,-0.54293763021286,1.29042857252015,2.11906362891921
-0.353554155841514,-0.287046734640028,-0.651930266316617,-0.784264026924107,0.15237812017869,-1.4972239481828,-2.0179144166068,-0.142722111197654,-0.395576613173354,2.54368211537456
-0.551283636140238,-0.1890562594369,-0.481190690038187,0.884123968705974,-0.318903711143271,1.46041956306029,0.738980872004563,1.84583517040689,1.2575112508048,-2.18321046296275
-0.0907715743072629,0.554563734175583,0.372602780567373,-0.92001887186509,1.30929483595643,0.604591181417617,1.97143344289802,-0.468353342220178,0.417631172752558,2.43738559478873
0.084437216414026,-0.553037826980044,1.0645882597133,0.0718753433114766,1.45523794637836,0.385798755607961,1.66681044599677,-0.988248988460772,-1.7203987604403,-1.91523647756039
-0.434612169362019,0.305331341907952,1.03164548800538,0.0968498002127443,-1.449288563204,-0.354527184768453,-0.114812220675268,-1.89379700654446,1.77397175619972,1.6868849629558
0.390333614106179,0.339877149693219,0.803897469409577,0.598096403066098,-1.17135819253593,0.8604414223641,-0.114522133165515,-2.04072971171554,1.17282697759889,2.14723223975705
0.498452960557862,-0.0134038248285858,0.46365854342271,0.872660411585293,-0.900513470595536,1.20941873400347,-1.02450826411512,1.73760420904505,0.225044278120633,2.46092600834249
-0.465422464256038,-0.172491941173546,0.949452745838256,-0.0382677754588827,-1.37079039927308,-0.843463020255258,-1.26464122608185,1.49910038467324,2.1111862476558,1.2235145662887
-0.455992304230654,0.171008298666035,-0.998469400164152,0.0364008601822471,0.418108357100184,-1.49613972169983,1.76740711749758,-0.94432681125522,-0.0301298487412674,2.54553840573486
0.403953464177673,-0.202657583464748,0.774387834819283,0.640659579460351,-1.32308899348596,0.601717710101619,-1.86553548481068,-0.636218600552203,-2.0850446922805,-1.44301659077994
-0.335058293373867,0.359953896115495,-0.147656572212518,1.04937597204459,-0.877220918230152,1.23485218668024,-1.53112467895075,-1.302347916286,0.369995298027719,-2.43186867446903
-0.124850880133967,-0.551872715861395,-1.03416296149676,0.443687500937915,1.45043561670135,-0.151696331477584,1.99880827309712,-0.41218693041908,1.1466205205595,-2.23194720145773
0.0593472615134212,-0.442725395844509,-0.716822593258834,0.637807279814317,1.15104388051684,0.957752932363983,-1.1410430713345,1.62140748648072,-1.1760846533537,2.24482795672157
0.130170832039316,0.545675008525791,-0.840113910315279,-0.625544068686295,-0.734595728298057,-1.26876950672948,1.99460057835039,-0.0841347946981024,-2.45771732379277,0.29012372916442
-0.321162362024943,0.392809935963815,-0.296378186178314,0.96102189731886,1.29666680905375,0.739433206602567,-1.94070307308781,-0.526158171404687,1.7126783137909,1.87321008667706
0.418692408161884,-0.212021807458087,0.573774809185067,-0.749433621444371,0.684333201485369,1.3598226709914,-0.840124248041535,-1.77320724588275,2.00224339603745,-1.36855927520101
-0.424677960080142,0.32137864057861,-0.969362229096787,-0.20708372018223,0.921859620387701,1.13073480950992,0.700781428091667,-1.9520716007648,2.38016525277403,0.571045877388468
0.240800464132846,-0.350810353802705,-0.164354410530509,1.00149979406132,0.417544296552225,-1.45906317168174,0.363087434980714,1.93457622601688,2.23659772964744,1.08695334132859
-0.382043598771629,0.287264625586389,-0.928078979133918,-0.363815934544694,-0.393923569105133,-1.31841720507186,0.615992424252124,1.87697251475029,2.51303874245209,0.171378191375168
-0.0764411177276623,-0.4663361083295,0.416733779652684,0.963874716169681,-1.55290434665865,-0.445269165502083,0.0696052111225792,-1.93296545079389,1.70762857848449,1.83160022381252
0.348392921412406,0.232107168548877,-0.81518063835638,0.54391932384547,-0.377369098186744,1.49862584118049,-1.34699415628105,-1.34245066682624,2.41905120274204,-0.564736962685002
0.514299581061301,0.225687340828373,-0.810512327823044,0.524635500530375,1.45051101858974,-0.208032236585862,2.01538391663208,-0.365883643087856,1.78135141227006,1.71624988855756
0.309014142012917,-0.465446335644219,-1.02016146447863,0.0464375012960092,0.223219637673725,1.47524601823257,1.9225418614651,0.628387629561225,-0.483296073570678,2.50849033574807
-0.326481481584879,-0.315750537452627,0.247350015301378,0.906525672658193,0.786668975885316,1.33341489253453,0.403550414999253,1.92695661349954,-1.30725546743413,2.13895375246333
-0.142100477529682,-0.467365849730402,-0.724968133243253,-0.632247184297471,1.15857327493111,0.929059943320618,0.71724249059715,-1.80057682442213,-0.339721077715994,-2.47905155308837
-0.414821438607461,-0.305132631084352,-0.714262683675955,0.681576601658413,-1.49875925562576,-0.0519098413622277,1.72464029163002,-0.776949150959021,0.330896607166313,2.46695917994988
0.43904347900681,0.335521976600105,-0.970296016896264,0.249215400588235,1.43574304346627,-0.385892166435993,1.92779242657088,-0.587520714422503,-1.2379105186478,2.10513535970888
0.429336438827141,-0.123717342483169,0.162056251222115,1.07717435059251,-0.531814134227699,-1.30206491899368,-0.959775880341058,1.66563853578337,1.79636842699318,-1.63087589754117
-0.0764756761373044,-0.486738490312175,0.853024536638277,-0.598375918675597,1.52199690425294,0.183094961136036,-0.803891548983674,1.89327280563634,0.497854397896922,-2.50885012012982
-0.458705999408727,0.482443379764935,0.0287614818661229,1.05702856405157,-0.684056164775501,1.20127582878006,1.98766539511198,0.524862590453704,-2.23577752086311,1.0575094996325
-0.162814383952102,0.493966968877717,0.462651433735959,0.86946518484752,0.41067738694667,-1.60123218864497,1.13745651005274,-1.65110196889716,2.44387964402068,0.133037616392095
0.0263233163194764,0.515784395750347,0.813419777586814,-0.547282722360957,-0.771900729752178,1.30053168721635,-0.942562849440612,-1.75760904537312,2.42235009580933,0.637839751673442
0.260231373373805,0.468640945675217,-0.428108331244583,-0.821810966994695,1.33526598132265,-0.688739359885945,1.61907852940104,-1.23806911582388,-0.646778639651839,2.49421987049807
0.0620270975491624,0.487457750552443,-0.304492203733583,1.04761386096434,-1.28035257935523,-0.925334438957742,-1.707068349288,1.06108708349331,1.96449427623842,-1.51568237083109
0.360351672957896,0.181885433636665,-1.02034031304794,0.105517134039752,-0.81799188821397,-1.32492414177548,1.9676236161321,0.115322556476547,-2.50325450383864,0.385472842356443
-0.426371480038446,0.0310019990137181,0.957551987023354,0.401919289346096,1.322788335342,-0.90098729132167,-1.93256873229733,-0.523228961979862,-1.80111605325672,1.74739879339033
0.528800351868275,0.12270468794879,0.837193675598048,0.588318968322391,1.07291085840186,-0.92936590512776,-1.36755446071121,-1.59687856285886,-2.53260319849748,0.387918625928781
-0.351453865703017,-0.3483489839088,0.995036732114764,-0.0253031895969921,-1.19235328374912,0.85765729787632,-0.895692888871135,-1.79493909954546,-0.66708883283269,2.40776868842591
-0.30262877890651,-0.434201099064268,0.429535699904405,0.882039546069006,-0.130276060678408,-1.45486562677798,1.87470939081758,-0.596595377598061,-1.95139032264913,-1.61965539389202
-0.0399618913640816,0.512299268123286,-0.120376647668607,-1.0617259084535,0.276578247293414,-1.47354233245005,-0.78280728631319,-1.81175852340395,0.0175530552540703,-2.48014466873248
-0.290519738007571,-0.515301394053705,-0.497701984904228,-0.889286767713503,1.57196622647034,-0.457123400831117,-1.99695716994812,0.0664880699079992,2.27515856323378,1.04550162897438
0.320046419366093,-0.339535283172316,-0.677976852610961,-0.799244890221354,-1.28355310350079,-0.812122525467872,1.84091393240689,-0.841326005852062,-0.670597966026026,-2.38265504415051
-0.531265272963021,-0.0447352105417397,-0.863588594731664,0.30610067048987,-1.40760982711631,-0.764438332592287,1.21676298731592,1.60045434401044,-1.36024096533861,-2.0922324358373
0.0137968086413107,0.536479304705721,-0.107438936945151,-0.921260479788846,1.38633223832536,-0.572506282983102,-1.70358793908982,1.16835912382759,-0.00805639556434405,2.42222150002154
0.52141580041382,-0.174234059519767,-1.01388933309799,-0.237799229043882,0.240518467492344,1.45398960831896,0.0403266323012948,-2.00144597019439,2.49820677165362,0.30044791580224
-0.456775477048577,-0.17617610274868,0.33729255590174,-0.969808676991646,0.406384092968984,1.37654991332447,1.92244094500868,0.778753400622797,2.53456720930423,-0.396608301174069
-0.303594808044981,-0.388377631579437,0.964097515093249,0.300820203840226,0.722621119453732,1.33518248783194,1.48848699208085,1.4285707647968,1.76312224197094,-1.85283358738335
-0.428985437962629,-0.23655260756438,-1.00103780040837,0.015902260899238,-0.3222532897569,-1.50916806214261,-1.63239899170963,-1.03868803546329,-1.47166700601297,-2.04437543848518
0.106420410704835,-0.590945576154279,0.951553559276797,0.270040196795472,-0.709403146763407,1.25289505034836,1.38217960192617,1.57775584535261,-0.845927181522679,2.34540901909872
0.240858721687283,0.513814460091919,0.749884777413788,-0.752761232297559,-0.706152649238283,1.37183284317806,-0.023592211406208,-2.05503371930264,2.49163371275071,-0.227603237761375
-0.329127832376158,0.439151958770769,0.4285675387411,0.928897374747075,0.24005259504127,-1.40524975789382,1.67098351023467,0.913635074485859,-1.51289983450557,-1.97979671098321
-0.200986864269382,-0.485636271800491,1.07918834286257,0.199450610845686,1.43414649081633,0.0440026365694766,-1.0085970348235,-1.73018844444027,0.703783390601971,2.38910616919017
0.460678043007527,0.29555292980415,-0.115597789024372,-0.960714277000513,0.00104629765263214,-1.51827616035158,1.68379180656698,-1.06516845233987,2.11837531833282,-1.29712092424285
0.3967291797238,-0.336824965656932,-0.224723622051979,0.944219031413873,-1.5977599105336,-0.030458574132512,-1.28514366809401,-1.47893794815529,1.60253468769323,-1.97509981353911
0.428975974718769,0.215232240450809,-0.155272997434947,-0.95666228561179,-0.100581787848922,-1.47266314762385,-0.981742617049366,-1.68320730924973,2.33372693519728,0.806044412017858
0.281098223646606,-0.41118056035636,0.107207919332192,1.02571761483487,1.16975537520395,-0.952959363610465,0.494501819428129,1.88117857326822,2.52584465856319,-0.240772858822812
-0.475119762491896,0.244737583083013,-0.592584492110896,-0.78257787372455,-1.22717076933245,-0.777113531798314,0.0876128278336539,2.01619397299383,2.35506723142253,-0.915264075217129
0.143193386952473,-0.430603283614734,0.778559218955078,-0.582331573909693,-1.44922569888975,0.331878370527738,1.40221884483544,1.45629231748068,0.936146286372609,-2.21716525817657
-0.0359012227407556,0.488682002176249,-1.02502502510845,0.0152511329649613,-1.57889752681678,-0.0729235392972811,-1.6676755537767,1.11210792051141,0.729543667518788,2.39614439931178
-0.191293541185936,-0.543530339385688,0.397035041755142,-0.986490709263797,0.393382351841178,1.38893581348537,-1.10408084142413,-1.6300585299663,-1.8388092714227,1.58824978978463
0.309788188880847,0.213671539471487,-0.809843073691351,0.506543528612754,-1.06994098174162,1.02277708371738,1.18832718363565,1.49991799133801,2.44801404864678,-0.468792700852517
0.135738211111096,-0.445826808576959,0.402159867504172,-0.897755531027904,0.734927797218754,-1.29365130130592,-0.477805563316795,1.96473678419796,2.16889011541765,1.32523066266461
0.0831199848389863,0.495540289782316,-0.21375763697032,0.993329256446234,-0.735837895412078,-1.36467099324038,0.733420918595354,-1.82715618884779,-0.396414373455306,2.57646945052924
-0.44628316062091,0.14805812809776,0.575345893598904,0.758736943125407,-1.05359201385082,1.15362743664062,1.99529087512191,-0.29296076207886,2.27162349985551,1.13457521235964
-0.449188698608226,-0.293947055380229,-0.951535104456379,-0.0978467545430796,-1.12845460866348,0.904568759802393,1.95019013056229,-0.232499899935871,2.4220074308808,-0.726520143695644
-0.0575957796490996,0.45827571425643,-0.513369763326049,0.777854315185042,0.409847923394681,-1.55500480759808,-1.79934068657311,0.924897552304455,-0.463152684444001,2.5221745586552
0.42756953362255,-0.246905078754353,-0.132522196959682,-1.09049536352907,-1.5894173241331,-0.177512665852338,1.88765820602937,0.677538184266526,0.614416406420504,-2.38971047183114
-0.495619814538785,-0.104250347864021,-0.380303086237337,0.930180402208581,-0.330971627069805,1.50345169945713,0.734802672391953,-1.8668367721709,2.17789816830076,1.35899351627417
0.555273619241041,0.0326126969328238,0.890679045371973,0.306323981983977,0.093864782671036,-1.52106135360534,1.30693866325215,-1.5828276918641,2.05698224500391,-1.40169871706385
0.468917425644668,-0.289189422471747,-0.969242296862448,-0.50464542091017,-1.45513797576513,0.432348306077415,-1.90543103368854,0.198462645708378,2.57421259933058,0.215844887847975
-0.259352272517532,-0.479231857051272,-0.998538716747557,0.169953389641166,-1.29896516244782,0.866357460792379,-0.285398340347213,2.02576592336693,2.46876738203218,0.00475906888514407
-0.498407935105753,0.132620585663061,-0.937426128301572,0.101498369717281,-1.43079147283417,-0.473600132700283,-0.514977418374155,1.89941849901726,2.34830545163214,0.980955688991514
0.391096386020118,0.309887802958969,0.990695019700399,-0.226838870046479,1.27780289407496,0.79511507006976,-0.113468013655996,1.92395237981682,-2.48638303820107,0.610524545509947
0.207814997743655,-0.504266012437813,0.436548459410361,0.921640835113932,-0.049869996633456,1.44880485259454,0.409187492112534,1.97545906023263,0.369672312513104,2.4890567959083
0.128278835190164,0.525908726783305,0.960924435507978,-0.317943692755456,-1.48202966831829,0.272434744395255,-1.57950787004401,-1.24185141349603,0.305773629006822,-2.57095559177589
0.425061826714938,-0.252373039876752,0.950814244776424,0.100762393012249,0.624903538018103,1.29457144682803,1.92418316352549,0.358067633088838,1.10735296389207,2.26117314148353
-0.018381824141046,-0.493601440375487,-0.0135416749832775,1.06859262019079,-1.39117367914629,0.653011151980707,2.00298552800058,0.515714073930695,2.36298763362123,-0.420097825753583
0.480234302972839,0.145545465499563,-0.91099851187287,-0.398144559784778,-1.34704746805907,0.744065548418523,-0.737728677012416,1.93238057421842,0.800135643742144,2.42522527246518
-0.428741913363543,0.31869185283883,-0.294979008072237,-0.971114161631833,-0.204190584752411,1.51290704664536,-2.09416137540808,-0.190110432425224,-0.961448000022552,-2.28121250054174
-0.212452401379688,0.480874373294098,-0.834338271123408,-0.433763322772154,-1.40688000934862,-0.580682730596032,1.3258568119875,-1.47777358715411,0.751690346377898,-2.3625199389148
-0.498891791280452,0.311416847667254,0.488807526319752,0.949528987866388,0.906997444680786,-1.2210490764605,2.02811019541113,0.408573875038247,-0.482378345578824,2.58268766558499
-0.158350866060162,0.435978406628849,-0.241851022345096,-1.00851534194572,-0.978764980349838,1.16921220822149,0.6106540535494,-1.83040258844361,0.24065917361659,-2.43929528322183
0.327935020703927,-0.320694019259208,-0.928310600241094,0.266009746924806,-0.979651067703819,1.1229624908512,-0.581957468180598,1.93666156554656,1.37842923300344,1.94673441371059
0.511353024303199,-0.258581526250538,0.891246537040535,-0.455575334909071,0.298457080544692,1.43195253987438,0.867405557777387,-1.83007998087474,1.21045719204427,2.17948866474904
0.370288808166973,0.387227496879478,-1.05560303797682,-0.230226420661883,-1.27065493468095,0.796817457051194,2.0311957963259,-0.13751173138063,2.48222395288186,0.248437837007895
0.559878484329832,-0.0460643275750341,-0.963002476128931,-0.133972162935321,-1.24431023763654,-0.862495149060633,-1.810873419221,-0.787121640211305,-0.33664881909396,2.47320451433856
0.503806280782613,0.169839835789053,-0.830382907861859,0.594228552452963,1.44626494093703,-0.480756577779406,0.283732279585349,1.91795832828575,0.183355262732757,2.55254250459344
-0.264669225034342,-0.454252511015728,-0.453908904435461,-0.853469445121817,-0.987403790402952,-1.08510041092352,0.251994349201208,-2.04862979072166,0.596143302242958,2.52135711823186
0.491999921716526,-0.221964934601887,0.469192771535159,-0.880492959734297,1.39545435408132,-0.609042377483273,-0.806245247942658,1.84097087202738,2.51791376774405,0.109281136392991
0.191829017919905,0.42679017579823,-0.415648308124745,0.908637595089682,0.991450902431866,-1.22177861168524,1.956399753088,-0.55728153959517,-2.12899015942509,-1.33328364533007
-0.595412348359155,0.189902430056774,0.988640580853701,0.374252555476968,-0.881562568196121,1.23804295283839,-1.95297505556275,-0.335802512745283,1.65347366985168,1.87181845601411
0.268592856623357,-0.527106424772547,0.946952349476294,-0.268469990228185,-0.956970869260521,-1.13221485547062,-1.8472885383795,-0.96481443886386,1.9155836073197,-1.59989066604769
0.433492324858635,0.111484850394998,-0.970264428742441,0.23392230105842,-0.307495526427911,-1.54826087749727,-2.03240816763448,-0.123415247896194,0.480970141941573,2.50716014210159
0.451920466229041,0.220060352320412,-0.46060486940386,-0.848566389224007,0.505928610630947,-1.42073552212306,1.42041423455136,-1.33570324716104,1.93261093767701,1.54350144954398
0.512651148826752,-0.195528362749614,1.01562810321309,0.280039160516615,-0.24856739007717,1.41266175612817,1.51067429159291,1.23737102076435,-2.5775044287048,-0.264533929205484
0.0589799732956723,-0.506732828101009,-0.24485159190974,1.02545865835708,-0.278622398216194,1.54801231868742,1.21323023002804,1.64138795875712,-2.25420900557103,-0.977962477966383
-0.29076945960443,0.391308567173623,0.408502581432099,0.856204859054241,-1.48894399124507,-0.291830583602645,-1.89467247287444,-0.364850322687331,-1.5812018826008,-1.85698529220742
0.48417225094399,0.0221636144417066,-0.983373925856535,0.029266163405286,-1.2504818048308,-0.712282016380175,-0.620760267964181,1.91253377252329,-1.45374397918187,-2.1386757610741
0.306134603772516,-0.378914240348328,-0.403609557141979,-0.889762671397626,1.53687120326773,-0.555257565618248,-1.94096133355728,-0.553657559249916,2.41404272446516,0.594819606797077
-0.459692958978039,0.352226565534212,-0.1774760073064,-0.935315463557731,-0.852309724118743,1.1756787532157,0.757299259889712,-1.81284607742665,1.78327529518748,1.74588609898594
-0.448965488047911,-0.263087268003408,-0.547038634827599,-0.86945772998026,-1.44117613248584,0.420554784563313,0.934213852866448,-1.72598810298576,1.85158749962738,-1.69890802366699
-0.217900602628848,0.3201513595726,0.79131956783928,0.742096958235748,-0.265339480058822,1.46514712535083,-1.9204070546126,0.637590051957748,2.52298088696492,-0.128342932548764
0.545114716103362,-0.0105135487629555,-0.873909613689984,-0.478539124730984,-1.28920816166005,0.657207127184166,-0.214173351138495,-1.95221586950882,0.907442947965287,2.31710069685013
0.491670575494563,-0.0910808713015393,-0.972240194647432,0.437596874647263,-1.41036157300062,-0.616831190586327,-0.781018449462412,1.82278670805466,-0.831994289614472,-2.42256940492008
-0.16568219085937,-0.371187480767744,0.895118137762727,0.0343057092699821,-0.943116466316201,0.99091082722282,0.18199593375414,-1.9403711839709,-0.33777135888611,-2.41259371059607
0.163337816093821,-0.522365970675057,0.063793780521016,-0.997933189536414,0.844819956606345,-1.122631486266,0.674900966761767,1.93781553514648,2.03351385877321,1.53954862525436
-0.362365854695586,-0.467151445072981,-1.01123200475096,-0.1662734785796,-1.38169243033143,0.498136054180109,1.77660341021846,0.853821682548618,-0.355326208027341,-2.48696854909083
0.422148227627029,0.17613076548533,0.836566308761634,0.503543088216507,-0.798061434728423,1.27731740986218,1.74415913048845,0.886621486965742,2.39277198676568,0.912204959234214
0.501105206560185,-0.147539827326387,-0.811035352694775,0.612093109866628,-0.810911054330242,-1.3544704155707,1.93819650415521,0.248350518261291,1.41917903559027,2.06169038227871
0.535501275009158,-0.017225759003853,-0.430487324038293,1.09073057351401,-1.51542614235305,0.391345663960346,0.195782816463487,1.9548647800547,2.51978976339934,-0.247027566290504
-0.222717696588028,0.492962784169808,0.577121623527649,-0.805955350745379,0.0109414790750665,-1.43629762858402,-2.06306827821877,0.499844097059674,-1.62164895938604,-1.86802703476267
-0.0802854023648,-0.518909905541784,0.743101814448433,0.68188974447613,1.14450500300582,-1.08837756567056,-0.82306246676758,-1.90272936082614,-2.37809730962817,-0.541197639990569
-0.277063911665657,-0.365154231817355,0.782272762971641,0.686256082932618,-1.48253469918521,-0.514104078032105,-1.14856298477824,-1.72118511767211,0.838411117523731,2.39805424251398
0.396229260896176,-0.227019857782509,0.416803210987974,0.856679775901519,-0.0298586210385121,1.48718134951267,-0.438962804477681,1.95626428731218,0.0437653990967013,2.54128073196871
0.242578289504767,-0.496206735248929,-0.502653124501068,0.80481696886247,-0.239780456798153,1.39133809083378,1.27092127582719,1.56716200031728,2.43292607698983,0.296958878466862
0.283145313933122,-0.402483892308441,0.665220890661099,-0.575384620212709,-1.47292218554028,0.274232790626106,2.02641436518638,-0.294667924741956,0.243368424804349,2.50005755942173
-0.133275924035342,0.465179290893249,0.891086052008474,0.307610886671273,-1.40886832845861,-0.478274383122333,0.912833530418931,-1.70722002660764,2.14331953502612,-1.30325085196402
-0.585771183609573,-0.00648758619777171,1.04189293397426,-0.231443295395789,-1.53481582549853,-0.122495292281399,1.97843622186882,0.280305876846005,0.595280764205289,2.43860182477164
-0.00824784548558923,0.480663052778403,0.415453163007764,0.853060768969093,-1.45271632157977,-0.596953755709891,-1.95439223981185,-0.385558010074246,2.3824649297978,0.660248334593446
-0.409923989792319,-0.258038703420687,0.278912652580516,-0.86029230114431,-0.17561715572673,-1.51586246170639,-1.94462420388703,-0.309140905331181,-1.58828911866296,-2.03763470135422
-0.0934303476064643,0.511100753117672,0.715964655017969,0.601969305292026,0.778761391237343,-1.26000597704661,0.773979029509094,1.85363479137824,-0.512567362668499,2.46028175973841
-0.464678644321588,0.235300553288955,-0.74852742108196,0.55172112438755,0.366493970968911,-1.4006876152982,-0.342702026759191,-2.00352205064603,-1.42448529131759,-2.05856493591275
-0.593291790969145,0.0663249446184936,-0.618315486068129,0.718124705086791,-0.817878158992668,1.22905674382369,0.357671342291695,1.94087541103512,-2.49631897595087,-0.737575288117014
-0.112877204272181,-0.473195399519895,0.706715004243832,0.763574716467138,0.625859674779648,-1.3932381614844,0.341514766335376,-1.99608859974637,-0.482600362090877,2.42339133561193
-0.295348192607826,-0.314205996272433,-0.46670715476214,0.906893724285448,-1.5086350045128,-0.26699146877459,1.79791634131685,-0.923105998876991,2.36117437498892,-0.932437400111151
-0.485598480518364,0.0749664288391051,0.628402913638502,-0.788114466060849,1.02371501427842,-1.10010851773776,-0.88232482456818,1.73529329923579,-2.57486537385753,-0.307201202537045
0.228085883456089,-0.444124064114912,-0.933555115850191,0.374180406519746,-0.743621263300744,-1.32386314731296,-2.00560351095957,0.174771582092114,2.45290626814293,0.604147863040773
0.180250949100248,0.459952504041354,0.471136392718354,0.933774099679271,-0.613945864845687,-1.30565920040175,0.0937055280323772,-1.98986577334595,-2.37826397579967,0.946417087321978
0.355225388335016,-0.148593182637977,0.424254417568201,-0.824454278080663,-1.03211327652714,-1.15596313221406,-1.50450104259784,-1.28705393172153,2.46312283839531,-0.311394909129666
0.382481526332612,0.398150028456954,0.650080998296568,0.656160865535992,1.49765232436773,0.30186550489232,0.0961173290147253,-1.88223222659888,0.581897234497438,2.39083845049298
-0.362616454696157,-0.322734378296291,-0.00795455859898025,-1.02490469422589,-0.791553036193819,1.37971775989736,-1.81839053666174,-0.832834757243022,2.1855529987216,-1.19639917841083
0.454467011780865,-0.026020960448839,-1.06239643499557,-0.00468229883100051,1.3412146827421,-0.754492669161241,1.58598955677176,-1.12234002972218,2.17483912521262,-1.22060226892079
-0.52328741567551,-0.123596816530631,0.899727067634496,-0.557992015400587,1.42131428937091,0.712316380335916,-1.68192061720521,1.12614275615285,-1.95450557454143,-1.57917598846513
0.169136614814038,-0.548500750756529,0.346927887843272,-0.950775460137872,-1.31899328575896,-0.730744392606402,-0.756878842474872,1.87972193294882,2.28637448250443,-0.852145465257963
-0.468021908548172,0.212661409253511,-0.874256580555751,0.347706323001246,0.885179267060188,1.17034150269248,0.542383706320372,1.88402861229273,-2.48543205267184,0.564968888285563
-0.512585692904793,-0.2331121257525,0.672657525074603,0.811452811696824,-0.662414534808261,-1.32232826085154,-1.99074003688075,0.0942482201982185,-1.11351011889902,2.1914594566543
-0.451349964861209,-0.255623903590166,-0.135549398617301,0.924934358860516,-0.448088005659065,-1.38830598090053,1.92132718465785,0.67558353024722,-0.855454818938005,2.36833287033345
-0.373590822989372,0.332696385058491,0.79718232772019,-0.624710836018601,-0.00771326105097609,1.45198992974356,-0.376961512082742,1.88947521355403,-2.35571712552575,1.0088728147738
-0.0161658322222334,0.559736780677525,0.330291738855337,-0.957535421380259,-1.39957774330152,-0.496713946374639,-1.84807286854584,-0.682169074304833,-2.15864880543221,1.34721569088575
0.47053392885844,-0.375799805640328,-0.957789741322274,0.274545039340681,0.968399421828663,-1.21073329912351,-1.94920190307232,-0.334431458487078,0.424037892398083,-2.49445783480309
0.120900494786155,0.49481428600654,0.662974523577129,0.685132728682017,0.813618540999083,-1.19616023343922,1.25360135479968,1.59565974019738,1.86234416244539,-1.62537131155523
0.458967249594011,-0.21355719584106,-0.467953382018657,-0.957878367869327,-1.05458959430074,1.13746070721886,-0.830989363489263,-1.81559503581153,-2.486810153261,-0.49445025398175
0.111516906412172,0.500426819194462,0.155346930096354,-0.905947504701247,-1.05810550238035,1.10568657784355,0.524448669279231,-1.95460656490666,2.47787607796156,0.402149802205648
-0.351912623214836,0.279548245867934,-0.508448819513204,0.855646135777784,-1.49606786161231,-0.12062700221783,-0.684372667322101,-1.84106017845632,-1.5900290892039,-1.90337255697837
-0.487248146212305,-0.104512528034892,0.939935426085318,0.454978606451387,-0.789582836451006,-1.35996901846801,-0.198541278723327,-2.03047912913298,-2.4522895577154,-0.462209035747311
0.189025971192491,0.426396254796701,-0.922181469570565,0.390831181486001,1.49450330217771,0.366043925438385,-0.227400678176528,-1.96748387523581,-2.17343594190896,-1.2547336657256
0.386002849961909,-0.408687159243321,-0.321565781052368,-0.880806771358601,0.619745827714319,-1.31886305533611,-1.26280516292946,-1.64265547911459,1.50367064326078,2.0966418932592
0.528691860421238,0.297846664350302,-0.824560749477899,0.376212236255337,1.55218979621706,0.0507276047370563,0.629729501749931,-1.96184385021829,-0.122313809106031,2.50267381529807
0.224687759968523,-0.410875995266133,0.102538508608955,-1.0091534503439,1.47882331694292,0.633996258207466,-1.81756952806542,0.805040860113285,-2.01882840052834,1.43398523523548
-0.443828838357261,0.15034797615513,1.00368068515457,0.127697081801673,-1.10881467543158,-1.00678175171768,1.95534711203019,0.330946453516968,-1.69397931771553,1.89513298871917
0.200265462861847,-0.511968128072166,-0.359726426377006,0.924847571411328,0.976576221623112,-1.17086558976193,-1.49295339221816,1.39174950344725,-2.00176260290629,-1.49345825165525
-0.482480194355602,-0.0201470027019102,0.732555367367119,-0.695918529027399,1.20732179513929,-0.819848666226493,-0.538097115830004,2.01750571906715,-1.90167530264395,1.65380549491984
-0.40368143639486,0.22073376197213,-0.0778472235710009,1.05395143852518,-0.534158138280514,-1.34881267273667,-1.54818510812614,1.08143444888027,1.9148816049379,1.49687746011004
0.137199351765236,-0.541903746289578,0.948733209825496,0.00897295343064762,-0.46723477153556,-1.45360318551551,1.5287204712745,-1.27360667771868,0.846105548965705,2.33390546332722
0.00875993178480394,-0.510831708161572,-0.581643745418649,0.86328965451423,-0.375237082639097,-1.48187725883092,1.63571037782016,-1.08886640961177,-2.50809733986896,-0.0720949277079176
0.371122561098031,-0.341835450187336,1.09480150882739,-0.00411821585466376,-0.982565725124133,-1.21327605240779,0.64674239406311,1.89523517764751,-2.45768077211907,-0.674488505614985
0.692464777734802,-0.000300603849291751,-0.956570344405311,0.33654157000771,0.976274036962663,1.16571953642144,1.95836834842996,-0.0187261297316402,2.25738119209339,-1.08750857004659
-0.388916025687261,0.33656869679968,0.719874215088005,0.688002656248136,-1.46973593458798,-0.229494278388022,-1.77437453194003,-1.00277537249375,-2.5471585443401,0.158844950729464
0.0542616890979102,0.580713780868873,1.02547897040139,-0.411916122943332,-0.930915947049798,-1.18088252727283,-0.766820118403712,1.80722524508875,2.06841225665351,-1.31710787051006
-0.318917509314146,0.396310376010576,0.563626199688174,0.744788220258719,1.4393566089285,-0.609032036056757,0.505018197566192,-1.96809874284314,1.45402351651049,2.00993294128548
0.326039095988678,-0.312306345482681,0.211523417775284,0.8896910711116,0.598464026797524,1.33361636042864,-2.04840182238995,0.0819533645193722,0.138140912484141,2.53784914417047
0.484247020391412,-0.118511791689933,0.595432762982316,-0.736765379120066,0.636968240884225,-1.31421038779369,-1.8915888151164,-0.591292430263876,-1.09226742600741,2.28697039220597
-0.169829514383178,-0.416491758036104,0.0672545625977806,1.05672354685083,-0.97503038000388,1.14386226620291,-1.76534011376204,-0.83459928139512,2.55160545983626,-0.243403168970471
0.0660082071463534,-0.490216137471224,-0.526481480429738,0.821853988594328,0.997769492521585,-1.23391543380319,-0.788577694787763,1.78624925520066,2.46664942585105,-0.880640969758678
0.0318433599675245,0.447513496335614,-0.831384725641393,-0.458395576748457,0.236652448272936,1.48148708700735,1.96852179960821,0.526414393014357,-2.52969839067242,-0.260978950874649
-0.120779786458902,0.564584256763097,1.05479731760053,0.0678591607256912,-0.570525695365219,-1.53242005006371,-1.57776623667952,-1.12175129871798,-0.923664938592477,-2.27934419253297
0.484952661744707,-0.0176758540034792,-0.99122724530947,0.173590863944019,0.328381501832098,1.45699761411003,1.27227912178365,-1.50864209495053,-0.672684222520409,2.41805295028923
-0.0286639045067141,-0.526060200641104,0.38234024056067,-0.917414257734681,-0.134229788557046,-1.51129746878478,-1.90334233147398,0.704310053091409,-1.49071055010869,2.01825320677463
0.509123963823543,-0.211079897193789,-0.463185959926497,0.898148755323673,0.848904235931769,1.21919246032193,1.4534076540435,1.36003938845527,-2.16102714420032,-1.34933561846906
-0.47616091859808,0.363732725192576,0.941531791319635,-0.141872440597929,-1.25288745491265,-0.879799929190922,-1.54880497120269,-1.32616213136307,1.82927534230108,1.68715596093373
0.465101073366621,-0.0366134471865362,0.957601750043239,0.150029916542799,1.52853992024725,-0.0854188157807159,1.73326882372444,0.988619753481007,-0.406562050501482,-2.43855108346057
-0.468006060140296,0.0109028949963505,0.299560339680334,0.911681614654345,1.22055348896515,0.912590552094874,1.03370957277268,1.64998591431126,0.925857096541507,-2.33223069923216
0.498395750253413,-0.163891808876617,-0.177207993587805,0.956522794937888,1.5295561451931,-0.191550253798619,-1.24024862348286,1.42248246104745,2.47535873864167,0.123193959544723
-0.541647028587271,-0.197795252176762,-0.39112906083632,-0.889847440458551,1.4537556935677,-0.385738009445971,1.69748135278918,-1.14118830103338,0.105775458684173,-2.50555807744645
-0.420599908340824,-0.283617999679807,0.54840108109239,-0.842387803987125,-0.363941463550693,1.45471079612057,-0.396583807025724,-1.89343847235752,-0.0425048906915819,2.48940654808483
0.34582929610285,-0.454403866900131,0.751214962935439,-0.651122993228562,1.45936409638388,0.118758018731398,1.6642353096332,-1.17470043324924,-0.0677091477608543,2.54084222485441
-0.188656616075909,0.461458197987348,-0.86705710885637,0.496414142948009,0.426445862710746,-1.45612300410097,0.237997815355519,1.95712720788503,0.0673355828800963,2.45111586511446
0.529708301414576,0.222430140580932,-0.612500313191615,0.88246801576605,0.174540593604484,-1.52895954218303,1.47971526436926,-1.39069839657126,0.563028878982,2.41099708427703
-0.400463391154109,0.247676915699462,0.844045849439354,-0.320520619131153,1.36542690408825,-0.655963999868903,-1.25844072939119,-1.5111451316271,-0.636593485211381,2.42956498911654
-0.178321979511841,-0.401651978415682,0.964427289454872,0.243395658703457,0.210414066237696,1.47923724181977,-0.192247415084426,-1.9869092961851,1.88540895785083,1.66309518515612
-0.473024562762986,-0.333175527225095,1.02844955371924,-0.0875160136826954,-1.45949936055868,0.498373535984352,-1.20640837766371,-1.61139846859841,-0.0542702041797484,-2.55121993365333
0.118672228253445,-0.446056130887637,-0.197904410414454,-0.979741670262716,-0.447685011889364,1.43865984075518,0.891980183118097,1.81794748037284,2.16873458352033,1.20271773762466
-0.435145162291718,-0.285210876423701,-0.221739148892108,-0.923218723772742,-0.105007597486416,-1.45375022067846,-2.02469773383607,-0.0305547953911363,2.13561910275241,-1.21170707500726
-0.448743422854373,-0.0633859899719013,-0.943240359277891,-0.185390960882082,-0.357252883921297,-1.42632024686647,1.80388133228792,0.814419045830577,2.45783319431294,0.606728861382798
0.0865948853118557,-0.501228907896402,-0.486668435901714,0.828249926776942,0.0620978257674003,-1.51689783691859,-0.402794468268811,2.06587763108978,-2.34152676861129,-0.620862857073709
-0.429934855095158,0.0304760281983635,0.954331505479967,-0.464009334348991,0.291301433034584,1.46472759714966,-2.00975057475733,-0.0233650253296382,0.675790935162382,-2.42658277297386
0.199625412226391,-0.429834098722862,-0.0985239418146766,1.00662739896386,-0.658136176971253,1.28099166986969,1.89689796327891,-0.190309770260451,-1.2637798449163,-2.16365622234337
-0.401895655263098,-0.221536988628921,0.574579665979673,-0.863673374470467,-1.2597606353097,-0.81618783033292,1.41314598930113,1.46579594748466,-1.22142530651316,-2.15379723112382
-0.451180826841373,0.0974145860601306,-0.269766076116216,0.931429143547396,1.38605139230206,0.633409065973454,-1.68801406249994,-1.00863982447744,-2.59332097208975,-0.147783789251596
0.140607187821688,-0.497828932698524,-0.276013205508035,-1.00842727696733,1.12577654556752,-0.895648642245045,1.66471285535695,-1.02194697498072,-0.980060907462195,2.24262843939074
0.553843889253359,0.0495810838804396,1.06518022503411,0.140476101192866,-0.769280941672638,1.32651197427965,1.74425033766588,1.01482798935639,-2.54781867369123,0.0205690431745057
0.392820180727488,-0.323844982355038,-0.970443404425165,-0.248583698718258,-0.870935093935448,-1.10644905651843,-1.71132242910333,0.996905271741774,2.32296334937172,-0.866970967668194
-0.439517008267129,0.222726414478365,0.53568450416395,0.920264247158139,1.49025310557195,-0.496745815625236,1.62839158457776,-1.20182878743033,-2.3647114751789,-0.828881635796117
0.278781218556578,-0.36248139332862,-0.960548177003393,-0.191094460926569,-0.26954331489479,-1.44220955876273,1.16889509233782,-1.60786130927101,2.56017853317822,-0.126890397328169
-0.501107991402933,-0.0245606224351543,0.223303273201564,-1.00805287653915,1.1240897614563,-0.918297228186736,-1.85558888955009,-0.617644341461845,2.05726977390926,1.3246525505077
0.391885984528063,-0.313954811057852,0.109336702128219,-0.988752833548671,-0.927410579140387,1.12495099565463,1.6959757126678,-0.959490006935311,1.58374393291072,-1.91544125219033
0.426301684270429,-0.203325360062674,-0.182080274456022,-0.971543810064786,-0.561247932846913,-1.390266114666,1.97589236908052,0.243851309090483,2.48860035833592,0.222309428426906
-0.193036425482418,0.415830425308925,1.07160988910623,-0.122616991669465,-1.15242785809935,0.961163264782569,-1.50523700085546,-1.33362510929472,1.54585923894733,-1.94035294654471
-0.0335285950363704,0.526152029951622,0.773706946587013,0.623977692644878,1.42575237908887,0.444445364084397,-0.14532807429469,1.97754127159837,1.57339305719649,1.87107267787421
-0.288052076199852,0.39945243243777,-0.974936209239361,0.299686347975109,1.10689422797464,1.04361575621046,-1.00485903610444,1.62160353936269,1.1099052935761,-2.23964012905238
0.149922488203357,-0.491658427662869,0.91915775236276,0.483208864898242,1.4687524608623,0.265086852436643,-1.38829033441389,-1.41436853880469,2.09307330771002,1.25842033269337
-0.465070464378661,-0.241327436792009,-0.369654966497782,1.01554351809568,-0.709422730699699,-1.29718816621148,-1.77742826875529,-0.895171176130753,-2.39142472686611,-0.47656808977864
-0.524953314692083,-0.0596590279252614,0.933513445929095,0.595250052247514,0.421569584542662,1.44942490265047,1.53516688476802,1.36155659147416,1.70277564155472,1.8538593867037
-0.0542811600640572,0.56674852109293,1.06779703101832,0.163557465110089,0.742772887599724,1.30077398934243,-1.89170054015468,-0.612345329339136,1.35210973257546,-2.09807185676113
0.404745576030432,0.475880744224947,-0.457470402662253,0.825451072300085,-1.09232954674154,-1.08141036992711,-1.05402645183093,-1.80319196088554,-1.35400628335102,2.07171434625389
0.503522522327959,0.188074417509543,0.535898567170918,-0.932267002584636,1.4606347433515,-0.360129383904072,-1.01718407336894,1.75430898336278,2.48543465274651,-0.894788570228467
-0.382655898910658,-0.364207636289628,0.567143782903296,0.866389291878037,1.0540333096907,1.01715107151523,-1.93236445998046,-0.146701998490814,0.131038830851258,-2.50194106476691
0.422097885452465,0.0777252959997513,0.309238337871425,0.921391373819849,-0.630866879703869,1.39463006295144,-2.04484492069454,0.227422169802868,2.34339320750655,-0.91091563362938
-0.0223892905430087,-0.509112190120208,0.454838004085982,0.943191857674901,1.4261116263601,-0.17454298133516,1.52199143429923,-1.25361830609377,2.42951992312318,-0.293723946582778
0.393913517612087,-0.290898554855828,0.875058139786379,-0.452114516167606,0.328243996705193,-1.54194112105703,-1.89428941668255,0.846358996868626,-2.21774530444182,-1.02766200640619
0.394239953714345,0.366395493669163,-0.795306330066207,-0.725640526860831,0.700162455499258,1.30812851355457,1.69491180021423,1.07306110023637,2.29814910496024,0.841160863487898
-0.264786660052352,0.420110309439878,0.0761716476529378,-1.07448639456481,0.91505918992991,1.20506432257009,1.46114556814945,1.40288368972131,-1.45753353789188,-2.21819564486959
0.353627971910149,-0.490654802266517,-0.634470532130137,0.772721910542955,-1.49819015544117,0.0352489958448039,0.97267534109245,1.86159869632315,1.2853834666958,2.16255194092561
-0.43756176086127,0.101156225838719,-0.601538544637924,0.853161763433609,1.34730230790487,-0.577462333981048,-1.97575033173269,-0.109940666705299,0.74701269883515,2.37646618652886
0.315962628679489,0.443945762964015,-0.776632882691049,-0.737293770350358,-0.63968991246839,-1.33457539980814,1.86376284616809,-0.825240259251421,-2.1294775590222,1.27975563870254
-0.394285360601612,-0.324966518873996,-0.761447879983725,0.575195492300179,-1.42301572838434,0.317428732757822,-1.98328174965927,0.18154110567602,-1.14127996271183,2.21854156296237
-0.269492745690794,-0.453205197970426,0.14330905738928,-1.0429912465869,-1.33272874902666,-0.501813328699946,0.834775082355449,1.85622509550927,-1.05308823593808,-2.33292271080442
0.425796919344333,-0.0685421651351323,0.136280403191171,0.971820133627099,-0.517169032139646,1.35595253752349,-1.73519893942206,1.05477864112541,-0.475478343527921,-2.41315046397347
0.528121347399992,0.00198825164449538,1.00107797517374,0.186232193034041,-1.31144921917707,-0.804580960578061,1.95195267953332,0.0789617916881922,-2.61393734831556,-0.0833988520748796
-0.456095272201684,-0.205710821455311,0.614400313634241,0.78578524135588,-1.45162253643309,0.242379610606457,0.888171963235794,-1.81951706480188,1.92330988294618,-1.69214468729218
0.541398591495561,0.0246394525003578,-0.921129092240626,-0.369101794166678,0.890201634014803,-1.1652566653616,-1.37786316660007,1.59836418715805,-1.47362279290209,-2.0085421927579
0.417939364104381,0.167871290545315,0.730662378267856,-0.612485475303814,0.707068530986974,1.2966095504737,-0.446107359542482,2.02974170839255,2.50230437482359,0.281143700205731
-0.338660993572202,0.312567932492634,0.997761863717882,-0.113328049006207,0.824923035468152,1.31348991489378,0.332912765799707,1.97424987703026,2.35614184297379,0.855852319919429
0.399487500693408,0.107318020234547,0.970229279218244,0.155691138552128,0.320496284267072,-1.52983236813311,-1.952801801342,0.392107167450752,-0.318754947094914,2.53507397184459
-0.424947826792168,0.0960650453821368,0.383483593766309,0.908700718550623,-0.274640759483815,1.35291014241888,-1.91904218175373,0.359392411615127,-2.15136378847649,1.3297179654836
-0.445846575280501,0.0715802746762599,0.0197958772198063,1.06719864730056,1.49820641200088,0.276547659163182,0.0867465925643745,2.08879413044343,1.8515644203678,-1.6061772720423
0.215971272802204,-0.498401068190559,-1.00299298531705,-0.0787881685819734,1.17691216547175,-0.881791524965193,-1.18425651790648,-1.67987541009934,1.31407580443414,2.12251962808549
0.345148715617601,0.454112778947398,0.754670622625844,0.600861256942674,1.46512990655445,-0.0180079951536739,1.46156905999317,-1.27424642320818,1.73341885414568,1.76441717504263
-0.389420537695724,-0.342225597431341,-0.975439399873406,0.0154349073896446,1.03278907880133,0.962249313573716,-1.29777032230381,1.61158002192054,0.19105540337661,2.51269322354601
0.353244438975645,0.418635773142288,-0.683458076205477,-0.758532524029945,-0.18860479858597,-1.43991601672539,-0.310837003149583,1.97284071937297,-2.13273175280856,1.30503476569417
0.37052989919605,-0.454703568853005,0.188236842815784,-1.00265054469374,-1.25311069151324,0.674657244278638,2.00822628603571,-0.217469823165075,2.27895042973926,-1.02223770250492
0.467541604517191,-0.191130215089116,-0.798657156735435,-0.706009623671528,1.29489954319156,-0.880560179329977,1.95013757926196,-0.646798133774621,-0.678861556891327,-2.45569981194242
-0.144342666390119,0.53941137726999,0.876638472016304,-0.266965647288648,0.186209757555809,-1.45345248989699,1.58692055266009,1.22891166991566,0.11249076768915,-2.46864768066232
-0.324366161003223,0.33879637066101,0.704133688815359,-0.713088744784686,-1.46063107989666,0.180079318581229,-0.822289547607543,1.75238600481418,0.339322751262824,-2.42322794876889
-0.409467456623549,0.336273211680078,0.0221287139968422,0.92781198174511,-0.749351092705579,-1.25850985030368,1.49160931325193,-1.29106706983685,-0.547482602123596,2.45702605016472
-0.0411827476168392,-0.582855436195808,-0.00441120994801496,-1.02690391441248,1.44722293911971,0.129129970223644,1.58720509861297,1.31850233435448,1.37184576915702,2.05354696003438
0.589111251489113,-0.0745589197114001,0.93611992707026,0.268945251842198,-1.42751138453333,-0.714358251597853,0.479777374081911,-1.91134155944089,2.35988871366366,0.473225311954605
-0.418937490413908,-0.308903470698919,0.615666864376792,-0.761603845357233,1.16527618411501,0.988190506448953,2.01386283691252,-0.233380651282963,-2.28364342152678,1.07172023063324
0.40928917296903,0.275919886999658,0.157211872416322,-1.05599784371375,1.47093521437197,-0.604910628086651,-0.779157048535398,1.76195083729351,0.681656696734372,2.40830510776623
0.0367348075144206,0.488900773253104,-1.04662919567724,0.228944401037278,1.13474531980184,-0.944980289786806,-1.3636320329955,1.49761123578758,-0.328226971086941,-2.46975438825868
-0.334282536767596,0.445508882201653,0.95071013749347,-0.405682967359364,0.473924100848718,1.32621059653351,-0.579802756193602,1.8264140416262,-1.14502168853749,-2.19378076847095
0.498258081367613,0.0583606241923342,0.649674971313336,-0.774035231254088,1.483004314598,-0.584893782569646,-0.59412666483172,-1.89848894899973,-2.4113694383181,0.966717796318663
-0.52215345640571,0.128869481692718,0.986184832810566,0.32216829645713,-1.40416453295532,-0.578668687848393,1.11624806792218,-1.65885288954157,0.931518999469275,2.25355884574583
-0.439638035795363,0.21476287377862,-0.441505171624105,0.903453829241378,-1.40200847213268,0.169585727583124,2.06269326838228,0.0116279363752294,-0.132945450564743,2.47506134437742
0.490151796262619,0.129236670654104,1.05964825598491,-0.0387834773590363,0.225010214264156,-1.44097347172125,-0.488143013200477,-1.91539816865713,0.55581060322446,2.38666412829692
-0.240947720636088,-0.470677066414309,0.620932756950739,0.73403057828413,0.0469133151182145,1.57315199086467,-1.36776778064975,-1.33419243310327,-2.483057929796,-0.495547509822042
0.14063203307435,0.406630654750814,1.09426066036043,-0.0977943683911757,-0.502285851892376,1.43724707484816,-1.85078989907315,0.520547725958108,0.712649701331267,-2.46733165472063
0.30926596244224,-0.359736049874464,-0.271350959045591,-0.960938179529442,0.940751641254656,1.20065605006318,1.85228309648644,-0.495324943914633,-2.15030079138238,-1.30723862967112
-0.484147560744473,0.0771107656833519,-0.923842219986723,0.0623416907272425,0.101961140755107,1.53410611985613,2.05142588970931,0.0732515346525681,0.0301840183516251,2.52499011987887
-0.0744259028443509,0.468880989962529,-0.93504688540579,0.365040571524057,-0.404810190614999,1.42704855209896,-0.692347152883565,1.78761895499696,-2.27668125864381,-0.94118878783066
-0.149896869946723,-0.460907648531744,-0.971177793695733,0.448044772880158,-1.1820435916913,0.809674363764751,-1.89321429742053,-0.536268959328923,2.30346299263865,-0.790040758472226
0.275445235382553,-0.390019367133436,0.402665521054215,-0.93998013837307,-0.573548336150046,-1.44902946115317,0.316838454538292,-2.09335016051426,2.41603195613621,-0.658345351630501
0.497672332938127,0.0476050128747689,-0.840302215324127,-0.276386434434889,-0.00574915445440589,1.48403315882563,-1.91018511258256,0.139467072310197,1.32089749314569,-2.18352039660299
0.291924133041185,0.491887859956455,-0.653163519398955,-0.704158487816506,-1.35096249271628,-0.638029081644711,1.54242154132887,-1.23681089577159,2.40959897845923,-0.690390049699578
-0.462906459178599,-0.128691729509652,-0.833918620789846,0.621892412730021,-1.52947795046598,-0.0990790252084488,0.512246148638195,1.93627024567998,-0.75877258220478,2.44550977145123
0.191422647760616,-0.46313310742397,0.879808616018772,0.147547986701918,1.50275948170965,-0.114086893873219,0.927142982208855,1.73373445715283,-2.40685363710991,0.628614810519185
-0.4201498181246,-0.233208945002709,-0.170780213667027,-1.01132365631238,-0.0990848681205506,-1.63830290377627,0.513813220159853,1.960655695517,-1.41823507777372,1.97823252458899
0.437836953977517,-0.284101369538432,0.948270561580407,-0.175580023073771,1.37285965858577,-0.410842316422319,-1.37706503191089,1.47686638696931,0.964196075424539,2.20925992219217
-0.367454606011542,-0.436523888365172,-0.48260575375131,0.815009551779086,0.365796524985201,-1.48916107071979,-1.53445713083923,1.30351298215599,-0.855080503715827,2.37423326493329
-0.44625584456622,-0.0445668806407297,0.18082305989063,-0.900784407217359,0.910952562721395,-1.16233945592323,-1.38256856331249,-1.3652495404985,-2.06782315231122,1.37796599156705
0.43530988015095,-0.289253291474447,1.04207298433725,-0.0250054912324474,-1.34820252501133,0.659279832232682,-1.86199095556455,-0.728610885220185,-1.81234740089312,1.69585826624591
0.401197916169954,-0.254553506786684,-0.214798377360241,0.88446287539484,0.112247265588126,-1.48651127086725,1.74428880364163,-0.870708404173466,-2.478370769421,-0.459861982272674
-0.427864650082032,-0.286384718908091,0.40099913626431,0.890957910785529,1.43208195794624,0.468908522165161,1.30506742745134,1.57915146986248,0.251623367949519,-2.45427160340018
-0.526121103825198,-0.00236116408600773,0.703738835922032,-0.699590504128927,-1.45148237311437,0.0696881439734403,0.325661196522729,1.94340507136633,2.20155809133403,-1.25320549785549
-0.436567879638958,-0.132062378526703,0.253507064155038,0.923259260522997,0.718085190127357,-1.32681218871146,0.233738671810314,-2.01208916049386,2.37146426305818,-0.992938632397999
0.0165072414116201,-0.451756307853811,0.562776922270938,-0.798068948995399,-1.48508728939389,-0.0629996879613841,1.97783538787255,0.209406306142115,2.28445652406788,-1.00793108921069
0.447084463737795,-0.215771311437938,-0.909144157512091,0.485960025085892,-1.50986110655863,-0.222440229767108,-1.59126280001429,-1.19781937470089,0.300430968447415,-2.47708666384783
-0.472890828017448,-0.220276723088011,0.126181633368772,0.961436306322535,0.677630748484649,1.4563064747729,-2.00797061866011,-0.0487365581864185,-2.25585556209771,-1.04085253002028
-0.296601282788416,-0.351722620425725,-0.960845159523001,-0.366902809804231,-1.30234188569301,0.877461408337796,1.42600093760891,-1.4779119534441,-1.26104630945356,-2.20070254054988
0.0963719373668922,-0.402570528744224,1.00861646986838,0.00477870979752889,0.755323217071641,1.33743606581609,-1.11774718554625,-1.59750210937131,-2.15496836795072,-1.21885662353131
0.547517051335187,0.0807451163135016,0.590707096067688,0.817907719531429,1.48493396575427,0.100839920141374,-0.80115056382247,-1.83214814424962,-0.378448403210846,2.55319598773573
0.304321787570128,0.322364054975227,0.706303336461828,0.742266663313642,-0.558761755592117,1.39653640850278,-1.80761532950714,0.734680540717494,1.63987849255865,-1.87342823989715
-0.40060505712724,-0.325003472555306,0.082822452654305,-0.951846580696588,0.796576592179554,1.25402786065067,2.00775454953588,-0.134105042832743,-2.39331999800834,-0.84226884183429
0.522764623438725,-0.277066374568101,0.237732303474136,-1.01797259906138,-1.11216177630727,-1.04213230881276,1.93670495382007,-0.0198867399201218,0.911215283333897,-2.40101115685743
-0.0982428032456864,-0.503918044827499,-0.735430860681285,-0.646899032369719,-1.53461663465566,0.142553444332875,0.678876937089471,1.92623008413963,-2.55702333107269,0.089781935084138
-0.148609917955156,-0.445780639208979,-0.923843639048997,-0.369802674342694,1.26934003500363,-0.963276196073574,0.0209065221324005,-2.03434630961852,-1.2068707760756,-2.18783473633257
0.183275479078312,-0.548536395356849,-0.706539661410458,0.544402471398144,1.42766749277366,-0.0384381041999817,-0.0197571356484173,-2.00340728730098,-2.40453391724352,0.68706867494908
0.446063071765072,0.148730468610596,1.01044511483227,0.368141273550808,1.37318662612737,0.470014879296144,0.886926005834252,1.83465818758032,-1.57661713444277,-1.97691564210041
0.0871383721015888,0.454168084722427,-0.745752815926569,0.612956125501013,-1.17832167080074,0.869350891681997,1.74690840255924,0.863994405480353,-1.81116509492245,-1.73480112774634
-0.469031434305964,-0.101117395293054,0.17443874844909,1.03653729595768,-0.929653239135531,-1.28413057137758,-1.83684703432781,-0.949983528493086,-0.232307626522341,2.43296117815074
-0.328717404831778,-0.464593950943678,0.36601815977896,0.922373824942154,-1.29561594142805,-0.834979628869303,-1.99626153660356,-0.158139367208322,2.38544544073923,0.673566401896204
0.370785459755076,0.164894152063554,-0.883239764884103,0.355787055803847,-0.415125020744562,1.36292788355197,-1.51977961350972,1.35954494295701,-1.33226919408204,2.13209631180434
0.264050183843769,0.420326226981706,0.376220059872969,-0.932332881400681,-1.072207323032,1.17469939484424,-1.92660164061927,-0.583879750039818,1.36379313092583,2.0501552928606
0.0527715437173217,0.40543401462503,0.128858844469661,1.00248281950719,0.347624328131425,-1.43756291752104,0.0629671060878606,2.00674080118738,1.66549546628874,1.98162174314087
0.0272825787978074,0.502553173709672,-0.905752042831622,0.465196128638567,1.38081981072438,0.529789648004791,1.90128009886961,0.326046755932596,0.790162027418897,-2.44460607861042
-0.0836211108361911,0.408078462963024,0.504343384387879,-1.00242260162607,-0.756932646334897,1.30407223091377,-1.70205592969861,-0.850035674434656,0.287864002758442,2.51172766995483
0.48882389993342,0.21886898357028,0.402127183524834,-0.941548624979363,0.994334923677121,-1.13630058130214,-0.633075080197235,1.88875715972503,-2.42693171167803,-0.415740896494234
-0.523937023063207,0.280056573709169,-0.940188934364453,0.282477064787403,1.4161199703329,0.667009556487046,1.11889446970429,1.68554993859953,2.62841035321641,-0.16661727412727
0.268568988971251,-0.498996661548245,-0.0146876194828607,-0.931174992558356,-0.138382982017751,1.51270140755374,-0.427024738224497,1.90743080116062,-2.52891882793342,-0.162064235770748
-0.608901478779131,-0.0576243330607597,0.213588337367536,-0.957739759142808,0.898999728867181,1.16863264446902,1.94957342991266,-0.00915323962533392,-0.0471197900136585,2.45872784767886
-0.192553942642637,-0.480314756292775,0.759344700982117,-0.613123839936624,0.374549044414348,1.25044947984295,-0.96995551499254,1.75942521881832,-2.50549711821139,-0.213222043123109
-0.435941513799174,-0.0221118010477499,-0.912948832193236,-0.285158006544556,0.392844008132556,-1.46742918772566,-1.64097209832988,1.28948774442312,2.16070253393591,1.43130930336167
-0.509790248730804,-0.0247426228080538,1.05499784771337,0.152995379059822,-0.763050548852122,1.24440310213888,-0.829809660766047,1.82711925107092,-0.472378576551879,2.43524111591038
0.366712783785837,0.40517605523,-1.04302345915934,0.0303149261272925,1.08396850191583,-0.936548728474787,0.41879074865188,1.92719889587331,-2.47129484171295,-0.146064881827261
0.499696874354093,0.148529285530468,1.02399044981171,-0.32410450664336,1.14950936916587,0.990914918092528,-1.14678706875813,-1.69729402901443,0.866071598301713,2.3771751278348
0.140816814212419,0.566480801608694,0.0142112692080274,0.979202725012285,1.4413630894425,-0.159578664467348,1.6629041051853,-1.14340455124914,-2.12138550269419,-1.27684125531121
-0.0635414891178765,-0.490596836775691,0.867198603684071,0.593079942721083,-0.861317008873108,1.12419973170878,1.60368138402685,1.23055519527851,2.18368967379116,1.32479345097221
0.0377194688112324,-0.466958832305328,-0.680643591147318,-0.789966249962645,-0.251043301370957,1.46938123703721,1.63747360112286,0.938295330643863,0.0231562744376328,-2.43710107183066
-0.477620380418923,-0.256221594432718,-0.188674226285018,-1.01387985071983,1.25597310662674,-0.839981978032523,1.93026824216984,0.419209575430749,2.52379128769792,0.29608553277132
-0.518216196304734,0.103042663941726,-0.940250828852439,0.492208530821596,-1.53255516107828,0.170534126222521,-1.90293012467693,-0.346850181679402,-0.879447443988673,2.39518298441802
0.173338611647814,0.451526909826465,-0.729591148405108,-0.755821857425142,-0.0206012587891342,1.58796806861756,0.85260625290253,-1.77754250367411,2.51444107236435,-0.310647164146726
0.270944119863566,0.340058632302475,1.01710114620694,0.0405842077768729,1.23625925054621,0.965011782165918,2.04329969717121,0.185827730617098,1.93485027139435,-1.60241956042998
-0.20013393514527,0.534654514163205,0.280194931560003,-0.980847301568149,1.11413946230914,1.00355601433267,-1.98539798295853,-0.505480095332673,0.251028380065212,2.54275371543163
0.229938853820841,0.414587518794522,0.540526403109599,0.865687240833191,-0.9823206295079,1.04997017565412,-0.321059184249755,-1.99916862194548,2.46593602127666,0.339640517274233
-0.317242183852345,0.371512700827334,0.779471839250713,-0.621348185867084,-1.38106416524754,-0.434244984507317,1.13399533319679,-1.63046780970413,1.31351342008044,2.05672729604083
0.203621991967317,0.410611977014277,-0.999821947441361,0.0118976384691745,-0.900723795446715,1.13477608242986,-1.63086100569887,1.0280586190318,1.77071970979318,-1.78610530137518
0.44751188905529,-0.324223015662078,0.309911943414726,0.959285094081032,1.4580920206007,0.313861862006566,1.26604410781115,1.5242005884447,2.38551535791483,0.940118763724177
0.343443240883362,0.392358743754077,0.923412554119544,-0.331248523069121,-0.25382651672412,-1.42546000839956,1.36436297284323,-1.42192417496147,0.131404716892404,2.42050030731545
-0.0630204743317297,0.555693014293498,-0.786758909738003,-0.718537624033457,-0.00640978570400047,-1.48842474552135,-1.86000324389303,-0.678568983130915,-0.400030339976816,2.55776693744973
0.118274606820969,0.599891074071363,1.08134185974189,-0.00426922253626957,0.443981934233296,-1.39061959847401,-1.07054924119073,-1.70123583560212,2.4382135749762,-0.155251629475704
0.14571380106491,0.501390427903261,-0.213416329740862,-0.968399426859545,-1.1691660225952,0.935425959565533,-1.06039141527575,-1.69422546070672,2.08091616983386,-1.31805853957124
0.442130167324946,-0.264342132919944,-0.535016338500365,-0.866256418070002,-1.26893719563405,-0.864669044354851,-2.02741566618351,-0.501991431543786,-2.49209479971937,-0.5834039196768
0.385097980744335,-0.392293902463426,-0.944339758400741,-0.462361792491913,-0.0704185440004612,1.57363581039785,0.0868315259245831,2.01292633081253,2.45054266214259,-0.626782206029211
-0.399412412365821,0.226180817757926,0.837842809459549,-0.405884995927626,-1.45616904361221,0.400377396908649,-0.467578934649806,1.99522781227869,0.0241107150610224,2.48883975610191
0.185650596668554,0.347981409561257,-0.292051403882257,0.947652496162941,1.21903806248516,0.836545491232487,-0.384337275440366,-1.95745217641509,1.77069955402165,-1.94220460167952
-0.368066783514629,-0.311627221845429,-0.643857507073967,0.713967399932743,-1.52579761754891,-0.0186208468332153,-1.98067118169703,0.663356521445649,-2.25237578988679,1.00711909603183
-0.393478872560435,0.397634039277728,-0.398022932186006,-0.898830784247565,-1.11123920909469,-1.07403433996406,1.15767624596664,1.62719930569737,2.1594308443307,1.15299531976077
0.172415161450002,0.436375615422415,0.409882697502894,0.872013511583806,-1.14849199719963,-1.00565076953756,-0.450083378354478,-1.9702303670978,-1.86960996038476,-1.56534885334435
0.50304290753466,-0.103879756297055,0.964462355181552,-0.0486567376674003,0.482104232891865,-1.35370224314173,1.42446804331976,1.3950009947982,-1.92810941102659,1.61306841465945
-0.371118197876012,-0.300996663102534,0.724646002945828,-0.625410270026379,0.0397721183243079,1.47595192724674,0.792354308739811,1.79534548322883,-1.68946196208611,1.90452801378807
0.251125015073523,0.459417966903078,-1.06718888827014,-0.0469219290900444,1.51124312206038,0.00784180883256669,0.0913228194892275,2.00749328751276,-1.496042828932,2.04636722107039
0.347956707918116,-0.444796507635659,1.04863284048486,0.00306513487239236,0.974386375071819,1.06504471571392,-1.54026219450907,1.2859832926018,0.737972515508299,2.33916567743422
-0.408969314671513,-0.183564471779822,-0.750952935682557,-0.551806296682868,0.853307555830846,1.29272437987869,-0.325418319578056,-1.99311906434231,0.602260581104478,-2.47172394300636
-0.0306409310515097,0.479716192145193,-0.939225831646542,-0.550676675124756,0.799341503214721,1.2586479314367,1.96838423309115,-0.328116873703092,-2.39467270420079,0.313921000656923
0.555240248294616,-0.144681639931547,0.868899948727269,-0.500390564185323,0.648372920824239,1.27681164162152,1.95530255048237,-0.506676175030922,-0.399748516328922,-2.42687847312354
-0.275652086162063,0.432707958042069,0.130801411145609,-0.981579883058462,0.581245913574704,1.46740830089626,-1.94439730432514,-0.427102746244568,2.06531170595578,-1.35725993715039
-0.428344665083445,-0.0779446110124413,0.62260691904691,-0.749628065872138,-1.10714004219399,-0.949757870717838,-1.61678050746819,1.20267780375244,-0.0492922309026906,-2.48028874376766
-0.557613059439787,-0.0241804583251342,-0.679757178986293,-0.666209643168657,-0.184245397666782,-1.49975417548587,-1.18012130777854,1.63999548489851,-2.11308719014382,-1.43401271497126
0.0219895318789219,0.450500720550594,-1.04931995076781,0.0429069135429741,-0.0517363317428786,1.4692363198681,-1.41061445244989,-1.42797893593268,-0.972668232770946,2.25544537311786
0.375478653734052,0.210100947632335,-0.714289117516645,-0.85454923979424,-1.00441523972734,-1.15775125766108,1.63665685285216,1.068340157273,1.31557234215966,-2.13958926172267
-0.0701515168233822,0.474352162222563,-0.798049409629436,0.7156787946319,0.982367911928754,-1.21732952632425,-1.63868002228075,-1.07265361884387,-1.18668189420238,-2.16299602057185
-0.415439625798488,-0.103665091041115,0.586906663869293,-0.681893182839855,1.62284948543461,0.0464642316849142,1.20690126524612,-1.62670825509305,-2.60366646966527,-0.302714142094898
0.34794810215785,-0.357747083211994,-0.501134283633242,0.938393831595813,0.711410931373272,1.39723456762967,-0.730886815878518,-1.80978959603967,-0.191843589698199,2.48436937181256
0.366159333260926,-0.255858948546963,-0.965546777563108,-0.287462521516303,1.32679001492704,-0.546992432842016,1.25083514873701,-1.67069873478229,0.275208041308266,2.40914285812483
0.362694495419152,0.331079635491431,-0.343496377408358,0.98486908874396,-1.40758615914815,-0.51687198979064,2.02100441085523,0.0150075844623462,1.90110552814644,-1.55706794724929
-0.178135008908958,-0.428776791310141,0.230907827951023,-0.985245476537797,0.274910032125353,1.52043960111209,1.47999096974756,-1.31717200461544,-2.19894721124507,1.15339158351606
-0.228469009437148,0.481673547263372,-0.98329233592349,0.14747927832891,-0.470138955393327,1.39204678597803,-0.638507917718373,1.91699812641458,1.50150129937418,2.05628738466233
0.493760784418866,-0.104938676958136,-0.902941249074592,-0.0504673246643038,-1.1818749279734,-0.893916370142579,-0.513055865092785,1.8321881277216,1.72145144898532,1.72290557976245
-0.395128336829586,0.182937713179617,0.958030985736992,0.182773512496513,-1.34990277594912,-0.402916351255288,0.930206782360061,1.77967924355766,0.800298231421826,-2.41910274687471
0.275276670507685,-0.382668895964596,-0.486338682870161,0.861893648210141,0.742346100710479,1.25637956267956,-0.415156517369087,1.950409872883,1.33859386972198,-2.06541768684772
0.517198638754623,-0.329911614589427,0.69134628541278,-0.738567579610308,-1.31943085886532,-0.660811876095247,-1.99920453321054,0.173343758561027,2.36259451518074,-0.653557892672576
-0.256895794461024,-0.446955806890851,-0.312795107139461,-1.0047035031781,-1.45125784369817,0.463971075748937,1.32904755610919,1.52644646408468,0.0946995119221725,2.50918453450167
0.135900439214571,-0.544822636998173,0.309224900380026,0.894203141709967,0.125530382796982,-1.56423892660058,1.84325276040359,-0.799713641020576,-2.45346448337208,-0.192160611429949
-0.0975353757000394,0.354195539098309,-1.00632393179629,0.113826255018046,1.43051187933467,-0.416564039225857,1.20838854076273,1.64217124246942,1.73020547274716,-1.76708847986996
0.505123483878182,0.083520568069448,-0.930607631014843,0.420290698439015,0.979515347581023,-1.10362478125681,-0.739404132153563,-1.83621681420383,1.8588268641093,1.59477657288161
-0.475864047641907,-0.0810544181887611,0.635898217013804,-0.809401171203325,1.58488815565923,-0.165842696899044,-1.96990429315453,0.0320839335404912,2.00128478495431,1.57097286258804
-0.563022697545741,0.131835741491292,0.882059387425217,-0.0412309731629205,0.946574405090202,-1.19046402732819,-2.02886432505101,-0.187598986026042,-1.69224718882778,-1.82068625367483
-0.356181321057558,0.381282572215009,1.01204220269555,0.0742458731475517,-0.974861071337237,1.24401511061284,-0.450477807363229,1.91350993944318,1.46407944877625,-2.01444943214354
0.204731959454941,0.41471230937411,-0.1508269632228,0.936300840751911,-0.575189695734121,-1.44711652978578,-1.54634265442328,1.3266201420163,2.4564491219726,0.0528166685255086
-0.217501029912251,-0.407588520524951,0.898917753332827,0.312276858772157,-1.37829125740395,0.77826667884722,-2.00206822073608,-0.0210476845554269,1.29365629700791,-2.1491250257571
-0.0754917087037112,0.4799671467156,0.753977137865175,0.683279920219549,-0.751064684831623,1.25327815027101,-1.73757531299469,-1.07342818162273,-0.321479039364626,-2.4560135752598
-0.106291853521981,0.432490422366389,0.744072859608229,-0.632579850363251,-1.63736861732438,-0.013440292018236,-1.77924031509175,0.891011906750404,2.14946883866647,1.23445508178366
0.523886272626867,0.055128091042089,0.882958990830226,0.51325264924524,0.0366322278716944,-1.49264226052572,-1.95219946163443,0.504855169150295,-1.75133463557642,-1.7401869623417
-0.013603067603093,0.485663196944253,0.877274676514858,0.351976720220817,-0.920956419000903,-1.13358246451565,0.0106704024141339,1.97985096136484,0.0272625379219111,-2.45513256208329
-0.0866925446678732,0.500804097241946,0.312838516194643,-1.08707791108626,0.33701686521254,-1.59412115905314,-0.188549678329683,-1.88559884619606,-2.35762973157931,0.881271379760384
-0.237694039870073,0.541904346974235,-0.545545509372209,-0.692234923204419,-0.335752308468064,-1.45404858854869,-1.22288673674166,-1.53313068160556,2.38304488382443,0.517073776383327
-0.372706935184911,0.277748583216198,0.0466805771814265,-1.02276299282472,1.18057181060959,0.976936645233915,-0.992027558097241,1.71772962048875,2.19483364370449,-0.930839456624251
0.297946434503749,-0.431619098819286,0.161215361658329,-0.965481548599509,-0.467046534735138,-1.45455769866278,1.16447910199366,-1.64749753983436,-1.50662364434427,-1.97505171851673
0.0110983673529161,0.415902873979079,0.982274031267737,-0.0135339003195195,-1.15198159548523,1.08257639818299,-1.49102068918975,-1.45777989449576,-2.06417834825097,-1.43870447070727
-0.0947263422016262,-0.512962232576442,0.914044730268234,0.413924310785253,-0.00702994023375124,1.55698414512937,0.391232600269351,1.92300415759123,-2.22647376105699,-1.1717413669735
0.238067980293228,-0.467347217648167,-1.00800861400926,-0.407184092761441,-1.44869091470332,0.285004079380464,1.97802853635419,-0.116309169977166,-2.23079402829092,-1.07573650704023
0.409023884330612,-0.300154021389611,-1.00498137965087,0.218384117833775,-1.08215816616456,1.01153010134719,1.17304438510846,1.67085100565752,2.56125896178086,0.343150425882664
-0.281596019970259,-0.402304463367915,-0.848702213548337,0.267718664981637,1.50741657489257,0.312995702137683,-1.35464975268669,-1.48669555254535,2.15129702845192,-1.1389629312709
-0.471065645693307,-0.103831393194881,-0.785207770889626,0.596014414066729,0.873403536053967,-1.25455317043633,-0.54521818703193,-1.84539635805155,0.615622820232248,-2.38808918060518
0.47265355534457,-0.0710081384101731,0.24192486814831,-0.983875899763624,-0.93557665172122,-1.12396327406972,1.60783363599051,1.13187306649887,-1.50144783582665,2.04269442327877
-0.442442955335878,-0.231627886922126,0.829559319600193,0.648391434840061,-1.383821106894,-0.0731925245946703,-1.66195555857369,0.890614876548398,0.81545451697052,2.39303986211815
0.262731528830983,0.415423973730994,-0.782130979001684,0.670309682337921,1.0213550886941,-1.03362351280301,1.42610820652055,-1.36020174081741,-2.22375058311105,-1.05769890593507
-0.500933515419546,-0.107634983376047,-0.977160536753015,0.0141662030814114,-1.19774505640769,0.83247380686842,-1.33164111825898,1.47124345583275,-2.06798993202697,-1.43068470279784
0.446328154807375,-0.0739380685420962,0.786758821232572,0.597128030004551,1.0830807735906,1.00730789909214,-1.02850660902436,1.79013480271004,1.47592680884173,-1.96917991686446
-0.480271200226395,-0.258280416032925,-0.80571074182054,-0.523307194308378,-1.48521189820908,-0.0867777161731805,0.0906627755965304,1.984671384097,1.72632308015919,-1.84387838113129
0.397816115670937,-0.352746557174554,-0.962275930242789,0.192985331479859,-1.20171020787937,0.927457342149398,-0.00942705943893005,-2.00796141276025,2.3350189978926,1.06618240439154
0.270123645723111,0.413842985442948,0.904931867650403,-0.411475564387701,-0.945615529528741,-1.11152781772705,-1.30593164059802,1.59156977985658,2.36678697886854,0.829625030172479
-0.233566445835218,0.291285445977373,0.103166870644367,-0.959375800524247,-0.662015635346726,1.32059800115543,1.44935924900379,1.40652258689288,0.188418714844846,2.54916221652901
-0.516053927020287,0.0743518578114692,0.258260427891261,-1.03208596259433,-0.177606656679139,-1.45104159006369,-1.83868938305615,0.86235703554058,-2.29514795167525,0.992934300333482
-0.432681024517933,0.185404398992067,-0.967953155809882,0.305537273151411,1.35702221976985,0.743694496703758,0.470261004575569,1.92669779070257,1.63410222714168,-1.86605838785379
0.322986468890664,-0.30655054967694,-0.381192982630286,0.9457342678245,-0.620570920730851,1.28176590314474,1.37590324577301,-1.40498876712438,1.96576462230911,-1.5351455738899
0.249073525091436,0.343848519511558,-0.527051935365379,-0.882616750361816,0.809734966444995,1.31141487083957,1.48429467761315,-1.20262382181305,-1.33967847064236,-2.16166293036325
0.309879845799143,0.408670039631619,0.286096452099235,0.946195131242235,-1.1835078944131,0.831944786538829,-0.104790527728398,2.01758583308374,-2.42118435911368,-0.35683914370075
0.30357604144022,-0.358612967930279,-0.475919436324235,-0.881983915315032,-0.864332770617547,1.22157531750951,0.951909739156307,-1.79716358547008,-1.80553272915767,-1.69688165484983
-0.123345745219717,0.452582778472073,-1.03251365579997,0.0771675014601553,1.30609971344786,0.829499470557904,1.68296931817586,1.11719518491276,1.24914367970552,2.10045989689069
0.350774765156993,-0.289423356534361,1.07037335625451,-0.310783911093764,-1.27554240428814,-0.733040712221061,-0.625812691284446,-1.90955694722072,-1.60056000187137,1.9085218993974
-0.296674060216936,0.383465488428383,-0.950769714344137,-0.333607861512714,-0.076550888883012,-1.5393007275561,0.747441066958763,-1.81148950794663,2.2360257583939,1.10043297516171
-0.103107718420718,-0.472747822080852,0.727222033718697,-0.640417525644329,-0.219395760868959,1.4212630555631,1.08231087235386,1.71671657157985,2.4564840631477,-0.753799109636542
-0.502069004158358,-0.0690416176941229,0.733949361295225,-0.82420598227348,-0.789697628376444,-1.2910615605835,-2.03287198004115,0.34047390896136,0.828774124107269,2.3185241307974
0.330858846924352,-0.372224505707399,-0.406290092517222,-0.798218936527404,-1.30134542300123,0.649896759489827,-0.23261080741077,-2.05253375658703,-1.43844862926386,1.97614277818414
0.393169407131564,-0.316649132032861,0.635137351459705,0.698132760503598,1.38389797019227,0.79265635329394,0.56019613776719,1.86208493063975,-1.04792084026983,-2.29041797948227
0.278570826153719,-0.429879391953465,-0.567793898265926,-0.75214071530772,-0.699661176235193,1.38774386253631,-1.94775332928247,0.233096359556989,-1.12545777001764,-2.25264178176974
-0.0718817107170514,-0.476343888561517,0.781805034541438,-0.639366630439911,0.764847888230647,1.28859709383644,1.02229404417033,1.68310803198944,1.89266540034144,-1.50843676535103
-0.495252081496093,0.14608001012593,-0.755413889947795,-0.678391897149314,-0.957322103353012,-1.18044652553607,-1.51897417025684,-1.31475230960178,1.58872711034446,1.93979150084613
0.284796273885154,0.460683442174044,0.73083024588654,-0.415892278664537,0.410839916835732,1.37252170835004,1.98508531648333,0.0870661773309093,1.76930212437946,1.91448393164705
0.243673645454672,-0.456466002654486,-0.268845244427239,1.07524485873244,-0.953733597912319,1.1693493078426,0.210346161996993,2.00309541873567,-1.86790443366896,1.77718223956037
0.563229774936511,-0.0948190418727593,0.690174093139526,0.803926582329135,-1.18892636377131,-0.826493322061395,-0.459912729516804,1.84017137309718,-2.44530756320995,0.60871558322607
-0.249815794286346,0.399563334589771,0.955585233793424,0.294699863428878,-0.845460196596708,1.24195553113533,1.16938526329235,1.57450017566793,-2.45119742012454,-0.431390424955304
-0.522775785427796,0.118625153453964,0.78501548858872,0.623887860311783,1.48089891222998,-0.270741367738628,-0.32050649561719,1.92275444200972,0.942856395581948,-2.25491763928215
0.369828219375535,0.384055710089335,-0.954422874170103,-0.219301400328194,-1.41096247748716,-0.580571318973186,2.00383348053377,0.346957757391083,-2.31075239551052,-0.987923476059577
0.522422761807042,-0.156848791843994,-0.827894185183725,0.705585112908831,-0.171012427765317,1.61829990676534,1.80588052759995,-0.910511134557222,-0.0658737816200598,-2.47997093748198
-0.0285768298525034,-0.488248660328529,-0.365752056342648,0.972266336796298,-1.43773573978163,-0.212097921146615,1.84153322692719,-0.475077252858366,-2.29708878798174,-0.866768613722548
-0.447141927009296,0.180166399509694,0.832853693829632,-0.511490046796062,-1.31674517245806,0.571664687529453,1.77698751437737,-0.839605310197474,2.24362779286616,-0.913043109713895
-0.127435261758051,-0.565724132037514,0.317051672743723,1.01384821753599,1.34393547931407,0.676255262820353,-0.20572068809377,-1.98686878047297,1.92534016432977,-1.58986931169053
-0.184771960419551,-0.394820815709114,-0.890337604883565,0.504482336641901,0.195959215344898,-1.53842519377833,1.29760982795193,-1.34311883847379,0.0363224925835386,2.50079055561212
0.131080762695654,0.486005627338613,-0.653088558800941,-0.702440456975082,0.146980311713124,-1.48659790972662,-0.880730493584839,-1.81690753746544,1.77306264367396,1.8250934794257
-0.0112878230756778,0.596779541330865,0.848661542182864,-0.240385551384674,-0.800707053123211,-1.26613924557165,-0.793144575158635,-1.74033598910841,1.89315374594252,-1.66531804576424
0.253493028741878,-0.41915418273731,0.74627789379298,-0.713933990904973,0.424146693149765,1.36533596775789,2.02841458525932,-0.030094308146435,-2.53335894224685,0.423077173398489
-0.294598828185713,0.412285041949311,0.192887501604251,-0.972977032855727,-0.352799195506322,-1.48139816060606,0.20498557282771,1.98004352348946,1.21701594167271,2.21468572709997
-0.435311097259269,0.0647508030744979,-0.599271359294164,-0.847394298123254,1.28003774344144,-0.647359521694669,-0.235006106511146,1.95021148111774,-0.277410794376235,-2.52234372713716
-0.315813177556227,0.383972959085148,0.677406799961128,0.836111156149043,0.375337595367472,1.42732298682393,-1.99674701895271,0.219272852004148,2.33630434300385,-0.740463507306734
0.439062109879373,0.0534619367141823,-0.0877392576119664,0.915333015966064,-1.48046847468224,-0.240492295119271,1.91520244345029,-0.588576827157889,2.42117323003851,0.622471083445309
-0.0787733322567984,0.471335418148048,0.495095514900565,0.877597906464653,-0.347208789349064,-1.44198336992119,-1.5125110937368,1.23992658129472,-2.00285962739825,-1.43283283213322
-0.461763967841055,-0.279070880500555,-0.913496427004369,-0.249116713436989,1.44836264121437,0.401854272890452,0.218923589065214,2.01136188349248,0.0250748727214332,2.51789331286562
-0.379271930576424,0.275370638554373,0.414624619431917,0.877344533966886,-1.014619165616,-1.01476761072624,-1.98260312232322,-0.510960921446806,-1.92074651324847,1.58157521704664
-0.444249369404931,-0.183587853525079,0.2172169420053,-1.0281633018087,-0.174197409162742,1.47933253606822,1.69366201151846,1.09463367060396,1.87665011476764,-1.79915660438568
0.444853575246461,-0.282815188401998,0.8863386775461,0.377127744475258,-0.512727281202215,-1.39107298813352,-0.183759790693199,1.96931825682863,-0.00230313885820246,-2.4546397824655
-0.498874325385128,0.0819583637582462,0.592444209295421,0.786833491160932,1.16095524074241,1.01078154904229,0.949403240872312,1.76015253603235,2.18620355754257,1.33265876953288
0.458738285843562,-0.124994044807418,0.68137665877481,-0.744134665987579,-0.203883827201077,-1.53857424479165,1.62534814230409,1.11272790193904,-2.43229524768435,0.256180941694305
-0.411837090687323,-0.0635572972419324,0.594865114255061,-0.692895250620483,-1.17103453830805,1.02620250926836,0.779250711997037,1.96615254366876,1.20927602677496,-2.19556855679876
-0.283734963694481,-0.409578011235832,-0.713419084240442,0.798397355620772,-0.546687448047686,-1.43512658185261,0.725910529949745,1.86009585839898,2.13444401698145,1.25481700551871
-0.2901552015254,-0.453774799383474,0.413067814092472,-0.884585733869771,-1.42171990257174,0.260615287057408,1.14693958857982,-1.62621056863314,1.8642733851264,-1.70438420283724
0.124623165189208,0.425170959535105,0.183566048930264,1.03929158489466,-1.39260835340677,0.660444699328803,-1.65920440289218,1.12415959274991,1.10721361279995,-2.13755319808922
0.348910590405251,0.405294227976735,0.953959461163291,0.41406834076264,0.352280323846809,1.4760331271511,-1.48595849047948,1.2788937506954,0.442351093455121,-2.47978913809754
0.533999436572129,0.107734909743789,0.511971513572276,-0.914956896997238,1.11099126222371,1.02557392124172,-0.426850042236793,1.90635899640964,2.45878291685111,-0.494236159136146
0.46869804694144,0.287060764236735,-0.932287269274568,0.261877999788519,-1.24424819045368,0.710637611931038,-1.13105809120753,1.59000970888835,-1.9460773412732,1.39481785034756
0.0620703903672261,-0.388891737019251,0.751405817130836,0.692216088932363,0.635166600258774,1.27487148122058,1.92497996906162,-0.753564292458707,2.25866943939088,1.24354597804312
-0.038620052271512,-0.462838972812282,0.357015191871625,-0.929910982356867,-1.17461463964244,0.979857450921765,-0.905035905046707,1.87741304028154,1.54435270071238,-1.96390601316962
-0.43734705409854,-0.225189585714663,0.768080115311689,-0.606647173090092,1.03399491380048,-1.06921494139327,-1.84395638437921,-0.588606775564829,-2.23124015680182,-1.08572055205687
0.487016333399275,0.0650258988132993,0.151281232882843,-1.04525091147511,1.27622860525822,-0.863559465006982,-1.46626848372965,1.39582919747046,-2.50314651645885,0.551971925605002
-0.353088424299811,-0.307398443112887,-0.911184628646351,-0.229170748249632,-0.43408957866438,-1.38565557786797,1.59269819814504,1.19729894065049,2.30214385388972,1.10502600037292
0.189909593720189,-0.450342084190678,-0.943990064356304,-0.00855147967245816,-0.826463127962546,1.22617515936764,-1.92963076615836,0.654428706111523,-2.0560876013828,-1.53893215325998
-0.104925225136565,0.519944792727259,-0.22691761086166,-0.958301708033624,0.904059387678819,1.21010868552987,-0.535554525126741,-1.88782037023962,-2.51521433703201,0.17770972675461
-0.165915307550441,0.489572918825864,-0.641439148956431,0.794176836421056,-0.466153573174899,-1.50720497884543,0.708502792935873,-1.86621857259212,1.44628997624039,2.11586494123693
0.551223414942347,-0.135508584028161,-0.52895100429713,-0.753592580106516,-0.265885762243326,-1.46325830535875,-0.545213207356454,-1.88051330132624,0.962462513778844,2.31429085753761
-0.539773017491705,0.117653703570369,1.02951079744553,0.103256559565068,0.542009301748951,1.34545571420968,1.96935162160247,-0.391703274017168,-1.95273931682361,1.42638148282313
-0.161307456339728,0.521548971748154,0.566568086200671,-0.785882423578356,-1.27838685748869,-0.885984589694112,-0.163890590430873,-2.02321921278891,1.59886279444405,-1.96471476606956
0.345947650381735,-0.429806631426792,-0.570177018684817,-0.767884590761851,1.41711287215549,-0.571804763577204,2.00334261883095,0.268217937113978,-0.733420498222008,2.39128041303064
0.104112884042178,0.426119299320285,0.440925695359398,-0.803977179705259,-0.607428052620581,-1.31652311710912,-0.0708487938854263,-2.05354223306054,-2.42884796301482,0.557921536205599
0.512342739150511,0.0873493309162537,-0.852132714566764,0.596355213309742,1.49945938076023,0.0481291453845681,-1.44572085372316,-1.52313111782821,1.22168482708271,2.225039865287
0.452753574493011,-0.345051298215826,0.873744025279409,-0.411357155436522,-0.768754455981467,-1.31215130862132,-0.102995749922892,1.95221575521209,1.19086795375933,-2.24687080426231
-0.431585613172742,0.175495880370878,-0.470909387147562,0.835285171690902,-1.42536594027861,0.247642193827619,-0.184224722425139,-1.96031149338752,1.82888480488875,-1.7320031157877
-0.0356263106860483,-0.531827696468198,-0.293796835003566,0.963622898189659,1.21227542283635,-0.838481416152476,1.32682373686452,1.4664405335893,2.1779697214257,-1.27694178431953
0.331709924050006,-0.39640704047834,0.780646898339209,-0.292184542860654,1.4078507685844,-0.46075899423899,-0.918596383196127,1.85855420523957,-0.590180361707457,-2.43853433847461
-0.000221338227170659,0.474231104716576,0.750114536255209,-0.669759415809578,-0.900689890967033,1.28094248213009,1.52197844094178,1.25310814921323,2.45184052399177,0.0995261337192556
0.453992413996797,-0.00333547064598954,-0.437652417099237,0.909639376637516,-0.856463893860114,1.25218368796165,1.44554004415175,1.33597839329292,0.699219015469425,-2.40232872167644
0.435742146481208,0.282703126140184,0.166067409150141,-1.0242395957879,1.28259620641216,-0.817546263732478,1.54784693590533,1.23029243912783,2.48043387791757,0.070459229619954
0.100486571641502,0.470888486120767,0.975274821895012,0.449071448752899,0.836190277081541,-1.34622782778072,0.758632683785701,1.70138823687158,1.31430963754734,2.04861385831314
0.514364861300298,-0.110974025840133,-0.771507096864432,-0.613346839350561,-0.150676417505359,-1.43799050187122,-0.450787452235864,1.93638555733663,-2.50436782339945,-0.209589435316921
-0.496155736975262,-0.0548522446144524,0.631094086048684,0.910086563050099,1.13053375556783,-0.989584809165928,-0.512136918445418,1.91375915518008,0.391735452736935,2.52572084268582
-0.391888337278184,-0.132416482802799,-0.84861987978708,-0.556603050191728,1.51320738651533,-0.291571966829843,-1.92664823459959,-0.573224719828159,0.148347987786201,-2.48475362354267
-0.0565208723520037,-0.578709881355078,0.530998371450448,-0.856657110412471,1.50736846673361,0.230767078014369,1.71474836313448,0.878337978741275,-2.51547400509762,0.276322850367796
-0.415921875200024,-0.334846037220367,-0.946131805715263,0.489598977657284,0.768588493492424,1.26559557019374,-1.87582444204562,-0.647121716107807,-0.192051149454007,2.56483735454311
-0.116689388604497,-0.527089315255203,0.604059722121244,-0.708639892617464,-0.786683156835534,-1.26959122521783,-1.88417849388671,-0.559932420082499,-0.322889855233347,2.51483922473277
0.422103593121107,0.0627889007980453,0.517394629307326,0.845859397267415,0.353392272983408,-1.48119918646011,-1.77722587961832,0.693569918578576,1.10456116751134,-2.24656848155464
0.0881620066246886,0.503313347691241,0.811711936261231,0.499700539276574,-1.11031597027005,0.96774408579159,0.640091999448564,1.93483168258103,2.32581884749683,0.821875196938903
-0.534805025264764,-0.084154684608287,-0.429566519893382,0.940084262305865,-0.188252987722066,-1.45620045412314,-1.98100855091583,0.556152685155364,-0.856750052231337,2.41926542468227
-0.0296729607261642,0.426410687135414,0.939086368512493,0.31093778076955,1.38202274446374,-0.518597327596815,-0.577612189091995,1.89262045590306,1.68240893348291,1.83798073856831
0.431523758494705,0.235589511022524,-0.652591799527767,0.673309382343846,-1.01034849046284,-1.18354711815147,1.78172342925947,0.975705415138323,2.0588496923975,-1.51443483039483
0.433680335047903,0.298569728595637,0.714180803071301,0.732401339084087,-1.25843429203071,-0.748773913783076,1.09752798356354,1.64179487006693,2.36846770553287,-0.4745600825494
0.523186802455272,-0.194938429788264,-0.940341609497452,0.323559697525105,0.867233635333456,-1.19149072011294,-0.663960130798147,-1.92228570475757,-1.7268315516348,-1.87330289696911
-0.465925053691134,-0.19392786877386,-0.400188086457634,0.949972246126671,1.42138273700828,-0.324209870318909,1.2748900001065,1.44212552990723,-2.03847497755394,1.33471206549518
-0.258341137981197,-0.419868857266924,0.15891638644034,-0.976216033507247,-1.13393043855244,-0.960872960886663,1.77759497977332,-0.999887016902927,2.5510101653177,-0.222512338902554
0.420939101364868,0.0882063796578432,-0.794124702162762,-0.643354161187335,-0.536534551850842,-1.33236195285361,1.49713111796786,-1.20211282797023,2.56648533206178,-0.272512882902165
0.264393537851546,0.402267136802526,-0.906016566317701,-0.117387460695496,-1.46806285113238,-0.409671266466223,-0.878118542314575,1.77771855137613,1.4392626950954,-1.97280414575506
-0.469440708081795,-0.0410306074688126,1.08097545932143,-0.15020500630928,-0.945211499712442,1.24361529495567,-1.36329529395514,-1.4995867440317,2.27567807819989,-0.974958824430902
0.547182343098896,0.0763491325498827,0.601884724336376,-0.724904074030519,-1.46562169160145,0.271699126499191,1.98826929603312,0.0191119319305647,-1.76202924011385,1.69599368682708
-0.238126471902413,0.444724246164972,-0.805142809078014,0.553880842863784,0.523426903606188,-1.40379695368386,0.468199391297418,1.9254192472486,0.866799766434938,-2.48487630212652
0.437289986129403,-0.267792615358399,0.787617115452567,0.588785340508113,1.58339126927315,-0.0204379446052743,-0.280533578347106,2.04367917969811,-0.744666487327583,-2.41451336959448
0.466403090831306,-0.0546305970514576,0.986272394757033,0.127349604521613,-1.20080739082712,0.853616322195485,-1.43599085988857,-1.41705036770458,1.30633641442625,2.17811458990944
0.297075068875573,0.322271020989855,-0.932094227527039,-0.329715607304444,-1.4941234436373,0.0609959581701466,-1.59625856316403,-1.17088828746156,-2.16734522835398,1.20710113931023
-0.478254686662707,-0.0933649957858931,-0.102480986421339,-0.965034153885431,-0.655293302304247,1.36494315044479,0.860541416636735,-1.80349922316098,0.403635396063422,2.49567322541403
-0.0314827013162362,0.505145095677303,0.581004534167914,-0.843128258229556,0.667953871715128,1.44751917437906,1.89066959032904,0.789826303394428,-0.659689875407907,-2.40864246784812
-0.305535154231852,0.415003107178813,-0.257279362444783,-1.05753318980292,-0.446822532876072,1.3860377667691,1.41778771005652,1.46059884067514,-1.11937602468841,2.19109429555678
0.429698205408125,0.140882209996326,-0.679131620576828,0.642462748945475,0.290084425022024,-1.60345995749371,-2.010231499835,-0.308405682085933,0.681426668125401,2.38088591757672
-0.515120899126887,-0.044072622682375,0.958211804154454,-0.192086217521699,1.10565430384796,-1.03192943092258,0.624509177604372,2.00630962027374,2.27698131983924,1.05421394004939
-0.398068327593711,-0.235498253166985,0.0347229297850214,0.995732970219962,1.05928008721039,1.03420803228319,-0.512220706900964,-1.93621169409213,2.50372617201564,-0.173497778105459
-0.384197387571228,0.326723777362584,-0.962415678445543,-0.312343244218168,1.53278104706966,0.138204687296335,1.10852729598749,1.70329360162835,0.959502494275844,-2.3523431190416
0.206259398018257,-0.415106718614781,-0.613372606282085,0.806596730231051,1.39325561199177,-0.688191954305056,0.316764053053367,2.01056767841561,-2.35694448779283,-0.569628769204207
-0.0389840168939762,0.466272920278166,-0.350716221795316,-0.959743790123522,-1.02500746484609,-0.938026531349598,0.172126349041759,-1.98750704231696,-1.34247761550307,-2.14926615194157
-0.445579051774214,0.00413266730017169,0.144781361557575,1.02886940000611,-0.235532121165176,-1.52597884332433,-0.555127558776203,-1.89926768369901,0.955123642438049,-2.3377321110539
-0.218740006146891,-0.331283717935471,0.475913582497212,-0.963458203166448,-1.27405933931729,1.03265978062907,1.81960298148198,-0.814388825528988,-1.31730131229999,-2.1018840670182
0.0452111043419185,0.546432248500698,-0.300948484561272,-0.909921747114395,1.2752003050736,-0.957677907291617,-1.81702334403162,0.834417026585695,2.39696524219962,0.509805755067462
0.196290073025661,0.365688414992896,-0.592527888894989,0.805440790283473,1.51462013446382,0.32666275438682,-1.87066474109097,0.618556629837131,-1.94341044512269,1.57422506348645
-0.310280500109972,0.399232814911281,-0.920114125130716,-0.249974994609091,-0.0604177761164159,-1.57777734059741,-1.45259794606239,1.42031665422784,-1.95850146245167,1.5990583786217
-0.316619149583473,-0.448469056815,0.779361881249348,-0.679005597077962,-1.40309458249408,0.344843961049434,0.838923668360565,1.85106513697126,2.39647578756465,0.762171266866185
0.331141305835839,-0.441707106622694,-0.112604678257684,-0.955613526903573,-0.277530706016791,1.44865522659764,-1.98351625850295,0.038674424591271,-1.05191952648278,-2.21638856851841
0.522504832068188,-0.242348901704152,-0.694699686932519,0.659368157812653,-0.246593295839516,-1.44193031975293,-1.13401836407866,-1.5706050474875,-2.37229722911666,-0.0942214342337559
0.0797165378141544,-0.541831610838082,-0.956746787666798,-0.00519132741583028,1.27610668712451,0.774162641606627,0.420304437181785,1.9692043281378,-1.85319887701901,1.81575513401073
0.535315156382774,0.130901611314031,-0.937904583982378,-0.220714373140539,-0.746671184536705,-1.29100365521108,1.25514152854894,-1.50591081702707,2.20958894815675,-1.31084272462344
-0.48111058588053,-0.269640781843224,0.749374108427171,0.797958435294243,0.154665648709483,1.5079274707101,1.67374349727466,-1.05171745505158,-0.498688981520132,-2.42584890929985
0.420088067793487,-0.286679336828372,-0.954933769127079,-0.190513604900153,1.17573664361385,0.871240537503956,-1.65875700078151,-1.18097397798516,-2.05214176912352,1.47352267290358
0.0485973260558254,-0.458749991521866,0.935995111176122,-0.113893209883811,1.19234799108203,-0.987849198494547,1.30231347292269,1.4671707038142,-2.3368126159918,1.01752743256981
0.298018155332762,-0.413300540319669,0.92073308589263,0.40828517575393,1.41883807733697,-0.345576500430724,0.868825810034338,1.81105814498901,2.40425878875222,-0.635359975203171
-0.349455414663463,-0.336293510413329,-0.293275062627514,0.962279302421904,1.30308231072756,-0.795409218181469,0.12714482302248,2.02415467960748,0.402394035896795,-2.4956386736633
0.168724451961995,0.440493184650297,-1.03740393875668,-0.0781091747213492,1.48817363022375,0.27722582362253,0.917158720606574,1.84840939353434,-1.80225888755715,-1.72274794106203
0.488620212494268,-0.0623130288773624,-0.825098720303931,0.590141203385119,-0.690696849632479,-1.38008370667171,-1.67602722476239,0.922237387685223,2.03240547577917,1.45471755893773
-0.321471377807932,-0.399765053132092,-0.117981619420444,-1.10667183480702,-0.613296255044756,1.3618091741634,-1.33638174340476,1.38691106421407,0.83650953206854,2.35872088508242
0.393237599003835,0.173377283130269,0.109128057862691,-1.02414356955519,-1.12354230927521,-1.04792528322563,0.0425667967370608,2.00265238075049,-1.12264057634363,-2.23336080787172
0.273154307891206,0.381087575248244,-0.874710573484394,-0.418946943345495,1.18962785667426,-1.01868175373773,-1.83619164668772,-0.944073094328034,-0.280214749528602,2.49599674400711
0.413741230181697,-0.132706505921196,-0.391797049059497,0.951687714548653,-1.50784659124951,-0.377791012400564,0.474149648272878,-1.88446751709304,-2.42200039210269,0.606331195726706
-0.0813333534804878,-0.525561687763276,0.287494747976856,0.903438642334985,0.010020682284384,-1.47229631096835,-1.09952204152901,1.61091228201233,-1.90555721937598,1.58037862827395
0.0949400237449304,-0.549836471357947,0.810924250481108,0.674518038706497,-0.420569394040919,1.44912059458029,2.06135461854093,0.129916712291289,-2.02491555413839,-1.41004285325094
-0.0763125721155382,0.556934681330635,-0.986694303591132,0.0977793377705014,-1.50747298230485,-0.177511718995893,1.59014438527644,-1.24874572273018,2.06374848170296,1.48490769956673
-0.514032411344752,0.223743233490095,0.246730937821925,-0.87975917006338,1.43768931913738,0.51173022555035,-2.00948897105081,0.474179576848568,2.41854377054532,-0.614966593194242
-0.160799873604118,-0.490049967286947,-0.881279623001878,-0.529002277818846,-0.908027236499438,1.16757567505017,-1.62858928239647,1.06006083751338,-0.0436537482766789,2.39469278625221
0.13467596996244,0.504443825519891,-1.0773162591187,-0.276711988622099,-1.49955983557845,0.137239215677075,1.63342690104749,-1.17472644984771,-2.53736188478729,-0.419865831735515
-0.451342183916879,0.127218451552144,-0.968195377518622,0.251232977043155,1.09996176177407,-1.12087391965016,-1.91682799522171,0.418123824985726,-0.142845934888419,2.54060057037641
-0.414731890290116,-0.27964263008957,-0.658192112507931,-0.754695543689055,0.260711601222117,1.51306630443229,-1.69008656255224,1.21962342182944,-1.10205662636059,2.28230128677145
0.161909122148744,0.55842541762978,-0.976648750033992,-0.231823746047702,1.4205042870987,-0.422231929433384,0.511102119833435,1.95358978289778,-1.50402977647827,-2.00182421759612
0.146342316461246,0.47623963890375,-0.134391598096345,-0.942429967491878,-1.13881792933492,-0.990871869282598,-1.42901341702306,1.38017353268732,-2.4448409601128,0.466646388219049
0.282036336701028,0.432675915668556,0.0267968007296549,-0.902653427131194,1.18639624449769,0.848950391552181,0.886160798506987,-1.77177190143997,2.06475849404477,-1.41432879600752
-0.334963751688425,-0.278956152793425,0.789067300907114,0.531183623762202,-1.19199675171971,0.919000070377053,0.574059256617763,-1.86159916548446,-2.1352185318224,-1.20102853534011
0.0790906273715414,0.424115166847482,-0.787161998447984,0.538015648263737,-1.24531706017862,0.820009903290756,-1.99794531712077,-0.0252470650206731,-0.644576935296234,-2.36915034196207
0.407870429763147,-0.263614599693999,-0.545660348017366,-0.784421676941199,-1.15454440367819,-0.98871059725241,1.58812654341212,1.19363247353633,2.28373860595381,-0.929734794889818
-0.488773597511688,0.194473224012634,0.956848875916958,0.0534704750636216,-0.0372721573637036,-1.49539050674478,-0.673059519559657,1.90167659053304,2.41809542801132,0.486533664465658
-0.218474048370255,-0.474086548721732,-0.7347461731563,-0.545168060096092,0.676964832070972,1.33704490521556,-0.877271220154694,1.7942916357118,-2.468058961968,0.0909442933777808
0.473455084246469,-0.0685808160520442,0.574028557394856,0.756014981208639,1.00138779671635,-1.11044153522473,-1.54529812757037,-1.32429943837328,2.45134920127349,0.340107675356479
-0.461169943192788,0.191799706085241,-0.225577141045268,0.91602414746137,0.234423911887157,-1.48977575148195,0.510305079117285,-1.95505124236212,-1.16591713789917,-2.15760113886744
-0.327475178503647,0.323769108389127,-1.02159970462683,-0.129706794871515,-0.931865105147559,-1.11196402188313,-1.98192837940678,-0.259752004699988,-1.34303943220351,2.12079030440308
0.221691474779898,-0.406263236084894,-0.670606284208067,-0.744802547502684,-0.976871484725679,1.18111520216116,1.28168346371525,-1.62709869207045,-0.218405070092386,-2.48186872456676
-0.298086879061811,-0.32559286524498,-0.95165628793944,0.0716292314557866,-1.53186857357818,0.338462862382293,-1.93767194710992,0.110373111788099,-0.129996970804003,-2.56803091472488
0.478271598533973,0.276785821099311,0.601427352044983,-0.79589775050521,0.734419031256334,-1.39630986120805,1.93955204082478,0.561037194792581,-0.868651038106308,2.37423251563163
0.321778508093934,-0.426401727645565,0.0971281326478509,1.0016869148134,1.18210456080089,0.965503829701566,-1.51675522013326,1.23907617582673,-0.955312805922439,2.36597209161264
0.104434250739581,0.457982433812425,-0.768600321344458,-0.674964457491268,-0.815296360078579,-1.25518892183504,-0.376551758611494,-1.88619595173863,-2.47883737361059,0.469170646765646
0.420337916434204,-0.00169755884040821,-0.442971217820677,0.923389121192741,-1.45590537927677,-0.155942708516171,1.88601677841464,0.661358090176154,-1.7509162442999,-1.76930414037073
0.279840616959821,0.53663659066511,0.802928434016796,-0.466309238245142,-0.802681137658018,1.2787952072227,-0.454216788091683,-1.95207577358745,-1.06953391585181,-2.15400892545671
-0.00598099186197424,0.512387220070011,-0.957018440650412,0.228061246745459,1.52614747518951,0.00211167895578205,-0.714583068310375,-1.94547747865465,-2.36442596487668,-0.68342238597408
0.396983371940555,-0.259692122155097,-0.0284055844144986,0.988496454037641,0.769372917966262,1.37101980659774,-1.61663107671719,-1.2338584551445,-1.7610875170211,1.86376949965374
0.534671434867096,-0.091781673280657,1.03302160016707,-0.0196041687633274,1.42139781827497,0.53832978896218,0.262680620705128,1.93976986975788,0.33706446077064,2.5005985115759
0.28294414905417,-0.411472730483514,-0.661391213067442,-0.720799461944453,1.50706541155752,0.0954127036083229,1.54524980201412,1.15903501061516,-2.3553235053933,1.02255367531612
0.266463521318166,0.414691549275919,0.866315089658863,0.427108872476219,1.22556771876114,-0.866426809487632,0.609157855671977,-1.93098088442723,1.51382345536518,1.9437748169912
0.409496310107141,0.375978986121548,-0.655527527944478,-0.795442641828234,0.419638123609682,1.52795649139756,-0.293701679834743,-1.97574154897536,2.41034616280532,-0.683465373811178
0.57419499491296,0.188314304440336,-0.625948640919952,0.609269281550549,-1.48936043877116,-0.0975025115795266,1.51123250794186,-1.18812647423066,2.29688362732054,-1.12851703317093
-0.0856022524587644,0.429777496743313,-0.459266361150283,0.82451560363889,-1.32447009099848,0.659003089079468,-0.612294734164913,1.84536030060716,0.528686456583945,-2.3771814297812
-0.43025161859085,0.166242896763297,-0.865104944992119,0.519079188544735,-1.46459743073386,-0.0145285414804342,-0.665017868841419,1.88589380555725,-1.55582997676316,-1.92495317804912
-0.446900634775907,-0.00694947979817551,0.625657469472223,0.840360097426605,0.610279095169278,1.43379857893353,-0.981186131529204,1.83524459136275,2.51875476736592,0.030215993245574
0.374479260182973,0.299147525956844,0.746060544078906,-0.538631385165683,1.37785187636565,0.69439812992104,1.91622452237897,0.236736449601185,-0.474794877540396,-2.48463642495431
-0.266907034206513,0.366096922814619,-0.87149039942061,-0.428416846312523,1.14956573606402,0.874475742462677,-0.761464944558549,1.85138052227746,0.258349164859666,2.51861329820249
0.0503296990096453,-0.559923710785559,-0.612367259737307,-0.917943351439019,-1.53421881235114,-0.218432779841406,1.84021897042616,-0.706475599540582,-2.04701302002863,-1.41341333233158
-0.0899182602856317,0.47325437107442,0.315292322876062,-0.885807998455865,0.0942768405831594,1.51879883259394,0.987410907255672,-1.76007823657591,-1.20691786723919,-2.18620337697764
-0.300291963318466,-0.359754288109137,0.552550992402232,-0.897902315227415,-1.35992668340137,0.627147561515774,-2.06701178952714,0.107592536641449,1.67966438123616,1.72964903861162
-0.00573481075191975,0.440891472993422,-0.296070334028592,-0.974458501394868,-1.2577839309891,-0.936655007966235,-1.85392951595873,-0.708813297319056,-0.75841219008311,-2.34278783927999
0.0667939969413045,0.476370800748016,0.79290682666153,-0.321504603269926,-1.27265636302508,-0.66350834304033,-0.828013925512494,-1.82668029759321,2.38163969204447,-0.703582115679451
-0.550986630021191,0.0661156017960878,0.904070553267288,-0.659319935830283,-1.04903450117786,1.0571738271267,0.894511589915303,-1.78960162338961,-0.256005696155486,2.50500803148241
-0.430689593303187,-0.190172343526302,-0.89232070285725,-0.469259856541049,0.395031935007304,-1.48936434350448,-1.14874772902317,1.6168270089938,2.42581524879081,0.402480296837778
0.0778794836997102,-0.557518220865113,-0.256974625462708,-1.01724328565522,0.0464095550161342,1.47894470982857,-1.33738106777114,1.52309405787292,1.91742561946143,-1.55785869709776
0.132255022380688,0.406990857286199,-0.387097477354514,-0.91741978314,-0.147175785586604,-1.48141849761593,-1.65854944610424,-1.08984339092443,1.27597475700867,-2.11190365857344
0.292196584765054,-0.550783262419665,-0.46442302979659,-0.798780601403373,-1.23008828074777,-0.886350213959485,1.24872842197326,1.51988583580311,0.809249308405342,-2.2814752485617
-0.157775060607346,-0.40599447851156,-0.367699915366127,-0.897538782572296,-0.514341160179341,1.35150472346514,1.49892710358376,-1.19395149703501,-2.48955077579939,-0.239793585401076
0.479810794930845,-0.254877786346674,0.814629574913343,-0.540762383679324,-0.467522396730474,-1.42641087356076,2.0390219210389,0.190441201006656,2.51510006622782,-0.387938925620196
-0.062916575824386,-0.550621196859232,-0.921348041330595,0.229935231480534,0.546853765028362,-1.31890278285232,0.607597610586499,-1.90375913494955,-2.42255848379766,0.699556657950834
-0.463692609350897,0.182560323942626,-0.778277612775166,0.711790466541417,-0.0313388152418837,-1.47138000194086,-1.8207259308755,0.909416603656144,-2.42233931565415,0.380710202560915
0.400520852845364,0.220983411849002,-0.985552047802338,-0.00640128743913402,-0.020230725022182,1.5333661088309,-0.896837784103078,-1.78274440908809,2.17408051173166,-1.31087088724519
0.469305104095407,-0.176922558103754,-0.509106689799349,0.89276544518063,-1.45566896651529,-0.351923527853774,1.54019516655861,-1.19562004355008,1.91542145325125,1.59524253068371
0.348309931730536,-0.342837919162048,0.564492195712325,0.94640028685613,0.966971437463517,-1.12780544542052,-1.38935513700038,-1.27953223058055,2.42823278795366,-0.446687050214467
-0.468368391548753,0.301843702799732,0.622733617336667,-0.806666212825851,-0.855756568192483,1.12304093816829,0.760228463307242,-1.85040523262052,1.84526374827997,-1.68183897442861
0.431863558162761,0.183009036664693,0.443238114852168,-0.913856140538027,-0.536300119640112,-1.4070567440025,-1.79651464550223,-0.785416354290375,-2.4789569781076,-0.0587565049585627
0.00156346695096218,-0.533305567632468,1.07619325606801,0.141746307787953,-0.728368814850187,-1.14659483055925,0.926097618210877,-1.80683885190525,1.08145641016186,2.25230210396704
0.323654853101915,0.381612536866293,0.850806420545819,0.519364852436857,-0.166749882605225,1.52022292729896,1.30902062841952,1.47781361494057,2.58237205695461,0.204492512574419
0.426850920657945,-0.132536327583739,0.638804949857709,-0.722885373835329,-1.43755446050747,0.307271087901445,1.72016359712239,1.01170083701221,-0.654169390613361,-2.44678173921725
0.312624640458867,0.434687611155135,-0.263789489088727,-0.919359607476541,1.44788364759958,0.320204966759339,1.97741574009752,0.536024823468817,-1.89496748046808,-1.60989770060978
0.175019923050268,-0.477445619302225,-0.3575137432081,0.979312240302362,-1.25499592061246,0.742103525865923,-1.89088390928536,0.714733728601315,-2.43678556969606,0.733563309680997
-0.112436662114794,0.482410469827679,-0.39446592782307,-0.936748850694313,0.72539082871039,1.33016884195226,1.66216994131811,-1.11313151927863,1.70776837154551,1.73854162080695
0.270059102643295,-0.339771960459585,0.972219321889311,0.357536541862715,1.2867484694695,-0.796334276404185,-0.589910144091835,-1.80289654492408,-2.48283124054157,-0.498453375167894
0.481571339383186,0.21731548085238,0.765255382723718,0.515432083509098,-0.942183721606772,1.20940846792637,-1.40744956971314,1.51509630332387,-2.45159584820826,-0.114245596746956
0.11490807412357,0.442859187251632,0.603596951188183,-0.797744639101579,-1.14584677942789,0.952512704775428,1.9304249106899,0.619682551702341,1.65037498142075,-1.9129261076809
0.138502937050715,0.511433199913611,0.601861326147021,0.788652052930966,-1.14079962848368,0.931079120934012,0.893645339804914,-1.81142511632539,1.92226800694239,1.46407844653725
-0.154393845776788,-0.556543164841437,-0.213669447595633,0.964440706184036,-0.357044931571696,1.52908522633889,0.909217607220018,1.78828845265187,-2.48051609784033,0.430130089302067
-0.525558666401875,-0.0686483522757852,0.741379819805165,0.592898202015692,0.278957367525692,1.47778130330095,0.545237285026888,1.88210489725142,2.15762498001878,1.20061976539702
-0.388895113260858,-0.414162072852299,-0.936124303875972,0.391643606740952,-0.397529080842683,-1.4997492312853,-0.532816228034579,-1.9669344349573,0.448953810927201,-2.4443380152305
-0.357529436528936,-0.436023422477133,-0.740898425152984,-0.463668428719473,-1.01479655864344,-1.01490716777782,-1.43039225680542,-1.32708430264763,-1.69744165024625,1.77457997786533
-0.3675339636421,-0.332717825291962,-0.967093755632407,-0.11573506837439,-1.36034936538445,-0.740582773844418,1.82777778669694,0.901009138860966,-1.60094180310664,-1.86702506803651
-0.545625780731762,-0.0588635926791297,0.58489926100906,-0.877544574633862,0.561775424873037,1.38846564801137,-1.88828150057175,0.762578947986538,0.369357763735504,-2.48150653254952
0.375462447396365,-0.461344357921701,0.932022148913915,0.554930477348636,1.04375637568063,1.14041432725817,1.8532976562644,0.739667482260957,-0.741257775241623,-2.35844620408414
0.403269233519501,-0.382125139586759,-0.978141450815189,-0.122583410447074,1.27050935918168,-0.760841797576089,1.64143158292411,0.986810629335396,1.56784461190239,1.9102147155889
-0.438964472284442,-0.216811310925369,1.01177069894349,-0.149789485846952,-0.805167362304804,-1.25643776073956,1.2836161432005,1.59772726615184,-1.01679217843848,-2.21401897553716
0.477006787052421,-0.126578554075896,-0.392887864194739,-0.821153711965936,-1.46598112407544,0.0310446921733743,-1.87978311521265,0.280409650586786,0.782779312000443,-2.30451071958146
-0.21101818761235,0.378181997783935,-0.203911553892522,0.997151537659627,0.256445310078995,-1.43010658451136,0.907124726132201,-1.72424311780508,-0.654293302275424,-2.40528999409414
0.328995352854551,-0.476373677950162,-1.00527797380445,-0.143677712312516,-1.54837533172653,-0.127147972914674,0.574494709726899,-1.93691153490126,-1.13337865066284,-2.15018076930617
-0.543615732507875,0.261321769712488,-0.170396075541889,-0.907242456936444,1.44522609804329,-0.437249800078646,-1.94970751511084,-0.46492872198519,-2.40924120197882,0.0211352929860217
-0.365315133927809,0.242380109233653,0.34812731730237,0.864346255472527,-0.698350183865265,1.28344700230266,2.00870992486541,0.00201905889986441,1.97923656055946,1.49572624340921
-0.288885157140362,-0.445936599932086,-0.894338521113045,-0.221707596879605,0.645154174669301,-1.36500302838387,2.01269181032938,-0.199493335154245,-1.68615222968741,-1.80456407902437
-0.163787172122483,0.430666510036901,-0.502732642186911,-0.981204243840271,0.0901289196544542,1.49817022506436,-0.998200709681975,1.82843410299323,0.902710984890204,2.28491031207933
0.378391400934286,0.295673538312326,0.402971144139455,-0.922652099356439,-1.30535776694451,-0.578273915366483,-0.30440795494635,2.01451010887924,-2.25100175689128,0.985169160007124
-0.310606682489526,0.384493474762384,0.882535848829827,0.463330320826661,-0.13635207575883,1.56920646174861,1.24448915330444,1.58378407255913,-2.08842107918461,1.41724986747903
0.409960393078413,0.0682254043896985,-0.496723796352939,0.940903003710203,0.0732004817671828,1.48088138495347,-1.57412101820735,-1.25677624103747,-2.4906048781173,-0.163078805114419
0.0167511963001358,0.535957831616724,-0.113122566528342,-0.955814686484688,0.0847907762516765,-1.51280057517833,1.51052511276933,-1.21300326327432,2.30046077271026,0.967453302729025
0.506985856840681,0.147779311644908,0.164373180597462,0.984907435761017,0.565480055404813,-1.43733830949026,1.65523153757301,-1.09696339672751,2.15033237624113,-1.26043360303898
0.462381360579119,0.122894893319231,0.980107821819836,0.102621586868092,1.05603082197517,-1.06152298754323,1.82343449706884,-0.858535839419204,-2.5637475762348,-0.175082576097789
-0.529979098594686,0.048545742328027,-0.582121586332143,-0.847566065674018,1.4443718885524,0.134235720499039,-1.75357044360172,-0.881624280689435,-0.0374673283681039,2.52051572567162
-0.189481351223267,0.462817461576761,0.950002458933752,0.266500217319326,-0.577575119772689,-1.31340148844038,-0.785128229758919,1.75158423542469,0.223527929034747,-2.48891115853505
0.482648086139572,0.25751018651073,-0.374551262438245,0.957234501194733,-1.05278812957606,1.074376476411,-0.839649902352456,1.80410130825675,-2.48501103113304,0.514964400581041
-0.123990280438179,0.404936636664358,-0.389004644011311,0.946807258149367,0.139295301081803,-1.52604682408528,1.3910145959243,1.43308940612512,2.22286275173681,-1.13386725737921
-0.467637181483899,-0.160190159767954,0.603137528201457,-0.818741014427702,1.41239330210529,0.263619496620013,-1.94214379401601,-0.246119108348282,-0.295186185832152,2.50324765513392
-0.435024948859963,0.0323143603737204,0.865994355429054,0.446272180734476,0.93537259672152,-1.25591047167341,1.87376694687482,-0.711340166816007,2.28049847461456,0.94655937816695
0.556969652760554,-0.0489519028258203,1.04323763057261,0.411679115751442,-0.651890877056147,1.33042362821995,-1.55865496401732,-1.26737594650146,-2.29291089217383,-0.987280374817007
-0.0971740311813253,-0.525470971211694,0.725753100535608,-0.603386388279833,1.06331140574801,1.05674057585245,-1.93144745165559,-0.233305846138542,-2.40836079137591,0.555053205683052
0.147593632668555,0.410671461131425,0.856106808933727,0.462650220028148,1.47974071138156,-0.161610128307408,1.06209771314604,-1.64694224607739,0.394557569334874,-2.4497815100555
0.457084738772055,-0.044414589819042,-0.647870232796811,0.742969467220742,1.41023575730144,0.322712059835057,-0.870335967825896,-1.83127249959274,-1.12423203496402,2.26151052421567
-0.437324234840783,-0.281172242416926,-0.852838579703471,0.311110653226454,-1.42906164791337,-0.47509869061394,1.68158394693704,0.848025761308573,-1.52770287974159,-2.07602334629193
-0.512651939219017,0.0775238178874354,0.530626116287262,0.832815077460265,-1.2486624903016,0.674302643434624,1.90672816345951,0.677667392153497,1.61103143381582,1.81906513009191
-0.527612051841935,-0.101302966703795,0.894564139682353,-0.47946148307886,0.790406351531383,-1.34617566812204,0.823260370482149,-1.9248349967494,0.556954963705935,-2.50860694445445
0.0064158536663203,0.453845573819849,0.996086506656219,0.0760284589483408,1.46347601064033,-0.531693644926335,0.458005218788957,-1.9448030175197,2.49581749140143,0.10443264491623
-0.296221699545987,-0.331698116496758,0.673939533112031,-0.715389428063217,-1.45606044987868,0.539853568061538,1.95191404079281,-0.468107864552305,-0.950851352526419,2.25645213681778
-0.497265137736273,0.0772971272828501,-0.467717923774458,-1.00218323475045,1.4932018417679,-0.224836191294618,-0.123506972084472,2.00630825872529,-2.30741011306472,1.02187459354223
-0.505229650603818,0.184611005635501,-0.428896083199765,0.896599622553147,1.42404189793692,0.377674217772011,1.92685297047221,0.714137951230722,-2.09828737191446,1.45501363915275
0.418573041768189,-0.23891226321281,0.69858644154645,-0.75247987693628,-0.674363780247097,1.29809345768637,-1.90764256018332,0.363501955012452,-1.07976503123065,-2.36190417988879
0.395666605696276,0.275126880374481,0.937179504457855,0.544493630640552,-1.49585810102723,0.121782823538677,-1.97853117991083,-0.512868338266372,1.12000165858733,-2.22704093661794
0.170632441702714,-0.408483373385574,1.01475445795218,0.435575892737338,0.802462915810469,1.21913880420914,-1.80265780307802,0.964404566318917,2.44665163329583,-0.406816831059668
0.186144911557499,-0.476828849138945,-0.686767875265215,-0.598238240902873,-1.39985211012853,-0.614172639509087,1.47872692857734,1.27538440013459,-1.89394228072847,1.5844636475149
0.303597559716281,0.446655012961514,-0.907740971385232,-0.502738371284385,0.86089820929137,-1.15985918818275,0.479250554519759,1.88735928635661,0.542653422424669,-2.3618520549655
-0.295349658116854,0.349384510299168,-1.07990802832911,-0.103284620400326,-1.32158120852592,0.913694231799218,1.811397908081,-0.670099937256126,-2.4055712362558,0.640288497779757
0.473250724134911,0.0383009556327861,-0.938416088664042,-0.45830745714231,0.879780898924258,-1.17601001492029,-1.92031988936977,0.168185915978392,2.46847895973251,-0.778339510759421
0.0767460293262762,-0.500592350721305,-0.74837206232113,-0.54681984197715,1.46322635519364,-0.452421419371251,-0.870827447759135,-1.78739872243917,0.461301913305031,2.4540097062194
0.335265434137009,0.306753548701949,-0.853331585395217,0.485259682749779,-0.733926297192257,1.30355697171192,1.93239040710868,-0.377316594253314,0.839251008436617,-2.46137627031731
0.364238436638653,0.394943819147785,0.872842265077684,-0.498659670075083,0.262132005469645,1.4385328018962,1.36936908832219,1.50997738735448,-2.2743685794587,-1.0956301339585
0.279790361103303,-0.345332065924054,-0.721982890435552,0.548664854221794,-0.200804815970114,1.46075777738334,-1.60313701819738,-1.18280129275513,-1.9666924775099,1.67184533163884
0.294182320916713,0.432030159505379,-0.75115663542055,0.598516493405793,0.0211472501516725,1.51013506555362,-1.84910235920692,-0.820056331424512,-0.751270978995512,2.47591401232853
-0.315597584051554,-0.345161785350649,-0.259231718876525,0.887104878808436,0.225962382350151,1.45995743297974,0.248597378112377,1.99951757595134,-2.38488488883341,0.564238217287729
-0.407320147858453,-0.273443876211133,-0.255309336952515,-0.967842353550861,1.43357056611474,-0.450503566981395,1.8084724487996,0.939185696342475,-2.11096381186443,-1.32693213812921
0.430516729169911,-0.195120661847134,-0.718295279152719,0.67104028169964,0.0223788305233238,1.51580707860413,-0.0809614671008279,1.98963995938046,2.35974630006541,-0.700887897586182
0.424772341322866,0.26625379348549,0.307340908356772,-0.941215302178123,-0.723654300551123,-1.33947334966676,-1.06483830332882,1.68939505750893,-0.573011743528639,2.43484672286556
-0.392646897355273,-0.0328063475609852,-0.672482252678741,0.686012258159004,-0.494012800275375,-1.52544923141703,-1.90723111232189,0.626897915701321,-1.81892040960259,-1.60275173251268
0.385815490806906,0.395299075274738,-0.55654074910113,0.872146951050829,-0.430621648595593,1.4457877032702,-1.72225868907764,1.06110086072994,2.22959414626195,1.24185800953666
-0.037539706063146,0.518254710992311,0.764050718146308,-0.668276409482692,0.0310752588068134,-1.46116967453614,-1.52624370384395,-1.26366385821407,-2.06090502948961,-1.42189259020252
-0.272442231049365,-0.591421607200769,0.117066475676413,-1.07360355642569,-0.222912234338017,1.48405648203995,0.0942208712283533,-2.06082843706073,-1.29481029415021,2.16418823963642
0.0118626943170266,0.542138570636669,1.04252677096953,0.134927546232848,-0.490234204951702,1.3740156164187,0.301478734790122,-1.85870116611495,-2.16534684250375,-1.20454495027245
0.530716695133484,-0.149325248333839,-0.950133143097169,0.116800016643175,0.0708024186726045,-1.45808597616771,-0.613808151151621,-1.9970927755273,-2.35213664143503,0.784906367580075
0.146616830040191,0.539426259116687,0.88544974279037,-0.634078556262702,0.578613307308158,1.47653174419387,-1.6787765645149,1.21512365820199,-0.55762709044258,2.42953390758079
-0.122253715880606,-0.533030812719906,0.988768421227984,0.0777638551034148,0.612403729795776,1.36945476310097,-1.83913033056362,0.216658737423557,-0.415025265842134,-2.44709366670546
0.245100449928872,0.325533366742816,-0.998823738038464,-0.377368641641251,-0.740433245353179,-1.36260030107295,-1.81175420163816,0.842023751126309,2.19171138123332,-1.1035413261472
0.45108293005749,0.0624583122629153,0.968855963960344,0.389121369796862,1.48753549467705,0.434927636330174,0.685876252846332,-1.81520472619742,0.219836605300878,2.42421690670194
0.476033464933716,-0.132484033028324,0.0733217571948003,1.05596108863094,0.505021721085473,-1.37813580789898,1.93458026127197,-0.328955601384179,1.31167982013434,-2.11057868598432
0.154214432723534,-0.448246798757552,-0.989765131088975,-0.115380921895378,-1.61418175506923,-0.201932740427549,-0.14300812676497,2.02778736305786,-2.48028660792198,0.348568475257329
0.449284334885517,0.316568091221299,-0.98284717494878,0.0448120003992607,1.43810695713594,-0.388665981080597,-1.99116663332854,-0.122699097899925,-0.626249853795604,-2.3835644628082
-0.149488191827275,-0.50659921395324,-0.293396672985378,-0.966555448624591,-1.45651952561799,0.330925647314313,1.63142130144064,1.06758789541392,-0.260985076980366,2.45562925043881
-0.43203595855927,-0.36359600666931,0.0599096895284212,1.01475671923967,-0.648720958011679,-1.3363646564221,-1.91498676269644,0.43222842936425,0.502831354758808,2.42439519695457
0.259921392424555,0.490872823138816,-0.852533624026789,-0.498249061780047,-1.4790013501375,0.460829445534828,-1.41922492858873,-1.37680984590085,1.51490586622979,1.91541138019556
-0.166133949619006,-0.447553359622261,0.68626523519853,0.741662953248788,-1.33563717101563,0.798592931774887,1.6269506821747,1.12313143255454,-0.898001375789794,-2.27470509597014
0.396680951179391,-0.224517061308523,0.00249082645833455,1.02340811425691,-1.12730887792953,-0.864956492299403,0.107900205127303,1.98369854380231,2.52306570149113,0.297605181176039
-0.231560299689225,0.462676913678778,1.03491859376485,-0.0964720595867199,-1.27210629321492,0.983114708037655,1.72021720920161,-1.169967343207,2.36136635019592,0.480059592623846
-0.0233920911230924,-0.458250709956323,-0.827354633057977,-0.606327513908279,-1.32434110070513,-0.324282381302198,0.801400725714587,1.83911332784845,2.10401983942727,-1.18997859640249
0.398747176070923,0.332104698173254,-0.0502108373210901,0.929858314050057,-0.452025387916337,-1.39854679175135,1.99608624715614,0.0726312159966714,-1.56220933581265,-1.93934865824775
0.364643118098933,-0.390013825937261,1.02663190646808,0.164883236839361,0.364392130664398,1.4087720684053,-2.0181301505314,0.607996029754902,-2.49562059976151,0.452019368084409
0.176177592798693,-0.464173156686037,1.07001103440343,-0.268233357592365,-1.17396129010413,-0.862440219298107,0.718782919853278,-1.8182244284088,-0.460123484419924,2.49416033404767
-0.362714335688291,0.305450375873625,1.02483966997136,-0.111975500481138,-0.512547854057086,-1.36845830793695,1.95137945350144,0.276426147123697,-1.26315735147586,2.16451285168869
0.395276035413267,0.290067291241748,0.817501696018364,-0.657276619160051,-0.12089694903577,-1.3896319440312,1.69398948714404,-1.22510401688475,1.70968749559001,1.87373912669702
-0.456697756707502,-0.0868519885305164,0.878393405177835,0.181391134847295,-1.46519635772696,-0.0407960306205343,-1.70602846111523,0.982098404408782,2.54236926270729,0.321332284524406
-0.258380030459713,0.417210455546049,0.897578457478959,0.186028347389698,-0.766039947346552,1.21288452109939,-1.62721243790934,-1.20318573638825,1.19514189395527,2.24262529022614
-0.36410308550157,-0.211717504073415,0.503486589305485,-0.912444555554681,-1.39683330440401,-0.421512409901167,-1.02466510837515,-1.66154152075158,-2.46734699432942,0.483733827088374
-0.514090539865532,-0.0289795301455091,-0.443193968152065,-0.967052646053509,1.43063419188525,0.414364436320217,-0.720143629458957,-1.84204406414949,-2.11148089971545,1.47147296213375
-0.458525439584726,0.36228269331912,-0.646801943464122,-0.850447188175305,-0.955851683694485,1.10296276893465,-0.00579003146124422,2.11950262891714,-1.99171116148703,1.47142687041188
0.377621117674475,-0.181018865082476,0.709459927342597,0.576288208269882,0.933117388843716,-1.23439641789838,1.83276930106616,0.770587101528851,-1.05209138378109,-2.29386460554901
0.172458232838714,0.510637428487486,-0.585847980769788,-0.736091133187725,-0.608291008561609,-1.39429139432313,-1.74755516745947,1.0182452036096,1.96927233736261,1.63434590787374
-0.484752498548481,-0.094402608921325,0.944877856396158,-0.114960618767998,0.923611600422069,-1.23282306591059,0.485870947865602,2.04537469490291,-0.718500958647724,-2.43049920057792
0.349126085021527,-0.388050551947508,0.895114707694047,0.354060432932687,0.981076618440249,1.10561257531186,1.03767836427346,1.72781779223338,0.0861054701084199,2.45357473701185
-0.258356964027972,0.374133966856079,0.257191713825693,-0.917344201562344,-0.800000499611572,1.34552190792246,-0.618282928535987,1.84510308975531,-1.25478536114679,-2.16798610659816
-0.292884579505144,0.405519205051783,0.685689362476821,0.78354680744245,1.43243809015655,-0.471306637420588,-1.05329275076023,1.74033293188105,1.76080170228688,1.73293077741801
0.474014420913382,0.0213832349316303,-0.793937530311924,-0.512942747678452,0.478792107427734,1.37368046276016,-0.0696484424188853,-2.04793255790393,-0.965119278276151,-2.36328891822234
0.532683377469823,0.263393009757371,0.348164199559031,0.969345700151654,0.657326835371856,-1.30652457794968,0.387311808720738,-1.84825852700727,-2.47570819840432,-0.541274326427481
-0.254311286167697,-0.497718611758345,0.97915475902177,-0.345940948929192,0.645421065683914,1.36625820396554,-0.568858158048906,1.89839800745682,1.64615286083552,-1.83010558255399
0.537366430969961,0.252503739741767,0.875288053477749,-0.502011441733234,1.37596115681537,-0.616664869643847,0.82523642943642,1.79490308316938,-2.27043654020387,-0.782585325892248
-0.147470806488999,-0.474768946850389,0.156502681368958,-1.01108559523543,-0.509042652407864,-1.4326859930863,-0.476355641171531,1.89903146230889,-0.293742177643609,-2.46402803547643
-0.0811488795104023,-0.539158561643191,-0.376514083190152,0.97853153171418,-0.539545517282395,-1.31232351323631,-1.79556937007569,0.987097395862914,-2.45119824416096,0.527585722753342
-0.556763297328048,-0.198106257656233,-0.0408794868689701,0.910655109839344,-1.42188101222019,-0.476481832159633,1.92639702026499,0.291372054220177,1.94141564035632,-1.270664980926
0.403874201512644,0.165288700790228,0.92353176041106,0.475409343490158,-0.93389259015788,1.0517240132203,-1.48681103357511,1.30360162605568,0.904442125133536,-2.22407655133975
-0.289254912581805,-0.488238560629371,0.240531977068259,0.91695053470914,0.715876347191537,-1.25223223830264,0.508618171527588,1.95758957186573,-0.995547888856148,-2.3025384958762
-0.449844655923345,0.0832410221182477,0.0301052620012618,0.994131292633291,0.823602871182143,-1.23666351429019,-0.337832729657672,2.02395857209263,-2.50791148775079,0.559023548824445
0.134637157736317,-0.412472168884628,0.485409552183269,0.808711780170523,-1.43998380573517,-0.0945896075568274,-1.81123569988875,-0.769611946142491,2.25707186897636,-0.9325255956936
0.0104286530843723,-0.460006823617836,0.126627378072496,-1.03481995941331,-0.41196438726936,1.42660934754066,0.786388610090981,-1.90997951076558,2.56933554502577,0.0324247440936373
-0.497327131245294,-0.168237182165855,0.917014041440155,0.305656402322867,-0.0180147600624841,1.52035978107071,-0.804387037129224,-1.76931913134294,0.0659206270571819,-2.46038311910592
-0.0917113447640128,0.533242789032829,-0.887881890209371,0.313616104817265,-1.42952770827595,-0.59317738577479,-0.619704988415505,-1.95232200284956,2.46567701325923,0.437291647095012
0.249472477432909,0.501831079902298,0.910441744866446,0.544714302143596,1.42613366441728,0.0706907556304221,-1.7934343830651,-1.01006976202732,2.1240318272874,1.370376032521
0.333431440307562,-0.454113496787021,-1.05510384331781,-0.239617888279182,1.0555479814189,-1.12562900814196,1.12484196849963,1.6359982346049,-1.25887946558043,2.00719205723093
0.48986408898189,-0.166079092831544,0.427287973737492,0.876933329457284,-0.510608780928171,-1.38681324061946,1.62902275682198,1.14232541822012,-1.67829171753613,-1.85152636844574
-0.330312512790775,0.328727295948316,-0.699036329364648,-0.617120456462635,0.0251571984059037,1.50939908489677,1.97407396386206,0.0967907382722013,1.8051870843958,1.83509598018301
-0.197037915754706,-0.401855384346966,-0.541080878627254,0.828170811071162,-1.43420011425081,0.375500865220711,-0.380523635683845,-1.8853790671235,0.820923955035441,-2.34299608265343
0.0597814872548189,0.493948515873097,0.199336068364989,0.963837677586568,-1.18759397181355,0.806674222164266,1.98613765905505,-0.0492668254336876,-2.3495257600686,0.530153223939356
-0.324911846055815,-0.311675463607595,-0.862119309416513,-0.539088196047983,-0.629650007983702,1.34442956555329,1.62455185055148,1.26532760574921,2.42227266650376,-0.443319989995378
-0.374720491489745,0.399476282324664,0.238648153577802,-0.938309695576822,-0.60463190028593,1.41325502584954,0.498731902783436,1.86945294620406,2.25490049089501,-1.30809824649065
-0.505780415711446,-0.262337084259103,-0.958716058243061,-0.258002887088348,-0.131933693421261,1.43254630697018,0.629941166675658,1.89604078663914,0.665191382955683,-2.44586230583149
0.456030541270702,0.0839392953579668,-0.899914624293436,-0.0686198313523563,1.25549584135946,0.823537365524139,1.44593666332151,-1.33274981411393,2.35289222829819,0.514840131121173
-0.370831212625403,-0.337311028702024,-0.892983422892701,0.369554301973588,1.20809761944677,0.916118739073683,-1.47262269083632,-1.44856212085374,2.38956351695217,0.737176138768841
-0.353633960822937,0.319361608587247,0.991851969127721,-0.158584113874281,1.16036248280317,-0.950694781305776,1.43066857444376,-1.47844949874064,-2.46069811161507,-0.265452135423048
0.202384139642677,0.480106392583262,-0.506730226822109,0.87926451281716,1.17098971082927,-0.91918545094513,0.384470861532756,-1.84618053415673,2.13628543028891,-1.30650868509933
-0.061431495878228,0.478925782546075,0.854711301820229,0.355971770608783,-1.20856604500024,0.992659316450725,1.22050254440673,-1.62181715063858,0.0151228993035452,2.55838881340519
-0.136860795811308,0.473752661464559,0.517454623144749,0.798076760406845,-1.14333625347029,-1.04947151961921,1.87687600446876,-0.506741421652154,1.65998045226694,-1.89522155206107
-0.429507530549512,0.149269070869045,-0.678297936294639,-0.800640355710186,-0.894547905540346,1.20038339090552,1.36807493634104,-1.3668369783133,-2.44077137842309,0.437689903542547
0.161189347385269,-0.43691124834862,-0.743494843476679,-0.616508922776073,1.04915675687987,1.25454282691511,1.91462771171438,0.737914693350251,-1.55502052838905,-1.90708643484997
-0.182577206598026,0.357098585015459,0.966196589303145,0.117925657422707,-1.47450334387324,0.109529737908228,1.6754988978754,1.10737320919488,-0.692741134605014,-2.43387603841698
-0.481441758265264,-0.209149174104408,-0.765571540946079,-0.729546564408106,1.43171702005134,-0.252054666752513,0.38748751722092,1.89325807258182,2.10921157956162,-1.28726603413503
-0.432297393680732,0.149017358166645,-0.506411559067252,-0.795712390478135,-1.48043730255294,0.375317787110981,0.934053468332652,1.70158495333527,0.523656018706258,-2.37145785657515
-0.106179151541318,0.513148468143403,-0.849199650845985,0.583528202580091,1.43009279766796,-0.464832477646734,1.91656894438158,-0.459296093102462,-0.397194049805288,2.54754381624778
-0.198509156875749,-0.541762993411585,0.388497087163549,0.938551813059447,0.504609376790265,1.36683791234681,1.27388380090899,-1.53567621481607,-1.18906406759222,2.18254427344309
0.129615231847075,0.450783216219879,1.01764133358745,0.214174159563195,-1.44065818085822,0.481953079843878,-1.80765883278657,-0.822968681438533,-2.20828851732743,-1.08170901091289
0.281108368749964,0.423158166339832,0.185241039042757,-1.00814560224507,0.512646757986208,-1.43206360935621,-1.90911437082921,0.14392370520039,2.05663359981538,1.40299159664609
0.495526691589192,-0.0529192887015288,0.785470729259141,-0.728494102374494,1.45759977859222,0.367686863898105,-1.85543722783043,-0.756196104784341,-0.963446582893862,-2.33465690724317
-0.0715831379567658,-0.44360882553926,0.958096646627307,-0.495280002256992,-0.795788509904986,-1.33690013375897,1.17774675855694,-1.58747383512343,2.31425407029002,-1.01451522302826
-0.161640073321116,-0.372084993016485,-0.82919741424606,0.532083587287953,0.709514668459151,-1.19564356980434,1.97541176256545,-0.558881460776613,-0.499898187924273,2.43285393937808
-0.0346423256212571,0.523534664360911,0.242160798940231,-1.04942801472735,-0.703458728087787,1.30038269016105,1.75828985141873,0.978572586258679,0.73376433996797,-2.46275120832847
-0.315167550206995,0.402086959277718,-0.831035404853524,-0.355758840993746,0.702431523115514,-1.26994780124262,2.00776923811583,-0.382188315604246,-1.87518821539651,1.70526430831644
0.42218751304543,0.134589588632003,0.0411012898034599,-1.01243698480497,1.53099214456709,-0.130962427684218,1.97647557843479,0.102367015977672,2.13868208410561,1.17228266240907
0.419743270843214,0.128438918885098,-0.788832310318875,-0.62157243299106,0.914868490733803,1.20585215788459,-1.65224090211316,-1.11865656441973,0.396471634569527,-2.39450499146515
0.488029787038848,0.174708028656213,1.06135650065438,-0.192679912140714,-1.12832160250104,0.915195433071174,-0.196584034640194,1.95233783200633,0.945616625897057,2.24276021780593
-0.49824499019065,0.179125020527376,-0.390291519192922,-0.879921939360386,-0.181059194520942,-1.54793292890051,-0.972746270094406,-1.72421262658428,1.90865045861857,-1.56926436941183
-0.513559162694137,0.110760445015712,0.812201668244132,0.540713027842453,1.33622926480579,-0.626045417349199,-1.03571224002723,-1.75978140285387,-2.08511769633341,-1.38499211217043
0.39147775682899,-0.250406241790366,-0.361544414473505,-0.894507357185012,1.36122640842013,0.733919809525867,1.80803598390005,-0.886001683449731,0.179855817185917,-2.53922375972708
-0.092092239917882,-0.458169737560566,-0.751185120964081,0.680197831692526,-1.1128808985571,0.889422948170345,-1.57696519996869,1.17139593523297,2.40164021034882,0.482959278224686
-0.160252152492837,0.419456962337947,-0.841786246857924,0.366962591241495,-0.941057372496976,1.19980169327375,0.170407972320555,-1.94037083138574,2.46869773983402,0.549334904333822
0.482760875680811,0.0861502442464818,0.272288731516955,0.950712104258697,0.104735058587877,1.53188665041982,-2.00637427717903,-0.0521439801372882,-1.34568557720365,-2.09385751959132
-0.489035645913654,-0.268549959490948,1.0159167964109,0.138752366469624,-1.55092333083684,0.163141729931868,-2.04584267693995,0.444364297097323,-2.32318026768292,-0.985348881209361
-0.255317064352229,0.362165185090852,-0.721001465644082,-0.734217082228904,-1.18583174674138,-0.832419961699511,1.63486561813337,-1.31479350659705,0.326808224206727,2.3844815549772
0.0379321323847893,0.50665394243716,-0.68965507397652,0.802753658223195,-0.488377192696415,-1.48519602445258,-1.04533604880311,-1.68528075379935,-2.27647037155926,1.03297164958766
-0.42300884566575,0.208173270827168,-1.05725614285549,-0.0851664122714107,-0.105163604003083,-1.54555039772454,-0.133767804215337,2.04253640597816,2.59334530651049,-0.0849157970519858
-0.338933701835223,0.288835839550858,0.937666001265687,-0.447761736185278,-0.409719863178626,-1.44015600160714,1.37868000746206,1.37868157278444,2.38310440276244,-0.919455555439094
-0.395504386781191,-0.12005595725086,-0.547353155633663,-0.780620105468652,1.40991254466422,0.509588374925543,0.857929522100168,-1.76081071888593,1.664029760934,1.78398355987433
-0.495879677648508,0.32346068990871,0.805135228347607,-0.570227240144337,-1.17890587099143,-0.86333817472113,-0.00123825765833956,-1.95928282663893,2.56322958836529,-0.00842461590912384
-0.546461397745769,0.133658841373058,0.482868736375859,0.941844296123216,0.45675076956219,1.30833267595872,0.123810090830047,-2.03659729738247,-1.13209601956959,-2.18960094799542
-0.424458368446907,0.212864047656511,0.971175295550828,-0.317737654814906,-0.900537058458156,1.16001171599053,1.88959062208614,0.950629614848366,2.41513066891686,0.930841458610492
0.269303152648284,0.4362977735661,-0.790368604630632,0.655725563874793,-1.549449826541,-0.050173438171332,-0.468592161374227,-1.94457263063773,-2.03013932517127,1.37098593117724
0.516303491669575,-0.0784012528692447,-0.446080786692112,-0.88881970249519,-0.329344805072526,-1.49985866631642,0.116607253782882,2.05749584702931,2.42166497610913,-0.0632403861008804
-0.457574761367734,-0.286351452239739,0.444194543732666,0.919608167921599,-1.49743946426281,-0.187872584105748,-1.62295332216657,-1.09666587859224,2.22922137915702,1.08187794560545
0.159302433253892,-0.486597273944922,0.294205522286027,-0.9434830796471,-1.30020141766117,-0.894723681721119,1.36512013922004,1.4681371637402,1.2682313326211,-2.16360027663463
0.16465060217391,0.541561567013199,-0.766840414665289,-0.65066273363401,0.97474369732818,1.10656000715232,0.125459812365927,1.96527053152789,2.46143671594385,0.573549566829069
-0.183426652673613,0.49277636446561,0.14142170672428,-0.973132656379984,0.0488301483765057,1.48402273039121,1.29616323586223,-1.52958738530838,1.16935822747303,-2.2987559223848
0.500661579051051,0.158044378457162,-0.365158878809926,-0.903927270365138,1.58237689440824,-0.0920029582144429,-1.84860405441136,-0.869237816255104,-1.89056224043816,-1.60717417333384
0.464300898877712,-0.143055704642843,-0.165543241279151,1.0635012805143,-0.963768108208879,-1.20733506081264,-0.593381260081489,-2.01586655304211,-2.41853810301119,0.0208087877691779
0.126197980561987,0.527547392462606,0.120164938942061,-0.927309654901329,1.21981905747018,0.676150686566448,-1.89299456562972,-0.522161489990468,-1.90978517517004,1.61781773159943
-0.237620850291176,-0.375210221119702,-0.370951055683535,0.977265212555757,0.299929392100368,-1.47801527486229,1.54878973156852,-1.30095503956964,1.87657627997956,1.63759157164112
0.446818989329006,0.269555939669852,-0.10088624338035,-0.980982431268483,-0.940285088948385,1.07540839118356,-0.678710807340972,1.86829122713293,-0.445968282829068,2.4697826808009
-0.247495177698713,0.52523548595479,-0.269753832830796,-0.992726314699225,-1.45572760271785,-0.494259643674463,0.903655960067969,-1.75947381517536,0.19988009949978,-2.53859552690848
-0.43946975736606,-0.258385513855074,-0.980094287487964,0.0748071910152671,1.36062002736111,-0.479579602636355,0.0813688752585502,2.02361031471592,2.03649794466818,1.55166879132805
0.505582824195872,-0.153569981517074,-0.0134672029771761,-0.989573368802939,1.45268197591502,0.722692799399622,1.9442581837897,0.426287306314509,2.17577284584603,-1.2950526748122
-0.265434353301654,0.473246406302233,-0.900096504497414,-0.238287155603799,-1.23417450640619,-0.710179844890612,-0.710463020895872,-1.85761529311028,-2.0847643019667,1.38983383129122
-0.226310304705959,0.386598759935314,0.345153674722017,-0.798969328801673,1.17205327111328,0.878283781774757,1.55102160200815,1.28491025087215,0.701065620838976,-2.37815350736329
-0.105200058150206,0.443170331360986,-0.892262440474104,0.465920643887962,-0.353624917513703,1.50280433859433,-1.88634273816578,-0.558720316508055,2.55164041161888,-0.356081279341359
0.195843617600222,-0.421828664257145,-0.0990837570481245,0.930430032599117,-1.59634130698325,0.0356877284070634,-1.67612441782495,-1.03107532108863,2.24952337752217,-1.04744147457481
0.14738378388782,0.563325638596984,0.888057892447392,-0.145130658248978,0.413891134535459,1.5447167711728,-0.643255219106859,-1.91882336188459,-0.371388149084106,2.54510469777808
0.0355878595604342,-0.522222293455721,-0.00453263707452918,0.975067718484723,-1.24160990986754,-0.791095178409163,-0.0356269546503946,-1.96996393307187,-2.12524453740265,1.17355401380159
-0.474771540126554,0.226164468480809,1.06185800161143,-0.0199843260460848,-1.13097644199684,1.08838696349934,1.98582550330554,0.406549407310039,-0.567881914424861,2.40909470539326
0.327486641582317,0.376542808708267,0.00715880155670906,-1.02770893404075,-0.840452623390754,1.33153481676644,1.36110332331343,-1.41969797132407,-1.92750281648232,-1.64168489318536
-0.185163988830429,-0.404629779456056,0.500858143219742,-0.843330138208478,-1.45095991333581,-0.46208738038597,0.237201304940609,1.95520709131246,2.18535526586249,1.20909936915524
-0.12213185603047,-0.511389469940017,0.279664438000333,-0.890057189431658,-1.54250443566958,-0.215900852398651,-1.97425375992434,-0.375703664504494,-1.25108112255492,2.11593879385657
-0.507104151098121,-0.0248406611022119,0.131277851215558,0.980130181668836,-1.0636957065098,-1.14467773512492,1.5335115485959,1.33060929606238,2.51311638452421,-0.202675414718656
-0.340768330990904,-0.298542533570677,0.168949694487969,-0.980968882819204,-0.509639000486774,-1.33324786426233,2.0742894628096,0.405146307911106,-2.00972713532611,-1.45651064833454
0.496913213120908,-0.0912697097578535,-0.642025978325102,-0.743610748438277,-1.08135318096455,0.987925520148852,1.92525089104873,0.11991455802515,1.85101633608697,1.74740987416523
0.165842100862576,0.503265984489192,0.790584080148874,0.642789741266631,-1.34554765355354,-0.717894963306235,-0.570185500510417,-1.94328019602807,-2.25935492211474,1.10207420563325
-0.367117112392486,0.434009476108575,0.801750773842537,0.484029470031262,0.176578459815638,-1.32097285977341,-1.88402967834559,0.550157983291286,-1.97242398752862,-1.37641292336986
0.0861042784233065,0.515101969076625,-0.0851822549959398,-0.953087527129241,-0.232956364411523,-1.46020144201602,1.87632633930072,-0.892803581410876,1.65986385316587,1.8152217671273
-0.331424300250464,0.389393935183465,-0.400176354774263,-0.895395070490772,0.667703333013709,-1.30272098561217,-0.465303313483739,-1.89494026359126,-1.2925799834104,2.22229992535943
-0.255350009816921,-0.464755258744889,0.392566952150865,0.944587687771983,-0.651118556912359,-1.3892701637793,-1.12402210575519,-1.60911833024463,1.11099543193307,2.23642236340268
-0.198722014983766,0.377255507566031,1.01213135018373,0.00974385522965971,0.894508542750112,-1.06548862797222,1.78078429669364,0.816273217951247,-1.41772532253996,-2.09117208400166
-0.545361540396396,-0.302114249797317,0.816194199324629,0.687473458660207,0.617696115896728,1.41487818359803,-0.44203506252304,-2.04763856296136,-2.12455944490677,1.36756139306133
-0.352384202664583,0.490481710045755,-0.0541506676065132,0.907436415240883,1.55960215087162,0.298371972040726,2.02108121020891,-0.330207097687575,-0.86597776896706,2.36329856618722
-0.470022616173693,-0.190202845259115,-0.767637144594237,0.578340678561242,1.4185574595139,-0.425854718605318,1.68538067208337,-1.16869673963749,-0.0416680498866107,2.49030748967312
-0.387985797012298,-0.301452659212308,-0.750922612512974,0.72307046833296,1.53313244062748,-0.296594354357824,-1.46562464248837,-1.4154219804858,1.71335203537909,1.79729644185259
-0.422717444349968,0.135557286832808,1.00719517205247,-0.0288104426808814,0.0508297412730978,-1.412038010594,1.12747342307956,1.68031758914488,1.82707792011445,-1.80025147810674
0.444770539690572,0.192960479484161,-0.789950560795442,0.761829373049455,1.49092550607275,-0.0721742859174762,1.55016944539973,-1.36167364944225,-1.05888261400718,-2.31322680337437
-0.101180641186209,0.510542035004836,0.992327418383119,-0.0941369959853463,-0.634175480151856,-1.4008505318513,0.72127295507641,1.86193794169353,-1.14471814844196,-2.0601831306814
0.417775792225143,0.208190094681048,0.843090025767295,0.555174117211559,1.4201732878694,0.0310481612493766,-1.95033576646489,-0.23852813639425,-1.13969119295811,2.24826151755797
0.45284937586671,0.0813647907178485,-0.626142772999843,0.789604045057025,-0.818484171647323,-1.35365674473266,1.76843242130994,-1.0714651836552,1.9458395284898,1.55482936024561
-0.0334447968711299,0.480137766847992,-0.826617685270167,0.607978208935243,0.23096365056469,1.51586538616314,1.43181834835334,-1.41463437236133,2.02620481728563,-1.46263067094214
-0.259959011067981,0.489231428113603,0.473900943730578,-0.832422229016774,0.982491619279909,-1.09909935668271,-1.72685954758061,0.975177055092657,-1.19261372124519,-2.14073837535292
0.27492386005143,0.435324666386251,-0.940310688608586,-0.332343722740055,-1.42065486179114,0.130329681388711,-1.93896067235855,0.630026424305693,-0.816136785621902,2.38500771621425
0.0357368879827635,0.517253987011374,-0.663892163110288,0.743257537722337,-0.585162160841612,1.42462897101617,-0.857746927321076,-1.84016089305661,-1.4669935630162,2.05042969069677
0.404048811018813,0.311134583092505,0.913278621256832,0.340235237207096,1.19797407653868,-0.912760849017691,1.97350384665743,-0.126984755460827,1.96151946002466,1.58410300298832
-0.259744447456897,0.414057850980929,0.523713477123623,-0.925904713220917,-1.37406048209278,-0.759691558894216,0.964362605869427,-1.79257019052937,2.51042622908848,-0.55158187020301
0.468816104798532,-0.190548605079792,0.0286419484285123,0.930327703128974,0.805788679414832,1.2097178342471,-0.27574845310681,-1.9668466810058,2.22939636454538,-1.21918222679413
0.362502664373348,-0.321839106108767,0.917225637602043,-0.345684711416585,-0.210017178689432,1.45673320127759,1.04929276583434,-1.84142210772347,-1.03952478085907,2.23852677159257
0.131216281237466,-0.541205952923765,-0.99705636417403,0.192509682289736,-1.11157957496935,-0.927505205775651,-0.543514675150602,-1.98093469428128,-0.0811569623443647,2.52436067337398
-0.341023074291214,0.258493696452447,-1.02603839544141,-0.198252504847689,1.0441901488997,1.09211199771881,0.609605015699895,1.92177877184215,1.89931510701341,-1.75926211130106
-0.170429372929184,0.425760575141786,-0.724543241845579,-0.627693513172105,1.35664751015345,-0.672103285101285,-0.841908685442968,-1.72004784169632,-1.62986246121273,-1.91504303679138
0.296060673341748,-0.435728974845748,0.529190445313244,-0.694775144498842,-1.54038734687107,0.0712366606259268,0.339822846493136,2.07032165506216,-2.36580671329544,1.00799402817516
-0.44293292331905,0.313518010128981,-0.010338181372701,-1.0349725453868,-1.43359245817204,-0.036225148944106,-0.120170631331703,1.97525889197441,0.0411980539762665,-2.5178183529683
-0.531822603382404,0.0984190569700603,-0.874745361668491,-0.488047627779015,1.38355315915428,-0.636469401461551,-1.67873195245443,-0.939761971596552,-1.37526512384426,2.02193223496411
0.47696325094964,0.130432662464467,0.912114727401196,-0.414069640159436,-0.615428489139382,1.4379382703693,-1.93407117730549,-0.849354585925781,0.286691262830918,-2.52562864457328
-0.102455943373334,0.582359751817258,-0.952087277320782,-0.432961761514425,-0.344139993145445,-1.47370749045141,1.5641843351282,1.12251878468774,2.42162910113065,0.544182855846101
0.394224762774615,0.254198012662275,-0.707077233045451,-0.742455423012349,1.11625878736434,1.04039075315745,-1.52657843330075,1.24219391785488,2.20862858465438,1.31004575782149
0.505986979119736,0.105410603108902,0.889286483553951,0.544237412762522,1.38843797760821,-0.531825205108251,1.50149820797626,1.37859647726531,-1.68974365521508,1.88358363373393
-0.0682120480706312,-0.569004697189192,0.696280432497868,-0.697165478849986,-0.852570008837199,-1.28804574225883,0.0906225419443272,1.95448099430981,-1.68927143296935,1.89066534420091
-0.463722283598925,-0.427087303867282,-0.281728816930599,-1.0464475901093,-1.0996389230771,1.03692949974306,-0.145250671881349,-2.01251313707671,-0.657858583378378,2.36818482680787
-0.479938718381423,0.115383220883778,-0.99154585089579,-0.140556336847761,0.993835810591127,1.16814003434273,-1.44128611036252,1.49363045817137,2.13365111580324,1.21268375770375
-0.539995778339847,0.114181368704623,-0.29632070328089,-0.940005863215514,0.670849562840611,1.40437916798947,0.931710893179317,-1.78862666838256,-0.768124078838171,-2.39892362570718
0.532252386809578,0.000220622100985869,0.852634841885982,0.452360080112787,-0.800669743412103,-1.2255752932184,-1.5846968020751,1.23552778956766,-2.42964400660717,0.525929057639043
0.0909300474049963,-0.523455344462552,0.843182750654041,-0.502618823208913,1.22253865385126,0.701251900946932,-1.79507619589576,-0.941325715424226,-1.97085610394687,-1.4852354908174
0.191133363135605,-0.411024265371627,0.425102202199368,-0.924099906052724,1.2653578691016,0.742245116721319,0.798985804921004,-1.8882803363939,1.89794537997808,-1.66597215100645
0.298555045590086,0.36663407802819,-0.915702838506955,0.410129803575208,-1.3222372097485,0.701753293407401,1.23284455057679,-1.43725362536066,-2.32592047046177,0.906989636853009
-0.509289462483587,-0.164271891516723,0.622301342513661,-0.934321520267019,0.568210777433734,1.3037578652713,0.332529031304587,-1.9725910125695,0.290603210291665,2.4336170296381
0.509222104911772,-0.0908880740469865,-0.65762529313455,-0.683322444905027,-1.25420731379661,-0.757875309013613,-1.74888949149173,0.950388519147104,-2.27278180491369,-1.01113363837
-0.447355183080659,0.134987212426632,0.965568709263247,-0.0304185333201889,1.15071742617538,0.929769767663923,1.8386659084062,0.434881599466738,-1.88938494172993,-1.73215904963727
-0.227341282529147,-0.431555055714029,-0.887242088897284,0.19006639331614,-0.42134336263759,-1.43222504477363,-1.99023569261553,-0.010416042838933,-2.22473121784278,-1.25622660712672
-0.619300129690562,-0.0591137558978641,-0.190675550804562,-0.993293587143564,-0.667269649182256,1.40502081774332,1.95031239773129,0.425613966592776,2.47954451516497,-0.731934279864518
0.104717815745428,0.469187487464472,0.945029745614175,0.17482461702445,1.34664283873164,-0.532404886488888,-1.85257981595338,0.329293510346367,1.25192736743256,2.18761884757319
-0.206022920818818,0.554784154897525,0.191871068822458,-0.977034119981211,0.991052641055525,1.20452875137748,0.581704457204719,-1.87292138552878,-1.61425296816323,-1.81226630201216
-0.0113423378289094,0.490941210224904,0.921847276262211,-0.262544349867493,-1.3019000427328,0.853441125668575,1.71148444593386,1.09951489405698,2.23809589597991,-1.10795763370632
-0.47231807003659,0.134697134272826,-0.125395054878446,0.924912291483375,0.176972190417578,-1.4632198841041,-0.5501786243911,1.94789102684312,-0.371181377111961,-2.5029664033306
0.0692425200396543,-0.533846301324018,0.618803353602385,0.74173783369452,0.0898042454490624,1.47350654416382,1.45620461039147,1.40509754867315,-0.128305803886366,-2.53727268782036
-0.249209830328285,-0.388598802512728,-0.847608663636541,-0.500676958264023,-0.78161611478695,1.29617577107164,-1.71451473263852,1.08595451756586,1.92276492583627,-1.60992252559115
0.548398687864461,-0.151275457884899,0.849122751909632,-0.460078203661638,-0.336152951879696,1.47254919984746,-1.87532946629928,0.316349591646108,-1.31092466551253,-2.08921135909317
0.459994582443316,0.364688893148414,-0.592213574871519,0.827926142100003,0.0881553996190341,-1.52558121031027,-0.367911005991722,2.04878636985854,-1.93696490894259,1.53829156343566
-0.472297260494942,0.240260709739948,-0.600050347776755,0.827072248784297,0.84454228254891,-1.27818027650842,-1.41379051607784,-1.35161724712334,-1.77444009033469,1.68266149902215
0.284500186320106,0.462095896194666,-0.812357504030567,-0.519269033208915,-0.782841378427349,1.21599102226116,-2.01245366789208,-0.480692977232952,-2.28425152745595,-1.0901067352711
-0.501923884441503,0.0725296578578893,-0.900452604248887,0.403154075198581,-1.4313879479013,0.148065102691083,1.29904053239494,1.56818272040244,1.99208845873705,1.48501973693736
0.453472612226861,0.149700757626499,0.762311660032693,0.715281181339007,-1.13233151536019,-0.923131780117846,1.43179625418368,-1.3551524790041,0.380010563964263,2.43945762819878
-0.271169213522132,0.321784440929451,-0.141317394632186,-0.97554123798531,-1.29580136426478,-0.919645739137565,1.97604144787076,0.183964625727401,1.61425926713744,-1.86070419846864
-0.493987775522498,0.277611502713253,-0.389859039932558,0.97730606204221,-0.322172312792457,-1.44140922021569,-0.0480506263214771,1.97740614849823,2.23256630827519,-1.11042724249809
0.176531211957327,0.478020685391623,0.319854317843986,1.03232748806577,-0.986002656034044,1.07276084072681,-1.83279368759375,0.900703231336717,-2.44369699421638,0.343527699384605
0.453572475629376,0.100713374846644,0.927982600464071,0.411287482418572,-0.45409181708869,-1.49882884199653,1.35398870544779,1.40232171325025,-1.97036927902543,1.45210893210398
-0.459382192229951,-0.233695533807771,0.930386735439337,0.36405163512268,-1.55098566595613,-0.0269613004201102,-1.15993049357265,-1.52996622543665,-1.74196904559501,1.90435453653122
-0.524190596118419,0.0377730054016129,-0.423320856356293,-0.979316729809595,-0.422121402540385,1.43217158283817,-0.0105395905623185,1.96110595518343,0.341827888283609,-2.41364284287468
-0.351362761503751,0.290750276012068,0.972148996959292,0.0607339144638208,-1.18909912112276,-0.978926136289386,0.389628240790859,-1.92576438485457,0.939997838332669,-2.34126067810609
0.055695664283284,-0.390829700224398,-0.880979776357219,0.583312282511694,-0.662668552876123,-1.19575726443244,1.88747519033226,-0.623049052163634,0.859614073414543,2.32721310475312
0.270431644993549,-0.39249749787362,0.60197683444961,0.842821452089415,-1.49391132705575,0.286622766620488,-0.55124070940614,-1.92421306135569,0.0218781400798108,2.59864907685512
-0.261741026273434,0.400822376817871,0.859429247594723,0.421536923998534,-0.761102301612425,-1.3307067967498,1.92456245134675,-0.465080407887955,2.18511240043906,1.3254712243203
-0.416538351501244,-0.106534427479535,0.0167386317938965,-0.948464421944592,-0.201601727396477,1.52197096420735,1.01546352729218,1.6685050032603,-0.909476461815175,2.34305412671767
0.315927611591661,-0.382409853109299,-0.811511291088788,0.470535172622639,-1.2368231151576,0.891479289434056,1.94059924872132,-0.0393206359795693,2.49639122388206,0.488924547692332
-0.54511274869078,0.111439351028167,-0.346138514995945,1.03819177131159,-1.07648138953917,1.09723715542816,1.31360460341969,1.38697903346329,1.2257636073213,-2.13424345764325
-0.087564139345418,0.512469084327577,0.863911513174885,0.527128649135421,0.140392921808053,-1.53166167552453,-1.03892024460124,1.60102979546956,2.22748443426832,-1.03466382808666
0.480272129229361,-0.328824129035544,0.49963414695824,-0.889455991635587,1.19615307059534,-0.883516639042426,-0.666997924935155,1.91834033522395,0.178907681977024,-2.4892782053923
0.2622844221886,0.359348170730463,-0.0791552499869411,1.06250391799369,1.07358403309916,-0.921746844258429,-1.37736266731715,-1.48751170667941,-1.19962384787175,-2.18463912293863
0.139499758108745,0.482875499700736,0.232075049608681,1.01636016517902,1.40164355990951,0.481863074309895,-1.2914763414894,1.5898634794226,1.1116497387498,2.23446502052552
-0.34828065664615,0.278521740686267,0.112119278649809,-0.92806293494078,1.39499450651605,0.757220389518769,1.82503470295926,-0.619959006490943,-2.33644005968179,-0.632122149443817
0.16203363613955,0.49579192201142,-0.383694051247447,0.902780780844967,0.654313186467965,1.40404898277553,-1.40626791695963,-1.47523341000681,2.12830535680861,-1.33360309478182
0.0840178679597179,-0.496074754137395,0.858369238932395,-0.221839175416547,-0.245400035027126,1.48187425923567,1.96724175834396,-0.251227073025595,0.440379656033628,2.44003290638699
-0.514006835373212,0.272997178356864,-0.44354322299539,-0.864738904222572,1.12322400079622,-1.06701432762738,-1.89699390337908,0.407978213168715,2.36542118591104,0.0326196605135336
-0.182539044247726,-0.370173845580312,0.938798543934317,-0.425655849940717,-1.32425608086019,-0.714064441065338,1.58097977194579,-1.01146702865162,-1.37065210344751,2.04468968033806
0.0502518468154699,-0.46953976645996,0.841621807964325,-0.527225538328075,-1.27066832098849,0.712999642519503,-0.354725174989506,1.88241381489762,-2.40807880794471,0.153403548361421
-0.471617283070567,0.21326500856045,1.00364736156592,-0.0882186369046344,0.151687309122977,1.55685845408781,-0.785164411838563,-1.89948394355861,-1.97319779746785,1.5639984798698
-0.113240540022693,-0.452175599597947,0.947176607000991,-0.220807117419192,1.47297867671844,-0.440401416611019,-1.37809621319367,-1.4952380662495,2.28176139723493,-1.26167420921148
-0.240865494790823,-0.362314469475621,-0.863931143635489,0.409639998612173,0.861042315181502,1.14680384629587,2.00630946372258,-0.434743539041832,-1.84235015473117,-1.69974470694373
0.267442381065709,0.35044253337535,-0.768910031411101,0.679281645207013,-1.17026997988468,0.899568737103173,1.08656322056047,1.73324732906994,2.48121075574511,0.474051476137963
-0.362751118518734,0.312440171886835,-0.896375805611865,0.168696658764441,0.545304199835969,-1.3604782108561,-1.19208650667575,-1.56257621360906,-2.3959605160653,-0.571781162248344
-0.390379562845549,0.233941459347411,0.902634431270152,0.252722594511677,-1.36479388779131,-0.591810427073629,1.87991364581113,-0.81607787913961,-2.01248339031821,-1.58399850964863
-0.101229102636749,-0.465633337443719,0.977459825684429,-0.123928244587103,1.01549530006559,1.10831322143118,0.538637994292174,-1.9307805235285,-1.82369614466594,1.70079451768397
-0.343140739291667,-0.267280381697474,0.343264644582648,-0.87077636210687,-1.26184666779273,0.584794044946751,-1.9516682261227,0.234620121736775,-1.76121459964592,1.76671762356395
-0.392965788766523,0.477423175441325,0.292518802525397,-0.893722961585806,-1.38852921505242,0.720555548403229,1.6001593354942,-1.2667867991727,2.49696941683925,-0.210956063275941
-0.4894741985676,-0.319828163159714,-0.777637989659127,0.647580473457396,-0.742066270274269,1.32823602056641,1.75248435993655,-0.946921556683643,2.09232505183478,-1.44095626835345
0.293705771899573,0.439041029558777,-0.0977440185521889,-0.910722370355297,-0.180568798361107,-1.48102887900723,2.05143143146327,-0.0311427073373374,-1.87283428799379,1.71389235654705
-0.256684744485317,0.259463097551951,0.823557847085324,0.69462456272866,1.06053486692808,-1.08156506628558,2.05184847022875,-0.117086525893858,1.35688550964353,-2.18288597471755
-0.179737806729438,-0.464654023755214,-0.342381403915633,-0.985024768073751,0.86355573107983,1.32744477796273,-1.89685423007876,-0.634973790856907,-2.01927672594073,-1.42867384778052
0.393926240433954,0.206313635997163,-0.521022252837245,-0.874639853450887,-0.643191709512194,-1.34845370862348,0.585102446834677,-1.96818718693132,2.157287169921,1.17238972503594
0.440777210500062,-0.220065469913448,-0.822200206699886,0.690072709459173,-0.307280827541707,-1.4720595180548,-1.82383187435665,0.867410225767266,-2.44992223802659,0.673741486387912
-0.10721320596767,-0.448604188038315,-0.736775052199247,-0.657314285337217,1.43974055316806,-0.194634507124424,-0.357315717239777,-2.0398560990018,1.29720494467932,-2.18260951182142
-0.502080648656603,0.0230657101809934,-0.452709793653126,-0.807376956716699,-0.936075890546188,-1.20618865729436,0.32166278287134,1.97024907646777,-1.46944736488085,-2.04579498194346
-0.393678590251852,-0.207460923861915,1.00550203292875,0.210417728207695,1.09953840634869,-0.947773304688524,-2.06162373600771,-0.243013395467295,-2.43630492407264,-0.677540904232235
-0.0788593154797964,-0.509051093418751,1.06505279492056,0.0309097724219466,-0.142702709455385,-1.55418208477466,1.92430721965368,0.551210848528947,-2.36630700678015,-0.567420320917783
-0.136562742124144,-0.496368738415132,-0.480764581781122,0.833705372429189,-0.375959574975759,-1.44212035364904,-0.579163467930739,1.77626091929043,-0.902355443970166,-2.29071649434146
-0.533827865610629,-0.112321879287482,-0.230500005708618,-0.958810246034937,0.89888713711983,1.18593750058929,1.98008155028933,-0.253702042589255,-1.82551349204543,1.62394991903029
0.016293495335126,-0.570746418435405,0.891860155385411,0.0817684605386572,1.22434185597222,0.984903575289615,-1.57877890053373,1.39429615366393,1.57554338341667,-2.00452776244668
0.335462999333487,-0.112727164023195,0.694918245294307,0.689108420688909,1.38004533107855,0.545198656918211,-0.519506275825057,1.89233922798882,2.5200166287199,-0.263925595959356
0.307916986739772,0.366725534742945,-1.04791109569098,-0.0903630330009871,-0.0195800039110945,-1.38071294556426,1.93886761923185,-0.851526405436976,-1.05256990832738,-2.17399081698117
-0.51387559789608,0.0173444836073321,-0.858736917950441,0.624467290661668,-1.10866193358861,-0.983241054405959,1.21466510508429,-1.65331414008186,-0.699318688156537,-2.35776334089776
-0.23203720767842,0.418388808085661,0.259437989250263,1.02133923451005,-1.37989741664906,0.239844562770598,0.974365988849694,-1.75153148211758,-2.43027681980949,-0.292911414403329
0.412904730286574,0.262681766606033,-0.497484772910105,-0.948246701515239,-1.33534669435504,-0.416516649874315,1.48514215496129,-1.29274419302128,-1.23907082231525,-2.09799356298157
0.169504748301529,-0.525497128148149,-0.955372807824894,-0.47431903392268,-1.54430805681561,-0.0136364515234083,-0.406721019863568,-1.95500341090191,2.37200137162343,0.493472705056504
-0.464487819235744,0.323712556743285,0.531629248327754,-0.766748191491589,1.22874016825919,-0.935663802725278,0.426687284367799,-1.84343263635568,2.53865743679171,0.0127154058742364
0.497238385830651,-0.0281094362220884,-0.175720540580558,0.868972000304006,1.27882047888468,0.743152361785952,-1.83350009822103,0.783130178706032,-0.389378261981674,-2.39321004674646
0.265172540737228,0.468041870417496,1.10565415268886,-0.031909294235513,-0.294815205835327,1.38036018838315,-1.89566835804461,-0.570139811273591,-2.38030065136832,0.750311556069924
0.41735885656397,-0.382901224181387,-0.961467461289258,0.0437433336086552,-0.734628918287491,-1.27350228343328,-1.59948976776542,1.25796869979118,-2.24780559032823,0.855254515808973
0.211453476090544,-0.417181693249739,0.962343567514966,-0.119592755910555,1.4843807510714,0.222217756277804,-1.6654384595058,1.00894168011303,-0.595134582652626,-2.4252008801198
0.311590307970522,-0.310761033368306,-0.161296924066839,1.04269715329334,0.379186460095152,1.51630304076599,-0.0727888042688308,-2.02099076924417,-2.4500531615267,0.594134801139138
-0.507627146507756,-0.0427129892022344,1.0162641580131,-0.172425063195983,-0.406833429178003,1.46060518018341,1.89077749525036,0.74299141057409,-0.29536340529265,-2.54058183517408
-0.286255712208301,0.41210436285427,0.669058435846296,0.759422624646199,-1.49026364019763,0.115189818057834,1.76185716736057,-1.07613870010428,0.4989469913143,-2.48837335031448
0.48337401020566,0.139841915442672,-0.996769790477219,-0.0501724751031229,-1.185453622965,0.749922789154649,0.107321933695285,1.98543999707544,-2.41579950621238,-0.639983153004939
-0.319337084747915,-0.400110933265502,-0.713889064189004,0.713352445915862,0.288004178031235,1.4242719790249,0.965951442317247,1.72657398253607,2.40639729857306,-0.627985584698409
0.215585922834388,0.414177871801064,-0.324558469738551,-0.966997216371266,0.62712143557533,-1.25991083457633,-0.588199080540609,-2.00518391761162,-1.08539060054947,-2.30885645662885
0.460031219015376,0.0914141207763758,-0.294800981815582,-0.968374700235157,1.35765524360786,0.25849306139551,-1.2187083661703,1.67890125193375,0.912435470978798,-2.42898698107893
-0.266285886376455,-0.391504466835457,-0.192069747712369,0.966751767295894,-0.808056015332206,1.30467256279344,1.79272298698065,-0.962075374749922,-0.81921523515201,2.43256121172568
-0.108967111511999,-0.49936487496177,0.776103997299043,-0.664957957277534,-0.996372526158354,-0.95755174973394,1.58113691556215,1.2730969096333,1.50660784278987,1.97206036656081
-0.138795742901263,0.320096213209351,0.418898269955771,0.89311568460756,-1.28402596650986,-0.695997686065342,-1.93434210359641,-0.396345342107838,-1.43853194138367,-2.00390088411917
-0.296318352119526,0.430220399632349,-0.266196388068724,0.935057760550477,-1.02693386394368,1.16931967111004,1.86144600040674,0.118130829204845,1.01871792295728,-2.30272669435455
-0.310425389508192,0.370220863295742,-0.693117221183703,0.575319891201999,-0.909134424216975,1.22154622063781,1.97720021808178,0.0773022784894236,-0.533965790043386,-2.51551015564435
0.128676120422803,-0.482442863356172,0.037991512164416,1.05896935742449,-0.553294118105999,1.39059743922686,-1.42952658119575,-1.52545618772476,2.36903151125911,0.693917717856322
0.166093480808215,0.397597388651119,0.614080644862705,0.758799431472324,0.387856213297645,-1.37009448043482,0.753252541286589,-1.75683996870233,0.623240203113245,-2.447376602106
0.483909760063464,-0.207975023843832,-0.96184386825658,0.283370535779236,-1.09501009095418,1.05525063110626,-1.91926098148774,-0.540861537915358,0.33173753331793,-2.56036799641026
-0.466981591462862,-0.0788967621804261,-0.998568061410039,0.0682592134030098,-1.01307557386905,-1.11776385047124,-0.842884836574345,1.84674895155974,-0.727758309485843,2.36830884292245
0.151610559188162,0.539971615702325,0.68983571490346,-0.713121054507671,-1.40704105791311,0.0510005782461808,1.884428552035,0.728643562351938,-1.96852321177005,-1.56998166922201
-0.160224731337241,-0.489394528402952,0.737054993041434,-0.600691950633519,0.486053176930978,1.36280325077312,1.95349284047059,0.513214040940066,-2.23117743373965,-1.09175946523386
0.362221744797466,-0.174270970482757,-0.632888065800024,0.849834393820412,0.738022999042316,-1.34768797681163,-2.02136558666279,0.425650801043045,-2.49274741257227,0.383313691957423
0.363826154991483,0.366062223756832,0.967320926503,-0.330526559822128,1.47617438801945,0.308062938466294,2.03618029496515,-0.280215322536008,-0.49405298407349,-2.45892054934009
0.450959954078631,0.0850988862175355,0.764597146166902,-0.63986487182738,-0.904721488067589,1.14143423751101,2.0336783052185,0.000987546294349622,1.53013571758331,1.93866495587469
0.19807835559705,0.612207858129462,0.235502210597667,0.939606289805544,-1.44511636894471,0.553770545895813,-1.49439914474043,-1.30904090148877,-1.50980270809458,-1.96150761292973
-0.257524255428937,0.277138000025195,0.566660181349999,0.795266503398535,1.08414072378128,-1.02697162832422,1.92916662939594,0.0958950294606216,-0.215999802367897,2.54792475019077
0.213376765539143,-0.443145576090536,0.366641937310138,1.04639447292024,1.21740453011282,0.925728335837056,-1.48095339332893,1.29109617109349,-2.46322432851754,0.553069810472703
-0.471281737249362,0.100819573035793,0.561324547140813,0.824877772850304,-0.781253886785071,-1.38108745214051,0.682747650106861,1.78389342546766,0.758352820210798,2.36296815383161
-0.268230011100208,0.436589711195188,-0.933137248721793,0.230848438613017,-1.4730024128639,0.280652972676584,-0.112095088403964,-1.9964166057427,-1.72994128285372,-1.80467446476633
0.537955071630344,0.211850742479287,-0.728312032953857,0.766624610606416,-0.0763478718689759,1.5696306378668,0.972749625642214,1.82065387244902,1.39002951611953,2.12683603429975
-0.402623214333959,0.278071639039674,-0.0876489079043038,0.940670202037158,-0.888009849996151,-1.20786814666927,0.677392346662737,1.84705328277103,-2.44698201039606,-0.257982166260514
-0.163396928932125,0.431374806302928,0.909111647870713,-0.358887032319403,1.09543837474057,1.00389990428253,-1.99960798237667,-0.0413022118902382,-1.12159474559665,2.23542210510739
0.185252680463848,0.477276551389242,0.478507946321694,-0.907968601112475,1.3348317880792,-0.634863222466162,1.84845174659076,0.478244483893042,2.21397240744555,1.27987806211084
-0.226551246253432,0.429923381059234,-0.876925287819916,-0.406850326441162,-1.04515694348157,-1.0137863938815,0.358796456409142,-2.04899074976364,-2.43716973318902,0.705309433587095
-0.455287823030203,0.0717916953683642,-0.178999293175068,-1.00181926630447,1.55155547884794,0.431170416182711,0.265778728467355,1.96155959180508,-1.97445181738613,-1.72642045062305
-0.459739680094609,0.0957909043093061,0.43703733574146,0.895249238293504,-1.47081272138461,0.0372329846968889,0.437344744669381,-2.01725361593452,-1.76818338761232,-1.71797989139131
0.431206248914687,0.331385304252823,0.224692089046541,0.982350204205389,1.52146582066928,-0.136678089486761,1.37271654971951,1.5115502198875,2.38568458200676,-0.261583770142721
0.206207797557322,0.403579769782003,-0.0501755900014746,-1.02254303361072,-0.702020539761541,1.35775283043143,-1.60307359761916,-1.40075879029036,1.92349368375957,-1.47702339939134
0.181156780531102,0.351012579382784,-0.742413840716658,-0.670566716747048,-1.29898052481491,0.695873704696819,1.86846845627465,-0.627242308342456,-1.72366919778091,-1.75894405275239
0.304628149724727,-0.336716322423617,0.884283728458569,0.489210324428182,-0.97979221228813,1.17401746995411,-1.5486749372044,1.09663683581624,1.34944517844957,2.10760408202793
-0.160851689315299,-0.390949369980551,-0.939462117183501,-0.559004272421325,-0.695354721429166,-1.32614720123372,2.02763905722867,-0.0485330584943989,-2.5000429984635,0.695093663345962
0.534928342451946,0.298245103761927,-1.02873339918456,0.0949365580373352,0.306122992014947,-1.53232177407995,0.718866111226632,-1.87241507707423,-2.38135599952577,-0.922956781542691
0.386888190731528,-0.425105367331413,-0.997861334617489,0.127341843043681,-1.06224122519381,-0.988680440575372,-0.685416383358279,-1.77851436796262,1.46095870042356,2.09572656003142
-0.214569813975987,0.391122027429634,-0.319649589432967,1.06470977215471,-1.45728786840717,0.426369920378682,-1.72544161511273,-1.10787403856806,2.25691459258105,-0.919780352621979
-0.284332401600719,0.393594037689398,-0.98790562370106,0.0782248862334866,0.395868674881564,-1.37690312633965,-1.61014817868919,-1.05362486572362,-0.221129449372156,2.60269608374066
-0.468704385719529,0.131640915826359,0.830928504177955,-0.434476787043354,-1.10174584985584,0.976168214770417,-1.2350050452416,1.48136732814134,-1.78118023969775,-1.70838902939877
-0.186705383597089,0.48064388562677,-0.959799203996426,0.348028779924265,1.35520837694435,-0.589785361149446,-1.96595924357207,0.21349533377136,2.18594244019803,1.14237717998303
0.0808773789561602,-0.44751778370483,-1.02021088645492,-0.0314060642850963,-0.769480657684203,-1.24723345482261,-1.35002214682174,1.48672388615049,-2.45446278222025,-0.35346913740538
-0.374076931877969,0.309979831967767,0.32677831940401,0.905168095132689,-1.08163971046626,1.02668206876393,-1.55082097816225,1.20815674212085,1.74796256062952,-1.82604094047257
0.457114320370712,0.244030675146765,0.909838953444689,0.444088713152942,0.721696047008585,-1.27069140863346,1.09176781154143,1.69369140757405,-0.439852332107286,-2.45413894068139
0.52677516798633,0.180033377031607,-0.73684960716988,0.636130403556221,0.750953770630138,1.3102267711789,-1.34728675275757,-1.44649624438891,-0.564243744476212,2.44678591404256
-0.177627898077535,0.577514070664423,1.06823869763406,0.242633851106357,0.518887172402455,1.28887737161255,-0.988357460749194,1.75594941986093,-1.10894246787437,2.25490331034902
0.0531235914495382,0.536683584777476,0.945588341747064,-0.11629603137247,-1.28852174596105,0.700162192463326,-1.02065381489957,1.72590299825814,2.50405645158133,0.0597349720273899
-0.00406266564677949,0.470890351704528,0.631622307758921,-0.619158966704596,-1.31438942818628,0.762731850476592,-1.08246022395354,-1.59488460071293,-2.25530642462661,1.09030031702419
0.155824498290815,-0.582803159771027,-0.682338928998444,-0.70510954133558,-1.39185347754797,-0.332703254805039,1.94193240820672,-0.175636947946615,0.115574097220618,2.55010949496772
-0.0320661730576754,0.491941633881048,0.225119616225855,-1.03981459596272,-0.992626438411647,-1.08826919674555,0.022192892581452,-1.9718528305807,-0.781814161691669,-2.29748831236876
0.145711443464336,-0.462318837875847,0.772119255389849,0.651482679123495,-1.32257348519546,0.584801646720197,-1.78670194969733,0.958850545994812,1.98461666087352,1.47173122997257
-0.42760340253579,-0.351159460850137,0.339334729517028,-0.948720039006652,1.4076426416215,0.624481859583337,-1.9220397607387,-0.743355350157228,-1.38279331839277,2.11226265335068
-0.564514230446717,0.201636809671473,-0.493215938730778,-0.914065294492999,1.1701180439171,-0.914433046702183,1.74143565591573,1.10199692889971,1.07449577112632,-2.25324953420321
0.388625249333271,0.36213063101514,-0.0510411838272237,-0.982693062023196,-0.908868544080084,1.12547972814624,-1.44715266607746,1.31048885882609,2.30530421995029,1.05855153969
-0.233437338730217,0.485900930870627,0.255914658186013,-0.941819698542299,1.0937818539825,-0.953209953824436,1.53660150451022,-1.19243472711126,2.03563232224752,1.58288725460343
0.525547707632995,-0.115299360968823,-0.887251749304492,0.619566007386622,0.959539766108481,1.04654528526874,-0.743930226721119,1.88109161419972,0.708140409464718,2.3828977958847
0.150649718888159,-0.538397326421364,-0.495961785215252,0.897435306121451,1.19708961187795,-0.886373545141414,1.92268468050865,-0.203564688140995,2.25921855602505,-1.11641610991477
0.0960372845047603,0.492104336013509,0.808029645514919,-0.704775332191498,-0.371845308273144,1.39019644880347,0.579487921235287,1.94816841429813,-2.4373245007271,-0.512969008918623
-0.477707236548362,-0.14581903082388,-0.553413840317073,0.841082293804055,-0.379834962554355,-1.42908840722584,-0.342302142093238,-1.95792871488119,-1.50831818354897,1.91335704254769
0.365095369459039,0.400456058266949,-0.212972172178583,-1.02093563874931,-0.300283402989751,-1.44976779652299,0.978582045174984,-1.75596876398207,1.84577379300795,-1.60640791565911
-0.441816163194261,-0.269776845194356,-0.816799581311554,-0.547044974197084,0.233266248209178,-1.49700576140467,-1.91185353510165,-0.624958253393469,2.44708720724062,-0.0748650562924091
-0.0758722755367035,-0.423672260238866,-0.842644745403358,-0.514540478155938,1.12006238330331,1.077279798317,2.00416643662734,0.259506375057978,1.70867387311908,-1.80938180664741
-0.304981947023247,-0.408306355510326,0.663387037567001,-0.746411301863429,1.41281768723003,0.537589537663493,0.947555669676061,-1.70747472532492,1.07656665044521,2.27148229097512
0.508055599616034,-0.14066385204574,0.427599308376772,0.825230784065378,-1.41968718349887,-0.22187323961488,1.37100721229042,1.53555310341959,2.30863378871323,0.934406632909884
0.0585039419847806,-0.490309210769929,-0.570263413225944,-0.860388047639646,-1.27189679896581,0.702052746225295,-1.42398512316092,1.2508346879121,1.4911136674954,1.9800270859637
-0.57259571895525,-0.0349695299782273,-0.11687730899583,0.954345879049188,-0.481373406388069,-1.44435059757059,-0.792661424297148,-1.76113409689345,2.46567446385245,0.710524164339379
-0.309270765216809,0.357424640018085,0.195683154521824,-0.991698577379774,-1.49217049187828,-0.236621681843322,0.965278596542491,1.78208495776054,-2.35138399013213,0.902695919182583
0.270439858250271,0.550301484061763,0.52798173020934,-0.825079973177468,1.37821237627811,-0.688494738264675,1.69650912556013,-1.18025525359695,0.283060622955453,-2.46270650476407
-0.0982941896442961,0.393459591125463,-0.308637792419256,-0.968602437082709,0.579213042991569,1.41388910274552,-0.909894589131769,-1.78170648236922,1.57221195736764,1.90240827688729
0.430863369458085,0.327458136614041,0.940491942512242,-0.281776009359951,1.58919808077535,-0.134862879715706,0.215482293986112,1.88963046290692,1.7023419466997,1.95426584932853
0.406567823796614,-0.396508488350929,0.963999104241562,-0.0423265721207178,-1.54534964466674,0.36749697102904,1.86067383015638,0.796703799512705,2.52791516817693,-0.102402846152015
-0.464885099215575,0.0860298474149324,-0.83251671222412,0.514142177560609,-0.884841125591547,-1.20732774535616,-1.59621134347734,1.24543101321779,1.95943084680472,-1.5899159424274
0.0796236606085328,-0.483271302159696,0.926612397320006,-0.494889890342226,0.554089316340394,-1.35455201230607,-1.84651379006755,0.672213614472834,0.0613982284439211,2.59182426571158
0.11204287804703,0.470705656177294,0.718292245883045,0.743642892771879,-0.526857700856985,1.35655070361942,1.92569453465132,0.364015992921038,-1.25391765500253,-2.12737952231277
-0.492142313131793,-0.0545800823057881,0.105054459707694,0.98634040258062,-1.07005069485865,1.09353120767126,1.72168770771269,-1.15032571321608,0.920259502406149,-2.29650275166244
0.394355416791299,0.268030013881399,-0.335698457213182,1.03477041607339,1.40280449170152,-0.394105176670181,0.558114268845076,-1.89411430134774,-1.45607308170491,-1.93015918603096
0.382213356408121,0.301212382363699,0.41531019325792,0.911329296037264,-0.112101641866766,1.57765458570857,-0.468058485579334,-1.9395372642794,0.0968802973113388,2.48437516047198
-0.204536860122498,0.460320673932649,0.623933255247827,-0.841625781875276,1.35362121206845,-0.736559324032198,1.92914847507348,-0.443121661415716,-2.06994801848305,-1.38888381382406
0.12732222808046,-0.539636786927853,-1.00130695252436,-0.21216447382781,-1.04198357955985,-1.00925639262825,-0.828301204536804,1.8221288523763,1.98511853113744,1.48060276005188
-0.49712382569316,-0.228997813895945,1.10218708298051,-0.213675729311164,1.34106638055136,-0.730452066098486,-1.78280593083402,1.02962829697281,1.71739439967246,-1.8073721695137
0.422091649450739,-0.121816874219126,0.790479673885469,-0.565162773108479,0.0949832924052796,-1.52769899519897,-0.985611394291805,1.76950143166292,-0.00299074757265872,-2.47214961338245
-0.480546985481918,-0.304506948548068,-0.807719693244456,-0.669973116758788,0.96109012392523,-1.05354975169441,1.6724216198246,1.14435655682068,1.64093212443194,1.90635389293365
0.127710164060734,0.470900681958205,-0.238355278824967,-0.969916738670563,0.605125684914425,-1.35538245175664,-0.354351096802019,-2.07301221112767,0.638488950719647,2.45752014616766
0.476757592005477,-0.322737808945833,-0.920194230631264,-0.271716206859287,1.4710324820339,-0.0738431059422341,1.15068696411863,1.72111043487824,2.5607843437703,-0.302773499236576
0.379322434952613,0.195991708053104,0.701029125119545,-0.792791778120315,0.354886866092586,1.45789571213308,1.73868490753116,-1.08278067188294,-0.247548490710685,-2.46778540965731
-0.506261777660005,-0.0845041573795612,-1.00195352365258,-0.162692736622265,1.29006039857958,0.776834404694127,0.737630629183664,-1.84448183687184,1.34460677974164,2.02564161888223
-0.440497278843133,0.293719803444868,-0.772288873151927,0.637496326897968,1.42907006486441,-0.316308590985933,-0.97972697439069,-1.81821897461476,-2.02364616325634,-1.51362504645821
-0.522401985431669,0.28569633317264,-1.01096087660836,-0.116454727514607,0.855612626927234,-1.1332305753078,-1.10456566065369,1.67589852113575,-1.14028628799755,-2.25109778970963
0.512995416675455,0.0867021502068887,-0.988449276366132,-0.231944966216793,-0.900071311812167,-1.15389741522574,1.62880462153201,1.18620603815685,-0.33771444658919,-2.44162953180359
-0.14356191883936,0.484574456314964,0.843765058508166,0.701538553097045,1.03015041644689,-1.11269127662394,-2.0235471720742,0.298343222638775,-1.22639793608261,-2.20264626980465
-0.250092594665273,0.551384498356565,0.634210521890854,0.792417256133758,1.36497775703026,-0.943385949290464,0.992193883604513,1.72704744674658,-2.41695443131212,0.505526308343581
0.0302396774213503,0.474485372645664,0.992160579123427,-0.35904013156829,-0.0990370877571473,1.49551115084898,-1.48102949474974,-1.30458867126513,0.746057316327685,-2.35083222229817
-0.120886782442287,0.471496379237867,-0.803349053728445,0.731196552480377,-1.47871537682988,-0.0243576949114508,-0.218724885436229,2.11067106925839,-1.74693798574422,1.76881155652702
0.100357521163394,-0.478095120108063,0.721936411385029,-0.528999417043931,1.08347799512696,1.08517294251032,1.63452670567714,1.00020640397041,-2.14095326626769,1.24473785776644
0.461580486169737,0.289182954056939,0.597191864264687,-0.797168625534539,-0.609430431775647,1.38442972002115,1.40969539240877,-1.51292275583086,-0.407791535278229,-2.51044981189848
-0.546479773046277,-0.136221156143371,-0.720276432469842,-0.550048251900268,-1.48715998224393,-0.337108123932303,-1.36366494005134,1.37023321209591,-2.01756101475553,-1.45766131086626
-0.351001441279393,0.341600215199309,0.859417202702561,0.589147452397719,1.27214641689488,0.782180015539539,0.754303001109064,-1.76695092106032,1.95848203528126,1.5111950559383
0.0955821601161014,0.489429407329168,0.896929458579802,-0.155375878050433,1.30908540345568,0.705074023860492,1.33150225058644,-1.36400972314488,-1.06196856524261,2.21577585931187
-0.36487229487025,0.44317949113075,1.02101268684957,0.230054812809968,-1.42292724233327,0.57319575225733,1.34757963450141,1.57104221844913,-0.156237737737858,2.57879141888128
0.387161082110968,-0.481617812555976,-0.931771337383855,-0.367818140667337,-0.573484115466055,1.40299500478344,0.439296150887853,-1.93597120119979,1.82879775143604,-1.81346141181487
0.47847205874211,0.230878359784911,0.935288606076052,-0.384193346864235,1.3698994946,-0.61235021108091,0.193869480200745,2.00382373430241,0.450509682365471,2.56653990381073
-0.0395085710270461,0.414200869239369,-0.251465294716017,-1.04336360586001,0.305248508411397,-1.42892507230691,-1.97822118114255,0.242153645612734,1.98202612149941,1.45285456631975
-0.228837965572252,-0.360044490274029,-0.378575782812948,-0.991504391873341,0.343459155172417,1.47585601820714,1.85324540952981,-0.811144645297951,2.20600973683223,1.14951728468878
-0.3715816902553,0.386701822667151,-0.0246718652429759,-0.94244373850109,-1.30082699266822,0.611353348892885,0.0686950049879844,-1.96926012102336,-1.45020807279225,-1.91015425345715
-0.538172098489841,-0.0855652956567062,-0.29236837186783,0.937938036631274,1.1295498801567,0.892409246852815,1.96219827232465,0.360341924729532,2.20330092117513,-1.36433927774026
0.309962821536753,-0.365507992281846,0.904065951252869,-0.394605222868276,1.46364587430979,0.027654895533942,-1.50821499813659,1.41435547780466,-1.61106785004122,-1.95431724936745
0.529735905121114,0.0444544067410023,-0.855612467022309,-0.620104199964166,-0.506736296188754,-1.34020260520252,1.83607825526807,0.779404217503348,-2.03752379568448,-1.44660655974621
-0.451907815588199,-0.0665031780632589,-0.810441141923245,0.484033424532568,1.37034910241537,-0.692551449180999,1.74435639846442,-0.855645181765894,-0.943591699765143,-2.33245235060372
0.43231164793247,0.183018185437357,1.04952345323672,0.298623064632693,1.00133379452048,1.17697328560052,-1.86836335064341,-0.689273331840553,0.299606470683158,2.55734252083005
0.390585868989195,-0.183801225833469,-0.54455655857972,0.829870709200296,1.38435667682678,0.651415121764508,-1.99405932681306,-0.345093315818932,-2.51298898627095,0.0119403214030249
-0.0985361058123562,0.491003641547739,0.942640170390982,0.317832360852552,-1.36817807192366,-0.529909158003075,1.83076504923577,-0.571252126965683,-2.18465670048985,1.17081695911395
0.3525391186915,0.511261465486686,-0.873809229638969,-0.462849754423641,0.0523436046301521,1.48180384162645,1.18534447001267,1.71872696015082,0.934248602143303,2.37259473515373
0.517381119983622,0.0938852921979706,0.265090460684335,0.93932429395273,0.133743787899112,1.59355436628228,-1.86851346409221,0.746263373724516,-1.52053356454002,-1.91929696806301
0.340631513471523,0.314300969789847,-0.995834004491007,0.0725246874448106,-0.99705658687955,1.15552232308943,1.73670023514838,-1.07677093836655,-1.95458266238187,-1.44559200448753
-0.546163459712117,-0.0969388205040471,0.9439246351083,0.296956716494946,0.838163693186393,1.20857607847482,-1.52148357730172,-1.40502960542275,-2.34296832250146,-0.968094164556914
0.446704333336785,0.0627424539138051,-0.603133309321702,-0.816728037541783,1.2001099666119,0.884424749542668,0.346395964840527,-1.9597571581882,1.93246742719414,-1.71186109286777
0.377822414908884,-0.38534512795834,0.914644784636611,0.0913588181811643,-1.57430265586144,0.0127973835251575,1.54646504198244,1.26897613529829,-2.4416563633122,-0.263427277017804
-0.532019133031519,-0.0873095899298097,-0.981589211993255,0.0535042860162131,-1.00169518629934,-1.16785472115281,-1.97825326607589,-0.311387241178593,-0.789929723341891,2.43035986327189
0.537838177291756,0.170661524868257,-1.06377440171307,-0.154469302722267,-1.15098233728982,-0.953748369787764,2.03419910619587,-0.223705774897452,1.58671630911187,1.95404474066731
-0.110516414585192,0.406516573040372,0.950963740391735,-0.24149488378122,0.168059729525174,-1.49415828971901,1.01021311081618,-1.80752525453251,-0.835085124890574,2.32901328324167
-0.44588207302156,0.336301670684535,-0.949343143803558,-0.443513802587853,1.29322771241117,-0.6187277262878,1.73851758676302,-1.01335923664506,-2.15527268102199,-1.18521768994845
0.522197135990249,-0.0231379987626404,-0.999400990188153,0.292569610818162,-1.46556512011263,-0.539358799526557,-1.70192319064525,1.02222280829544,-1.84531490878102,1.61432805662671
-0.423818918800158,-0.0816319205117916,0.641551734572801,-0.734038883641911,0.799296630040564,-1.27124072701291,0.355661644455791,1.98660369646886,2.24179257603416,-0.842124752455321
0.548483655694014,-0.0768454344916191,-0.345567291717556,0.909470798832217,1.00438552697891,-1.01315106010033,-0.739741305962039,1.76019761672054,-1.54767729217472,1.9029140818869
0.230432281059545,-0.358533453627557,0.81600695908413,-0.713768749911264,1.45995931151109,0.317060744289028,-0.883455764939892,-1.77340846425055,-1.52436967766459,-1.97593408162154
0.41040712481407,0.233430350214545,-0.822849644985957,-0.481099200094441,0.142618974371959,-1.51380551870007,0.390235413205722,1.94687389633725,-1.72497349473751,1.82950175031318
0.42060483176996,0.41405682548938,-0.398082041642832,0.935547068281549,-1.08301821009502,0.99645158197402,1.04847272829401,-1.74328895353785,2.17044887071538,-1.36753716542252
0.0226203461129123,-0.446941544622189,1.03225979621082,0.279055214252962,1.00670337989108,1.06578217136464,0.382587426573176,2.07465996818537,2.26287258345668,0.915291428506698
-0.456762039974727,-0.0520310012551275,0.0408249673528778,1.0395552956423,-1.31983643473604,-0.676695495837281,-0.987107222446958,-1.78279988441862,1.58920785880306,-1.95583131003855
0.208966224018407,0.516988068999946,-0.918065582750508,0.29901692119516,0.728087078698508,-1.21312311835305,1.7600414428191,-0.936760887148875,-1.30352358184553,-2.1838041216537
0.1942053674776,-0.3396940797458,-0.128939346989786,-1.04076700494169,-1.43265351212894,0.261533470645698,0.00453916283913752,-2.0481660782293,2.04650629952344,1.35651481303584
-0.495104450479315,-0.147355586432383,0.559434513948001,-0.864336319595752,-1.26791299145523,-0.706136366624559,-0.731329165009821,1.8450385007184,0.676378142205346,2.39244354087625
-0.0256448638225784,0.498250218859657,0.581939238610569,0.749305045814472,-1.6223079285027,0.0211875489718536,1.92746041056612,-0.0192858417292078,-0.728486729985239,-2.35193364954271
0.434224535231046,0.326741702807029,-0.00118102656519154,1.01956264785374,1.54108907503761,0.169007052986321,1.53933111154989,1.23748679385001,-1.23923178188116,2.17009436660112
0.358831216943851,-0.353783855361759,-0.444498284027245,-0.977443526852376,1.49270396505153,-0.146037233562518,-1.91475531950993,0.332945555587806,-1.10831896454524,2.22464759760916
-0.287153697828101,0.401264055652811,-0.0927154744226426,-0.987696757669638,-1.33822903527993,-0.733686266672817,-2.05945642330285,-0.328046678068438,0.651108204834391,-2.49101487988193
0.524982559648986,-0.121514093824314,-0.657669333858662,-0.754897276820882,1.36711154706465,-0.281581660935491,1.92468331027294,0.410231225968425,-2.35627451323577,-0.554023691204121
0.223370457167645,0.494939592274981,-0.230888680224105,-0.938355844423753,1.51545388870167,0.087828819751825,0.630753307348636,-1.80778272763345,-1.41378880086267,-2.05108744375483
-0.396750923222692,0.295033231800756,0.562898174323144,-0.668884727782259,1.38683475722571,-0.539242616561081,-1.06300065035095,1.64787490239135,-2.45543486016961,-0.523097275344445
0.115267124671652,-0.466855680485037,-0.513515048121181,-0.853267692095525,0.204074371210861,1.57979645563384,-1.62144568716336,-1.37897391772665,-0.177935337673944,-2.43124895703322
-0.268028635501638,0.422752095154071,-0.0484289532813507,-1.01271812517182,-1.46044023171905,0.504209450537322,1.83438582948079,-0.985407080988928,-1.6478819982081,-1.91320621325165
-0.210735442561889,0.447227576777173,0.897061984392918,-0.51449814897495,-0.590740213344213,1.34109001152956,-2.01164942658735,-0.3026547766829,2.28291616997486,-0.883589569110724
-0.381030836273597,0.114844792403949,1.0116767045197,0.270420614006807,0.354569915836231,1.51561874479551,1.78309076976185,0.917081604389813,-1.43411729429137,-1.96742923587083
0.543276901832297,0.192325257617687,-0.495875313249616,-0.855438975960067,-1.47919449283786,0.317870923112337,1.80291019576994,-0.662878626389038,1.38073288709206,2.01930195307141
0.212663947408589,-0.342302635770109,-0.728871868554665,0.694351575956588,0.64410228121336,1.33158700198024,-1.04299446147557,-1.74829415664577,-2.5125491314403,-0.119360993388819
-0.2991435878413,0.316072102854493,0.41051902716593,-0.911109588109978,-1.41230495659215,-0.363101090230312,-1.92937705556534,-0.614414621269867,-0.494945374263134,-2.4049041011361
0.449999319754531,-0.261138844997156,-0.199112327236883,-0.974630625583066,0.220172091448583,1.53516370181871,1.12307698719471,-1.66936047942378,2.15358982891782,-1.40675331305842
0.276985063889948,-0.322133150762879,-0.945300432824124,-0.604998982762062,-0.563513893444494,-1.42316538262495,1.74684764724507,1.04945950041555,2.46959050089009,0.632734499869388
0.413330791495654,0.177377781106542,0.617683696860732,0.726372429640565,-1.09249955284025,1.06220877918981,-1.75359371986698,-0.950032617912776,2.36564106081828,0.638107173555086
0.129371930602444,0.524480282002165,-0.391928254843344,-0.918988182967937,-0.571967879907334,1.41579860794239,1.36971580793319,-1.39630781865305,0.722026629319429,2.4314795974949
-0.313096223850724,0.399503629173706,-0.0482390461894002,-1.02325627822333,0.46160793265125,-1.3874283957653,-1.85006229839734,0.536634359947905,0.387890682478284,-2.49929637929713
-0.364745113115778,0.471692172648243,-0.0991561705284802,-0.943761982444058,1.4577064053991,-0.345143427785317,1.59335891191359,1.08965701926249,1.70654343958876,-1.95627349080037
0.478835730570167,-0.180356263574435,0.134373907146484,-0.940140071216622,1.58482157079334,0.0100081334632034,0.23167681564889,2.03018279642071,-1.32154320323697,-2.09221585729054
-0.427493437380182,0.307480718511591,-0.906629836213111,0.410954269727143,1.4798325366161,-0.392071951581637,0.820915440373899,-1.695435430043,1.86071562089231,-1.76085661501231
0.138740662099057,-0.339354557796015,0.982614287576918,-0.171683671866116,-1.32315967825291,-0.748470865713074,2.02188822880327,0.202649528326992,-0.980770306383309,2.28477455112075
0.398094378509274,-0.29965245065018,-0.937678231557707,-0.419331142426251,0.525984514874148,-1.4271999769089,-1.84564561287734,-0.857123520339138,2.505845868033,0.568412919839212
-0.233205395043818,0.526253505610531,0.959454786461003,-0.159531056551706,1.26369796903864,-0.859188407581568,0.366460401815319,1.95844398964905,2.15033999023231,-1.34990369084396
0.107063166224742,-0.467443907390881,0.516729882745955,-0.769314310562948,-1.26174674865222,0.665061320468786,0.171300693130464,-2.01073298784073,-1.98720269966806,1.5800681582218
0.119570918105788,0.500046880912619,1.03328116232835,0.421852834879325,0.901879922935127,-1.13794549654272,0.377832998298564,-2.05576936284708,-1.83893666910927,1.58772533266104
-0.102611178200874,-0.44591309958264,-0.0389461018061508,0.98279595780223,-0.90360897720055,1.08715353494474,-0.751613584281132,1.82551185181877,-0.901965259377263,2.24931738571672
0.382267469552986,0.348491571219987,0.581406943585938,-0.866745267062819,-1.40203795282872,-0.710430859225472,-1.05375006568193,1.7418820123705,1.5238555104538,-1.91842209510953
-0.13313170977813,0.511169731609473,-0.930053610795562,0.477641157529092,-0.0955682934702878,1.57923584223553,1.95853604607981,0.744986847563577,-2.30099529440279,-1.06945955560073
0.574463756795911,0.105048854885599,0.58479214512609,0.840554826908117,1.00294506252744,1.0685277219769,0.889821017868234,1.67828758116112,-2.44722045169129,0.539678228364579
0.519925478631173,0.104967483227457,1.00444943977664,0.0905844467490216,-1.25210072513214,0.843799386099171,0.450321830340724,-1.88580384537249,1.94189696933161,1.50703394690611
0.335412736260216,-0.394444532571426,0.459051149647136,-0.874145395282323,0.93660156622722,1.20449795403731,-0.595468356603802,-1.95534283668144,-0.277548084108136,-2.59459260710832
0.327122998605117,0.306636242307299,0.857017941317985,0.455271904858496,0.595351236630163,-1.42276120589417,1.84556074807934,0.815309049369982,2.00345984712243,-1.44357166356528
-0.419336092930285,0.180802586983304,-1.04885292433761,0.153850196405057,-0.743018793214069,-1.20447815856851,-0.671049789967148,-1.84176219903037,1.30841329370079,2.08318826576036
0.357108677100399,-0.291035186464527,0.259179099609044,0.983467101658006,-1.3855199400173,-0.278563780759043,0.327377613742554,-1.87687352136216,2.10265794799387,-1.32112800495609
-0.51053389679606,0.0224880342777049,-0.781068659448584,0.570458461245393,-0.769695931118219,1.24533565986698,0.113658042607388,2.03699383695662,-1.92099374070285,1.61750824671766
0.507069051029156,0.107530891296906,0.905546296679826,0.528884504539481,1.20600546256104,0.818389422061585,1.64790299447118,-1.02401751386917,2.27419347677373,1.05805716275045
-0.0296351528760248,0.493968683442959,0.656804320812668,0.709799496927922,-1.26052820866122,0.961129441443717,0.505494310434939,1.9937826191708,-0.400582774659678,2.43388000151868
-0.409453758467937,0.253336988405426,0.804512809670459,0.65609370874858,-1.35428926964512,-0.756235902285778,-1.43593341050079,-1.35855076968967,2.40628291396626,-0.442572973827121
-0.124698120168158,0.50021285918506,-0.0137213345902101,-1.00593462575491,-1.04607207633198,-1.09213552194307,-1.11701826018006,1.63401477192206,-2.51055530806204,-0.50810742997021
0.246883715593101,0.391520671299423,-0.975165827787131,-0.343081371424109,-0.896523019173595,1.21078430686631,-0.475670408886512,1.98459995526188,1.81876780720335,1.72292432205505
-0.4722185667781,0.323558355735827,-0.416764842967657,0.864709356517874,1.22536510168855,-0.83442122813556,0.0153572140675079,-1.99493368174835,-2.31467065937549,1.13771425075272
0.347344648082716,-0.254160469077843,0.481320303201639,0.982478293523138,1.14212905039445,-1.06523476161395,-2.06211100265743,0.196702813206827,0.431727805600207,2.55945352218678
-0.0660952846054161,0.512299476054815,-0.794797149395306,-0.58602089078205,-1.32144693686178,-0.964517002614041,-0.802113103552192,-1.91920223634515,-1.86104149378293,-1.64550182276488
-0.121889915467682,0.517308430306767,-0.536824073610888,0.949847315862621,-0.302075533938119,-1.46213236863178,0.933036733262392,1.74432455648837,-1.00728324138429,-2.33279936164427
-0.261973277498185,0.422218700997541,0.840492053279023,0.557810311741321,1.37265246041779,-0.500974714643993,-1.17881746110896,1.57855441992022,-0.270467126664923,2.43422192050585
-0.0175816299560294,-0.469716651663396,-0.712820531830341,-0.821018087619706,-0.118725868394227,-1.51631395816467,0.918506121518122,1.76696072965806,2.44665541321809,0.622991351815308
0.378006909270797,-0.310744909595101,-0.872308335769898,0.542505404482436,-0.405167859167155,-1.38441330137057,0.0997184296066964,1.93679442146906,-2.41491355724401,0.467363201637741
-0.363778989252603,0.148053972468242,-1.07718803057521,-0.172600291266672,-0.47732609912012,1.40839363189863,-0.454891756148236,-1.92898517977141,2.31481260433317,-0.872493183101315
0.160197341730653,-0.516619372705129,0.948447713822189,-0.374076982682744,-0.295713701761673,1.54213386926357,0.851179032358641,1.74502305503943,-0.757132369666882,-2.31755001791134
-0.516801283949062,0.140290101768967,-0.490581521153593,0.908176137515734,-0.666857762708931,1.36120308887905,-1.45721960224106,-1.41162410877637,2.26173165986157,-1.05636186574986
-0.544591985398647,0.143313139917651,0.222794212793168,0.908201708462083,-1.20974674877088,0.828721954101895,-1.87016618534693,0.767324910848849,2.21837662149303,1.06325941303564
0.432338765177416,0.108991091840904,-0.733506746564102,-0.764559199058992,0.941929887014525,-1.1842844488082,1.85263658306653,-0.525194113446389,-1.47767687152963,-1.86501369799237
-0.288492905124509,0.410129160899412,0.736780644575761,0.607677352602267,-0.250411733246867,-1.55036930623921,-1.9888426450673,-0.0217933585215406,-2.51692484130907,-0.0893518550237237
0.132166417881458,-0.541690137299606,-0.415822859231435,0.918102126285746,0.374679347285847,-1.45651153392741,-1.32647908094757,-1.44710673794798,2.54859301187954,-0.0347876667779076
-0.149244052081849,0.440450632231099,-0.681616893548671,0.672484281314235,0.988795689809626,-1.0974208274977,1.43814417654033,-1.38340199122895,-0.669154664176615,2.328155765573
-0.475556878283007,-0.177992076055165,0.316790161571947,-0.962840006062436,0.190651504625279,-1.45961778527132,-0.743888537172719,-1.91611822353819,-1.9303866565675,-1.55504301764566
-0.446405742702687,0.259261064119762,-0.362196492570285,-0.880974001637965,0.454223113686421,1.50281193080735,-0.705534109285754,-1.90683567454619,-0.611083263238657,2.4405118085393
-0.228384316872004,0.36131815686725,-0.919836998520871,0.514415325452616,1.25301857638469,-0.799239003412228,-1.363160533851,-1.51232483138838,2.47878569107354,-0.15213817344947
-0.40017521329821,0.449774080847887,0.221200948339443,1.015586269053,-0.254688177707658,-1.59082213371371,2.02363913317127,-0.28227980933902,1.98862811709684,1.4830302166871
0.293310600833303,0.483018209532916,0.0800394385298344,0.970447309220641,1.49969595820824,-0.402345298447057,0.745368384216882,-1.83053031467191,-2.56961838421077,0.111938330707913
0.284264787934295,0.358083742920866,0.540912415559416,-0.886840154310572,-1.49958387763665,0.0273944956045176,0.806381335347286,1.92195602104332,1.61533026320314,-1.92820877187103
0.458551213638967,0.199935663049644,-0.176983008472535,-1.01939954903174,0.281069553918711,-1.57867331158747,-1.85099175361708,-0.760744537541524,1.66035710654196,-1.87038823402803
-0.422248637677504,0.387984432726315,0.176588132421024,-0.99600083477091,0.426247134617955,1.46481956635318,0.0324308923824204,-1.94936556800173,-2.35375233563163,-0.324294290661457
0.436848942777837,-0.106654191334096,0.383170607630452,0.998026956259665,-1.10067868967348,-1.11187566972297,-1.87480452613102,-0.541166088504424,-2.06698426295232,-1.30232885332576
0.397574669435669,0.377081476183088,-0.715744932320959,0.670965612491761,-0.000482103995910255,-1.42719144794178,1.61378116406886,-1.06104466372499,-0.842152346077449,2.36022001069058
0.33250205860417,0.286403557067676,0.748280337532276,0.797584089242892,1.12043852002035,-1.1352690379126,-0.0431206245789708,-1.89725566918992,1.62127699343241,-1.97461264048688
0.0910743482728303,0.4381916115229,0.960179370798226,0.278269907949238,0.626769606143754,1.419997862242,1.39851824193608,-1.44666997678317,0.802458218599147,2.46047905870717
-0.185424245936112,-0.532328625150028,0.807884598005373,0.62242063127459,-1.3755427883353,-0.528288347110631,-1.67173992103965,-1.10221173840993,-1.71460222624784,1.75096498030611
-0.0114766970543026,0.493910742949991,1.05676061103992,0.00223365656793428,-0.521282302273635,1.43561335311621,-1.40219548447323,1.33299235128339,0.329842343652556,2.51657912983327
0.463837800106849,-0.124803758712467,-0.111389579433012,0.954848283787535,-0.760121665454428,-1.32786346252975,-2.04711959930061,-0.120912500943309,1.64206036289416,1.95026826578268
-0.0962130280153723,-0.6103850942929,0.951599981411729,0.431187931277354,-1.29801608213123,0.609513199806747,-1.61072728568676,-1.01521138029997,-0.330766953754054,-2.50679243544539
0.00435159336611957,0.561331156897521,0.929550678263171,0.0572372218380949,-1.21243405755482,-1.01391554593273,-1.93362799324018,-0.231169120624702,-1.93812186584739,-1.54478547494215
0.271648317951141,-0.398782627054703,0.795117702874263,0.53711027875924,1.15373520721878,-0.935794903533387,-1.78382833175351,-0.846606887796411,-0.167246231437839,2.57065333112245
0.564705622162083,0.148533489935734,0.704177333516864,-0.75369283462386,-1.08059039784641,1.11865388938565,-1.9922187680593,-0.0405711454379137,2.30339984804093,0.839603204567668
0.48614586901651,0.137558750164723,1.10021670798796,0.0958632169516836,-1.50784527014367,-0.240822749730086,0.748135930814185,-1.75001007358783,-2.2846583091066,1.05938006018147
0.0526159889095347,-0.456808206789212,-0.652937117007952,0.720923178976339,-0.143647118640359,1.43976452439911,1.57016998451091,1.26917005197444,-1.7929270410623,-1.83506993155393
0.307179407079559,0.352184459461416,-0.248653115648227,-0.946622428317117,-0.428134220182185,-1.38157769332854,1.44484685201225,-1.21373313764275,-2.49709370327105,-0.312039629262665
-0.561253828092197,-0.0312739834041681,-0.554484521005947,-0.861888655622475,0.569476651320915,1.37300532112893,2.00590404302057,-0.0180694826924726,-2.45872456011604,-0.406873049078666
0.271809577564763,0.407613271862302,-0.802037630277274,0.666724197819084,-0.353608064284079,-1.47023352229992,1.96634163232619,-0.128936976914856,2.44584019281618,-0.184272010702293
-0.171133178288387,0.574203588179169,0.982151195521748,-0.0271077639902825,1.51644870950912,0.290035316182325,1.35469746162999,-1.56531305069983,1.73575386023316,-1.68997577420271
0.421219611023924,0.324783726847684,-0.994496542398522,-0.0843081803991063,-1.14920649243106,0.993409538014302,-1.2323592130965,1.61677053238766,-2.47858248659513,0.172885281212539
0.0785320208736944,0.399173448331319,-0.804665463052913,-0.591706389071759,1.31677866950273,0.659546072168805,-1.6589235865236,1.0923946713928,-0.62419031197513,2.41925717450751
0.325126670690935,0.489744268496589,-0.100948396374127,1.02215477055681,1.40185215523435,-0.209587512929711,1.2360555694484,-1.54540505837498,-2.29770687519155,-1.19633792607552
-0.110755222265675,-0.490314713168767,-0.930443986805983,0.238639419461785,0.650978938631768,-1.33034044435777,1.42871153416708,1.37559742766405,-1.4535932184664,2.12119647663061
-0.338089290351154,-0.288635468075993,-0.832393910902248,0.459289704592673,-0.1978052577459,-1.43227300721727,-1.91394776140958,0.145988714852845,-2.06424494717133,-1.34797669244542
-0.24902335626552,0.352036783780775,-0.911765775346037,0.0369187435021749,-1.00081538396562,1.13728721865268,1.76551943942973,0.829472406266477,-0.609879373399921,-2.47296669036901
-0.428737369404774,-0.293056104896034,-0.926387073636035,0.221104269546928,-0.111891489584438,-1.45054414273913,-1.63768375041142,-1.12793808013128,1.63471962699715,-1.74114705012268
0.335620792135941,0.382820828671137,0.476666894126272,0.833978045080832,-0.0584997737894125,1.45830230926523,1.78675111875803,0.93772691901872,2.46953372824772,0.0296719516414025
0.0558055878334509,-0.47554495042494,0.159423202007526,0.93149329744296,-0.116572543712317,1.40855651150629,-2.04222947110905,-0.194525697405156,-2.33939797204906,-0.825956575651127
-0.300353283439618,-0.420015984894641,-0.0327286477730073,0.995223373080676,-1.41857375687257,-0.140473845892687,0.476487002870938,-1.89306961011905,1.98626601947718,1.54962329895627
-0.416221868280523,0.274944367438507,-0.564502452174866,-0.79768369581982,0.368098516364292,-1.48641152855546,1.43499616534394,-1.27190135515518,-2.33712488427054,-0.868962008116339
-0.333956027599159,-0.31395038271041,0.516701216220893,-0.797842041686724,1.01775050800414,1.13903820500146,-0.0149014538117901,1.94760351991826,0.237723970146181,-2.52329199609802
-0.130985225104061,-0.469094949635284,0.817760968195794,-0.602717445354201,1.14879817620419,0.948720744460263,-0.461340934163479,-1.95689990720307,0.724186678652399,-2.3450599544827
0.494547497307459,0.138366516150689,1.02408542575576,-0.162146206310518,-0.701234623134666,1.40403092698451,1.76176715580858,-0.977250562453742,0.746990549019069,2.34688048293743
0.11144212041038,-0.587788150781497,0.981165225472407,-0.0585526176374429,-1.45011660819448,0.0531744771646557,1.44858194898534,1.22961521858964,-1.08248763411948,-2.23126896821348
0.522037931221243,-0.122020193636204,-0.326855498032664,-0.944919783032367,1.04162336088276,-1.16103428746108,1.70717564664904,1.1223853011971,2.13883987937556,-1.30874663705336
0.425789715833002,0.0929552879070071,0.395631710282211,0.971788538546714,1.28739243969188,-0.879723331610376,0.757184243041719,-1.78085431119934,-1.21167226878181,-2.06690509855025
0.420301987602488,0.453173478558538,-0.961376432685073,0.0628145844192061,-1.55104345545535,0.124477477122265,1.99958303101094,0.0246206850004707,2.39393133588446,0.980384358160393
-0.473740375499525,-0.252955287373754,-0.914306463212105,-0.0837897693031996,-1.46231667692611,0.246801785715261,0.621582831337501,-1.8310095463557,-2.37337914554096,0.827183125531433
-0.164468279090342,0.472607485289806,0.875320777809699,0.52082095937563,-0.966985998281446,-1.17860153488517,1.37472413271132,1.41399406313049,-1.56791914557456,1.97388976674943
-0.335021079304231,-0.316466535529099,-0.83719463513738,0.578825301926618,1.05332484296064,-1.17882124063268,-0.631170604237453,-1.9597700315158,-2.03935096542952,1.37215665883472
0.153000633053914,0.534382365759535,0.300390573616737,0.940016378516643,1.39072660494806,-0.535784707906431,1.850101601584,0.777155798619024,-0.92145843741274,-2.28014738973206
