-2.9375510867477,0.233691864885977,1.09840339912951,1.07217445669799,1.0910188715574,0.51144686251857,0.671983564242858,0.626162346340365,0.734202249836137,0.86511762776673
-2.09670075536151,0.932357336976004,1.39014866049806,0.523667942686278,0.532871870180456,0.249799204425455,0.328208015409914,0.305828165973586,0.358596662404566,0.422537923268068
-1.39906341237884,1.38227340366333,-0.214446637209099,0.698904116494156,0.711187974812076,0.333390070383795,0.438036996994082,0.408168128532643,0.478594664836609,0.563932732700926
-1.86999002165161,3.2697818271302,0.749840724918758,0.51559873635568,0.524660840408039,0.245950045144502,0.323150653712131,0.301115655674999,0.353071041638928,0.416027030758853
1.0482476490554,-2.34525427559307,0.716216514452009,-0.648539224862028,-0.659937875640879,-0.309365094182002,-0.406470884613552,-0.378754446346373,-0.444105858916961,-0.523294238378179
1.05961506559284,3.44935788243825,-0.268009544924021,-0.599703155300483,-0.610243468941034,-0.286069394122225,-0.375862958932645,-0.35023361402131,-0.410663957814722,-0.483889322149667
2.89526044128364,-0.807527116706986,-0.95042006469321,-1.07369916803447,-1.09257038104486,-0.512174177765093,-0.672939174546693,-0.627052795485071,-0.735246339710319,-0.866347888986072
1.6557677646862,-3.04820718396598,-0.944788813194871,-0.35427266795918,-0.360499323599658,-0.168994554358092,-0.222039807646802,-0.206899356375981,-0.242598383356514,-0.285856026668772
1.03522084693889,-1.3154832336547,-0.199422478736165,-0.382072842519864,-0.38878811082903,-0.182255747037797,-0.239463520990427,-0.223134981486097,-0.261635351249922,-0.308287470467116
-0.994988268985342,2.98831710084976,1.033114475588,9.42206465554475e-05,9.58766577958668e-05,4.49449749191796e-05,5.90526341138759e-05,5.5025952868329e-05,6.45202935491315e-05,7.60248872983681e-05
0.781362255240233,-1.64836405887774,-0.0366694497709859,-0.295392222414116,-0.300584002119967,-0.140907502899636,-0.185136585960814,-0.172512491714414,-0.20227830734605,-0.238346490274227
1.49804788546832,1.24556327328582,0.322451936269824,-0.910566517358204,-0.926570529674482,-0.434356914127172,-0.57069605603086,-0.531781431133826,-0.623536572330566,-0.734719187255024
-1.67195414355108,-2.99736829265439,0.0299927060800253,0.96166227505603,0.978564340529235,0.458730526834794,0.60272023750709,0.561621947598509,0.658525859777648,0.775947403812825
-2.7595252718874,1.27858550115281,0.949633657793718,0.984139391484266,1.00143651216903,0.469452523244865,0.616807732986012,0.574748844880706,0.673917710747745,0.794083771007506
1.46276753757607,1.20999471165618,-0.899078309008333,-0.478561535511534,-0.486972677984293,-0.228282621667033,-0.299937649450233,-0.279485499838352,-0.327708754729807,-0.386142402251579
-0.329951496377291,-3.63753580479971,0.726349405936088,0.092523444221078,0.0941496256286204,0.0441353783058942,0.0579889153628835,0.0540347669756894,0.0633580855105548,0.0746554463010241
1.64913084062595,-1.22795525985616,0.392660943859387,-0.89036884078165,-0.906017861058874,-0.424722252295125,-0.558037195702162,-0.51998575322265,-0.609705633259662,-0.718422057681427
-2.88997418919262,-0.211808056602885,0.785759677801329,1.17566201351494,1.19632531376308,0.560812323440618,0.736844219008699,0.686600282525771,0.805068326313143,0.948619812600141
2.00550672861056,-3.32973368332071,-0.481013815261172,-0.670678158214828,-0.682465920338423,-0.319925771068177,-0.420346424410282,-0.391683840781263,-0.459266129314241,-0.541157731939149
-0.221660772993351,-3.59524396220104,0.788944845317029,0.0157154692248089,0.0159916825032849,0.00749656679267423,0.0098496442975891,0.0091780167137651,0.0107616188671574,0.0126805198259236
-1.99422571401145,-2.49094861410061,1.07998004617501,0.742080718775745,0.755123444086374,0.353986100846169,0.465097860934484,0.433383766177012,0.508161083190812,0.598771130041516
-2.56105489342098,2.2140290959423,0.0901728145878347,1.13141934598416,1.15130504219946,0.539707760319655,0.709115200439739,0.660762050383266,0.774771889164391,0.9129212270377
2.2255354553643,0.750736743729554,0.312208831329141,-1.24358644286905,-1.26544357507042,-0.593213520899206,-0.779415742561975,-0.726268938864767,-0.851581529961189,-1.0034267713214
0.0515776189579456,-2.04495039710566,-0.283576873180228,0.168462783120136,0.171423665608668,0.0803598344837362,0.1055837701935,0.0983842236592715,0.115359728640972,0.135929486465024
-0.0341966623247536,-3.95276132610649,0.218813429384134,0.132730941556712,0.135063805310134,0.0633150913027559,0.0831888976979365,0.0775164128168811,0.0908913239865187,0.107098128083023
-1.53618459048516,0.6772234515682,-0.483702872065708,0.891646125869876,0.907317595562813,0.425331540687358,0.558837732014866,0.520731702562138,0.610580290904786,0.719452675262927
2.43821835562899,-0.995321480726291,-1.38017731266849,-0.693127051790469,-0.705309373084011,-0.3306343046604,-0.434416231263101,-0.404794255589464,-0.474638653875521,-0.559271326638986
1.7876378077646,-1.86482330046662,0.464408557683362,-0.952630015610853,-0.96937333113153,-0.454421973571068,-0.597059283865433,-0.556347003085874,-0.652340760734928,-0.768659441657254
-0.423517210795026,-1.80055562783295,0.284835121218509,0.199886884349325,0.203400073224609,0.0953497065896539,0.125278773572103,0.116736264070591,0.136878284392247,0.161285009290873
1.72039825019839,-3.05903458812609,-0.833139102901024,-0.42348951239159,-0.430932715323972,-0.20201225749142,-0.26542135020899,-0.247322798144546,-0.289996605344886,-0.341705811079121
0.178028506318885,1.96148453249619,0.370404819194734,-0.307496128410823,-0.312900644975491,-0.146681287853719,-0.192722688989212,-0.17958131351989,-0.210566804576209,-0.24811290690276
1.08883865153378,3.36749705008822,0.202947766828341,-0.7694087901175,-0.782931830464973,-0.36702209163956,-0.482225684367876,-0.449343677519248,-0.526874764847239,-0.62082164253314
0.61365739342382,3.86920205694747,-0.687544575852944,-0.257243441343971,-0.261764722464097,-0.122709835285615,-0.161226900634057,-0.150233160104077,-0.176154833954914,-0.207564948356845
2.13870816832983,-0.936601175337818,0.344014283137265,-1.13034186591933,-1.15020862446901,-0.539193782584834,-0.708439891594387,-0.660132789500097,-0.774034053747017,-0.912051828413406
-0.861127682358236,-1.86194358470768,0.7617122365649,0.258363386483416,0.262904351630424,0.123244069639161,0.16192882439456,0.150887221084458,0.176921748551635,0.208468611260035
-1.02641572987233,1.75939854632478,0.483676093432032,0.260336967909574,0.264912620496598,0.124185504143618,0.163165763283365,0.152039815579484,0.178273215110336,0.210061057406216
1.84340995345175,-0.793409699610998,0.366585506188705,-0.998618823252724,-1.01617043276388,-0.476359477521538,-0.625882692855831,-0.583205001351487,-0.683832917470251,-0.805766955198926
-0.805279682785843,2.82931725152261,1.04274256016936,-0.0894664430442027,-0.0910388949508763,-0.0426771327276106,-0.0560729449404415,-0.0522494427518941,-0.0612647161639974,-0.0721888089084833
-0.0157781617308666,-2.70678624410109,-0.619948055562917,0.347266241485378,0.353369752980489,0.165652360543357,0.217648541463339,0.202807521868183,0.237800531618636,0.280202671459392
-1.96426732210095,2.94830180331251,0.969670482136081,0.503421450727105,0.512269528208682,0.240141256761399,0.315518560121043,0.294003979311501,0.344732295598538,0.406201405470152
1.68134401541616,-0.937651634846641,-0.857865684151069,-0.497628616422424,-0.506374879714931,-0.237377968649366,-0.311887910818767,-0.290620896738025,-0.340765485950299,-0.401527275210468
-0.852181602434449,2.24180462157307,0.77053147560429,0.0539574302264946,0.0549057798104491,0.0257386829414821,0.0338177299920497,0.0315117664873034,0.03694889989235,0.0435372468970156
0.763071979643349,3.50880790288452,0.283491176193619,-0.642100426957128,-0.653385910165014,-0.306293669595938,-0.402435378695141,-0.374994113521284,-0.439696707142746,-0.518098892103739
-0.0265759483559497,-3.79927641857705,0.138911835146673,0.148592967428231,0.151204620322885,0.0708815683014354,0.0931303961310208,0.0867800203159916,0.101753301726312,0.119896901741375
1.51261911332998,-0.0896724962762702,0.240496092455919,-0.825987721356679,-0.840505186488209,-0.394011278600841,-0.517686435776044,-0.482386431071932,-0.565618812842062,-0.666474129840066
-1.8191234994511,0.678993427377243,-0.420965510387256,1.01046337122757,1.0282231591508,0.482009543946683,0.633306243673762,0.590122355057259,0.691943811846721,0.815324100663414
1.75822836501346,-3.34542843746985,-0.312635025211563,-0.604383332669887,-0.615005904569263,-0.28830192448765,-0.378796252344303,-0.352966892010361,-0.413868843673345,-0.48766567022255
1.33786297000844,-1.12802772407952,-0.475452889099739,-0.447645838369672,-0.455513610107407,-0.213535267626837,-0.280561287490985,-0.261430373324039,-0.306538343277633,-0.361197101228001
-0.970963820931499,-1.64295222341256,0.671880087468459,0.332598928458373,0.338444648947713,0.158655783463595,0.208455827326027,0.19424164055836,0.227756667808783,0.268367889374848
-1.83264222450424,1.79435695626825,1.14816354667215,0.433314053258879,0.440929931190884,0.206698743511368,0.27157886491922,0.253060444217672,0.296724241844067,0.349633050378574
2.16185471292251,-1.56592994856624,0.442110602857826,-1.14474589790421,-1.16486582006236,-0.546064769783102,-0.717467594774777,-0.668544911620772,-0.783897628302391,-0.923674173921813
0.177790884204792,-4.07977074528297,-0.0889644707009772,0.137872894377538,0.140296132501976,0.0657678970201477,0.0864116081086555,0.0805193730375303,0.0944124238467307,0.111247074179111
-1.05249514360318,2.11667707407386,-0.603057293209742,0.623371848335112,0.634328160200521,0.297359794408161,0.390697273075292,0.364056405893275,0.426871775085639,0.502987150345946
1.44624680047345,0.238000888571567,0.215011503191356,-0.800238481467447,-0.814303380922042,-0.38172841934103,-0.501548142339545,-0.467348575651297,-0.547986281363493,-0.645697547082841
-1.35610000030456,-1.03536349413643,-0.129522603218752,0.764984510696662,0.778429790418204,0.36491162928471,0.479452774571482,0.446759846906878,0.523845112457751,0.617251773755516
0.931449804628242,-1.86574056269801,-0.636529211958614,-0.156549052804156,-0.159300540939749,-0.0746767668141647,-0.0981168594578936,-0.091426466662061,-0.10720145966964,-0.126316519056198
1.05637041479262,-1.60565382028727,-0.265181257923725,-0.356392541709798,-0.362656456007351,-0.170005772981998,-0.223368435007571,-0.208137387289085,-0.244050027785599,-0.287566513370673
-1.48360244205303,0.148480170061,0.123200744504015,0.685881600084805,0.697936576153014,0.327178091430136,0.429875156411611,0.400562827567679,0.46967712274582,0.553425106415641
-1.99491825014108,-1.04026451136294,1.41095036064737,0.560930791006269,0.570789646034114,0.267574265883697,0.351562443853421,0.327590102559195,0.384113467902895,0.45260462252679
0.632387720737273,3.86106309212389,-0.387310558410202,-0.367594455327971,-0.374055253170102,-0.175349291043287,-0.230389215807239,-0.214679435060172,-0.251720859831218,-0.296605129125097
-0.0624996560042525,2.1776419656647,0.0821168091678334,-0.101338833041051,-0.103119952707972,-0.0483404803074301,-0.0635139456995283,-0.0591830565221654,-0.0693946761645957,-0.081768419582689
1.55872597220262,-0.216347197956071,0.129018925073391,-0.805063169872496,-0.819212867495248,-0.384029884118499,-0.504572007803353,-0.470166249765051,-0.55129012530383,-0.64959049842263
-1.43849318866921,1.28843478875724,0.720099554830797,0.407094854670922,0.414249906985989,0.194191705340677,0.255146025646973,0.237748127453886,0.278769892650313,0.328477266688096
1.04745695226262,3.26930955926321,0.119725500354208,-0.716078403927696,-0.728664115545039,-0.341582520193621,-0.448800953186868,-0.418198112038525,-0.490355251366409,-0.577790345806955
1.48730949765051,0.355118592987189,0.0282674357436942,-0.763081988279765,-0.77649382948626,-0.364004091229765,-0.478260371798993,-0.445648751699296,-0.522542305596309,-0.615716663802283
0.841774944239553,-3.65109481495236,0.40662194553121,-0.37898297442044,-0.385643935563489,-0.1807818233352,-0.237526951278735,-0.221330462597467,-0.25951947533428,-0.305794313366061
-0.647058132662854,-1.89694783299707,0.70171109845145,0.174319314466223,0.177383130675693,0.0831535072517131,0.109254341510936,0.101804506045382,0.119370156667559,0.140655012682718
-1.56626618286461,-1.79419032894366,1.20115659212122,0.455765140695222,0.463775616356219,0.217408323615348,0.2856500467706,0.266172140266026,0.312098268714466,0.367748415263809
-0.433634590320527,-1.87117054151063,0.335668124685866,0.191107076664121,0.194465952649956,0.091161577441396,0.119776043652719,0.111608754320437,0.130866058942055,0.15420074576508
1.45570017409065,0.646635083281408,-0.491075306217043,-0.585906952264582,-0.596204785428313,-0.27948835247056,-0.367216211538909,-0.342176471072622,-0.401216611587738,-0.472757422515195
2.91293472840572,-1.02246949656923,-0.287152024186004,-1.29629063690987,-1.31907409196021,-0.618354387215644,-0.812448008851143,-0.757048800851228,-0.887672240385065,-1.0459528052491
-2.32718213329531,-2.35743931866855,0.967878032166917,0.93843010167743,0.954923841145014,0.44764835442363,0.588159511335587,0.548054088280044,0.642616961877131,0.757201795208178
1.81648039029001,-2.30103260066811,-1.16942060197329,-0.39380470452642,-0.400726170692048,-0.187852060191193,-0.24681644606444,-0.229986525276451,-0.269669080673497,-0.31775369171963
1.58289379335845,0.744500354775454,0.28832262464866,-0.91699302928451,-0.933109993234808,-0.437422478076316,-0.574723861732545,-0.535534588804596,-0.62793731092811,-0.739904620201844
1.39338826382593,3.4131512827456,-0.340040780368167,-0.738898339798867,-0.751885131982843,-0.352468047759844,-0.46310331018363,-0.431525219860545,-0.505981857795114,-0.596203327634051
-1.1041919956997,1.57790250487046,-0.0828466067763601,0.499024126318061,0.507794916931891,0.238043652441102,0.312762544333628,0.29143589073936,0.341721101427467,0.402653286190208
0.526806767533534,2.84189612883645,0.616156751538494,-0.605520419956907,-0.616162977171578,-0.288844335959704,-0.379508919917396,-0.353630964204197,-0.414647496847906,-0.488583164805792
-1.67122662259025,0.396718376513636,0.881115141027421,0.510728197049484,0.519704697063524,0.243626708647008,0.320098051272,0.298271204101975,0.349735799977288,0.412097083179708
0.619390870330347,-2.24912145041217,-0.879869078785954,0.0986181225841057,0.100351423357149,0.047042651564791,0.0618087449286002,0.0575941299880636,0.0675315915460778,0.079573128917398
2.57724705109271,0.41889991546117,-1.52068264450537,-0.782373804945967,-0.796124716901982,-0.373206641285471,-0.490351485929803,-0.456915396892541,-0.535752931079193,-0.63128287186228
1.51482764320008,2.5602278906464,0.256465327718088,-0.95968358120453,-0.97655086938232,-0.457786653609768,-0.601480094414173,-0.560466367387655,-0.657170892338877,-0.774350832545722
0.595125035393916,1.69446480576446,-0.0244812210441568,-0.367759425227841,-0.374223122561946,-0.175427984708456,-0.230492610418643,-0.21477577939941,-0.251833827707744,-0.296738240269031
-1.15203516583042,1.25146859681401,0.0922585001265909,0.479206637385831,0.48762911809489,0.228590347082009,0.300341965981076,0.27986224683201,0.328150506764211,0.386662922955717
1.14066880897834,1.29450637431651,-0.538945712624573,-0.444832648980198,-0.452650976424981,-0.212193324738785,-0.278798125702323,-0.259787438018308,-0.304611931054264,-0.358927191032066
1.20098934324607,3.35297670562929,-0.153284609960156,-0.703854167691817,-0.716225027539908,-0.335751335510505,-0.441139433380445,-0.411059015974578,-0.481984354549344,-0.567926836946454
-1.495134144724,-2.75763934840417,-0.24864948775705,0.956766875064353,0.973582899550693,0.456395331334775,0.599652053673526,0.558762977096169,0.655173594047679,0.771997396608949
1.23142885192055,3.52221184515583,-0.588660491872217,-0.579911709845499,-0.590104171318438,-0.276628511979003,-0.363458703286305,-0.338675179807417,-0.397111197170424,-0.467919972912584
-2.40652309892467,1.48700848629546,1.39103117124964,0.650161275890992,0.661588435652054,0.310138842245506,0.407487502408369,0.379701743003027,0.445216604940963,0.524603041184968
2.80717835537975,-1.46159924047329,-1.03764620206838,-0.969206095205136,-0.986240749993099,-0.462329067279926,-0.60744831428614,-0.566027626259687,-0.663691707267516,-0.782034371983838
-1.51066779371687,0.294293228212995,-0.146622019711559,0.78347328133522,0.797243517561719,0.373731111670102,0.491040580935037,0.457557503884868,0.5365058291114,0.632170018911637
-1.16543606078108,-1.11301687371323,0.573613029301637,0.436668497602954,0.444343332862704,0.208298874930796,0.273681257353869,0.255019478708778,0.299021293941311,0.352339689130591
-2.62162111958057,0.192643114605727,-0.0246162657450919,1.29723861100837,1.32003872754238,0.61880658823144,0.813042150046677,0.757602428744601,0.888321392872854,1.04671770791784
1.80482537502052,2.91633929633314,-0.294871707015251,-0.934049047535109,-0.950465786099282,-0.445558511318699,-0.585413692910883,-0.545495501732806,-0.639616909238447,-0.753666804103844
-0.62847844444366,-2.51261173952507,-0.680540595157524,0.6618181301736,0.673450169464001,0.315699375340127,0.414793416515678,0.38650948141066,0.4531989706715,0.534008740100097
-0.024630085429561,-3.1657681862155,1.16679773167407,-0.230165003652489,-0.234210357268079,-0.109792924317725,-0.144255534677354,-0.134419037715499,-0.157612096109468,-0.185715860614697
-0.15014984902671,-3.17210839750675,0.855524910938626,-0.0625085772623963,-0.0636072208225425,-0.0298177367700129,-0.0391771472283518,-0.0365057357601695,-0.0428045433962757,-0.050437008397739
-2.06801962863718,-0.874140856107513,1.14463580243289,0.679157844752515,0.691094644870809,0.323970736929607,0.425661053897731,0.396636076292469,0.465072838189817,0.547999833292954
-2.07798347929389,0.348084799341313,-0.410208713218176,1.15089443495433,1.17112242309207,0.54899773462266,0.721321180183395,0.6721357287325,0.788108015620614,0.928635314111091
0.0274431954114323,3.90702126240624,0.267668868533735,-0.291602309327414,-0.296727477957017,-0.139099644910385,-0.182761264213255,-0.170299138415452,-0.199683055521539,-0.235288479893056
1.78557166391306,2.6220086671255,-1.08540369082288,-0.64321840717004,-0.654523539869485,-0.306826966643521,-0.403136070941195,-0.375647026961728,-0.440462276199595,-0.519000969544254
-1.50632993678091,-2.6002382000537,1.33331220622501,0.420116221205362,0.427500135560071,0.200403135782934,0.263307145547249,0.245352756878536,0.287686647331236,0.338983965160702
2.40814943624058,2.03785485229727,-1.46925844997438,-0.793735805898434,-0.807686415075591,-0.378626523938681,-0.497472601200991,-0.463550937527812,-0.543533387524343,-0.640450659109286
-0.316613334821845,3.61175856029969,0.773061317474558,-0.277861728492057,-0.282745394254237,-0.132545136067609,-0.17414937794155,-0.162274479478469,-0.190273798193731,-0.224201460777687
1.49209390697734,-3.35110961521012,0.188285393427499,-0.641617632647872,-0.652894630318541,-0.306063367863632,-0.40213278816176,-0.374712156032374,-0.439366099874638,-0.517709334355078
0.141951259624554,3.11994411591048,0.556635355430448,-0.408180310163036,-0.415354440318913,-0.194709487500453,-0.255826333078158,-0.238382046079297,-0.279513189470554,-0.329353100536327
-2.0975363919452,1.64129267895606,-0.33801639385683,1.07409962813068,1.09297787958164,0.512365204569072,0.673190162248468,0.627286668836458,0.735520566261577,0.866671012789559
2.04687988550135,2.26516257490848,0.188270500178868,-1.18593236801392,-1.20677617883076,-0.565711470732033,-0.743281146673919,-0.692598288942221,-0.81210124649946,-0.956906770627329
-2.59270876495478,-1.38544645540158,0.297295079826515,1.24988323300786,1.27185103686803,0.596217205178672,0.783362245348279,0.729946337503669,0.855893437839402,1.00850753417058
-1.07070731974917,1.99644762635589,0.872394525654721,0.139518877054201,0.141971044780735,0.0665530609181309,0.0874432250240147,0.0814806460546368,0.0955395577537618,0.112575186987324
-2.72422532563708,0.941071624084196,0.295513477459313,1.20392762593951,1.22508771933866,0.574295538510145,0.754559644762326,0.703107728758937,0.82442401615025,0.971426809554187
1.5359978082609,-0.95603735841092,0.048624833133055,-0.731130829043518,-0.743981100352385,-0.348762802796597,-0.458235035687752,-0.426988903285001,-0.500662831738695,-0.589935867673276
-1.75503573324667,2.64036503430468,1.076823395849,0.378383555272089,0.38503398109317,0.180495889417597,0.237151266320687,0.220980394846805,0.25910900585838,0.305310653203836
-2.29526399418348,-1.1352703099167,1.4708950601413,0.693956914987726,0.706153821861318,0.33103016461202,0.434936346646977,0.405278905343513,0.475206926531781,0.55994092781825
1.20134393343837,-3.56410213155282,-0.556777276249308,-0.235619559697729,-0.239760781962632,-0.112394847501348,-0.14767416864102,-0.137604561853102,-0.16134726000491,-0.190117040438465
1.09537621944474,1.22034824955264,-0.319134638719096,-0.493132122296221,-0.501799355725446,-0.235233058556784,-0.309069740575439,-0.287994891898253,-0.337686382467457,-0.397899137730204
-0.90167301894764,-1.58427141392716,-0.220770313758547,0.597150327504958,0.607645772937968,0.284851648485388,0.374262978341596,0.348742732913051,0.408915835669851,0.481829492881431
-0.948434089167366,-3.75911006330501,0.174896331707999,0.590986635300535,0.60137374838871,0.281911454359527,0.370399894465134,0.345143065015042,0.404695070424499,0.476856124280022
0.908451606273484,2.89799828245819,-1.07848143051124,-0.224476576053738,-0.228421950520507,-0.107079440117584,-0.140690322105029,-0.131096929871976,-0.153716781951458,-0.181125974184172
-0.0210410818658587,-3.07150609360087,-0.842897177120759,0.442727992788444,0.450509329038215,0.211189365169306,0.277479035921359,0.258558294336479,0.303170707285628,0.357228983095381
-2.08809725633877,-0.339464017009545,-0.180670309058281,1.11133286054128,1.13086551900009,0.530126138695851,0.696526028969836,0.649031309386709,0.761017091415446,0.896713815521821
-0.175375258816892,-2.01828936464649,-0.065410814299886,0.205833581792194,0.209451289137356,0.0981863902380119,0.1290058563413,0.120209204505369,0.140950456242988,0.166083288855063
-0.498562336751882,1.80702713302611,0.174910716226692,0.101019804737742,0.102795317199919,0.0481882979608328,0.0633139952390294,0.0589967402844477,0.069176212372078,0.0815110015783475
-0.359542990868092,-3.92145271740007,0.0310490263968429,0.355788812502453,0.362042115724938,0.169717783087276,0.22299004872719,0.207784802413869,0.243636606873027,0.287079375502009
-0.63886866510945,-2.38537446405122,-0.668935543408963,0.656933221761271,0.668479404463598,0.313369184515706,0.411731808262087,0.383656638112618,0.449853889351785,0.530067198356464
-0.751138842002204,1.72523296330282,0.180576792227231,0.2281014507804,0.232110535628196,0.10880857178491,0.142962206333886,0.133213898850166,0.156199019019375,0.184050818182171
-1.25154937508203,-1.88279544974792,0.832124998815442,0.428895613311276,0.43643383325126,0.204591066692255,0.268809615003001,0.250480023925553,0.293698588201574,0.346067893363295
2.64275808657297,-1.59470823050063,-1.0528575991151,-0.876258361379518,-0.891659377494678,-0.417991295057924,-0.549193476116618,-0.511745069222737,-0.60004307726554,-0.70703657429226
2.46316242220838,1.05133516956097,-1.25803475700401,-0.845005300515297,-0.859857016429475,-0.403083012340263,-0.529605672003361,-0.49349291837284,-0.578641646316099,-0.68181906075573
-2.16756249735656,1.96002008358233,1.26790733884036,0.550737934053818,0.560417640600914,0.262712086342052,0.345174087647081,0.321637355610797,0.377133616387131,0.44438019582852
-0.642549696835376,1.88473646978167,-0.167000260055813,0.28414071559231,0.289134740109144,0.135540327971461,0.17808472270294,0.165941480935903,0.194573514930031,0.229267858686174
-0.109278276045069,-3.50319427909113,0.825619355644455,-0.0567470045525214,-0.0577443833737912,-0.0270693610115442,-0.0355660910788238,-0.0331409103214657,-0.0388591410228482,-0.0457881025374714
-0.550166467860998,-2.29778181423806,0.715910175715658,0.140783619156831,0.143258015845008,0.0671563660763956,0.0882359000412793,0.082219270144729,0.0964056262292911,0.113595683867033
-1.53702412798418,-0.764819868048863,0.673135747277716,0.570321013191078,0.580344909683366,0.272053573933586,0.357447750049032,0.333074101472959,0.390543692211522,0.460181418159231
1.76810932117567,-0.763112264888336,0.199891493168075,-0.906450266077401,-0.922381931634888,-0.432393386839468,-0.56811620236086,-0.529377492535949,-0.620717851055892,-0.731397860654587
-1.11348234687436,1.70498800432429,0.490974400310568,0.303595750638608,0.308931714612428,0.144820736185309,0.190278133683038,0.177303447560478,0.207895908885977,0.244965764621378
-0.768050882990977,2.26935159682792,1.01513897963859,-0.0716919266743693,-0.072951975726912,-0.0341983627164939,-0.0449327962563564,-0.0418689185697785,-0.0490931056327488,-0.0578468822373999
-3.03470609207825,0.168238274277732,1.25211717621048,1.07147641431708,1.09030856046395,0.511113883511853,0.671546067337216,0.625754681475434,0.733724245269492,0.864554390352449
1.79492957071306,-1.07939653392247,0.425666316384897,-0.980850899785151,-0.998090222318266,-0.467883852445608,-0.614746676262314,-0.572828327500932,-0.671665821618159,-0.791430348218055
-0.32908092302727,-2.44717323160352,-0.720133134451489,0.523802684506447,0.533008980207349,0.249863478742703,0.328292464622451,0.305906856762888,0.35868893073543,0.422646643936703
0.856381014308938,-2.20398941677037,0.506426650338599,-0.489412058616414,-0.498013908634528,-0.233458520014553,-0.306738196827917,-0.285822331464891,-0.335138962030246,-0.394897487536329
2.77800546170591,-0.0999207980633764,-1.28275853254097,-0.937288090264979,-0.953761757871406,-0.447103594053515,-0.587443757575039,-0.547387140339715,-0.641834936766271,-0.75628032743971
1.97952137742913,-0.912742725155036,-1.2939930811014,-0.499081640724206,-0.50785344220462,-0.238071087866735,-0.312798591392384,-0.291469479821133,-0.341760486068769,-0.402699693494818
-1.31986320065699,2.4205944190417,0.968883771495964,0.209925081216935,0.213614700285116,0.100138110436817,0.131570196826526,0.122598687731575,0.143752227973402,0.169384643643203
-1.72357728480764,2.82178545227626,-0.282476458160628,0.813485236497276,0.827782959393769,0.388047364225637,0.509850524105859,0.475084834577311,0.55705737728932,0.656386107340382
-0.0989267488879419,-2.24716943702509,-0.78115865754837,0.420858794557628,0.428255760296117,0.200757356878982,0.263772552165408,0.245786428348398,0.288195145759356,0.339583133787545
1.03120557563673,-3.0053905491649,0.717309388180983,-0.608780674918387,-0.619480533999053,-0.290399537317695,-0.381552279312567,-0.355534991000951,-0.416880050060495,-0.491213803896819
-1.32527639215412,-3.11353104201699,-0.451433831990408,0.958274208421128,0.975116725625074,0.457114356966542,0.600596772357374,0.559643277298714,0.656205783851198,0.77321363585968
2.69711704340322,-1.89976127825842,-0.895549464832118,-0.941695719706723,-0.958246855300965,-0.449206114063241,-0.590206232024623,-0.549961247170744,-0.644853187604422,-0.759836761658876
0.796931101296123,-3.72507019470672,-0.0486695782398227,-0.199356213363462,-0.202860075226571,-0.0950965668053084,-0.124946176410985,-0.116426346045995,-0.136514892194915,-0.160856820742314
-1.602523299607,-1.19682681265851,1.17518180387863,0.453821538670599,0.461797853806091,0.216481189834769,0.284431897422034,0.265037054089996,0.310767331411913,0.366180158939141
-1.64703228436965,-1.80197038389038,1.16074393345539,0.509789976878754,0.518749986843048,0.243179160433493,0.319510023334537,0.297723272615808,0.349093326771656,0.411340050773877
1.48367773954176,3.59998819077112,-0.563236592922697,-0.717145403126128,-0.729749868198587,-0.342091498363115,-0.449469693166568,-0.418821251973877,-0.491085909709524,-0.578651287615081
-2.39781959546177,-1.6917448559796,1.3383831219,0.816236645852276,0.830582727202946,0.389359836905179,0.511574965360278,0.476691689624739,0.558941483859889,0.658606168375545
1.12021111209629,-2.43085546305448,0.621273672920035,-0.647977887758812,-0.659366672541339,-0.309097326097749,-0.406119067514194,-0.37842661895276,-0.443721467215103,-0.522841305909887
1.26941227674318,-1.35802275612739,-0.493570771024025,-0.39658687492357,-0.403557240195911,-0.18917920645151,-0.248560166751058,-0.231611345130082,-0.271574251751071,-0.319998573267581
1.52020540761557,-0.227623745208596,-0.191100138906195,-0.677260127038678,-0.689163573088833,-0.323065490806064,-0.424471662464924,-0.395527787087327,-0.463773321486776,-0.546468600165258
-1.49610340058059,3.03495382728801,0.796829980232925,0.325850798937845,0.331577915079343,0.15543680202864,0.204226448330055,0.19030065447388,0.223135692327409,0.262922949173008
1.57691176206416,0.949121962098809,0.266245907335208,-0.916392446765899,-0.932498854946967,-0.437135989209781,-0.574347447634114,-0.535183841632179,-0.627526044801015,-0.739420021337794
1.54997484387633,0.120608605212321,0.0641133748506053,-0.794969534998763,-0.808941828056604,-0.379215035326561,-0.498245838870449,-0.464271449664045,-0.544378218955918,-0.641446132174249
2.45587452462255,1.63743353112602,-1.33869156882833,-0.842272728533902,-0.857076417077414,-0.401779525433109,-0.527893037041637,-0.491897064570573,-0.576770439178075,-0.679614199246972
1.0103153121935,1.37482391832625,-0.0799288704017378,-0.539269141941437,-0.548747274318255,-0.257241262348707,-0.33798604119336,-0.31493944769673,-0.36928003162841,-0.435126240780785
2.8617765575792,0.444575121420287,-1.29207183971037,-1.00175997963548,-1.01936679774971,-0.477857866675097,-0.62785140741412,-0.585039473193788,-0.685983914510795,-0.808301495861889
2.27607601155172,-2.62143296336372,-0.466067961650244,-0.843710107268335,-0.858539059015062,-0.402465181428161,-0.528793911781841,-0.492736510460475,-0.577754725544995,-0.680773993414019
-0.307816775685618,-2.14655662046319,0.549523554319672,0.0697501107588085,0.0709760306782937,0.0332720809426669,0.0437157663486857,0.0407348755022041,0.047763391419669,0.0562800670909141
1.47777370823207,1.19742351473848,-0.796491204137389,-0.520059051681628,-0.529199549722838,-0.248077697286416,-0.325946148952344,-0.303720531674857,-0.356125370649315,-0.419625976238079
0.703334041370019,-2.14498044800603,0.630769831149796,-0.458482284178948,-0.466540516041111,-0.2187044508464,-0.287353011946973,-0.267758983646303,-0.313958910745637,-0.369940827804752
-1.64726120846328,0.00384014663612525,0.753630915798363,0.56080520235313,0.57066185004926,0.267514357794846,0.351483731373154,0.32751675732584,0.384027467466014,0.452503287378392
-1.73791155525716,2.77459155535837,1.1645235653808,0.333821580164014,0.339688789839024,0.159239010731225,0.209222122256718,0.194955683367326,0.228593913676225,0.269354424296065
0.775826650021715,3.64772730213845,0.0134071601630556,-0.563807497049626,-0.573716912731821,-0.268946507379539,-0.353365414599662,-0.329270132329151,-0.386083374979076,-0.454925783129399
-1.43733478663107,0.507542342843342,-0.320095097664485,0.795550526093948,0.809533030584413,0.379492178725126,0.498609974076707,0.464610755217438,0.544776069293197,0.641914923083116
0.279196537014837,-3.02059437260138,0.93459396608178,-0.309106477503911,-0.314539297378912,-0.147449453879383,-0.193731972615108,-0.180521776109962,-0.211669537363565,-0.249412267635135
-3.12035394058815,0.581183192164327,0.680677018570474,1.28718787499863,1.30981134095322,0.614012202983711,0.806742867905699,0.751732682078849,0.881438862754026,1.03860795596494
-2.91407404301678,0.00592783170139878,0.444919591222553,1.29233364471214,1.31504755212301,0.616466829428852,0.809967970547581,0.754737871409193,0.884962576341114,1.04275998184074
-0.165207395215955,2.24463642611566,-0.510991115150933,0.146750057073351,0.1493293191877,0.0700024662924125,0.0919753551196297,0.0857037392455954,0.10049131593627,0.11840989165226
0.401052908956308,2.04850328881199,-0.340155919485256,-0.181969326082599,-0.185167598015835,-0.0868027029725999,-0.114048973616147,-0.106272201757881,-0.124608721814237,-0.146827664773619
1.10271739397084,1.47858582872897,0.244883606922952,-0.699778913642757,-0.712078147294684,-0.333807364653582,-0.438585274657511,-0.408679020236617,-0.479193707306462,-0.564638590249804
1.41735839017197,3.07896906133691,-1.19394396952551,-0.446141239250241,-0.45398256632701,-0.212817546276385,-0.279618282485861,-0.260551669947887,-0.305508025821656,-0.359983068182529
-2.79267522980247,0.244015111769438,1.40168584130072,0.897442556922716,0.913215904020754,0.42809654451417,0.562470635573091,0.524116885678348,0.614549563529618,0.724129707671803
-0.482569513203264,-2.07896266348468,-0.527138636649814,0.516906932745832,0.52599202950739,0.246574078794177,0.3239705636321,0.301879657574143,0.353966866685754,0.417082590094958
1.73726549534237,0.605520539771612,-0.73615599651137,-0.640530711870149,-0.651788605946317,-0.305544886735771,-0.401451562365247,-0.374077381663134,-0.438621799657996,-0.516832318195142
-1.1574543322516,-1.70281665944099,-0.388889630615769,0.786315506162135,0.800135697005094,0.375086904993863,0.492821940636006,0.459217396223592,0.538452124184394,0.634463357262015
2.59503704817657,1.30109266245814,-0.18216357421104,-1.28589660842095,-1.30849737922278,-0.613396245164809,-0.805933568717646,-0.750978567386991,-0.88055463088248,-1.03756605697964
1.96929726327853,1.41217033255647,-1.31338980152347,-0.599068257238161,-0.609597411983436,-0.285766536112537,-0.375465037624051,-0.34986282617246,-0.4102291931336,-0.483377034711631
0.698594818088948,2.48429857388388,-1.08120723160884,-0.0997799174732511,-0.10153363781956,-0.0475968490158043,-0.0625368979503868,-0.0582726317087574,-0.068327163960744,-0.0805105596052586
2.66764133406667,0.235481450068605,-1.43008327634217,-0.84894910706044,-0.863870138864582,-0.404964280329155,-0.532077446221012,-0.495796147240486,-0.581342281105777,-0.685001244906257
2.94201756751705,-0.611514608963188,-0.328530916375459,-1.31643480962299,-1.33957231633464,-0.627963526724422,-0.825073335722087,-0.768813231884198,-0.901466541148965,-1.06220676355041
-2.38394782940895,-1.96783741659922,0.460179697096672,1.1194181903916,1.13909295567736,0.533982989191161,0.701593496056891,0.653753236008245,0.766553753224248,0.903237717799219
3.027196220544,-1.03585777310757,-0.934091484739645,-1.13358840942046,-1.15351222884509,-0.540742443324988,-0.710474657354503,-0.662028808644617,-0.776257217643369,-0.914671403982097
-0.0907313747922482,2.14842326194852,0.263561528690787,-0.147277455970806,-0.14986598758748,-0.070254045230629,-0.0923059015047587,-0.0860117463325245,-0.100852467477097,-0.118835440013539
1.53054071032043,-3.12505678807595,0.25653298624215,-0.69457191716792,-0.706779633249054,-0.331323531921358,-0.435321798244412,-0.405638073765917,-0.475628066936248,-0.560437161639041
-1.47420247637912,-0.60442852884154,0.181791714411196,0.697568067637234,0.709828443714204,0.332752750597099,0.437199630586715,0.40738786046913,0.477679767013298,0.562854699727411
-1.46226345689805,-0.955586709683893,0.884972905433902,0.470866427454147,0.479142321593283,0.224611914117431,0.295114753225339,0.274991467280073,0.322439308500072,0.379933362681174
-2.44297275994469,2.23699693770979,1.19084445108651,0.699862986498652,0.712163697805418,0.333847468946406,0.438637967180642,0.408728119761775,0.479251278608932,0.564706427073557
-1.98881925062556,3.15603882974586,0.943684084957023,0.514389183122402,0.523430028206334,0.245373066088207,0.32239256822729,0.300409262526158,0.352242765326596,0.415051064751367
1.90005415701823,2.85148965112274,-0.738894018697071,-0.828029657171346,-0.842583011131757,-0.394985319401153,-0.51896621566459,-0.483578945324441,-0.567017087031288,-0.668121729871013
0.65631937978998,-1.93150072481755,-0.484850310446243,-0.0684153095563228,-0.0696177691634891,-0.0326353563099986,-0.0428791819066683,-0.0399553360833857,-0.0468493479635629,-0.0552030408265588
1.88705433688966,-1.88150451223204,0.386269431646377,-0.974650203149745,-0.991780542952405,-0.464926006528094,-0.610860399920046,-0.569207048585066,-0.667419716526002,-0.78642712142953
2.60797366437065,-0.485703297511553,-1.53312688644466,-0.749958880845601,-0.763140071826109,-0.357744128514026,-0.47003548595839,-0.437984704406507,-0.513555880912514,-0.605127872489965
1.56808390318415,-3.60382803972902,-0.263097957147786,-0.514565487400851,-0.523609431188491,-0.245457166459651,-0.322503066641688,-0.300512226274244,-0.352363494744355,-0.415193321394569
0.948069448420435,-3.38230983968176,0.439562861220801,-0.455652976111096,-0.46366148038027,-0.2173548190534,-0.285579747803345,-0.266106634845025,-0.312021460794353,-0.367657911747023
2.97953543660936,-0.758735510744837,-1.21990912354069,-1.02669606450383,-1.04474115637594,-0.489752836089583,-0.643480057288604,-0.599602436629606,-0.703059614736702,-0.828421958956615
-0.176387777424345,-2.92669371818142,0.832650252373349,-0.0535662879004662,-0.0545077628119131,-0.0255521008846202,-0.0335725821872976,-0.031283334822019,-0.036681053951811,-0.0432216414289885
-1.21661966755315,-2.83093844123912,1.0962226855234,0.367859413445128,0.374324868160633,0.1754756809203,0.230555277868157,0.214834173680631,0.251902297510985,0.296818918901883
1.96541289308426,-3.16187210916183,-0.800479064492338,-0.550916341294812,-0.560599183507044,-0.262797189865165,-0.34528590408977,-0.321741547513455,-0.377255785868885,-0.444524149313087
1.05118720365098,-4.06644903924853,-0.158172419441149,-0.271863041091843,-0.276641274614636,-0.129683652256926,-0.170389710552728,-0.158771176304237,-0.186166024726655,-0.219361231483874
0.491945418783805,3.49544919754058,-0.757680674110491,-0.155329744096138,-0.158059801802203,-0.0740951342176582,-0.0973526597454237,-0.090714376202569,-0.106366503015824,-0.125332681537587
-1.20520221440968,1.33632638061675,0.395334612284814,0.399032852304714,0.406046207794011,0.190345982482745,0.250093179021935,0.233039824354246,0.273249205006174,0.321972186923761
3.05434702523088,-0.601400820116968,-1.05389740218363,-1.12739892705674,-1.14721396085165,-0.537789946820556,-0.706595409538431,-0.658414078993775,-0.772018791845796,-0.909677225780817
-1.86883219858987,-1.31909223745603,1.30557748853084,0.547492392735741,0.557115056022144,0.261163903661579,0.343139950003534,0.319741921752831,0.374911138764406,0.441761428902696
2.18135314318547,-2.73209517767151,-0.406407397644764,-0.811656142421629,-0.82592171737115,-0.38717485283498,-0.508704142424585,-0.474016622374595,-0.555804852593257,-0.654910245350012
0.56993658195944,1.8135250834477,-0.556889507211047,-0.181069681088494,-0.184252140964849,-0.0863735558251919,-0.11348512260672,-0.105746798623286,-0.123992664068597,-0.146101757960348
-2.48120477728248,2.35602916110106,0.902595036388954,0.810497185805666,0.824742391067084,0.386622009292283,0.507977768285812,0.473339778238434,0.555011223767661,0.653975104811993
-0.43136297093795,-2.21365570907421,-0.463583561244296,0.476537370432279,0.484912936412556,0.227317057833146,0.298669007340662,0.278303363901901,0.326322649561991,0.384509141096517
1.38630015467236,0.841655735261904,-0.429294284748051,-0.581782852252048,-0.592008200708583,-0.277521081194,-0.364631438689301,-0.339767948724175,-0.398392515668612,-0.469429762919103
-1.09457118718433,-3.17968504095934,-0.174180895466287,0.753509687984915,0.766753287543058,0.359437928584962,0.472260948449601,0.440058417052678,0.515987398072929,0.607992952729315
2.53648154817294,-1.49633260829405,-0.0711875442718652,-1.16011959592539,-1.18050972443068,-0.553398305448985,-0.727103034536777,-0.677523329978658,-0.794425209522911,-0.936078924920125
0.515642212897068,4.03424205233478,-0.242485506594495,-0.367042970433132,-0.373494075440219,-0.175086222642963,-0.230043573563158,-0.21435736147078,-0.251343214711982,-0.296160146220504
-0.345184188488678,4.11351187468535,-0.300260283068477,0.0749388788701154,0.0762559959807741,0.0357472184114677,0.0469678181651447,0.0437651763967042,0.0513165493944748,0.0604667875741739
-2.0050447564979,2.28566390342631,-0.359363705746162,1.00458213635969,1.02223855637572,0.479204087146137,0.629620189464969,0.586687645527248,0.687916467374147,0.81057864163344
1.51655248493512,3.13340561176572,-0.669210732201835,-0.67521154027848,-0.687078980603499,-0.322088277382861,-0.423187714107286,-0.394331388605313,-0.462370492871595,-0.544815633610062
0.670468511818626,1.87787592582472,-0.397933958001334,-0.287660391902979,-0.292716277845587,-0.137219278066688,-0.180290673998878,-0.16799701281626,-0.196983714361518,-0.232107820038892
1.11103463504531,1.53915231958195,-0.000671578503895949,-0.623817179490383,-0.634781318444926,-0.297572225529535,-0.390976383638986,-0.364316484464762,-0.427176728383192,-0.503346479772433
1.85959034827204,-3.23653791615934,-0.688063075370854,-0.532923222223056,-0.542289819445226,-0.254214142359525,-0.334008746524459,-0.311233356812242,-0.364934480859682,-0.430005836187608
-1.68146222712567,-1.96491080657127,1.20849531112436,0.518522635002623,0.527636129161102,0.247344798377019,0.324983202344476,0.302823246474046,0.355073265205687,0.418386270195561
1.59630477143215,-3.57574557569875,-0.28732361937606,-0.521700593645542,-0.530869943239393,-0.248860742883046,-0.326974982658346,-0.304679211264097,-0.357249463650764,-0.420950505917768
1.3085928078769,-0.769752901806503,-0.268891763209053,-0.520159734149571,-0.529302001774251,-0.248125724668545,-0.326009251522306,-0.303779331406532,-0.35619431586063,-0.419707215048872
2.63565992053557,-1.86224207924378,-1.19626400997013,-0.811435336325136,-0.825697030412117,-0.387069524280871,-0.508565752569463,-0.473887669047455,-0.555653649277593,-0.654732081017518
2.01660350675928,-2.81474749053303,-1.1178642257636,-0.485664792105254,-0.494200780598423,-0.231671005223298,-0.304389603750917,-0.283633884261797,-0.332572913673058,-0.39187388788378
0.219474013470714,2.16140103274924,0.110915013070893,-0.249918750520941,-0.254311293718126,-0.119215823544378,-0.156636162797049,-0.145955455516625,-0.171139041564014,-0.201654791563463
-2.65191468533095,-1.07542777915835,1.16089227965374,0.972457853868245,0.98954966119224,0.463880215747905,0.609486348640383,0.567926691119426,0.6659184423958,0.784658155569731
1.63151145570084,3.32022497785979,-0.329547632657104,-0.855896948239988,-0.870940094501107,-0.408278527885006,-0.536431994168371,-0.499853767255407,-0.586100014880966,-0.690607328731329
0.898550743238932,3.08234176256127,0.673973215584944,-0.820681465991078,-0.835105668988974,-0.391480097558889,-0.514360749017622,-0.479287516255179,-0.561985202095889,-0.662192611076459
-0.784033143253639,1.86975834098473,0.297438494093656,0.197957688513302,0.201436970064594,0.0944294448250184,0.124069653278372,0.11560959127617,0.135557212141053,0.159728377051845
1.56644124977308,0.755997719169371,-0.953130370878928,-0.489837410469529,-0.498446736422862,-0.233661420642695,-0.307004785397088,-0.286070741891667,-0.335430233926884,-0.3952406960355
-1.26269922926077,-3.16680798939215,-0.0410373268442409,0.791147597839639,0.805052716969819,0.377391901267951,0.495850446088559,0.46203939393452,0.541761037728151,0.638362282164654
1.15657533098088,-1.13143595560311,-0.470963402824769,-0.359229994693781,-0.365543779738431,-0.17135929004924,-0.225146803963888,-0.209794492816065,-0.245993055202107,-0.28985600140974
-2.01479082781987,-2.46995875348307,1.23254104722049,0.699697088021879,0.71199488351611,0.333768332333039,0.438533990585203,0.408631233122832,0.479137674862704,0.56457256667819
-1.15276882183521,-3.077670517362,1.27673487921061,0.287080231909993,0.292125921027332,0.136942531119101,0.179927059684545,0.167658192636212,0.196586433145337,0.231639699730931
-1.35329060428985,0.346065995558259,0.220914814207093,0.578845901940301,0.589019630896156,0.276120102078211,0.362790709947665,0.338052735601162,0.396381354599561,0.467059992336811
2.0195881530584,0.43509676744936,-1.23396274669842,-0.603911024798906,-0.614525295469497,-0.288076624978557,-0.378500234168736,-0.352691058723305,-0.413545417294995,-0.487284573785897
1.66690512967664,0.0121383974841624,-0.749161326124717,-0.57280999395752,-0.582877636489314,-0.273240863367608,-0.359007714620391,-0.334527695174035,-0.392248093269675,-0.46218973044719
-3.02837262218684,1.6055994742065,0.989670391945226,1.08803775888072,1.10716098531367,0.519013948341085,0.68192586260188,0.635426699220061,0.745065101566686,0.877917431256861
-2.8711276460389,-0.564862826387495,1.43013112107643,0.965506271265488,0.982475898373683,0.460564183464626,0.605129455762227,0.563866886069857,0.661158146573621,0.779049052859858
1.29318665939043,-2.84374020921369,0.581328354520532,-0.700311498623396,-0.71262009292765,-0.334061417448508,-0.438919071411683,-0.408990056056412,-0.479558410166683,-0.565068323165148
-1.00381024097427,2.85521491747768,-0.675295884390873,0.588225276837633,0.598563856607256,0.280594235773206,0.368669217623823,0.343530399572943,0.402804150916577,0.474628035494735
1.50854363908951,3.00011200094963,-1.0798992264769,-0.526051137646401,-0.535296951900927,-0.250936032091429,-0.329701678902441,-0.307219979534052,-0.360228623593894,-0.424460878956414
0.546624048830457,1.83637197660873,-0.0933257751443188,-0.327288269131084,-0.333040650083268,-0.156122501651219,-0.205127380391914,-0.191140153776787,-0.224120041323372,-0.264082817136465
-2.36247438896743,-1.55452267581423,0.0540364960621944,1.22620423456785,1.24775585907655,0.584921889025535,0.768521472309888,0.716117527155168,0.839678563646205,0.989401390734374
0.100832311450298,-2.60081511059881,0.638560253107768,-0.140888233679315,-0.143364469060299,-0.0672062691205911,-0.0883014670199092,-0.0822803662419641,-0.0964772640278722,-0.113680095379502
1.72470071260303,1.30077365726763,0.502033699149774,-1.08614146108946,-1.10523135841066,-0.51810937954663,-0.680737361103195,-0.634319239266209,-0.743766557196407,-0.876387343838283
1.43687159160568,0.809941413189268,-0.0273414217329452,-0.741145981912573,-0.754172278395669,-0.353540214234187,-0.464512016154262,-0.432837868982951,-0.507520995280063,-0.598016908251767
2.42902457403704,-2.47322038827914,-0.413120461888255,-0.944455611251065,-0.961055254381467,-0.450522632902528,-0.591935989477158,-0.551573055915351,-0.646743102597733,-0.762063666814859
1.48536597663442,0.910848005384343,0.496289918685332,-0.946969286722082,-0.963613109923276,-0.451721702163142,-0.593511431413693,-0.553041071610966,-0.648464414064025,-0.764091904800643
-0.0264424933317137,3.91409717848354,-0.496609906505667,-0.0069638812660853,-0.00708627764177771,-0.00332189897105003,-0.00436460104502024,-0.0040669876119199,-0.00476871768508448,-0.00561902627257038
-1.41976668153557,2.71091843362432,-0.352144153703477,0.691912048512272,0.704073015048026,0.330054725832812,0.433654729971638,0.404084679551036,0.473806645488418,0.558290963091621
1.42041023781645,0.455935047764516,-0.275364659859708,-0.632179278515557,-0.643290388760212,-0.301561099992806,-0.396217315347799,-0.36920004750175,-0.432902915832707,-0.510093701949399
1.95351096203185,0.134060872600255,-1.09182844365047,-0.604775853641204,-0.615405324443998,-0.288489164183577,-0.379042264212706,-0.35319612882052,-0.414137633680838,-0.487982388093819
-1.38710319743508,3.39811028735118,0.817104552663246,0.247591515574482,0.251943155558078,0.11810568983034,0.155177572150366,0.144596323254653,0.169545400601096,0.199776988969343
0.369808900720804,-3.15318007438088,-0.732406748231933,0.215767397291374,0.219559700234514,0.102925002259736,0.13523185874601,0.126010668233796,0.147752921684496,0.174098699822594
2.03268581111845,1.45305734053468,0.46252721734117,-1.23260726140806,-1.25427142477961,-0.587976250158268,-0.772534558772774,-0.719856969262654,-0.844063220156604,-0.994567874002022
1.24134811654388,-1.55586663081897,-0.72534365441482,-0.294863078928146,-0.300045558468985,-0.14065509176073,-0.184804946157724,-0.172203465767512,-0.201915961148137,-0.237919534236924
-1.42886583216081,-0.140333742025836,-0.170199257074553,0.771798712142498,0.785363757484438,0.368162128238747,0.483723564037167,0.4507394197638,0.528511332587428,0.622750026165018
1.6281545287677,-0.348884628247218,-0.873476844307955,-0.494277515066967,-0.502964879787714,-0.235779431896766,-0.309787613596695,-0.288663814591133,-0.338470723060515,-0.398823333853791
1.9713875121658,0.547589109483446,0.496503784248138,-1.17027052296753,-1.19083906299829,-0.558240483655082,-0.733465111241305,-0.683451589372014,-0.801376348328451,-0.944269519153619
-0.63170496323703,2.07941762618122,0.379562702970502,0.0847091672194457,0.0861980057937157,0.0404078249862187,0.0530913301996352,0.0494711383686763,0.0580070349239642,0.0683502515259274
-1.05940735703516,2.21815006402004,-0.550994761159186,0.604328511231978,0.614950119596071,0.288275773657212,0.378761893098928,0.352934875653343,0.41383130311938,0.487621435823924
-0.933434396694682,-3.46908460212542,0.642664034711821,0.411550349626275,0.418783711207916,0.196317058077489,0.257938499727903,0.240350188301282,0.281820920773506,0.332072322699945
-1.67768340289078,3.4354738932835,1.02164242039844,0.320561124064896,0.326195269489591,0.152913530185507,0.200911153367929,0.187211422857577,0.219513435549737,0.258654808900541
1.36266708182984,-3.60323141238411,-0.399383088520553,-0.36681757778115,-0.373264721312925,-0.174978706217841,-0.229902309091982,-0.214225729541916,-0.25118887062073,-0.295978281081691
0.866351302842748,-1.9919851288839,0.553918296926135,-0.52057637442703,-0.529725964873277,-0.248324469715467,-0.32627038012587,-0.304022654171856,-0.356479622255659,-0.420043394339673
-2.51016870275009,0.465157608756835,1.44044251548142,0.733837915433223,0.74673576618093,0.350054132609513,0.459931697597112,0.42856987320546,0.502516586885915,0.592120165332105
-2.45872241016676,0.741196227030719,1.39689996097152,0.709827594980204,0.722303443098862,0.338600769784976,0.444883269036032,0.414547566949864,0.486074830429429,0.572746684325845
0.700524208502514,2.24214154593019,-1.00529211913231,-0.11476706935617,-0.116784202159173,-0.054745995090609,-0.0719300705607001,-0.067025302628441,-0.0785900466122887,-0.0926034137139653
1.34441264649145,0.910531672798389,-0.0268083219018731,-0.700371304488003,-0.712680949933251,-0.334089945941817,-0.438956554638233,-0.409024983376564,-0.479599363949972,-0.565116579404972
1.8284032931994,-2.86509939152551,0.298805262258151,-0.868831920041046,-0.884102409877916,-0.414448746456331,-0.544538966312649,-0.507407941151455,-0.594957608287129,-0.701044316900423
-1.52113941017624,2.00998256541168,1.03979766241538,0.305337384038395,0.310703958760413,0.14565152723094,0.191369699530631,0.178320581711793,0.209088542372557,0.246371056219075
-0.591726918632184,2.04665441619144,-0.369543187065713,0.31965302941474,0.325271214272372,0.15248035239733,0.200342006550572,0.186681085025624,0.21889159165946,0.257922084216957
1.88068122310175,-0.0819864400052087,0.469139089792111,-1.08588466600001,-1.10497004992027,-0.517986883583413,-0.680576415206367,-0.634169267948822,-0.743590709384286,-0.876180140656729
1.6958568657143,-2.33537923819374,-1.18195929985094,-0.328188350437855,-0.3339565511155,-0.156551856927763,-0.205691504859582,-0.191665811723051,-0.22473639784664,-0.26480907600231
2.0490560298058,-0.489626919792285,-1.24404247630409,-0.570706052824977,-0.580736716729558,-0.272237244894476,-0.357689073001603,-0.333298969095098,-0.390807359158369,-0.460492099478483
2.77826963031738,-1.78867155295268,-0.858134099644812,-0.999858228364155,-1.01743162151691,-0.476950696470722,-0.626659487955842,-0.583928828344186,-0.68468163571343,-0.806767008131678
-0.107792049431948,2.12848536199997,-0.522765893148589,0.127874377564399,0.130121882908012,0.06099842128607,0.0801450542626262,0.0746801229896231,0.0875656523224033,0.103179456924725
-0.9151887346681,2.17717509308329,-0.476986350485855,0.509869864656744,0.518831278719431,0.243217268367469,0.319560092867026,0.29776992800682,0.349148032221845,0.411404510736106
1.47211122017617,-3.47356986040912,0.0628903174725254,-0.583465670226536,-0.593720595698123,-0.278323816204021,-0.36568614206654,-0.340750733983408,-0.399544873603662,-0.470787597444032
0.766324676410175,-3.74882005410366,0.435016476448452,-0.34652673795844,-0.352617252024668,-0.165299603810242,-0.217185058853119,-0.202375643211998,-0.237294135341568,-0.279605979817511
0.0180444080109645,-3.02777951276403,0.829324498421138,-0.143868194428273,-0.146396805256432,-0.0686277650030589,-0.0901691524818032,-0.0840206979602897,-0.0985178777289734,-0.11608457028363
-1.59066125254963,3.5523577460586,0.53229006943723,0.437240061442304,0.444924942442316,0.208571521355582,0.274039484043154,0.255353278635175,0.299412688694427,0.352800873362063
-2.13538576900971,2.83569539818642,0.502134920064928,0.751568935306462,0.764778424418881,0.358512153994718,0.471044584924025,0.438924994927934,0.514658411941992,0.606426995489076
1.24777575206887,2.56045743906979,-1.26986884414125,-0.311617740561658,-0.317094698107152,-0.148647372374661,-0.195305902575623,-0.181988382928184,-0.21338919686059,-0.251438559089519
1.01824280632091,1.6946421354386,-0.73796376813709,-0.336158118893227,-0.342066395304041,-0.16035358252012,-0.210686544033827,-0.196320249146579,-0.230193925671569,-0.271239733939449
-0.00475926250549147,-2.61327300248273,0.909506569469858,-0.179572504402908,-0.18272865007414,-0.0856593751116939,-0.11254676959971,-0.104872430034782,-0.122967429337353,-0.144893713938696
2.08598991346859,2.74227296617257,-0.937391546063636,-0.847773892288115,-0.862674268652668,-0.404403681347958,-0.531340882309678,-0.495109808152014,-0.580537519040712,-0.684052985964255
-1.5931787767877,-0.281344039053143,-0.0802168672157393,0.829521373409485,0.844100945602824,0.395696895381161,0.51990114634521,0.48445012494816,0.568038582564331,0.669325367959179
-0.278154650584084,-3.19588570876053,0.981006268253371,-0.040389715419406,-0.0410996004093554,-0.0192666343618106,-0.025314187217139,-0.0235880633203322,-0.02765801754175,-0.0325897101647259
0.649507144511964,1.71580080922658,0.0250940272484115,-0.412466830478197,-0.419716300021818,-0.196754236237578,-0.258512902583322,-0.240885423772553,-0.282448507356276,-0.332811814053758
1.71181359288957,-1.65588807127387,0.53519379729222,-0.949035812765434,-0.96571595699054,-0.452707472953131,-0.594806623187324,-0.55424794684288,-0.649879527118524,-0.765759346229764
1.10422339688021,-1.62635450165922,-0.192528243846631,-0.403648297698434,-0.410742773724801,-0.192547634509612,-0.252985901775088,-0.235735298117012,-0.276409763785481,-0.325696303969413
-1.20064885535934,1.68220442144739,0.623974587880284,0.302903660737973,0.308227460619348,0.144490596620755,0.189844367484542,0.176899259013219,0.20742198045114,0.244407330152716
-2.07636867199489,-2.30469281484941,1.34813431928159,0.683189813141135,0.695197478671807,0.325894059733327,0.428188083404705,0.398990792701555,0.46783384433364,0.551253153595264
0.600107295322455,2.78271489779654,-1.07139304137746,-0.068653060353088,-0.0698596986408966,-0.0327487677966342,-0.04302819182461,-0.0400941853124609,-0.0470121546493543,-0.0553948775225481
-0.80146045547057,-2.52059414320919,1.10658160186082,0.143883452659041,0.146412331664108,0.0686350434587294,0.0901787155526559,0.0840296089444297,0.0985283262406767,0.11609688186625
-2.557801198412,1.85517196763165,0.948474288764727,0.856963713257338,0.872025608857633,0.408787394345833,0.537100587375466,0.500476770426286,0.586830512861862,0.691468081583097
-1.99372728135624,-2.76244939369966,1.15579578840372,0.729244339255564,0.742061453837025,0.347862912599442,0.457052681338889,0.425887171319095,0.499371003680345,0.588413694150147
1.17687759783882,-2.56609838100073,0.679950897765706,-0.689376178380591,-0.701492574754752,-0.328845069312363,-0.432065377568306,-0.402603701915589,-0.472070135590853,-0.556244816646946
-0.801979994337888,3.64058487152664,-0.342731900076795,0.338189704734404,0.344133688064157,0.161322686193422,0.211959837093637,0.197506718894255,0.231585112419219,0.272878982769286
2.0461165236464,1.03917693723483,-1.16743161833557,-0.668530228233875,-0.680280238587319,-0.318901169108294,-0.419000212853638,-0.3904294247035,-0.457795272575717,-0.539424607186807
1.55932691673225,2.95383723801531,0.266562063068763,-1.00402563650063,-1.02167227553919,-0.478938626515987,-0.629271404100374,-0.586362643140456,-0.687535388114145,-0.810129612247494
2.43045885289804,-1.19658460034427,0.140735678989689,-1.19363005101758,-1.21460915542501,-0.569383406578194,-0.748105656742126,-0.697093825299059,-0.817372455997607,-0.963117887873995
1.29359886472071,2.43367737972325,-1.23652312384449,-0.339491871725597,-0.345458741792526,-0.16194384370931,-0.212775968097799,-0.198267199554318,-0.232476808661956,-0.273929677095512
1.08276558200502,1.51615637092308,-0.577581186497034,-0.413743117226341,-0.421015018638965,-0.197363048403298,-0.259312813188034,-0.241630790069827,-0.283322481359359,-0.333841626093214
0.706899003691407,-2.48816220642415,-0.905545281344482,0.0754384702948634,0.0767643681669079,0.0359855326756552,0.0472809362628294,0.0440569435963213,0.0516586589697939,0.0608698986029162
-0.457655073608116,-1.97181207954546,0.483821932496161,0.157762687630597,0.160535506472228,0.0752556928651905,0.0988775030744868,0.0921352435087557,0.108032530970105,0.127295778425293
-2.83326407106224,1.03010747906972,0.487154256100393,1.18888027577659,1.20977589868101,0.567117676752696,0.745128742979763,0.694319901343948,0.814119910997703,0.959285382572971
-2.10974977895292,-1.04833910200305,1.49065321350565,0.591244030994788,0.601635668040063,0.28203423682224,0.370561216790027,0.345293387092615,0.404871329518006,0.477063812078419
0.246161084999347,3.25214944995766,-0.918882242441276,0.0325359314317158,0.0331077792181526,0.015520235485854,0.0203918411158383,0.0190013621742073,0.0222799134118981,0.0262526379373684
-2.32102692124113,-1.41633987687958,-0.114343528373541,1.25595269401462,1.27802717402294,0.599112449296544,0.787166269977739,0.733490973286841,0.860049675566032,1.0134048693712
-0.582429398308371,-3.36047121074895,0.919472820362972,0.138976724074882,0.141419362983046,0.0662944440125093,0.0871034315425233,0.0811640224123881,0.0951683029316713,0.112137733831799
2.65638924370014,-2.10882579923786,-0.795987921841485,-0.945140102851958,-0.961751776527962,-0.450849147938873,-0.592364993453879,-0.551972806967233,-0.647211827878615,-0.76261597035678
-1.64694022550192,-2.65928783941707,1.13328437635914,0.560179102386046,0.57002474582121,0.267215696637804,0.351091324256174,0.327151107666884,0.38359872753327,0.451998098959768
-1.28767309389767,2.82290439412851,-0.483666622197273,0.665575812438247,0.677273896319677,0.317491858636655,0.417148537648918,0.38870401153487,0.455772151515007,0.537040744030412
1.72115588912125,1.06511067507348,0.47782865254525,-1.06489310510077,-1.08360954376249,-0.5079735243822,-0.667419989193819,-0.62190995236459,-0.729216135224725,-0.859242440588591
0.696045367771244,-3.87499935631395,-0.135647518403438,-0.112807726252928,-0.11479042186704,-0.0538113525270875,-0.0707020555171912,-0.065881023479514,-0.0772483301541002,-0.0910224562057274
-1.69470358998717,-1.11991802631618,1.09558840310089,0.522674531179852,0.53186099858772,0.249325328933479,0.327585396394251,0.305248002105795,0.357916395346836,0.421736357999966
1.9880870079192,0.133821780374446,-1.19530694374827,-0.586914121033097,-0.597229656079194,-0.279968790428642,-0.367847452895792,-0.342764669341396,-0.401906299325763,-0.473570088262206
1.52045193804458,-1.10338820953735,-0.953495072484146,-0.377683704532132,-0.384321829857151,-0.180162047790475,-0.236712636029006,-0.220571673879166,-0.258629762965942,-0.304745956658269
1.95297729070699,-1.71122957024471,0.278793942455776,-0.979145245846744,-0.996354590002533,-0.467070224262349,-0.613677660482526,-0.57183220577331,-0.670497826101015,-0.790054087778565
-0.285780298182279,4.12585358006761,-0.257027548914517,0.0303200745246228,0.0308529766650731,0.014463231137501,0.019003056470785,0.0177072759819537,0.0207625417599815,0.024464704211696
1.42916270567649,-2.56818289333968,-0.978723500791313,-0.253637464183037,-0.258095367063578,-0.120989718103423,-0.158966860423208,-0.148127227523951,-0.173685537537828,-0.204655352453156
-2.22013736734795,2.61111636024814,1.01365042524617,0.631445206239585,0.642543414514398,0.301210934065926,0.395757236765123,0.368771340759266,0.432400238760713,0.509501392682907
-0.0766528406040272,-2.36136855362779,-0.590081266783001,0.35073487024759,0.356899345962638,0.167306960022567,0.219822498792863,0.204833241386832,0.240175774775338,0.283001443494691
-2.40076953220033,2.07231557792095,-0.0157748436041894,1.09465848144067,1.11389807293139,0.522172154321223,0.686075389496414,0.639293278158508,0.749598831472946,0.883259569151853
-1.52850115317934,0.369691252799258,0.234440638819163,0.659900884318849,0.671499226316754,0.314784813935531,0.41359178585291,0.385389787544216,0.45188608151316,0.5324617500787
-1.91277456867861,1.14488840583333,-0.478878626946928,1.05404478941715,1.0725705593309,0.502798679015071,0.660620825313754,0.615574409897727,0.721787439519387,0.850489136431001
1.57172205917107,2.02321481207577,0.386726222603804,-1.00610061085921,-1.02378371940829,-0.479928427307147,-0.630571890841575,-0.58757445228667,-0.688956286395114,-0.811803870465041
1.02011803328736,1.98521416271513,0.477881818313791,-0.761941600145333,-0.775333398021218,-0.36346010519301,-0.477545635425254,-0.4449827517722,-0.52176139207169,-0.614796505826656
2.37479974991308,-1.30366355855923,0.29765276947229,-1.21396033043136,-1.23529675749005,-0.579081322393428,-0.760847625679343,-0.708966944808631,-0.831294198669375,-0.97952201221067
1.30550773033156,-0.941271132766742,-0.277028455734624,-0.507648675852688,-0.51657105055658,-0.242157720606562,-0.318167966464386,-0.296472727924759,-0.347627009400362,-0.409612274801942
-0.402772819940572,-2.4945654220398,0.868173300144433,0.0257852694618284,0.0262384683903843,0.0123000460261504,0.0161608749114257,0.0150588971098619,0.0176572037630982,0.0208056543492404
-1.27655362608592,-2.25533851111727,0.99256281824136,0.404939174335594,0.412056338661175,0.19316340631974,0.253794956568567,0.236489185079074,0.277293728634058,0.326737888318959
-1.68529327301018,2.97715260376347,1.07975093137856,0.326692209623438,0.332434114302313,0.155838170343795,0.204753801083111,0.190792048095352,0.223711872457927,0.263601867805839
2.975833701548,-1.15147573375647,-1.02397726124217,-1.07222702504779,-1.09107236384248,-0.511471938584697,-0.672016511368998,-0.62619304686774,-0.73423824752332,-0.865160044190471
2.44064812081327,-2.56228017841462,-0.376188658627234,-0.958417564816253,-0.975262601635702,-0.457182740593899,-0.600686620740491,-0.559726999099932,-0.656303951259657,-0.773329307468624
1.02650297966703,-2.30626020456645,0.705497795829421,-0.636021133900904,-0.647199768153671,-0.303393735410309,-0.398625191844971,-0.371443735706931,-0.43553373663789,-0.513193623605274
2.05562309575324,-2.33295655194899,-1.42985001583205,-0.422675692638135,-0.430104591968188,-0.201624050556476,-0.264911290026935,-0.246847517948177,-0.289439318897503,-0.341049155056268
1.74560199585074,-1.65386371653867,-1.09937114010042,-0.413447777830203,-0.420714488391589,-0.1972221660995,-0.259127709710854,-0.241458308429272,-0.283120239226322,-0.333603322227479
-0.155697840402682,-1.95429749671102,0.293634676253406,0.0716751501308716,0.0729349043208164,0.0341903599978298,0.0449222815855163,0.0418591208733547,0.0490816174128014,0.0578333455564781
2.8044979899373,-1.2043969747675,-1.35159400424248,-0.874123939935762,-0.889487441705267,-0.416973136917817,-0.54785573101328,-0.51049854228773,-0.5985814708858,-0.705314349327338
2.82106794976092,1.1050253149648,-0.923147746904396,-1.13798746323256,-1.15798859992072,-0.542840872602232,-0.713231757042416,-0.664597907208246,-0.779269596072846,-0.9182209186852
-1.82544493852245,2.27253511488486,1.21093439448639,0.385581758636775,0.392358699251788,0.18392956432343,0.241662728352756,0.225184229288216,0.264038182329723,0.311118749619618
0.27408268663023,-2.97209974531153,-0.862106155733989,0.298309412147663,0.303552464044546,0.142299055857528,0.186964929792805,0.17421616443005,0.204275936791697,0.240700316413497
2.52265933211014,1.0033727739439,-1.35899845260691,-0.838042812324507,-0.852772156347524,-0.399761777891656,-0.525241944065974,-0.489426744333086,-0.573873882579329,-0.676201158529705
-1.77380144032803,-2.25216586391054,-0.249620945154561,1.0708202206308,1.08964083359296,0.510800867099314,0.671134799031593,0.62537145673464,0.733274897798301,0.864024919871519
2.16988151848553,1.7550107390741,-1.32424113743243,-0.71118333327576,-0.723683009694676,-0.339247481794693,-0.445732975766441,-0.415339333874421,-0.487003211161285,-0.573840604341191
1.10019328841989,1.40961975789521,-0.25088812661023,-0.527667721864552,-0.536941949017251,-0.251707172386,-0.330714870382638,-0.308164083509641,-0.361335626062197,-0.425765270695235
1.72767901711163,-0.421200203588841,0.125571618271113,-0.877726087193886,-0.893152899889046,-0.418691427166189,-0.55011337083889,-0.512602238160095,-0.60104814466695,-0.708220854953683
2.38336333567888,-2.23124847149613,-1.11153946437082,-0.697423568461465,-0.709681404837551,-0.332683821842433,-0.437109065967722,-0.407303471270732,-0.477580817052975,-0.562738106030019
2.12956620048932,-2.90237335856018,-0.298095632773097,-0.814443401333527,-0.828757964824912,-0.388504426410075,-0.51045105232939,-0.475644413979991,-0.557713508177437,-0.657159232725872
-1.75353467788934,-3.01008250334864,1.0223822499577,0.66728212634335,0.679010200201605,0.318305801636122,0.418217967061739,0.389700518690714,0.4569405989633,0.538417536984755
-1.11228897146538,3.27226252432935,-0.495791373994579,0.561256373750149,0.57112095118283,0.267729574818551,0.351766502298688,0.327780246666399,0.384336420036824,0.452867329187323
-0.844661930208037,3.37251870055727,0.825842513316276,-0.0227375956766613,-0.0231372290415115,-0.010846249784628,-0.014250750416282,-0.0132790201912516,-0.015570221615876,-0.0183465430555889
1.13637631763864,-1.3408757011343,0.00707007835119897,-0.500729871345081,-0.509530641937201,-0.238857324075299,-0.313831617203054,-0.292432065663791,-0.342889159320156,-0.404029620127407
1.10409277000885,1.98477715829665,0.346583442989877,-0.75912948457755,-0.772471857033849,-0.362118674537582,-0.475783146652558,-0.443340443590819,-0.519835715178562,-0.612527462077472
0.583656439222515,2.79068431314384,0.622087506827392,-0.633217071432736,-0.644346421806269,-0.302056146230962,-0.396867750339116,-0.369806130629339,-0.433613574335992,-0.510931077752389
-0.618143908476287,1.9141171210958,-0.516243885830838,0.388675282324199,0.395506594355522,0.185405231808489,0.24360158919817,0.226990883082732,0.266156561514229,0.313614856346639
-0.772650825329543,-3.35977129043639,1.02359946311825,0.197945862857027,0.201424936561945,0.09442380377028,0.124062241567895,0.115602684955437,0.13554911418331,0.159718835149741
-2.37462821177181,-0.269772460946142,1.35852471081411,0.729685682703404,0.742510554286511,0.3480734415113,0.457329292613557,0.426144921023086,0.499673226280715,0.588769805969674
-2.78491486046868,0.531801227934568,0.0582631398965081,1.33380719612711,1.35725003790466,0.636250473420911,0.835961450179129,0.778958907550129,0.913362781706339,1.07622421911205
-1.82846405655039,-0.354530359418807,-0.157788976888899,0.975758710676095,0.992908533479466,0.465454784930609,0.611555155175493,0.569854429866441,0.668178798888692,0.787321555535441
-1.07632142038645,1.96207565273278,-0.449758199044498,0.590782674761435,0.601166203062648,0.281814161444975,0.370272062535197,0.345023949689242,0.40455540258803,0.476691552314479
1.23902218972115,3.39788340670042,-0.681978152041984,-0.546165946434563,-0.555765296253432,-0.260531164469931,-0.342308601982068,-0.318967261693499,-0.374002816566906,-0.440691144052814
-1.30969000468059,-1.40749715048251,-0.167986369262164,0.772866359342307,0.78645016952856,0.368671415516772,0.484392710150656,0.45136293813949,0.529242434668096,0.623611490833403
-0.183613242815053,4.00668080343696,-0.0442291208568739,-0.0864671843814165,-0.0879869216630035,-0.0412464313866294,-0.0541931645430307,-0.050497840827562,-0.0592108876622068,-0.0697687628766095
1.41363810716096,0.996825118804196,-0.65150823648311,-0.527669426137978,-0.536943683244791,-0.251707985355654,-0.330715938533184,-0.308165078825134,-0.361336793112368,-0.425766645841765
2.35102658745782,-2.70166187265247,-0.518883173295661,-0.859123235243267,-0.874223086353458,-0.409817525904502,-0.538454064202022,-0.501737956369708,-0.58830930755869,-0.693210559708654
0.998399015734944,1.62537444476193,-0.540011230862949,-0.389906719573349,-0.396759675204043,-0.185992649941361,-0.244373390453699,-0.227710056751235,-0.266999823534892,-0.314608480159511
-0.769524518280045,3.45124036901194,0.99155533597889,-0.119727058914079,-0.12183136792273,-0.0571120009972687,-0.0750387357978813,-0.0699219941882909,-0.0819865419026125,-0.096605537037534
0.209840993060039,3.33158695928073,-0.692816165023808,-0.0296936290165821,-0.0302155208228777,-0.0141644051510911,-0.018610432786582,-0.0173414245230622,-0.0203335652081433,-0.0239592369825005
2.66219663677438,0.719861835030353,-1.28173953429913,-0.919639267956082,-0.935802741892728,-0.438684782412701,-0.576382387435383,-0.537080022950333,-0.62974939885292,-0.742039820968616
-2.21118347654365,2.89207194675183,0.158781295533287,0.902435498626471,0.918296601093281,0.430478269198219,0.565599953513083,0.527032821674429,0.617968623748127,0.72815841946898
0.0868407800232371,-3.73159961488173,-0.313141073185803,0.241958343584856,0.246210975585858,0.115418563568263,0.151646990939506,0.141306485329186,0.165687924308261,0.195231687262123
1.12147644479138,-3.38099361698738,0.499047770555559,-0.561686824448452,-0.571558967433068,-0.26793490768928,-0.352036286560633,-0.328031634878037,-0.384631183514133,-0.453214651849843
-0.962959377373199,2.3276884275144,-0.622526820262621,0.575486342204174,0.585601023924743,0.274517530523039,0.360685111449523,0.336090713661633,0.394080799590706,0.464349226070088
-1.01561853440638,2.37345754509488,-0.664398445244089,0.613515768650168,0.624298851193325,0.29265826379427,0.384519991463354,0.358300340784012,0.42012254147534,0.495034462961117
-0.276213816323801,1.93412430187603,-0.413769366078786,0.183766668370533,0.186996530184973,0.0876600681786937,0.115175454917082,0.107321870547469,0.125839503561818,0.148277906837033
-0.0925386301205177,1.99989528331379,-0.256547015910042,0.0365228941980951,0.037164816383273,0.0174220897830763,0.0228906634236428,0.0213297947767301,0.025010100663424,0.0294696440401503
-0.879391026496115,-2.78407989060232,1.18953257972908,0.167087153502451,0.170023858083137,0.0797036339488721,0.104721596609905,0.0975808399713612,0.114417726755051,0.134819516511811
2.15427850327221,1.56155790569631,-1.40881318839347,-0.665588691880675,-0.677287002129703,-0.317498002366698,-0.41715660981812,-0.388711533278967,-0.455780971083081,-0.537051136212963
-2.21213296438957,2.37681496768291,1.2091213229536,0.572667754427424,0.582732896973607,0.273173012505336,0.358918566230581,0.334444625634978,0.392150690666619,0.462074960015864
0.188150769116752,2.10762347488434,0.490393655606455,-0.36007501246895,-0.366403649448767,-0.171762379012219,-0.22567641745436,-0.210287993019781,-0.246571705390801,-0.290537830536061
2.07342165322884,-1.1187435509894,0.360754977722198,-1.0949276215758,-1.11417194344255,-0.522300539097437,-0.686244072630162,-0.639450459126072,-0.749783132909613,-0.883476733321153
-1.57934323582009,-2.62188301678962,-0.116161856645329,0.947173044118158,0.963820448535896,0.451818898174749,0.593639136024077,0.553160068298879,0.648603942792475,0.764256312853859
1.80709481389668,0.14482846245863,-1.06854253448774,-0.540660495656797,-0.550163082306391,-0.257904963566292,-0.338858069829119,-0.315752014440469,-0.370232801041777,-0.43624889821596
1.34558570715308,0.984191625650122,-0.777126205439432,-0.450911212284922,-0.458836375858795,-0.215092910819577,-0.282607855181949,-0.263337389649301,-0.308774401840822,-0.363831870707617
-0.271511294260808,1.88742509610325,0.307782724442936,-0.0601754287169493,-0.0612330651267719,-0.0287047821608968,-0.0377148502433014,-0.0351431498876456,-0.0412068529266253,-0.0485544342305827
-0.323632554047335,2.07977750433681,-0.471750321123936,0.219850641226181,0.223714710794798,0.104872784438567,0.137791025116597,0.128395330157913,0.150549040231096,0.177393393409449
-2.90285240552575,0.128595428539794,1.23156194861632,1.01503531757554,1.03287546150161,0.48419044613164,0.63617170347206,0.592792424871642,0.695074583405242,0.819013119138081
2.79803699817614,-0.218054653528945,-0.0674945478906318,-1.35224616724708,-1.37601309025897,-0.645046200523401,-0.847518044776918,-0.789727481030358,-0.925989396709491,-1.09110228196284
1.66808877065716,-3.56780315125896,-0.394705071309179,-0.521337094881292,-0.530500055662696,-0.248687347311697,-0.326747160410136,-0.304466923760237,-0.357000547433018,-0.420657205525599
0.3051322976599,3.1669373137309,-1.12923808897804,0.0785169591911595,0.0798969642297565,0.0374540282898464,0.0492103740778153,0.0458548168980451,0.0537667426493072,0.0633538740366082
1.05379672879171,2.92529939176613,0.464131358711659,-0.819099090653841,-0.833495482004918,-0.390725275527362,-0.513368997896856,-0.478363390663708,-0.5609016251412,-0.660915821847397
0.219121640843667,2.34871958094985,0.714983016653116,-0.462886678868654,-0.471022321865002,-0.220805427820129,-0.290113459021077,-0.270331201344539,-0.316974946494434,-0.373494651962661
1.53316779873891,0.0681320525803324,0.173055677851272,-0.820946062768992,-0.835374916289406,-0.391606315070462,-0.514526584609767,-0.47944204384932,-0.562166392338233,-0.662406109295329
0.413411158062708,2.01245894451565,0.339439715927103,-0.416034263152145,-0.423346433481884,-0.198455966993183,-0.260748785100817,-0.242968845924215,-0.284891409328981,-0.335690309127785
-3.00165674872554,0.953717785916884,0.602837780051995,1.23683515515073,1.25857362749613,0.589993032946032,0.775184384170767,0.722326108356061,0.846958391813177,0.997979282828501
-1.1154484748182,-3.2230704240652,-0.462106360614843,0.863237402326592,0.878409563563959,0.411780058991816,0.541032611604706,0.504140677772029,0.591126601619287,0.69653020460891
2.22079361338699,-0.392292399173562,0.39236897043183,-1.21345951218946,-1.23478713692437,-0.578842422914979,-0.760533738676042,-0.708674461133536,-0.83095124899578,-0.979117911285986
0.544862698049226,1.92534381403895,-0.551184493063256,-0.175949453262262,-0.179041920603606,-0.0839311133283133,-0.110276028300366,-0.102756526052025,-0.12048644102233,-0.141970341358335
-2.59114430378961,-1.35568917103439,1.42075626175411,0.867995905923435,0.883251702072386,0.414049952402991,0.544014995849633,0.506919699188418,0.594385123611515,0.700369752657926
0.371482397821069,-2.07537323339529,-0.400088446472816,0.0508898253902191,0.0517842591046073,0.0242753792233617,0.0318951137436478,0.0297202496031548,0.0348482693855032,0.0410620536089219
1.26282581255864,2.7014951045381,-1.16197137149795,-0.362305487731094,-0.368673327287424,-0.1728263565838,-0.22707436412922,-0.211590616501318,-0.248099087381147,-0.292337559540538
0.850779464756809,-2.91544408979875,-0.955652366454663,0.0416374628883034,0.0423692781441688,0.0198618327683726,0.0260962108758698,0.0243167623467679,0.0285124484537801,0.0335964943905587
2.96801520481263,0.562134585779573,-1.32144315427327,-1.05008392364708,-1.06854007783989,-0.50090927346329,-0.658138359255142,-0.613261218244413,-0.719075122935531,-0.847293187509158
2.6657194656949,1.66784021075475,-0.760727954639926,-1.14297097894557,-1.16305970533237,-0.545218100915971,-0.716355167258325,-0.667508338316156,-0.782682201573496,-0.922242024825756
-0.20790663295837,2.20897399335323,-0.469629013369724,0.155626969129214,0.158362250828255,0.0742369160048283,0.0975389450424303,0.0908879590770158,0.106570036392905,0.125572506888696
-0.570303802981975,2.0802033592504,0.532260486129949,0.00266135731527852,0.00270813302516877,0.00126951620646886,0.00166800128773113,0.00155426360941026,0.00182244085026336,0.0021473997191876
2.15794909947817,-1.45206330698905,-1.42339529565381,-0.517812851237051,-0.526913870317752,-0.247006218514665,-0.324538346545449,-0.30240872450398,-0.354587220388704,-0.41781355887637
1.77407587405728,-1.32609108463348,-1.28025332099658,-0.382150905641637,-0.388867545979248,-0.182292984577323,-0.239512446922655,-0.223180571256667,-0.261688807214366,-0.30835045814818
-0.791137163661497,-3.47980177557768,0.871208207025558,0.2643638406864,0.269010269125915,0.12610639624714,0.165689599124089,0.154391556092046,0.181030731887647,0.213310266154142
-2.12419521681399,3.15819988333,0.580784046101912,0.703965982550997,0.716338807644185,0.335804673247245,0.44120951315817,0.411124317152146,0.482060922985257,0.568017058276685
-2.06467257025697,-1.89999000958595,-0.259659694923143,1.20133987140813,1.22245448273145,0.573061132180303,0.75293777389745,0.701596450030927,0.822651976919979,0.96933879855239
0.513429506634136,2.63774854651732,-0.886232173903443,-0.0813501036674946,-0.0827799037273543,-0.038805490119991,-0.0509860426841034,-0.0475094062064741,-0.0557068196914727,-0.0656398856209876
-0.36016641723106,-1.96022297680478,0.273835986858995,0.179898917767966,0.183060800442937,0.0858150802680702,0.112751348635423,0.10506305923441,0.123190950262987,0.145157090812008
-2.25543920157437,0.665429983167296,1.2493334359661,0.662674942306935,0.674322040828785,0.316108090428072,0.415330422100588,0.387009869656649,0.453785697385657,0.534700085874659
2.04631707461028,2.64936612725573,-0.627622619876212,-0.928358222975516,-0.94467494026216,-0.442843883724314,-0.581846978047321,-0.542171994036287,-0.635719953692664,-0.749074983610196
-0.751925819142429,-1.70809454969794,0.442414664517878,0.304813369484323,0.310170734186844,0.145401562686532,0.191041274277109,0.178014551120741,0.208729708358052,0.245948238621525
-2.0255733417934,0.580834614323304,-0.461951221356264,1.13125611842805,1.1511389457746,0.539629897784382,0.709012897839395,0.660666723593033,0.774660114407785,0.912789521758533
1.37762970538384,3.41493589429051,-0.583066625294586,-0.649047879955323,-0.660455470797556,-0.30960773198217,-0.406789683350481,-0.379051506833783,-0.444454175099607,-0.523704662712497
2.83984027126778,0.507883409991896,-0.311249553381974,-1.32541470457293,-1.34871004088478,-0.632247101164388,-0.83070147000312,-0.7740575949229,-0.907615782099778,-1.0694524737687
1.02419312020376,1.62254649406694,0.577277999464663,-0.780141929005769,-0.793853613767115,-0.372141995564792,-0.488952661382293,-0.455611955398739,-0.534224589934324,-0.629482012676732
0.274043605889132,2.12886866612352,0.329807583962861,-0.349355474104867,-0.355495705712058,-0.166648962786241,-0.218957964545941,-0.204027658004515,-0.239231193653231,-0.281888434402478
1.80521181258926,3.06080643421796,-0.844268322739394,-0.755501667008953,-0.768780277361175,-0.360388139080728,-0.473509418002394,-0.44122175595873,-0.517351462915118,-0.609600243555049
-1.57557364754965,0.435778596439108,0.597344835360767,0.557390808846912,0.567187445555723,0.265885629526559,0.349343765900462,0.325522711827156,0.381689363458378,0.449748276762434
-1.02223341716496,1.26814030954437,0.126008184973118,0.402725449133349,0.409803705279543,0.192107418833661,0.252407507965995,0.235196343827232,0.275777816728255,0.324951674626281
2.89158400746575,-1.5461446744499,-0.917700065869086,-1.04748025931917,-1.0658906518074,-0.499667277868973,-0.656506516951656,-0.611740648010289,-0.717292189015194,-0.845192339188453
-0.754797034774567,4.03329076525108,0.0147269622052192,0.175167849852083,0.17824657982184,0.0835582741794485,0.10978615965808,0.102300060574632,0.119951215641192,0.141339680103682
0.646045171755562,-2.63600847814653,0.699311585194171,-0.429707256272724,-0.43725974155599,-0.204978235257524,-0.269318310884272,-0.250954032850086,-0.294254384028117,-0.346722792973162
0.967369338909334,-1.73566112847058,0.329072108553845,-0.506913860620754,-0.515823320296697,-0.241807200276073,-0.317707422235291,-0.296043587287356,-0.347123823567936,-0.409019366058103
1.42280575580453,1.07567286110872,-0.731222653256435,-0.509053797637616,-0.518000868600291,-0.242827989445619,-0.319048624214934,-0.297293335381174,-0.348589206894756,-0.410746041436379
2.63257813990939,1.74287816098182,-0.991489397347929,-1.0521742774735,-1.07066717148459,-0.501906410542428,-0.659448485052333,-0.61448200917863,-0.720506552748773,-0.848979855133267
-2.60282404706822,-1.12971732032635,0.151217206820427,1.29198449774433,1.31469226858827,0.616300279927389,0.809749143264009,0.754533965521288,0.884723487928134,1.04247826164619
0.437211376439995,-2.62249029511246,-0.824033062964179,0.187882070278661,0.191184263923417,0.0896231903000671,0.117754776244166,0.109725313101831,0.128657643204161,0.151598548094456
-0.215905110013201,1.89010741936775,0.0109130208996962,0.012490780435711,0.012710316955144,0.00595833115062934,0.00782857594202913,0.00729476097512573,0.00855342061249221,0.0100785784178975
1.90923293006377,-1.48445451545515,-1.2103516240134,-0.465099476869378,-0.473274011748727,-0.221860973014093,-0.291500326501632,-0.271623501099915,-0.318490223472369,-0.375280117513677
0.0263500453492105,-2.16399672632979,-0.455678512214985,0.244832931150398,0.249136086571629,0.116789794511368,0.153448633933287,0.142985277883472,0.167656380695919,0.197551138504384
0.969887512628875,1.62119230261497,0.513964567882885,-0.731788661422837,-0.744650494717896,-0.349076600895743,-0.458647331041524,-0.42737308504158,-0.501113301352006,-0.590466660385143
-0.00130963273241458,-3.76200787915761,-0.478357836550432,0.342904672726389,0.348931525790945,0.163571812323327,0.214914935470354,0.200260315011321,0.234813822155769,0.27668340274846
0.964210271016309,1.52129997192539,-0.2582908870185,-0.46319127970486,-0.471332276330451,-0.220950728000548,-0.290304367090474,-0.270509091773755,-0.317183530664526,-0.373740428712133
-1.24226010008956,-1.98942145433961,1.0767600342947,0.346737539473309,0.352831758562702,0.16540015999559,0.217317178353284,0.20249875374717,0.237438487732653,0.279776071639167
-0.700638831351137,1.99899686140005,0.191881868990586,0.186132634496428,0.189404080259209,0.0887886773750374,0.116658320266302,0.108703622268467,0.127459666812132,0.150186960899479
1.3548024685324,-1.24836057318489,0.486959497610209,-0.775513694213194,-0.789144033652469,-0.369934242760317,-0.486051922894598,-0.45290901247837,-0.531055273246868,-0.625747576103014
1.35473597819444,-1.06280175432367,0.420822688838413,-0.762036747554895,-0.775430217730701,-0.363505492250866,-0.477605268906547,-0.445038318965438,-0.521826546992823,-0.614873278501788
-1.8290794237387,-0.837200880599162,0.994538213372048,0.609793731312245,0.620511395755502,0.290882783780951,0.382187210728878,0.356126627711367,0.417573769519055,0.492031220259215
-1.45358633319021,-1.48817308720798,1.05730771607061,0.433893729433902,0.441519795687647,0.206975259668921,0.271942176001446,0.253398981842405,0.297121191752003,0.350100780302819
0.309547351593693,-4.14077015244524,0.3016719194735,-0.0564609056726294,-0.0574532560529119,-0.0269328866033201,-0.0353867790798905,-0.0329738252498158,-0.0386632265986795,-0.0455572546724316
-2.11212460161597,-2.18530644105393,0.395485446067591,1.01712090002766,1.03499769991089,0.485185307177804,0.637478838818312,0.594010429267799,0.696502745882906,0.820695936829007
-1.43561950276414,-2.98510717764537,1.31831501732865,0.408645642984907,0.415827951776907,0.194931459783308,0.256117979653252,0.23865380585659,0.279831839483717,0.329728568935582
-1.19416654296443,-0.811549436565638,0.276200585108893,0.53693690095102,0.546374042128597,0.25612874065997,0.336524313016921,0.313577391846893,0.367682962633129,0.433244398902903
1.35573413897082,1.1876737361897,0.496809236761384,-0.896242756760316,-0.91199501630878,-0.427524217851401,-0.561718662809263,-0.523416188436277,-0.613727965912659,-0.723161611235813
-1.71917031877655,-2.73912585750467,1.25607323104649,0.558280685693231,0.568092962775081,0.26631011708848,0.34990149473945,0.326042410249893,0.3822987321843,0.450466301838934
-0.852548870245432,-1.70912999983415,0.537249640628527,0.322638948129216,0.328309613150539,0.153904690338524,0.202213426157482,0.188424896265071,0.22093628524855,0.260331366492649
-0.183664485754916,3.971939203046,-0.56790791669174,0.0922080494250688,0.0938286874899739,0.0439849292088598,0.0577912421970644,0.053850572748473,0.0631421098665075,0.0744009601061434
-0.0332954475894796,-2.80618640589373,-0.644580480737196,0.369036744872873,0.375522892230059,0.176037289584919,0.231293168389768,0.215521748920474,0.252708509016634,0.297768885733776
3.05339764035629,-0.76752717445521,-1.1527771020073,-1.08553680040109,-1.10461607027562,-0.51782094531839,-0.680358391018624,-0.633966110395245,-0.743352498425451,-0.875899454374903
1.57778001867172,-2.67982538393268,0.238709879805822,-0.733313059361675,-0.746201685299471,-0.349803766645849,-0.459602744923906,-0.428263351158419,-0.502157176618152,-0.591696668729756
0.0625976916785421,-3.9421526369314,-0.387503821495816,0.289201896987166,0.294284876245728,0.137954604238598,0.181256809756263,0.168897269704847,0.198039304236723,0.233351631820912
-0.189918911024444,-2.73386737389111,0.855204405076586,-0.0637447633719321,-0.0648651339968727,-0.0304074201963074,-0.0399519248242588,-0.0372276828183416,-0.0436510573354649,-0.0514344639777324
0.484721916757273,3.37482110071396,0.618888170158508,-0.611186496205529,-0.621928639724264,-0.291547158156265,-0.383060123818063,-0.356940018599418,-0.418527505277031,-0.493155016347611
0.245571749883774,-1.98225935578024,-0.116976448018773,0.0130877441173261,0.0133177728017254,0.00624309376560516,0.00820272194036853,0.00764339470466943,0.00896220863702892,0.0105602573096819
0.744487979807877,2.39344295206384,-0.910674029807794,-0.175777033109097,-0.178866470013672,-0.0838488657558029,-0.110167964255054,-0.102655830678256,-0.120368371370904,-0.141831218743584
-1.28080424548287,3.74123780321306,0.601439103242474,0.25136942531352,0.255787465403908,0.119907822002804,0.157545370819666,0.146802666459045,0.172132432788584,0.202825314072535
-0.37568677573113,2.72414712270802,-0.809934323672407,0.32898694747696,0.334769184204257,0.156932802349019,0.20619202423064,0.192132201677282,0.225283260103207,0.26545344910008
-1.20966389797375,1.15519180689508,-0.583578886469304,0.740770266303534,0.753789959252326,0.353360991004011,0.464276537018823,0.432618446699719,0.507263713227006,0.597713750314758
1.49219610272648,3.01401199535061,-1.10967303471745,-0.508561127468189,-0.517499539316666,-0.242592976747046,-0.318739844002554,-0.297005610275122,-0.348251836847782,-0.410348515039828
1.26155899573709,1.05811472252381,0.00302907826113902,-0.67651244357058,-0.688402748422147,-0.322708832091125,-0.424003053090135,-0.395091131250416,-0.463261323760088,-0.545865308280994
-0.127046155264235,2.59762577910076,0.751626879808029,-0.315804869669565,-0.321355419714383,-0.150644709684668,-0.197930178806324,-0.184433715001018,-0.216256453762837,-0.254817075690392
0.666882379660346,2.0079689805323,0.373901431381916,-0.552978546977253,-0.56269763427923,-0.263780899763833,-0.346578388084358,-0.322945899604374,-0.378667940432179,-0.446188104723343
-0.182270656589076,2.05063746291774,0.401008320423943,-0.143706628142649,-0.146232399300365,-0.068550694924253,-0.0900678910799883,-0.0839263413713371,-0.0984072405750457,-0.115954205452726
1.02883391114425,1.45888130731985,-0.073582868053356,-0.554618894223633,-0.564366812080033,-0.264563375458307,-0.347606473003125,-0.323903881464686,-0.379791215316486,-0.447511670407674
-2.83325255277767,1.46583791360917,1.01700879387532,0.988888574424766,1.00626916620233,0.471717970532171,0.619784275525018,0.577522422925441,0.677169850152872,0.797915798392273
-0.315687115255371,-1.87438930568536,0.0194291509983139,0.239732602131946,0.243946114757321,0.11435684411043,0.15025201117174,0.140006626447271,0.164163783929732,0.193435777880273
-1.55007152683166,0.342400722005219,-0.259303203193242,0.838757423931246,0.853499327885622,0.400102660722713,0.525689825706453,0.489844085818516,0.574363233399197,0.676777765344141
-3.04653941492687,0.668928016097069,1.4245568026158,0.995023415045407,1.01251183207569,0.474644401923888,0.623629276719149,0.581105241163133,0.681370858447672,0.802865887187339
2.01971562554805,2.45104779457373,-0.319723089254533,-1.00972327525164,-1.02747005533317,-0.481656504604542,-0.632842389747116,-0.589690130403974,-0.69143700987319,-0.814726930985459
-1.09548739817114,2.8103882768416,1.10604558874087,0.0337526052053963,0.034345837110058,0.0161006111703988,0.0211543893875781,0.0197119138014162,0.0231130657187567,0.0272343493764695
-1.7329314870713,-3.13332308624841,0.129945690905108,0.964603167313917,0.981556921570993,0.460133386331124,0.604563436856938,0.563339462863892,0.660539720207523,0.77832035507814
2.30059398710142,-1.12957583928952,0.213982473819093,-1.15729504720592,-1.17763553176798,-0.552050943952377,-0.725332753306865,-0.675873760692163,-0.792491018672114,-0.933799849092091
-1.84576297501298,0.603530892627274,1.05304718318054,0.529120789956955,0.538420556067219,0.252400312492298,0.331625578401954,0.30901269216698,0.362330656167552,0.426937724313422
-2.85489030843399,-0.566625804530117,0.628007045382683,1.22863585052705,1.250230212838,0.586081814395338,0.770045483583351,0.717537619141966,0.841343682505196,0.991363416426288
1.48903073385527,-3.45844616970173,-0.540039816701446,-0.388803962628256,-0.395637536329794,-0.18546661467148,-0.243682239365526,-0.227066033876162,-0.266244679047861,-0.313718686090661
1.67466061845954,0.349278579763665,-0.828915563262428,-0.5658806577081,-0.575826511023439,-0.269935443002515,-0.354664764607328,-0.330480882253421,-0.387503031276813,-0.456598577906064
1.39617311811639,-1.59725607370002,-0.769578694256686,-0.354592389756576,-0.36082466479057,-0.169147067514076,-0.222240192753571,-0.207086077622308,-0.242817322039024,-0.286114004240594
1.78283255565092,2.53843596976993,-1.26491167196537,-0.577183860537835,-0.587328377645277,-0.275327277873757,-0.361749028252516,-0.337082084101509,-0.395243224018863,-0.465718922041423
-0.300073702294799,2.14453656763718,0.715058215446804,-0.196016853333831,-0.19946202298937,-0.0935036308802773,-0.12285323804542,-0.114476120969873,-0.134228169515176,-0.158162353243069
1.38745497266547,-2.39478892340753,0.537403053625832,-0.753697418732602,-0.766944317824761,-0.359527479591612,-0.472378608384661,-0.440168053991626,-0.516115952093642,-0.608144429178024
2.1688087032767,-2.72804583555023,-0.932523495199681,-0.627832966645636,-0.638867686613062,-0.299487829588432,-0.393493271584758,-0.36666175084546,-0.429926653962775,-0.506586743738493
-3.00511945459916,-0.487576913481812,1.15256879620377,1.12195071262448,1.14166998922955,0.535191048702534,0.703180750170196,0.655232258431875,0.768287970551965,0.90528116288662
-2.66408116603765,2.20391970669996,0.452796246130184,1.06036892390798,1.07900584608173,0.505815407051515,0.664584466127383,0.61926777795608,0.726118072227924,0.85559196292925
1.76772227739764,-3.40747541663809,-0.59443864513691,-0.510867850173384,-0.519846804714657,-0.243693325746131,-0.320185578636012,-0.298352763149748,-0.349831431464425,-0.412209766687978
0.14724590143886,3.72468510593041,-0.913123620997897,0.0568867836898114,0.0578866192531116,0.0271360382213638,0.0356536974215193,0.0332225429625235,0.0389548588012725,0.0459008877236024
-1.54226570210972,-1.39243238416688,-0.546650679524063,1.0152825014247,1.03312698982566,0.484308357357123,0.636326625539964,0.592936783112974,0.695243849644562,0.819212567188607
-0.816723121594019,1.81409117822194,-0.298723228457818,0.418295666117361,0.425647582605362,0.199534697645853,0.262166115662334,0.244289531543868,0.286439969952185,0.337514993120648
-1.71119294972513,1.3969077390268,0.915362799998278,0.470931401616434,0.479208437733968,0.224642907983437,0.295155475673896,0.275029412946148,0.32248380142362,0.37998578912427
-0.421204230870536,1.99379886890402,0.394274449322715,-0.020387934807732,-0.0207462708035613,-0.00972541849463671,-0.0127781043598485,-0.0119067909298644,-0.0139612238585216,-0.016450645401727
-2.67231072161238,-1.4144718221553,0.309496006290889,1.28657021545801,1.3091828254996,0.613717568064756,0.80635575081202,0.751371961727065,0.881015902645695,1.03810957796944
1.52184869594456,-2.42168225319605,0.608648922318856,-0.843033345125156,-0.85785040217834,-0.402142353484782,-0.528369752229936,-0.49234127350175,-0.577291293232257,-0.680227926627768
2.16357605109588,0.766461000117145,-1.36705524448703,-0.646137436966425,-0.657493874197634,-0.308219397345104,-0.404965568029521,-0.377351774295451,-0.442461165681112,-0.521356280396003
1.26068009335148,-1.72592425595718,0.568211063646481,-0.733441294711239,-0.746332174498781,-0.349864937257393,-0.459683116216771,-0.428338242093253,-0.502244989456417,-0.591800139448274
0.744483174944751,-1.76059828318916,-0.22489631171987,-0.208129851863788,-0.211787918187462,-0.0992817531393338,-0.130445039803967,-0.121550252920464,-0.142522893118595,-0.167936106467569
-0.418447436927065,-2.01036796989025,0.299132742628104,0.202616223855944,0.20617738328829,0.0966516515471072,0.126989382585616,0.118330230070012,0.138747278000338,0.163487262575854
1.15671205830694,-2.92720766814663,-1.04949313052544,-0.077574314348032,-0.0789377515693507,-0.0370043694265196,-0.0486195729842593,-0.0453043013517634,-0.0531212395221835,-0.0625932714449137
-1.28115424241153,-0.652790852540266,0.424598329036951,0.5222378069025,0.531416598494729,0.249117003450585,0.327311680177032,0.304992950051064,0.357617335856109,0.421383973303193
-1.65204765919548,0.049432185464137,-0.179181448139578,0.876239385900356,0.891640068504678,0.417982243406654,0.549181583266494,0.511733987322324,0.600030083261248,0.707021263331049
-0.691445218876299,2.26032320487123,-0.480746819907154,0.396356644749881,0.403322963523186,0.189069382439891,0.248415870371168,0.231476888032307,0.271416595027908,0.319812804822476
-1.8306252323166,-2.59614527357865,1.07696691790557,0.667137650313789,0.678863184877976,0.318236883922623,0.418127416949595,0.38961614300997,0.456841664853008,0.538300961963608
-1.53961761726136,2.29581284284267,-0.414870077100109,0.792384952458728,0.806311819191292,0.377982142094715,0.496625956045893,0.462762023415855,0.542608351837814,0.639360680593273
1.59473316740028,2.40606744555207,0.438326763775889,-1.05331245224638,-1.0718253506863,-0.502449340765165,-0.660161834205387,-0.61514671647685,-0.721285950610507,-0.849898227188624
-1.55397509542425,-0.0614251338603359,0.397169426261325,0.63821451405345,0.649431698903352,0.304440017934875,0.399999889221354,0.372724695213245,0.437035716686645,0.514963421255746
1.50395406107218,-3.20702168586405,0.163113492732275,-0.645900200139149,-0.657252467723184,-0.308106231031333,-0.404816880241105,-0.377213225230532,-0.442298710950688,-0.521164858412436
2.56618240853665,-0.387533746902252,0.171472382923567,-1.3100625295219,-1.33308803777185,-0.624923832349655,-0.821079519726997,-0.765091746229776,-0.897102939351159,-1.0570650892547
2.83194297637021,-1.02349760945631,-0.320017979459136,-1.24502866138671,-1.26691114185476,-0.593901485559541,-0.780319650628295,-0.727111211244332,-0.852569130508659,-1.00459047061952
-0.966745218866316,3.37371034202829,-0.595219186271267,0.51791910579071,0.527021992389217,0.247056903883783,0.324604941410901,0.302470778398486,0.35465998124573,0.417899293699491
-1.42457871173455,3.33818446697011,0.791829585187257,0.277567112639413,0.282445600267272,0.132404598907316,0.173964727944056,0.162102420395725,0.190072051527881,0.223963740725741
-0.347192122239113,-2.74548995419984,0.92155201712474,-0.00773152624930931,-0.00786741466488225,-0.00368807969448116,-0.00484572126634011,-0.00451530120570978,-0.00529438463250856,-0.00623842473212618
1.31537686549805,-1.87367924820833,0.548662614952906,-0.746826505437115,-0.759952642147934,-0.356249928046096,-0.468072274861174,-0.436155360755254,-0.511410896896271,-0.602600417031822
-1.30358837982492,-0.701420630092934,-0.07003359464509,0.702846563068119,0.715199713373305,0.335270689641514,0.440507918852049,0.41047056316131,0.481294368346966,0.567113819516002
-1.97752292746793,0.671275201837626,-0.43259106939508,1.09319862130996,1.11241255446702,0.521475774288192,0.68516042457834,0.63844070287184,0.748599150324303,0.882081635164277
2.57980991093101,-2.22988974923356,-0.353091046268809,-1.05108936353489,-1.06956318922345,-0.501388886713596,-0.658768517038908,-0.61384840682676,-0.719763626772844,-0.848104458254485
-1.0433144799273,1.49202162533881,-0.219070409844533,0.519039683409919,0.5281622651517,0.247591439941765,0.325307261577048,0.303125208754402,0.355427328951134,0.418803466938839
0.251525120539772,-2.10456492441729,0.500231339100186,-0.192580221747248,-0.195964989561527,-0.0918642946401629,-0.120699334892706,-0.112469088173747,-0.131874837343378,-0.155389399133671
1.37288695284222,3.5060426101076,-0.819099152142837,-0.571303453330077,-0.581344617077184,-0.272522215882259,-0.358063492778338,-0.333647857934635,-0.391216446310332,-0.460974130835013
-2.07708923492089,2.28851076482382,1.16933901428613,0.523480922718456,0.532681563171203,0.249709992473824,0.328090800954957,0.305718944138341,0.358468595110776,0.422387020334412
-0.447451581101557,3.23837502811022,-0.863905155055983,0.358078291258989,0.364371834096614,0.170809906406871,0.224424975744397,0.209121884622024,0.245204393200615,0.288926713328706
1.42431100216283,-3.12768898145951,-0.861356327228854,-0.264041922079812,-0.268682692514946,-0.125952835172916,-0.1654878371708,-0.154203551883615,-0.180810288876956,-0.213050516017841
-0.909502441173879,2.71728066402293,1.07246729419988,-0.0425252816507703,-0.04327270110703,-0.0202853385865836,-0.0266526498142135,-0.024835258824611,-0.0291204078476808,-0.0343128588374769
1.61706937592475,0.764259191176204,-1.12033116308237,-0.45879681827336,-0.466860578350569,-0.218854489373001,-0.287550145669492,-0.267942675213781,-0.314174296999548,-0.370194619515522
-0.514926168279988,3.82973589011808,0.638757113428654,-0.144736124594202,-0.147279990063071,-0.0690417835962798,-0.0907131262752201,-0.084527579266557,-0.0991122178352357,-0.116784886991909
-2.74279324650682,0.348556045270376,0.186080791661527,1.27854883334773,1.30102046050049,0.609891221813235,0.801328362865083,0.746687381329084,0.875523030888334,1.03163727393412
-1.54459942698119,-1.02764278021646,-0.377112529923126,0.94162982263513,0.958179800030026,0.449174679952585,0.590164931144188,0.549922762514905,0.644808062692222,0.759783590537426
-0.0942960457427498,2.13866439209858,-0.365498228328224,0.067552759249613,0.0687400587718555,0.0322239040082065,0.042338579931103,0.0394515966774411,0.0462586918703991,0.0545070650266238
-0.810516650150548,-2.6515398425108,-0.637857065695904,0.744203073529365,0.757283101102892,0.354998502953969,0.466428043259773,0.434623246024709,0.509614426557951,0.600483618618595
0.827603466430534,-3.38319927975796,-0.793383840277839,0.0207275547216702,0.0210918598380216,0.00988742341682768,0.0129909605781909,0.0121051329075593,0.0141937883477657,0.0167246783937024
-1.42635424442816,-2.47904683187345,-0.413937915020962,0.965195903597687,0.982160075719472,0.460416132399864,0.604934933340682,0.563685627743953,0.660945613399983,0.778798622961229
0.427987458800578,-1.93185368248356,0.0808898745118115,-0.146530781771741,-0.149106189928624,-0.0698978679555132,-0.0918379246876638,-0.085575679920461,-0.100341160876363,-0.118232962489686
-1.03929969692373,3.51487127403479,0.838834904341004,0.0624182176032781,0.0635152730124548,0.0297746335568506,0.0391205144617169,0.0364529646688471,0.0427426670247537,0.0503640988693933
-1.49053974137906,-2.99955230709045,0.00417914057934902,0.880658781583112,0.896137138977347,0.420090376128949,0.551951432188137,0.514314965774882,0.603056391370833,0.710587191511247
2.10139271271721,-1.76960657683679,-1.27510094879169,-0.524681592416167,-0.533903335701341,-0.25028273392087,-0.3288433186986,-0.306420149199142,-0.359290788167011,-0.423355818382272
-1.71426177528995,0.772974123511201,-0.448269559067969,0.963254466834891,0.980184516487563,0.459490031488853,0.603718141066379,0.562551806106,0.659616158822647,0.777232113746057
-2.33037978763408,1.871972057333,-0.168122091463987,1.12090751049379,1.14060845189826,0.534693422170412,0.702526924963273,0.654623016260714,0.767573607934385,0.904439422489851
-1.19158856906451,3.42159518174905,0.679943162405781,0.196004742137574,0.199449698928122,0.0934978536177355,0.122845647373233,0.114469047890471,0.13421987602573,0.158152580944065
1.75844900885142,0.656212905705843,0.343216480867999,-1.01823772053522,-1.03613414952717,-0.485718051024686,-0.638178804220961,-0.594662665426839,-0.697267520798214,-0.821597078524847
1.93915331251381,2.88739646127027,-0.48335561671349,-0.935475914568971,-0.95191773158392,-0.446239153039961,-0.586307979460172,-0.546328808667379,-0.640593997416527,-0.754818116575207
-1.64787541334065,-3.14909587079866,0.108064583534519,0.930637419599677,0.946994195783885,0.443931102278354,0.583275460755099,0.543503071359609,0.637280699034828,0.750914024975517
1.71238191718984,0.0161415423236029,0.195249726656269,-0.914693745564536,-0.930770297568785,-0.436325677609495,-0.573282789470749,-0.534191780383815,-0.62636281037023,-0.738049370932511
-1.05924215539429,1.70488237078063,0.275432103833117,0.349586845430246,0.355731143593225,0.166759331148128,0.219102976140762,0.204162781548142,0.239389631812786,0.282075123621658
-2.44885055609422,-0.150266493497819,-0.0687184916190687,1.24305229637937,1.2649000404835,0.592958723235852,0.779080967134596,0.725956991105537,0.851215757812805,1.00299577845345
-0.296777361100068,-3.21175460267829,0.925345921624288,-0.0115954741700411,-0.0117992748895853,-0.00553125365618846,-0.00726744422345911,-0.00677189170837262,-0.00794033393574779,-0.00935617244390484
-0.774603399867729,1.91760350466885,0.60445094093651,0.0872338268815927,0.0887670385835334,0.041612133907277,0.0546736564597614,0.0509455689595984,0.0597358681305746,0.0703873524512391
0.95079465611685,-3.04441453992774,0.640968847336165,-0.541289726338505,-0.550803372274146,-0.258205118131577,-0.339252439116303,-0.316119492473158,-0.370663684821268,-0.436756612749986
-1.59492917893124,0.991159584020611,1.00212368407543,0.403516041785372,0.410608193297032,0.192484546015606,0.252903010600713,0.235658059126359,0.276319197750898,0.325589589132988
-1.26433946752228,1.01804631107283,-0.20714513854996,0.647208571099932,0.6585838344614,0.308730347954398,0.405636899572927,0.377977329080954,0.443194655539767,0.522220558606336
1.2250976235517,1.20271010432207,0.429717005852709,-0.809601895272248,-0.823831365010285,-0.386194939302415,-0.507416646427405,-0.472816918159499,-0.554398147864028,-0.653252711532062
1.6903842004764,-1.12582335771012,-0.661980112754404,-0.559273506265102,-0.569103233047064,-0.266783710693845,-0.35052374338786,-0.326622229005035,-0.382978594582623,-0.451267390292935
1.80502255709388,0.819556808303173,-1.0867471509685,-0.56587146771174,-0.57581715950476,-0.269931059205853,-0.354659004792336,-0.330475515188716,-0.387496738162887,-0.456591162668926
-0.622561285603997,-3.85917261361098,0.390535353057015,0.361548029458151,0.367902556015048,0.172465035107835,0.22659962841169,0.211148252064748,0.247580396076129,0.291726380548046
2.21478623078395,0.0804197478610011,0.162332147675787,-1.15543368541012,-1.17574145489147,-0.551163040267924,-0.724166147885444,-0.674786703765773,-0.791216397728009,-0.932297950878469
0.397479147900873,2.1443688991126,-0.671061580036714,-0.0729689424782937,-0.0742514362136404,-0.0348075226551808,-0.0457331637955705,-0.0426147106441034,-0.0499675788777141,-0.0588772825384051
-1.99918005822947,-2.10753677373119,-0.103417329613912,1.12606894496469,1.14586060314742,0.537155520991873,0.705761845465895,0.657637353991472,0.771108048413957,0.908604087967044
-0.690557189289068,-2.31334985810567,-0.4372959084437,0.60078596985775,0.611345314922344,0.286585916507686,0.37654161116229,0.35086599031007,0.411405446178985,0.484763025076688
-1.46294519323495,-0.536838912576503,0.479198566580345,0.588237741507389,0.598576540354612,0.280600181649084,0.368677029834939,0.343537679084978,0.402812686457151,0.474638093004931
1.35133149697308,-1.03074522599518,-0.306637555432869,-0.516037790826331,-0.525107611649537,-0.246159482172297,-0.323425830374139,-0.301372068589704,-0.353371696796433,-0.416381295645259
1.21422312854802,1.28598655977427,0.0892143253170891,-0.693138625257453,-0.70532114996492,-0.330639825416226,-0.434423484914358,-0.40480101462872,-0.474646579139404,-0.559280665054241
-1.93704459541919,-2.63555876674025,1.16474379813196,0.692061071596134,0.704224657344459,0.330125812574533,0.433748129942531,0.404171710764349,0.473908693324724,0.558411207046313
-0.482631929600395,3.24982607612699,0.850050821021195,-0.204298296171245,-0.207889019513023,-0.0974540308640325,-0.128043618622195,-0.119312579855612,-0.139899125323846,-0.164844495442254
0.507709288868284,3.10951414636507,0.565746197112036,-0.591873750232451,-0.602276455150575,-0.282334624437668,-0.370955892278846,-0.345661150447661,-0.405302547850218,-0.477571920819159
-2.13085145947863,3.09559483060352,0.435501495165988,0.75936687485501,0.772713419655506,0.362231914049902,0.475931930615623,0.443479082272429,0.519998274988406,0.612719007877139
1.35124110472875,3.16804611741576,0.10716763684794,-0.857400302369574,-0.872469871409861,-0.408995655352488,-0.537374218878173,-0.500731743543018,-0.587129479794393,-0.691820357217651
1.71554508110735,-0.157282456713991,-1.00698031852009,-0.501630210314788,-0.510446805161024,-0.239286802261786,-0.314395903160541,-0.292957874088205,-0.343505692285519,-0.404756086896684
0.684521601496988,-3.86262652749535,-0.638562966124896,0.0622696003576776,0.0633640436872493,0.0297037404074161,0.0390273688492817,0.0363661704697963,0.0426408970978518,0.0502441823780463
-0.976782843545905,-2.53368550386237,-0.388306854145693,0.736539019423331,0.749484344463911,0.351342608708199,0.461624610047436,0.430147349335011,0.50436624541321,0.594299635903965
1.18415486395041,1.40084251013552,0.326338882073796,-0.763901483869063,-0.777327728435723,-0.364395005642411,-0.478773989301758,-0.446127346649777,-0.523103478735283,-0.616377899551512
-2.03726810937694,-1.03366749047717,-0.295501992632565,1.1582962717864,1.17865435375646,0.552528546423841,0.725960269153743,0.676458487486023,0.793176635956674,0.934607718584328
-1.47638944126406,0.0641125186510864,0.141706153054135,0.680105779537834,0.692059240448821,0.324422919192293,0.426255170453791,0.397189681226485,0.465721963756773,0.548764704240616
1.13459634077734,-1.58801000549864,0.543167410453237,-0.669164171797829,-0.680925324270396,-0.319203571804771,-0.419397535931961,-0.390799655114207,-0.458229383636671,-0.539936124457863
-1.79067143096183,2.15734440960886,1.04714110122736,0.429247773820295,0.436792183292857,0.204759053708095,0.269030331018532,0.250685689756555,0.29393974022344,0.346352045128199
1.73029359675494,-1.56888715082381,-1.07135569941023,-0.419414685740863,-0.426786269988984,-0.200068490511334,-0.262867459357253,-0.24494305201218,-0.287206250775285,-0.338417909242236
0.293871927525268,-2.34021781511475,0.731791679352402,-0.280495134330633,-0.285425084530765,-0.133801318907504,-0.175799860687571,-0.163812419100559,-0.192077098467614,-0.226326306970192
-1.11505364324837,-0.862696584877603,0.0402855097113469,0.579946955893308,0.590140036846726,0.276645324989661,0.363480793688369,0.33869576390906,0.397135332913854,0.467948412293021
1.96842803264556,2.65223230195196,-0.114152109837778,-1.06345908040311,-1.08215031481178,-0.507289468324147,-0.666521216590604,-0.621072465271153,-0.728234145630806,-0.858085352731434
-1.54455244728194,-1.2657939350527,-0.509914410011574,0.997920353618823,1.01545968690808,0.476026294707313,0.625444928170082,0.58279708696584,0.683354620329847,0.805203373042149
2.4865334733388,-2.76384205704197,-0.502845903401592,-0.92865821055098,-0.944980200384726,-0.442986983294824,-0.582034994763192,-0.542347190267602,-0.63592537879998,-0.749317038005377
-1.03572632025953,1.85877155680063,0.762447447070591,0.165963699774505,0.168880658661761,0.0791677259343195,0.104017473847372,0.0969247299345093,0.113648409551594,0.133913022593815
2.31285544838583,-1.10156010509828,-1.19341575050757,-0.689068155566976,-0.701179138167613,-0.328698136786016,-0.431872324780238,-0.402423813011787,-0.471859208123458,-0.555996278767548
2.44506168325566,-0.902740889610995,-1.41613575223028,-0.688807441928184,-0.70091384225591,-0.328573771602959,-0.431708922939103,-0.402271553216034,-0.471680676972143,-0.555785913781412
-0.618614901072503,3.27303189014911,-0.818003286059017,0.425657833319997,0.433139146411475,0.203046586306884,0.266780341758165,0.248589122772659,0.291481425370263,0.343455388907712
-1.39713734380981,-0.977393410917235,0.772691092894404,0.477610953101947,0.486005388247672,0.227829176439056,0.29934187350005,0.278930348660986,0.327057816126099,0.385375394985138
1.81583799936509,-0.870097399832657,-0.845483217230801,-0.571654596513013,-0.581701931912292,-0.272689717614916,-0.358283571186432,-0.333852929635378,-0.391456901688946,-0.461257461738422
0.828209285106588,1.70801911999633,-0.208924783689708,-0.421493660782259,-0.428901784856448,-0.201060199701508,-0.264170453519781,-0.246157197603665,-0.288629888638705,-0.34009539553634
-1.30019702746258,2.92599983172853,-0.49989382248518,0.672312538961424,0.684129026772928,0.320705400632923,0.421370769835195,0.392638338136342,0.460385318466475,0.542476483365775
-3.03103654621924,-0.128859436231398,0.650882164412683,1.28711413545046,1.30973630536724,0.613977027868021,0.806696651766064,0.751689617325524,0.881388367480773,1.038548456895
0.899790296791622,1.90813664708303,-0.76510448777154,-0.278579230050796,-0.283475506537798,-0.132887397458726,-0.174599070854657,-0.162693508729461,-0.190765127991225,-0.224780399440642
2.46511197964841,-1.48644491194983,-1.32317787111908,-0.702131860800743,-0.714472449581129,-0.334929763563672,-0.440059980390166,-0.410053168729015,-0.480804955444623,-0.566537139549184
-0.118580141240213,2.28747549653309,-0.416770437468443,0.0897621110127936,0.091339759545656,0.0428181717664894,0.0562582543498616,0.0524221162825811,0.0614671832964568,0.0724273778932189
-0.816761839540314,3.16153583660296,1.01258315249895,-0.0895358435359964,-0.0911095152177268,-0.0427102380339005,-0.056116441583683,-0.0522899734458565,-0.0613122401437903,-0.0722448068745339
2.44010975136454,0.0508195793389162,0.325193691585741,-1.32062840403167,-1.34383961687603,-0.629963948101367,-0.827701664069331,-0.771262339767838,-0.904338225351584,-1.06559049688222
-2.00922548730043,-2.90598801422559,0.61628407409518,0.926142109461499,0.942419876592063,0.441786756969756,0.580458032574304,0.540877757982607,0.634202406321787,0.747286842833169
-0.786604488698201,-2.73683303863007,-0.521986827716562,0.697297287896889,0.709552904780305,0.332623583699148,0.43702991983311,0.407229721953055,0.477494342809868,0.562636212591151
0.604916845261899,2.04984264925617,-0.478421043384526,-0.23625439925432,-0.240406779386208,-0.11269767760273,-0.148072053281244,-0.137975315533924,-0.161781984622552,-0.190629280669315
-1.55308997308052,0.0428840666714142,0.515001953039602,0.592946382628512,0.603367940010185,0.282846289745654,0.371628162855826,0.346287580235913,0.406037063687184,0.47843740794968
1.63185354415973,2.85035756534465,0.195292674058751,-1.01088559422571,-1.02865280309176,-0.482210952053669,-0.633570871238262,-0.590368938196357,-0.69223294117006,-0.815664784547699
-1.7254809079871,3.03805425370217,-0.150125287232991,0.75931683050039,0.772662495727068,0.362208041975729,0.475900565399283,0.443449855787584,0.51996400567941,0.61267862801817
-1.44209724581862,-2.39218796529751,1.18939394711305,0.426960974190113,0.434465191135552,0.203668208380864,0.267597083139328,0.249350172189335,0.292373788504561,0.344506869038728
-2.71101191384691,0.785753687831153,1.27385830338357,0.874199744025721,0.889564578119188,0.417009296857772,0.547903241101062,0.51054281275746,0.598633379913335,0.705375514237648
-2.49243796680866,-0.531384534277692,-0.139231616020168,1.30676146967167,1.3297289588736,0.623349166312019,0.819010585935417,0.763163888903655,0.894842443819172,1.05440152545787
-0.392130079651426,2.93287640588886,0.941680138994014,-0.264864938572044,-0.269520174250329,-0.126345429120779,-0.166003661393645,-0.154684203082339,-0.181373873055327,-0.213714592718163
0.244580091699632,3.5905861531061,0.465703733945236,-0.45086118260499,-0.458785466862966,-0.215069045745498,-0.282576499162946,-0.263308171734644,-0.308740142580741,-0.363791502689381
2.28436563169185,-0.652340921772275,0.1673403476031,-1.15640508547798,-1.17672992817513,-0.551626415900367,-0.724774971268462,-0.675354012697572,-0.791881591821064,-0.933081755526189
0.314672468443407,1.96976144278689,-0.22012319990432,-0.175981972807229,-0.179075011708352,-0.0839466257471552,-0.110296409871292,-0.102775517844313,-0.12050870971464,-0.141996580774339
-0.287311086225206,2.45352943096024,0.874182578695594,-0.270947003570574,-0.275709136923316,-0.129246685573682,-0.169815585554061,-0.158236199743221,-0.18553874172728,-0.218622097845318
2.11387201708185,-1.52996725680231,-1.27327705168337,-0.54298106056509,-0.55252443319645,-0.259011915549902,-0.340312480040433,-0.317107251322615,-0.371821874504511,-0.43812131888034
-2.04976501323561,-2.55377019413341,1.1492511419207,0.749187373759874,0.762355004820633,0.357376105496931,0.469551945170726,0.437534135299961,0.51302756927949,0.604505357771732
0.658868299115131,-1.87962339517386,-0.253031331933951,-0.150513169984388,-0.153158572138182,-0.0717975401067805,-0.0943338799014964,-0.0879014409304268,-0.103068215570849,-0.121446277470144
2.12154458046107,0.478204333371178,-1.3017938656545,-0.633542687714425,-0.644677761082251,-0.302211471163966,-0.397071829804149,-0.369996294323013,-0.433836549435898,-0.511193811473955
0.206288998187021,-3.90602905920489,-0.136391260442907,0.131449343186907,0.133759681714875,0.0627037453961728,0.08238565804315,0.0767679444708116,0.0900137126979654,0.10606403019484
1.195988324806,2.69387578689971,0.414720316937697,-0.861700987070569,-0.876846144450215,-0.411047160761207,-0.54006966588869,-0.503243393402257,-0.590074497150086,-0.695290499714569
-1.23013984482446,-1.21101515365635,0.309270070349091,0.562749791145794,0.57264061671075,0.268441962281862,0.352702499176955,0.328652419785876,0.385359080486322,0.45407233990784
0.358321970457576,1.98023660012825,-0.235689350492337,-0.192838331205845,-0.196227635522264,-0.0919874175815472,-0.120861104568219,-0.112619827097993,-0.132051585207517,-0.155597662855242
-1.26029045620046,-1.12677488495336,0.0129702311146705,0.673773124880995,0.685615283782529,0.321402126880537,0.422286189640232,0.393491337292139,0.46138549661988,0.54365500297888
-1.57160444103428,-2.79078410782442,1.16840645992087,0.517317027472522,0.5264093320118,0.246769701493441,0.324227589822564,0.302119157661729,0.354247690826919,0.417413487902584
1.11447155512107,1.67495563912157,-0.612204428780485,-0.42536491235041,-0.432841077096638,-0.202906857636867,-0.266596754025819,-0.248418053521324,-0.29128083932426,-0.343219036425381
1.75582512892939,0.0162760789892649,0.167375880145746,-0.926792064054764,-0.943081254712458,-0.442096797220601,-0.580865390538719,-0.541257339020554,-0.634647481394864,-0.747811279105987
1.90743121745548,-1.2749819694518,-1.11827223301322,-0.505381877129963,-0.51426441084038,-0.241076416078688,-0.316747254120791,-0.295148891119997,-0.346074753877249,-0.407783237072702
-2.794077606112,-0.439325125696377,0.146223704393062,1.35523504336522,1.37905449851979,0.646471949200336,0.849391317931677,0.791473019427926,0.928036115465673,1.09351395051255
3.04201750691149,-0.278807431619018,-1.10784863086456,-1.11854601972867,-1.13820545584323,-0.533566947803166,-0.701046864539004,-0.653243878202434,-0.765956509315886,-0.902533979512779
0.914161040374526,2.12143953467274,-0.871909123203791,-0.259839021655148,-0.26440592239611,-0.12394797465582,-0.162853676293453,-0.151749009178459,-0.17793223211264,-0.209659273834808
-1.57609112212571,0.631556201540444,-0.346272710937055,0.867153326742383,0.882394313816616,0.413648026694091,0.543486910743983,0.506427623152014,0.593808143320174,0.699689891187842
2.997228579404,0.241956656943327,-1.2133146049112,-1.08572301286581,-1.10480555558919,-0.517909772076244,-0.68047509937235,-0.634074860639291,-0.743480012758301,-0.876049705749324
-1.12909059657294,-2.53657671307299,1.06068698217004,0.32239615611117,0.328062553847926,0.153788874096962,0.202061256662456,0.188283102904166,0.220770026441713,0.26013546212897
2.15701086608829,-1.13225435675198,0.3689304038306,-1.13843348252636,-1.1584424583983,-0.543053631978294,-0.713511298895793,-0.664858387660633,-0.779575020593019,-0.918580803357867
1.32608054200873,3.06174548445106,-1.11862437967344,-0.425570693377012,-0.43305047490688,-0.203005018957316,-0.266725726943282,-0.248538232032987,-0.291421753791827,-0.343385077308431
1.96618550789781,0.819713843568267,0.511252977525194,-1.18574225853399,-1.20658272800849,-0.565620785026512,-0.743161995872364,-0.692487262795988,-0.811971063573529,-0.956753374823812
-1.70730861764563,-1.03413012720713,1.06936964011287,0.533658983054455,0.543038511924322,0.254565113758286,0.334469883406452,0.311663049690725,0.365438314218497,0.430599507918068
-1.56164347932274,0.383398793508924,0.10402014630073,0.719731014550052,0.732380924031332,0.343324882391429,0.451090220842397,0.420331279102219,0.492856481385419,0.580737569383331
-2.29928849899326,-2.45663325455967,0.411321953745203,1.11747281165564,1.13711338518862,0.533055007886718,0.700374233157438,0.652617112212141,0.765221599267583,0.901668027879219
0.900956905655696,-3.64107855665272,-0.564266364862062,-0.0806485941515368,-0.0820660645608774,-0.0384708572263214,-0.0505463727573124,-0.0470997164943679,-0.0552264409045317,-0.0650738506399172
0.00820330384170499,-3.68514146636756,0.564244966409496,-0.0178531322762633,-0.018166916874518,-0.00851627123905256,-0.0111894210731808,-0.0104264367853513,-0.0122254450308612,-0.0144053603838066
-0.706340315036576,3.05298450185225,0.913354268976519,-0.105467858143713,-0.107321549080648,-0.0503101009422294,-0.0661018053412143,-0.0615944551804992,-0.0722221446806253,-0.0851000531424043
2.32239225372862,2.24499989278665,-0.903963259136005,-0.952261336044576,-0.968998171695625,-0.454246106662218,-0.596828214558137,-0.556131689933406,-0.652088296814212,-0.768361960972286
-1.97951941736151,1.12342475673316,1.02631089973681,0.579432819952189,0.589616864511475,0.276400072724649,0.363158559839148,0.338395502542807,0.396783263563261,0.467533565564531
-0.126690887488473,-2.11522086655886,-0.2777159149163,0.258129761190528,0.262666620166275,0.123132626093471,0.161782400129338,0.150750781197605,0.1767617669231,0.208280103356394
-0.225970097307133,2.02071074222971,-0.111982582198001,0.0527389908715473,0.0536659253056236,0.0251574650423203,0.0330540751451763,0.0308001837401105,0.0361145385530151,0.0425541108432283
-1.45898779471,0.492868175456973,-0.0232678233500828,0.706661472854839,0.719081673575396,0.337090471514716,0.442898907239928,0.41269851482366,0.483906737379668,0.570191999269506
-1.45610304704046,-2.71035260703328,-0.280576756459927,0.945959741408783,0.962585820957734,0.45124013054965,0.592878700561305,0.552451485412412,0.647773098918709,0.763277321463848
-0.611812945256123,2.00767062813724,-0.820330794155167,0.483818415070997,0.492321951853903,0.230790249544688,0.30323239000397,0.282555578610345,0.331308553974756,0.390384080595553
-1.6063396626256,1.6494854087698,0.979583622348518,0.385181733973246,0.391951643800809,0.183738745228819,0.241412013557693,0.224950610234577,0.263764253953498,0.310795977158664
-0.823050521803121,3.33117337338263,1.10640840173135,-0.126274196033836,-0.128493576771024,-0.0602351053740426,-0.0791421431396963,-0.0737455983742597,-0.0864698820654768,-0.101888300209445
-0.488213512632291,2.03019100948279,0.0768815119312451,0.118312472101703,0.120391918495338,0.0564372171666805,0.0741521458570628,0.0690958590458188,0.0810178629588582,0.095464133248489
-1.61352583553885,2.81547070052162,-0.345624738909398,0.780634953939698,0.794355304050543,0.372377177492533,0.489261663942737,0.455899887691385,0.534562202916479,0.629879825326163
1.65695555672777,-0.207560271674542,-0.88371035227874,-0.511864723538943,-0.520861199011764,-0.244168852608349,-0.32081036736615,-0.298934948783516,-0.350514069129613,-0.413014125265827
-1.16735211906137,-2.68626602826367,-0.359264467818493,0.82841387336851,0.842973980268585,0.395168597567631,0.519207022529552,0.483803332049955,0.567280190106184,0.668431746774479
-0.358446476275454,-3.47969539671688,-0.473052229660613,0.504405530907532,0.513270904469107,0.240610681039885,0.316135330743597,0.294578693576436,0.345406172762814,0.406995441464859
-0.553605367858905,2.03040245401668,-0.342267547304871,0.292338207207298,0.297476309893346,0.139450681683785,0.183222486990158,0.170728911331843,0.200186982728241,0.23588226220539
1.64802471400344,0.594055590347966,0.408435046707418,-0.982615565930159,-0.999885904032352,-0.468725630532765,-0.615852677844811,-0.573858913043203,-0.672874227438481,-0.792854224509486
-1.48977780784389,-3.12983187833437,0.843058624589341,0.603028262994836,0.613627018345552,0.287655531422166,0.377946964670689,0.352175515567951,0.412940920798582,0.486572289704655
-1.95492310016643,2.97148247034966,1.16793691834707,0.430675654962305,0.43824516070949,0.205440179177526,0.269925253158421,0.251519588942075,0.294917522841196,0.347504175864565
-2.20364230903875,2.89742971305497,0.434732728725393,0.805183732373206,0.819335548988596,0.384087394640542,0.504647570150913,0.47023665966696,0.551372683938494,0.649687778062114
-1.66044582545469,2.98046120000255,0.925760892236405,0.366271864913963,0.372709417059187,0.174718391180474,0.229560284456668,0.21390702688377,0.250815178063189,0.295537955518856
-1.52131879784324,3.67225387508889,0.71617574980657,0.335001911371537,0.340889866412011,0.159802050345766,0.209961892885335,0.19564501051343,0.229402179367225,0.270306811594468
-0.833408461874535,-2.34223222067011,-0.508302861368572,0.696906583047495,0.709155332947442,0.332437210326657,0.436785046216113,0.40700154577921,0.477226796444017,0.562320960114884
2.10548305243506,-1.90543652530353,-1.39325930719716,-0.480253962605965,-0.488694850982562,-0.229089940403346,-0.300998375327475,-0.280473896935334,-0.328867692785691,-0.38750799019667
-1.24324525361953,1.64620209443099,0.759592090376357,0.279891473968226,0.2848108143033,0.133513361853079,0.175421517555641,0.163459874431586,0.19166372469859,0.225839224651228
-2.15405135673591,1.31928277132989,-0.256024739017093,1.08983240414811,1.10898717305974,0.519870027018958,0.683050653549656,0.636474792918297,0.746294036451995,0.879365497144558
-0.902397536575245,-3.38431099511829,-0.39070194471567,0.741347815043562,0.75437765892254,0.353636492336087,0.464638514734691,0.432955741877684,0.507659206312734,0.598179763651273
0.0794037108908314,-2.70416693865663,0.882152457534068,-0.207640255401415,-0.211289716634011,-0.0990482066553484,-0.130138186032391,-0.121264322895062,-0.142187627880797,-0.167541060188071
1.60803588575478,-0.669184716843909,-0.759232628320399,-0.507549498021987,-0.516470129587741,-0.242110410963969,-0.318105806923322,-0.296414806918724,-0.347559094532609,-0.409532250054955
0.307278421398564,-2.52854485584709,0.893441891420035,-0.332724505937166,-0.338572433561821,-0.158715686222078,-0.20853453280279,-0.194314979265767,-0.227842660593709,-0.268469215506874
-2.05564862931499,-0.00763862536522835,1.18681133364605,0.617182992647511,0.628030529897601,0.294407596839724,0.386818418027442,0.360442042228573,0.422633778422538,0.497993477797975
-1.41848998192477,-0.290132349802047,-0.0275200855270157,0.725631974767344,0.73838559884629,0.346139748545092,0.454788637881247,0.423777508465583,0.496897333357469,0.585498944430869
1.51674269556992,2.48537268464816,-1.16134522910686,-0.477876243014731,-0.486275340865432,-0.227955724588663,-0.299508143513327,-0.279085281053948,-0.327239481012451,-0.385589452481644
1.26933678136288,1.10653555824984,-0.0459191257981992,-0.666145707806633,-0.677853808103471,-0.317763709170217,-0.417505718626791,-0.389036837054829,-0.456162403734715,-0.537500582003695
-1.3872202170837,-0.512357796146631,0.000190291584393507,0.71145058737986,0.723954961026152,0.33937496689955,0.445900476833371,0.415495413377945,0.487186221084047,0.574056246707137
1.76263144250385,2.16947927557844,-1.32818395631994,-0.528085948067415,-0.537367525915724,-0.251906673948401,-0.330976992962321,-0.308408332473837,-0.36162201846519,-0.426102729639748
0.271704080004975,2.19968536683304,-0.717985656087493,0.00251502733081428,0.00255923116173805,0.00119971412250846,0.00157628921242325,0.00146880519745158,0.00172223719110982,0.00202932877631073
1.01481100742295,-1.61664892919439,-0.288559853351417,-0.327384450860165,-0.333138522291349,-0.156168382098438,-0.205187662131251,-0.191196325024647,-0.224185904524499,-0.264160424384778
3.16088354264852,-0.236443906963341,-1.22726204744719,-1.13908249945857,-1.15910288237742,-0.543363224947636,-0.713918069182698,-0.665237421093626,-0.780019453575763,-0.919104483049422
0.231244415242506,-2.08314935368074,0.484997229175119,-0.178417198941644,-0.181553039097048,-0.0851082732366931,-0.111822683816095,-0.104197718215408,-0.122176300744791,-0.143961519449496
1.4659878696426,-0.936435390360417,-0.831161007643212,-0.400072649175097,-0.407104280014522,-0.1908419846433,-0.250744869987601,-0.233647077813801,-0.273961235773964,-0.32281117967932
-1.21248094387394,1.28518102220762,0.405570722222789,0.401632895838677,0.4086919493939,0.191586250892004,0.251722751998818,0.234558280002618,0.275029659483878,0.324070113693179
-1.74622709388075,0.690566038548473,1.05320508392582,0.475601512445137,0.483960629893135,0.226870636424488,0.29808245989785,0.27775681195841,0.325681793929408,0.383754014692689
1.03899294490982,-2.63317611686205,-0.895493599806272,-0.085442706771589,-0.0869444379526079,-0.0407577367940717,-0.0535510748985348,-0.0498995339942521,-0.0585093471980191,-0.0689421309474702
2.41698423755545,-0.0335273795323067,-1.4226133188919,-0.714440531422462,-0.726997455981149,-0.340801224996022,-0.447774419308015,-0.417241575455811,-0.489233671132171,-0.576468776945227
-1.69583516082431,-0.143991531456622,0.730641390009906,0.599723921620451,0.610264600247451,0.286079300037374,0.375875974189277,0.350245741793572,0.410678178148685,0.483906078107017
-1.72885732801997,1.38867042050476,-0.416540860144525,0.930203078374244,0.94655222062706,0.443723913554893,0.583003238111722,0.543249411034901,0.636983271407339,0.750563563119015
-0.240228052852867,3.31061179158704,0.997715139179444,-0.377153639158763,-0.383782448115783,-0.179909196894387,-0.236380418434516,-0.220262109539307,-0.258266785479157,-0.30431825676717
0.35717530379843,-2.64118051897106,-0.820335459566068,0.22716166818937,0.2311542355265,0.108360278268282,0.14237319915209,0.132665054892381,0.155555475901573,0.183292525088459
-0.808705009826002,-2.37902384422845,1.02340753420804,0.168784329381269,0.171750863329881,0.0805132179423546,0.105785298779892,0.0985720104136282,0.11557991667742,0.136188936162702
2.72292140083697,-2.01620962525963,-0.911279315353294,-0.943567435251742,-0.960151467902996,-0.450098956675791,-0.591379326641207,-0.551054350807032,-0.646134898575637,-0.761347014120166
-0.334855414200059,-2.06115645836542,0.640531830736348,0.0482823992987161,0.0491310051921965,0.023031589198877,0.030260913761059,0.0281974824553598,0.0330627594895123,0.0389581699911334
-1.35202156278879,0.520959791149985,-0.0956445619996126,0.676806126389463,0.688701592976456,0.322848924177217,0.424187118310265,0.395262645430597,0.463462431504275,0.546102275485352
-1.5347593414051,2.9877562321353,-0.482880710688874,0.779748159090791,0.793452922997429,0.371954160099853,0.488705866740521,0.455381989190964,0.533954944676793,0.629164287056053
-2.76373980335746,0.21598321309254,1.47729399672678,0.858907551267298,0.874003611540749,0.409714640695741,0.538318884627451,0.501611994420496,0.588161611762152,0.693036528319945
-1.44513614692238,-2.57413631846671,1.23928809621521,0.420337788626347,0.427725597224548,0.200508827502776,0.263446012561235,0.245482154828029,0.287838371985709,0.339162743791769
2.15369700306014,-0.0680806371849877,0.272485536280307,-1.1552824760981,-1.17558758794198,-0.55109091065531,-0.724071377699676,-0.674698395769803,-0.791112852809188,-0.932175942896939
-1.01026883358711,-2.0420469077574,0.872551143421695,0.303401281650197,0.308733827659456,0.14472797091436,0.190156250566767,0.177189875410616,0.207762740661419,0.244808851211551
2.45590373501216,-2.3589509698116,-0.984380134989102,-0.770188393031066,-0.783725135589627,-0.367393976514883,-0.482714299202224,-0.449798974683364,-0.527408620330872,-0.621450689624283
2.14963974726505,0.147953014879539,-1.15000229094434,-0.682900831387919,-0.694903417808553,-0.325756210141701,-0.428006964569692,-0.398822023998371,-0.467635955779172,-0.551019979593357
2.49269979900969,0.30921162323842,-1.48163712132126,-0.748438279686885,-0.761592744756427,-0.357018773897612,-0.469082451701659,-0.437096655653395,-0.512514605600593,-0.603900927696617
1.88829665812319,2.65584741876078,-1.18729804107339,-0.661273721952012,-0.672896192786163,-0.315439682642617,-0.414452209564831,-0.386191540680709,-0.4528261715075,-0.53356946723153
0.516417851276665,1.81777935038518,-0.0739686113504515,-0.31798026701734,-0.323569051595586,-0.15168241408184,-0.199293605489612,-0.185704172340303,-0.217746119569596,-0.256572363350156
-1.31075731584686,-1.91879624312494,-0.453756486450539,0.894517842962823,0.910239785624894,0.426701402362437,0.560637575944705,0.522408818727061,0.612546781653902,0.72176981037424
2.01690028784556,1.72209829175009,-1.48335416682641,-0.580076866943213,-0.590272231198293,-0.276707294940974,-0.363562215223647,-0.338771633472372,-0.39722429323605,-0.468053235102977
1.74337270877649,-2.84099318417306,0.123974937234762,-0.768798367796248,-0.782310679431254,-0.36673090900686,-0.481843103189444,-0.448987183787705,-0.526456760632708,-0.62032910411535
-1.62336201222284,0.584633081284724,-0.0294396941490108,0.785736608927292,0.799546625139074,0.37481076040505,0.492459117753247,0.458879313508979,0.538055707678116,0.633996255850114
-1.04999841847488,-2.17989491511312,1.07568324556958,0.261041305972667,0.265629337924429,0.124521486306102,0.163607205997386,0.152451157195998,0.178755530826158,0.210629374689362
2.84116462107946,1.32483336597269,-1.24040168078114,-1.05127157396032,-1.06974860215836,-0.501475804425379,-0.658882717121145,-0.613954819833343,-0.719888400594366,-0.848251480457844
0.580649478907464,1.87861580997604,0.251009527901785,-0.462536075204063,-0.470665556030752,-0.220638183447609,-0.289893718755212,-0.270126444728781,-0.3167348605665,-0.37321175638657
-1.87613105500198,-0.158656798379638,1.01388432917522,0.59398172857334,0.604421483076187,0.28334016873316,0.372277064211276,0.346892234303204,0.406746046555879,0.479272809336192
-1.16251784963314,-1.6379286562829,1.00722552318925,0.313877843274816,0.319394524125492,0.149725482783273,0.196722418206317,0.18330830918552,0.214936867098857,0.253262193933178
1.19320211182289,-2.3825797905855,0.542448113070684,-0.659798947263283,-0.67139549762723,-0.314736188092117,-0.413527896972234,-0.385330255118785,-0.451816277186942,-0.532379498964489
1.29249752366733,-1.16563541880938,0.10142642629266,-0.618338334919684,-0.629206178332587,-0.294958716274203,-0.387542526882233,-0.361116775545946,-0.423424932222427,-0.498925701989213
-0.00804986656209314,-3.7439522403624,0.520340942060025,0.00785598163673311,0.00799405746587241,0.0037474471948201,0.00492372347419704,0.00458798459871278,0.00537960903314593,0.00633884546949614
-1.77188243214564,-2.03153750683379,-0.161052603697036,1.0293464749651,1.04743815014645,0.491017130446099,0.645141197653723,0.601150307149023,0.704874559414313,0.830560525862904
0.425367986079143,2.77748639876345,-0.949670246794886,-0.0230125096403022,-0.0234169748613388,-0.0109773887828464,-0.0144230522874873,-0.0134395731417903,-0.0157584768474343,-0.0185683660197336
0.968040560893346,-2.66850569505305,0.62636618350209,-0.562939452113744,-0.572833611138045,-0.268532434038948,-0.352821368874367,-0.328763183995897,-0.385488956280792,-0.454225373815379
-2.73116010498196,-1.14563594014336,0.358184975779751,1.28635105070516,1.30895980873227,0.613613022461642,0.806218389666307,0.751243966963693,0.880865823287228,1.03793273800661
1.17310063834182,3.02391203044794,-1.09033283295618,-0.35756378049884,-0.363848280354557,-0.170564475346313,-0.224102506977969,-0.2088214043571,-0.244852067181928,-0.288511564165713
1.31735831498765,-2.78196130314313,0.409400731582292,-0.657141830131374,-0.668691679310406,-0.313468694530813,-0.411862553212404,-0.383778467825753,-0.44999673992401,-0.530235520570398
1.22715964016124,0.838711475567416,0.283395025094153,-0.743698763243639,-0.756769927117623,-0.354757937706626,-0.466111967623789,-0.434328722955426,-0.509269085607062,-0.600076700028696
2.85027101085465,-0.422523559912725,-1.37497101757204,-0.926422112006175,-0.94270480042924,-0.441920323314372,-0.580633523705241,-0.541041282723623,-0.634394146105343,-0.747512771678708
-2.50302146028302,-0.263946093702612,-0.189698784313995,1.31621996189804,1.3393536924708,0.62786104042272,0.824938680266455,0.7686877583153,0.901319417999326,1.06203340691709
-1.19982753155152,-1.25051643271339,-0.101961140418753,0.68861545834839,0.700718484394813,0.328482191917464,0.431588597548566,0.402159432573697,0.471549210702512,0.555631005801574
1.22602604499913,3.38335582239308,0.131052169843047,-0.813804349026441,-0.828107680608022,-0.388199586749511,-0.510050527354774,-0.475271200003907,-0.557275898757911,-0.656643593305
2.10965160083115,-2.03838495416977,0.298755233470648,-1.04776818871908,-1.0661836418213,-0.499804625468788,-0.656686976225977,-0.611908802126909,-0.717489356940514,-0.845424664066049
-0.924545493476894,-3.68937690838278,0.304316872176613,0.532071213547569,0.541422835963312,0.253807718608992,0.333474751498796,0.310735773841474,0.364351043451231,0.429318366233843
-0.498843658072876,2.66475627079109,-0.738465195820638,0.368668752212834,0.375148431773377,0.175861750342932,0.231062529599817,0.215306836929233,0.252456515474691,0.297471959300675
1.81616354831386,0.860163335616089,-1.09985983858363,-0.568905944871639,-0.578904970285998,-0.271378560415306,-0.356560858324459,-0.332247685124764,-0.389574683541978,-0.459039625851092
-1.03579300085497,3.63708116532093,0.161757913850404,0.28363972266652,0.288624941789347,0.135301345165595,0.177770726216799,0.165648895243385,0.194230445636625,0.228863616812308
2.05260728340575,-0.636698408504386,-1.07884401664934,-0.621234921193408,-0.632153674673303,-0.296340441004218,-0.389357957529917,-0.362808415601537,-0.42540845285727,-0.501262903579954
-1.32926874498984,1.56062462191308,-0.239969198403874,0.664407441728388,0.676084990460684,0.316934524398665,0.416416263242395,0.388021669458438,0.454972076118263,0.536098007435121
-2.04205996410357,-1.37965371234527,1.22103570678796,0.664749691019975,0.676433255086432,0.317097783582175,0.416630767418822,0.388221547023245,0.455206441149363,0.536374162023018
0.129661145887482,-2.05942082681547,0.539842983121198,-0.147790176808414,-0.150387719947524,-0.0704986224653359,-0.0926272484401992,-0.0863111812618765,-0.101203567794922,-0.119249144921325
1.64908810382622,0.555164588306702,-0.75267363690475,-0.588867713345371,-0.599217584505119,-0.280900689759493,-0.36907186364059,-0.343905589961547,-0.403244077764686,-0.47514640556417
-2.69337551569555,-1.14093833437971,0.736595432240167,1.13952814078628,1.15955635624582,0.543575804026946,0.714197374146452,0.665497680809421,0.780324619272799,0.919464062748278
0.655465272615731,-2.66085200495069,0.8664708423837,-0.489672320522941,-0.498278744874372,-0.233582669713042,-0.306901315546603,-0.285974327443751,-0.335317183844919,-0.395107488028102
-0.0818674551531257,2.9383133764073,0.881569661961299,-0.398446004933456,-0.405449046060893,-0.190066045533182,-0.24972537340435,-0.232697098667549,-0.272847344415674,-0.321498670694651
0.188583101161157,-3.36712249341384,-0.789046936114142,0.334918404201151,0.340804891529209,0.159762215895295,0.209909554904659,0.195596241355185,0.229344995434151,0.270239431211831
2.5539019328875,1.57756594824771,-1.04886521446855,-0.985889309231477,-1.00321718626917,-0.47028726607602,-0.617904491034626,-0.57577081718722,-0.675116017179132,-0.795495747091058
2.44605779438338,-1.65425109357297,0.106853469167471,-1.16793375013728,-1.1884612193177,-0.557125800195705,-0.732000542741761,-0.682086886875036,-0.799776176025702,-0.942384020618465
-1.18872352183769,2.23678009128937,-0.50543890464264,0.65207258473954,0.663533337444961,0.311050571589352,0.408685412062337,0.380817969588832,0.446525428563807,0.526145240746482
0.90448457431516,-2.2864689854428,-0.851658994845845,-0.0502948069629568,-0.0511787827019453,-0.0239915445303573,-0.031522186930251,-0.029372751924766,-0.0344408134297482,-0.0405819443066951
-0.310324520288703,-2.13679248984333,-0.328388004507372,0.367221568037946,0.373675812055981,0.175171416973106,0.230155509316055,0.214461664548122,0.251465514550828,0.296304253306096
2.70099920929345,0.0405935238706542,0.137135451631828,-1.38576798173566,-1.41012408030114,-0.66103672029284,-0.868527786465135,-0.809304610370302,-0.948944421857085,-1.11815041060239
0.366685339376454,2.6029513123332,-0.801733474961826,-0.0355724662013752,-0.036197683773463,-0.0169687182128663,-0.0222949842514687,-0.0207747337782741,-0.024359267798362,-0.0287027613665809
-1.37557128741398,2.84765839341722,1.17556939374695,0.147158426464623,0.149744866032395,0.0701972659750665,0.0922312999589793,0.08594223171724,0.10077095860446,0.118739397318827
-1.74240979919081,-2.93535447633399,0.898261174161205,0.700133985566313,0.712439459921505,0.333976740467506,0.438807815397279,0.408886386367553,0.479436853003041,0.564925091180949
-1.44250929114529,-2.02300934023814,-0.5426090278081,0.994789582226729,1.0122738894383,0.474532859384594,0.623482722387482,0.580968680078806,0.681210734709892,0.802677211834998
0.634748691041072,-2.63569783543387,-0.933819475470939,0.127803456281255,0.130049715120557,0.0609645905344389,0.0801006044659256,0.0746387041358335,0.0875170869370593,0.103122231860419
-2.25463990904471,-1.30608273787074,-0.282359400735386,1.27456912977852,1.29697081011935,0.60799283028608,0.798834090247075,0.744363188182092,0.872797814580537,1.02842612514252
2.62035642782705,-2.11678763138916,-0.468735269049341,-1.03751336150107,-1.05574857694029,-0.494912884974919,-0.650259780258376,-0.605919863823043,-0.71046706950575,-0.837150234713082
1.46615686073338,1.35678957338208,-0.883138628027026,-0.492673526243291,-0.501332699441068,-0.235014299836159,-0.308782316259116,-0.287727066472334,-0.337372345650292,-0.39752910510451
1.11721208592072,-3.63421622523383,-0.654386437434124,-0.157605720881197,-0.160375780893306,-0.0751808168494462,-0.0987791244243795,-0.0920435731024261,-0.107925043480696,-0.127169124874622
0.530721732770588,3.81321054790683,0.23151558465742,-0.524092738919968,-0.533304132583861,-0.25000184001295,-0.328474255745532,-0.306076251912159,-0.358887553824845,-0.422880683448259
0.701116952398333,-1.860818025368,0.123711779252017,-0.299660313901062,-0.304927109091693,-0.14294346074801,-0.18781160522843,-0.175005106757764,-0.205201005562415,-0.24179033391293
-2.15326963572182,2.64987670109107,0.694574861895078,0.704307749566622,0.716686581517544,0.335967702376284,0.441423715068937,0.411323913062185,0.482294957764042,0.568292823725077
1.40351715241685,-0.746880374945452,-0.043482853906355,-0.644441112390374,-0.655767735216056,-0.307410219438641,-0.403902399412131,-0.376361101023895,-0.44129955871276,-0.519987547645481
-1.43892281061475,-1.70267389447991,0.930509902391458,0.479782045318437,0.488214639331099,0.228864827209717,0.30070260194944,0.280198291753555,0.328544533870577,0.387127208914541
-2.07096443816284,0.26675704698204,1.25834896901421,0.587418185138279,0.597742579557078,0.280209238243354,0.368163374238528,0.34305904863838,0.402251471697455,0.473976808213603
-0.607375029434075,2.17507479331762,0.656277750543693,-0.0254487979376513,-0.0258960830814212,-0.012139542943567,-0.0159499919411495,-0.0148623938283863,-0.0174267952241581,-0.0205341617344064
-1.53605295535829,-0.0704598084536622,-0.0120182849673268,0.768062379535688,0.781561755525727,0.366379829120221,0.481381823766601,0.448557358087948,0.525952771535242,0.619735248876529
1.43450857208168,-0.641289006317798,-0.326243170599898,-0.569294658146875,-0.579300515541024,-0.271563983770429,-0.356804483725651,-0.332474698196149,-0.389840866120229,-0.459353271363213
1.39628858322697,-0.907239407629726,-0.026368723745985,-0.638947726495216,-0.650177798202613,-0.304789773705085,-0.400459428904367,-0.373152899802558,-0.437537804962476,-0.51555503673801
-0.644087968547062,2.17604466398142,-0.52086599840016,0.390510756501059,0.397374328615279,0.186280786624335,0.244751969597308,0.228062821338722,0.26741345516782,0.315095866322014
2.08503695481301,-2.46680815559086,-1.07437799143806,-0.550950462285165,-0.560633904203996,-0.262813466202801,-0.345307289363938,-0.321761474568465,-0.377279151196913,-0.444551680905587
1.36664974557776,0.29239920294793,-0.112006203397986,-0.652916481069731,-0.664392065999931,-0.311453125602527,-0.409214322689026,-0.381310814855644,-0.447103310810846,-0.526826164999708
-0.192366120488867,3.47628767216554,-0.732866345514397,0.176059297056578,0.179153694999809,0.083983510830995,0.110344872716453,0.102820676104799,0.120561659714972,0.142058972272987
1.75445010805953,1.10898577921061,-1.12194140258572,-0.542828611426115,-0.552369304628954,-0.258939194517112,-0.340216932795175,-0.317018219253289,-0.371717480578577,-0.437998310505498
2.31219051337572,1.61467001190799,-0.118861906600888,-1.18228375661996,-1.20306343986284,-0.563971016239451,-0.740994385528159,-0.690467457474397,-0.809602755066941,-0.953962773953962
1.96311018605222,-2.3334384909688,0.31656277444594,-0.967058759044449,-0.984055672499178,-0.461304748583191,-0.606102474905363,-0.564773556979862,-0.662221257164473,-0.780301726374024
0.0121895788862653,-2.62435752853701,-0.857643770874198,0.409791845860526,0.416994300182358,0.195478219558159,0.256836360406396,0.239323201660133,0.280616734819352,0.330653418717724
2.07698223988543,2.77170800073792,-0.713253967401325,-0.920475875611581,-0.936654053668099,-0.439083859594489,-0.576906729897286,-0.537568611546397,-0.630322289970648,-0.742714864125796
-0.356137282137821,-2.01847448746716,-0.336311422433665,0.386905080569268,0.393705279738271,0.184560813133964,0.242492118181325,0.225957064679916,0.264944365026041,0.312186513474518
-2.22987339161708,2.23512297940647,1.09679380970051,0.626216293275473,0.6372225987778,0.298716646766717,0.392480024228685,0.365717594804059,0.428819590445072,0.505282280064571
0.55240988562442,-1.8718766626857,0.0223289390916675,-0.191229837481636,-0.194590871097473,-0.0912201366008372,-0.119852983791694,-0.111680448064915,-0.130950122937283,-0.154299799185508
-0.384272537592958,1.89468872818007,-0.438612591007374,0.247563936665622,0.25191509192549,0.118092534185455,0.155160287114934,0.144580216851285,0.169526515151246,0.199754736060723
1.03335766989778,1.51965686522337,-0.551282525363628,-0.398333362038092,-0.405334423366964,-0.19001231280801,-0.249654774656319,-0.232631313907225,-0.272770208958205,-0.321407781237424
-2.77399266311662,0.714031032765384,1.2833582532316,0.905618736517699,0.921535787207341,0.431996732002427,0.567595042587083,0.528891869606861,0.620148437310093,0.730726914918459
0.813380228768873,-3.6912930139461,-0.901794629656175,0.0791986847827627,0.0805906717519011,0.0377792238890755,0.0496376444627972,0.0462529525683474,0.0542335738258934,0.0639039457370775
-1.48089019015576,1.0820701538393,0.414285960017569,0.541347723886499,0.550862389180369,0.258232784024725,0.339288788983412,0.316153363715387,0.370703400307825,0.436803409892768
-1.74493412534743,1.56984072050855,1.05465199685423,0.432263738211908,0.439861155927524,0.206197723987845,0.270920581703805,0.25244704802072,0.296005008452798,0.348785570701954
-1.54463843958483,-1.87480882276516,-0.499700076161849,1.02374593599201,1.04173917674491,0.488345570730879,0.641631069131905,0.597879527284556,0.701039429516699,0.826041555129783
-1.39601910901675,0.799241792098881,0.437120886465021,0.505181062966417,0.514060067190206,0.24098062404293,0.316621394176519,0.295031613314096,0.345937240611797,0.407621203859073
1.46569648112075,0.265283901101551,-0.416020889217882,-0.597915928331989,-0.608424829877025,-0.285216854108858,-0.374742817391409,-0.349189852695862,-0.409440102822618,-0.482447241949374
2.87742759241839,-0.208127161398359,-1.20599509101119,-1.00726826294033,-1.02497189400801,-0.480485418746059,-0.631303714848726,-0.588256374675564,-0.68975586969019,-0.812746027212166
2.33919285352092,0.931735808107611,0.188591106566535,-1.2667778721075,-1.28904261420017,-0.604276257608916,-0.793950932411148,-0.739813003131749,-0.867462527141652,-1.02213950423716
-1.07054308832716,-1.59060932273848,0.674308953991784,0.378574791548004,0.385228578515862,0.180587112625448,0.237271123339756,0.22109207905499,0.259239960390219,0.305464958198074
-0.665607482607361,-2.35567966198204,0.778970010199594,0.17941503164715,0.18256840959535,0.0855842577216447,0.112448073810956,0.104780464114858,0.122859595345559,0.144766652100906
1.02953956331258,2.41301458519562,-1.0443448685819,-0.272692275239737,-0.277485083286482,-0.130079212140473,-0.170909431680958,-0.159255458686145,-0.186733866623299,-0.220030325094907
-1.48435745577064,2.48154821731412,0.947260057147911,0.295760802047758,0.300959059866832,0.141083322138787,0.185367592635498,0.172727746505062,0.202530702835025,0.238643890325411
-1.32914535685931,2.31616671412143,-0.728368219169369,0.793136451204227,0.807076526192255,0.378340620766885,0.497096956639471,0.46320090741912,0.54312296218527,0.639967050953912
2.74680772063922,0.959880986655657,-1.39889885391906,-0.933463492420567,-0.949869939335436,-0.445279190799269,-0.585046697213054,-0.545153530739053,-0.639215933557844,-0.753194330572643
-1.37441830399551,-1.63090928843617,0.797196883448988,0.489450290005102,0.498052811973704,0.233476757087514,0.306762158287432,0.285844659040311,0.335165142071576,0.394928335732797
0.596879599468818,1.87378962475458,0.438495744417802,-0.533703899602722,-0.543084217920673,-0.254586539774867,-0.334498034778656,-0.311689281477051,-0.365469072114833,-0.430635750245464
2.43262432620574,0.981208347175925,-0.0155033743255352,-1.24644224166447,-1.2683495670568,-0.594575789254673,-0.78120560972521,-0.727936758558887,-0.853537120198929,-1.0057310622545
-2.42876486646282,-1.93534587655097,0.970886280934897,0.967452795736762,0.984456634735047,0.461492711305808,0.606349436749388,0.565003678988703,0.662491085105445,0.780619667252374
0.0291253399516574,2.23686724985908,0.504787119894311,-0.292397849172169,-0.297537000118529,-0.139479131993916,-0.18325986749282,-0.170763742932643,-0.200227824276479,-0.235930386197566
1.36150098992223,1.74442817500537,-0.959701457900169,-0.433583333488943,-0.441203944259282,-0.206827195115437,-0.271747635857241,-0.253217707002311,-0.296908639214769,-0.349850327587877
2.00424333106347,-0.382755512957405,0.269199862884418,-1.06506041585156,-1.08377979514779,-0.508053334676154,-0.667524850929661,-0.622007663787979,-0.729330706066147,-0.859377440521599
-1.33707371378531,-3.17329193407492,-0.070836824197795,0.8383584162225,0.853093307263307,0.399912326734168,0.525439748286115,0.489611060678292,0.574090001411965,0.676455813445088
0.3758080965335,2.43354870516923,-0.78747011413882,-0.0367783137154852,-0.0374247251247057,-0.0175439295732141,-0.0230507471829608,-0.0214789627440426,-0.0251850065130722,-0.0296757372981919
-2.49199049595196,2.76148712776444,0.891295723851534,0.800193211324569,0.814257315116343,0.381706824653341,0.501519769352505,0.467322137361607,0.547955281333093,0.64566101944653
-2.27071614162937,0.740927524409489,1.3263340320943,0.640592495916412,0.651851475901867,0.305574358857978,0.401490285413873,0.374113464264369,0.438664108057984,0.516882170592952
-1.09175264135335,1.49486047083102,-0.408563600144601,0.606929869570946,0.617597199109826,0.289516669252551,0.380392290127669,0.354454099163123,0.41561265794757,0.489720423485046
1.7079795591832,2.86242326528068,-0.25869433126569,-0.895731517768969,-0.911474791839756,-0.427280347484514,-0.561398244618511,-0.523117618922367,-0.613377880331617,-0.722749102002215
-1.62351039989477,-1.90805050234641,-0.475563827587289,1.05624018660408,1.07480454256612,0.503845923701996,0.661996786863091,0.616856547375565,0.723290800790357,0.852260561588998
0.770567327697345,-2.96417560935333,0.845833535546122,-0.525132973402666,-0.534362650108112,-0.250498050922598,-0.329126220983992,-0.306683760942393,-0.359599884260236,-0.423720029305056
-1.87962771020211,-0.305970003778257,1.12023163044451,0.566843724592252,0.576806504660312,0.270394843553627,0.355268365181259,0.331043324509059,0.388162518983006,0.457375658662833
-1.4843037988046,3.65941674789634,0.21717504972025,0.485931098019723,0.494471767074997,0.231798038024326,0.304556510541567,0.283789410011554,0.33275527429574,0.392088765173149
-1.96917774455221,3.20868511372638,0.473662858747949,0.660983990725482,0.67260136927694,0.315301475538487,0.414270620998661,0.386022334276398,0.452627769729657,0.533335688493546
-0.452179667058023,3.00480341605961,-0.88331209066644,0.378190611751338,0.384837646419304,0.180403851822675,0.237030339288746,0.22086771358779,0.25897688224161,0.305154970665493
1.6543572702747,-2.10436407330526,-1.13331751395368,-0.335167249646559,-0.341058110653527,-0.159880919732633,-0.210065518375255,-0.195741569988038,-0.229515399499216,-0.270440219973462
-0.634246430000623,1.7517176762207,-0.121440264227322,0.271017110043862,0.275780475579911,0.129280127646081,0.169859524670035,0.158277142738583,0.185586749148176,0.218678665454706
2.26553335008046,1.07001109152403,0.131557020385024,-1.21766590623969,-1.23906746207233,-0.580848949955488,-0.763170089177422,-0.711131044156635,-0.833831698120531,-0.982511972410511
0.233161083916517,-3.49249138171492,-0.631850193061244,0.265736483729844,0.27040703758552,0.126761172131364,0.166549900877227,0.155193195585882,0.181970688631088,0.214417826296147
-1.37306591886949,-3.49602315138346,0.267216760142604,0.757424899884702,0.770737312756613,0.361305556404047,0.474714801020653,0.442344946315034,0.51866845185802,0.611152064392336
2.97839619507634,-1.19302576340541,-0.593663833462903,-1.21692978803093,-1.23831840593465,-0.580497808081176,-0.762708728309759,-0.710701142565618,-0.833327620037302,-0.981918012318903
-1.61584246411051,-2.90990491160257,0.76981047843466,0.67965016536952,0.69159561845832,0.32420558288527,0.42596961502871,0.396923597255845,0.465409968870732,0.548397077642158
1.70184064072114,3.25348753687244,-0.10421046277107,-0.963673500902483,-0.980610915449702,-0.459689918417533,-0.603980769973942,-0.562796526872589,-0.659903104434215,-0.777570224541594
-1.02351616712723,2.6520963843723,1.02811687152063,0.0320494440960815,0.0326127414370947,0.015288172112295,0.0200869359842934,0.0187172479149628,0.0219467772379217,0.0258601003544094
2.07014359000343,-0.404951403280265,-1.1448374215979,-0.618740150863797,-0.629615056547491,-0.295150389842476,-0.387794364359434,-0.361351440728269,-0.423700087229474,-0.499249919801155
2.54306729306486,-2.28179121754517,-0.933076122744382,-0.834392427360286,-0.849057612637278,-0.398020477373562,-0.522954071337994,-0.487294877079616,-0.571374176643643,-0.673255730795484
0.195175128854875,2.02334633187729,0.267868192500266,-0.284303137162824,-0.289300016382489,-0.135617806036831,-0.178186520153142,-0.166036337021173,-0.194684737764849,-0.229398913630548
1.68009630290806,2.8984901122921,0.0763614728614089,-0.996890943987199,-1.01441218449124,-0.475535247449983,-0.624799747389097,-0.582195899774468,-0.682649702522097,-0.804372761556352
1.6724169608944,1.49348299311646,-1.04846336501028,-0.54549758606977,-0.555085188863785,-0.260212344328797,-0.341889708230844,-0.318576931471019,-0.373545137613199,-0.440151856505278
-2.64228712064066,-1.63970629417771,0.274826201404323,1.2942323086244,1.31697958673368,0.617372526906383,0.811157955008684,0.755846713205216,0.886262740980701,1.04429197843835
-1.91695315520851,-2.26609924158784,1.35702052178244,0.599395076079016,0.609929974954626,0.285922434688299,0.375669870791049,0.350053692174667,0.410452991720431,0.483640738755822
0.0578572197225265,-2.66858335335104,0.911954797986348,-0.20875105112105,-0.212420035571379,-0.0995780765679893,-0.130834375409187,-0.121913040507916,-0.142948277149551,-0.168437340594586
-2.5953598315885,0.591021278400506,0.0190090010871834,1.25036738863361,1.27234370195734,0.59644815628389,0.783665689084517,0.730229090017235,0.856224977308073,1.0088981903402
0.347126560498336,3.56324037555458,0.384032936552266,-0.472725743838101,-0.481034317108021,-0.225498842102948,-0.296280076688269,-0.276077329662162,-0.323712528789669,-0.381433610490012
0.943579664827952,1.62122021669557,-0.64154802197849,-0.32824670496326,-0.334015931273328,-0.156579693105678,-0.205728078461692,-0.191699891444238,-0.224776357783731,-0.264856161183526
1.45037736107836,-3.52517728887022,-0.328094996444571,-0.438089075245073,-0.445788878413973,-0.208976516496949,-0.274571602037303,-0.255849112565461,-0.299994075277776,-0.353485926808733
-0.471960989662872,-1.88810698582153,0.137819988621412,0.277763070037392,0.282645001789926,0.132498074176902,0.174087543918556,0.162216861794076,0.190206238983634,0.224121855105563
0.226490340321787,-2.11632745471902,0.180649945362107,-0.0716134130354964,-0.072872082141358,-0.0341609102720567,-0.0448835879632825,-0.0418230656919849,-0.0490393411637827,-0.0577835310424663
1.85424665207416,-0.555470794619523,0.238367077860477,-0.972074268079194,-0.989159333543507,-0.463697238297649,-0.609245936882661,-0.567702672559578,-0.665655771010964,-0.784348647330848
-2.3706626630381,2.34130987405266,1.28459367353239,0.627365836442201,0.638392346182931,0.299264999921635,0.393200498503746,0.366388941376439,0.429606773140969,0.506209825065483
0.714024823203425,2.18595065036816,-0.731385372973492,-0.211324226942883,-0.215038437235321,-0.100805528586235,-0.13244710909201,-0.123415805100077,-0.144710333189789,-0.170513588306797
-0.998012960713123,-1.49213782952425,-0.0953214820233731,0.598036302411549,0.608547319637554,0.285274274750559,0.374818261646324,0.349260152557628,0.409522532430489,0.482544369555336
-0.957454423791322,3.04194984621032,0.901751500489254,0.0233290837867806,0.0237391130785827,0.0111284004516652,0.014621464609259,0.0136244561233902,0.015975260085584,0.0188238038105733
-2.10515118968239,0.947703074637957,-0.287257808378382,1.09401090324739,1.11323911297831,0.521863247656714,0.68566952093675,0.638915084965775,0.749155383708001,0.882737050351981
-0.358126855987456,-2.28076346209771,0.765635509713406,0.0280679026197183,0.0285612208459598,0.0133889038697508,0.0175915114610239,0.0163919814088299,0.0192203023704225,0.0226474685897111
1.68956121380497,-0.271936938709856,-0.0375627358330575,-0.81088345000186,-0.825135444198337,-0.386806264391827,-0.508219858730773,-0.473565361019188,-0.555275729268706,-0.654286774207785
0.893082086693966,1.5375411348566,-0.357262266449524,-0.395301564292399,-0.402249339093008,-0.188566089728231,-0.247754600442611,-0.230860708780221,-0.270694098384939,-0.318961480024746
-1.67344492786112,-0.462094165781747,-0.48576186203267,1.01500174329479,1.03284129712317,0.484174430584505,0.636150660847232,0.592772817101397,0.695051592452318,0.818986028675394
0.515694107107589,-2.16098565093939,0.4183523537923,-0.293010496154484,-0.298160414913697,-0.139771375830709,-0.183643842973887,-0.171121535892108,-0.200647351891561,-0.236424719652991
1.15686090460859,1.75269338633722,-0.828651433602426,-0.376936574849664,-0.383561568709367,-0.17980565324143,-0.236244373738443,-0.220135341459501,-0.258118144459867,-0.30414311161333
-1.35602295920627,-1.35333064374867,-0.216101499950079,0.809470139102267,0.823697293109024,0.386132089195016,0.507334068466177,0.472739971024614,0.554307924042872,0.653146399929034
-2.55767946644146,-0.811549531544906,-0.0656664092585203,1.32765450835211,1.3509892111974,0.633315528609529,0.832105263310572,0.775365666366822,0.909149552060055,1.07125972978007
-0.778782036172534,3.58403769800198,-0.395431141411632,0.34722728473964,0.353330111535472,0.165633777461791,0.217624125387496,0.202784770675814,0.237773854868236,0.280171237985812
0.287598041666126,3.66631155330596,0.101171386071879,-0.352600691329236,-0.358797960500887,-0.168196990868077,-0.220991899064294,-0.205922902587989,-0.241453449343482,-0.284506939823117
1.51306135464095,-0.154696769537144,-0.581136900624139,-0.545406767884041,-0.554992774468075,-0.260169022390039,-0.341832788083416,-0.318523892594826,-0.373482947252412,-0.440078577000338
-1.191343352102,1.0451489362861,0.441249864228402,0.390630397226929,0.397496072132778,0.186337857442888,0.244826954224014,0.228132692913409,0.267495382590692,0.315192402198524
1.44324598039941,-1.13556337366469,0.258710815615146,-0.747584826533331,-0.760724291408465,-0.356611661104572,-0.46854755135176,-0.436598229090645,-0.511930179044304,-0.603212292220365
0.994200407892733,-2.09839501753322,-0.977610180779533,-0.0611819274179813,-0.06225725393314,-0.029184900484511,-0.0383456716364991,-0.0357309568292208,-0.0418960818166985,-0.0493665593126041
1.61364001321496,3.34952891845637,-0.453166160840509,-0.806676084651048,-0.820854130678325,-0.384799274023142,-0.505582899468362,-0.471108210745259,-0.552394615017988,-0.650891929358886
-0.990791287399365,1.59986893396746,0.416684782262455,0.272994923493316,0.277793050850935,0.130223580903199,0.171099115972429,0.159432208784409,0.186941113706363,0.220274526341774
2.73072454207102,1.69449065454196,-1.20284748882798,-1.02702091326002,-1.04507171463648,-0.489907794898858,-0.6436836557083,-0.599792152079465,-0.703282064251479,-0.828684073376129
1.30750057398082,-3.12110688525665,-1.12717413325531,-0.116680425546127,-0.118731187277325,-0.055658701053823,-0.0731292633825037,-0.068142724885429,-0.0799002722109573,-0.0941472652371831
-1.32222897416094,-0.960886356197527,0.512380357570018,0.527700077016263,0.536974872839385,0.251722606386247,0.330735148920364,0.308182979294357,0.361357782181503,0.425791377465379
-2.3873862843693,2.12401892031941,0.0429493952467841,1.06570304175728,1.08443371577247,0.508359879008748,0.6679276156513,0.622382964787206,0.729770762609963,0.859895963412743
0.490314161502848,-2.21191029518978,-0.629979888413433,0.0762953032854614,0.0776362607555397,0.0363942577128971,0.0478179549199947,0.0445573440231949,0.0522453999665606,0.0615612612068167
-0.857188774052953,-1.74012452561657,-0.169237329156148,0.56518823463485,0.575121918001941,0.269605144508519,0.354230789593449,0.330076499129482,0.38702887469246,0.456039874606616
0.755597559945847,-2.71179871114052,0.670387138306593,-0.470541591584346,-0.478811776445618,-0.224456961455198,-0.294911162882164,-0.274801759356012,-0.322216867809617,-0.379671258659444
1.43416861576776,0.865447039985896,-0.769209240907154,-0.49175086627998,-0.500393822912427,-0.23457417412671,-0.308204040655872,-0.287188222328182,-0.336740527743547,-0.396784627940642
-2.84843986759617,0.651457110292014,1.23684899711007,0.961205315105038,0.978099349102734,0.458512548564773,0.602433838614946,0.561355077675141,0.658212943328271,0.775578691327355
-1.33822960439653,0.436539550704057,0.267202323998025,0.551401668631807,0.56109304090146,0.263028699898117,0.34559008219409,0.32202498432001,0.377588127700481,0.444915750914719
-1.41498579434694,-1.21545620153093,-0.303968744820958,0.861744245704383,0.876890163392798,0.411067795922213,0.540096778165757,0.503268656947269,0.590104119741888,0.695325404301627
-1.82625551645397,-0.462743860382265,-0.277545115854547,1.02033245503706,1.03826570084153,0.486717277766269,0.639491675599209,0.595886014726421,0.69870195040475,0.823287280834472
0.157926790585889,1.99323722136997,-0.334091013661015,-0.0609755338682603,-0.0620472328341419,-0.02908644697931,-0.0382163148211863,-0.0356104205969356,-0.0417547479063351,-0.0492000241960421
-2.16718044685718,0.180881211625747,1.13961197334441,0.679312796781066,0.691252320318381,0.324044651886588,0.425758169824885,0.396726570078403,0.465178946041267,0.548124861202844
-0.461060404349611,-2.05097269178248,0.099668025957733,0.29307733366673,0.298228427154367,0.13980325854879,0.183685733273944,0.171160569776221,0.200693120797506,0.236478649598514
-1.11936001564143,1.70537118868114,-0.214969766173107,0.545068255258719,0.554648312183809,0.260007545664808,0.341620625856379,0.318326197286555,0.373251141010847,0.439805437458953
0.767809516081189,-2.4423685852265,-0.892707743668563,0.0387401419217285,0.0394210341977244,0.0184797575764046,0.0242803197606583,0.022624693222011,0.026528424716908,0.0312586999898215
1.42466967807384,1.31765584439344,0.458666767770383,-0.923727094141621,-0.939962415240855,-0.440634750409098,-0.578944425724024,-0.539467360962145,-0.632548655227302,-0.745338211888362
-2.34755121553056,-0.0451685191862569,1.43047973948344,0.681178056543877,0.693150363672119,0.324934414972728,0.426927218290665,0.397815903462835,0.466456236230218,0.549629904613541
-0.925213988996705,-3.2364825437094,-0.530526489524629,0.792804681834176,0.806738925681938,0.378182360697983,0.496889020736502,0.463007150250314,0.542895773581404,0.639699352419787
-0.427356975014281,1.95638349825254,0.580921477661986,-0.078624259410565,-0.0800061503454695,-0.0375052124606869,-0.0492776243125413,-0.0459174814735029,-0.0538402195559834,-0.0634404525879726
-1.77827701376256,0.372240611600185,0.74542723801945,0.610769123810718,0.621503931640274,0.29134806387595,0.382798536361162,0.35669626826905,0.41824169754362,0.492818246324935
1.76974899224635,1.96363954949799,-1.37751249276075,-0.50505826794671,-0.513935113939365,-0.240922048568416,-0.316544432601377,-0.29495989959514,-0.345853153195636,-0.407522122841533
-0.625741444453386,-1.85200855939291,-0.192681007952842,0.463874670689093,0.472027678515974,0.221276718022578,0.290732681257527,0.270908200052713,0.317651502266542,0.374291844186941
1.02633290828326,3.36613372429225,-0.879065322178803,-0.372715519010651,-0.379266324078709,-0.177792132259007,-0.233598833985236,-0.217670195781315,-0.255227655254191,-0.300737220164131
-2.32563348307154,-0.716816529116911,1.37654282677267,0.720795036629279,0.73346364724017,0.343832440420509,0.451757094917567,0.420952680365348,0.493585101060663,0.581596109009342
2.79045660692647,1.30640594500881,-1.32767162529266,-0.995783845701476,-1.01328562797345,-0.47500714128107,-0.624105875372878,-0.581549341506,-0.681891585177396,-0.803479464540492
-0.659970467870378,2.42014155653458,0.784534669941022,-0.0545144957080356,-0.0554726362107837,-0.0260044133839224,-0.0341668698596003,-0.0318370992042021,-0.037330366478593,-0.0439867326732257
-0.462164498958083,3.38332475921671,0.669397819217388,-0.159788378941027,-0.162596801100003,-0.0762219847393143,-0.100147101746918,-0.0933182707819537,-0.109419681268547,-0.128930271067903
-0.933133641042128,-3.02044836104239,-0.603044566065772,0.81086401043747,0.8251156629664,0.386796991363399,0.508207675016001,0.473554008087607,0.555262417468727,0.654271088784835
1.5030138775936,0.850125720543421,-0.445957418287713,-0.634351953004042,-0.645501249925464,-0.302597505536203,-0.39757903548354,-0.370468914659558,-0.434390717083374,-0.511846792584645
0.312107961676512,-3.01049823672409,0.816190470219461,-0.285872551278744,-0.290897014340294,-0.136366445328288,-0.179170147849923,-0.166952893108725,-0.195759439151023,-0.230665244691195
-0.798076435911283,-2.16351490494521,-0.671511741616453,0.72598982230283,0.738749735868877,0.346310448376767,0.455012918231192,0.423986495586151,0.497142379734027,0.585787684951657
0.242148118432474,-2.48734093890068,0.801731075789398,-0.271456886742677,-0.276227981743372,-0.129489909189945,-0.170135153987348,-0.158533977442931,-0.185887898872158,-0.219033513093585
-2.1091193417601,-0.266251497135795,1.17847730536706,0.658891432224144,0.670472032208205,0.314303286789016,0.412959113425121,0.384800255786404,0.451194830201954,0.531647241958254
1.63311176181987,-0.355329545284152,0.219023097976728,-0.865643382455072,-0.880857830922285,-0.412927755600616,-0.542540555663747,-0.505545798135685,-0.59277416560699,-0.698471545225823
-1.8064031211597,0.209845558046297,1.00970631778619,0.543176531514781,0.552723339721057,0.259105158774741,0.340434991134275,0.317221408629511,0.371955728850829,0.438279040754087
-1.95646884165406,-2.02929852388322,-0.388667894490387,1.19756667968041,1.21861497382017,0.571261250585693,0.750572932233929,0.699392862199993,0.820068175526235,0.966294280324784
1.48409790089666,2.9640559355288,-1.0962038671147,-0.506705032759807,-0.515610822101298,-0.241707585559811,-0.317576539719451,-0.295921629389017,-0.346980822693052,-0.408850866741088
1.64064885675082,0.168667823540766,-0.589710086357743,-0.621210527578967,-0.632128852319502,-0.296328804803138,-0.389342668872484,-0.362794169447137,-0.425391748629248,-0.501243220826158
-1.83878801866791,-2.82510275817018,0.196191544974232,0.979836753040371,0.997058251047013,0.467400085864983,0.614111061470369,0.572236054012902,0.670971355510494,0.790612052071779
1.55685684329596,-0.669651896876932,-0.127356252267964,-0.695732889756049,-0.707961010957781,-0.331877337119719,-0.436049435890399,-0.406316095253258,-0.476423076256678,-0.561373928827505
-1.15163249047309,-1.43695761493643,-0.236557343845905,0.719188301740391,0.731828672563787,0.343065998436476,0.450750076488166,0.420014328512543,0.492484843203425,0.580299664511116
-1.84700008421317,-0.575197690003978,1.11285225118517,0.566105151858714,0.576054950857408,0.27004253082602,0.354805465944259,0.33061198944704,0.387656760093449,0.456779718060834
0.0529207322228453,3.36485137600105,-0.692540403472337,0.0463196863737152,0.0471337958507052,0.0220953391686274,0.0290307866873461,0.0270512352913526,0.0317187354491,0.0373744934363933
0.577382682132093,-4.07528369267839,0.0935980624567381,-0.121909945143542,-0.124052620309344,-0.0581532777282333,-0.0764068561253597,-0.0711968251215371,-0.0834813359361733,-0.0983668673366479
-2.46965315172805,2.67537264470645,0.554507522994298,0.907086803007159,0.923029656264467,0.432697026618954,0.568515150826904,0.529749237502432,0.621153737998555,0.731911470464276
2.14274624610565,2.01261010397015,0.233019664910958,-1.23640311924049,-1.25813399817245,-0.589786943900162,-0.774913606379868,-0.722073794362225,-0.846662542816472,-0.997630681087954
2.55785552246125,0.409153933376769,0.104826384106157,-1.3216596470515,-1.3448889849045,-0.630455869918469,-0.828347993923341,-0.771864597679238,-0.905044398624564,-1.06642258769487
-2.67171961074846,-1.40252885386592,0.514879336122093,1.21629299215739,1.23767041781012,0.580194044780762,0.76230961755113,0.710329246372957,0.832891555775449,0.981404193572293
-1.36813424522238,0.841920359826348,0.104164723595867,0.601850020519185,0.612428067215747,0.287093488171002,0.377208503151312,0.351487408265541,0.412134085426716,0.485621587765151
2.61494731756275,-1.03207723018814,0.0151641092907307,-1.25044342290134,-1.27242107259461,-0.596484426022861,-0.783713343435837,-0.730273494913462,-0.856277043956449,-1.00895954097668
-1.29691681096498,2.56574280951241,1.04576152500033,0.165613324935372,0.168524125674779,0.079000590715736,0.103797876997484,0.0967201069554788,0.113408480318464,0.133630311652731
-0.169118533814379,-2.22387714662956,0.517924231708518,0.0154608732941906,0.0157326118238902,0.0073751198685181,0.00969007671991567,0.00902932973070113,0.0105872769922028,0.0124750911047303
-0.0642072989997465,-2.3084431786914,0.788385342947115,-0.123834137226509,-0.126010631770915,-0.0590711526109712,-0.077612840325153,-0.0723205756660059,-0.0847989817237645,-0.0999194621403987
0.528719942519176,2.12111203680192,-0.716750809195949,-0.121398868521209,-0.123532561063114,-0.0579094848143412,-0.0760865396991183,-0.070898350433019,-0.0831313615419768,-0.097954489115587
-1.56624933361676,1.86227232700262,1.03694524827383,0.335729441124727,0.341630183144416,0.160149095369394,0.210417870952698,0.196069896346555,0.229900376258858,0.270893841821012
2.37422008781828,-2.10824319272626,-1.10299776187416,-0.701687509965533,-0.714020288886777,-0.33471780007293,-0.439781484240446,-0.409793662675839,-0.480500673449384,-0.566178601124722
-1.05092682214987,1.71360751419975,-0.0179537264327809,0.44420291837079,0.452010177742854,0.211892931698826,0.278403443086281,0.259419668022029,0.304180704934923,0.358419073115676
1.36124638744087,-1.96465154825875,0.583497057751586,-0.776945653668145,-0.790601161062002,-0.370617313659752,-0.486949401110366,-0.453745293446057,-0.532035848606531,-0.62690299755424
-1.25696106662284,1.32963949074719,-0.117442527500974,0.598281464475439,0.608796790641664,0.285391221547418,0.374971916563657,0.349403330052858,0.40969041419428,0.482742186264927
-0.794401789844046,-3.08980501140342,0.978387194133685,0.211036943682267,0.214746104717179,0.100668489206702,0.13226705478442,0.123248028336316,0.144513607726907,0.17028178478698
1.28411934865735,0.988758453423693,0.131497427512747,-0.727771526717936,-0.740562755315734,-0.347160354030971,-0.456129598521243,-0.425027031676223,-0.498362452999102,-0.587225309106335
1.44306636493949,0.800639092716018,0.0537647709947155,-0.771177539331736,-0.784731667011841,-0.367865817425557,-0.483334245007246,-0.450376647621412,-0.528085966666472,-0.622248813377189
1.10760834420011,-1.57400033175462,-0.185296274845285,-0.410281756880161,-0.417492821821692,-0.195711916091723,-0.257143411326215,-0.239609315390633,-0.280952215459268,-0.331048718807626
-1.89605749460925,-2.27403547052929,1.28021311331459,0.615386770901903,0.626202737965311,0.293550766152852,0.385692639024553,0.359393027848729,0.421403763998494,0.496544139879322
-0.280376294783892,-2.25929922576914,-0.584621085596343,0.444869037984582,0.452688004998318,0.212210682960674,0.278820932450528,0.259808689619877,0.304636849470032,0.358956552642905
-1.532616260773,-1.26052569461482,0.889279710692132,0.518886235275264,0.52800612003029,0.24751824236973,0.325211088212902,0.303035593259986,0.355322250934219,0.418679652492964
0.933181902657938,1.28540908641812,-0.0529179037363692,-0.505910794849952,-0.514802624757345,-0.241328719523084,-0.317078752425427,-0.295457785216941,-0.346436945475424,-0.408210010943635
2.06873108305747,-0.888120873878128,0.400160112142515,-1.11699305623073,-1.13662519763757,-0.532826155757928,-0.700073547239783,-0.652336929467013,-0.764893072962799,-0.901280922149813
-0.279825012438893,-3.64087983464389,-0.29056087138144,0.41153678751457,0.418769910730096,0.196310588701691,0.257929999696863,0.240342267870392,0.28181163372804,0.332061379684251
-1.66971475147237,2.13850022163416,1.17328960405243,0.327624318296394,0.333382605610032,0.156282803260883,0.205337998649469,0.191336410395774,0.224350160639948,0.264353968957783
-1.30268844792689,3.09397407824256,1.03177757337646,0.147840205164178,0.150438627595911,0.070522486907762,0.0926586036292823,0.0863403984032039,0.101237826148241,0.119289511871115
0.353688474767169,3.74637708109339,-0.675421573947794,-0.126713784571361,-0.128940891466095,-0.0604447971615235,-0.0794176545272332,-0.0740023231902274,-0.0867709029406123,-0.102242996024479
0.974062791246653,2.35431825141249,-1.06022245584679,-0.237037818640309,-0.241203968061165,-0.113071383005332,-0.14856306008336,-0.1384328415623,-0.162318453545277,-0.191261407201074
-0.169247678811582,2.84598214333425,0.765576527114203,-0.311544101990967,-0.317019765273417,-0.148612245427078,-0.195259749723455,-0.181945377146879,-0.213338770734563,-0.25137914149643
1.29876630708991,0.579199826666192,-0.125859849654398,-0.628387703934924,-0.639432173901104,-0.299752449440505,-0.393840952261671,-0.366985723871018,-0.430306526252512,-0.507034350939676
-2.90531408817912,-0.172784038350881,1.13377165552904,1.06377078807763,1.08246750102452,0.50743815859667,0.666716578859141,0.62125450617656,0.728447596412529,0.858336863856564
2.75237365377013,-0.264137802605005,-0.111838695281887,-1.31243603742386,-1.33550326217554,-0.626056039111379,-0.822567111871872,-0.766477902435667,-0.89872826704922,-1.05898022863598
-2.02551117958797,-2.90760856760794,0.532357378245689,0.962648014330281,0.979567405043526,0.459200742531435,0.603338047963949,0.562197630793524,0.659200873054066,0.776742778499481
-1.51397436154399,-2.62988833152069,1.12783561672479,0.494767613629536,0.503463592266215,0.236013217891746,0.310094782058738,0.288950037848887,0.338806332125841,0.399218785268598
0.121154570729631,2.81504319306217,-0.987025692945312,0.138448779564081,0.140882139380282,0.0660426048067288,0.0867725431951335,0.0808556966809222,0.0948067777664363,0.11171174522526
-0.647077329817273,-2.0626943005345,-0.499058946953214,0.588096711016174,0.598433031127715,0.280532907520512,0.368588639208245,0.343455315638681,0.40271611177819,0.474524298124592
1.19281411628735,-1.78578680692209,-0.894610612338432,-0.202587761274861,-0.206148420452157,-0.0966380743743783,-0.126971543710082,-0.118313607591792,-0.138727787430555,-0.163464296648553
-1.67778513742901,-0.307326512927672,0.752655018566084,0.591186951380254,0.601577585200793,0.282007008800172,0.370525442236193,0.345260051934198,0.404832242612747,0.477017755599074
-0.238577879969256,2.869131122098,-0.773025616146636,0.241660328026232,0.245907722140073,0.115276404685921,0.151460210181922,0.141132440778629,0.165483849596108,0.194991224050652
1.47728026072515,-0.696163586569136,-0.592571410110723,-0.497831922077523,-0.506581758646827,-0.237474949172249,-0.312015332301242,-0.290739629603956,-0.340904705336142,-0.401691318762292
-2.31517805984817,-0.467482577101364,-0.355127728831438,1.28888297817516,1.3115362370681,0.614820798260224,0.807805271012965,0.752722642038889,0.882599633333984,1.03997570319091
-2.14421199504404,-2.47341669886455,0.743063669063129,0.92937293200568,0.94570748370146,0.443327918525371,0.582482945250699,0.542764595905518,0.636414804841394,0.74989373345409
-1.18852552138836,-0.956777476157251,0.319986064396359,0.526317383104542,0.5355678768586,0.251063036053681,0.329868547802187,0.307375469976611,0.36041094281737,0.424675707464697
0.541390279888033,-3.80557781052276,0.213922810291276,-0.157699107399235,-0.160470808762036,-0.0752253639297775,-0.0988376542698266,-0.0920981119145434,-0.107988992580787,-0.127244476719133
1.32636135642751,3.20196972366491,-1.12119652812166,-0.431571761381817,-0.439157016992303,-0.205867638360012,-0.270486886372086,-0.252042925507973,-0.295531157446263,-0.348227227467811
-2.09168818742114,2.42406116301213,1.31591793401748,0.474665343857584,0.483008007314227,0.226424066853742,0.297495717786745,0.277210078620668,0.325040725604274,0.382998637671167
-1.69898974437338,-3.26490500656036,0.498798159942146,0.829455293654969,0.844033704438147,0.395665374127402,0.519859730968555,0.48441153360337,0.567993332554753,0.669272049434276
1.97228232633211,1.47719260366703,-1.21437639753245,-0.637130211389108,-0.648328338660168,-0.303922785695072,-0.399320304323066,-0.372091449852655,-0.436293209298328,-0.514088517602804
1.53759248230253,-1.99273623060988,0.34674120757573,-0.782906195130634,-0.796666464315264,-0.373460601159148,-0.490685160595922,-0.457226318949224,-0.536117500547278,-0.631712447600377
2.16504770292195,1.12499076290057,-1.34899652028718,-0.670180071388326,-0.68195907919518,-0.319688174524923,-0.420034249317055,-0.391392952284512,-0.458925050055779,-0.540755834942747
1.20233366347873,-2.82348155679879,0.657227062495586,-0.681946337778311,-0.693932148129112,-0.325300899199645,-0.427408737281377,-0.398264588634728,-0.46698233886893,-0.550249816452365
-1.34391504201178,1.29724028890331,-0.412086392750735,0.742472013270177,0.755521615927808,0.354172755490147,0.465343104110531,0.433612286710413,0.508429033333035,0.599086858291398
1.05983304525378,-3.71097665434882,-0.643004269095013,-0.129354847554973,-0.13162837346876,-0.0617046325999114,-0.0810729363762184,-0.0755447346740305,-0.0885794466644564,-0.104374020624899
0.038623850221336,2.04104677609712,-0.067285739479578,-0.0943638118186556,-0.0960223393152939,-0.0450132673730901,-0.0591423627053487,-0.0551095630462626,-0.0646183300745117,-0.0761404046865638
-0.56215051684251,-2.99829636538759,-0.63173729328285,0.635795232935752,0.646969896779153,0.30328597651049,0.398483608789359,0.371311806917268,0.435379044464599,0.513011348318019
1.34772128338218,1.03654387111802,0.0868049228169503,-0.7464553856918,-0.759574999644685,-0.356072897127131,-0.467839676175708,-0.435938622509861,-0.511156761992882,-0.602300967411772
0.625935554152972,-3.24207708780603,-0.733016050197746,0.0934126408263061,0.0950544506510486,0.0445595413803501,0.0585462178618948,0.0545540681297219,0.0639669884218551,0.0753729225036398
-0.0774904796683885,2.88278376243032,0.806743498009487,-0.372659551033151,-0.379209372414477,-0.177765434508175,-0.233563756148071,-0.217637509831848,-0.255189329574314,-0.300692060644033
-2.72169748577438,1.45065572458365,1.45573332670234,0.786106809819761,0.799923332639824,0.37498735301437,0.492691140549214,0.459095515133628,0.53830921337063,0.63429496406489
-1.09818930462797,-1.1027980501153,0.13795120839904,0.550114870496044,0.559783626149754,0.262414873607891,0.344783583594604,0.321273479250176,0.376706955722861,0.443877457432094
-0.63648721743633,2.3702095337827,0.850095419953002,-0.085902804753084,-0.0874126225632752,-0.0409772119621441,-0.0538394405460975,-0.0501682365639128,-0.0588244125039013,-0.069313375451389
2.0361343643104,-1.75252108419161,-1.50804479917628,-0.414461771363435,-0.421746303758466,-0.19770585959541,-0.259763228477715,-0.242050492439977,-0.28381460041798,-0.334421494750206
-2.11205477742635,-0.337050041106432,1.36426336958035,0.600955460032108,0.6115177840365,0.286666766426616,0.376647838848239,0.350964974542155,0.41152150944328,0.484899783546034
2.90261074092983,-0.241468396995283,-0.460833238718614,-1.26997227102221,-1.29229315750257,-0.605800044425841,-0.795953016638121,-0.741678569231636,-0.869649983534966,-1.0247170053089
1.53166867080611,-0.936944000220529,-0.635853547180794,-0.498577843787173,-0.507340790590602,-0.237830767496125,-0.312482837496843,-0.291175256553454,-0.34141549664814,-0.402293189116431
-0.511013402921023,-1.75460965116643,0.220974740884934,0.262589630039348,0.267204875156716,0.125260065257614,0.16457761554075,0.15335539644963,0.179815790195452,0.21187868858153
-1.35561993677689,1.19796484870909,0.365250664987311,0.490325303841223,0.498943204952308,0.233894154721219,0.307310571759404,0.286355677292316,0.335764332924431,0.395634368122805
2.54478776828457,2.1068386470803,-0.849095433221006,-1.07429734478444,-1.09317907128055,-0.512459519035903,-0.673314080833614,-0.627402137660636,-0.735655958418248,-0.86683054668015
0.926631360439802,-3.21674689734934,0.701265335818931,-0.541429765981069,-0.550945873237351,-0.258271919607186,-0.339340208730248,-0.316201277252325,-0.37075958098816,-0.436869608132978
0.512738618545255,3.87676623149272,-0.551102379682412,-0.253745789584653,-0.258205596379986,-0.121041391304964,-0.159034753189185,-0.148190490817737,-0.173759716467464,-0.204742758204979
2.61753816511827,-2.10305584543722,-0.346694377151806,-1.07802185712623,-1.09696904522263,-0.514236179671421,-0.675648412772667,-0.629577296164314,-0.738206425204513,-0.869835786416645
0.0428125239038427,-2.99232470044896,0.96341251562001,-0.203151060988979,-0.206721620657223,-0.0969067786599945,-0.127324590872571,-0.118642581172986,-0.139113523086589,-0.163918812711078
1.62690655368724,0.277780812105245,-0.591458500726817,-0.619052598293331,-0.629932995517088,-0.295299432991694,-0.387990190268199,-0.361533913659202,-0.423914044579685,-0.499502027820845
-1.66180400723746,1.13520498810358,-0.349575344066253,0.886535489145934,0.90211713487597,0.42289367332202,0.555634648915982,0.517747031306107,0.607080635641249,0.715328997542968
-0.704116234623276,1.72109834572112,-0.303525937439204,0.36862243676455,0.375101302290105,0.17583965702541,0.231033501469346,0.215279788169036,0.252424799641396,0.297434588226875
-2.31082717388655,2.2262851915448,1.02241836074033,0.69186288145595,0.704022983837181,0.330031272246002,0.433623914600554,0.404055965418596,0.473772976934626,0.558251291108332
-0.785683365047078,2.65041018860788,-0.669998679781536,0.488254994615101,0.496836508209489,0.232906579283725,0.306013008882241,0.285146592637687,0.334346629226884,0.393963874113871
1.17384039057532,-1.36191161232603,-0.0462758610708022,-0.500242663594057,-0.509034871078815,-0.238624917050398,-0.313526260552357,-0.292147530673584,-0.342555529821053,-0.403636501254669
2.7159741879637,-1.94952610159412,-1.0802294274419,-0.886230131499073,-0.90180641029825,-0.422748012129052,-0.55544326651676,-0.517568698890671,-0.606871533223326,-0.715082610137054
0.994520962674212,1.48634644047835,-0.359168645498742,-0.442429960871297,-0.450206058946391,-0.211047198483649,-0.277292244911098,-0.258384240232355,-0.302966621371507,-0.356988506684522
1.55370755169431,-0.427156484244732,-0.531525028018086,-0.569221529072105,-0.579226101158053,-0.271529099861737,-0.356758650199208,-0.332431989966385,-0.389790788886167,-0.459294264872907
1.40107144806746,0.786863925535976,0.171418164402483,-0.789483416017997,-0.803359285680003,-0.37659805604433,-0.494807422889238,-0.461067492405188,-0.540621441433954,-0.637019484804842
-0.548584872706375,-2.2179479452688,-0.52779163843698,0.55648874141704,0.566269523492519,0.265455326832902,0.348778396633432,0.324995893961913,0.38107164688028,0.449020415330798
2.57348752964524,-1.58150792806854,-1.26877674265693,-0.769618940752973,-0.783145674683829,-0.36712233734351,-0.482357395930458,-0.449466407933287,-0.527018671529967,-0.620991209172317
0.56596776085861,2.35050217383911,0.648305977675916,-0.612188402024247,-0.622948154924347,-0.292025085590855,-0.38368806662988,-0.357525143244332,-0.419213589059042,-0.493963435518316
-2.74895076853807,1.55126943068271,0.90731864758359,0.980114025573405,0.997340396890178,0.467532349944021,0.614284841571034,0.572397984395384,0.671161225840177,0.790835778121701
1.06573087239804,-3.87883287130861,-0.596867738476746,-0.139809850814155,-0.142267132662008,-0.0666918607334728,-0.08762559234595,-0.0816505781129119,-0.0957388103920496,-0.112809968302418
1.50476556164582,0.707247373323984,-0.269043953953374,-0.688150197392587,-0.700245046065995,-0.32826025391604,-0.43129699601541,-0.401887714767022,-0.471230609901702,-0.555255595389712
1.80461402993552,1.24925677857637,-1.25144170759023,-0.530636346205552,-0.539962749558024,-0.253123260594142,-0.332575450769628,-0.309897794633938,-0.363368476832391,-0.428160598462627
2.84900764079565,-1.30648093553594,-0.38570656479112,-1.21769434817601,-1.23909640390084,-0.580862517280283,-0.763187915113881,-0.711147654578069,-0.833851174553215,-0.982534921679932
-0.0411441367832906,-2.7369494038127,1.00810898195354,-0.188942212374383,-0.192263038954606,-0.0901288975059171,-0.118419218546103,-0.110344448409489,-0.129383605949274,-0.152453957033941
-1.74837680050289,2.70917341447444,0.98078200659128,0.404241222701591,0.411346119909576,0.192830470600958,0.253357516538396,0.236081573211388,0.276815786208961,0.326174724126664
1.43053871713731,0.145528969765375,-0.390869991487485,-0.583257894678459,-0.593509168310925,-0.27822470346028,-0.365555919086047,-0.340629390648018,-0.399402593330236,-0.4706199472187
1.58386845130779,-2.14428138955017,-1.13466583730788,-0.297890934625504,-0.303126631409618,-0.142099434411217,-0.18670264969917,-0.173971768692463,-0.203989372290597,-0.240362654684118
-1.68640401031993,1.68221120994508,-0.510862389634921,0.926966930907369,0.943259195004741,0.442180211913578,0.580974988048851,0.541359463295238,0.634767226493997,0.74795237591701
-1.39210624598855,-1.21604480640023,-0.2852379103878,0.844112810961608,0.858948840582103,0.402657278469051,0.529046305654358,0.492971694098627,0.578030488463773,0.681098927534246
-1.89906406023514,3.20434320612491,0.982005809265477,0.454674484620166,0.462665791035506,0.216888060682213,0.284966479882674,0.265535184439723,0.311351410645706,0.366868385161929
1.72379261688834,-0.142818297652606,-0.730438433568449,-0.599868444163197,-0.610411662901777,-0.286148239938515,-0.375966553453483,-0.350330144638557,-0.410777144110217,-0.484022690658788
1.51668282426272,-0.156116831346174,0.0618503900509323,-0.764435417109289,-0.777871046025132,-0.364649701581866,-0.479108631075393,-0.446439169868844,-0.523469104854976,-0.616808720352441
-1.81872111688578,-3.00059868317861,0.4489818072782,0.892891727633024,0.908585089879201,0.425925715552959,0.559618410856074,0.521459148471473,0.611433252483185,0.720457728158699
1.03410283214333,-2.96734324621414,-1.15723305630803,0.0214773473772757,0.021854830763052,0.0102450882528563,0.0134608918827555,0.0125430205344933,0.0147072304011714,0.0173296721421378
-0.710414194034395,-1.62133157583464,-0.0434553209892877,0.444297098624564,0.45210601329793,0.211937857405649,0.278462470404286,0.259474670385044,0.304245197568355,0.358495065410791
2.60560017861012,1.40558577135798,-0.124598993327583,-1.31559778265972,-1.3387205778818,-0.627564249525145,-0.824548730459734,-0.768324398407523,-0.900893362898201,-1.06153138206159
1.47006607803853,-0.505269603783265,0.0878943202498975,-0.733392997131469,-0.746283028046307,-0.349841898426831,-0.459652845788675,-0.428310035745226,-0.502211916301664,-0.591761169029442
1.79991298954153,-0.282714942193196,0.431775988894368,-1.02362714142436,-1.04161829425761,-0.488288903545301,-0.641556614833461,-0.597810149876105,-0.700958081524967,-0.825945702002602
-0.674051058005988,3.50139247073982,-0.588769372451572,0.364674638316911,0.371084117791283,0.173956484825879,0.22855922533342,0.212974227983928,0.249721431281845,0.294249183084468
-0.621737966599383,-3.74621221633268,0.771974780921599,0.226806801847721,0.230793132094871,0.108191000520695,0.142150787260442,0.132457808823669,0.155312470983108,0.183006190037532
-2.29656545891931,-2.24417718384051,1.01858444741352,0.900695704797831,0.916526228848533,0.429648355661733,0.564509540613658,0.526016761854048,0.616777249960719,0.726754612187027
2.20198836626508,-1.73082407119693,0.27668492089365,-1.10079647051759,-1.12014394259793,-0.525100087584277,-0.6899223639803,-0.642877935131265,-0.753801995763598,-0.88821219837773
0.555231740424629,-2.29973243261299,0.454833503700275,-0.318257400965019,-0.323851056417636,-0.151814612053124,-0.199467298732135,-0.185866021787326,-0.217935894998978,-0.256795977578132
1.82296921009989,-2.88842192069362,-0.902409305824187,-0.459059855616268,-0.467128238807544,-0.218979963005501,-0.287715003888332,-0.268096292079751,-0.314354419373988,-0.37040685945529
-1.50448936758589,3.54763912221017,0.636809312063204,0.359472971208917,0.365791026780835,0.171475194299296,0.22529908909216,0.209936393925417,0.246159440348625,0.29005205464069
-2.82662090649301,0.530761206407776,0.424877158059898,1.23060837794135,1.25223740916712,0.587022746116826,0.771281761871972,0.718689598081815,0.842694427299009,0.992955012109906
0.143171656928654,3.30000561478139,0.613057699373047,-0.436496716720368,-0.444168532779094,-0.208216932302066,-0.273573593970333,-0.254919156676458,-0.298903662048772,-0.35220108233138
-1.93340104370002,-1.65480733031415,-0.288130603364568,1.13418951693082,1.15412390135187,0.541029182622206,0.710851400490642,0.662379862418318,0.77666884327364,0.915156426452224
-0.977986793909027,3.59105563762873,0.919437177005009,0.00116003952799148,0.00118042824923195,0.000553360111577343,0.000727052852091874,0.000677476569374499,0.000794370380705749,0.000936014319593397
-1.55962232479755,1.00091000948913,0.938121697968321,0.407194904118539,0.414351714891183,0.19423943076051,0.255208731472495,0.237806557494332,0.27883840438278,0.328557994726562
-1.9425343706916,0.400140953931149,1.2446866276265,0.52203692921126,0.531212190200306,0.249021181110953,0.327185780416883,0.304875635144251,0.357479779088245,0.42122188883025
-0.969135950979719,-3.20323974272691,1.03779179549239,0.282930270058235,0.287903019923667,0.134962923271335,0.177326077970053,0.165234566673025,0.193744627589104,0.228291172697772
-1.30923689219237,-1.89313001347422,1.0194346777106,0.394654200905769,0.401590597721996,0.188257285530432,0.247348866512661,0.23048264103707,0.270250797715019,0.318439134548367
-2.51901432510527,0.542781577833247,-0.141188724351865,1.26901884074535,1.29132296984489,0.605345240712991,0.795355455791845,0.741121754866679,0.868997094772361,1.02394770015133
0.880529963788826,-1.83300483543908,0.0940600747060394,-0.379815609359581,-0.386491204798496,-0.181179005458488,-0.238048803847243,-0.221816731080996,-0.260089646020394,-0.306466151012299
1.10423304096877,2.7982285697254,0.369894289215238,-0.806125822089308,-0.820294196765127,-0.384536788698105,-0.505238023319525,-0.470786851012606,-0.552017806926445,-0.650447932732136
2.63282006319194,-1.6466769105888,-1.37497656981686,-0.759979476079421,-0.773336787888535,-0.362524136059336,-0.476315877417999,-0.443836848508746,-0.520417771269449,-0.613213304411363
1.72826529083773,2.79358246236712,0.0537107001983487,-1.00805212107121,-1.02576952913919,-0.480859333438015,-0.631794996633477,-0.588714156936057,-0.69029263905608,-0.813378507759019
-1.44027161302359,-1.89899559740282,-0.507802465725551,0.975965201811237,0.993118653879034,0.465553284985843,0.611684573152307,0.569975023089747,0.668320199623475,0.787488169391864
1.41590863319419,-0.475835634834062,-0.336217950079515,-0.564655714353358,-0.574580038205267,-0.269351122576271,-0.35389703338936,-0.329765501094741,-0.386664216136837,-0.45561019389581
-2.60879887735861,-1.06857785960434,0.205025633640424,1.273823111266,1.29621167967131,0.607636965785461,0.798366524380436,0.743927504698594,0.872286956979995,1.02782417667995
0.74003801872942,-3.40506443572587,-0.776574060070718,0.0594565536715887,0.060501555216346,0.0283618655914936,0.0372642964997302,0.0347233185045004,0.040714582594724,0.0479743873268182
-1.46315495780139,1.0219511658578,0.626619999387929,0.463691313915498,0.471841099084828,0.221189253481718,0.290617762703482,0.270801117565479,0.317525943450199,0.374143897016575
-2.49978973953686,-2.03284651517817,1.2820478625068,0.902143135487521,0.917999099413447,0.430338806623636,0.565416715400164,0.52686207820267,0.617768419692672,0.727922517089815
-1.9493121609779,-1.55738131510633,1.35589923621578,0.581776310511259,0.592001543990911,0.277517960663772,0.364627338664101,0.339764128271509,0.398388036023742,0.46942448451013
-2.29204955954481,2.56193157384758,-0.0350703329843061,1.02384049449823,1.04183539720055,0.488390676871049,0.641690333519004,0.597934750551395,0.701104181169355,0.82611785262976
-0.0147089759500155,3.34114358196341,-0.849600781866425,0.134026456794102,0.136382090374242,0.0639330758101925,0.0840008597264238,0.0782730087753995,0.0917784652498153,0.108143455232822
1.1343949741137,-1.5030259208029,-0.0400232267709285,-0.476049306731457,-0.484416294560298,-0.227084242504507,-0.298363114224848,-0.278018329027063,-0.325988433926683,-0.384115331573808
0.704823090466752,3.26269281150932,0.353834082328126,-0.625215487723929,-0.63620420318306,-0.29823924417973,-0.391852771007495,-0.365133112727965,-0.428134260102606,-0.504474748678985
1.79196638542441,-0.972834166155849,-1.02447323695565,-0.494410817317436,-0.503100524943196,-0.235843019512889,-0.309871160561308,-0.288741664654997,-0.338562005604686,-0.39893089296041
0.0324443483070909,3.25783866096588,-0.899732029046635,0.13161848256384,0.133931793866031,0.062784427978303,0.0824916658673943,0.0768667238331224,0.0901295357436497,0.106200505612269
-1.69020509646308,1.31392884437825,1.15145059508822,0.384733927315527,0.391495966544809,0.183525133247416,0.24113135147694,0.224689085940883,0.263457605484552,0.310434650295293
-2.74777630457163,-0.890080341440172,1.05641519944508,1.04633796020273,1.06472827577315,0.499122380258783,0.655790582873109,0.611073532047486,0.716509966890765,0.844270639276986
0.532065514790867,1.58573144409044,0.272250123984526,-0.431597299771651,-0.439183004241938,-0.205879820639931,-0.270502892515599,-0.252057840224511,-0.295548645592111,-0.34824783391958
1.60892594593551,-1.99895948111191,-1.13041173747573,-0.318712550664492,-0.324314205775845,-0.152031726799998,-0.199752563052139,-0.186131834502764,-0.218247571826641,-0.25716322940532
1.14675723928627,1.12906247630595,0.0217868008758895,-0.629410344307395,-0.640472788083071,-0.300240267637178,-0.394481890420698,-0.367582957736355,-0.431006808615658,-0.507859500436163
1.31200153295991,-3.04871278305544,-1.03064836029816,-0.155006174571539,-0.157730545256878,-0.0739407856252915,-0.0971498630820057,-0.0905254078388279,-0.106144929491613,-0.125071599306248
-2.86458065287926,1.35461748787962,0.779795681685535,1.08990892004409,1.1090650337903,0.51990652650343,0.683098609760684,0.636519479091021,0.746346432909147,0.879427236397911
1.09592468481971,-2.21558297460627,0.534734742788912,-0.617039063393014,-0.627884070959091,-0.294338939947949,-0.386728210605663,-0.360357985870823,-0.422535218732173,-0.497877343959458
-2.67865388898796,-0.375583537404913,-0.00837390251197474,1.34726771796079,1.37094714032098,0.642671388988048,0.844397809935566,0.786820008774551,0.92258026059004,1.08708526382778
-2.29238101965062,1.06013551906695,1.24614619028348,0.663097479956089,0.674752004951032,0.316309648629357,0.41559524687209,0.387256636555597,0.454075042175314,0.535041023644996
0.862442384155725,-3.92768457722034,-0.163844610305429,-0.183145168291245,-0.186364106691818,-0.0873636012524198,-0.114785930772156,-0.106958907276458,-0.125413913534341,-0.147776429982318
-0.230365191745825,-2.39578364435536,0.978316719522764,-0.101552947495476,-0.103337830413406,-0.048442616825654,-0.0636481415790718,-0.0593081018525506,-0.0695412971861837,-0.0819411845536561
2.50030249959379,-2.3752619268838,-0.513085386479335,-0.950669112955405,-0.96737796387668,-0.453486587072566,-0.595830291375163,-0.555201813140329,-0.650997976328578,-0.767077225775346
1.46427168892162,-0.351722341221444,-0.0455063480279951,-0.692810601043219,-0.704987360434847,-0.330483351855275,-0.434217896281592,-0.404609444674448,-0.474421955138537,-0.559015988416689
-2.27575126106551,2.58252418096263,1.21685716907718,0.591680856566771,0.602080171208027,0.282242610624528,0.370834996493489,0.345548498304588,0.40517045837314,0.477416278507946
0.784313059433498,3.79424542105818,-0.558564415755041,-0.381740074282865,-0.388449493895794,-0.182097010491057,-0.239254959049254,-0.222940640967382,-0.261407478643228,-0.308018965965828
-2.00241609250989,2.65122669295659,1.02405644715915,0.51819234178115,0.52730003074398,0.247187242458037,0.324776191615183,0.30263035139317,0.354847087436951,0.418119762738269
1.8699095179859,-1.59484626594344,0.453471252840396,-1.00263264800161,-1.02025480403462,-0.47827414547664,-0.628398350866665,-0.585549121664056,-0.68658149923572,-0.809005635735789
2.83337968365056,-0.182249574701778,-1.3256227913294,-0.946269670422324,-0.962901197247949,-0.451387972368291,-0.593072948057019,-0.552632487559129,-0.647985331711246,-0.763527397420513
-0.740769140671383,-2.94154475182683,1.06684418914594,0.14746735823984,0.15005922755694,0.0703446320927538,0.0924249224372255,0.0861226514651835,0.100982508509415,0.118988668622436
-0.337840736952669,-2.47507428656449,0.865036995082099,-0.00624332046334829,-0.00635305234529776,-0.00297817826448826,-0.00391299075580658,-0.00364617172687055,-0.0042752929824083,-0.00503761916253222
-0.0193740099467633,2.23027431611243,-0.535134984392809,0.0833857761941968,0.0848513550001099,0.0397765432171741,0.0522618970672954,0.0486982626260032,0.0571008049143975,0.067282431921367
-1.12276546563372,3.83058621115717,0.250638843746432,0.28737938456522,0.292430331555199,0.137085232417359,0.18011455311554,0.167832901264403,0.196791286517043,0.231881080444502
1.4365088688277,0.103582374847866,-0.202267063470908,-0.647940699019131,-0.659328830176649,-0.309079586387469,-0.406095759533218,-0.378404900296481,-0.443696001157624,-0.522811299007511
-0.00669714208231064,-3.47503562310724,-0.625729414892305,0.381602283518017,0.388309281336321,0.182031281771328,0.239168598915692,0.222860169558945,0.261313122459935,0.307907785160439
1.82160088111342,-0.967334536773335,0.323355979596901,-0.964860593635535,-0.981818872388013,-0.460256183403651,-0.604724778377481,-0.563489802828202,-0.660716000273997,-0.778528067589189
-2.30589166077427,2.5034445209634,0.305423897258146,0.918429188835891,0.934571394561183,0.438107552498712,0.575623972351791,0.536373322677423,0.628920762424423,0.741063430632762
2.80020913905189,-0.388438189618804,-0.287595563130664,-1.2707575144385,-1.29309220226677,-0.606174619924319,-0.796445166648204,-0.742137160514909,-0.870187701514819,-1.02535060361678
-2.71216592081159,0.334424432651615,1.59961889456076,0.786342873891215,0.800163545746231,0.375099959902125,0.492839093314862,0.459233379295515,0.538470865022826,0.634485439773598
2.07980430319575,-0.653378138931053,0.28940252673322,-1.09631324742284,-1.11558192289002,-0.522961508016879,-0.687112511333946,-0.640259680728132,-0.75073198000066,-0.884594769045919
-1.44499225261109,-1.14506580277321,-0.475040219355837,0.931038951355604,0.947402784815744,0.444122640283654,0.583527120117826,0.543737570572728,0.637555659435852,0.751238013481296
-2.20221494113211,-1.46688605369817,-0.216034571520415,1.23391355903885,1.25560068174722,0.588599378064932,0.773353278648457,0.720619862264256,0.844957744973425,0.99562190126451
1.9744771382836,-2.91274554748613,-0.892617650552722,-0.53622467673303,-0.545649299939719,-0.255788996657094,-0.336077927668385,-0.313161444624246,-0.367195246646268,-0.432669718428045
-0.777935901148238,1.81751693321691,0.371637526329035,0.172370005064053,0.175399560435807,0.082223650947462,0.108032615072949,0.100666086694519,0.118035311074327,0.139082151181258
1.63294414982151,0.795829319441762,0.267042277817341,-0.937048916855283,-0.953518380777386,-0.446989503954444,-0.5872938560368,-0.547247460288151,-0.64167115590542,-0.756087342863806
-2.46403221802393,2.03609897107352,0.147241983176072,1.0726301975804,1.09148262248912,0.511664259270539,0.672269199085789,0.626428504313511,0.734514331493295,0.865485356608436
-1.39178363793221,-3.43979963667528,0.739686777277672,0.60431889803158,0.614940337435168,0.288271187984468,0.378755868041506,0.352929261432561,0.413824720204336,0.487613679111318
-2.53007671276887,-1.98799728120814,0.726468840210388,1.10275072874694,1.12213254864501,0.526032304569777,0.691147192087523,0.64401924465473,0.755140230208363,0.8897890529958
0.853388940836327,-2.48273448482361,-0.950336705204973,0.0177771263047795,0.0180895750308267,0.00848001499791082,0.0111417844564881,0.0103820484144637,0.0121733977591548,0.0143440325790493
-1.5065326986807,-1.509165450015,-0.349169935668514,0.936451506855334,0.952910470768032,0.446704528437444,0.586919430309184,0.546898565903512,0.641262062251588,0.755605303846059
-1.42345988312832,-0.289639778531083,0.0386537525040029,0.705705245661214,0.718108639842663,0.336634333621317,0.442299593430702,0.412140067026798,0.483251933347984,0.569420437331812
0.0103840834669578,-2.49824770683312,0.875287153595466,-0.181028024528915,-0.184209752254373,-0.0863536848829521,-0.113459014427024,-0.10572247070825,-0.123964138543136,-0.146068146057192
-2.93240269985505,-0.168932426706477,0.308112279105545,1.35603884073083,1.3798724233354,0.646855375272629,0.84989509659876,0.79194244643329,0.92858653879516,1.09416251965706
0.668807585849284,-2.63912061659064,0.650150040421552,-0.424214687179994,-0.431670635701,-0.202358179153693,-0.265875852306076,-0.247746308650862,-0.290493189606752,-0.342290941128379
-1.91461127040024,-1.87430554061711,-0.218735362577151,1.11196923044041,1.13151307366333,0.530429698798665,0.69692487274971,0.649402956805364,0.76145286397909,0.897227290557601
-2.16053473656888,0.626190282631467,1.24353361850061,0.619524175480941,0.630412861091075,0.295524383951429,0.388285750489174,0.361809320218675,0.424236970601613,0.499882534682676
0.916132774268687,-2.61513018490396,-0.98483218212161,0.0047213776683984,0.00480436005893712,0.00225218366300606,0.00295911563078832,0.00275733944260167,0.00323309894654643,0.0038095918278589
3.05823258041568,-0.405001676759529,-0.567978433306183,-1.30297171597171,-1.32587259689876,-0.621541384353165,-0.816635364083233,-0.760950628688402,-0.892247301139308,-1.0513436436829
1.47706346358787,-1.10403776342968,-0.57731739219019,-0.483300295271019,-0.491794725639948,-0.230543096905999,-0.30290765927781,-0.282252990624208,-0.330953756562402,-0.389966019365446
-2.24292821894438,2.12675255909676,1.33469959392898,0.55748046047746,0.567278672893012,0.26592839499712,0.349399954911364,0.325575069421563,0.381750754987003,0.449820614995695
0.933524234512466,-1.65831256815964,-0.346685370345924,-0.265489023632514,-0.270155228157998,-0.126643129130445,-0.166394805671244,-0.15504867601241,-0.181801233222904,-0.214218155346115
-2.03075092086867,-0.79077708680246,-0.305633575353841,1.14683350874677,1.16699012251284,0.547060598408675,0.718776001411378,0.669764100620527,0.785327179778661,0.92535862828326
1.99086248028275,-2.19843515579702,-1.17927624120351,-0.481748995979772,-0.49021616089089,-0.229803098717851,-0.301935385017378,-0.281347013804843,-0.329891459822643,-0.388714304819911
2.09472817864765,-1.20303713325635,-1.18939788048555,-0.577543105718972,-0.587693936878373,-0.275498644408018,-0.361974184574558,-0.337291887463384,-0.395489227473418,-0.466008790296491
-1.37780363150021,3.54372785808131,0.140251958562366,0.464745029285259,0.472913334434661,0.221691895021521,0.291278177065572,0.271416499590468,0.318247505310149,0.374994120350412
-0.280661184004092,3.47258205454566,0.527706602308962,-0.206063498098637,-0.209685246426342,-0.0982960645292036,-0.129149956005414,-0.120343478301024,-0.141107898036542,-0.166268804046525
-0.885896068131575,1.7206813782172,0.498798712541993,0.187502581220197,0.190798105008935,0.0894421670653694,0.117516932105551,0.109503687080269,0.128397777173244,0.151292345431288
0.708491148132096,-3.557205966683,0.290719244376625,-0.278320505443846,-0.283212234616931,-0.132763981080305,-0.174436915635933,-0.162542410551424,-0.190587958886585,-0.224571639367305
-1.85134339106181,-1.2939856630573,1.25145904647423,0.555916955512471,0.565687687944695,0.265182574478938,0.348420030765138,0.324661964346846,0.380680100061628,0.448559051919031
-2.82255420385431,-0.341393437444436,1.0912359931893,1.04525919894409,1.06363055433078,0.498607791371041,0.655114471041663,0.610443522932243,0.715771254139141,0.843400206881241
-0.429606978789068,3.88546175358165,0.0752323683848209,0.000789148123366887,0.000803018099963845,0.000376438115305795,0.000494597278775713,0.000460871677599288,0.000540391840162196,0.000636748943400749
0.945649928011393,1.83850828122279,0.535760624984954,-0.737584936910619,-0.750548644876585,-0.351841530515172,-0.462280137099606,-0.430758177305988,-0.505082467449197,-0.595143567271467
2.59292367933939,1.11708274158788,-1.3843292699124,-0.869733837640766,-0.885020179477571,-0.41487897767826,-0.54510424167388,-0.507934671514148,-0.595575222264728,-0.701772057436897
-1.96990682741171,-2.30102304718734,1.07320099714365,0.723212454866797,0.735923553742422,0.344985593216913,0.453272207792497,0.422364480717646,0.495240497622009,0.583546678823701
2.33926269347196,0.424572367828019,0.145517216991818,-1.22790945922231,-1.24949105456329,-0.585735312432485,-0.769590219036673,-0.717113398175974,-0.840846265198838,-0.990777304792631
-0.199390271526483,-3.6688519813405,0.921230368166823,-0.0364860353323373,-0.0371273096903326,-0.0174045074287029,-0.0228675621906008,-0.0213082687706569,-0.0249848604965867,-0.0294399033069074
2.46207092792186,-2.38806830423082,-0.812750179485765,-0.829848446693921,-0.844433767489666,-0.395852915331173,-0.5201061389843,-0.484641139548376,-0.568262555388711,-0.669589277309164
1.40771308668839,1.25170192504365,-0.863066988928256,-0.465472294670744,-0.473653382152863,-0.222038813936909,-0.291733989440914,-0.27184123102978,-0.318745521168403,-0.375580937263571
-1.01108048203619,2.86209450090911,-0.753775789476004,0.618018103518779,0.628880318581433,0.294805960028006,0.387341822382309,0.360929756685247,0.42320564457428,0.498667313227798
0.932253442954946,-1.99008916826746,0.485764412994802,-0.530267382350107,-0.539587300836318,-0.25294725807415,-0.332344203284566,-0.30968231545329,-0.363115818236503,-0.427862888390017
-2.02207078945661,0.697888065376207,1.29295876832751,0.530814534251636,0.540144069416699,0.253208259557267,0.33268712983227,0.310001858524221,0.363490496214135,0.428304375082898
1.07162222121092,1.97983565717032,-1.02663248725606,-0.278722475260196,-0.283621269408512,-0.132955728048454,-0.174688849552304,-0.162777165596922,-0.190863219262064,-0.224895981335893
-1.44905179875121,-1.04306022191259,0.672388888334054,0.540368127397228,0.54986557541594,0.257765498549081,0.338674828506861,0.315581267978208,0.370032593479831,0.436012991705063
-1.0120327300744,-2.68143183004318,-0.4971535935326,0.797872113973345,0.811895422425198,0.380599618684697,0.500065025433466,0.4659665895266,0.546365843264772,0.643788169163853
2.11749377079322,-0.943652062771138,0.472980607769512,-1.16308388283704,-1.18352611130794,-0.554812324623845,-0.728960896447106,-0.679254507993791,-0.796455090113793,-0.938470752896442
3.09423632663344,-0.172989976190787,-0.682170252951045,-1.29334520290998,-1.31607688935132,-0.616949361225158,-0.810601962972025,-0.755328633155723,-0.88565526986693,-1.04357618933664
-2.4300955520324,-1.74763458492097,1.36607434870181,0.825543373836843,0.840053029167502,0.393799316691594,0.517407941704229,0.482126926954973,0.56531453311712,0.666115594090717
1.75621251961497,0.229117846132265,-0.683934047226867,-0.649492979703472,-0.660908393567653,-0.309820052718107,-0.407068648880145,-0.379311450260821,-0.444758969934487,-0.524063805420881
2.61731029285258,1.79409032221981,-1.20165932974135,-0.976043478937088,-0.993198306794641,-0.465590624609235,-0.611733633211236,-0.570020737841186,-0.668373802133357,-0.78755132974884
-1.9877934696068,3.01038205172663,0.305580953106858,0.736526220489137,0.749471320577121,0.351336503382059,0.461616588336636,0.430139874608659,0.504357480975461,0.594289308682011
2.73735711690848,1.11605869662701,-0.409313653201761,-1.27072043622413,-1.29305447236997,-0.606156932936637,-0.796421927938781,-0.742115506406696,-0.870162311142719,-1.02532068589522
-2.43765911873367,1.22023783553777,1.30945938314537,0.705953073695758,0.718360823674222,0.33675255213503,0.442454919240725,0.412284801479881,0.483421640711742,0.56962040516354
-2.37634711684933,1.05968651189886,1.22841684941375,0.710688924077176,0.723179910816917,0.339011639547346,0.445423105620418,0.415050593155126,0.486664650264155,0.573441674754356
0.486853345972995,-1.94531649135732,-0.0469551980652771,-0.131827124951875,-0.134144103328666,-0.0628839542205877,-0.0826224321383942,-0.0769885734131248,-0.0902724096106304,-0.10636885527464
1.81784436926774,2.60702346952866,0.0770689295691613,-1.05134822560401,-1.06982660102252,-0.501512368663994,-0.658930758411823,-0.613999585284305,-0.719940890008657,-0.848313329243495
-1.22567741685993,-0.997262200515445,0.356100787652219,0.53445226675438,0.543845738287262,0.254943524619391,0.334967072650983,0.312126336593108,0.365981538013473,0.431239593781276
1.1220533819658,1.64860654334324,-0.868971303331253,-0.34107764437389,-0.347072385798386,-0.162700286320464,-0.21376984847764,-0.199193309214937,-0.233562712022954,-0.275209207551678
1.58729027792497,-2.77672475301605,-1.0976240382712,-0.28174428009902,-0.286696185141419,-0.134397184328545,-0.17658276072819,-0.164541934750152,-0.192932486905376,-0.227334219457876
1.69068895990499,-0.926161445976978,-1.00359422915997,-0.453557272103915,-0.461528942520644,-0.216355129840004,-0.28426626878923,-0.264882719343053,-0.310586367291192,-0.36596692716157
-1.16651220012537,3.72319825335171,0.00659482047132908,0.39667375141176,0.40364564361526,0.189220648128313,0.248614616446085,0.231662082009091,0.271633742921271,0.320068672290088
-1.95268338659049,2.97378783700209,-0.0614265646403928,0.84493078223507,0.859781188424531,0.403047465755112,0.529558967794699,0.49344939883094,0.578590617783704,0.681758933341378
-2.04040591033851,2.11073264849177,1.21386603365543,0.498801882307427,0.507568766786104,0.237937637975599,0.312623253268201,0.291306097653646,0.341568913458802,0.402473961631538
0.0507497184267146,-2.80264070374589,-0.848685506882329,0.39622848671983,0.403192553002348,0.189008248711171,0.24833554753818,0.231402042252968,0.271328835136399,0.319709396491635
2.90321591004538,-0.450659245187494,-0.362878261774451,-1.29333477837511,-1.31606628159602,-0.616944388531003,-0.810595429412065,-0.755322545106176,-0.885648131367304,-1.04356777797333
-2.00772803509366,-1.895580572187,-0.155260039447691,1.13764773136545,1.15764289696541,0.542678814276326,0.713018830657609,0.664399499848596,0.779036954920452,0.917946795360292
2.12821484197088,1.39240310325068,-1.20974832634573,-0.711838313963646,-0.724349502247754,-0.339559919584772,-0.446143483827332,-0.415721850210054,-0.487451727996993,-0.574369096076279
-0.156307630174541,2.03641858820275,0.239663015272075,-0.101352216068524,-0.103133570953995,-0.0483468642567671,-0.0635223334898225,-0.0591908723657822,-0.0694038405769904,-0.0817792180986463
-1.6964518940497,3.16257793808012,-0.153002117132123,0.739936966795293,0.752942013767828,0.352963491869084,0.463754267932732,0.432131790100109,0.506693087458116,0.597041376440073
2.7203211801682,1.1369183218887,-1.38340040147672,-0.934084274089188,-0.950501631791221,-0.445575315030491,-0.585435771095285,-0.545516074449883,-0.639641031632986,-0.753695227755152
-2.80774878156907,1.56807932631507,0.791136511852945,1.04768735589889,1.06610138829277,0.499766066732364,0.656636314389854,0.611861594820265,0.717434004345537,0.845359441566843
-1.89255549673522,1.34717061825215,1.12360642122253,0.492747691644459,0.501408168364792,0.235049678091533,0.308828799301413,0.287770379928761,0.337423132538617,0.397588947787313
2.91628531190484,0.445236008076891,-0.677051521085553,-1.2366350448286,-1.25837000005801,-0.589897576655527,-0.775058965357937,-0.72220924160173,-0.846821360523349,-0.997817817531422
-1.14490122547226,-3.50072093799708,1.10213533537886,0.362499949985111,0.368871207387638,0.172919118642319,0.22719624302472,0.211704184718215,0.248232250994136,0.292494467516507
0.304699835407535,4.01949712791113,-0.192340562380703,-0.278828260630156,-0.283728914049961,-0.133006189608351,-0.17475515035765,-0.162838945482695,-0.19093565883208,-0.224981337583415
1.4256922786982,-2.21509455146003,-1.07973119047131,-0.234732080679355,-0.238857704715166,-0.111971503747294,-0.147117942636724,-0.137086263789758,-0.160739533260533,-0.189400950124736
-1.56204346560723,0.382928807127001,0.458549875658447,0.600135012952206,0.610682916873142,0.286275398135516,0.376133625000314,0.3504858239101,0.410959684743789,0.484237780056733
-0.355944720834088,1.96955236312868,0.232623184043486,0.00309252236588441,0.00314687618308336,0.00147518983633613,0.00193823326879828,0.00180606901109723,0.00211769350082593,0.00249529877929471
-0.561522464384909,-2.04689054333553,0.568210655136849,0.184279544127927,0.187518420187655,0.0879047193129773,0.115496898948242,0.107621395951777,0.126190709965414,0.148691736746712
1.50865858693185,-3.03380676319473,-1.14356336846672,-0.214941123323707,-0.218718903770683,-0.102530854436399,-0.134713992905833,-0.125528114631551,-0.147187106856272,-0.173431994725929
1.68176724400972,-0.472696681829815,-0.539999192641219,-0.62758373903225,-0.638614078603826,-0.299368943449966,-0.393337068591015,-0.366516199022064,-0.429755988197213,-0.506385646612629
0.802275775449365,2.32122640591609,-0.949986226659296,-0.187639637805705,-0.190937570485216,-0.0895075455681005,-0.117602832093428,-0.109583729719437,-0.128491630606149,-0.151402933841023
-1.51866817951303,-0.871780523668139,0.854566701960016,0.505049802461804,0.513926499666071,0.240918010376994,0.316539126872739,0.294954955653548,0.345847356211736,0.407515292199212
1.06955700153708,-3.72566235547504,-0.00692624081534022,-0.348433458072135,-0.354557484431646,-0.166209144243479,-0.218380092525121,-0.203489189923307,-0.238599816696442,-0.281144476814218
-1.92442800361433,-0.62317626790791,-0.359301121329796,1.10427679873833,1.12368544066694,0.526760267919587,0.692103653926071,0.644910487269696,0.756185250460511,0.891020410488517
2.59617104321816,-2.35179178931184,-0.565428099058355,-0.981577974916573,-0.998830076438522,-0.468230680606322,-0.615202369396237,-0.57325294782966,-0.67216370719448,-0.792017011618749
-1.4205695470547,-1.76314944773326,0.991795477325807,0.452884953458532,0.460844807280123,0.216034421526496,0.283844894192205,0.264490077438695,0.310125977791178,0.365424445751046
-2.37199250357817,-0.233366694905132,-0.393419547418267,1.31871881791321,1.34189646809172,0.629053040531343,0.826504834133595,0.770147119276433,0.903030581417645,1.06404968735958
1.99885992285059,-3.0309971557361,-0.489605732953077,-0.678823582320285,-0.690754507480538,-0.323811287624362,-0.425451555472172,-0.396440863146371,-0.464843942390028,-0.547730123153325
1.62988282610938,-1.29069704416414,0.464702002908719,-0.902172766729505,-0.91802925145073,-0.43035294126903,-0.565435286731982,-0.526879383192441,-0.617788710536568,-0.727946425987861
-2.18114241906457,-1.91732975058999,1.34519276448334,0.717470606191702,0.730080786995816,0.34224662618446,0.449673513649086,0.419011174344538,0.49130860184783,0.578913687920251
-2.63607024532048,0.342253471756034,0.0503776199609951,1.27186673939903,1.29422092283756,0.606703740556087,0.797140371554338,0.742784960786189,0.870947275161172,1.026245616607
-2.54497625460543,-0.992483114157241,1.42971852530624,0.824670389895489,0.839164701760862,0.393382887354889,0.516860800465438,0.481617094185109,0.564716732293002,0.665411199585043
-0.000756504323116261,-3.44547238311684,-0.528620763266128,0.344422693397902,0.350476227019078,0.164295936000061,0.215866352411006,0.201146856729909,0.235853330404972,0.277908265394679
1.45380579792133,-0.818044241180047,0.0372394903592502,-0.693207633892113,-0.7053913714874,-0.330672743799482,-0.43446673596179,-0.404841316473561,-0.474693834783772,-0.559336346838059
-1.93238458154771,-2.02910033806698,1.6011323518083,0.513159649065039,0.52217888399988,0.244786555812692,0.32162195979406,0.299691200343783,0.351400806571166,0.414058976588551
-0.845673808544639,-1.50497527099696,0.0354854625582299,0.479010252514543,0.487429281585706,0.228496667899821,0.300218882088387,0.279747555784277,0.328016026583833,0.386504463655631
1.27061489976791,-3.65367992073256,-0.303157402433878,-0.35133408649986,-0.357509093970797,-0.167592797155022,-0.220198056586128,-0.205183190643824,-0.24058610531232,-0.283484939943842
2.63623234410967,-0.0247209702137607,-0.0913943888012207,-1.27332777508602,-1.29570763751964,-0.607400681350999,-0.798056073250356,-0.743638222611384,-0.871947761305729,-1.02742449912906
1.63203246976346,2.71935304085019,0.345425538122711,-1.0554242796835,-1.07397429535941,-0.503456721150091,-0.661485418552503,-0.616380048249337,-0.722732085095352,-0.851602221469819
-1.39096068865668,-2.32114408832205,-0.482676309283056,0.963320671954117,0.980251885220345,0.459521612543876,0.603759635015158,0.562590470665238,0.65966149467931,0.777285533425413
2.29198708031881,-1.42476306178177,-1.33574378952551,-0.615118557856145,-0.625929810837928,-0.293422823615253,-0.385524536942529,-0.35923638831213,-0.421220097412893,-0.496327723761188
-0.282459378696826,-2.07164034334075,-0.466570281724637,0.396995824089643,0.403973377005464,0.189374282697368,0.248816474963304,0.23185017619695,0.271854291436706,0.320328546743651
-0.459507969557033,-1.96866334056653,0.0336483272710016,0.31066941415752,0.316129704027273,0.148195003302622,0.194711540573118,0.181434549284226,0.212739803121401,0.250673372151916
0.464968064420302,-2.14212750980121,0.375615442912423,-0.25435404316315,-0.258824540553378,-0.12133153940763,-0.159415975111689,-0.1485457179783,-0.174176235573113,-0.205233546704577
2.75111534007702,1.1634341957491,-0.291024013535589,-1.3197844846472,-1.34298086486158,-0.62956138309088,-0.827172738993413,-0.770769481037061,-0.903760327317468,-1.06490955402693
0.276758046349964,2.09369312355069,0.364449851023027,-0.360718720320108,-0.367058671035036,-0.172069439452613,-0.226079860283509,-0.210663925887721,-0.247012502827827,-0.291057226428856
-2.59967990742625,-0.472061281614325,1.40785294227427,0.834165840502441,0.848827043314895,0.39791239129036,0.522812058400273,0.487162547720646,0.571219014785632,0.673072902074171
-1.89871012054988,-2.50704410739225,1.39257381162273,0.589912245873178,0.600280475616424,0.281398950915416,0.369726522671701,0.344515609100088,0.403959351409895,0.475989219433626
1.15759410340941,0.936775128324333,0.12818386772565,-0.661503868658202,-0.673130384524375,-0.31554946683871,-0.414596453631604,-0.386325949032494,-0.452983771073896,-0.533755168328263
1.44713318092327,2.74194475688884,-1.32939920151629,-0.398928229358515,-0.40593974600695,-0.190296075420283,-0.250027606763755,-0.232978723337463,-0.273177561439212,-0.321887768614352
0.360447622211549,2.93862617916756,0.683327946726267,-0.550487711594212,-0.560163020260155,-0.262592725643709,-0.345017261135118,-0.321491222785644,-0.376962269372049,-0.444178295979744
-0.0169885465628578,2.05954986598052,0.406481790542438,-0.227828194472044,-0.231832476598411,-0.108678223518637,-0.142790943395384,-0.133054313989582,-0.156011898914877,-0.183830332749245
-0.471942509565234,3.34631836902603,-0.794759831746973,0.341655642455603,0.347660542707864,0.162976001996758,0.214132107817664,0.19953086681367,0.233958512808306,0.275675583453642
2.53471434648024,1.32159039354074,-1.25533347415892,-0.894322381672368,-0.910040888929292,-0.426608163745229,-0.560515070904773,-0.52229466706127,-0.612412933922022,-0.72161209629435
-1.3278155981448,1.19644748691522,0.636795783247386,0.384858865428556,0.391623100555734,0.183584731016714,0.241209656232271,0.224762051251251,0.26354316044541,0.310535460534976
1.23669522240161,-2.69804884033775,-0.942118759792987,-0.164468815436657,-0.16735950040883,-0.0784546387126979,-0.103080557565509,-0.0960517001037324,-0.112624744571295,-0.132706828224918
-2.34902509784773,-0.166817607718138,-0.18507419382989,1.23373901945616,1.25542307447691,0.588516119485702,0.773243886254202,0.720517929119008,0.844838223981766,0.995481068521494
-0.966540386488223,-3.56269036879698,-0.237534810600536,0.729908517151208,0.742737305246925,0.348179737626152,0.457468953734503,0.426275058930971,0.499825818568189,0.588949606941116
-1.46124913892662,0.0693930834544988,-0.045900588679598,0.735758607499884,0.74869021611031,0.350970337920338,0.461135488167484,0.42969157969972,0.503831835936828,0.593669936037795
-3.09653975965401,-0.299783242251075,0.897365280652073,1.24445355690622,1.26632592940411,0.593627150184054,0.779959204848044,0.726775343542352,0.852175311199846,1.00412642951057
0.890882113739689,1.45651849813544,-0.228998126615633,-0.433670854960494,-0.441293003998145,-0.206868944461123,-0.27180248979452,-0.253268820559102,-0.296968572055848,-0.349920947035463
2.87292925460638,1.09588185379611,-0.969371076395856,-1.14760747121752,-1.16777768805891,-0.547429792689421,-0.71926108110754,-0.670216103700474,-0.785857172807097,-0.925983124206006
0.0775136148727489,3.04742955062776,0.658494594117664,-0.407215564189156,-0.414372738080824,-0.194249285992773,-0.255221680137522,-0.237818623215738,-0.27885255195945,-0.328574664953287
-0.760393624802712,-3.93785374318359,0.727366924801953,0.319741080501659,0.325360812935061,0.152522354379251,0.200397192423406,0.186732507883946,0.218951887169871,0.257993131001332
0.455879174550944,-2.32822200688436,-0.698755520310303,0.122173492850923,0.124320800100899,0.0582789948139384,0.0765720342142864,0.0713507400462911,0.0836618077973419,0.0985795190800166
-1.72013992624653,-1.30268308107376,-0.500280342119419,1.08338216007687,1.10242356024104,0.516793142401812,0.679007973765461,0.632707775399012,0.741877046586674,0.87416091517139
-1.60980137178446,0.180619864718673,0.734566811196822,0.540212739798959,0.549707456743127,0.257691375817363,0.338577439587109,0.315490519814497,0.369926187359509,0.43588761234207
0.849742848677282,2.00753821466026,-0.865729708880262,-0.224561298267743,-0.228508161802395,-0.107119854166126,-0.140743421612279,-0.131146408629819,-0.153774797920543,-0.181194334962906
2.15002713202936,2.61977101054362,-0.441735738250938,-1.04111460157048,-1.05941311199071,-0.496630742477649,-0.65251685150496,-0.608023029886651,-0.712933122063373,-0.840056008345722
-0.740062399760009,2.98657479096027,-0.745827946594402,0.475154562754739,0.483505824666417,0.2266574332322,0.297802334919947,0.277495788143594,0.325375732293446,0.383393379300312
0.96530039340102,3.02968625595625,0.426290933240311,-0.767500167961282,-0.780989662585391,-0.366111643897187,-0.481029458593874,-0.448229019992995,-0.525567781014125,-0.619281610813698
-2.05477651149158,2.59322726648913,-0.15913177332448,0.946773706941401,0.963414092654879,0.451628407023926,0.593388852110209,0.552926850745507,0.648330485192561,0.763934095113195
0.543075612185507,1.94392906310495,-0.121341609687392,-0.321226101013607,-0.326871933996623,-0.153230736375172,-0.201327926568729,-0.187599777125734,-0.219968797612116,-0.259191366432568
1.85104836462365,-1.8701936485918,0.534008429411777,-1.00729360375597,-1.02499768021091,-0.48049750677947,-0.631319597162944,-0.588271174006478,-0.689773222541438,-0.812766474244997
1.5974960376694,3.44496020757777,-0.516474293082081,-0.781867447908793,-0.795609460191798,-0.372965099700182,-0.49003412749574,-0.45661967849662,-0.535406188556471,-0.630874301786705
-0.453240032073245,2.21677329538969,-0.421391311209991,0.260433689199197,0.265011041748476,0.124231641971103,0.163226383191378,0.152096301936973,0.178339447791039,0.210139100015896
0.90733589396934,3.91135828123601,-0.442140346880934,-0.487626634771727,-0.496197104385823,-0.232606840124282,-0.305619185391539,-0.284779623184707,-0.333916341778951,-0.393456862243099
0.956487781380981,2.75700611628977,-1.06004329899869,-0.247726171454662,-0.252080178134511,-0.118169923152639,-0.155261967500156,-0.144674963854003,-0.169637610082086,-0.199885640294599
1.69592001256387,-1.13297475382414,-1.1894639980989,-0.383403323777024,-0.390141976471646,-0.182890410977386,-0.240297397913869,-0.223911998006627,-0.262546436499406,-0.309361011047933
1.32614087599305,-1.37264333217996,-0.866315608398978,-0.298003146339399,-0.303240815343682,-0.142152961454929,-0.186772978204929,-0.174037301637798,-0.204066212484173,-0.240453196229037
-2.46101588680897,2.15007728155513,0.170113291181453,1.05793561521438,1.07652976983457,0.504654674216383,0.663059393935435,0.617846697392712,0.724451794220437,0.853628571401427
0.801611027724318,2.11316356540744,0.49559368563893,-0.665869868861741,-0.677573121045029,-0.317632128938992,-0.417332837025119,-0.388875743904487,-0.455973515095681,-0.537278012689382
-1.4359814122429,-1.44695633645071,1.01202123643567,0.438502601747251,0.446209673010362,0.209173776216005,0.274830779087368,0.256090616849824,0.300277249425761,0.353819593652172
-1.4216818095267,1.79825338245637,-0.501967651185983,0.787306016436947,0.801143616374503,0.375559396545197,0.493442741309563,0.459795865738396,0.53913040454046,0.635262581580288
0.596280721138038,3.05095535446412,0.509718414757692,-0.613986145075463,-0.624777494900537,-0.292882641968378,-0.384814799108538,-0.358575046084335,-0.42044464524079,-0.495414000950169
3.13697783084037,-0.347409837049824,-0.847709068637817,-1.25019161747284,-1.27216484146288,-0.59636431021935,-0.783555524800744,-0.730126437616074,-0.856104612957959,-1.00875636385974
-1.85910648218344,-2.48665164837894,-0.00644079474474753,1.04213254010723,1.06044894169803,0.497116317812528,0.653154842796242,0.608617517825272,0.713630184709486,0.840877364018419
0.714786671326257,1.58293653866653,-0.314615391262544,-0.323605806781402,-0.329293465199125,-0.154365899632469,-0.202819403215746,-0.18898955295732,-0.221598369476796,-0.261111506756521
1.6565173795377,-3.66681510785358,-0.347826808064257,-0.526697201868465,-0.535954371273406,-0.251244216563923,-0.330106598583151,-0.307597288549993,-0.360671034623568,-0.424982176161067
-1.43140080395347,-0.590809706499851,-0.27570436083004,0.830334964730499,0.844928836511263,0.396084993349644,0.52041106335761,0.484925271737328,0.568595712586039,0.669981839664143
-0.0458201388930394,2.03230168713857,-0.25389079429273,0.0109356386493379,0.0111278421757076,0.00521650002189535,0.00685389340414403,0.0063865400939398,0.00748849261384757,0.00882376343451192
2.97190743722981,-0.805056012670218,-1.00008298659543,-1.09498758527274,-1.11423296105454,-0.522329142879665,-0.68628165477787,-0.639485478622147,-0.749824194773131,-0.883525116912958
-0.999477053287141,2.64592855726741,-0.641138771122248,0.58458240747806,0.594856960595059,0.278856520336246,0.366386055288603,0.341402921519953,0.400309591507006,0.471688671962122
-2.52718620189254,-0.547128335708994,-0.0677489134719565,1.30056551892231,1.32342410880693,0.62039358426911,0.815127284069362,0.759545381640406,0.890599588608773,1.04940212803653
-1.65255594570024,-0.235788998133673,-0.0668009158876854,0.852202730653138,0.867180947771101,0.406516318402723,0.534116649416786,0.497696301240784,0.583570293298154,0.687626533269151
-0.00192531278411305,1.96023528650532,0.107052855616394,-0.129324886742323,-0.131597886068314,-0.0616903407432709,-0.0810541584865318,-0.0755272372111592,-0.0885589301375818,-0.104349845802411
1.49622568801024,1.3182487358742,-1.09355572794917,-0.434600395842236,-0.442238882383447,-0.20731235249475,-0.27238507800199,-0.253811683239606,-0.297605101869094,-0.350670976284435
-0.382831723057884,2.17247763649573,0.644263386924679,-0.132452476471116,-0.13478044595424,-0.0631822583542937,-0.0830143701669297,-0.0773537859698401,-0.0907006370222209,-0.10687343978462
-2.37805428707262,-1.68307591023545,0.0127216121700473,1.25405283854403,1.27609392691125,0.598206183423859,0.785975538709431,0.732381435606906,0.858748694972665,1.01187191132734
1.11681376835613,-1.98122591492578,0.47821539158554,-0.619531648960757,-0.630420465923913,-0.295527948938247,-0.388290434480266,-0.361813684817764,-0.42424208828154,-0.499888564894541
1.39686315575343,-1.05601371485208,-0.582779127119752,-0.444046426822467,-0.451850935717087,-0.211818282362703,-0.278305362267661,-0.259328275138653,-0.304073542853098,-0.358292802995916
1.25643589539798,1.68096908034239,0.393932958632461,-0.835984588941675,-0.850677757867387,-0.398779967622874,-0.523951955971068,-0.488224717951432,-0.572464455010056,-0.674540416362938
-0.743856041460015,-3.08680098192219,-0.537057678362936,0.698022359370848,0.710290720027045,0.332969456078537,0.437484357178038,0.407653172122533,0.4779908563242,0.563221259277904
-0.647857514061723,1.83211295369659,0.190544029177372,0.16845972893228,0.171420557740757,0.0803583775801631,0.105581855986321,0.0983824399780593,0.115357637198127,0.135927022097647
1.47924472101639,-0.122563427114088,-0.462083060360441,-0.570439420781795,-0.580465398392271,-0.272110056524076,-0.357521961810323,-0.333143252882382,-0.390624775209684,-0.460276959041921
-2.78847574873871,1.71572280021477,0.713681330013289,1.05723304268935,1.07581484897569,0.504319534247905,0.662619057769467,0.617436386870948,0.723970687507503,0.853061678698104
0.98368902724016,-2.0293297352957,0.710930245870147,-0.6299503049059,-0.641022238966913,-0.300497838736978,-0.394820309831147,-0.367898301002722,-0.431376562142026,-0.508295184600384
2.36594463317211,-1.94231613767608,-1.04984027950707,-0.723519890014339,-0.736236392334736,-0.345132245415774,-0.453464892261827,-0.422544026417629,-0.495451022668184,-0.583794742526275
-0.911006763750256,-2.08769827942487,-0.538058427617167,0.733169064242915,0.746055159339075,0.349735078335614,0.459512496221809,0.428179256335174,0.502058571825342,0.59158048174659
0.322395872669132,-3.43786309843937,0.87540117666419,-0.290462561723045,-0.295567698279922,-0.138555964418208,-0.182046929290672,-0.169633512565359,-0.198902580618276,-0.234368838749225
-0.521480329377537,1.95520071409905,0.195594692444874,0.098265033512053,0.0999921284322011,0.0468742216073687,0.0615874469377267,0.0573879218654559,0.0672898036640086,0.0792882279122525
1.36759868501239,0.208957758048248,0.0299635686670997,-0.697360875431505,-0.709617609922112,-0.332653916118347,-0.437069773215072,-0.407266857812452,-0.477537886200297,-0.56268752019017
-2.59515284563562,-0.507627016876433,-0.165863713129439,1.36548364658508,1.38948323001038,0.651360720733039,0.85581461301875,0.79745832284452,0.935054140838963,1.10178335783717
-2.95056308705851,0.767298204006215,0.571143609664471,1.23119492964394,1.25283427003494,0.587302542027018,0.771649382179712,0.719032151094575,0.843096085421901,0.993428289769471
-2.29796119346604,2.65558085407538,0.484029706528947,0.846837581918876,0.861721501800135,0.403957044144749,0.530754051337136,0.494562992012119,0.579896353626496,0.683297494541727
0.794713249648094,2.47756505968895,0.524470646805067,-0.689706142166674,-0.701828337946365,-0.329002468084627,-0.432272181824514,-0.402796404602367,-0.472296087769244,-0.556511058288949
-1.55750349393802,-3.38707577887671,0.671836423948902,0.706779300422485,0.719201572066811,0.337146677423572,0.442972755472721,0.412767327492867,0.483987423190376,0.570287072142368
-0.857388599804702,3.57962193659901,0.678353128711253,0.0234680300610066,0.0238805014565339,0.0111946803705418,0.0147085489564092,0.0137056023627369,0.0160704075371072,0.0189359169749883
-0.955208782741901,3.49207201052664,-0.440618068697787,0.454275827098475,0.462260126755094,0.216697893739311,0.284716621941492,0.26530236381281,0.311078418459117,0.366546715822296
2.76876677520123,0.0709991416746306,-0.0234064700993899,-1.36652787929092,-1.39054581603008,-0.651858838868387,-0.856469084136936,-0.798068166883544,-0.935769209172467,-1.10262592978585
-0.323759728251625,3.82357400536497,0.330366774451712,-0.134878196983713,-0.137248800651403,-0.0643393714880424,-0.0845346864790088,-0.0787704349472948,-0.0923617188048516,-0.108830708550327
-0.0978628303022195,3.22451818084253,-0.892762568563478,0.195387737592496,0.198821849982168,0.0932035311436564,0.122458940796925,0.114108710063697,0.133797364444406,0.157654731452292
-0.31007807848971,2.41287288753222,-0.722701897866744,0.281960354119608,0.286916056854125,0.134500255595736,0.176718184762579,0.164668124489955,0.193080449796168,0.227508565566334
-1.47818852458974,1.90825330748363,-0.424502623640066,0.783826408655048,0.797602851406681,0.373899559872415,0.491261902897641,0.457763734344622,0.536747643184733,0.632454950778202
1.67652688551828,-2.29130804588193,-1.08329482996815,-0.354076747731734,-0.360299959900843,-0.168901096819531,-0.221917014968872,-0.206784936685654,-0.242464221354351,-0.285697942281161
0.334568880269049,3.96518596993946,-0.151382799853401,-0.304853645162868,-0.310211717746081,-0.145420774923215,-0.191066516991904,-0.178038072585201,-0.208757288285569,-0.245980736317458
-0.258320416376204,-3.83949260814662,0.423499263502828,0.169099092160715,0.172071158343713,0.0806633655559072,0.105982575830378,0.0987558355358247,0.115795459529975,0.136442912395172
0.8891074139641,-1.98755273425248,-0.629631982431923,-0.132065603396663,-0.134386773243155,-0.0629977128086638,-0.0827718981085289,-0.0771278475971043,-0.0904357145743023,-0.106561279096286
1.22711871080527,-1.23618810121461,0.0329645109122305,-0.559440100150253,-0.569272754967169,-0.266863179029751,-0.350628155829348,-0.326719521770555,-0.383092674529709,-0.451401811800389
-0.848714113909607,-1.65703974264605,0.421387587163432,0.357396194928241,0.363677749319256,0.170484533958276,0.22399747299927,0.208723532435751,0.244737308149753,0.288376342485716
-1.7592706654307,-0.0882397706330788,0.831652292907822,0.594321862300793,0.604767594954889,0.283502418753812,0.372490242461388,0.347090876353964,0.406978962893683,0.479547256914736
2.59268377174347,-0.956445032232756,-1.41631266679479,-0.759268736383559,-0.772613556313575,-0.362185100200718,-0.475870422491247,-0.443421768264278,-0.519931071851748,-0.6126398217698
-2.78666520658658,-1.29641771318899,1.20148516685458,1.03607284760338,1.05428274473611,0.494225733449543,0.649356940559794,0.605078586961353,0.709480636245753,0.835987910841112
0.723968725138531,1.7849816630897,0.316129345728361,-0.551017547771739,-0.560702168777362,-0.262845467209181,-0.345349335081494,-0.321800653272469,-0.3773250899104,-0.444605810936983
-1.59681042716878,-0.0598548845942698,0.522828931589039,0.616882413131536,0.627724667430645,0.294264214902743,0.386630030313837,0.360266500297119,0.422427947966958,0.497750945777005
2.77931094549802,0.207456262717304,-0.138127643871674,-1.33952848226586,-1.36307188071014,-0.638979631746736,-0.839547256786955,-0.782300205162978,-0.917280596693241,-1.08084061848737
-1.3703524420998,-1.00075827535755,-0.145192633112648,0.775676645024426,0.789309848468404,0.370011973283207,0.486154052045543,0.453004177646371,0.531166858494465,0.625879058081879
1.19006115974264,-1.32689145111703,-0.112731040891826,-0.487496771511899,-0.496064958664286,-0.232544892969712,-0.305537793808614,-0.284703781531356,-0.333827414182382,-0.393352077994068
1.70338269390347,2.91848139964266,-0.908006070707881,-0.676705303706007,-0.688598998245119,-0.32280082990972,-0.424123927860463,-0.395203763811433,-0.463393390276362,-0.546020923537269
-1.44621840258765,2.27180391090925,-0.512547209958891,0.780299211597854,0.794013660739939,0.372217022243285,0.48905123798628,0.455703810260869,0.534332293706083,0.629608921074992
-2.20893260691609,0.866450625460836,-0.358281096824843,1.17330450021246,1.1939263650781,0.559687746395933,0.735366651452546,0.685223467351907,0.803453951376407,0.946717578963691
-1.44007476000889,1.07240797825419,0.561433183589909,0.471870900173155,0.4801644488092,0.225091066010495,0.29574430483766,0.275578091024594,0.323127150040772,0.380743853035981
1.25935713939892,-1.70216551284681,0.533450648302725,-0.722179101743389,-0.734872038523441,-0.344492664841741,-0.45262455543457,-0.42176099048123,-0.494532879395011,-0.582712885407729
0.725260940674356,2.09187663144572,-0.879594826342494,-0.162283418831918,-0.165135693524874,-0.0774121644867269,-0.101710863864487,-0.0947754030821437,-0.111128231486172,-0.130943472350685
1.42199991740499,2.16096113017701,0.519933786587939,-0.9835927099764,-1.00088022224989,-0.469191746148145,-0.616465101256756,-0.574429576525143,-0.673543354885682,-0.793642663866522
1.3314214364555,-2.09975899111293,-1.12081038304209,-0.179704761562792,-0.182863231770646,-0.0857224642004571,-0.112629661555529,-0.104949669753595,-0.123057996225733,-0.145000429781159
-0.255749463234489,1.8841503319887,0.0977599797517236,0.00315601790011959,0.00321148770752086,0.0015054783696673,0.00197802898967403,0.00184315114120251,0.00216117389135267,0.00254653214491742
2.46994177137438,-2.5838156981855,-0.933181327636614,-0.783648460319638,-0.797421775471806,-0.373814675255674,-0.491150374073266,-0.457659810448159,-0.536625787951755,-0.632311367576015
-0.942592492819613,1.59351082457168,-0.0700052821832699,0.413914638400763,0.421189554449809,0.197444867146475,0.259420313799908,0.241730960429559,0.283439935409274,0.333980023338737
0.0820078203506667,-3.75355813643268,-0.576497211697138,0.334409269286867,0.340286808118266,0.159519349211723,0.209590455440721,0.195298900646739,0.228996350680304,0.269828619718882
-2.55879217131976,-0.200211302707784,0.0137471262785325,1.27202039031331,1.29437727430263,0.606777034857719,0.797236672010277,0.742874694706263,0.871052492037258,1.02636959467198
1.76326794671458,-1.52629868267829,-1.08959321690361,-0.431623700274706,-0.439209868757196,-0.205892414163655,-0.270519438987146,-0.252073258425191,-0.295566724094745,-0.348269135994473
1.94392115896367,-2.39678746605863,0.151756721006401,-0.898818057303653,-0.914615580038087,-0.428752683400737,-0.563332728157768,-0.524920193890495,-0.615491476916964,-0.725239573346288
0.847260771206187,-2.24984358115038,-0.837877453092394,-0.0283746454760531,-0.028873354979436,-0.0135352258330212,-0.0177837620379876,-0.0165711228027009,-0.0194303533503123,-0.0228949736953859
-0.263702268719208,-3.71766699812061,-0.353952277957622,0.428662965546222,0.436197096495862,0.204480089445254,0.268663803401729,0.250344154926318,0.293539275963295,0.345880174208682
-1.5393320244646,0.743309488039822,-0.280788528999806,0.821455488559587,0.835893295689069,0.391849320507365,0.514845866379952,0.479739554432912,0.562515236277988,0.662817155490964
1.3200701318566,3.2263498781931,-0.701296532144793,-0.571535948509134,-0.581581198564751,-0.272633120342943,-0.358209208746589,-0.333783637821874,-0.391375654060967,-0.461161726870823
1.19167274495166,-2.19742622170886,0.603945139668677,-0.688713208418237,-0.700817952508637,-0.328528820491967,-0.43164986224288,-0.402216519750795,-0.471616147870017,-0.555709878514882
2.62069937298403,-0.794422867094867,-0.032196319315624,-1.24869412415249,-1.27064102837227,-0.595649978465265,-0.782616973343418,-0.729251884109185,-0.855079161401964,-1.00754806435138
-1.51923324847742,3.35331878494309,0.422446262947071,0.448547910071372,0.456431536517521,0.213965572358235,0.281126659435377,0.26195719368408,0.307156062780988,0.361924966106496
-2.73409867226745,1.51393106537471,1.0993736230654,0.909645220923603,0.925633040639774,0.433917438845903,0.570118635016976,0.531243383306291,0.622905688139262,0.733975810297111
0.894933945098917,1.6282597882275,-0.514864908177759,-0.347310120719194,-0.353414403430669,-0.165673291741936,-0.21767604270043,-0.202833147850811,-0.237830579184112,-0.28023807679705
1.395382497575,-0.946213530468302,0.424036378255198,-0.788846750179879,-0.802711429876385,-0.376294354773194,-0.494408393630093,-0.460695672154724,-0.540185466217589,-0.636505770981395
0.10362214025394,-2.81542540868238,0.947869762874802,-0.236501614945215,-0.240658340111636,-0.112815604017301,-0.148226995305899,-0.138119692371197,-0.161951272666411,-0.190828754412341
-2.56517208128848,0.897876054913523,0.163590019628058,1.17182640501734,1.19242229105194,0.558982667903038,0.734440257738069,0.68436024257565,0.80244178324374,0.9455249314418
-0.265660140670417,-3.32263609830141,0.981758052859711,-0.0407462834006501,-0.0414624353884022,-0.0194367238226653,-0.025537665608584,-0.0237963031663488,-0.027902187706795,-0.0328774182369938
-0.511323142494706,-2.04354266165384,0.529079776998753,0.172485920152215,0.175517512834219,0.0822789445685595,0.108105264662394,0.100733782453475,0.118114687259785,0.139175680909995
0.471620010854295,2.3515982884959,-0.800970255462586,-0.075725755719995,-0.0770567028876092,-0.0361225730877009,-0.0474609919270255,-0.0442247216241841,-0.0518553859148903,-0.0611017038692411
-0.162861659160985,3.9032230756597,-0.203731791825789,-0.0378711159856799,-0.0385367343618359,-0.0180652162807575,-0.0237356591951344,-0.0221171719732558,-0.025933334250588,-0.0305574991250131
1.48877676792968,-3.34424800892107,-0.936948028944347,-0.260021320307011,-0.264591425108099,-0.124034934453225,-0.162967931671457,-0.151855473710301,-0.178057066349741,-0.209806367226429
-1.30144185898644,2.70146181927172,-0.482171386393835,0.677718166995626,0.689629663503351,0.323283984258716,0.424758738249012,0.395795287746729,0.464086977501248,0.546838184087447
-1.64266543212249,0.39532622759708,-0.264820474761327,0.883931799396835,0.899467682975488,0.421651665601328,0.554002790679804,0.51622644622571,0.605297684313019,0.713228128710373
-2.08858088228341,2.58274407352125,1.06634538069618,0.549854665036035,0.559518847348526,0.262290750835425,0.34462050025368,0.321121516236739,0.376528772561562,0.443667502485967
2.09907544657216,0.131151392357447,0.19236215577968,-1.11072058019864,-1.13024247728861,-0.529834069752899,-0.696142283279575,-0.648673730549074,-0.760597814867407,-0.896219777901126
-0.530864528169668,3.50064690020971,0.858190453844472,-0.195205832745438,-0.198636747996452,-0.0931167591983599,-0.12234493223543,-0.114002475518439,-0.133672799876455,-0.157507955814444
-1.26440465048972,-0.852801938805806,0.178454325891012,0.606731744399629,0.617395591713299,0.28942215991536,0.380268115504821,0.354338391759942,0.415476986046769,0.489560559969235
-2.47503513253893,1.38460092034408,1.47021994903063,0.662240237477763,0.673879695677564,0.315900728258965,0.41505797156917,0.386755996983131,0.453488020770066,0.534349330633064
-1.91331937588556,-1.22904379025518,-0.358772107309093,1.12768121950252,1.14750121483698,0.537924605489963,0.706772335861096,0.658578941063659,0.772212099704898,0.909905002304974
2.51134371912313,-2.26074386445284,-0.0999040390983611,-1.10127226302578,-1.12062809758048,-0.525327049329169,-0.690220566146461,-0.643155803486955,-0.754127808347345,-0.888596106503332
-2.73889016785636,1.02049811256703,1.25999341931832,0.881421560690269,0.896913324602307,0.420454235740333,0.552429502729694,0.514760437640485,0.603578726269883,0.711202663785905
2.92308957080341,-0.74775735122378,-1.2461034416125,-0.990419740072428,-1.0078272434412,-0.472448364603398,-0.620743931057693,-0.578416641462906,-0.67821835980199,-0.799151267475265
-2.60200212030424,-0.197733857000687,0.0430600924732746,1.2833914534159,1.30594819390166,0.61220124032259,0.804363466969035,0.749515527742545,0.878839154049946,1.03554469399937
-1.02216845094638,-1.88461944684216,0.82072279608382,0.319252456840173,0.324863601280335,0.152289271939114,0.200090948353173,0.18644714598557,0.218617288085417,0.257598869656777
-1.29103299288411,-2.50639575280855,-0.382740431781043,0.888957281672015,0.904581492548778,0.424048912734224,0.55715250336902,0.519161386293775,0.608739027622309,0.717283096889411
0.269969791126441,3.0919031200834,0.871055833327728,-0.576487420771394,-0.586619697333651,-0.274995063343506,-0.361312535782835,-0.336675355182055,-0.394766316888497,-0.465156977746945
1.75463742711543,2.99469981791728,-0.117773944762236,-0.97281056428928,-0.989908570811044,-0.464048465081854,-0.609707409312359,-0.568132678105437,-0.66615997098571,-0.784942751048413
2.63296583266443,0.992700592959289,-1.44091738898111,-0.864466499243043,-0.879660262946362,-0.412366360743106,-0.541802946060593,-0.50485848465903,-0.591968261029924,-0.697521940050854
1.27658210000826,0.948561135067512,-0.209415455863968,-0.606894942390685,-0.617561658053464,-0.289500008347556,-0.380370399575311,-0.354433701283834,-0.41558874055785,-0.489692241392903
0.0337336238687743,-3.71073102074304,0.730798571737222,-0.0855551113461061,-0.0870588181369906,-0.0408113558358334,-0.0536215242793695,-0.0499651795724314,-0.0585863194584444,-0.0690328281080385
0.25569800956026,-3.20948003319108,-0.77185938124878,0.288308502177257,0.293375779231457,0.137528438543581,0.180696876039424,0.168375516750479,0.197427526484204,0.232630768165021
-2.51903333438184,-1.20647337832647,0.0172579491111839,1.29945061258022,1.32228960699928,0.619861753514236,0.814428518366754,0.758894263376255,0.889836124473245,1.04850253084521
2.55982800428361,-0.172446027142773,-1.58937284846826,-0.722146942244224,-0.734839313792619,-0.344477324171344,-0.452604399521753,-0.421742208959875,-0.494510857254404,-0.582686936505986
-1.03630697636,-1.20272277942,0.0716990812602119,0.546659445446983,0.556267468947699,0.2607665725418,0.34261790167042,0.319255470853494,0.374340754187922,0.441089339227361
0.683628567239266,-2.02234222028511,-0.0464540118899172,-0.225737574047405,-0.229705111669789,-0.107680959267266,-0.141480650508204,-0.13183336735891,-0.154580286540851,-0.182143450011995
-0.653582750350602,2.69248067382412,-0.659794636511016,0.417373691795006,0.424709403768423,0.199094898999704,0.261588269783423,0.243751087822005,0.285808621557774,0.336771069187714
-0.373832474571481,2.46901628678439,0.543066075213698,-0.11694310677603,-0.118998485362295,-0.055784004813894,-0.0732938984081072,-0.0682961337772638,-0.0800801507267899,-0.0943592178359909
1.95906892911492,-0.815012694959034,-1.11466728999901,-0.554250291078789,-0.563991730408736,-0.264387545003881,-0.347375451592835,-0.323688612943223,-0.379538803727542,-0.447214251385739
-2.92705740728039,0.893394702976248,0.626817813140164,1.19468672629847,1.21568440270902,0.56988746004984,0.748767926223608,0.697710935946552,0.8180960447417,0.963970499505066
-0.529491466267278,3.52387175606606,-0.601199857599378,0.296213936507775,0.301420158565969,0.141299475579514,0.185651593907512,0.172992382297231,0.202840999669597,0.239009516093364
1.65454872102361,-1.59611637888502,-1.05544600512381,-0.385977275836841,-0.392761168016643,-0.184118233275373,-0.241910618102562,-0.225415215930794,-0.264309024090896,-0.311437885092137
0.266931490015777,3.37899890367807,-0.813587547507694,-0.0194236786283183,-0.0197650669685099,-0.00926545062789222,-0.0121737583970831,-0.0113436541119678,-0.0133009217482434,-0.0156726050247318
1.53949118600173,-0.13840124530415,0.132290855936503,-0.800386024589652,-0.814453517245184,-0.381798800113923,-0.501640614746923,-0.467434742549799,-0.548087315753554,-0.645816596883998
2.34422511524942,-2.43842635791294,-0.812362857059784,-0.769207412309859,-0.78272691326416,-0.36692603073524,-0.482099471160601,-0.449226070538643,-0.526736865610307,-0.620659154525574
-1.95311248893891,0.998477724027299,1.04064519402323,0.567510236258776,0.577484730859181,0.270712781831811,0.355686100263905,0.331432575070259,0.388618931987482,0.457913454530119
-0.19323938849572,-2.47704646065882,0.934988060193259,-0.101392549055615,-0.103174612829026,-0.0483661038306768,-0.0635476121226538,-0.0592144272990994,-0.0694314597481802,-0.081811762035778
1.55736503778355,-3.47855579745618,-0.536086118570715,-0.423012400135809,-0.430447217398092,-0.201784666202742,-0.26512232089321,-0.247044159040918,-0.289669889026072,-0.341320838073729
-0.380027534818645,3.62352861906161,-0.508730379512717,0.186167980070531,0.189440047063055,0.0888055378615619,0.116680473046307,0.108724264494622,0.127483870709051,0.150215480585832
1.62890556959173,0.0483026886251353,0.458674259161743,-0.963928797923322,-0.980870699541599,-0.459811699774572,-0.604140776958749,-0.562945623300492,-0.660077926400832,-0.777776218959447
2.03080785507393,1.4697269518112,-1.33179750677213,-0.626068778763624,-0.637072491567867,-0.298646279641488,-0.392387569752801,-0.365631444614338,-0.428718575646774,-0.505163253348578
0.79164187830875,3.65551715819205,-0.0319888362257156,-0.556670779542885,-0.566454761099514,-0.265542162354622,-0.348892488727185,-0.325102206343532,-0.381196302714707,-0.44916729850882
1.88740683126526,-0.240303290580255,-0.904794777285719,-0.617281465206079,-0.628130733198526,-0.294454570054586,-0.386880135540365,-0.360499551347484,-0.422701210334944,-0.498072933473996
-2.72027461055414,-0.145223083885015,1.26357732587093,0.926951397040777,0.943243388116697,0.442172801974569,0.580965252223702,0.541350391336572,0.634756589232747,0.747939841928971
-1.50231311796396,-0.628601151538581,-0.154080248433594,0.826159253969242,0.840679733938229,0.394093102800221,0.517793943556754,0.482486608111672,0.565736274724573,0.666612536314813
-0.029482921924392,-3.40589244214101,-0.677801225043011,0.407164299446381,0.41432057231483,0.194224831771087,0.255189550044929,0.237788684010024,0.278817446954618,0.328533300385813
-1.36509890678549,-1.16115063362741,0.712078448103146,0.491051904357968,0.499682576116113,0.234240756482035,0.307765967429365,0.286780020440555,0.336261893494721,0.396220648565743
-0.985735340929808,-3.17884370658103,-0.418046512680388,0.781992933364506,0.795737151165439,0.37302495856197,0.490112775297191,0.456692963461478,0.535492118325951,0.630975553667019
2.32224991269358,1.14057816707058,0.337822943343813,-1.3188476323137,-1.34202754651929,-0.629114487360791,-0.826585568345671,-0.77022234838374,-0.903118790777663,-1.06415362530353
0.388303022309172,3.76073199239723,0.216164506221994,-0.445863035218259,-0.453699472612979,-0.212684837855281,-0.279443918569774,-0.260389195559191,-0.305317517621318,-0.359758590523432
-1.91230312961201,-0.63358326002814,1.15086436663746,0.588397909428925,0.598739523369105,0.280676584682596,0.368777414814379,0.343631219013048,0.402922366041112,0.47476732952186
-0.686319353467684,3.76406092854127,0.557129046162767,-0.029126518760439,-0.0296384431021387,-0.0138938831671037,-0.0182549973731929,-0.0170102255410291,-0.0199452201740266,-0.0235016462644865
1.47701711137396,0.965671666977311,0.287614302800673,-0.874942993926407,-0.890320891294591,-0.417363840679814,-0.548369071744822,-0.510976879339464,-0.599142341627415,-0.705975228758828
1.91254235292427,2.03769845131686,0.296908049187415,-1.14520741886652,-1.16533545266399,-0.546284923739101,-0.717756852273212,-0.668814445227774,-0.784213668035255,-0.92404656660249
1.43228354728327,-0.444854481507758,-0.0593898431912589,-0.667808050259344,-0.679545367695821,-0.318556676981154,-0.418547589004682,-0.390007664371324,-0.457300740468214,-0.538841895210927
-1.94833504245724,-0.895245120999446,1.0934378473512,0.638208681669167,0.649425764009754,0.304437235780699,0.399996233784168,0.372721289033025,0.437031722794014,0.514958715213345
-0.837027516303811,-2.68706333914797,-0.556480308373161,0.73153387831674,0.744391233573248,0.348955064685454,0.458487646151929,0.42722428874586,0.500938831303267,0.590261080635537
1.68263602229928,0.600770783373454,-0.999644591276464,-0.52420301113171,-0.533416342927307,-0.250054441878594,-0.328543368671531,-0.30614065216569,-0.358963065888624,-0.422969660044964
0.958870258732615,1.62237423932882,-0.230242142208173,-0.474878311475228,-0.483224718026209,-0.226525656309806,-0.297629194888236,-0.277334454185041,-0.325186561296441,-0.383170477280865
-2.94687023895551,0.15806607670312,0.486529246897607,1.28720798683305,1.30983180627092,0.614021796697259,0.806755472964596,0.751744427623941,0.881452634910213,1.03862418383007
2.71897165621315,0.685766871571905,-1.18552587761432,-0.978632575437483,-0.99583290895716,-0.466825671082888,-0.613356345152968,-0.5715328002947,-0.670146760315449,-0.789640423560475
-0.694267014916775,2.17709320711283,0.544958133378396,0.0551027399453029,0.0560712193610668,0.026285016664168,0.0345355509606419,0.0321806406768864,0.0377331836132083,0.0444613760075384
2.23311907438054,-2.43534443190531,0.177893397823295,-1.04900451409413,-1.06744169670887,-0.500394375327286,-0.657461841106316,-0.612630830517761,-0.718335966245765,-0.846422232016798
3.02768696615187,-0.177028579303563,-0.76067512578671,-1.23366615731413,-1.25534893171826,-0.588481362908817,-0.77319822002741,-0.720475376781067,-0.844788329537562,-0.995422277414251
1.25279607045699,1.2465662130257,-0.604868759870185,-0.475774890211098,-0.484137054926758,-0.226953340795849,-0.298191124125395,-0.277858066589183,-0.325800519333697,-0.383893909987395
-2.13114857551831,-0.0708555771413079,-0.385960238095911,1.18913630945714,1.21003643238006,0.567239809509917,0.745289211664826,0.694469427989688,0.814295237413216,0.959491971387846
-0.502027703881088,3.6170233104096,-0.651541963953681,0.295156463787258,0.300344099826617,0.140795041714551,0.184988824632062,0.172374805935723,0.202116864855814,0.238156261023085
-0.72333178993182,2.57297233660322,-0.563582227576995,0.425132797699704,0.432604882825543,0.202796134695179,0.266451276553081,0.248282495867065,0.291121892151341,0.34303174743082
1.36183679756782,1.03222962308602,0.431249522669907,-0.869646228975075,-0.884931031012054,-0.414837186739372,-0.545049333087818,-0.507883507034966,-0.595515229714958,-0.701701367633982
-2.98584838026254,-0.442164704934997,0.540563114720837,1.31706118286855,1.34020969864429,0.628262318240306,0.825465914115903,0.769179041140963,0.901895468216998,1.06271217247236
-2.1429328856194,-1.38381141507966,1.414188055553,0.649621607224635,0.661039281831325,0.30988141040269,0.40714926596591,0.379386570228427,0.444847051323517,0.524167592575367
-1.13019078384764,1.20479347420483,-0.0505844058837709,0.518905473185016,0.52802569606333,0.2475274192052,0.325223145540964,0.303046828422915,0.355335424645394,0.418695175204537
0.584818531837836,-2.29842056175101,0.754736859430007,-0.434326213915513,-0.441959881466734,-0.207181562691555,-0.27221323493371,-0.253651557807137,-0.297417347920838,-0.350449743987264
-0.198129203054685,2.65119373020296,-0.924770853459664,0.283376607753047,0.288357202398436,0.135175834530514,0.177605819380737,0.165495233075304,0.194050270143514,0.228651314282294
-2.55194229719672,-0.146317729111446,1.50437927110106,0.76226836424574,0.775665905289848,0.363615977656575,0.477750434283766,0.445173585805348,0.521985153173426,0.615060165701798
-1.38300377236,-2.83196197664458,-0.351193475193205,0.939465940224143,0.955977885470814,0.448142468391262,0.588808721428452,0.548659030032562,0.643326282069113,0.758037594065989
0.0010687894543894,2.65886639400347,-0.888974876693116,0.172272409274417,0.175300249313804,0.0821770959674465,0.107971447073501,0.100609089618856,0.117968479554626,0.139003402953782
0.637914936113527,1.8521228793311,0.435741690072047,-0.552052816808935,-0.561755633584012,-0.263339309510337,-0.345998188235213,-0.322405262424808,-0.378034020114385,-0.445441150268157
-1.21623965210874,1.26627239817708,-0.0165738527968714,0.547069502354058,0.556684732967782,0.260962177200415,0.342874904157504,0.319494948853985,0.37462155243102,0.441420206519043
-2.01830534718183,-2.68247832095381,0.00028363704129027,1.12809202339757,1.14791923897401,0.538120566475529,0.707029806521654,0.65881885531381,0.772493409469463,0.910236472327359
1.55899187961031,-2.4028284350153,-1.00552064091695,-0.316807206041591,-0.322375373035129,-0.151122842501075,-0.198558391466713,-0.185019091094068,-0.216942832378589,-0.255625842266553
1.33996544116851,-0.954974533459405,0.189489888722445,-0.681717755303746,-0.693699548115281,-0.325191861170701,-0.427265473594183,-0.398131093812396,-0.46682581045506,-0.550065377505038
0.39154613332863,-1.91125816935175,-0.0420888527331077,-0.0879127252117742,-0.089457869152635,-0.0419359808510009,-0.0550991548633317,-0.0513420534763647,-0.0602007632587092,-0.0709351428870514
1.452118006789,0.577703181084869,-0.568644693244792,-0.554608853990779,-0.564356595381201,-0.264558586083257,-0.34760018030382,-0.323898017851985,-0.379784339978705,-0.447503569130522
-2.44527099759821,-1.79978737689945,1.2862026909404,0.862554811552076,0.877714975652546,0.411454450684484,0.540604798967767,0.503742036824848,0.590659177983855,0.695979434808439
1.31314823604263,-1.09954338800037,-0.511588025314704,-0.424562816763077,-0.432024883969571,-0.202524243343998,-0.266094041945455,-0.247949620374258,-0.290731581336323,-0.342571840414115
-0.204520512940006,-4.06598504624154,0.0490545325641363,0.279878193898704,0.284797300824805,0.133507027016572,0.175413194294072,0.16345211871661,0.19165463078961,0.225828509210126
1.71163234029768,-3.10162353492394,-0.00754987853121395,-0.69611997673928,-0.708354901337281,-0.332061984703755,-0.436292042015772,-0.406542158551207,-0.476688145184776,-0.561686262114854
-1.48269571452184,-1.69306152361593,1.1087216992372,0.440767619519692,0.448514500474501,0.210254231197959,0.276250375223324,0.257413413558918,0.301828285392022,0.355647194365752
0.610747101530798,1.88224898451321,-0.193148040479616,-0.327506946397531,-0.333263170796183,-0.156226814714387,-0.205264436006332,-0.191267863842434,-0.224269786861527,-0.264259263755588
1.60376388243237,-0.351170697751267,0.254091037346981,-0.863162160202402,-0.878332998992853,-0.41174416711983,-0.540985453728039,-0.50409673549684,-0.591075077413951,-0.696469493138326
-0.832363444310686,-2.42353444569397,-0.658358784275597,0.751004728052326,0.764204300722978,0.358243016795883,0.470690968962334,0.438595491332819,0.514272054821868,0.605971747149389
2.20700785034651,0.916701326918225,-1.15428135092759,-0.74676489989975,-0.759889953838735,-0.356220541075905,-0.468033663692705,-0.436119382405292,-0.511368710735378,-0.602550708669522
1.17859883423979,1.47550342819064,-0.670133010057394,-0.427967308157711,-0.435489212313149,-0.204148248123611,-0.268227801286118,-0.249937882924669,-0.293062904588684,-0.345318861200405
1.75234729926931,-0.720320549713065,0.508523293822656,-1.00500443173538,-1.02266827396633,-0.479405529778539,-0.629884862391978,-0.586934270935676,-0.688205646260092,-0.810919383917823
-0.502026161284554,-3.21250042070314,0.904638178923953,0.0970732218218747,0.0987793695969162,0.0463057055922308,0.0608404809356277,0.0566918899840247,0.0664736763828153,0.0783265772259201
0.719941072548405,-3.63978718336884,0.362804779399271,-0.304388012676551,-0.309737901356772,-0.145198659694927,-0.190774682602614,-0.177766137800388,-0.208438433068571,-0.245605026124534
-0.35860959742529,2.00657884126356,-0.0143359315876233,0.0860968318382456,0.0876100598461559,0.0410697664371454,0.0539610467002378,0.0502815506371398,0.0589572781225186,0.0694699322977015
-2.10914329269804,1.02417214518447,-0.275774661321199,1.08843605876963,1.10756628567559,0.5192039446866,0.682175496397311,0.635659310985275,0.745337848853962,0.878238812029258
-0.537044908463542,-1.73299805899101,-0.428862580458305,0.494060978828409,0.502744537733146,0.235676140143134,0.309651899867959,0.288537354910662,0.338322443652693,0.39864861479025
0.345390714588036,2.13773658461122,-0.525883726970404,-0.0959217720981336,-0.0976076821253456,-0.0457564429746816,-0.0601188117291173,-0.0560194299601857,-0.0656851881172512,-0.0773974938596147
-1.58342289570548,0.596550016086657,0.643702420264322,0.537892959912258,0.547346904672109,0.256584798303438,0.337123521386777,0.314135741394086,0.368337651462855,0.434015825097012
-1.07149607127765,-1.63977335926456,-0.258255360524298,0.696575550679447,0.70881848239259,0.332279301821215,0.436577572227929,0.406808219028142,0.477000112523438,0.562053856253968
0.469679287130935,2.05029811475467,-0.327131903916926,-0.22043928748072,-0.224313703028162,-0.105153579488418,-0.138159958181298,-0.128739106413357,-0.150952132658584,-0.177868361124021
0.404257056247592,2.89475785282893,-1.03133804575615,0.00941205899711783,0.00957748426286166,0.00448972460950125,0.00589899238154382,0.00549675186599726,0.00644517769296281,0.00759441535015108
1.485681269479,2.77062010659809,-1.28800989255727,-0.433380791202159,-0.440997842112575,-0.206730578733228,-0.271620692814592,-0.253099419952351,-0.296769942567302,-0.34968689998375
-2.13059805987085,-2.47779759368075,0.884948763052361,0.874890531672338,0.890267506969982,0.417338815223297,0.548336191114009,0.510946240773233,0.599106416592334,0.705932897941763
0.249171921395084,1.90726527358166,0.296499418341316,-0.315144973354181,-0.320683925137304,-0.150329927050198,-0.197516589884043,-0.184048327881785,-0.215804570810033,-0.254284617626902
1.64423957289131,-1.28997087675893,-1.0757026861919,-0.388722635057755,-0.395554779355273,-0.185427819930093,-0.243631267445467,-0.227018537629586,-0.266188987658403,-0.313653064386633
-3.11011305284496,0.756505028086509,0.712237670365462,1.26303449000332,1.28523343884293,0.602490595750966,0.791604773879783,0.737626824467482,0.864899138743691,1.01911903884035
-0.714127545398515,-1.85446415640487,-0.333176406357092,0.555241057196401,0.564999910117607,0.264860158596918,0.347996412615441,0.324267231873195,0.38021725927931,0.448013682138808
2.51906722300214,-0.89293512062583,0.0799823217058702,-1.23155105880904,-1.25319665848526,-0.587472422164532,-0.771872585543867,-0.719240134666863,-0.84333995509499,-0.993715643769154
-1.87300368947222,1.33095097350092,1.27417932699523,0.432957170672692,0.440566776077434,0.206528503978191,0.271355189349648,0.252852020638711,0.296479856244252,0.349345088457429
-1.02628561200832,1.67551907209809,-0.118686927287714,0.467873268029182,0.476096554742733,0.223184122224654,0.293238795515127,0.273243427381529,0.320389656626537,0.377518238010858
0.728346153851809,-2.24707389177877,-0.750995837216877,0.00101375017277786,0.00103156772914686,0.000483577408513967,0.000635366241099476,0.00059204188537046,0.000694194543598355,0.000817976159703225
-0.791618845983484,-1.62939702327349,0.246153355651827,0.387019008318786,0.393821209868803,0.184615158758112,0.242563522209568,0.226023599810002,0.26502238032429,0.312278439656665
2.48419039855523,1.58072560150353,-1.20912992550404,-0.897358471576675,-0.913130340800349,-0.428056434263317,-0.562417935221781,-0.5240677788588,-0.614491983674161,-0.724061860769984
1.30612117407274,-2.75102816124256,0.475708760598449,-0.675471779467728,-0.687343793726788,-0.322212416244791,-0.423350818587956,-0.394483371317018,-0.462548699129959,-0.545025615771685
0.793238269975973,2.13742575954369,-0.782445766375752,-0.23096320185121,-0.23502258450648,-0.11017367948481,-0.144755804075863,-0.134885194742308,-0.158158685248628,-0.186359911895579
1.77061752989613,-0.17891794287874,0.355988349551009,-0.988490210200745,-1.00586380037455,-0.471527943497632,-0.619534601407666,-0.577289773587777,-0.676897058810285,-0.797594365709076
1.36512999089573,3.26837287416426,-0.521367371915943,-0.656674562323623,-0.668216198857442,-0.313245799224236,-0.411569693888115,-0.383505577994212,-0.449676764873697,-0.529858490867026
-0.114111523531143,1.81449299627493,0.22250454158868,-0.105794626203747,-0.107654060378499,-0.0504659752946088,-0.0663066066814163,-0.0617852915261159,-0.0724459084938298,-0.0853637162124954
1.60222799985492,-1.91709891956052,0.603516485014075,-0.905322704624913,-0.921234552292076,-0.431855519365039,-0.567409505088776,-0.528718983540214,-0.619945720970089,-0.730488052290058
2.94288764313186,-1.48738034228555,-0.62668072807266,-1.17405825758537,-1.19469337040386,-0.560047302474769,-0.735839067637116,-0.685663670419839,-0.80397010838385,-0.947325771768785
0.913391439017926,-2.14906713468304,-0.6967037927353,-0.113669649246154,-0.1156674939196,-0.054222505588853,-0.0712422643250699,-0.0663843965270917,-0.0778385566763407,-0.0917179258380796
1.26502352614379,3.27169711842193,0.116081021625932,-0.822695329775579,-0.837154928211585,-0.392440747486416,-0.515622934807774,-0.480463636115744,-0.56336425315629,-0.663817560308376
1.39600504435903,1.62559549817442,-0.902698918159655,-0.464229072712024,-0.472388309468074,-0.221445774281628,-0.290954802138188,-0.271115174953896,-0.31789418922943,-0.37457780458773
1.48121012287055,0.694962951278392,0.182898522028302,-0.828634555572658,-0.843198541157756,-0.395273867022821,-0.519345334735352,-0.483932213022526,-0.567431308583006,-0.668609811140544
-0.465710242471103,2.49838030491379,0.872984088785205,-0.184355786600129,-0.187596002688774,-0.0879410883692955,-0.115544683791368,-0.107665922441834,-0.12624291918778,-0.148753255379501
-1.68896997375564,0.566132515287091,0.689336699336867,0.576195088609876,0.586322227175705,0.274855615545727,0.36112931708497,0.336504629801475,0.394566134045727,0.464921100362894
-2.66925381823984,-0.431080198967447,1.12883347385084,0.960947234951577,0.977836732962197,0.458389439602476,0.602272087306379,0.561204355865434,0.658036215531665,0.775370451251553
2.35656703993447,2.0997706644991,-1.1020416082091,-0.895269930193849,-0.911005091454538,-0.427060161752987,-0.561108945370612,-0.522848046412714,-0.613061794983722,-0.722376655572905
-0.863140979677408,1.72182346516216,-0.123502866472614,0.38649257593814,0.393285524973219,0.184364040866124,0.242233581587247,0.225716157180124,0.264661890633604,0.311853671159823
0.434767880201743,-2.39497197278157,-0.826606954972415,0.179040160046274,0.182186949294359,0.0854054370988273,0.112213123656234,0.104561534742203,0.122602891251329,0.144464175178385
-0.181102032895646,3.32220821688868,-0.790594264151409,0.197387666015599,0.200856928917072,0.0941575336484424,0.12371239262241,0.115276691511212,0.135166872865895,0.159268436500281
-1.13833922106658,-2.96734665714508,-0.393458950285432,0.839096631803109,0.853844497636002,0.400264469093284,0.525902423678108,0.490042187158849,0.574595515730797,0.67705146586703
0.0558295020192724,2.7809364874251,-0.730273226142077,0.0856616240283922,0.0871672028739226,0.040862164337037,0.0536882809265108,0.0500273842170567,0.0586592570764617,0.0691187712103488
0.176169794326389,3.79766624575509,-0.292847542288564,-0.170567122571857,-0.173564990688413,-0.0813636429624152,-0.106902661458172,-0.0996131823612387,-0.116800735512774,-0.137627438830066
-2.82802634637418,0.19666420071784,0.144511884665402,1.34209430388427,1.36568279891403,0.640203575675186,0.841155381234963,0.783798674814847,0.919037616731484,1.08291093222961
-1.40399248062506,-0.302221912956593,-0.131324331734265,0.754115100781528,0.76736934100531,0.359726721582614,0.472640389916765,0.440411985163598,0.516401971871601,0.608481449054846
0.328248994517431,-2.83076719067104,-0.933763256528351,0.288920178464432,0.293998206270661,0.137820219341005,0.18108024313892,0.168732742812698,0.197846389387913,0.233124318384593
0.772438310444225,2.32398979876281,-0.968468033731266,-0.16675136082618,-0.169682163553432,-0.079543454689179,-0.104511139106429,-0.0973847331449538,-0.114187783076709,-0.134548571646726
1.13282093994197,-1.91494184859702,-0.858712513822768,-0.178812674156949,-0.181955465139224,-0.0852969221611366,-0.112070547252023,-0.104428680338399,-0.122447113755694,-0.144280621045293
-0.309866994926031,-2.56753373644342,-0.717920085837567,0.519318227514644,0.528445704915553,0.2477243105838,0.325481838633163,0.303287881749533,0.355618070026049,0.419028218996308
2.74792402926671,-1.72675275987944,-1.01241483264049,-0.935663505283359,-0.952108619371115,-0.446328637248162,-0.586425551629594,-0.546438363825254,-0.640722455545417,-0.754969480033651
-0.525422114456101,-1.82864662733651,0.385504771779763,0.217674093736203,0.221499908556625,0.103834531402489,0.136426877583589,0.127124201122212,0.149058586831434,0.175637177721332
-1.43770208303262,0.917047792472488,0.899622037228239,0.363859808826133,0.37025496695115,0.173567796227729,0.228048532300171,0.212498358089224,0.249163453387832,0.29359171232335
1.13366331166549,1.06576371803311,-0.189778453011919,-0.548387499586071,-0.558025895167463,-0.261590886031249,-0.34370095673887,-0.320264674558708,-0.37552408888577,-0.442483673972161
1.66212680154394,-0.849364915599682,0.527077264306851,-0.960405168394431,-0.977285139105625,-0.458130863921814,-0.601932347989841,-0.560887782694738,-0.657665019889639,-0.774933067828472
1.97087302299331,-2.17409059788247,0.361822151142382,-0.993847871645742,-1.01131562746052,-0.474083646181428,-0.622892506841175,-0.580418710152474,-0.680565871345599,-0.801917363082048
-2.09017392075347,1.99722674256613,-0.340336798190587,1.05415191435259,1.07267956708188,0.502849779572248,0.660687965689545,0.615636972105312,0.721860796395334,0.850575573548994
2.67383364672283,1.11999493765922,-1.46420758322766,-0.882942781906695,-0.898461282627762,-0.421179886135637,-0.553382925606568,-0.515648848514508,-0.604620426184128,-0.712430108892288
0.334650897884981,-4.08109625792598,0.119971417267277,-0.0103488039681008,-0.0105306933556491,-0.00493656912570506,-0.00648609574000875,-0.00604382181836273,-0.00708664071320346,-0.0083502574447436
1.60420736222909,2.90415085304783,-0.0455056663285883,-0.918398074804263,-0.934539733672916,-0.438092710535488,-0.575604471684021,-0.536355151721263,-0.628899456197736,-0.74103832529933
2.55982547483759,-1.30460095866144,-1.08529147963028,-0.838156945602428,-0.852888295618802,-0.399816221556618,-0.525313476908803,-0.489493399494149,-0.573952038619055,-0.676293250548898
1.32285455824913,2.02437526120151,-1.07077062628726,-0.390348166768635,-0.39720888122443,-0.186203228342652,-0.244650066751908,-0.227967867044941,-0.267302117179306,-0.314964675690924
0.669133118743982,-2.5720193887352,0.619801437767816,-0.41734040455129,-0.424675531471943,-0.199079020374491,-0.261567407058578,-0.243731647684723,-0.2857858271617,-0.336744210329868
-0.87575638814539,2.26997786345211,-0.55867820628966,0.513497505373465,0.5225226784319,0.244947719462737,0.32183371067557,0.299888512355357,0.351632163380888,0.414331586560039
2.11463449917176,-2.8246783090757,-0.069545217711453,-0.888019964804021,-0.903627701507383,-0.423601795412666,-0.556565041575051,-0.518613982346907,-0.608097172979166,-0.716526793341757
2.5897771767694,1.62706142633521,-0.312407180981817,-1.25492273932924,-1.27697911697254,-0.598621142038584,-0.786520747585213,-0.732889467777738,-0.859344384517068,-1.01257381809166
0.723640590801964,3.48065042442314,-0.832324388335327,-0.244122966373221,-0.248413643535235,-0.116451128303162,-0.153003664685537,-0.142570650200524,-0.167170211926041,-0.196978281130295
0.520371464253952,3.4310383612854,0.349136154543962,-0.540372772184937,-0.549870301839903,-0.25776771419793,-0.338677739619861,-0.315583980588224,-0.370035774131603,-0.436016739497877
-0.696071937566906,-2.6885192789253,1.06683761575977,0.113190360626091,0.11517978137791,0.0539938761345314,0.0709418709765814,0.0661044864014229,0.0775103500295835,0.091331196764826
-2.91128311183563,-0.644867439244087,1.24524134562706,1.05171608971647,1.07020093067228,0.501687846586431,0.659161316634791,0.614214422202265,0.720192795523954,0.848610151953945
-1.38550083587513,-1.32040002007915,0.800532037137286,0.47890533491632,0.48732251996785,0.228446620282944,0.30015312515754,0.279686282687287,0.327944181245435,0.386419807596985
-0.978359012732424,-1.88058207590542,-0.388090728979997,0.705895013042691,0.718301742553798,0.336724856139605,0.442418529822616,0.412250893383556,0.483381882012174,0.569573557102448
-1.20929712841169,-1.15684085057275,-0.00419763320243579,0.655767713785216,0.667293411653489,0.312813215854197,0.411001328069232,0.382975967906006,0.449055774294226,0.529126771647836
-2.634942249549,-0.175187102695153,-0.0563974472500762,1.33223292597755,1.35564809856412,0.635499517712424,0.834974778971307,0.778039515482478,0.912284755011671,1.07495396980818
2.30829302132044,-2.70331312772367,-0.0702810631279958,-0.989492547346763,-1.00688375448289,-0.472006076683248,-0.620162814553154,-0.577875150132848,-0.677583437956051,-0.798403132909758
1.00033933833659,-1.48158445225028,-0.376179308657277,-0.297090207556191,-0.302311830853486,-0.141717472926521,-0.186200795335208,-0.173504134775831,-0.203441051434675,-0.23971656290459
-2.49514808899249,-1.82789654654911,0.520548745727151,1.14736204321745,1.16752794644455,0.547312719036128,0.719107259515143,0.67007277089542,0.785689108935865,0.925785092917453
1.95967485204565,-0.794509237208118,-0.951607380383312,-0.610642190638576,-0.621374767505307,-0.291287514426898,-0.382718981205838,-0.356622137820968,-0.418154776408741,-0.492715826309161
-1.25695968122092,2.53639916278724,1.10457804113906,0.127358483390366,0.129596921437347,0.0607523303117396,0.0798217184438392,0.07437883479491,0.0872123789713303,0.102763191510799
1.10144696087353,-1.5281351520065,-0.428629961686208,-0.327195595850791,-0.332946347988065,-0.156078294798361,-0.205069297567041,-0.191086031503804,-0.224056580633308,-0.264008040790223
-1.76839761917777,1.16873388220528,-0.57954481546212,1.01542902395614,1.03327608762025,0.48437825128952,0.636418458293771,0.593022353974606,0.695344185155788,0.819330793494059
-2.55543226956882,1.39099292721647,1.27523073239157,0.767642646685401,0.781134645499168,0.366179608859391,0.481118756898142,0.448312229224143,0.525665347412157,0.619396574246232
-0.669201227887522,-1.82559496816073,0.178139064633531,0.358804910124582,0.365111223931765,0.171156516920423,0.224880382914468,0.209546238486203,0.245701966335807,0.289513008576989
-0.643134995654955,2.39056157981202,-0.817876055579879,0.480118555881319,0.488557064364907,0.229025348914478,0.300913509387159,0.280394817834088,0.328774969142392,0.387398733028979
2.03996553242122,1.96711782318268,-1.15830398031488,-0.713113859047158,-0.725647466164857,-0.340168377962873,-0.446942929594965,-0.416466783366561,-0.48832519412392,-0.575398309680337
-1.44568828466408,3.35603771344296,0.504194150772155,0.384372143696293,0.39112782425832,0.183352555831668,0.240904604193027,0.224477800101651,0.263209863761612,0.310142733821737
1.5926049786486,-0.312717317383728,0.518800300801622,-0.948943397407684,-0.965621917351097,-0.452663389134053,-0.594748702014978,-0.55419397519966,-0.649816243048329,-0.765684777996426
0.50013503272418,2.9405363961021,-0.983871173964874,-0.0563039416134987,-0.0572935332115422,-0.0268580118708835,-0.035288402115905,-0.0328821564146347,-0.0385557409515097,-0.0454306032924892
2.01032065937941,1.10893176439799,0.358303501425731,-1.16978983649598,-1.19034992803663,-0.558011187399988,-0.733163841791714,-0.683170862884829,-0.801047184462746,-0.94388166218
3.02311174362541,0.84515587403949,-0.583694639559643,-1.34028155708773,-1.36383819148842,-0.639338862236216,-0.840019245183788,-0.782740009613165,-0.917796286304254,-1.08144826055472
-1.64736195380087,0.293830519548705,-0.455460106422369,0.95555803017689,0.972352808144608,0.455818690172413,0.598894412143251,0.558056997629518,0.654345802795487,0.771022002152527
-1.44566273202918,3.63147615165943,0.417774166520126,0.400343837519377,0.407380234733932,0.190971346452814,0.250914836833045,0.233805454959324,0.274146939780673,0.323029996510495
1.50859691382682,1.28545098388398,0.473720861067673,-0.968827660298225,-0.985855663757816,-0.462148546894835,-0.607211130835264,-0.565806615874886,-0.663432563097147,-0.781729019895951
-0.595995517212275,2.77153203147059,0.742132119220677,-0.0887311721010939,-0.0902907009702902,-0.0423263950145408,-0.055612115095123,-0.0518200359738676,-0.060761218270257,-0.0715955324597726
-2.44454925287221,-1.26662824663481,0.0837804906130075,1.24297354559336,1.26481990558274,0.592921157667883,0.779031610209945,0.725910999731057,0.851161830950524,1.0029322359089
-3.03514622313661,-0.187454547923761,1.0646094547063,1.15213894744129,1.17238880898728,0.549591389883559,0.722101176322556,0.672862538491879,0.788960231285861,0.929639488090166
2.84507192167471,-0.697235665160277,-0.160427734376625,-1.32112664015376,-1.34434660993886,-0.630201615861354,-0.828013932733325,-0.771553315454951,-0.90467940684449,-1.06599251434246
-0.433447924151451,-3.72982057947316,-0.179850893917878,0.454461370642106,0.462448931390694,0.216786401409548,0.284832911050034,0.265410723399165,0.311205474729041,0.366696427456733
0.997174548004098,3.61337497731782,0.211539809540878,-0.738725655442527,-0.75170941254613,-0.352385674157577,-0.462995080549415,-0.431424370189051,-0.505863607222976,-0.596063991838672
1.68332425920184,0.118569486432215,0.268993482960994,-0.930144377461163,-0.946492487993487,-0.44369591214371,-0.58296644741171,-0.543215129019286,-0.636943074271339,-0.750516198444027
-1.05885576630181,-1.30417973895144,0.488034671917971,0.421990917420023,0.429407781219651,0.201297400229521,0.264482108293592,0.246447601260543,0.288970399401586,0.340496622668889
-2.62833963338337,0.891286821929773,1.27272171043959,0.828580448943941,0.84314348355716,0.395248057169465,0.519311423495454,0.483900614122386,0.567394257515163,0.668566153508159
-2.76443090732523,-0.722476990917092,0.306788223433336,1.29988276532281,1.32272935520874,0.620067898291279,0.814699369382137,0.759146645601544,0.89013205347426,1.04885122685561
-0.0332684864309803,4.10281719759135,-0.115678275888693,-0.141382479284127,-0.143867401468981,-0.0674420333307116,-0.0886112346338065,-0.0825690114205954,-0.0968157128994693,-0.114078892965565
-1.93421928059995,-2.10426820190448,-0.214293056902966,1.13121643288773,1.15109856272579,0.539610967054446,0.708988024992755,0.660643546776157,0.774632938594365,0.912757500234159
-1.95972819167073,0.427912042387299,-0.13975196288487,0.997101725705652,1.01462667088491,0.475635794192078,0.624931854481892,0.582318998748303,0.682794041357018,0.804542837404648
-1.99375385229993,1.33526022367782,1.23021385941176,0.50740157330835,0.516319604966361,0.242039848164971,0.318013095354147,0.29632841716639,0.347457798836857,0.409412892354769
2.37825749435257,-2.41354723218372,-1.28991815632111,-0.625859497037805,-0.636859531530521,-0.298546448423365,-0.392256402777904,-0.365509221653637,-0.428575263974885,-0.50499438781644
2.45955296974346,1.71214877668189,-0.183589554505714,-1.23805831953454,-1.25981829007638,-0.590576504770543,-0.775951000421651,-0.723040450575036,-0.847795988751718,-0.998966231420197
1.64603559381627,-3.4310807377185,0.0598834649681039,-0.670612494292479,-0.682399102314532,-0.319894448173981,-0.420305269655749,-0.391645492287292,-0.459221164057681,-0.541104748941487
0.719759813596828,-2.05270075628929,-0.760790425658929,-0.000754967302418541,-0.000768236520840153,-0.000360133237379317,-0.000473174505880723,-0.00044090968082612,-0.000516985541415965,-0.000609169074705626
0.648200226054015,2.05372805073043,-0.704735319634517,-0.181388835877262,-0.184576905181455,-0.0865257985076709,-0.11368515234177,-0.105933188729982,-0.124211214475665,-0.146359278023453
-0.938782332369964,1.56019075700389,0.0551021980755702,0.371346184734001,0.377872922540403,0.177138934717174,0.232740605996204,0.216870488645751,0.254289964283833,0.299632329804512
1.52728812856814,0.333370209725419,-0.603080133604349,-0.568464692145775,-0.578455962153006,-0.271168074779492,-0.356284303909638,-0.331989988403461,-0.389272523066085,-0.45868358723344
0.548702916274876,-2.0056769112673,-0.58733007395129,0.0230686362103752,0.0234740879055481,0.0110041621852423,0.0144582295222841,0.0134723517111634,0.0157969111281297,0.018613653505229
1.11019365467688,1.19880621185878,0.0524020781014132,-0.624999574914521,-0.635984495514963,-0.298136249813227,-0.391717448011947,-0.365007017137365,-0.427986407605799,-0.50430053264883
2.25520666993081,2.60497673438287,-1.01406238685216,-0.899063799698659,-0.914865641573146,-0.428869907026173,-0.563486746796666,-0.525063710305843,-0.615659756079153,-0.725437858314263
0.916110969216764,-1.74387995495694,0.227741116726341,-0.446891598205544,-0.454746113504956,-0.213175481247747,-0.280088568717823,-0.260989888300427,-0.306021855665043,-0.360588518867658
0.555982840708176,2.07705811784954,0.522510853373789,-0.551604108283801,-0.561299038609479,-0.263125267321651,-0.345716960910553,-0.32214321143006,-0.377726754065828,-0.445079095704743
-1.3227480628692,-2.29263935537113,1.2239639800214,0.351400007341953,0.357576173430024,0.167624242604643,0.220239372364685,0.205221689181911,0.240631246502052,0.283538130245267
-1.49538919319488,-1.63122709234239,-0.385802834320063,0.949173349914133,0.965855911476336,0.452773080693311,0.594892824367385,0.554328270136538,0.649973709630876,0.765870322396999
1.61074483201113,-0.582419218318879,0.200856628197376,-0.837527093960947,-0.852247373777358,-0.399515770782143,-0.52491871843611,-0.489125558813734,-0.573520729619527,-0.67578503497398
2.32825807076074,1.71138336981168,-1.46069392605067,-0.74139801412859,-0.754428740300909,-0.353660438219501,-0.464669976928057,-0.432985058726886,-0.50769358157782,-0.598220268359331
-1.86639708598476,-0.15612053768512,1.11662034620206,0.554319344609626,0.564061997616483,0.264420484803436,0.347418730778872,0.323728941007953,0.379586090115855,0.447269969395446
1.1480570313955,1.5410091807596,0.523096907791376,-0.819251403475589,-0.833650471859292,-0.390797931534337,-0.513464459705518,-0.478452343122189,-0.561005925719998,-0.661038720230403
-0.164803808997197,3.78196570978184,-0.674776457304034,0.128105342457863,0.130356907213862,0.0611085957724849,0.0802898111269174,0.0748150091722868,0.0877238121660322,0.103365818201551
-0.761688364599282,-2.80399524525148,-0.648164585930466,0.730826383028371,0.743671303429113,0.34861757646866,0.458044224652198,0.426811103273084,0.500454353586769,0.589690215846038
-0.234750588396893,4.0313337167451,-0.0475487722839655,-0.061206664948516,-0.0622824262476644,-0.02919670073987,-0.038361175842774,-0.0357454038346177,-0.0419130215511423,-0.0493865195658999
1.41371884160658,-0.932348068863286,-0.00433650417735319,-0.653819475210879,-0.665310931062183,-0.311883870354445,-0.409780272770815,-0.381838173931046,-0.447721661981104,-0.527554774177438
0.601274908927052,3.64307594053597,-0.571471141074634,-0.279485103636376,-0.284397301653265,-0.133319515758401,-0.175166825623471,-0.163222549433882,-0.191385450943749,-0.225511331988529
-1.2420780514218,-3.41397861667788,0.378535268208713,0.651003121801704,0.662445077749609,0.310540418171017,0.408015127938048,0.380193390801028,0.44579308310438,0.525282310992853
0.667098135390369,1.90444492524563,-0.575554925900637,-0.227238209645132,-0.23123212226608,-0.108396789945237,-0.142421171382667,-0.132709755992312,-0.155607889861517,-0.183354284965521
2.77969600318223,0.557610614725025,-0.206099989205495,-1.33355600662405,-1.3569944335238,-0.636130651425121,-0.835804017574285,-0.778812209960358,-0.913190772480481,-1.0760215389739
1.99650910525207,-0.666764594831931,0.456098030432009,-1.11076106591085,-1.13028367457304,-0.529853382179492,-0.696167657632625,-0.648697374675639,-0.760625538621511,-0.896252445069319
0.555449548122378,-1.75175436185975,-0.278922083355733,-0.0966907449624839,-0.0983901703682622,-0.0461232571217423,-0.0606007641977328,-0.0564685190519894,-0.0662117643694104,-0.078017963761754
1.16394822924278,0.961449977071774,-0.184745000138584,-0.560077545363651,-0.569921403844276,-0.267167252077177,-0.351027673560658,-0.327091797185242,-0.383529183445679,-0.451916154487253
-0.389382240808659,-2.38379906180369,-0.703813985563852,0.545105110549943,0.554685815239391,0.260025126314064,0.341643724849088,0.318347721205059,0.373276378729921,0.439835175307971
-1.98001913776892,-1.95897443593317,1.40690563321238,0.599021613723078,0.6095499486673,0.28574428630114,0.375435803878257,0.349835585817439,0.410197252647143,0.483339398926832
0.932615201398154,1.53008176967627,-0.694156595278067,-0.300662803298546,-0.305947218127456,-0.143421666560365,-0.188439913797272,-0.175590572219461,-0.205887488966744,-0.242599223962487
-0.776195083511418,-3.47252199199811,0.615795992235057,0.342934345318711,0.348961719905335,0.16358596669359,0.214933532718427,0.20027764415017,0.234834141315496,0.276707345011325
1.66176914319413,-1.85722492517321,0.457692120181541,-0.888397595234673,-0.904011969127024,-0.42378193204784,-0.556801720821764,-0.51883452290822,-0.608355766261312,-0.716831496312712
-1.63788828149886,3.44094874280212,0.145110635416274,0.596824762413137,0.607314485751561,0.28469634797089,0.374058930959728,0.348552599114855,0.408692895623677,0.481566800464017
0.428905071644125,-2.13197217866285,-0.601566072011761,0.0932636347148492,0.0949028256253251,0.0444884627347765,0.0584528285284283,0.0544670468284906,0.0638649522078905,0.0752526922436658
1.45969968578783,1.77379602154245,0.35127681783875,-0.926676182367198,-0.942963336301688,-0.4420415195322,-0.580792761883042,-0.541189662767934,-0.634568128081423,-0.74771777632757
1.86801805231234,-3.1510004761668,-0.124843052858873,-0.7315480078839,-0.744405611480054,-0.348961804747902,-0.458496501834735,-0.427232540577333,-0.500948506930152,-0.590272481520483
1.44249883147324,-3.83954301272434,-0.364757329695768,-0.406706679942479,-0.413854909743192,-0.194006538882242,-0.254902737779091,-0.237521428900089,-0.278504078857444,-0.328164055719367
-2.29185906322427,2.97267440686114,0.398833536090245,0.857387090091197,0.872456426913999,0.408989352853599,0.537365938104591,0.500724027418858,0.587120432307345,0.691809696475964
2.70121565583714,1.58871416855497,-1.05887953680376,-1.05598642446821,-1.07454632033616,-0.503724874513213,-0.661837741864894,-0.616708347338327,-0.723117029880301,-0.852055805641279
-2.93510178300068,-1.18629597549666,0.880657385710902,1.21271572797878,1.23403028004799,0.578487624217277,0.760067573154374,0.708240082508281,0.830441921397582,0.978517765640005
-1.85690343360455,3.06396222445293,0.352689202985996,0.653219739203938,0.664700654164204,0.311597785289488,0.409404389222171,0.381487921131284,0.447310975527185,0.52707085834791
-2.09940879224942,-1.73088173812395,-0.179847501223187,1.18344934050398,1.20424950991507,0.564527021110453,0.74172491329621,0.691148172012148,0.810400922104665,0.954903261911322
-1.97858506517681,-0.146163528473995,-0.297508890702872,1.08731245341272,1.10642293196023,0.518667964342249,0.681471278601572,0.63500311239534,0.744568427818212,0.877332195764665
-1.40590015154116,1.22340552875139,-0.359570117554155,0.758961608641419,0.772301030529585,0.362038594639865,0.475677930687743,0.443242402092623,0.51972075731025,0.612392006106928
2.64822670444843,-1.49300402046932,0.180880567188517,-1.30080179854081,-1.32366454124882,-0.620506293976757,-0.815275371928767,-0.759683371684275,-0.890761387863001,-1.04959277766614
0.721493035092906,2.26180190736485,-0.953798927444425,-0.143496729715025,-0.146018811722133,-0.0684505695280684,-0.0899363375882569,-0.0838037582496136,-0.0982635065988854,-0.115784842315372
-2.80792817109056,-0.920718113605311,0.595388457469365,1.23340280549736,1.25508095126026,0.588355739266522,0.773033164712598,0.720321576258706,0.844607991818114,0.995209783731372
2.4176352522265,-2.41756399594188,0.0333342856179159,-1.0923711411833,-1.11157053064489,-0.521081051104915,-0.684641802780014,-0.637957444858723,-0.748032509544072,-0.881413956840356
-1.50208935023124,2.53794049217507,-0.475127225358129,0.78254322866974,0.796297118397626,0.373287459506254,0.490457671967958,0.457014342316712,0.535868948839542,0.631419576713885
-1.55097324229379,3.27187070796425,0.981192255075405,0.279341231225102,0.284250900557048,0.133250885981885,0.175076653828088,0.163138526273235,0.191286930178413,0.225395244015751
1.76021225277888,0.531957789394501,-0.81601523318371,-0.621372957014318,-0.632294136595916,-0.29640628662018,-0.38944447125196,-0.362889030125564,-0.425502976849739,-0.501374282116522
2.21464875250946,1.27574527377676,0.326917319621967,-1.26836887262448,-1.29066157795913,-0.605035194009226,-0.794948089349021,-0.740742165928449,-0.868552010435862,-1.02342325296333
-1.79587866374345,-3.00289021977351,0.170568774234129,0.975782948650016,0.992933197457226,0.465466346888309,0.611570346285488,0.569868585124969,0.668195396537398,0.787341112705797
2.37504179937563,2.13392187366829,-1.01912297795474,-0.934080721137593,-0.950498016393358,-0.445573620207475,-0.58543354428876,-0.54551399948485,-0.639638598647348,-0.753692360944591
-0.41321952698899,-2.83788022547113,-0.665042554140656,0.565603246131047,0.575544223692434,0.269803112596933,0.354490897361055,0.330318870667616,0.387313065732744,0.456374739664111
-0.317260091572077,-2.67525616266656,0.704432614626733,0.0474528525496333,0.0482868784249204,0.0226358801988346,0.0297409967105525,0.0277130175107234,0.0324947035302269,0.0382888241480153
-2.25018266808763,-1.02108877335283,1.31083637996968,0.720245846737703,0.732904804850263,0.343570466778795,0.451412891062978,0.42063194708454,0.493209027510819,0.581152977900197
2.59434887780594,1.40676213973438,-0.130573260398514,-1.30806380632169,-1.3310541852427,-0.623970404758276,-0.819826823272967,-0.763924468646445,-0.895734256240663,-1.05545235667865
-1.37605792147615,-2.67996788625258,1.38245100576168,0.342828906589686,0.348854427997343,0.163535670487771,0.214867449169712,0.200216066706733,0.234761939117816,0.276622268461927
-2.36044735142806,0.915626222359207,1.35204389500638,0.667950252502558,0.679690069269296,0.318624510056901,0.418636714025,0.390090712134409,0.457398117538006,0.53895663555616
1.316280878835,-3.15836093917091,0.446881117340838,-0.651206540368061,-0.662652071577278,-0.310637452554639,-0.408142620187467,-0.380312189608445,-0.44593237980945,-0.525446445650671
0.244451154835339,-2.97938546260267,-0.852919692846914,0.310227361456339,0.31567988185869,0.147984136063924,0.194434484775093,0.181176385368038,0.212437094839437,0.250316688049059
-2.91451967657916,-0.702774349158567,1.01968644886717,1.13232689441431,1.15222854159637,0.540140677550877,0.70968400491461,0.661292069216383,0.775393359014829,0.913653510986516
-0.36086898486493,2.16367664150118,0.433044378885788,-0.0715220090477665,-0.072779071647659,-0.0341173088950102,-0.0448263006654207,-0.0417696847006133,-0.048976749658253,-0.0577097788647873
1.1143567985197,3.3967502771864,0.0213684523963408,-0.722082638042295,-0.734773879387438,-0.344446649888705,-0.45256409696974,-0.421704654558437,-0.49446682310545,-0.582635050641442
1.13051427319787,-1.30512209041164,-0.499737212299309,-0.328263181944075,-0.334032697851661,-0.156587552927453,-0.205738405382117,-0.191709514192572,-0.224787640869529,-0.26486945615289
2.22800306834297,-1.52675821304303,0.218812339343824,-1.10391571568886,-1.12331801126335,-0.526588024688454,-0.691877345723096,-0.64469961057135,-0.755937988472835,-0.890729059291674
-1.09957047080215,1.52604096902629,-0.37253090504093,0.597126712539197,0.607621742918286,0.284840383713996,0.374248177700933,0.348728941498532,0.408899664643874,0.481810438404773
-0.857624536235925,-2.1525156221157,0.820143989069782,0.250829715726818,0.255238269943622,0.119650370640234,0.157207108730448,0.146487469786488,0.171762851149757,0.202389832445068
0.204243471051695,2.83265743592564,0.830871856837072,-0.517915919850088,-0.52701875045287,-0.247055384131726,-0.324602944627895,-0.302468917772128,-0.354657799581396,-0.417896723023259
-0.984496370050695,-1.70783862297458,-0.0481815740009939,0.585766282270099,0.596061643034197,0.279421250305535,0.367128046852944,0.342094318160607,0.401120283769267,0.472643918512964
-1.44496094481258,2.71667012909193,-0.452964548203553,0.738184761275489,0.751159011685461,0.35212765772848,0.462656076026435,0.431108481707807,0.505493214408745,0.595627554395365
-1.38665556990082,-0.587276347565062,0.228679907642048,0.637547166695216,0.648752622324752,0.304121681016432,0.399581630370313,0.372334956598372,0.436578731418272,0.514424951084362
1.44556720841662,0.492412598107999,-0.485025987235333,-0.575530497083816,-0.585645954865468,-0.274538593209729,-0.360712785447178,-0.336116500624628,-0.394111035912577,-0.464384853821236
-1.20606349447457,-1.21573449537788,0.665908900043285,0.430524861632233,0.438091717053204,0.205368247995924,0.269830743688649,0.251431523884397,0.29481426277796,0.347382503531131
-2.5468984306017,2.34280132655739,0.435339687020866,1.00157547010749,1.0191790453035,0.477769852249269,0.627735766373168,0.584931717484589,0.685857566312777,0.808152618555444
0.595622403864559,2.16327484839373,0.473013325612987,-0.558643294822066,-0.568461945080234,-0.266483088287435,-0.350128759410138,-0.326254178196329,-0.382547039198647,-0.450758884400835
-0.655840152174724,3.99914775095638,0.17809754256549,0.0725930451701023,0.0738689321776205,0.034628212751179,0.0454975707804882,0.0423951822464534,0.049710172400944,0.0585739779917291
-0.940881781572145,3.49115402135704,0.763030795303683,0.0404411367588622,0.0411519255243561,0.019291163282983,0.0253464154564428,0.0236180939803285,0.0276932297806561,0.032631201087149
-1.62979505409114,0.949749399757383,-0.355365536986362,0.88154480951284,0.897038739631999,0.420513027687128,0.552506748725029,0.514832416385588,0.603663124440587,0.711302110968537
0.81508365656712,-2.09342767444542,-0.72298222802735,-0.0587797436165927,-0.0598128496257142,-0.0280390147932991,-0.0368401069191723,-0.0343280535647179,-0.0402511174729935,-0.0474282818814133
-1.42293163659631,3.64282201236888,0.577781502998474,0.334467302765643,0.340345861586786,0.159547032244513,0.209626827827387,0.195332792872962,0.229036090771496,0.269875445853543
-1.52031361974561,-0.652880339080319,-0.178803957059324,0.844593792542585,0.859438275839994,0.402886715496751,0.529347760063294,0.493252592933149,0.578359854414135,0.681487022626174
-1.70933235173054,0.74822971756653,-0.540563241530468,0.993192864727251,1.01064910821581,0.47377119587887,0.622481982340295,0.580036178497864,0.680117336547731,0.801388850181973
-0.373999962132059,2.23708967756543,0.567471276118758,-0.113974776796566,-0.115977984356723,-0.0543680570215991,-0.0714335025117229,-0.0665625945635265,-0.0780475015291116,-0.0919641275834483
-0.800928070469673,-3.26236779281377,1.07000705778952,0.191588491513611,0.194955828791437,0.0913912211461154,0.120077769611978,0.111889906188808,0.131195721585473,0.154589190453312
1.0883916813535,3.50161372993768,-0.152394788473635,-0.655534242368369,-0.667055836769888,-0.312701845710199,-0.410855000245563,-0.382839617884549,-0.448895898036728,-0.52893838790391
1.316842169124,2.83666195740364,-1.20916563118377,-0.379591936998926,-0.386263601198172,-0.181072309643853,-0.237908617565807,-0.221686103822266,-0.259936479948032,-0.306285673944563
2.86387420571326,-0.688370915179847,-1.24297542194048,-0.965005561541806,-0.981966388233521,-0.460325335751354,-0.604815636772537,-0.563574465770663,-0.660815271210992,-0.778645039496505
-0.486732427979271,-3.7591716053633,-0.0634147483009348,0.442904920311048,0.450689366218595,0.211273762839633,0.277589924952999,0.258661622066396,0.30329186348772,0.3573717426227
-0.769294395514002,-1.84466181112061,0.729701552421896,0.222878358004382,0.226795642374647,0.106317060822072,0.139688641590692,0.130163551952463,0.152622356244675,0.179836401765359
-0.0140957094847115,2.97466739345808,-0.969734221190457,0.191915247406209,0.195288327707999,0.0915470896944053,0.12028256332626,0.112080735428501,0.131419477066677,0.154852843705726
-0.772232372133867,1.74623642458457,-0.262568833018029,0.387303434109502,0.394110634694483,0.184750835072141,0.242741785602632,0.226189707778124,0.265217149052598,0.312507937537167
2.41204275874834,0.563261303418659,-1.2834118277699,-0.787686191419758,-0.80153047326906,-0.375740746978377,-0.493681015350125,-0.46001789234775,-0.539390740277771,-0.635569337703054
1.7346116600289,0.759998624854936,-0.931899801908001,-0.580478685010063,-0.590681111573243,-0.276898969521831,-0.36381405403127,-0.339006299894397,-0.397499449696702,-0.468377454627715
2.80725161475462,0.933595708274702,-0.800005216777044,-1.16453382260212,-1.18500153504747,-0.555503972460689,-0.72986964379246,-0.680101289671611,-0.797447978007179,-0.939640682325502
-1.74123176731807,0.970684329364545,-0.379697982163613,0.94394414580721,0.960534799479834,0.450278654513646,0.591615429357672,0.551274354150545,0.646392861946834,0.761650974860945
-2.87492321449187,1.13610357306297,1.09242853094394,0.999862633534595,1.01743610411212,0.476952797817742,0.626662248889116,0.583931401014931,0.684684652280396,0.806770562581774
1.98568360904468,-1.26476829817313,-1.23335940933836,-0.505726185662365,-0.514614770899923,-0.241240657557801,-0.316963048922987,-0.295349971305378,-0.346310529032633,-0.408061053223712
-0.63997728750603,-2.24722253510157,0.839625243457524,0.141018188309797,0.143496707758411,0.067268259860638,0.0883829158692415,0.08235626125684,0.0965662541931208,0.113784953353816
-0.683138284800679,1.90003909936084,0.517214324649626,0.0722679763032641,0.0735381499377894,0.0344731489450901,0.045293834406806,0.0422053382494154,0.0494875721590773,0.0583116859690241
2.32671246220915,0.32126421421044,0.320679768892661,-1.27593350428936,-1.29835916471957,-0.608643661928737,-0.799689209711102,-0.745159998756768,-0.873732109208821,-1.02952701355935
-2.86340350601789,-1.46653574050551,0.837208012572262,1.20534907332238,1.22653414991715,0.574973594958575,0.755450534554337,0.703937870554332,0.825397393066674,0.972573749009968
-0.973496838975619,1.70287170126795,-0.444060356198779,0.550383426081998,0.56005690183778,0.262542979543441,0.344951900363129,0.321430318834231,0.376890856872698,0.444094149939543
-0.284301464719094,2.34928769362549,0.700917674851143,-0.208876810312127,-0.212548005091526,-0.0996380660065622,-0.130913194773824,-0.121986485337409,-0.143034394367183,-0.168538813346875
-1.39315553679902,0.737758203276569,-0.0238151757019285,0.662492172286979,0.674136058463992,0.316020905779449,0.415215871293414,0.386903129840361,0.453660540365718,0.534552612144891
-2.03489873144933,2.83301119430835,0.0126136642433146,0.867377172317751,0.882622093676055,0.413754805135319,0.543627205587454,0.50655835157015,0.593961428006285,0.699870508019308
-1.61654712277235,-0.544115610081044,-0.382657036189566,0.955919353622409,0.972720482169422,0.455991048076866,0.599120871014051,0.558268014721952,0.654593229401261,0.771313547320471
-2.27582764794374,2.53213202356589,0.00991764987379418,1.00203415783946,1.01964579487826,0.477988654702476,0.628023248149178,0.585199596452133,0.686171665909797,0.808522725155249
-2.67388736459711,1.12469384342958,1.33980698555826,0.817258126819372,0.831622161601962,0.389847102044243,0.512215176863907,0.477288246383859,0.559640972286909,0.659430382369399
-2.76498754698631,1.3181929480631,0.4274505786108,1.16141951650576,1.18183249226557,0.554018391385748,0.72791775760668,0.678282498708688,0.795315367471327,0.937127806659241
0.559853475065586,1.7774474645405,0.583585187821385,-0.559778948092689,-0.569617558462045,-0.26702481570739,-0.35084052821583,-0.326917412907919,-0.383324710389297,-0.451675221902917
2.07362385430705,-0.592862905904712,-1.18192703384644,-0.598908251458794,-0.609434593960905,-0.285690210423811,-0.375364754266947,-0.349769380937303,-0.410119624581147,-0.483247929024203
-2.33816624233396,-1.83445276334465,1.39381110212878,0.774815787085966,0.78843386018989,0.369601328272081,0.485614510758974,0.452501426603158,0.530577361299062,0.625184447822409
1.35368145171639,-2.90101715165986,-0.943946891671686,-0.212036640033644,-0.215763371616577,-0.101145362684884,-0.132893612816243,-0.123831862626618,-0.145198178512705,-0.171088421179581
0.210545277665956,2.12757820038082,-0.542077373940182,-0.0231889557720521,-0.023596522189994,-0.0110615568209145,-0.0145336396082069,-0.0135426197338528,-0.0158793034033146,-0.0187107371217259
-0.912906211695758,2.97156299131313,-0.737098811063368,0.558513402464741,0.568329769749785,0.266421127252825,0.350047349590404,0.326178319549701,0.382458091676731,0.450654076673573
2.17092060432064,0.270157917844417,-1.33065372136384,-0.638252091019135,-0.649469936317461,-0.304457942836073,-0.400023440522336,-0.372746640598024,-0.43706144859303,-0.514993741410465
1.92410402377635,-0.397926591273243,0.486512858228958,-1.0980919438053,-1.1173918814354,-0.523809978784392,-0.688227306344519,-0.641298460092172,-0.751949993428997,-0.886029966075001
0.516246874013789,3.1300009599286,-0.847902329713891,-0.119329115350434,-0.121426430148808,-0.0569221746254372,-0.0747893253287223,-0.0696895905211768,-0.0817140386192985,-0.0962844437773705
-1.31883183797294,-1.99997189888817,1.18192965586842,0.349617523139288,0.355762360490151,0.166773964977483,0.219122203344074,0.20418069768684,0.239410639255052,0.28209987689451
1.79918855638549,1.55879889825796,-1.39925950487827,-0.492852571828968,-0.501514891911353,-0.235099707861383,-0.308894532783277,-0.287831631175708,-0.337494952256899,-0.397673573657529
-0.841416848014825,2.56104569428534,-0.640159467118424,0.51005833822029,0.519023064872639,0.243307173710896,0.319678218360696,0.297879998758866,0.34927709490705,0.411556586549117
-1.1556138286534,-1.00830097310102,0.424813174671816,0.477066289058177,0.485451151251352,0.227569361709678,0.299000506213075,0.278612258527908,0.326684841780514,0.384935915698412
2.31150912184316,-0.39175655347215,-1.37720437308959,-0.660361676593039,-0.671968117422924,-0.315004620293941,-0.413880586647269,-0.385658895588881,-0.452201622255904,-0.532833554794481
-0.771074923969233,1.90381891344571,-0.034240172349407,0.301999934309419,0.307307850399091,0.144059502554326,0.189277958442836,0.176371472273461,0.206803127826051,0.243678130105898
-1.667287267053,2.62061167962216,-0.438881944185941,0.848127502988686,0.863034094374217,0.404572360131742,0.531562507230361,0.49531632091174,0.580779664122889,0.68433830786175
-0.6154256293472,2.13647312404215,0.453501284327275,0.0489208991646523,0.0497807272582944,0.0233361653348887,0.0306610924941001,0.0285703737993897,0.0334999906090953,0.039473363657516
1.00370369595981,-2.5928917903088,0.762229849970679,-0.630145169750502,-0.641220528733598,-0.300590792838584,-0.394942441049629,-0.368012104337202,-0.431510001440479,-0.508452417419208
0.548049253886707,3.98605597069804,-0.422781724036681,-0.319844294687135,-0.325465841201183,-0.152571589437034,-0.200461881743137,-0.18679278616809,-0.219022566047472,-0.258076412607915
0.116796494367178,-2.76442030964156,0.892412504060426,-0.226731395407782,-0.230716400320021,-0.108155030267086,-0.142103526399151,-0.132413770586173,-0.155260834257844,-0.182945345983627
-2.68710661756206,2.21819631733217,0.43177631420524,1.07818915207939,1.09713928053263,0.514315982429612,0.675753264607365,0.629674998361698,0.738320985228048,0.869970773602831
1.98676292871745,1.9527340198605,-1.34790201005134,-0.622002245766997,-0.63293448565529,-0.296706468886382,-0.389838876935029,-0.363256542072376,-0.425933900394995,-0.501882043506934
-1.12372272150744,-3.00161652220379,-0.529140056207731,0.879358653307381,0.894814159796667,0.419470191117694,0.551136578945513,0.513555675748348,0.602166091197056,0.70953814218661
-0.50857260009348,-3.11672075527238,-0.557173799145202,0.589750065066852,0.600115444338911,0.281321587698975,0.369624876120055,0.344420893623903,0.403848293445269,0.475858358757399
-2.5347049436519,-0.122853543122211,1.28444925873397,0.826933847990528,0.84146794213489,0.394462598342143,0.518279419076166,0.48293898002447,0.566266700225372,0.667237541823937
-1.79206248825537,-1.59229745839565,-0.396064400376396,1.09767841286381,1.11697108232166,0.5236127169477,0.687968126512119,0.641056953215195,0.751666816241062,0.885696295649558
1.84101873182948,-0.841584156636701,-1.14327017544292,-0.484852385978432,-0.493374095715012,-0.231283472614161,-0.303880429557012,-0.283159429639813,-0.332016595247108,-0.391218372489965
0.468961950219197,3.6109286684527,0.20115469579169,-0.473539660058971,-0.481862538626719,-0.225887095054617,-0.296790197331117,-0.276552666196623,-0.324269881295885,-0.382090344350627
-1.93366224195386,2.815599857626,0.851231829436323,0.534664158554571,0.544061354273348,0.255044600890817,0.335099875485668,0.312250083867583,0.366126637008744,0.431410565333881
0.471599047649977,2.69280330248899,-0.956072317416826,-0.0396763256355674,-0.0403736721687767,-0.0189263343626662,-0.0248670713521382,-0.0231714353936799,-0.0271695034002011,-0.0320140892164632
-1.28218005833152,2.14213959961247,-0.485198161561483,0.696052683287708,0.708286425143749,0.332029884494261,0.436249865956499,0.406502858393228,0.476642064061285,0.56163196428037
-1.57411043951114,-2.75951150400613,1.45497650956947,0.420207717246207,0.4275932397248,0.200446781071003,0.263364490539249,0.245406191629996,0.287749301872779,0.339057791614328
-1.32841364126947,3.61109481659503,0.469955794261439,0.325627879101822,0.331351077229938,0.155330465182044,0.204086733692185,0.190170466698282,0.2229830415679,0.262743079303401
-2.52226264889396,-1.63631158702797,1.23620942258104,0.909727550806928,0.925716817543653,0.433956711708873,0.570170235134937,0.531291464915207,0.622962065891211,0.734042240748715
-1.47461033076757,2.63181798079779,1.00967553993695,0.262626834070586,0.267242733081726,0.125277812262246,0.164600933105685,0.153377124036356,0.179841266724264,0.211908707822379
-1.73891539211972,-0.465526742201904,0.929465055676639,0.569296870007985,0.579302766277551,0.271565038868709,0.356805870005938,0.332475989948749,0.389842380755645,0.459355056072804
-1.40822459902835,-1.28654777056078,0.953035216753121,0.436992715744412,0.444673249424903,0.20845353292529,0.273884460536829,0.255208825872304,0.299243311624542,0.352601294718809
-2.79513928367993,1.67708640105643,0.470484548216473,1.14457798648686,1.16469495745327,0.545984672960196,0.71736235657217,0.668446849401135,0.783782646137298,0.923538689322137
1.42774698822297,0.746169074794365,0.445075696855794,-0.89322414083228,-0.90892334553459,-0.42608428274019,-0.55982675027793,-0.521653281644018,-0.611660881967588,-0.720725946186634
-0.569902652952523,3.91811917785935,-0.136817554889586,0.140356930135721,0.142823827386769,0.0669528275946171,0.0879684734042821,0.0819700787962996,0.0961134386684678,0.113251396431876
2.54199402403797,1.41901478073994,-0.0758126663307253,-1.30123390477844,-1.32410424213595,-0.620712416570081,-0.815546193797241,-0.759935726750124,-0.891057285018407,-1.04994143615255
1.64167861382538,0.246896951115107,0.188905363863794,-0.888616084657325,-0.904234298694624,-0.423886155506075,-0.556938658705395,-0.518962123270908,-0.608505383168034,-0.717007791364172
-0.0790750734289994,2.13475843953469,0.45628372300405,-0.217525688852176,-0.221348895325435,-0.103763739553417,-0.136333865068418,-0.127037530944789,-0.148956962325218,-0.175517432580588
-1.43598524307871,3.08330938593692,-0.352358567841989,0.682139391447245,0.694128594887113,0.325392989337269,0.427529733348509,0.398377334221562,0.467114537912831,0.550405587867228
0.73546921875791,1.58319487949985,-0.381072679413895,-0.311399873331992,-0.316873001668131,-0.148543445713881,-0.195169354650416,-0.181861145933434,-0.213240006018384,-0.251262766074008
-0.101481327039265,2.40722531670017,0.561505123839427,-0.255070623039895,-0.259553714955568,-0.121673361139546,-0.159865090362133,-0.148964208956294,-0.174666934222392,-0.205811741679473
2.4870623207173,1.98507288923155,-0.367723170021388,-1.20255204536489,-1.22368796171817,-0.57363936136972,-0.753697501916389,-0.702304373712745,-0.823482047847974,-0.970316879172908
-1.4586287953449,2.66104872220651,-0.621835861735624,0.804694442341986,0.818837659252097,0.383853994329831,0.504340908434553,0.469950908600913,0.551037628538228,0.649292979036214
1.87528364753747,-1.58398358397111,0.452203897860761,-1.0053869298522,-1.02305749482604,-0.479587988389213,-0.630124592452934,-0.5871576542823,-0.688467572830134,-0.811228014534216
1.5381340375574,-3.42658906007289,-0.563066512559527,-0.406865973284213,-0.414017002806368,-0.194082524725163,-0.255002574617088,-0.237614458063387,-0.278613159547769,-0.328292586554119
0.407441387136901,-1.75565086925569,0.20824232085587,-0.187855187612825,-0.19115690877094,-0.0896103667758616,-0.117737927577895,-0.109709613312482,-0.128639234526715,-0.151576856971383
-1.328906951132,1.09116633212309,0.00218509918839826,0.604925770490105,0.615557876214182,0.2885606772676,0.379136224349356,0.353283682003006,0.414240293548421,0.488103353210898
-0.572456294377691,2.13749781498309,-0.519367041410004,0.356384195916597,0.362647963529449,0.170001791885711,0.223363204295509,0.208132513248839,0.24404431276403,0.287559779305362
1.79792109154716,-3.22910898671002,-0.896844232931663,-0.432183092941087,-0.439779093244703,-0.206159254715908,-0.270870037413939,-0.252399950245088,-0.295949784287639,-0.348720499532847
-1.71749504725593,1.5427816986503,-0.599172720773677,0.978900948765412,0.996105999183815,0.46695369007802,0.613524547691578,0.57168953343795,0.67033053665887,0.789856969007313
-1.5314916045442,0.598987688780558,-0.143284703278318,0.778030387113675,0.791704959657733,0.371134751390076,0.48762925600005,0.454378790387868,0.532778650984638,0.627778248796511
2.89390844574087,0.847052073043883,-1.06643548039736,-1.11324729189706,-1.13281359818106,-0.531039357532863,-0.697725895650037,-0.650149359553036,-0.762328053264788,-0.898258534576343
-0.172641494159533,2.07524222409715,-0.160281319940367,0.0400371744570272,0.0407408632275942,0.0190984658627464,0.0250932327530955,0.0233821753001456,0.0274166049935206,0.032305251419082
1.21914006495645,1.42123530187551,-0.847495537589094,-0.385496004010404,-0.392271437411972,-0.183888657795271,-0.241608981782765,-0.225134147589549,-0.263979459386621,-0.311049555806546
2.80617033685616,-0.0248199698218634,-0.263495428467614,-1.29930928578092,-1.32214579625642,-0.619794338041279,-0.814339942029459,-0.758811726882594,-0.889739346888816,-1.04838849687939
0.139834385496091,-3.99547006524783,-0.505534793940191,0.293405156485017,0.298562011748781,0.139959636040184,0.183891195682134,0.171352022112919,0.200917606886715,0.236743163733422
-1.37737684628895,-1.63255067461643,-0.600648923437186,0.963409105910065,0.980341873481326,0.45956379716134,0.603815060850522,0.562642117123524,0.659722052370284,0.777356889139687
-1.64227655305192,0.659811713983452,0.182278239613361,0.719941748173081,0.732595361484267,0.343425406191126,0.451222297791464,0.420454349987768,0.493000787285618,0.580907606424324
-1.87798778831732,0.391234255192645,-0.497442235384073,1.07927117948713,1.09824032552956,0.514832129330323,0.676431423492346,0.630306914945982,0.739061934569064,0.870843841393537
2.81422436398375,-0.0816728348904302,-0.27790396257369,-1.29569880400166,-1.31847185706492,-0.618072072073602,-0.812077078556537,-0.756703163552999,-0.887266965804967,-1.04547526628295
0.298127152396733,-3.78918999158924,-0.473288658737665,0.194222082903398,0.197635707880404,0.0926474924973384,0.121728368651913,0.113427954174963,0.132999148920877,0.156714186363638
1.55235648098145,-2.97689728404368,-1.0449893503726,-0.272625202329196,-0.277416831510184,-0.130047217133092,-0.17086739384541,-0.159216287326692,-0.186687936521612,-0.219976205210879
0.763783290600437,1.66418322527599,0.0781792725384413,-0.484516581835155,-0.493032389516759,-0.231123287884496,-0.303669964866609,-0.282963316116542,-0.331786643716405,-0.390947418372368
-2.53793822717941,-0.409394218963621,-0.230949092882207,1.35443293693073,1.37823829435492,0.646089329733176,0.848888599052878,0.791004579945997,0.927486850049836,1.09286674574891
1.94180202545595,-0.66781397118617,-1.20519917857328,-0.522170117455341,-0.531347719345637,-0.24908471434394,-0.32726925592818,-0.304953418627058,-0.357570983563267,-0.421329355947234
-2.89443771559107,1.14482294432254,0.637527755717408,1.16284516328397,1.18328319604748,0.554698451022704,0.728811279362761,0.679115092999777,0.796291620044306,0.938278134529015
-0.605351501826374,-1.82714893047717,0.406573385384065,0.250061071756924,0.254456116375773,0.119283713381856,0.156725362395888,0.146038572772871,0.171236500117522,0.201769627921749
-1.96321426829121,0.328776121272347,-0.361519355010622,1.07853520979503,1.09749142051886,0.514481058301184,0.675970155707259,0.629877100090426,0.73855795818689,0.870250001137266
1.03204065940941,3.61508770911234,-0.220735385056824,-0.609981343826179,-0.620702305725389,-0.290972278387935,-0.38230479656113,-0.35623619560043,-0.417702242575811,-0.492182601307309
-0.847191438497333,3.03641749453445,-0.658449022157681,0.496279255250502,0.505001802326343,0.236734298644477,0.31104220094003,0.289832854127802,0.339841472136989,0.400438500777575
-0.224796583266502,4.12258499549456,-0.361125648275065,0.0354601589187064,0.0360834025909189,0.0169151455810991,0.0222245958481387,0.0207091450196652,0.0242823621613238,0.0286121427089955
-2.42604431819163,0.394162950703231,1.55474198253766,0.6569608842802,0.668507553175776,0.313382380044126,0.411749145699991,0.383672793345239,0.449872832056032,0.530089518728493
0.28821105144168,-3.52133309233905,0.653905851812432,-0.194671732021651,-0.198093259979811,-0.0928619833661776,-0.122010185491751,-0.113690554487026,-0.133307059067584,-0.157076999874145
-0.731865965249733,-1.52168226908063,-0.290700464956665,0.533694781392399,0.543074939449734,0.254582190221459,0.334492319955444,0.311683956336226,0.365462828158458,0.430628392931143
2.86980128382096,-1.36472395411742,-1.12118082851176,-0.976634615859882,-0.993799833471959,-0.465872607753483,-0.612104127298139,-0.570365968675844,-0.668778600117458,-0.788028307137303
1.01743832953953,1.73813275810752,0.519154895090275,-0.762702446157122,-0.776107616574948,-0.363823042682482,-0.478022494402492,-0.445427094687636,-0.522282403228171,-0.615410418322615
-1.79870778125138,1.02822692966739,1.09042040577879,0.472802478894122,0.481112400850556,0.225535446130774,0.296328170257488,0.276122143826895,0.32376507532295,0.381495526579523
0.773667133486191,1.89617565626171,-0.771478221239883,-0.213397683790226,-0.217148336921589,-0.101794605496729,-0.133746644735559,-0.124626728002089,-0.14613019231136,-0.172186622072752
-1.39253245719349,-0.134318875257819,0.692086423549275,0.462101034403423,0.470222869003066,0.220430661013956,0.289621057654233,0.26987237584402,0.316436953884798,0.372860730055845
2.47640188015641,0.903497209381684,-0.00573434845699163,-1.26769099002495,-1.28997178097304,-0.604711831587636,-0.794523227552955,-0.740346274610192,-0.868087810858462,-1.02287628210169
-1.21867421049391,2.31696697767697,-0.568472978340947,0.684357159208963,0.696385341879779,0.326450905198293,0.428919715618533,0.39967253637513,0.468633218077328,0.552195063425958
-1.89363267340801,1.32416827975657,1.2189422078089,0.462165666891972,0.470288637464797,0.220461491895329,0.289661565959341,0.269910121968661,0.316481212837442,0.372912880808758
0.439665249662513,3.20669571045389,0.605945245672756,-0.576430623501448,-0.586561901801425,-0.274967970004981,-0.361276938188004,-0.336642184916159,-0.394727423326802,-0.465111149086197
2.74707918866513,0.376876200158543,-0.219425307820884,-1.30422555009483,-1.32714846826612,-0.622139486205323,-0.817421202542412,-0.761682882391658,-0.893105900062612,-1.05235533911682
-2.53747308862006,-2.07081448288507,0.935720298083498,1.03967030502119,1.05794343065148,0.495941786558147,0.651611641035757,0.607179543912457,0.711944098524066,0.838890632322532
-1.82537575802774,0.537770103779537,-0.407458376031721,1.01577374145867,1.03362686383793,0.484542687854875,0.636634509417313,0.593223673003292,0.695580240365209,0.819608939635454
-2.10306882748326,3.20935063918766,0.526247666128177,0.70948032415559,0.721950068682201,0.338435115238197,0.444665617622101,0.414344756751395,0.485837026759382,0.572466477956345
-0.0411347975097365,-2.04180385977281,0.505957612841424,-0.0526097302319372,-0.0535343927958878,-0.0250958053486364,-0.0329730612534735,-0.0307246940239714,-0.0360260236179464,-0.042449812837242
1.60145491535114,-3.04665184601229,0.218540031532678,-0.720610674392884,-0.733276044674326,-0.343744496255469,-0.451641546191378,-0.420845010676151,-0.493458853724793,-0.581447350549743
-1.83165280764805,3.40310981753914,0.716733002242321,0.501403836367261,0.510216452491047,0.239178817740707,0.314254023664008,0.292825669071336,0.343350676223962,0.404573429968747
-2.04285129586673,-0.579665582148397,-0.53068322911555,1.2187488115099,1.24016940036094,0.581365515612682,0.763848798261251,0.711763473422805,0.834573248603083,0.983385748532115
0.986653332519848,-1.78166503628067,0.338799096210878,-0.517541817579943,-0.526638073004279,-0.246876930493765,-0.324368476649934,-0.302250437697564,-0.354401622308478,-0.417594866859396
-2.17545692376378,0.49394010703022,1.22551917419176,0.639349962512506,0.650587103873851,0.304981647655961,0.400711529661736,0.3733878103125,0.437813247626694,0.515879593499185
-0.812448602764763,3.69134534390564,0.48297321433071,0.0618820846331988,0.0629697170309944,0.0295188883059478,0.0387844940110418,0.0361398567819747,0.0423755345768723,0.0499315031473585
2.3183396736909,-2.08997041676853,-1.34045024697767,-0.594644686815662,-0.605096093396279,-0.283656411962886,-0.372692572191192,-0.347279409623363,-0.407200026251086,-0.47980773801158
1.16618032094624,2.06861282977021,0.566142011053542,-0.868100117806478,-0.883357745571493,-0.414099663380796,-0.544080310474661,-0.506980560139539,-0.594456485691176,-0.70045383928812
0.755812768626688,3.01728703625113,0.664684069316653,-0.743738652437281,-0.756810517399141,-0.354776965582928,-0.466136968109811,-0.43435201870821,-0.509296400877942,-0.600108885877147
-1.77747468177721,2.25019415050314,-0.421665807234989,0.914652890633554,0.930728724576238,0.436306189058785,0.573257183710449,0.534167920629198,0.626334833782972,0.738016405848562
0.244215700309679,2.5197640928319,0.706474327754573,-0.480647880331177,-0.489095692160377,-0.229277846376475,-0.301245262609067,-0.280703949466004,-0.329137439260525,-0.387825835082679
0.746640267627778,-3.99274693203738,-0.291464693580187,-0.0795489672221655,-0.0809471107151464,-0.0379463150312947,-0.0498571834013077,-0.0464575215848615,-0.0544734397856548,-0.0641865821225382
-1.76964884514926,0.978290748269318,-0.468314470617132,0.987599265163053,1.00495719618941,0.471102946388852,0.618976203081505,0.576769451328861,0.676286958609644,0.796875478728824
-0.825206554720569,-3.74020485330862,-0.0827218991234215,0.616124134559222,0.626953061441412,0.293902502128948,0.386154780475036,0.359823656796182,0.421908694938389,0.497139104900208
0.0801926015615431,-3.87930005938524,-0.371863970729192,0.272186503310971,0.276970421968502,0.129837949662616,0.17059243996262,0.158960082000335,0.186387524770362,0.219622227132423
-2.88936962986637,1.43491189460361,0.445690351841577,1.21124342919309,1.23253210430829,0.577785310717898,0.759144812329909,0.707380242902517,0.829433722522738,0.977329795133081
-0.75866797724124,-3.91908991046591,0.159067929068396,0.510047786956244,0.51901232816079,0.243302140564603,0.319671605373437,0.297873836698008,0.349269869625984,0.411548072930401
-0.962662200736169,-1.41657140953943,0.600839436712649,0.341629865987989,0.347634313196022,0.162963706149375,0.214115952459297,0.199515813056942,0.233940861631861,0.27565478490134
0.714548970640001,1.73293326177445,0.32260710492112,-0.546043798367603,-0.555641001326104,-0.260472897603733,-0.342232045883489,-0.318895925802469,-0.373919172170218,-0.440592585049412
-1.22681597162662,1.09017373424523,0.550004849079801,0.369279506038892,0.375769920138393,0.176153091109499,0.231445318548338,0.215663524263437,0.252874746696659,0.297964765203528
-2.47049305964738,2.41333820244661,0.748527098494517,0.85451063169545,0.869529412216526,0.407617229490205,0.535563122571079,0.499044142277984,0.585150694814977,0.689488735695605
-0.604863667333629,-3.85218879313285,-0.00378266052516015,0.485712771407421,0.494249603179283,0.231693892229611,0.304419674699053,0.283661904732003,0.332605768878082,0.391912601490332
-1.77756134879191,-1.88630257291662,-0.492148911747693,1.13708379939642,1.157069053393,0.542409808393532,0.712665387230402,0.664070157023184,0.778650786309711,0.917491769143038
-1.69478335166311,2.33953418075459,-0.58854510453724,0.925815785074185,0.942087816764872,0.441631094257393,0.580253509305244,0.540687180747016,0.633978946326219,0.747023537754343
-1.37853493726044,-1.00775092847569,0.847958948830614,0.444419268889317,0.452230330813196,0.211996134860601,0.278539040415295,0.259546019239843,0.30432885716562,0.358593642325178
1.4570428563241,2.59654938361136,-1.26067102027375,-0.420083073086311,-0.427466404833494,-0.200387323522736,-0.263286370018557,-0.245333397991675,-0.28766394820477,-0.338957218559961
-1.92920641517285,3.13951048104485,1.00606554348001,0.464581296384521,0.472746723783303,0.221613791427605,0.291175557741325,0.271320877673103,0.318135384504301,0.37486200731807
-0.370485513766483,-2.18680768427665,-0.715024952490025,0.530080398433667,0.539397030512082,0.252858063319689,0.332227011424752,0.309573114672471,0.362987775629933,0.42771201454555
1.73915661888358,1.35053480087725,-1.11177889084096,-0.550285411860391,-0.559957164929494,-0.262496224963708,-0.344890470112137,-0.321373077389434,-0.376823738819689,-0.444015064087091
1.43130873210204,-0.833642581448336,0.183431086583443,-0.73072563362913,-0.743568783270026,-0.348569517159077,-0.457981080133156,-0.426752264452753,-0.500385362542326,-0.589608923029625
-0.300639549290326,-2.19061541223228,-0.373314404935964,0.380192792281539,0.386875017044082,0.181358928623814,0.238285202618624,0.222037010292031,0.260347932858111,0.306770492896813
-1.77825584951337,0.102942137329377,-0.516679170190965,1.05022661993811,1.06868528214451,0.500977342208901,0.658227793919114,0.61334455453717,0.719172838318757,0.847408326492391
-2.37705833162507,-2.09199303178127,0.886739415031426,0.97780677713533,0.994992596519086,0.466431750160718,0.612838777435365,0.571050524486645,0.669581271212847,0.788974102269467
-0.142903078690767,-4.02645929408502,0.209782451285553,0.193149762665887,0.196544540665807,0.0921359760947007,0.121056293719787,0.112801706690933,0.132264846843442,0.155848951108045
-0.325340939964672,-2.36208419301974,0.80737429796932,0.00163075736713706,0.00165941937094566,0.000777901146348828,0.001022074477841,0.00095238125935507,0.00111670793909441,0.001315827789132
-1.69085497123287,-0.637422867914169,-0.460561812030362,1.02352265179105,1.04151196812653,0.48823906007553,0.641491126128914,0.597749126715599,0.700886529247834,0.825861391260884
0.132842246103507,-3.94580277580818,0.235500295978344,0.0440435692698077,0.0448176739745269,0.0210095896021776,0.0276042340637848,0.0257219564436569,0.0301600988968675,0.0355379368786889
2.6599422025437,-1.29043658139257,0.0055941270777128,-1.25708736661274,-1.27918178949606,-0.599653708917745,-0.787877424148563,-0.734153635274289,-0.860826675213022,-1.01432041558688
0.953344774090324,1.37468331601417,-0.335835926416079,-0.42456570785517,-0.432027825875166,-0.202525622447903,-0.266095853932634,-0.247951308805649,-0.29073356109466,-0.342574173182554
-1.8136025359177,0.375410213155651,1.02695626239651,0.532964004757803,0.54233131876911,0.254233596375904,0.334034306910539,0.311257174286616,0.364962407871539,0.430038742856382
-1.28829567889812,2.74487551613803,1.07126725352744,0.144125387441353,0.14665851866431,0.0687504507831385,0.0903303477766063,0.0841709016697013,0.0986939980307263,0.116292094542358
1.59258757574432,1.41958263670681,-1.11032872602124,-0.481512423824661,-0.489975430770807,-0.229690249464882,-0.30178711381114,-0.281208852916195,-0.329729460245573,-0.388523419147951
0.486883875045553,-2.09226454424844,-0.39866349981357,-0.00592507792226392,-0.00602921640993632,-0.00282637074087053,-0.00371353277048001,-0.00346031438342626,-0.00405736726313931,-0.00478083517511541
-2.21592489615071,1.86895097905663,-0.179936300329831,1.06836980694241,1.08714735171558,0.509631974868228,0.669599006312496,0.62394038665547,0.731596906654405,0.862047726641528
1.96379662593492,-0.228376286711081,0.424309053404542,-1.1048635176851,-1.1242824717184,-0.527040143608315,-0.692471379053819,-0.645253137954998,-0.756587023108653,-0.891493823094295
1.6217613828034,3.16065876320152,-0.28429547271177,-0.858702539020577,-0.873794996022374,-0.409616846097382,-0.538190393541505,-0.50149226488522,-0.588021223738686,-0.692871107751083
1.14348617127458,-1.33609132330995,-0.203644324899725,-0.433267280081854,-0.440882335933882,-0.206676431848849,-0.271549549908018,-0.253033128138568,-0.296692212567871,-0.349595309971965
1.70798743269265,-3.38615029511476,-0.500094986896666,-0.514196524706593,-0.523233983648381,-0.245281164493566,-0.322271819884399,-0.300296747771744,-0.352110836943624,-0.4148956122589
1.38990970799015,-2.12526627525313,0.568317286563635,-0.778298812730035,-0.791978103091835,-0.371262795327748,-0.487797491310348,-0.45453555406817,-0.532962463134064,-0.627994836433912
-2.82453810722135,-0.168896447574374,0.527492891169799,1.22848330747854,1.25007498871043,0.586009048565982,0.769949877480451,0.717448532228384,0.841239224272015,0.991240332277595
-2.0890382431445,2.70485205404943,1.33537118168287,0.453299715147613,0.461266858772919,0.216232270452338,0.284104845393615,0.264732303086568,0.310409997768866,0.365759109243824
1.58200612027941,0.309042613863058,-0.487863705053209,-0.633330441137569,-0.644461784083986,-0.30211022565757,-0.396938804613777,-0.369872339854842,-0.433691207497118,-0.511022553658658
-1.44950714245607,-1.17634421045401,0.873869422078878,0.478899516950775,0.487316599746413,0.22844384500677,0.300149478757274,0.279682884927777,0.327940197226449,0.386415113188795
1.19553820018554,2.50400215916478,-1.22407821716392,-0.29851619878696,-0.303762885142017,-0.142397696873659,-0.187094532976359,-0.174336930231217,-0.204417539881436,-0.240867168706726
2.12801903022763,0.331842194512713,-1.20836133423806,-0.661299143148259,-0.672922060782431,-0.315451809019049,-0.414468142257459,-0.38620638695483,-0.452843579401674,-0.533589979121974
-1.59242907476796,-2.16762961978722,1.32006133037154,0.446461948595504,0.454308912422817,0.212970530510799,0.279819286536619,0.260738967933647,0.305727640755928,0.360241842588358
-0.354506090563973,-3.74137919185693,-0.37087988324239,0.480486062175232,0.488931029907147,0.229200656150911,0.301143843347946,0.280609445781857,0.329026629631162,0.387695267022299
-1.11474732094349,3.32775277175131,0.969227027334905,0.0646933244254129,0.0658303668502641,0.0308599012003823,0.0405464338928511,0.0377816535002434,0.0443006117575291,0.0521998402495254
-1.4476402585237,2.35709145089397,1.04352595414003,0.251019725145894,0.25543161894638,0.119741008614892,0.157326196819026,0.146598437496017,0.171892965556143,0.202543147511341
-1.45265261949042,1.62004778874954,0.694235777949419,0.406928501084052,0.414080629587622,0.194112351631454,0.255041763812035,0.237650975025356,0.278655977254377,0.328343039072857
0.511674565715117,-2.77221452381017,0.860626193165386,-0.411149367744146,-0.418375681714374,-0.196125782372066,-0.257687184997668,-0.240116010220854,-0.281546336914355,-0.331748777877105
0.759942976866176,3.19006121249344,0.402387103299859,-0.665431949970981,-0.677127505342243,-0.317423233603613,-0.417058372085926,-0.388619994181639,-0.455673637559117,-0.536924664081269
1.48361214611995,-0.74666129683688,-0.0481631098770106,-0.682531104839201,-0.694527192988566,-0.325579843803042,-0.427775239067886,-0.398606099395987,-0.467382774907164,-0.550721654117731
-1.50993173461512,0.379397105392813,0.36364571073438,0.606573755982716,0.617234826510153,0.289346796545491,0.380169096526293,0.354246124687908,0.41536879894119,0.48943308205405
0.761538817022845,3.63755082929599,-0.75749620482058,-0.295710000788031,-0.300907365730011,-0.141059089007009,-0.185335753030137,-0.172698077978836,-0.202495915213521,-0.238602899733789
-1.28147849342849,-3.12194804582108,-0.156962066100323,0.837471059018361,0.852190353971069,0.399489041087737,0.524883598628688,0.489092833755878,0.573482358083384,0.675739821421
1.5246752349592,-1.43117827702806,0.354411761939469,-0.806059121547461,-0.820226323902233,-0.384504971317414,-0.505196218865439,-0.470747897120798,-0.551972131814915,-0.650394113305481
1.97913698814665,2.87092365397167,-0.860350096139423,-0.827075361874861,-0.841611943250967,-0.39453010305809,-0.518368112668696,-0.483021625777966,-0.566363605921652,-0.667351726745191
2.85542880935301,0.989432202193771,-1.10002279624414,-1.08967669569771,-1.10882872789554,-0.519795751234896,-0.682953063536364,-0.636383857373213,-0.746187410618965,-0.879239858891951
0.480500707895822,3.1535090572452,0.772762137551753,-0.650475572001679,-0.661908255795012,-0.310288767249509,-0.407684486974983,-0.379885295585243,-0.445431828228685,-0.524856640871097
-2.21154077816176,2.51674296300752,1.08634230990473,0.607151753452832,0.617822982797284,0.289622511930042,0.380531355483,0.354583681929461,0.415764599307733,0.489899457462527
1.13172876743378,-2.89973333055943,0.693275446389682,-0.655506917732469,-0.667028031879332,-0.312688811358174,-0.410837874575287,-0.382823659979545,-0.448877186707589,-0.528916340163413
-2.64292802678118,1.16578583980639,1.23088038702709,0.836767956923746,0.851474894234956,0.399153648504866,0.524442930555863,0.488682213959322,0.573000888732472,0.675172501417831
-0.905636475978391,1.69077809728555,0.240690060603911,0.285943276519323,0.290968982639563,0.136400182564023,0.179214474777271,0.166994197471378,0.19580787029059,0.230722311572401
1.52371470635081,1.10529615565678,0.242926858620862,-0.889666544707777,-0.90530322151003,-0.424387244198916,-0.557597032801501,-0.519575604151578,-0.6092247158546,-0.717855388041404
-2.06372382645345,1.43350344769357,1.59909350057373,0.412666745250602,0.419919728473255,0.196849599247281,0.258638198835687,0.241002176323572,0.282585404737815,0.332973121565403
-1.05352748335441,3.72522920803922,-0.152466592696167,0.394385093283518,0.401316760295147,0.188128916263453,0.247180203756301,0.2303254790574,0.270066518542474,0.318221996613098
1.07024509441636,3.13915273520204,-1.11970157123341,-0.302238616890414,-0.307550728037661,-0.144173358519113,-0.189427552355,-0.176510865675358,-0.206966572577853,-0.243870718641252
-0.427138320982908,2.04656857964017,-0.228008130350892,0.190323542798296,0.193668647483079,0.0907878174298142,0.119284965100556,0.111151161434506,0.130329511625974,0.15356852686167
-1.94038648842438,0.52593431644384,-0.36512846621447,1.0589868041976,1.07759943439437,0.505156110623508,0.663718224888942,0.618460603978588,0.725171626064644,0.854476756240946
-2.55095568516991,0.790330176128794,1.27938797988251,0.792855059738213,0.806790189022218,0.37820639188134,0.496920595004386,0.463036571531896,0.542930271297941,0.639740001413577
1.67347287256374,1.91578869761383,0.278963523003672,-1.01490901947143,-1.03274694359657,-0.48413019962168,-0.636092546344578,-0.592718665310678,-0.694988097151441,-0.818911211546896
1.159601591266,2.79245742436081,-1.17892638799893,-0.309827641707144,-0.315273136681186,-0.147793462419038,-0.194183961084583,-0.180942944387915,-0.21216337526206,-0.249994161617811
1.10483646106696,1.73094190167855,-0.786754263196005,-0.364290643645594,-0.370693374073815,-0.173773312331289,-0.228318557309415,-0.212749970632083,-0.249458479903135,-0.293939344926088
1.61463076514435,-3.31601959056016,0.220220263582435,-0.71477222847418,-0.727334982902074,-0.340959450567754,-0.447982309885588,-0.417435290389868,-0.489460810213981,-0.576736417127034
-0.664854116702135,-1.82826903689206,-0.157569443363627,0.470236504998091,0.478501327692634,0.224311429563106,0.294719950369729,0.274623585243122,0.322007951008229,0.379425089967292
1.480461985257,0.581856542165438,-0.372143101305113,-0.63525306674544,-0.646418201538275,-0.303027353302983,-0.3981438070279,-0.370995175559645,-0.435007780595901,-0.512573884502789
1.11347043728246,-1.37795349845621,-0.0978019872451383,-0.45216503503084,-0.460112235648999,-0.215691007244602,-0.283393686510486,-0.264069636708139,-0.309632992973262,-0.364843556961484
-1.2601487460191,2.21855439512346,1.01796889326415,0.173465761715004,0.17651457597955,0.0827463469487626,0.108719378738366,0.101306021316437,0.118785661908909,0.139966296842963
-0.89040550783197,1.73048114466149,0.269356439254443,0.266807281757466,0.271496655836042,0.127271962411992,0.167221021766827,0.155818554081641,0.182703948331586,0.215281833308893
-2.9379905829902,0.533635598845729,0.188853709142524,1.36538444163817,1.38938228144874,0.651313398155516,0.855752436482646,0.797400386002303,0.934986207402606,1.10170331121061
-0.684506759675672,1.95704944256321,0.447631353456904,0.0937251143041253,0.0953724161267528,0.0447085969550772,0.0587420600963787,0.0547365562731562,0.0641809636093778,0.0756250515412066
0.484726322802055,-2.14884675173684,-0.155535981938176,-0.0843077572063005,-0.0857895406443759,-0.0402163450544556,-0.0528397471389952,-0.0492367102547576,-0.0577321578898055,-0.0680263612521343
-2.33836531955313,2.30557216525958,1.46321875860264,0.552720462768368,0.562435014011991,0.263657788867024,0.34641663423406,0.322795175426252,0.378491209858505,0.445979861375294
2.21069554091315,2.06168615654314,-0.223647612855937,-1.11807093223531,-1.13772201826676,-0.533340322363263,-0.700749104239715,-0.652966421583596,-0.765631179511285,-0.902150640250524
1.47510277621885,0.609329919622273,0.196014672083662,-0.825932351014944,-0.84044884296372,-0.39398486593322,-0.517651732506105,-0.482354094148699,-0.565580896410438,-0.666429452541151
-1.16114813991598,3.87529932414414,0.412424609684641,0.249562201311188,0.253948477840495,0.119045743037868,0.156412696170605,0.145747226633377,0.170894884253286,0.201367098637562
0.330706123152335,3.70687751428245,-0.264599294691369,-0.252278538210112,-0.256712556764145,-0.12034148551319,-0.15811515582129,-0.147333598958754,-0.17275497395235,-0.203558860360229
0.109228105468916,3.74846429607646,-0.678008661181593,-0.00488845569227765,-0.00497437462693576,-0.00233188294195736,-0.00306383150542199,-0.0028549149507669,-0.00334751042152974,-0.00394440397784747
0.501745896521739,-2.06357760099948,-0.72805468923186,0.0966593289508686,0.0983582021924423,0.0461082711085304,0.0605810742645063,0.0564501717360067,0.0661902513532546,0.0779926147662873
0.0547769403081785,3.15893544421108,-0.962541518303432,0.146534675789154,0.149110152386839,0.0698997254731739,0.0918403652566257,0.085577954071897,0.100343827416615,0.118236104499912
1.27517299061084,-3.40495542490138,0.472365447679817,-0.627626046816474,-0.638657129984796,-0.299389125038294,-0.393363584924678,-0.366540907259863,-0.429784959667451,-0.506419783976838
-1.76542574633426,-1.72118523104729,-0.435471360450335,1.1039935591382,1.12339722288019,0.526625157440201,0.691926133975988,0.644745072050663,0.755991294010269,0.890791869723134
-1.7183123865181,1.21031720261923,-0.460597206434699,0.948432349643898,0.965101887470629,0.452419609986216,0.594428403675783,0.553895517364869,0.649466288415851,0.76527242306079
1.60592966454897,1.86421036120728,-1.29392396661663,-0.447415219993345,-0.455278938409039,-0.213425258435446,-0.280416747805735,-0.261295689511412,-0.306380420721565,-0.361011019549408
-1.11216138671214,2.88480318593915,-0.736968175376451,0.661300666355633,0.672923610761522,0.315452535616878,0.414469096925157,0.386207276525643,0.452844622461667,0.533591208169674
1.41065014723741,-0.400544567934088,0.237371064378135,-0.759515843851662,-0.772865006914099,-0.362302974991034,-0.476025296687447,-0.443566081898183,-0.520100285786942,-0.612839208189867
0.323493096725194,-2.41463145070564,0.787852216383194,-0.310536904558553,-0.315994865454845,-0.148131793795791,-0.194628490401522,-0.181357162138055,-0.21264906336811,-0.250566452621053
0.529646810444081,3.74412719986582,-0.871167337262135,-0.147582226358792,-0.150176114584731,-0.0703994262903533,-0.0924969158404531,-0.0861897357819507,-0.10106116775264,-0.119081353571189
-1.99913371341578,-0.513882327393169,1.13571087342912,0.630769596220917,0.641855930051795,0.300888655707049,0.395333799305346,0.368376776654649,0.43193759539832,0.508956255524496
1.52184132092433,1.81687185581471,-1.22459774380228,-0.426933607269901,-0.434437343217499,-0.203655153858448,-0.267579930967429,-0.2493341895898,-0.292355048220025,-0.344484787179805
-1.28854267749654,-1.19074014246096,-0.177930271722514,0.755350159759348,0.768626107237588,0.360315867346427,0.473414461084737,0.441133273963746,0.517247713974979,0.609477995173222
-0.192466828310459,-2.13004982081897,-0.28685975299815,0.294502596666726,0.299678740412824,0.140483135116505,0.184579014497664,0.17199293993637,0.201669110567331,0.237628667804783
-1.36534148660567,-2.77963994130892,-0.283835207525881,0.90544396853379,0.92135794752146,0.43191336447163,0.567485507042742,0.528789803072646,0.620028759914139,0.730585897882747
2.32670318068725,-0.912564722511754,0.450058978269181,-1.26042533772768,-1.28257842840717,-0.601245982305021,-0.789969492014151,-0.736103049208088,-0.863112446793544,-1.0170137623967
0.545972405000085,-2.5715427228661,-0.633671958106619,0.067246105340089,0.068428015148509,0.0320776244741947,0.0421463851014056,0.0392725072295415,0.0460487017993924,0.0542596316904764
-2.34056490347893,-0.288712892447688,1.37753743173309,0.707301996702698,0.71973345519669,0.337396013127193,0.443300354500285,0.413072588196661,0.484345354478997,0.570708826049258
-1.33895437576631,2.58092310643046,-0.649180299917287,0.75852204440031,0.771853740557962,0.36182891444222,0.475402434527945,0.442985691466045,0.519419753072783,0.61203732989622
0.96360095637726,3.20027212804925,-0.973897390653803,-0.301640720038967,-0.306942322619963,-0.143888150765028,-0.189052821494015,-0.176161686963785,-0.206557145538475,-0.243388286792087
-0.282262083426865,2.8291652151725,-0.854690207718019,0.292809573555717,0.297955960922458,0.139675532069363,0.18351791506802,0.171004194758778,0.200509764371978,0.236262598945
2.08625516785633,2.82523390397672,-0.79714710581301,-0.89928459654312,-0.915090319117535,-0.428975231166893,-0.563625130853092,-0.525192658229689,-0.615810953059222,-0.725616015181464
2.45312002383055,-2.36378571143163,-0.481122164568594,-0.938658599088131,-0.955156354599909,-0.447757351875553,-0.588302721709145,-0.548187533424091,-0.642773432041077,-0.757386165519056
-1.70746357057475,0.704189371727734,0.933403178830248,0.496240899601645,0.504962772543016,0.236716002297138,0.311018161600661,0.289810453982999,0.33981520700494,0.400407552317888
0.923528725669131,-3.78925971413904,-0.669240028396375,-0.0492355569163684,-0.0501009153984422,-0.0234862628482896,-0.0308583037186297,-0.0287541375841711,-0.0337154615408967,-0.039727255145065
0.645590227654413,3.59499096557765,0.372222764126405,-0.618050927905394,-0.62891371988569,-0.2948216178619,-0.387362395012233,-0.360948926508601,-0.423228122015662,-0.498693798614858
-2.43027943580396,-0.405052211904204,1.28374632784795,0.789008892107436,0.8028764215918,0.37637169944375,0.494510015814536,0.460790364925256,0.540296497558861,0.636636600287068
1.55189113807089,1.45599273476979,0.44995996473607,-0.990422407661921,-1.00782995791594,-0.472449637092467,-0.620745602964988,-0.57841819936618,-0.678220186510503,-0.799153419903613
2.07621505298164,1.36221627169534,0.313427085947872,-1.19941145207348,-1.22049216972051,-0.57214124082105,-0.751729140274667,-0.700470230722334,-0.821331436400398,-0.967782792857877
-0.822975764133726,3.45388978935592,-0.494842288806014,0.408955528119203,0.416143283416661,0.195079280670746,0.256312199647722,0.238834782377318,0.280044042228681,0.329978609486901
0.663421718902152,-2.09347447919737,-0.37254820106324,-0.102110414319048,-0.103905095209713,-0.0487085387155974,-0.0639975329870753,-0.0596336689578609,-0.0699230386029081,-0.0823909941652864
-2.61877134771131,-1.62980920194445,0.476340620772926,1.21400906031376,1.23534634384325,0.579104567440265,0.760878167052394,0.708995403626418,0.831327567855767,0.979561331446451
2.85062505734104,-1.36589317024643,-1.02233219194898,-1.00048967770523,-1.01807416913893,-0.477251909377178,-0.627055247784105,-0.584297602099734,-0.685114038783635,-0.807276512860679
-1.18750699271507,-1.64781849037032,-0.223209594302683,0.74256366349884,0.755614876990342,0.354216474328631,0.46540054573949,0.433665811509351,0.508491793459115,0.599160809156306
0.891936203785841,2.65972284784901,-1.26039426853093,-0.143381259670007,-0.145901312188894,-0.0683954882007059,-0.0898639669288653,-0.0837363224010271,-0.098184435169501,-0.115691671683671
1.39396346189473,-0.944766656399531,-0.552288206908696,-0.458255537147095,-0.466309783729522,-0.218596288357262,-0.287210898620458,-0.267626560743851,-0.313803639203874,-0.369757869842011
2.58774612251619,1.57189293921168,-1.25855462802376,-0.931509361192612,-0.94788146252191,-0.444347034395763,-0.583821948703746,-0.54401229538588,-0.637877786080932,-0.751617578429639
-1.5338410286248,-0.44238652423506,0.2035940933636,0.71195276736986,0.724465967273863,0.339614515956796,0.446215217310038,0.41578869232976,0.487530103253761,0.574461446401037
-1.52519847317436,1.36374422728916,0.85564026407715,0.400606946195029,0.407647967777387,0.19109685411234,0.251079739759563,0.233959113484445,0.274327111002258,0.323242294007327
-1.42487278556679,0.950790727137919,0.316258271188285,0.553040467091111,0.562760642693883,0.263810436792776,0.346617196413123,0.322982061670665,0.378710342008359,0.446238066911564
1.4008007896432,0.557291246493978,-0.391113097632551,-0.588216346968378,-0.598554769787646,-0.280589976061939,-0.368663620843063,-0.343525184425492,-0.402798035932157,-0.47462083014932
-0.691847130587327,3.75120967380469,0.64193587487783,-0.0544336389555965,-0.0553903583293691,-0.0259658432313786,-0.0341161930239811,-0.0317898779208481,-0.0372749974953232,-0.0439214908635351
-1.70787266786137,3.22346575334706,1.0359758030862,0.340843255292372,0.346833877121347,0.162588478433602,0.213622945509159,0.199056423266645,0.23340220736822,0.275020083361198
-0.0545453603103479,4.17628006245424,-0.441951143178683,-0.0241061971447583,-0.0245298848915059,-0.0114990977633536,-0.0151085191187675,-0.0140782993581026,-0.0165074107745326,-0.0194508421256158
-0.646007664023602,2.23766758045495,0.690956426894285,-0.021043473136446,-0.021413330798498,-0.0100381222896086,-0.0131889619212044,-0.0122896329342223,-0.0144101225548008,-0.0169795870868272
0.917116882894661,-3.8365970671045,-0.574703351444907,-0.0757377370522366,-0.0770688948023674,-0.0361282884027278,-0.0474685012071561,-0.0442317188614918,-0.0518635904762217,-0.0611113713833864
2.61426655305408,1.57326782600327,-1.35242888472818,-0.912981992515751,-0.929028458945412,-0.435509140038823,-0.572209951083637,-0.533192096704832,-0.6251906383121,-0.736668189234293
-1.36442679555037,-0.384505396618809,-0.154206494315118,0.746206237198635,0.759321472146279,0.35595404873046,0.467683522770433,0.435793116893595,0.510986150407163,0.602099934126544
-2.30384098283977,2.56377583840827,1.01616192172965,0.674317066754545,0.686168785915849,0.321661597121487,0.422627104308219,0.393809005669414,0.461757976438669,0.544093899559887
0.0266210791626777,4.05010184446923,-0.292329007625091,-0.108807125811088,-0.110719507332245,-0.0519029928087718,-0.068194685818888,-0.0635446263159893,-0.074508804112657,-0.087794446116263
-1.88129754689101,3.17928992975221,0.600669916537862,0.575955585010139,0.586078514088263,0.274741367939955,0.360979208600671,0.336364756915089,0.394402127077765,0.464727849362787
0.970012721612847,-1.53525905158733,-0.349455069819173,-0.288528280200227,-0.293599420047666,-0.137633276687781,-0.180834621551169,-0.168503869670731,-0.197578025796999,-0.232808102964111
2.4752817778779,2.20390038521218,-0.906600655268741,-1.02510447209107,-1.0431215903181,-0.488993617344137,-0.642482529381028,-0.598672928158887,-0.701969726124855,-0.827137732640744
-0.301095790884088,2.65612271922163,-0.82588424513263,0.300707049639466,0.305992242136972,0.14344277287576,0.188467645118132,0.175616412596905,0.205917787919352,0.242634925512039
-0.956339861178503,-2.01787530823976,-0.510359002604727,0.74290393196541,0.755961125976321,0.354378788622312,0.46561380843712,0.433864532249323,0.508724802063399,0.599435365453337
-1.57760025516804,2.13062774001557,-0.50608544764661,0.849949685227365,0.864888303078216,0.405441574449512,0.532704556929267,0.496380496521318,0.582027455740094,0.685808592819423
-2.29574163910784,-0.221707062592402,1.28141953436888,0.714373944448369,0.726929698682062,0.34076946178923,0.44773268603233,0.417202687888891,0.489188073789421,0.576415049154281
1.72401597279855,-3.299027787903,-0.687506501760945,-0.462978234971637,-0.471115487147515,-0.220849101758939,-0.290170841656922,-0.270384671172987,-0.317037642165252,-0.373568526879309
1.74525140284095,0.238037942492816,-1.04787688929665,-0.521495607512724,-0.530661354293895,-0.248762960741498,-0.326846507939245,-0.304559496979643,-0.357109093509543,-0.420785106419728
-1.64124045570513,0.160664578280346,0.748850992098822,0.551911113817961,0.561611440037576,0.263271714587057,0.345909376120409,0.322322506230835,0.377936984921902,0.445326812760269
2.74255237383976,1.22927192585434,-0.491178909206137,-1.25106054792705,-1.27304904413875,-0.596778805968409,-0.784100125523182,-0.730633903102325,-0.856699638040346,-1.00945748768203
1.58243278349505,-0.887127608603229,0.258548872317874,-0.828378084357166,-0.842937562233697,-0.395151525553417,-0.519184591825992,-0.483782430851296,-0.56725568255288,-0.668402869286864
-0.73004177541636,3.90029597740918,0.251062858268745,0.0894219470905518,0.0909936169414648,0.0426559073423691,0.0560450571752164,0.0522234565977131,0.061234246281904,0.0721529059510614
1.00564289700628,1.44148798700924,-0.595495930863242,-0.365914903434442,-0.372346181665783,-0.174548114013731,-0.22933655944083,-0.213698557230186,-0.250570738438899,-0.295249929940147
2.25601020477649,0.435233667321872,0.243258173062184,-1.22022897791642,-1.24167558200187,-0.582071582111367,-0.764776490104041,-0.712627907810597,-0.835586835057237,-0.984580067275963
0.95721695793126,1.63121380829206,-0.196438234738926,-0.485908313225269,-0.494448581817618,-0.231787169259859,-0.304542230209394,-0.283776103426727,-0.332739671753406,-0.392070380546277
-2.9497515212274,-0.329912556051057,0.811507984104924,1.20222996830407,1.223360223868,0.573485724709924,0.753495640652172,0.7021162769652,0.823261496331197,0.970057001182835
1.8717322782001,-0.37876025010579,-1.14003373569701,-0.523372125134472,-0.532570853373404,-0.249658094032641,-0.328022612249462,-0.305655405084563,-0.358394092840704,-0.422299233587418
2.48125029410199,-2.5919478720427,-0.264768406388556,-1.01475418467601,-1.0325893874426,-0.484056340587048,-0.635995503893092,-0.592628239990252,-0.694882069578741,-0.818786278230236
-1.31416536544664,-0.518195980880814,0.384987775339607,0.545509851496383,0.555097669866125,0.260218195162045,0.341897395566652,0.318584094622743,0.37355353671631,0.440161753249888
1.56993727972267,-0.103037431372123,-0.548873195811494,-0.586954091731504,-0.597270329297996,-0.279987857184211,-0.367872504464791,-0.342788012693911,-0.401933670409372,-0.473602339875337
-0.358075447266786,3.95894023245156,-0.196743141970447,0.0537577796436726,0.0547026201919602,0.025643445955051,0.0336925993200683,0.0313951682260717,0.0368121834222147,0.0433761525550322
-1.05040263947427,1.4855605639499,-0.209299393805905,0.519557527729525,0.528689211043472,0.247838461171269,0.325631819646342,0.3034276358568,0.355781937720392,0.419221305888958
1.50685459905807,-0.188455943789356,-0.125946294068082,-0.694548664087773,-0.706755971475446,-0.331312439776036,-0.435307224414958,-0.405624493696803,-0.475612143721838,-0.560418399161153
-2.52906846186514,-0.696900468557827,0.0252981581582063,1.2772410777402,1.2996897199309,0.609267398424945,0.800508729204888,0.745923636852112,0.874627507680063,1.03058207025731
1.75094813472404,-0.32773840858981,0.286789803686617,-0.948220133008943,-0.964885940940521,-0.452318378762656,-0.594295397251448,-0.553771580383116,-0.649320966980647,-0.765101189405056
1.87509468664861,-2.76914681038373,-0.899012274894771,-0.491744918460818,-0.500387770555079,-0.234571336907981,-0.308200312870067,-0.28718474873265,-0.336736454803566,-0.396779828755983
1.46557330457647,0.854513413861856,-0.764735973248587,-0.50828867796175,-0.517222301269057,-0.242463013340072,-0.318569086725817,-0.296846496596237,-0.348065269224067,-0.410128680600363
1.03994160441285,1.89829973328468,0.43823516804115,-0.754186601798562,-0.76744209871599,-0.359760828877934,-0.472685203060721,-0.440453742588718,-0.516450934246374,-0.608539141895645
0.51055709298461,-3.88204538024215,0.155655911841033,-0.119068641716055,-0.121161378459807,-0.0567979239288831,-0.0746260739099554,-0.0695374708907902,-0.0815356718178981,-0.0960742724463315
-2.34097048391151,-0.605581194465604,1.38893649053211,0.718861296028813,0.731495919437456,0.342910010719956,0.450545126200252,0.419823353375662,0.492260916651501,0.580035809684414
0.445009781383876,2.01454340846722,0.209294214878687,-0.387797356857665,-0.394613238572025,-0.184986445273724,-0.24305135086666,-0.226478164404719,-0.265555376838833,-0.312906474616204
1.41054351268422,-2.56394822010863,-1.17381264828053,-0.178688749450254,-0.181829362346145,-0.0852378078052292,-0.111992877647433,-0.10435630686911,-0.122362252753926,-0.144180628504332
-2.24212441854459,-0.957067223192259,-0.144048769426902,1.20487430576216,1.22605103789693,0.574747122132642,0.755152974772613,0.703660600780165,0.825072282345478,0.972190667895812
-0.492140166020224,3.36296500545589,0.6629573583435,-0.141791153691306,-0.144283258690509,-0.0676369785115428,-0.0888673706413711,-0.0828076820250761,-0.0970955644360614,-0.114408644743794
1.51996815054578,1.93709792197268,0.387489875438871,-0.976597402476704,-0.993761966030641,-0.465854856287804,-0.612080803871891,-0.570344235627477,-0.668753117184637,-0.787998280350547
1.66810022094759,-1.61154197049917,-1.11350916671984,-0.372324195414122,-0.378868122623684,-0.177605463732795,-0.233353572569498,-0.217441658251951,-0.254959685183471,-0.300421468432309
-0.996355831302006,2.60012900552186,-0.728013232298303,0.614595436209409,0.625397494865332,0.293173285004006,0.3851966713172,0.358930879189342,0.420861874842329,0.495905626633961
1.80979345841056,-0.772339782824521,-0.999508262563517,-0.521300015352431,-0.530462324428303,-0.24866965969698,-0.326723920876859,-0.304445268884346,-0.356975156160784,-0.420627286743401
1.12075756485874,2.64150683636332,-1.15932824281988,-0.289970140452169,-0.295066622269459,-0.138321070448804,-0.181738305075046,-0.169345932818954,-0.198565381011733,-0.233971513184284
-2.3929977293154,1.83813378027303,0.0932931819481986,1.06519112291717,1.08391279950573,0.508115684341541,0.667606771366458,0.622083998233712,0.729420211482952,0.859482905621817
0.744214901835945,-2.31724384562885,-0.837356749486917,0.0257108084308872,0.0261626986409326,0.0122645267499571,0.0161142065836582,0.0150154110022104,0.0176062144337958,0.0207455731282725
-0.711986936412854,2.97580787174755,-0.612120711482544,0.416581480973823,0.423903269141019,0.198716999921418,0.261091752963865,0.243288427493278,0.285266132447328,0.336131849010408
-1.23581061548598,3.50089584090441,-0.15315925111193,0.495650483057225,0.50436197890536,0.236434362786575,0.31064811900971,0.289465643857686,0.339410902320618,0.399931156189337
-2.93649974908992,1.64838126102389,0.660786737349259,1.15164001828205,1.17188111070655,0.549353391532154,0.721788473298681,0.672571158063017,0.788618575215867,0.929236911431144
1.9826687699898,0.300643854799109,-1.26247597664285,-0.569538826428396,-0.579548975296161,-0.271680456514888,-0.356957515791531,-0.332617295310922,-0.390008067363004,-0.459550286208293
1.0960962085302,-1.63483294154494,0.438888268582453,-0.612609998412076,-0.623377161241768,-0.29222619479324,-0.383952301467406,-0.357771360435725,-0.419502289292976,-0.494303613802395
-1.54799992028092,2.53325730450338,-0.547604473855397,0.829996267185936,0.844584186057637,0.395923428414547,0.520198785232746,0.484727468434071,0.568363779715714,0.669708550914862
1.98856567836554,-1.65215439382272,-1.29209809740304,-0.46870602785222,-0.476943951056582,-0.223581363919849,-0.293760726354411,-0.273729768798706,-0.320959912830485,-0.378190176423591
1.28795575709367,-1.47168283348208,-0.760907894091078,-0.309963994347408,-0.315411885839763,-0.147858505126989,-0.194269419875945,-0.181022575914878,-0.212256746648243,-0.250104182027221
2.45687028509593,1.15408032835717,-0.0217657562312802,-1.26463036894961,-1.28685736677392,-0.603251859251455,-0.792604988365149,-0.738558836323614,-0.865991962682476,-1.02040672388041
0.261450939561937,2.62111360012205,-0.776717896614556,0.00721109891347388,0.00733784035808572,0.00343982631890489,0.00451954429590458,0.00421136559180794,0.0049380070687086,0.00581850159425411
-1.27577983519394,2.34132963434776,-0.660198496288063,0.74246455427513,0.755514025834322,0.35416919741283,0.465338429197744,0.433607930570597,0.50842392557197,0.599080839767024
-1.43160780907602,2.18036711816168,-0.641114516128806,0.820904212600625,0.835332330567295,0.391586351773283,0.514500355086084,0.4794176028645,0.562137734233594,0.662372341172844
2.33775351797412,-1.80462795887811,-1.36342609578173,-0.610190599881715,-0.620915239641275,-0.291072097360863,-0.382435947447219,-0.356358403569387,-0.417845536669236,-0.492351446126573
-1.5153254956904,1.15855682166824,0.666363330431303,0.469535752925588,0.477788259282351,0.223977157983843,0.294280755169368,0.274214337886798,0.321528090902446,0.378859666153258
1.16039996093292,-3.88648243716739,-0.267325460526133,-0.297692498223944,-0.302924707312701,-0.142004776611497,-0.186578280013283,-0.173855879527203,-0.20385348726595,-0.240202540042412
1.10787679575498,-1.35473598041631,-0.750814063217889,-0.229818202452544,-0.233857460730156,-0.109627493790519,-0.144038177599906,-0.134216501783296,-0.1573746140284,-0.185436033176607
-1.42889643949447,3.6903099172609,0.150183054909966,0.47965221837689,0.488082530566168,0.228802897379632,0.300621233128936,0.280122471310501,0.328455631143994,0.387022453970054
0.381829883107608,-3.59624849269044,-0.78513095851087,0.248902488406766,0.253277169897988,0.118731047893788,0.155999222200841,0.145361946628278,0.170443126896406,0.200834788564965
0.78143534901542,3.83743590309383,0.183940291714925,-0.633324792345986,-0.644456036009893,-0.302107531080476,-0.396935264243012,-0.369869040894893,-0.43368733932486,-0.511017995753792
-0.594212889313326,-2.78328532185985,1.0309565892035,0.07942754355668,0.0808235529212904,0.037888393717874,0.0497810813201523,0.0463866087527131,0.0543902914436794,0.0640886076252133
2.14254508306388,2.17829286497109,-1.25552157023127,-0.741190524463797,-0.754217603821648,-0.353561461847325,-0.464539933124439,-0.432863882350657,-0.507551497071183,-0.598052848807904
-0.507639696622465,2.12497987805858,0.518584505721299,-0.0258959953841993,-0.0263511404188239,-0.0123528643200785,-0.0162302721998092,-0.0151235623356741,-0.017733026518259,-0.0208949970366131
2.50560810997451,0.24931327572998,0.210887535238511,-1.32395931674753,-1.34722907333045,-0.631552854502942,-0.82978930809499,-0.773207631514523,-0.906619163490633,-1.0682781484011
2.70126712028756,1.55458947611979,-0.653303678932825,-1.19144193526522,-1.212382581602,-0.568339635268977,-0.746734258819832,-0.695815940263645,-0.815874080898055,-0.961352337970112
1.6245426185071,-2.98889906219407,-1.00213170835206,-0.322278137974387,-0.327942461437952,-0.153732577283135,-0.201987288990772,-0.188214178940367,-0.220689210133316,-0.260040235489415
2.18017711620165,2.27464159582968,-0.148230688767449,-1.1386694284852,-1.15868255131616,-0.543166182524167,-0.713659177634556,-0.664996182843379,-0.77973659136421,-0.918771183763703
-1.39714697377551,0.674125557108729,0.441222512432749,0.510359428124905,0.519329446698767,0.243450799112611,0.319866925959536,0.298055838763219,0.349483274865909,0.411799530393188
1.57016072778955,-2.36956883596797,0.587234654186794,-0.862220850791594,-0.877375145236172,-0.411295145282191,-0.540395489614477,-0.503546999858558,-0.590430488762459,-0.695709968082134
-1.95664322496471,0.376403682636713,0.967714075377222,0.623768246814452,0.634731525733914,0.297548883746467,0.390945715165423,0.364287907213194,0.427143220328104,0.503306996906321
2.69201720158175,1.02419631528854,-0.209035624343153,-1.31154522860299,-1.33459679660136,-0.62563110698052,-0.822008798919379,-0.765957659728959,-0.898118260126961,-1.05826145156655
-0.585240561748588,3.66002853746897,0.73942858656121,-0.135794307051215,-0.13818101216402,-0.0647763727771686,-0.0851088569459067,-0.0793054538761539,-0.0929890514823419,-0.109569900725088
-2.33580793435436,2.32658754849601,0.867613514085152,0.751735630064078,0.764948048984372,0.358591670448638,0.471149060587163,0.439022346604146,0.514772560964395,0.606561498388645
-0.215936030957741,2.68432786056401,-0.91038777545758,0.285742682803206,0.290764863311376,0.136304495685728,0.179088752998059,0.166877048409338,0.195670507982846,0.230560456233703
0.721852496591218,1.66606747018945,-0.56602947170899,-0.246127510858613,-0.250453419663808,-0.117407332754245,-0.154260009620414,-0.143741327482076,-0.168542881328746,-0.198595710793091
-1.82075808650433,1.21675757206925,1.15703891950606,0.452156751166807,0.460103806188725,0.215687055689663,0.283388494612429,0.264064798835247,0.30962732035947,0.364836872865668
2.05013870413529,-2.0791093769124,0.338932158635898,-1.02992200041973,-1.04802379097024,-0.491291666633967,-0.645501907278823,-0.601486420704797,-0.705268666997262,-0.831024906648065
-0.0535385037036849,2.07996295642613,-0.482656602466847,0.0897832118396321,0.0913612312381986,0.0428282372475458,0.0562714792581206,0.0524344394107441,0.0614816326936061,0.0724444037579412
-0.479404455653445,2.55906757879899,0.847515850497416,-0.171880716291348,-0.174901671979943,-0.0819902512370863,-0.107725954145362,-0.100380336363459,-0.117700256535865,-0.138687353170831
-2.07313984016212,2.95876236362039,0.856602528866054,0.595042857792588,0.605501262580471,0.28384634681502,0.372942125191248,0.347511946102476,0.407472685262175,0.48012901476729
0.0545351672209244,-2.3197723810117,-0.623810402088471,0.295175865545631,0.300363842588062,0.140804296708815,0.185000984651975,0.172386136788151,0.202130150767038,0.238171915941063
1.11306631179964,-1.15666586763668,0.00405723350194801,-0.497011842145824,-0.505747265084628,-0.23708375601757,-0.311501348562845,-0.29026069339072,-0.340343132051928,-0.401029611518048
-1.37510709666881,0.905309429949472,0.162396971050673,0.582579770103148,0.59281912509612,0.277901225611808,0.36513090563206,0.340233358013091,0.39893822805297,0.470072781111302
1.45918719334769,-3.40723589730251,-0.492225081609928,-0.392643846039483,-0.399544909089943,-0.187298309421192,-0.246088879931186,-0.229308570425533,-0.268874149487135,-0.316817016597296
-1.99925454534119,0.85956381147411,1.28841063402594,0.513292484975475,0.52231405461899,0.244849920976073,0.32170521448083,0.299768778059645,0.351491769775607,0.41416615941407
-2.79425294779405,0.727579476597814,1.5759171956498,0.816127768353118,0.830471936085393,0.389307900342995,0.51150672656808,0.476628103899571,0.558866926865606,0.658518317146484
1.6757062626222,0.858559539645486,-0.992010055799302,-0.535726555302694,-0.545142423584449,-0.255551383607177,-0.335765730887262,-0.312870535918453,-0.366854143691837,-0.432267793510453
-1.76216531389538,3.29431934638701,0.924836710866244,0.401886984225082,0.408950503608543,0.19170745570827,0.251882001473996,0.234706670573962,0.275203653803357,0.324275132886386
0.112056509273973,-2.50666238891091,0.843787705743742,-0.22032441944803,-0.22419681608815,-0.105098785331967,-0.138087964832136,-0.128672022146969,-0.150873473474429,-0.177775676244871
-0.935576709681257,2.09101718338339,0.810069410065118,0.0891289399686268,0.0906954599600856,0.0425161375761077,0.0558614154470352,0.0520523370324102,0.061033601240613,0.0719164839540114
-2.2075102619691,-0.973718395324336,-0.193336089563219,1.20519059465314,1.22637288584506,0.57489799772936,0.755351208310972,0.703845317169237,0.825288870246732,0.972445875519294
-1.42975941356326,1.83333277581028,-0.619460157000932,0.829329604801469,0.843905806491823,0.395605418241142,0.519780955687878,0.48433812985184,0.567907263502798,0.66917063343607
-1.10944557117895,1.61480297345938,0.65047380840579,0.252021744135659,0.256451249306593,0.120218990034146,0.15795421056061,0.147183628234138,0.172579126835279,0.203351657997659
-1.83520796187967,2.5162327495533,1.26920400208065,0.359025014742005,0.365335197082613,0.171261510856162,0.225018333118745,0.209674782141413,0.245852689293532,0.289690606899068
1.41258604834802,2.29869339414192,0.491534580504264,-0.97594507292804,-0.993098171212903,-0.465543683139714,-0.611671957408114,-0.569963267587969,-0.668306415792646,-0.787471927770389
1.37716535932304,2.99115416366417,-1.21083951854673,-0.416313110864096,-0.423630182189129,-0.198588982461428,-0.260923552442258,-0.243131696229495,-0.285082358307664,-0.335915306160278
2.01452043543774,1.35971642528802,-1.35411315552457,-0.605180915383353,-0.61581750550471,-0.28868238605699,-0.379296135988448,-0.353432689586627,-0.414415011341302,-0.488309224879827
-1.52882306192985,2.42753449363368,-0.589737839956282,0.83981478555061,0.854575273571121,0.400607041590391,0.526352525349441,0.490461597295659,0.575087292133275,0.677630930768967
2.10598921486704,-0.625565166609604,0.432969581267494,-1.15913437055242,-1.17950718284993,-0.55292833489267,-0.726485546166693,-0.676947946907963,-0.793750548155151,-0.935283964890852
1.21075282662986,1.40943433056571,0.213015036492709,-0.739185777732815,-0.752177621892839,-0.352605160921389,-0.463283461432474,-0.431693086955329,-0.506178689175002,-0.596435255956904
1.87793356906261,2.31346706737741,0.0670052686727383,-1.0636100937597,-1.08230398236175,-0.507361504462432,-0.666615863961633,-0.621160658826876,-0.72833755636352,-0.858207202600175
1.07835774310123,3.7399614642971,-0.212901524779477,-0.641558447234559,-0.652834404669215,-0.306035135336961,-0.40209569380203,-0.374677591062991,-0.43932557096319,-0.517661578745863
-0.652141361591425,-3.67081866131282,0.746119821891013,0.246980615919817,0.251321518801389,0.117814279500855,0.154794691804008,0.144239550754848,0.169127069518802,0.1992840654001
-0.526634797353681,3.96546693208454,0.0322834505146759,0.0595095427219659,0.0605554755961743,0.0283871423395022,0.0372975072992562,0.0347542647258986,0.0407508683687046,0.0480171432060256
1.94456577064363,-0.921561994558986,0.52998936395584,-1.09778093361848,-1.11707540496932,-0.523661621226282,-0.688032381225242,-0.641116826527689,-0.751737020272005,-0.885779017739722
-0.386973875288701,-3.84977770614393,0.444121274156012,0.226329670433209,0.230307614673528,0.10796340009295,0.141851745936958,0.132179158531119,0.154985741544803,0.182621201573316
0.204129429453348,3.76216943174354,-0.194503591732576,-0.215944368224775,-0.219739781588673,-0.103009420637808,-0.135342774985295,-0.126114021316123,-0.147874107613378,-0.174241494377277
1.55721692928232,-3.41068363838508,0.249628762644054,-0.691736850089466,-0.703894737357903,-0.329971152974773,-0.433544924650432,-0.403982361635501,-0.473686673337068,-0.558149598742769
2.75056139337628,0.963550513051106,-1.33221277942224,-0.95803555716298,-0.974873879859878,-0.457000515943326,-0.600447198076753,-0.559503902189723,-0.656042360548615,-0.773021072598148
2.8365177497561,1.25504769431245,-0.640044055059384,-1.24851702768076,-1.27046081927333,-0.595565500203108,-0.782505978423192,-0.729148457711013,-0.854957889507104,-1.00740516850216
0.463184597752542,-2.41581201187404,0.576075219299422,-0.308080264481775,-0.3134950477548,-0.146959931463354,-0.193088795303823,-0.17992245577569,-0.210966808525961,-0.24858423543408
1.55441935114971,2.09915050645763,-1.37933085519948,-0.404322455150683,-0.411428780090845,-0.192869219967689,-0.253408428841269,-0.236129013905955,-0.276871412461303,-0.326240269078997
-1.61845311471133,0.345455821220614,-0.438692087578234,0.933097914112664,0.949497935665266,0.445104803247492,0.584817571614305,0.544940028757526,0.638965593312862,0.752899352235377
0.818734410440685,2.02790254620232,0.394586120071109,-0.636119675544918,-0.647300041754279,-0.303440741580194,-0.398686952657083,-0.371501285172545,-0.43560121585854,-0.513273135025055
-1.21648385958026,3.74179570740937,0.153281499275245,0.370951697166313,0.377471501504625,0.176950756918741,0.232493361566785,0.21664010332045,0.254019827592999,0.299314025123208
1.12188275049208,1.19478708374818,-0.250249541961187,-0.528310878638042,-0.537596409840175,-0.252013969952249,-0.331117967824773,-0.308539694541818,-0.361776046132964,-0.42628422193371
0.545750124850852,2.0327976039943,-0.705626407748838,-0.129351992536392,-0.1316254682707,-0.0617032707037322,-0.0810711469980528,-0.0755430673099903,-0.0885774916084924,-0.104371716963506
0.840033572338361,2.66371010237779,0.61550295469798,-0.751848617971827,-0.765063022754585,-0.358645567751041,-0.471219875571135,-0.439088332855714,-0.514849932679003,-0.606652666229949
-0.34029311394261,-1.9596161985249,0.523614188690303,0.0856141124693124,0.0871188562571482,0.0408395004527475,0.0536585031355797,0.0499996369142499,0.058626722171949,0.0690804350169934
-1.33196586888431,-1.37129936085731,0.770982074328796,0.464826088951898,0.472995818796672,0.221730561967856,0.291328981077329,0.271463839378073,0.318303013244744,0.375059525887796
-0.731922227782142,1.64261451917396,0.12202051516652,0.242341461338521,0.24660082697307,0.115601317757064,0.151887109356825,0.141530230550927,0.165950275192424,0.195540817851959
-1.21608328884879,-1.33611556440915,0.510826193994702,0.493676830178974,0.502353637331259,0.23549289419816,0.309411135338425,0.288313007633807,0.338059386833045,0.398338652389791
2.03108047349274,2.10623254503977,0.0535043123967492,-1.12493412481961,-1.14470583753407,-0.536614190988069,-0.705050598820259,-0.656974605834886,-0.770330947729949,-0.907688422698469
0.204604899510248,-3.16743504799039,0.945092976806837,-0.268669729617212,-0.27339183786503,-0.128160384168844,-0.168388307877021,-0.156906245281996,-0.183979312989162,-0.216784607847305
-1.43639607365639,-2.35278048919579,1.18896137434007,0.422392367223211,0.429816286858379,0.201488899141863,0.264733716292576,0.246682052612309,0.28924530368312,0.340820545048528
-1.34980095348402,1.6177454589269,-0.338763312391899,0.705220896912292,0.717615778235873,0.336403290392808,0.441996028654836,0.411857201727054,0.482920261632675,0.569029625334697
-1.42978067660816,-2.69276826756004,-0.348211681553542,0.954939242855688,0.971723145088662,0.455523517281455,0.59850658821496,0.557695618640764,0.653922070407014,0.770522714171857
-1.0483812271311,-3.23073700701945,-0.174494551678761,0.733194165992492,0.746080702274114,0.34974705233013,0.459528228701765,0.428193916048725,0.502075760969234,0.591600735881457
2.81949608741508,1.10853746317334,-0.774477706104598,-1.18762213548381,-1.20849564545924,-0.566517520778704,-0.744340205635885,-0.693585132787554,-0.813258363301061,-0.958270212570845
0.400595057035096,-3.88454676209956,-0.0302249270423735,-0.00167771433809062,-0.00170720165221667,-0.000800300481939733,-0.00105150468158286,-0.000979804676249265,-0.00114886307346105,-0.00135371649564304
2.10302575043258,-0.686090503727124,-1.34330893764998,-0.554451601160719,-0.564196578693498,-0.264483573601795,-0.347501622353133,-0.323806180371225,-0.379676656587348,-0.447376684746687
2.35007082863055,-0.0721946425116357,0.124828079248956,-1.20242260863667,-1.22355625002491,-0.573577617678543,-0.753616377661443,-0.702228781158812,-0.823393412331174,-0.970212439084299
0.942706617889973,1.42903328146665,-0.0879554104282788,-0.505680471824632,-0.514568253601039,-0.241218851219536,-0.316934397850932,-0.295323273892736,-0.34627922516944,-0.408024167578276
-1.39974269720307,-0.421313860367763,0.0409121029354845,0.699518662764266,0.711813322276704,0.333683220215669,0.438422162850628,0.408527030698259,0.479015493043553,0.564428598656349
-1.39074253786982,3.59885345623614,0.672134307309696,0.288751244224772,0.293826302862246,0.137739634613112,0.180974363884121,0.168634083252939,0.197730706815867,0.232988008488614
-1.45188597266379,-1.42299880352483,0.876343075833748,0.491081823336649,0.49971302094732,0.234255028383105,0.30778471909968,0.286797493471902,0.336282381374584,0.396244789633179
0.257229783308143,3.16992325640834,0.624854400147461,-0.490718053681729,-0.49934285771881,-0.234081503591943,-0.307556727071191,-0.286585047764741,-0.336033279656672,-0.395951270664366
