-1.83475547616576,3.17305391860618,0.645296832025327,-0.368355111710706,-0.0523585381879269,-0.191309328827914,-0.246103678721274,-0.319238348566751,-0.361701308421914,-0.401587787448217
-1.38249063944958,3.13413875445919,0.695872199142056,-0.832895767353937,-0.118389031277549,-0.432573690904099,-0.556470389090638,-0.72183678424729,-0.817850707790888,-0.908038894406174
-0.223235617642266,1.53054754459611,0.718683342570133,-0.950296631380204,-0.135076563028818,-0.493547136871428,-0.634907700270433,-0.823583323824268,-0.933130894703332,-1.03603156161761
-2.32590422989729,2.32499657860784,0.976811792199472,0.700237268705349,0.0995327568656434,0.363676022504938,0.467839219077993,0.606867075166181,0.687588493397717,0.763412062132626
2.02976849016935,-0.834427359998214,0.0123468423070678,-1.58735890163493,-0.225629532554095,-0.824412520489982,-1.06053873754879,-1.37569920500695,-1.55868555478997,-1.73056903223986
-0.39181467141641,2.2348765223869,0.814771194988574,-1.27993975747107,-0.181932522555644,-0.664750964917413,-0.855147309867211,-1.10927157367888,-1.25681949363609,-1.39541480199004
-1.36511828998783,1.91529420824413,0.897291212141683,-0.0272496368784118,-0.00387330352626133,-0.014152402332094,-0.0182058987818876,-0.0236161486553222,-0.0267574115292429,-0.0297080752645103
-0.506614295639224,2.2353241120805,-1.16712603866023,-0.843088405123811,-0.119837827824531,-0.437867350822879,-0.563280246131551,-0.730670327601914,-0.827859230274837,-0.919151103033483
-0.434587935180251,-0.799789556865842,-0.839150351781963,1.1598536264424,0.164863302997092,0.602382895632469,0.774915930771344,1.00519782273424,1.13890254519284,1.26449460533781
-0.743391436302767,-0.335766912470653,0.488437201775576,0.953705487889258,0.135561102914467,0.495317564456345,0.637185209392581,0.826537640699083,0.936478175141008,1.03974796217695
2.06242669806262,-3.14337705911757,0.526681815883158,-0.0819520220290742,-0.0116487811314996,-0.042562695160277,-0.0547533981714956,-0.0710244743252391,-0.080471677067475,-0.0893456617195273
1.7238794535364,-0.246148060794521,-0.866901787110301,-1.53388434761503,-0.218028580674452,-0.796639915431216,-1.02481157089931,-1.32935499048968,-1.50617694138578,-1.67227005076544
-2.06919326188291,1.21058374642318,0.959105379840585,1.21122446317078,0.172165229402014,0.62906291169141,0.809237571752869,1.04971883129442,1.18934544192119,1.32050007398817
2.4536821276829,-2.57729034209182,-0.103179569996966,-0.798282500170286,-0.113469050492628,-0.414596905180419,-0.533344736383126,-0.691838877599842,-0.783862679306798,-0.870302848556068
0.564105091319764,0.782366100083815,0.770075693815734,-1.27522236403006,-0.181261985302933,-0.662300934106587,-0.851995547225948,-1.10518320122585,-1.25218731309696,-1.39027180944218
-1.50727953298969,1.52230480699936,0.847370776224011,0.408815122691129,0.0581095837487283,0.212322686044777,0.273135630299579,0.354303389549613,0.40143046771719,0.445698065202471
-1.46048680098359,1.17108220228625,-0.861337299075047,0.876487903626669,0.124585281741209,0.455213752267116,0.585594961436641,0.759616310448445,0.860655415057003,0.955563875054893
0.429391870431112,1.06509550202806,-1.1358184870519,-1.0274104851989,-0.146037639803981,-0.533597075499606,-0.686428644331774,-0.890414755130788,-1.00885179808416,-1.12010255982593
2.00897312639125,-1.22948816751533,-0.985859315464149,-1.12927517172033,-0.160516836398983,-0.586501634687549,-0.75448599792268,-0.978696723450289,-1.10887644610839,-1.23115738919768
1.22151271930866,-0.730080318016043,0.562671007489047,-0.883232840038696,-0.125544016938514,-0.458716810096228,-0.590101356518365,-0.765461871682449,-0.867278513930594,-0.962917333725807
0.505821036328905,-2.23361288539722,-0.666487743559965,1.13356340694919,0.161126372471243,0.588728777402303,0.757351033404725,0.982413161988004,1.11308722055888,1.23583250525516
2.01362632094715,-1.54202220154703,-1.05522834434772,-0.903710885184652,-0.12845479644096,-0.469352310861744,-0.603783051391649,-0.783209358024934,-0.887386652755698,-0.985242890179298
-1.7051388667664,2.29780038163056,1.1590334017765,0.0263142146738039,0.00374034123616485,0.0136665803943904,0.0175809289134299,0.0228054563903909,0.0258388863762667,0.0286882600874279
-0.65490316430663,-0.932713525444716,-0.430138082251489,1.42405699520483,0.202417559020532,0.739599857051241,0.951434238555965,1.23417210447499,1.39833346153615,1.55253417075858
-0.67350201603657,2.84912002591173,-0.72372650680558,-1.16603283699019,-0.165741625086705,-0.605592137434745,-0.779044355758693,-1.01055309244004,-1.14497013722318,-1.27123129885222
2.21064262340062,-1.30869925899147,-0.706226954432963,-1.33374140640517,-0.189579968188222,-0.692693450362006,-0.891093013626987,-1.15589926801471,-1.30964929345709,-1.4540703885955
-0.0173883976432685,-1.9651242351161,-0.496769181544131,1.47779917631693,0.21005655180929,0.767511457220313,0.987340210955172,1.28074826047543,1.4511048677355,1.61112492440719
0.168727156829124,-2.16496000462333,1.19408667155898,1.1508729452815,0.163586775747795,0.597718678873458,0.768915800459986,0.997414632731812,1.13008408707147,1.25470369498385
-0.115233129709201,1.24493070529657,-0.15100721877065,-0.727269944711418,-0.103375221253913,-0.377715743792165,-0.485900162985834,-0.630295192684188,-0.714132863139543,-0.792883602504807
2.0549299989623,-3.30626137390208,-0.0161083535886329,0.126578225510889,0.0179920154315026,0.0657398108424638,0.0845688466207739,0.109700184392558,0.124291772611451,0.137998002215757
-1.00786951262741,2.98006379955848,-0.455267515188418,-0.942871953649601,-0.134021208399191,-0.489691047819729,-0.629947159627097,-0.817148658518959,-0.925840333056723,-1.02793703596137
-0.671025104990758,-0.801609908356565,1.15651682132745,1.09755274597549,0.156007764074559,0.570026239654058,0.733291760553441,0.951204191148282,1.0777270401861,1.19657299397048
1.96370464393388,-3.45067125294378,-0.42749815997011,0.390866740400771,0.0555583742509238,0.20300099385061,0.261144041834202,0.338748258808497,0.383806297040341,0.426130395573061
-1.28402182860255,1.47723849538579,-0.056275968822728,0.344946922981761,0.0490312637603162,0.179152025366007,0.230464310146637,0.298951426313759,0.33871595482732,0.376067732422592
1.51572745884786,0.0497694699713228,-0.115151004247463,-1.63829559371583,-0.232869748999304,-0.850867058692144,-1.09457031985747,-1.41984395811176,-1.60870214906712,-1.78610118809268
2.0192342402553,-2.38794607170934,0.953217665681747,-0.634048660305533,-0.0901246105678686,-0.329300231735494,-0.423617598422354,-0.549504108377536,-0.622595486650355,-0.691251975421425
0.843288520705546,-2.82654213861587,0.941106944222665,0.93404852505999,0.132767033262019,0.48510850193459,0.624052092161485,0.809501752905073,0.917176286965961,1.01831756536802
-1.24287600302211,1.73294330144651,-0.452268893754463,0.18411515937117,0.0261703999657878,0.0956222581051237,0.123010151316115,0.159565097795948,0.180789384829177,0.200725867883741
-2.23972747655468,2.61123686969646,0.878084989676346,0.42263033546025,0.0600732984423756,0.219497770626069,0.282365785051628,0.366276470876027,0.414996128613034,0.460759674374424
2.07859354297657,-2.5205611223015,-1.01706732691079,-0.291892797357097,-0.0414900721920895,-0.151597774475694,-0.195018038132297,-0.252971579935593,-0.286620175386387,-0.3182271100252
0.597773689543872,0.714684123494537,-1.14801550317716,-0.959472080374181,-0.136380774864814,-0.498312508473251,-0.641037957947189,-0.831535311162226,-0.942140602458077,-1.04603481158805
-2.10105355413464,2.24002968740967,-0.855167597625069,0.809935329135397,0.115125400767051,0.420648931655384,0.541130169473778,0.701937909096042,0.795305016740159,0.883006985550063
-1.39833446796638,-0.415542448539205,0.562565887975695,1.69867633427499,0.241452356406866,0.882226468629085,1.13491161526263,1.47217348277023,1.66799219872139,1.85192942621057
0.910620299775106,-0.232754255587381,-0.461380006128038,-0.737548189654634,-0.104836186130619,-0.383053864749639,-0.492767215487363,-0.639202928283672,-0.724225446426841,-0.804089141709701
-2.48547081407013,3.36541669656768,-0.000384441925398102,0.295097473771791,0.0419455896183563,0.1532621588551,0.197159131413464,0.25574894225199,0.289766963948327,0.321720909540801
-1.22402983032462,0.850304841744303,0.618362061440871,0.614150951699884,0.0872963209561329,0.31896613521412,0.410323635259382,0.532259576040168,0.603057201423805,0.669559112962908
-0.660292647920095,1.66657930059875,0.244272779795293,-0.503021450253693,-0.0715002099200918,-0.261249791233129,-0.336076317247822,-0.43594817057611,-0.493935093980566,-0.548403605173868
-0.944453809694496,0.171016232483662,0.19669826090409,0.859093889741356,0.122112870985116,0.446179977476891,0.573973754973606,0.744541628188964,0.843575598920318,0.936600588462762
-1.76782044864039,1.78094655840349,-0.932611712025626,0.788193214509806,0.112034944566719,0.409356922330458,0.526603930465753,0.683094905302263,0.773955642025599,0.859303316374993
1.3514410053747,-1.25757361789216,-0.693478024439056,-0.452461071818133,-0.0643134832507646,-0.234990695712856,-0.3022961558358,-0.392129553156313,-0.444288015786055,-0.493281713654068
-1.65273616814317,3.13473905936323,0.68676241108083,-0.542750735877612,-0.0771473891023171,-0.28188363809961,-0.362620060049723,-0.470379921701848,-0.532946727417935,-0.591717232169597
-2.35827060444829,2.36779803636127,0.883677365677584,0.719570450008074,0.102280803734958,0.37371692548564,0.480756012923717,0.623622354719544,0.706572448692045,0.784489466129109
-0.775503262188855,2.00021240642435,0.853727241766631,-0.710789726201774,-0.101032698718594,-0.369156558805224,-0.474889477176379,-0.616012459599247,-0.697950335984338,-0.774916553107245
-2.31705663676871,2.02585307724965,0.892610341605744,0.91426054877686,0.129954341164249,0.474831396116764,0.610831442839935,0.79235232109519,0.897745751905947,0.996744335186107
-1.07749349356444,-0.346603152779055,1.15843190051133,1.21248859928172,0.172344915570973,0.629719454856533,0.810082160405006,1.05081440649235,1.19058674323836,1.32187825935247
1.1384318274019,-2.93333779090701,1.02830884145823,0.679477549795754,0.0965819398395114,0.352894231333896,0.453969333659154,0.588875473663405,0.667203768838854,0.740779419555104
0.883747817636847,-2.92197120477775,0.990604084652679,0.94994675431933,0.135026830987996,0.493365424324052,0.634673942059826,0.823280099648564,0.932787337666435,1.03565011895456
0.436233374496249,-1.49102621246913,0.226263633003913,0.544781980672821,0.0774361132296546,0.282938587701509,0.363977165735492,0.472140318702845,0.534941280708482,0.593931734092172
0.608905408909983,-1.64031443028046,-0.431203133197606,0.569197140385371,0.080906519996204,0.295618872756173,0.380289307011123,0.49329994162875,0.558915415809653,0.620549608142087
-1.21081113433176,0.484437499536405,0.790578101804487,0.829697832839381,0.117934472154899,0.430912808005599,0.554333800175971,0.719065264860712,0.814710539346393,0.904552445039039
-0.688667104420682,1.63201476373241,-0.54391150784412,-0.323371734498444,-0.0459645346877396,-0.167946710991761,-0.216049597044952,-0.28025309059787,-0.31753049097527,-0.352546049320233
0.779307938485318,-1.68172428968523,0.246855998575709,0.308434074364403,0.0438412736722098,0.16018867087327,0.206069518057035,0.267307229929625,0.302862658105645,0.336260726564635
-1.79036028823667,0.940644882332637,-0.51296376319765,1.33601827679358,0.189903605899197,0.693875968350724,0.89261422552481,1.15787253869723,1.31188503546911,1.45655267623728
-2.28828419776889,3.02673131749553,0.524455659926471,0.238803025085555,0.0339438137569656,0.124025010102405,0.159547950048485,0.206960840062753,0.234489393203786,0.260347624971649
-0.298165036782297,2.62097383589514,-0.651700605722223,-1.41874901427052,-0.201663074791552,-0.736843098049692,-0.947887895386053,-1.22957189393406,-1.39312136161414,-1.54674730843073
0.16663412142237,2.19245543866048,-1.10800761688338,-1.54262591070172,-0.219271119328447,-0.801179943555859,-1.03065194277149,-1.33693094661182,-1.51476060075575,-1.68180027002185
0.644806674258255,0.797471709136844,-1.09665501380583,-1.07609075521909,-0.152957125093633,-0.558879715779719,-0.718952676582806,-0.9326039592845,-1.05665272930745,-1.17317472119487
0.82300351424657,-2.69109179721585,1.0225740510227,0.847681702475087,0.120490725876246,0.440252930947717,0.566349098279034,0.734651151036364,0.83236955634093,0.924158803651031
-1.15597886874773,0.125915334411709,-0.80413470967613,1.27581639401277,0.181346421599718,0.662609450192512,0.852392427734368,1.10569802277889,1.25277061278565,1.39091943228994
2.20804934121552,-2.74911162797756,-0.876549060405168,-0.292132842311397,-0.0415241925354944,-0.151722444495562,-0.195178415834231,-0.253179617105042,-0.286855884275147,-0.318488811625152
-0.214146452540384,1.30823901108659,0.180373685712242,-0.718478783737351,-0.102125632683147,-0.373149956452453,-0.480026654007227,-0.622676252096363,-0.705500501796435,-0.783299310683036
1.24243490338043,-1.68444377326649,0.477791009606791,-0.221759850859591,-0.0315212718668602,-0.115173447795793,-0.148161144922806,-0.192190216223806,-0.217754079314521,-0.241766830485826
1.00371764139429,-0.279993947853293,0.651075295400477,-0.980410547379798,-0.139356999408621,-0.509187134458287,-0.655027267700309,-0.849681826347936,-0.962700846286669,-1.06886232875835
-2.23453482061009,1.97755198594999,0.919399042086082,0.855654915605788,0.121624050135669,0.44439390796729,0.571676123804976,0.741561209595873,0.840198744887569,0.932851353091001
2.21889888963571,-2.57579525442833,-0.845670726997828,-0.430384113039989,-0.0611754318093432,-0.223524781348878,-0.287546202332925,-0.372996353595217,-0.422609845395134,-0.469212990980109
0.00588357292943765,-1.10238392285494,-0.538538531816091,0.853493697829311,0.121316851457316,0.443271455450346,0.570232181184393,0.739688170314156,0.838076566390016,0.930495152138561
1.64229322967389,-2.61861938165262,-0.959209662249309,0.234586887154667,0.033344525700843,0.121835311922141,0.156731083872883,0.203306885312036,0.230349413717667,0.25575111076725
0.0449080688817992,-1.76531150655109,-0.627781958570074,1.29157254381834,0.183586023942843,0.670792582035631,0.862919352178624,1.11935323505581,1.26824215049256,1.40809708813876
0.0539257929082669,1.64597130169646,0.877485402304669,-1.35308445812231,-0.192329418052781,-0.702739479652338,-0.904016402047404,-1.17266310185359,-1.32864294087105,-1.47515855350655
0.448349647969229,-2.72546268434252,0.576890002091206,1.34333819486703,0.19094406983684,0.697677649308004,0.89750477464044,1.16421641308128,1.31907272979053,1.4645329909118
-0.607714822851733,-0.900913413871674,1.09066777659885,1.11002047351952,0.157779945233385,0.57650149277972,0.741621639836591,0.962009461999697,1.08996955623204,1.21016554897987
-0.229031786175687,-1.80922637858985,0.895556697997625,1.37387895348528,0.195285178255223,0.713539332361668,0.917909522146136,1.19068484268983,1.34906181369686,1.49782911003862
1.86020803099594,-1.79561541000777,0.855184347940764,-0.864449085211718,-0.1228740663578,-0.448961257873461,-0.577551642896505,-0.7491827576422,-0.84883406051595,-0.94243892498077
0.986678795917592,-1.85635428720359,-0.754123432718803,0.3680124479862,0.0523098314613611,0.191131362607099,0.245874739850917,0.318941375895415,0.361364834422878,0.401214208902438
1.11191989874814,-0.732229893736649,-0.170683154347962,-0.648158269077826,-0.0921301711430697,-0.336628214159074,-0.433044443642589,-0.561732330710249,-0.636450225710601,-0.706634540746255
1.47570145643359,-1.14227328493709,-0.746737170919897,-0.657946410218242,-0.0935214719432925,-0.341711794249355,-0.439584050304519,-0.570215313337238,-0.64606155821272,-0.717305759412273
0.0970633785913905,1.58398939617083,0.964374514896867,-1.36947731041799,-0.194659522225753,-0.711253290023254,-0.914968717154329,-1.18687011820493,-1.34473967995682,-1.4930303545868
0.46800679231765,-1.5783592991747,-0.385088461091768,0.669102657990487,0.0951072374354675,0.347505915752472,0.447037709912294,0.579883978171216,0.657016284475537,0.729468514092867
0.83136423491354,-1.86066723340707,-0.490814955221676,0.495441957819325,0.0704228497004196,0.257313297441198,0.331012342535281,0.42937933368259,0.486492514134305,0.540140297566807
1.16345763304973,-1.98755168619099,0.534024281414541,0.0667332805383981,0.00948556679788787,0.0346586723094326,0.0445855244341957,0.0578350119116881,0.0655278401701183,0.0727538986933448
2.11210335096677,-2.02863763675399,0.571957820080092,-0.925329814184892,-0.131527742855044,-0.480580342360496,-0.61822698820106,-0.80194560186248,-0.908615067015382,-1.00881226002973
1.06990795718069,-3.01263407170364,0.793275831335048,0.84576793730954,0.120218700476523,0.439258995699595,0.565070482528971,0.732992568837908,0.830490360580144,0.92207238026747
-0.0467389156197382,2.04563448134373,0.396594362944911,-1.44985851000118,-0.206085024340878,-0.753000161055465,-0.968672624847046,-1.25653322479677,-1.42366890921805,-1.58066347563441
2.46214100300326,-2.46007511201345,-0.540082880827136,-0.820373227159469,-0.116609058967848,-0.426069970218106,-0.548103888638179,-0.710984009507783,-0.805554369205903,-0.894386581597015
0.824859009348346,-3.00405382121301,0.854197706780109,1.09224323732484,0.155253062693728,0.567268687216019,0.729744396692903,0.946602656597934,1.07251344014374,1.19078446609707
-0.16178508587136,1.11322469373378,-0.0164409136364853,-0.606292826513514,-0.0861793554666484,-0.314884930399916,-0.405073501747629,-0.52544925950709,-0.595341021923938,-0.660992034600863
1.09971490569954,-2.26707131147053,-0.668435013033513,0.521998611269469,0.0741976515413806,0.271105791113588,0.348755248499729,0.452394901870339,0.512569459980434,0.569092869044758
-1.21168715177998,0.685210463549177,-0.039734244127398,0.821297166752716,0.116740389102651,0.426549828533742,0.548721186798528,0.711784750261871,0.806461619164314,0.89539387821159
1.00848694820385,-2.47831752510471,1.07046975740225,0.492182237066194,0.0699595081908037,0.255620325171716,0.328834473290508,0.426554266683559,0.483291675530433,0.536586487660738
1.3304117089776,-1.22484746155255,-0.645111091161967,-0.460622886697849,-0.0654736156406146,-0.239229625150823,-0.307749189072156,-0.399203065157836,-0.452302399263402,-0.502179880327757
0.236877705792441,0.962619455153501,-0.507195801116163,-0.849170505681615,-0.120702346557119,-0.441026157470555,-0.567343790450719,-0.735941436040923,-0.833831466466958,-0.925781925379623
2.4576579908401,-2.97519013856743,0.0942216602576631,-0.554340557318094,-0.0787947833943755,-0.287902940915083,-0.370363396850396,-0.480424347146795,-0.544327195466634,-0.604352677155246
-0.709701887631768,-0.913844784749242,1.0932701282587,1.22780209880429,0.174521598950823,0.637672691346354,0.820313343431349,1.06408599182657,1.20562362650057,1.33857332939724
1.23920462270145,-1.90731130028013,0.900220705792908,-0.128751690330107,-0.0183009549225514,-0.0668686239974234,-0.0860209716777512,-0.111583837686611,-0.126425976926599,-0.140367555128414
0.830931530613333,0.467546002322499,-1.07908282392605,-1.046246576651,-0.148715029589684,-0.543379809331387,-0.699013324852597,-0.906739227188996,-1.02734764273835,-1.14063802696059
1.00342628508211,0.244907529829402,0.723831961232561,-1.36035642628665,-0.19336306631971,-0.706516257290411,-0.90887491509607,-1.17896542000749,-1.33578355142924,-1.48308659227314
-2.1848112904863,3.23644724273093,0.654693144886106,-0.0398694285658068,-0.00566709930642438,-0.0207066316638149,-0.026637374442807,-0.0345532072964533,-0.0391492448993405,-0.04346641351116
-1.16445450035083,1.96323060561026,0.592980704993852,-0.227335998445858,-0.032313873698775,-0.118069482134016,-0.151886654330562,-0.197022835862331,-0.223229501845078,-0.247846053226224
-2.42298567059225,3.11604100329623,-0.241239341902958,0.441623943691952,0.0627730778951638,0.229362312551256,0.295055704939814,0.382737456301348,0.433646644733618,0.481466869314664
0.79964539826614,-1.74876670796773,0.351506381081624,0.317171565396907,0.0450832335184228,0.164726584131227,0.21190716932759,0.27487965696852,0.3114423189772,0.345786506389696
2.27456270484106,-3.41947847885633,-0.0710132459633407,-0.0201576037144393,-0.00286523148534031,-0.010469075940005,-0.0134676030564366,-0.0174697728259422,-0.0197934857054169,-0.0219762050765219
-1.16233476375229,1.59809513249166,-0.231633276833652,0.157677602168002,0.0224125266408081,0.0818916183947134,0.105346815374103,0.136652745467018,0.154829383928266,0.171903137411918
-0.905247310997666,2.04401583697859,-0.934189892948392,-0.319172533118165,-0.045367654017869,-0.16576580899764,-0.213244046437608,-0.276613814064653,-0.313407142105425,-0.347967999667212
1.46105573290856,-1.00590210474753,0.770073173029265,-0.978652190726295,-0.139107064003726,-0.508273912351338,-0.653852482751836,-0.848157930367103,-0.960974251807525,-1.06694533470675
1.76271802695563,-2.1409662180238,-1.07755783413946,-0.211006346500973,-0.0299927529167637,-0.109588495569011,-0.140976564343727,-0.182870592676823,-0.207194821487016,-0.230043154377093
1.83054605716701,-2.98930484691718,-0.718640224203832,0.255416741121204,0.0363053118272817,0.132653528515946,0.170647827594951,0.221359270007558,0.250803006444923,0.278460215925156
2.34227942530296,-1.66588075102596,-0.253140679289218,-1.2955340244553,-0.184149114636082,-0.672850021114736,-0.865566077924906,-1.12278648871843,-1.27213207270111,-1.41241597009109
-1.23437996481933,-0.0890611694942948,-0.825902724927291,1.51415682604853,0.215224481699157,0.786394207443621,1.01163131229771,1.31225795231649,1.48680576901522,1.65076272947176
-1.96197633197444,3.12432453745659,0.640111569298805,-0.197195603123862,-0.0280296735090806,-0.102415732216226,-0.131749395660775,-0.17090138479014,-0.193633549250068,-0.214986417821786
-0.993582792739021,1.65520201672408,0.108519675091756,-0.116927727337388,-0.0166202794053535,-0.0607277171596773,-0.0781212013282697,-0.10133649130996,-0.114815596754769,-0.127476844544643
0.640908432827694,1.04211116293662,0.804472566995234,-1.54530422591391,-0.219651818998027,-0.802570956383816,-1.03244136609029,-1.33925213314649,-1.51739053607038,-1.68472022048801
-0.128280085423201,-1.00156577142033,-0.0254742128710626,0.844831847648573,0.120085643313197,0.438772827111,0.56444506672272,0.732181298115778,0.829571180027445,0.9210518374167
-0.800659602689938,1.73352294125823,0.218632600367525,-0.395807920890608,-0.0562607209244071,-0.20556725095707,-0.264445320022327,-0.343030578367523,-0.388658222238346,-0.43151736504141
-2.33748676238978,3.29510971435251,0.0940370830187541,0.171188018727836,0.024332917152284,0.0889084036708665,0.11437333112134,0.148361672352761,0.168095754318301,0.186632451927387
1.85462759855789,-2.80906759439387,-1.05533749077963,0.156448606885112,0.0222378354409137,0.0812533260099264,0.104525704846151,0.135587625391219,0.153622588670828,0.170563263250412
-0.216429684955102,-1.96448254142533,0.0988555202622686,1.59582079499638,0.226832318541372,0.828807299028753,1.06619225780409,1.38303278278714,1.56699459626452,1.73979435021323
-1.23051155402965,0.970272836078949,-0.431030411011155,0.703257262375453,0.0999620232145453,0.365244489844536,0.469856922995486,0.609484380481827,0.690553935242216,0.766704516988083
1.39647222950134,-2.89957409323015,1.17476361695411,0.356466913953217,0.0506687322466428,0.185135060949843,0.238160992143921,0.308935332539879,0.3500278537936,0.388627046895426
-0.775670207457509,1.73751919770354,-0.547704795140248,-0.303801650384549,-0.0431828141038725,-0.157782769898212,-0.202974524811131,-0.263292497042326,-0.298313912177031,-0.331210369348328
-1.06815552313283,0.676545167230211,-0.400951096268295,0.731119382828179,0.103922386058285,0.379714992340833,0.488472031412324,0.633631343665228,0.717912766714262,0.797080333558842
0.314137681218472,0.78142521164584,-0.0631287610338174,-0.874980074211867,-0.124370956647065,-0.454430644271158,-0.584587557564483,-0.758309536205334,-0.859174822403685,-0.953920010590171
0.16978845888945,1.74662368292414,-1.11296057599589,-1.23203991817745,-0.175123968839087,-0.639873650025079,-0.823144695309829,-1.06775873699882,-1.20978489578501,-1.34319348112465
-0.880472072235393,2.30500154992681,-1.08276348773617,-0.505442858157546,-0.0718443924064258,-0.262507376389891,-0.337694096868296,-0.438046706026976,-0.496312762646488,-0.551043470379218
-0.330445400808143,-1.82678403995628,0.908719131578433,1.49262188910128,0.21216347403921,0.775209798152825,0.997243491862325,1.29359450096489,1.46565982961335,1.62728492936382
1.22862744617812,-1.44583614198256,0.387460991170471,-0.360270997728312,-0.0512094503180803,-0.187110754216155,-0.240702558641714,-0.31223217676319,-0.353763222287357,-0.392774331778791
-0.75074256591618,2.75185211652462,0.350594457268447,-1.18546858099552,-0.16850425036965,-0.615686307497061,-0.792029673313221,-1.02739725890379,-1.16405480257297,-1.29242051866857
-1.91632573988919,0.622189341860521,0.589764298091179,1.51957869729725,0.215995154465196,0.789210116648108,1.01525374732696,1.31695686694686,1.49212970198754,1.6566737571985
-1.7369942835249,0.345935467957046,0.853627844644068,1.4799248150169,0.210358693225298,0.768615431347707,0.988760382651081,1.28259046482296,1.4531921098412,1.61344233636998
-1.51783399430951,1.03535085524312,0.794158035678667,0.770608248093566,0.109535391536595,0.400223974217078,0.514855145698988,0.667854732273984,0.756688322639776,0.840131849681746
-2.37214613712984,2.023021292103,0.768453620129255,0.994879591736823,0.141413650687306,0.516701793755041,0.664694257326998,0.862221556839049,0.976908528246737,1.08463675763174
0.486392579180306,-1.82745423459037,0.724086718681637,0.648484081783393,0.0921764826409808,0.33679742861557,0.433262124089703,0.562014699290894,0.636770153080026,0.706989747988917
-1.35397270152559,0.875068200431967,-0.548056864145488,0.920780116730467,0.130881042156893,0.478217406327563,0.615187265810884,0.798002564680008,0.904147553276949,1.00385209285356
0.00164387649030682,-2.09496149109052,-0.31329550453175,1.51954121447554,0.215989826601702,0.789190649527284,1.01522870448102,1.31692438211435,1.49209289623888,1.65663289270942
0.965855860980466,-0.248339485202945,-0.0208972459631939,-0.855558724944167,-0.121610377453332,-0.444343950276113,-0.571611857354122,-0.741477845073468,-0.840104291771377,-0.93274648419209
-1.09127083591212,0.366774596560504,0.628452105012454,0.810174963930228,0.115159462809784,0.420773388654365,0.541290273141903,0.702145590797012,0.795540322878389,0.883268239986319
1.56448967876609,-1.40292018949821,0.630768937228102,-0.788330051436373,-0.11205439476903,-0.409427990111923,-0.526695353307306,-0.683213496284366,-0.774090007190643,-0.859452498609295
-1.3444844592561,-0.0233253058823473,1.24070505071468,1.25799230755767,0.178812879695031,0.653352312424394,0.840483883215806,1.09025061416764,1.23526849271924,1.37148727235723
-0.341649455554132,1.41695073242683,0.171682992994207,-0.657056124105129,-0.0933949253637294,-0.341249414243351,-0.438989236548483,-0.569443738681515,-0.64518735383291,-0.716335152465351
-1.92135335848369,2.38686562544539,1.02617739925987,0.216139220368346,0.0307223471693059,0.112254310765562,0.144405915806521,0.187319045066181,0.212234977398444,0.235639111631701
0.986512982258127,-1.7776061166595,-0.159740087119442,0.21859830561078,0.0310718851680469,0.113531464067645,0.146048868232624,0.189450233929378,0.214649642816222,0.238320053392138
-0.904748043267335,0.21655725675095,0.045241729541881,0.808646809509558,0.114942248689367,0.419979724640295,0.540269289822751,0.700821201700458,0.794039772361091,0.881602216811492
0.17944269131176,0.875540927570513,0.210548582335779,-0.840396320559844,-0.119455170959005,-0.436469186728756,-0.561481623298427,-0.728337207731766,-0.825215774331883,-0.916216140956681
0.464058060207561,-2.07633856882197,-0.800517080583163,1.08902424544538,0.154795510446212,0.56559686794059,0.727593739030985,0.943812887652217,1.06935259470524,1.18727505958801
0.647937570276494,0.246047133718159,0.0397352500560135,-0.872333644056777,-0.123994789166469,-0.453056191302638,-0.582819437139543,-0.756015983148925,-0.856576196188624,-0.951034821823052
-1.33862095374354,1.56427895118036,-0.262133083969414,0.374868922113354,0.0532844207937961,0.194692348790513,0.25045565498445,0.324883602317027,0.368097456243803,0.408689268123504
-0.811182305660766,1.69550978848162,0.361060034738962,-0.380438165156174,-0.0540760412037344,-0.197584797177216,-0.254176551361225,-0.329710238069412,-0.373566098951521,-0.414760963398589
-1.2455646256108,-0.311730061536702,1.13326722136095,1.3717939841875,0.194988817647952,0.712456480341151,0.916516522299276,1.18887788485411,1.34701450635932,1.49555603663589
-1.43518996364355,1.75422149705795,-0.72094492044141,0.417529642910608,0.0593482784897407,0.216848669155214,0.278957934418951,0.361855908721936,0.409987572710293,0.455198801807864
0.974934018879554,-0.377040604236099,-0.0320387486757221,-0.773097572104222,-0.109889227718395,-0.40151683236014,-0.516518301108198,-0.670012127844033,-0.759132680606085,-0.842845758325605
-2.19657153790306,2.2375186863396,-0.591655602715425,0.872093492212557,0.123960653629573,0.452931465768299,0.58265898802282,0.755807853342342,0.856340382340755,0.950773003689663
2.26792499010938,-2.40930432698551,-0.816658665302512,-0.604387965719376,-0.0859085957473945,-0.313895619736234,-0.403800835144166,-0.523798394364087,-0.593470569689948,-0.658915318933305
1.44950365893727,-0.0291556292194026,-1.07518866341971,-1.35973411562397,-0.193274610165415,-0.70619305331844,-0.908459139833218,-1.17842608874281,-1.33517248191023,-1.48240813728721
0.628885520872347,0.974338436978263,-1.11023653283375,-1.18114362645276,-0.167889494960022,-0.613440094197768,-0.789140105096473,-1.02364899723465,-1.15980797208996,-1.28770537051282
-2.31500035488766,2.71840610273815,-0.158538165104564,0.592297943050257,0.0841901021158709,0.307616531843028,0.395723306259402,0.513320464919591,0.581598935825653,0.645734545002025
0.670103223145328,1.04956031751351,-1.08746151750332,-1.28169236521129,-0.182181640801537,-0.665661201262236,-0.856318253878875,-1.11079048731109,-1.25854044304777,-1.39732552846644
-1.16730273981121,-0.797915105962621,0.219229420102896,1.77456188834955,0.252238840847038,0.921638476108274,1.18561191349609,1.53794039679602,1.74250698981963,1.93466130854704
1.18171394040751,-2.6261603434121,-0.69582484078412,0.690858873947083,0.0981996980197604,0.358805248760671,0.461573370235036,0.598739203013323,0.678379505800915,0.753187556808681
0.777896619670168,-2.94999989041515,0.0681879932753249,1.22918416804696,0.174718048308847,0.638390484396599,0.821236725010847,1.06528377485877,1.2069807306577,1.34008008771718
1.24783010715854,-0.912564634523886,0.346149885287761,-0.748859841640876,-0.106444041006691,-0.38892869716169,-0.500324703025137,-0.649006275610328,-0.735332769750889,-0.816421321036444
-1.66072989069384,2.48848404334139,0.845204008515549,-0.105366351282151,-0.0149769283822556,-0.054723187771765,-0.0703968693241338,-0.091316718319998,-0.103463060266497,-0.114872411261995
1.2032662426467,0.586517442609766,-1.04109538027411,-1.53418517332264,-0.218071340483666,-0.796796152612097,-1.02501255715128,-1.32961570385852,-1.50647233311129,-1.67259801670506
-1.02695239793814,2.48524363950362,-1.23277587301261,-0.451548981826138,-0.0641838374357387,-0.234516991619572,-0.301686774575113,-0.391339081968234,-0.443392401382956,-0.492287335701397
0.997796400958802,-1.80480033563006,-0.0737762299360361,0.211994691961286,0.0301332377963853,0.110101803788855,0.141636893048007,0.183727151368512,0.20816531391349,0.231120667499684
1.44572729755097,-2.98852006951643,-0.659283271533469,0.657148739032669,0.0934080897859572,0.341297514837218,0.439051113996759,0.569524004261061,0.645278295805494,0.716436123030582
2.16704567250987,-3.38178801516695,-0.175746454982721,0.0850053086562912,0.0120827797903682,0.044148453567862,0.0567933456223639,0.073670633288656,0.083469810479884,0.0926744131935459
-0.223423581020086,-1.72441003503283,1.01345246711633,1.28960029925954,0.183305686196019,0.669768274863465,0.861601665452341,1.11764397115284,1.26630553168433,1.40594690940227
1.49302984944865,-2.947366533077,-0.756209602407136,0.593007241715399,0.0842909228729741,0.307984914002669,0.3961971995359,0.513935185137397,0.582295422034443,0.646507835971849
0.772773897706188,-2.09982694202148,-0.789227887984489,0.77345388335421,0.109939874324336,0.401701886575276,0.516756358098868,0.670320928268964,0.759482555607757,0.843234215664668
-0.442382393510622,-0.823810469355085,-0.678873123639055,1.15964456158751,0.164833586210653,0.602274315472187,0.774776251347213,1.00501663475314,1.13869725679272,1.26426667883472
-1.90415986519963,3.45605100884921,0.101228711184325,-0.406600256151523,-0.0577947593561563,-0.211172370445334,-0.271655844120579,-0.35238385507345,-0.399255609543959,-0.443283375342453
-0.825946420167194,2.04405298199334,-0.938284103459914,-0.403389197658237,-0.0573383347718373,-0.209504671462348,-0.269510486875184,-0.349600961669889,-0.396102554186463,-0.439782617962716
1.01626463312166,0.725879665457642,0.408794615290747,-1.66198310423279,-0.23623672663732,-0.863169431034844,-1.1103963075868,-1.44037295716371,-1.63196177890489,-1.81192576507352
-1.46894117288,0.726312875926261,-0.945599181849975,1.21132629459388,0.172179703870498,0.62911579897487,0.809305606882659,1.04980708443469,1.18944543390665,1.32061109255312
0.0968503334813652,1.44959653162097,-1.01106627270312,-0.961521465423161,-0.136672077474544,-0.499376879417934,-0.642407183413691,-0.833311429581149,-0.9441529683249,-1.04826909036222
-0.41438325663397,1.46784180662837,-0.204659591327974,-0.555298989607121,-0.0789310163717665,-0.288400713396342,-0.371003740107855,-0.481254981313214,-0.545268315060075,-0.605397578366421
1.14029419043535,-2.92521261454973,0.919341623522859,0.689060788374792,0.0979441154878262,0.357871392997376,0.460372041788849,0.597180875599285,0.676613900048543,0.75122724953002
1.23672030630083,-0.332141072451406,-0.870098845502598,-0.951784802504347,-0.13528809386457,-0.494320035115242,-0.635901970138217,-0.824873061028809,-0.93459218416463,-1.03765399423789
-0.382894211234324,2.62049453372107,-0.795617726163764,-1.30493832502289,-0.185485855771862,-0.67773424932953,-0.871849234834919,-1.13093681237941,-1.28136649815619,-1.4226687184238
0.992944658949215,0.26631957787333,0.671808141069952,-1.35593212521641,-0.192734189648323,-0.704218447265867,-0.905918971946264,-1.17513105875574,-1.33143916897035,-1.47826313463316
-0.26762907437305,1.27028801491343,-0.0480558064806655,-0.598370682302904,-0.0850532902187545,-0.310770476592635,-0.399780596147549,-0.518583460297307,-0.587561979811079,-0.65235516147425
1.02629255559426,0.194746445583466,0.775916820891138,-1.35784530788722,-0.193006132251385,-0.70521207998886,-0.907197198522692,-1.17678913612977,-1.33331779275832,-1.48034892296982
-1.05595995132122,1.59155947662161,-0.490349880304404,0.0894985166552949,0.0127214509941138,0.0464820511731226,0.0597953265441955,0.0775647133645567,0.0878818551633519,0.0975729944850733
1.39675091380449,-1.19579586129513,0.796667255343265,-0.780682732257006,-0.110967393555911,-0.405456269744739,-0.521586062510017,-0.676585876717893,-0.76658082579161,-0.851115244987675
-0.195477983153505,1.51131914940495,0.456307339832488,-0.924870788320612,-0.131462496242523,-0.48034194216672,-0.617920306007068,-0.801547782871503,-0.908164332790632,-1.00831182125378
0.696398957837508,-2.78701788562644,-0.356761620756316,1.26928842588987,0.180418526594637,0.659219077260256,0.848030992481957,1.10004049911002,1.24636056298228,1.38380251659727
1.34330378161153,-2.13519278722507,-0.987436350012512,0.219353755917007,0.031179265987398,0.113923815595973,0.146553596125743,0.190104951891792,0.215391447003331,0.239143659763707
0.794531190064666,-2.6540445435483,1.18451959686357,0.82643280480214,0.117470376260101,0.42921707933902,0.552152385053588,0.716235598255049,0.811504489326835,0.900992849030333
1.187571742281,-1.57202088770213,0.318085745127789,-0.216705410008509,-0.0308028261987904,-0.11254836765959,-0.144784195756679,-0.187809738530056,-0.212790939640181,-0.236256382405584
1.52727911973881,-2.26765678758636,-0.904619113375944,0.102441894896439,0.0145612418436893,0.053204338784605,0.0684429953261837,0.0887822112713668,0.100591429963276,0.111684112981099
-0.113695249012224,2.20237088833971,0.340484477123927,-1.47942549423942,-0.210287719034457,-0.768356103542084,-0.988426778809859,-1.28215772387451,-1.45270180857268,-1.61289796730904
-0.257386537090575,1.42904629081785,0.290019650584929,-0.774470541661313,-0.110084383633707,-0.402229899387359,-0.517435603048717,-0.671202024549966,-0.76048084945032,-0.844342595994303
1.53053363725808,-0.725274620355565,-1.10347688576538,-0.95294750213653,-0.135453361703016,-0.494923896115645,-0.636678787528912,-0.825880725368618,-0.935733881306579,-1.03892159161312
-1.15175999585405,0.125878890764192,0.949046661588059,0.993257387342867,0.141183068165144,0.515859283840117,0.663610437783579,0.860815658467341,0.975315626633137,1.08286819937736
-2.02293917465998,1.4032331614084,-0.743231902502041,1.29641946932584,0.184274973074294,0.673309886767504,0.866157657172803,1.12355386766671,1.27300152328841,1.41338129902277
0.648814585738241,-1.69360228280876,-0.250870399709932,0.535330011729448,0.0760925964407214,0.278029602384973,0.357662160855228,0.463948682805157,0.525660047938007,0.583627016784545
-0.0490234631915504,1.51704932146797,-1.01218458582421,-0.852663499655916,-0.121198845866018,-0.442840282784902,-0.569677513099047,-0.738968671424547,-0.837261364548044,-0.92959005421268
0.814958883903128,-2.14089289807795,-0.79566163548211,0.758189616818793,0.107770188993803,0.393774219785534,0.506558068383539,0.657092011156294,0.744494016009867,0.826592820364059
-1.90370568705608,3.16704103957534,-0.903079129468494,-0.0447780790313806,-0.00636482211434018,-0.0232559939399579,-0.0299169188246517,-0.0388073344104863,-0.0439692276810054,-0.0488179181249323
-0.657150523301113,-1.16825323839182,-0.429930019332561,1.59188349229991,0.22627266453621,0.826762417032256,1.0635616857093,1.37962048315922,1.56312841525686,1.73550182751402
0.587149291582404,0.595313592528298,-0.627574372115459,-0.946800461904107,-0.134579612349417,-0.491731362324865,-0.632571856020832,-0.82055333636278,-0.929697878481306,-1.03221997079176
1.3403676615398,0.0170260622693289,-1.16609675268607,-1.26099662314065,-0.179239917537535,-0.654912637174874,-0.842491112363729,-1.09285433192475,-1.23821853967863,-1.37476263466228
-1.84253534419935,2.61051103092742,-0.831006086017607,0.269282644426098,0.0382762317483538,0.13985493979142,0.179911849468517,0.233376282753446,0.264418442225195,0.293577088888647
-1.67962464079686,3.30919774582192,-0.717059017804079,-0.413873581140771,-0.0588286004841759,-0.214949852765528,-0.276515263684696,-0.358687349132141,-0.406397552417973,-0.4512128933455
-1.3639272462126,-0.0303566889249394,1.14705023167601,1.2985868859497,0.184583052865945,0.674435558724858,0.867605741338043,1.12543227923657,1.27512978866011,1.41574425807718
1.43138364923737,-0.984064448057506,-0.852170262963358,-0.704944377403274,-0.100201832229822,-0.366120711819925,-0.470984110325247,-0.610946534251928,-0.692210574972793,-0.768543842056892
-0.1197480894476,1.37370524533105,0.709823365195124,-0.949433281782749,-0.13495384524527,-0.493098746644764,-0.634330883212107,-0.822835093947812,-0.932283140269914,-1.0350903213752
-1.05972801493675,-0.815572119939776,-0.282763316304866,1.75149717218157,0.248960388115198,0.909659558945402,1.1702020241878,1.51795114819993,1.71985890445006,1.90951571387617
0.553735813163026,0.515719902384227,0.673325495002921,-1.06147736168799,-0.15087995581071,-0.551290087132112,-0.709189245067219,-0.919939127252831,-1.04230330563274,-1.15724292009129
-0.193276376440778,-1.0603907131718,0.843338147318421,0.817887886304222,0.116255788957625,0.424779180771157,0.546443394435961,0.708830065976037,0.803113922445052,0.891677015465359
2.31888263595994,-3.28568769434683,-0.354061742065942,-0.116660572545224,-0.0165823056296601,-0.0605889673436511,-0.0779427111294116,-0.101104959149957,-0.114553267728226,-0.127185587280984
0.164193603582748,1.99550993377188,-0.0258232792121623,-1.57331492347129,-0.223633300810285,-0.81711862405379,-1.05115574114106,-1.36352786204541,-1.54489526081619,-1.71525801865975
0.181493437674094,2.04651661520906,-0.626690869359816,-1.53234958471857,-0.217810427215551,-0.795842819231659,-1.0237861723565,-1.32802487409674,-1.50466990176526,-1.67059682290392
1.46471531039917,-0.543275517240076,0.798166352779045,-1.31199584809371,-0.186489022497307,-0.681399652520479,-0.876564473839812,-1.13705327971887,-1.28829653726188,-1.43036296504824
-2.06081766841688,2.94739997577205,-0.6968541355765,0.244885879402106,0.0348084396299326,0.12718420822308,0.163611997965388,0.212232601753718,0.24046236953909,0.26697926907999
0.510042080224378,1.26920478667592,0.582711972512577,-1.52964591557331,-0.217426123700577,-0.794438638556254,-1.0219798096876,-1.32568171434258,-1.50201507049976,-1.66764923109505
-1.83291048212776,2.09693320072637,-0.982073282132447,0.643709560887855,0.0914978252077309,0.334317728025131,0.430072193723144,0.557876816803503,0.632081877011361,0.701784473997578
1.32796537838384,0.435959071304227,-0.897187266449665,-1.5846596425296,-0.225245855888692,-0.823010630217918,-1.05873532129496,-1.37335986725449,-1.55603505390339,-1.72762624834086
0.809684441790216,1.31343712306201,-0.113718144583983,-1.77082859072115,-0.251708184422764,-0.919699546415437,-1.18311764030454,-1.53470490003839,-1.73884112882302,-1.93059119607457
-1.40988736734441,3.18203080105082,-0.793213746769782,-0.601044208943515,-0.0854333092337176,-0.312159002422624,-0.401566820148509,-0.520900496772339,-0.590187213052771,-0.655269891348096
1.07261561910608,-1.86773847479554,0.464403957169307,0.0907999869427352,0.012906443897915,0.0471579842585177,0.0606648587301287,0.0786926445702392,0.0891598162690175,0.0989918822825995
1.2954535826205,-0.915963702350561,-0.711836608191436,-0.629615467580093,-0.0894944700235134,-0.326997803730817,-0.420655714621843,-0.545662041090958,-0.618242373151179,-0.686418823928908
1.08799359876042,-1.85561173751846,-0.615696535260493,0.237143528780479,0.0337079305076237,0.123163132218203,0.158439215209414,0.205522622312972,0.232859873303602,0.258538410362576
-1.46685622995981,0.73758724232895,1.01137648755368,0.890781285490097,0.126616964094293,0.462637179291853,0.595144588267177,0.772003801422368,0.874690607612811,0.971146793318274
-1.3020033384827,3.37563456297214,-0.321735796655647,-0.927241832536532,-0.131799519960065,-0.481573370381365,-0.619504436878061,-0.803602670168584,-0.910492547515933,-1.01089677900336
-0.760576508711095,1.68156404634965,0.101164504410939,-0.383560630673968,-0.0545198730520143,-0.199206484411915,-0.256262718285964,-0.332416351555194,-0.376632161637724,-0.418165135022136
1.65030726949158,-1.46232078709429,0.740520697334234,-0.855823524027801,-0.121648016385145,-0.444481476628684,-0.571788773668116,-0.741707335636986,-0.840364307641863,-0.933035173217257
-0.570299679751848,1.64585559475794,-0.177179133553188,-0.517896677836714,-0.0736145966808526,-0.268975406311073,-0.346014684094412,-0.448839923499272,-0.508541622053069,-0.564620862768343
-1.28633681177642,1.22087970114195,0.621935016187517,0.419932518372295,0.0596898267474458,0.218096629281782,0.280563332231632,0.363938382861192,0.412347043695861,0.457818462590338
1.02888292599957,-1.65014068125895,-0.289896483399821,0.104374652800996,0.0148359668993124,0.0542081381232118,0.0697343004153951,0.0904572537019295,0.102489275386662,0.113791242611958
1.85045110368079,-3.26046258824405,-0.207322005755327,0.343496568250583,0.0488251082023664,0.178398767486958,0.22949530598884,0.297694463034312,0.337291798660445,0.374486527957141
-0.411335497895084,2.32321005206136,-0.960233198380264,-1.03957303736966,-0.147766442885707,-0.539913832397087,-0.694554631284854,-0.900955542935566,-1.02079465130935,-1.13336240680699
1.89829184345909,-2.51894006973317,-0.773860847764248,-0.138710809562516,-0.0197165588006313,-0.0720410034635886,-0.092674811415544,-0.120215000051017,-0.136205199048326,-0.151225177380219
0.258852751115418,-2.41924683262825,-0.0467031922048209,1.42987723632578,0.203244856667031,0.742622664084635,0.955322830584072,1.23921627002242,1.40404856840409,1.55887950893869
-1.39630825878215,0.571402757449337,0.989820838685519,0.935461058982619,0.13296781291453,0.485842117155592,0.624995827659176,0.810725938432622,0.918563305502591,1.01985753686468
0.20133797469939,2.01841186710088,-0.420989112395976,-1.56646425388952,-0.222659536544482,-0.813560652525654,-1.04657870411299,-1.35759066618649,-1.53816833868992,-1.70778928766507
1.19978531396224,-1.51950968239385,0.249310800402797,-0.255750291806769,-0.0363527232130682,-0.132826761778514,-0.170870677904741,-0.221648344779803,-0.251130532018909,-0.278823859261598
0.398425375941495,-2.39264455373017,-0.142921373969151,1.27712995439759,0.18153313300777,0.663291662404603,0.853270037499103,1.10683643197877,1.25406044559854,1.39235150094285
1.91525882692206,-0.661270480264861,0.0509377351023691,-1.59260603480839,-0.226375367792715,-0.827137677529406,-1.0640444273999,-1.38024668127578,-1.56383790607809,-1.73628955717514
-0.971264553481918,0.208041051045347,0.624307805739359,0.793946303732608,0.112852697143496,0.412344853277825,0.530447657284604,0.68808087303898,0.779604809997482,0.865575444271488
-0.537743853268389,1.75457947892921,-0.604909500337611,-0.561257654586784,-0.0797779897894499,-0.29149541240208,-0.374984815231131,-0.486419113172104,-0.551119345359566,-0.61189382888461
-0.319156773806434,2.05209051004269,0.81551251940363,-1.22939203200318,-0.17474759439778,-0.638498440856788,-0.821375602096229,-1.06546392206999,-1.20718483985165,-1.34030670497758
-1.56790811032257,-0.0607158374521521,1.18971858218972,1.53137376126473,0.217671722232376,0.795336014455309,1.02313420979609,1.32717916771724,1.5037117051533,1.66953296151227
0.647445603553404,1.41952371717106,-1.04848177332502,-1.52351594451851,-0.216554800585029,-0.791254969832934,-1.01788428235792,-1.32036911849666,-1.49599582852206,-1.66096621941758
-2.03070308642024,2.78288723384171,0.796871211557103,0.0913111279857215,0.0129790982387068,0.0474234510506465,0.0610063598713514,0.0791356296606044,0.0896617242870106,0.0995491380230549
-0.887806255147806,-0.00774226428004487,-0.849290282818515,1.08996232576615,0.154928850564855,0.566084070400517,0.728220484827463,0.944625883597985,1.07027372995934,1.18829777269416
1.16180879685741,-2.27583701391933,-0.883930508676588,0.495904635177658,0.0704886153416849,0.257553594079069,0.331321464348246,0.429780317274504,0.48694683389414,0.540644717271403
-0.0875069824517296,2.38887806457318,-0.499442918175936,-1.50523479088766,-0.213956290478693,-0.781760449137736,-1.0056703642751,-1.30452558840987,-1.47804489753855,-1.64103575610862
1.78133173960648,-0.848092234514389,0.537898282457412,-1.39532766767949,-0.198333930086042,-0.724678960905601,-0.932239735842701,-1.20927356829877,-1.37012308783524,-1.52121290845222
0.862978155154049,-2.12369583018335,-0.766060921824385,0.690041210308241,0.0980834741056675,0.358380586045316,0.461027076663757,0.598030567293475,0.677576612075226,0.752296124272088
-1.97167975524791,0.787727229173979,-0.13299285949387,1.57715290373881,0.224178836979089,0.819111921840878,1.05371995440339,1.36685408297593,1.54866391351118,1.71944225814742
-1.12049543013496,1.95228276352673,0.310864253489593,-0.221928903799181,-0.0315453013007188,-0.11526124732234,-0.148274091774931,-0.192336727510169,-0.217920078556824,-0.241951135233645
-1.24420733684661,-0.089055238679297,1.26977095788546,1.19227290863588,0.169471427523637,0.619220210821918,0.796575748582112,1.03329429209257,1.17073621985809,1.29983872679244
1.34229847384312,-2.57171924569945,0.843072718506401,0.236731884911615,0.033649418841727,0.122949340391335,0.158164189650572,0.20516586736451,0.232455665186927,0.258089628344197
-0.371823403286851,-1.82060465874893,0.701396615059463,1.56543267646904,0.222512906610359,0.813024891305918,1.04588949147552,1.35669664011854,1.53715539522622,1.70666464223271
1.3958215012966,-3.19566882144547,0.990954522117843,0.594309054961042,0.0844759645253594,0.308661025207225,0.397066960857449,0.515063413570962,0.583573719903266,0.647927097668966
1.59362212864817,-1.89132508967236,0.751156295565217,-0.495511302602836,-0.070432706470097,-0.257349312426655,-0.331058672844756,-0.429439431977594,-0.486560606304418,-0.540215898575986
1.11681879165624,-0.674146504254516,-0.153584490023241,-0.696912101123158,-0.0990601126473377,-0.361949059696047,-0.465617623806676,-0.603985288070255,-0.684323390167263,-0.759786900841867
-2.10323888353049,3.56972654092849,0.00642729758263259,-0.258430956985017,-0.0367337569102864,-0.134218995087511,-0.172661671271775,-0.223971567934193,-0.253762774850861,-0.281746371705697
-0.338616287175548,-0.867724389958157,-0.643656281057257,1.07389219682007,0.152644618764187,0.55773786999468,0.71748378612173,0.930698558408511,1.0544938846918,1.17077781078162
1.39214876621516,-1.64582142911007,-0.917565450798162,-0.187744685442701,-0.0266863061481067,-0.0975072928844247,-0.125435093144858,-0.162710659978524,-0.184353348752271,-0.204682846620326
-0.73069285848072,-0.907067298158197,1.19088926164526,1.23001509460482,0.174836157433786,0.638822035356626,0.821791879740985,1.06600390500949,1.20779664772692,1.34098597974174
-1.26904553605687,0.97595291835763,-0.683972210995136,0.780611758734945,0.110957305274937,0.405419408855781,0.521538644015429,0.676524366861631,0.766511134303758,0.85103786829658
-2.2086301760307,1.66075439224465,1.02672730027398,1.03345245821906,0.146896454749258,0.536735041463794,0.690465378829879,0.89565108666989,1.01478463158467,1.1266896343631
-1.71928934351611,2.94088840451079,0.782127947515491,-0.350504147622401,-0.049821175856865,-0.182038231861715,-0.234177176845271,-0.303767646207256,-0.344172796227943,-0.382126325005774
0.0631955615605168,-1.40978981301724,0.873140984674554,0.78421054683506,0.11146884231672,0.407288479527366,0.523943049335782,0.679643289698311,0.770044915492512,0.854961335908875
2.28295856301809,-1.60047251517545,0.122612960297327,-1.33761383609063,-0.190130401048035,-0.694704639837882,-0.893680243071839,-1.15925534485042,-1.31345177329101,-1.45829218549743
0.90749855526698,0.441895323684186,0.70077241645846,-1.39244513225611,-0.197924202254814,-0.72318188403701,-0.930313869880252,-1.20677539243806,-1.36729262125269,-1.51807031320619
0.439618102071691,-1.43803843933218,-0.242613887735718,0.578307891105297,0.0822015355242214,0.300350642588965,0.386376338782376,0.501195857611903,0.567861593971262,0.630482322816835
-0.772093521416238,-0.653962194487156,-0.765566965420748,1.40682589886931,0.199968305604954,0.730650695304555,0.93992187979738,1.21923861620982,1.38141362007893,1.53374849999497
2.32104561402691,-1.85710859463675,-1.04678056655982,-1.01261007472846,-0.143933887657812,-0.525910317522151,-0.676540263941326,-0.877587843146991,-0.994318735661108,-1.10396686927843
-0.448485010423065,-0.68946420297812,0.529960278549109,0.880069392024365,0.125094359777807,0.45707383814562,0.587987808561463,0.762720240338766,0.864172209037486,0.959468482200759
-1.24507938404842,1.60849117921332,-0.0160311351942863,0.204702580862882,0.0290967263831372,0.106314564693691,0.136764922197305,0.17740737615538,0.20100492427426,0.223170668521159
-1.22845061690464,1.95033920564663,-0.429601908785351,0.0123769594924838,0.00175927925427184,0.00642811172740544,0.00826923576094329,0.0107266058839471,0.012153387588204,0.0134935979436777
0.886341461975391,-2.92705182803185,-0.041434429984345,1.11443185039491,0.158406984840678,0.57879259047976,0.744568948134332,0.965832622379,1.09430124795301,1.21497491641544
1.16568179311347,-1.89094690281044,-0.0440303875194946,0.0881785218935486,0.012533824994247,0.0457964971957303,0.0589134178739183,0.0764207277526845,0.0865857042012644,0.0961339109513845
0.951180074924366,0.772161993565186,-1.21096697565872,-1.36795413602892,-0.194443015974362,-0.710462212444046,-0.913951061070385,-1.18555004509861,-1.34324401951404,-1.49136976073767
-0.272781428490004,-1.4600569354311,-0.877514167914262,1.45663565296646,0.207048337425104,0.756519945716622,0.973200537619123,1.26240669813664,1.43032363288001,1.58805204650561
0.243425875782054,1.06135213460009,0.649381998985727,-1.1089750645164,-0.157631349257731,-0.57595854797353,-0.740923186107415,-0.961103448663322,-1.08894303103328,-1.20902582409159
2.08599457132647,-2.75670847458411,-0.749421804722421,-0.176379873396576,-0.0250708950228148,-0.0916048512033465,-0.117842088558773,-0.152861240996588,-0.173193825628072,-0.192292711179631
-0.991862289328659,2.81332630334933,-1.14221289629263,-0.733916301970262,-0.104319944265172,-0.381167603440412,-0.490340695828995,-0.636055319387586,-0.720659163550032,-0.80012958829763
-1.4149195398036,0.863916249751982,-0.788417531294952,1.03194117393019,0.146681638574225,0.535950139140519,0.689455666703564,0.894341318228364,1.01330064646459,1.1250420033286
2.14069801570698,-3.22310915355815,-0.828408022663785,0.105247412532661,0.0149600222531991,0.0546614156078579,0.0703174045281762,0.0912136389578263,0.103346269973801,0.11474274196264
-0.684883329619154,1.95196613957515,0.814649853486366,-0.767650648885101,-0.109114994028381,-0.398687912135882,-0.512879128474724,-0.665291501692908,-0.753784148191046,-0.836907418461639
-0.744705922381398,2.02571283138705,-0.708362029533121,-0.513888977202099,-0.0730449362090629,-0.266893962361536,-0.343337078061441,-0.445366612850202,-0.504606314744392,-0.560251590890628
-0.207301257155359,1.6352889888264,-0.780039510190942,-0.80320820598138,-0.114169197572479,-0.417155125340166,-0.536635675701924,-0.696107785886078,-0.78869940935379,-0.875672947233704
-0.64300649541284,-0.302699698123915,-0.127497205172368,0.920773675725114,0.130880126622904,0.478214061119714,0.615182962476786,0.797996982523424,0.904141228619059,1.00384507074634
-0.247314896928126,1.82903967230654,0.832053204412756,-1.15219313840926,-0.163774429943699,-0.598404335874448,-0.769797841661627,-0.998558790259415,-1.13138043281637,-1.25614299477996
-0.728308165829556,1.74606679530124,-0.455383244090923,-0.375119204098037,-0.0533199962437794,-0.194822335526098,-0.250622872202808,-0.325100511503098,-0.368343217245771,-0.40896213032976
0.649682611481166,-2.55063990916047,-0.250492026862259,1.13636848679258,0.161525090652235,0.590185626852974,0.759225150110638,0.984844210257277,1.11584163068467,1.23889065694659
-1.49757455239579,1.94908122860246,0.816809841062301,0.103489886591967,0.0147102049270468,0.0537486249408565,0.0691431745916238,0.0896904629218956,0.101620491201838,0.112826653570033
1.92496290948038,-3.29938372676804,-0.486779962428427,0.335445074029601,0.0476806569534578,0.174217134311503,0.224115979670319,0.290716561447269,0.329385743058404,0.365708634975447
-0.813922619516254,2.45953141475262,0.723375690508871,-0.971661053960955,-0.138113333525534,-0.504642987627341,-0.649181597452041,-0.84209899733043,-0.954109399834558,-1.05932346370216
-0.529271151770514,2.46884095467905,-1.28246515748997,-0.964589325032756,-0.137108147558595,-0.500970206466184,-0.644456867296765,-0.835970218353899,-0.947165411479799,-1.05161372958033
1.15452668491445,0.523087027561829,-1.08564010039585,-1.43041923722239,-0.203321897472876,-0.742904158285362,-0.95568494966505,-1.23968600008902,-1.40458077883701,-1.55947040868175
-0.806888710020242,2.0370176244991,-0.764090114817322,-0.446464872409828,-0.0634611746341036,-0.231876502783664,-0.298290003387211,-0.386932891739306,-0.438400129063185,-0.486744542383942
0.164953226441195,1.59442526105627,0.638564339703278,-1.39776330237042,-0.198680134788848,-0.725943934902645,-0.933867020597012,-1.21138443352562,-1.37251472630187,-1.52386828397293
1.11799657598894,0.574382736237119,0.349796684679011,-1.65504405499837,-0.2352503999575,-0.859565558550014,-1.10576022276233,-1.43435916626521,-1.62514807357679,-1.8043606808913
0.30829461330238,-1.58055321949821,0.563042984030501,0.691129079025185,0.0982381053675903,0.358945582776663,0.461753898376539,0.598973378731714,0.678644830014384,0.753482139552405
1.53843443667235,-3.04386054201245,0.98288440068027,0.336376879071609,0.0478131050947341,0.174701077635534,0.224738532857173,0.291524118864935,0.330300716387601,0.366724506652687
-1.47065649442315,1.37523044657053,0.758234094324956,0.487084496750023,0.0692349078729833,0.252972756976188,0.325428595090125,0.422136263109784,0.478286018533328,0.531028833675569
0.40496384787215,-1.73403970951866,-0.657352769241739,0.889090644975621,0.12637665396115,0.461759126315714,0.594015045505912,0.770538592256802,0.873030506078405,0.969303624696489
-0.81718644527481,2.85064788168528,0.362999295710392,-1.18575041722786,-0.168544310986877,-0.615832682282516,-0.792217972406597,-1.02764151486907,-1.16433154784066,-1.29272778191908
-0.722842811613292,-1.15853592739683,1.06738629666057,1.41784991484191,0.201535275474341,0.736376140750148,0.947287193319261,1.22879268113733,1.39223850311865,1.5457670930387
2.12639595472267,-2.93283586745606,-0.755654154708833,-0.0948938244093378,-0.0134883479858882,-0.0492841643308642,-0.0634000140967499,-0.0822406064977101,-0.0931797044721701,-0.103455062181883
1.72570990505351,-2.53003216688377,-0.917763162029076,0.0765416646108453,0.0108797449582887,0.0397527657918654,0.0511386557083347,0.0663355382620748,0.0751590499449268,0.0834471865910025
-1.69089102619453,2.3165068210622,1.08587088987851,0.00953508218996371,0.00135533062823443,0.00495215110660272,0.00637053411030915,0.00826366675797049,0.00936284469625867,0.0103953289585724
-0.699124447494436,-0.259039063630063,-0.582163868543323,1.0222563331237,0.145305021035634,0.530920209228891,0.682985076573191,0.885947861786732,1.00379074832501,1.11448340466221
-1.2513248820268,1.13219829699973,-0.0663504409202251,0.553937960075744,0.0787375576292977,0.287693847554428,0.370094415480963,0.480075432540483,0.543931870562227,0.603913757942106
-2.5668220322386,2.37160227700466,0.088156910459907,1.06619364789452,0.151550335679481,0.553739542888383,0.712340267948208,0.924026540110898,1.04693439893798,1.16238470551096
0.0392932946147881,1.4739923739754,0.697448821698236,-1.18806759342861,-0.168873677825393,-0.617036133543675,-0.793766113233536,-1.02964971695491,-1.16660686759872,-1.29525401172832
-0.123845874121983,1.45500410102582,-0.884853354852641,-0.749227031557314,-0.106496233922306,-0.389119401333379,-0.500570028219092,-0.649324504131686,-0.73569332691161,-0.816821638505722
-1.46844449123987,1.79232034770159,-0.63269299886473,0.412346785344431,0.0586115794806216,0.214156894368131,0.275495188083219,0.35736413749987,0.404898335983418,0.449548351368901
-0.729520938705607,-0.165894973793247,0.179860345665888,0.868482591292548,0.123447394853728,0.451056104168828,0.580246489942407,0.752678432818792,0.852794707132711,0.946836330449467
-0.051883525321766,-1.18958783102947,0.502039888537252,0.81150672215279,0.1153487608853,0.421465052116116,0.542180041160101,0.703299771320492,0.796848024811356,0.884720148269961
-2.35433785265242,2.04159414968938,0.515426184031012,1.0029134261096,0.142555591739377,0.520874255091692,0.670061784831085,0.869184153356072,0.984797243000235,1.09339539750918
0.791155219449893,-2.17374571783308,0.944437115526059,0.530737415079428,0.0754397979877149,0.275644386177134,0.354593776856961,0.459968466639901,0.521150409916014,0.578620080084907
-0.962854334938908,1.9907543991477,0.731732229203534,-0.484359085862386,-0.0688475139547194,-0.251557284484785,-0.323607706430919,-0.419774260674431,-0.475609838258626,-0.528057538603347
-1.78081730361746,3.42567200751239,0.232838806029497,-0.538092962508048,-0.0764853263343853,-0.279464571636746,-0.359508130489207,-0.466343219532596,-0.528373089999738,-0.58663923856383
-1.92970332964848,1.36274369925919,1.0606162140007,0.939005824636572,0.133471671126237,0.487683130668234,0.627364139757768,0.813798042219015,0.922044040082679,1.02372210817301
1.19651598281765,-2.05812852279536,0.671843129033613,0.059083270469938,0.00839818309782926,0.0306855543990362,0.0394744358127856,0.0512050602614116,0.058016016489018,0.0644137114129733
-1.5296172537638,1.63267108635675,0.912704895077153,0.344823567894633,0.0490137298865224,0.179087959527973,0.230381894728021,0.298844519491918,0.33859482797175,0.375933248347483
-1.69971604303822,0.754167958270592,-0.651558246273429,1.39201598707953,0.197863202927258,0.722959002711106,0.930027151430298,1.20640346982015,1.36687122796416,1.51760245092743
2.25065734750252,-2.03044826976661,-1.16758725107933,-0.79638153553732,-0.113198844579462,-0.413609618031425,-0.532074672864476,-0.690191389100785,-0.781996052855452,-0.868230380557932
-1.47337450474455,2.2114121960973,1.03636718526948,-0.141499075268943,-0.0201128869954269,-0.0734891203050058,-0.0945376943396254,-0.122631476193702,-0.138943098760261,-0.154264997977961
1.54486295672544,0.0637371603622449,-1.08529546712939,-1.52540375442279,-0.216823136665681,-0.792235424927109,-1.01914555700132,-1.322005206329,-1.4978495378659,-1.66302434587892
-0.107570851509293,1.5742050193614,-0.898600575191196,-0.84819123746016,-0.1205631519296,-0.440517563615786,-0.566689526388424,-0.735092744221854,-0.832869887312128,-0.924714308436434
1.94035534864121,-0.464028642815934,-0.582442797818646,-1.65754818037079,-0.235606340026665,-0.860866103945123,-1.10743326718751,-1.4365293895717,-1.62760696553964,-1.80709072626283
-1.15443428793581,2.97520123484531,0.146689238120109,-0.878130111090962,-0.124818707529255,-0.45606665099935,-0.586692145337006,-0.761039544665204,-0.862267958414352,-0.957354241039101
2.24350004837963,-1.6310297487113,-0.937118582408242,-1.10585084265335,-0.157187267759949,-0.574335948561365,-0.738835845741573,-0.958395813024755,-1.08587524372766,-1.20561973766686
0.756384260297443,-2.75364731961115,0.89058345601387,0.983831376319725,0.13984324107323,0.510963780058489,0.657312775786467,0.852646519240184,0.966059882890541,1.07259178189081
-1.00067395890694,1.85689453125498,-0.789268058643067,-0.108622833269822,-0.0154398095289783,-0.056414477952342,-0.072572574700214,-0.0941389784131284,-0.106660718608532,-0.118422690204021
-0.632072583328572,-0.652171790744141,1.0077707501553,0.974498976957436,0.138516720080686,0.506116894535272,0.651077657170388,0.844558509420675,0.956896059849294,1.0624174216272
1.3649283835698,0.158348978863708,-1.37129286685825,-1.35399930385892,-0.192459455573407,-0.703214614972274,-0.90462762446318,-1.17345596133312,-1.32954126124022,-1.47615593582471
-0.728974014608488,1.6337191312221,-0.0874777222883296,-0.353841365797148,-0.0502955329641478,-0.183771453280031,-0.236406823301611,-0.306659877060156,-0.347449732374395,-0.385764624083
0.770439696938211,-1.68553854222615,-0.0753329719443381,0.371703277521748,0.0528344514083591,0.193048236023039,0.248340639460707,0.322140067289428,0.364988994451417,0.405238021847901
1.45888565358126,-0.0833259874493226,-1.28771186875584,-1.29801121591374,-0.184501226279037,-0.674136578081711,-0.86722112739059,-1.12493336950041,-1.27456451727224,-1.41511665159449
-1.04439443248949,2.75936398090854,0.622198080356951,-0.919661130317729,-0.130721987779852,-0.477636248274416,-0.614439653890053,-0.797032784804246,-0.903048779738247,-1.00263215246617
0.943872711317457,-3.06302862677295,-0.14372597933152,1.16462359273694,0.165541313032647,0.604860230740166,0.778102818139382,1.00933175793475,1.1435863489328,1.26969491381603
-1.61854168338596,0.414801646129774,1.21617213192767,1.24732039337279,0.177295958092417,0.647809734962833,0.833353814278527,1.08100170149583,1.22478935125678,1.3598525474163
1.05415296230487,1.03054727510422,-0.694174192008208,-1.74159079905268,-0.24755228164597,-0.904514573755414,-1.16358342492775,-1.5093656987317,-1.71013147564964,-1.89871559643517
-1.45958653120829,-0.165355991668521,0.993483948186746,1.52011532879524,0.21607143205681,0.789488822191871,1.01561227903067,1.3174219435747,1.49265664001227,1.65725880312049
-0.832872394825863,2.13321339432362,0.963494198438833,-0.760250216758379,-0.108063085704605,-0.394844415308528,-0.507934786689822,-0.658877849063403,-0.746517394186489,-0.82883932582644
-0.556468216415576,1.61676165918832,-0.433612393193248,-0.47158445299588,-0.0670317088212672,-0.244922636662567,-0.315072779012212,-0.408703007499988,-0.46306596069177,-0.514130389541949
0.497242137483291,1.05979519004407,0.688203275206402,-1.38558379531251,-0.196948921714486,-0.71961837229573,-0.925729705824747,-1.20082895161181,-1.36055522445508,-1.51058995244963
1.79546123568148,-2.11064506035376,-0.912422422523506,-0.293527788613413,-0.0417224722577031,-0.152446925389963,-0.196110400773846,-0.254388560159277,-0.288225632886138,-0.320009608761464
-1.70491344187098,1.76155926984263,0.949570218557394,0.435979109413474,0.0619707128356385,0.22643060501462,0.291284304903437,0.377845308708703,0.42810377623678,0.475312763028809
0.656720116743652,-1.90518897853385,0.494081062187728,0.557345320256682,0.079221884824664,0.289463498004677,0.372370924883433,0.483028452608762,0.547277681700794,0.607628527175923
0.342443267964031,-2.43170051719525,-0.300665297339227,1.38947691750911,0.197502295838315,0.721640308657675,0.928330760252483,1.20420296180278,1.3643780230198,1.51483430872295
-2.01472346842018,2.74453875271995,0.852885745639247,0.0922688613417584,0.0131152318687331,0.0479208605332748,0.0616462361610004,0.0799656580903132,0.0906021575726761,0.100593277244118
0.0833696257378371,-1.89629774980856,1.05470047056184,1.07557841373649,0.152884300120586,0.558613625525911,0.718610373409537,0.932159933822095,1.05614964253406,1.17261615671219
0.937890510797745,0.543646867642066,-1.33814801990708,-1.17304347011732,-0.166738126806483,-0.609233187811327,-0.783728266875711,-1.01662892217814,-1.15185413338431,-1.2788744251633
-1.18307518961639,2.36866888517788,0.798430622503613,-0.524801590560782,-0.0745960711468059,-0.272561549619149,-0.350627961794701,-0.454824129676816,-0.515321807497586,-0.572148730674135
1.01070216404311,0.0833737874672961,-0.982010894945412,-0.984108220411031,-0.139882592100177,-0.511107562119912,-0.657497739554137,-0.852886448720485,-0.966331726193024,-1.07289360261369
-1.16040719275111,3.17247025724299,0.00967558626626616,-0.988580223004586,-0.140518249136355,-0.513430146461735,-0.660485552820563,-0.856762150936541,-0.970722948516078,-1.07776906536665
0.0274099572076196,-1.94385797533734,-0.645273977596664,1.4384874626326,0.204468726917666,0.747094480990237,0.961075454346746,1.24667840191522,1.41250326340349,1.56826654232591
1.18740888181024,-1.44901310002433,0.0261390775949636,-0.256632660426129,-0.0364781443884064,-0.133285029745978,-0.171460201862219,-0.222413057666678,-0.25199696192306,-0.279785834405412
-0.428089726264567,-1.80894984955582,0.479412202935683,1.6526510069859,0.234910248587904,0.858322702418627,1.10416139081864,1.43228520917529,1.62279825252177,1.80175173418191
-2.12578212943671,1.46868732077703,1.19246213657232,1.05344823544158,0.149738683978656,0.547120071013313,0.703824863134299,0.912980611076866,1.03441921396011,1.14848941310325
0.615030062073849,0.217995421928754,-0.198280692327142,-0.77967106395415,-0.110823593533095,-0.404930848546926,-0.520910151458254,-0.67570910507001,-0.765587431816072,-0.850012304856103
-1.36287419099182,2.6849923336608,0.879739296408277,-0.567541988180173,-0.0806712542236178,-0.294759251028613,-0.37918347453156,-0.491865488733119,-0.557290161539454,-0.61874512955378
-0.378704918878446,2.0817752107617,0.964584547764617,-1.21018080876847,-0.172016882827904,-0.628520878156687,-0.808540290299303,-1.04881433859899,-1.18832063962891,-1.31936226199925
-1.41221081112012,1.74561752760613,-0.751252279019671,0.403796328319817,0.0573962049238023,0.209716119304758,0.269782497091276,0.34995380520571,0.396502330620426,0.4402264795962
0.07083721388745,1.74542522024111,-1.24334390517893,-1.10465517708705,-0.157017314095067,-0.573714966336006,-0.738037003306561,-0.957359578454661,-1.0847011761336,-1.20431620019979
1.25646582517799,-2.37467765654931,-0.875656294275565,0.462754303634236,0.0657765783836587,0.240336600269639,0.309173221296108,0.401050277267149,0.454395315230018,0.504503591834401
2.22444835608736,-1.50192761256065,-0.799208108197759,-1.19803026891502,-0.170289787194655,-0.622210359989954,-0.800422328958969,-1.03828396137959,-1.17638958173585,-1.30611551107625
-0.622584742836196,-0.980035354745686,-0.662453507483597,1.45956986380955,0.207465410476611,0.758043860789835,0.975160928719099,1.26494965897555,1.43320484144042,1.59125097928249
0.295162868460494,-2.10448926523977,1.1257002371452,0.983974853452386,0.139863635124217,0.511038296504925,0.657408635051176,0.852770865018026,0.966200768315942,1.07274820340478
2.18534325158913,-2.70204228859535,-0.852881596834118,-0.304658560778862,-0.0433046166096009,-0.158227815853025,-0.203547039739445,-0.264035146324101,-0.299155343722216,-0.332144589448316
0.857565578535717,0.651211997963091,0.662179190310818,-1.47993791288262,-0.210360554975226,-0.768622233870114,-0.988769133535312,-1.28260181620887,-1.45320497111289,-1.61345661591369
-0.129638969614563,-2.09173062982443,0.74905084244722,1.48922634963752,0.211680827057996,0.773446286923665,0.994974880061628,1.29065172542997,1.46232562566777,1.62358304730194
0.332246299710585,1.58910537064439,0.626404729354746,-1.57107598146584,-0.223315054295534,-0.815955804593086,-1.04965986977544,-1.36158746234514,-1.54269676206565,-1.71281708126643
1.88340868846407,-2.08738540864052,-1.02551158983289,-0.386020019535942,-0.0548694542076839,-0.200483795402188,-0.25790587356492,-0.334547803553061,-0.379047125190593,-0.420846407794402
-1.00270518338464,1.94083678405374,0.638779384651276,-0.391916822913197,-0.055707634526075,-0.203546365895898,-0.26184561800636,-0.339658322484738,-0.384837411328212,-0.427275215610564
0.760018111057296,0.213315933685885,-0.109155791378691,-0.945635269763267,-0.134413990222119,-0.491126206812337,-0.631793373347017,-0.819543511867397,-0.928553733854271,-1.03094965603593
0.0986156306611416,1.29661326448539,-0.793246640639885,-0.89049502216028,-0.12657627420291,-0.462488505244028,-0.594953331362329,-0.7717557086723,-0.874409515216761,-0.970834703561422
0.285236278488014,-1.39082190038326,0.436910312787989,0.602526834792094,0.085644051855832,0.312929020665827,0.402557385132955,0.522185428112763,0.591643057405902,0.656886278402911
1.14202506698264,-0.812446708153349,0.275459653244823,-0.694780286726383,-0.0987570934086884,-0.360841878151752,-0.464193326033364,-0.602137731498237,-0.682230083919807,-0.757462756016306
-2.02618707088573,1.01819363091851,1.02096142517346,1.29054807217912,0.183440404034936,0.670260511282515,0.862234887022199,1.11846536727861,1.26723618445445,1.40698018956503
-0.837862534244561,-0.456107825751511,1.08496359487137,1.0446941947355,0.148494371737462,0.542573562498107,0.697976154773944,0.905393841111013,1.02582330236093,1.13894559050755
1.34703318329946,-2.88453213654935,1.31688383815205,0.376251366963272,0.0534809235411883,0.195410336916566,0.251379287512892,0.326081710872716,0.36945492922338,0.410196435937652
1.28381211619881,0.419635736141947,-1.09921300878178,-1.49391280440661,-0.212346966642306,-0.775880249390734,-0.998105972103427,-1.29471328459816,-1.46692742639742,-1.62869230991799
2.10706817933644,-3.1835754162711,-0.687659758108709,0.0911317270230747,0.0129535979216077,0.0473302771631019,0.0608864993469012,0.0789801501647975,0.089485563943748,0.0993535516625974
1.2708648494934,-2.84657390914431,1.02244715909929,0.477776579252077,0.0679118667686996,0.248138586381818,0.319209833181704,0.414069470723383,0.469146235126889,0.520881164008679
2.01973482694715,-3.08524351351396,-0.826843894301098,0.13756774316666,0.0195540816593183,0.0714473392030833,0.0919111112900413,0.119224351036209,0.135082780496634,0.149978984534715
-2.1725051410459,3.03131913970886,-0.755195512807392,0.314678943121205,0.0447289285163712,0.163432012997487,0.210241810297105,0.272719402926707,0.308994722324242,0.343069001914207
-1.17866286048967,0.651445320723448,-0.282243390954023,0.848148770324253,0.120557115588346,0.440495507835889,0.566661153446012,0.735055939687576,0.83282818728372,0.924668009952699
-1.1948355677281,0.863143716590917,-0.146374244570608,0.695193194341361,0.0988157847053193,0.361056326319235,0.464469195920296,0.602495581683901,0.682635532954847,0.757912915794868
-0.506654848699932,-0.860801316220605,0.968406331603422,0.993116617019479,0.141163058864015,0.515786173205215,0.663516386979507,0.860693658570674,0.975177399122408,1.08271472887862
1.62245070944066,-2.20383952541593,0.987971155836,-0.344388431555032,-0.0489518789662293,-0.178861966624844,-0.230091173490507,-0.298467404577425,-0.338167551741906,-0.375458854388221
-2.35449508339744,3.12059455849228,-0.198334622137859,0.358345637852835,0.0509357768292084,0.186110797126326,0.239416196288775,0.310563545902635,0.351872641258337,0.39067526762072
1.57685379845316,-1.68427623549992,-0.767879588630286,-0.382080076551347,-0.0543094249080792,-0.198437542142656,-0.255273537453287,-0.331133215695144,-0.375178351587813,-0.416551006602582
-0.24661480295008,-0.916911094589103,0.497448679853485,0.82902581654207,0.117838950768478,0.430563788858823,0.553884815819108,0.718482855750202,0.814050662053285,0.903819800019637
1.38943352210544,-2.28753411808341,0.929413807534546,-0.0270161879362235,-0.00384012074973426,-0.0140311580245609,-0.018049927976435,-0.0234138279804909,-0.0265281795051586,-0.0294535647631082
0.589968011971597,-2.29668543599636,-0.806284658912704,1.11001737410838,0.15777950467852,0.576499883066034,0.74161956907265,0.962006775866502,1.08996651280729,1.21016216994257
-0.950963797044131,1.65438816060556,0.29353190973406,-0.19129658890855,-0.0271911789389113,-0.0993520134991528,-0.127808174124646,-0.165788949815307,-0.187841092209989,-0.208555199707693
0.941978863335808,0.533420639698332,-1.25766963691213,-1.18299859040834,-0.168153162269142,-0.614403490382753,-0.790379434859655,-1.02525661882317,-1.16162942879975,-1.28972768769272
1.3170800212556,-1.03155433666142,0.556659915868356,-0.772751176170362,-0.109839990490093,-0.40133692777484,-0.516286868691742,-0.669711920619102,-0.758792541814668,-0.842468110853811
-1.27274568749985,0.245114324594235,-0.940114952565812,1.33857548580367,0.190267091354815,0.695204083324128,0.894322735939446,1.16008876742698,1.31439605219034,1.4593405944058
-1.53878305523131,0.512956956248231,1.11717712003735,1.10874295173644,0.15759835640527,0.575837997616724,0.74076810801236,0.960902285985781,1.08871511103558,1.2087727702998
-0.878252961199394,0.083483875482147,-0.337763655765736,0.934526898792875,0.132835030009085,0.485356950659361,0.624371700962133,0.80991633990449,0.917646019568002,1.01883909756034
2.22361663800372,-2.94123891774365,0.565284701509028,-0.402515833277133,-0.0572141934721885,-0.209051079946283,-0.268926978786873,-0.348844052388989,-0.395244965872003,-0.438830459411651
0.0984516402117786,1.53211113061332,0.654919772226376,-1.28543815615107,-0.182714073043493,-0.667606619495445,-0.858820874042657,-1.11403681151204,-1.26221857168211,-1.4014092613859
-1.29298747204094,2.17908996050853,-0.89742441432827,-0.00506357549378455,-0.000719744079639612,-0.00262982431460375,-0.00338305216049767,-0.00438839431594041,-0.00497210931291056,-0.00552040684241398
-0.479258407477352,-0.465085926570258,0.370288419870048,0.780702929171511,0.11097026437509,0.405466759237176,0.521599556377213,0.676603380559778,0.766600657878012,0.851137264050127
-1.22015522676673,1.08406852772868,0.187441811034972,0.51414612453791,0.0730814875101686,0.267027514693674,0.343508882125792,0.445589471956028,0.504858817084832,0.560531937833981
-0.963495174446256,-0.613552101934487,-0.675027115650351,1.56885011079929,0.222998665760149,0.814799773877789,1.04817273157109,1.35965839104107,1.54051109853914,1.71039039449678
-1.26022546712429,1.03164165863613,-0.370275363557946,0.682301725239993,0.0969833722973369,0.354360998297494,0.455856208427781,0.591323071310944,0.669976929631032,0.74385838963577
2.35156605041231,-2.81864165751951,0.461910638679691,-0.609124840702038,-0.0865819021351335,-0.316355768502641,-0.406965613701091,-0.527903650674524,-0.598121879864803,-0.664079550630462
-1.07586079261549,-0.329979523817825,-0.729646081838662,1.49853148954351,0.213003473351268,0.778279014944725,1.00119178621842,1.29871611059073,1.47146268165545,1.63372768878496
1.22907606165852,-1.89811240162543,-0.365430241155041,0.076366700778129,0.0108548753413741,0.0396618963771566,0.051021759698192,0.0661839042457696,0.0749872465812485,0.0832564376744538
-2.15113463494563,2.32622274021313,1.06268378281128,0.498778826770839,0.0708971571685978,0.259046337486539,0.333241755670244,0.432271261877961,0.489769107365739,0.543778215914187
0.622976358781747,1.33445169522498,0.177353064845237,-1.6320075403186,-0.231975955826739,-0.847601288144067,-1.09036917529925,-1.4143943587485,-1.60252768027628,-1.77924583202222
-0.213612763684478,-1.7108698363988,-0.552827281966394,1.51801957634364,0.21577353871617,0.788400369820349,1.01421207479397,1.31560564041946,1.49059874430302,1.65497397371724
-1.28349538979156,1.32265013138442,-0.629570840994772,0.543904458893016,0.0773113809912304,0.282482836994137,0.363390880025582,0.471379806374089,0.534079610092727,0.592975043065535
1.16161321908752,-1.80217322594594,0.691714235133878,-0.0865239146635804,-0.0122986366852428,-0.0449371585071236,-0.0578079495006335,-0.074986747164853,-0.0849609850621042,-0.0943300265054954
0.353663903952304,0.738153051635981,-0.234131021215287,-0.859748001912639,-0.122205847452689,-0.446519697916456,-0.57441077731029,-0.745108520523831,-0.844217895499587,-0.937313714061559
1.77429540701465,-3.24988400103833,-0.528294611650606,0.468449970485135,0.0665861688599074,0.243294708268772,0.312978583350858,0.405986479376638,0.459988098082244,0.510713116762864
0.99291019725065,-0.408676441398727,-0.281236264733988,-0.730581660155411,-0.10384595336548,-0.379435720083296,-0.488112770678069,-0.633165321360708,-0.717384757225254,-0.796494098017235
1.63517401344534,-0.988215251659784,0.741861172104324,-1.17288186415888,-0.166715155897495,-0.609149255957363,-0.783620295465488,-1.01648886488655,-1.1516954466042,-1.27869823925676
2.03781302484593,-3.29912550634322,0.540081648195551,0.0516612341524898,0.00734320392255859,0.0268308371946702,0.0345156599379406,0.0447726841611297,0.0507280485422494,0.0563220654758723
1.79990230095774,-2.86835844563711,-0.742085491605292,0.206960612944772,0.029417686389475,0.107487298798159,0.138273547934689,0.179364320446136,0.203222168266572,0.2256324182809
2.31827941860077,-2.01591366839634,0.343759914434918,-1.11865063883792,-0.159006649644498,-0.580983665233008,-0.747387585157583,-0.969488874220448,-1.09844383007357,-1.21957432025885
-2.22756236864998,1.59650826163514,0.0642747194326576,1.25149084291864,0.17788875193419,0.649975704371601,0.836140155345955,1.08461605998706,1.22888446765258,1.36439925126956
1.6839593385191,-0.027378525725375,-0.258151047481348,-1.74140438887209,-0.247525785028308,-0.904417759552486,-1.16345888143769,-1.50920414463264,-1.70994843269984,-1.89851236849126
-0.791889158902578,-0.827680519331873,1.16294665473824,1.24415249382435,0.176845668184094,0.646164451058418,0.831237292183665,1.07825621218913,1.2216786752401,1.35639884274363
0.292991337892888,-2.03014663600227,-0.73777549636806,1.2296407643129,0.174782949574681,0.638627622751424,0.821541783953063,1.06567948821599,1.2074290791713,1.34057787769855
-0.194072474116824,-1.21357807766903,-0.670808027049519,1.16650406582293,0.16580860624714,0.60583687537607,0.779359190942381,1.01096148724598,1.14543285398739,1.27174504153777
-2.49204109342426,2.92309460175137,0.168419263741328,0.586062528053573,0.0833037910430987,0.304378099634393,0.391557330220924,0.507916485110745,0.575476154598646,0.638936576322534
-0.526840492558048,1.63697668488781,0.534977389988384,-0.671109151209458,-0.0953924433372979,-0.348548010347648,-0.448378278691765,-0.581622923990807,-0.658986533291336,-0.731656031373662
2.47494379751239,-2.77096617339032,0.386031044371073,-0.762574844697562,-0.108393511744198,-0.396051736713013,-0.50948790613707,-0.66089250926695,-0.748800031078078,-0.831373679663425
0.392161171724004,0.610208158479888,0.18206201752191,-0.877071332920954,-0.124668211240525,-0.455516762767472,-0.585984759463145,-0.760121944817269,-0.861228305543399,-0.956199940829401
0.379035919668278,1.24305006902548,-1.16669913555151,-1.09364368376057,-0.155452124213046,-0.567996024666112,-0.730680056355901,-0.947816366393692,-1.07388858953648,-1.19231125958435
-1.00245739932741,-0.0300911802298634,-0.704988921136185,1.20543317031568,0.171342046504667,0.626055139262223,0.80536832050352,1.04469975402808,1.18365876041048,1.31418629576112
0.760993615820298,0.1718526415975,0.392466408640239,-0.997114969006628,-0.141731390505282,-0.517862761830596,-0.666187747038255,-0.864158867128357,-0.979103526653438,-1.08707380868208
-1.79458135753844,3.54862476643868,-0.599856287569834,-0.477662554096589,-0.0678956590651325,-0.248079366147668,-0.31913365123298,-0.413970649772686,-0.469034269671213,-0.520756851603474
-2.01038494417939,1.65730195187524,1.18988042589969,0.79790761252701,0.11341576341078,0.414402203108584,0.533094268220246,0.691513977772656,0.783494563467562,0.869894138877775
-0.778076939700692,-0.685832958931045,1.12456687965255,1.13582190783604,0.161447399114209,0.589901754985848,0.758859972357868,0.984370512572897,1.11530492488787,1.23829476611504
2.10833000575791,-3.17810662020593,-0.728474775317513,0.0924138466448617,0.0131358402932883,0.0479961602648242,0.0617431030574269,0.0800913109379532,0.0907445239255983,0.100751342994354
-1.06989127435034,-0.175519231637678,-0.960927528413049,1.42032759658476,0.201887456807045,0.737662952351792,0.948942570351453,1.23093998682881,1.39467142911791,1.54846830905954
-2.24956731670565,1.60118280790298,0.563652301781979,1.19254318609687,0.169509845160078,0.619360582430771,0.796756325083731,1.03352853054226,1.17100161514696,1.30013338844938
1.08800628694934,-0.0478823822941298,0.688834608526414,-1.23962268192202,-0.176201794047611,-0.64381184280839,-0.828210855634704,-1.07433040900345,-1.21723068784997,-1.35146035517666
0.866905381293828,-0.0423304864366099,-0.702145528672446,-0.786355579662405,-0.111773740442562,-0.408402526210762,-0.525376178544539,-0.681502302144868,-0.772151201398674,-0.857299891720241
-1.28019529284218,-0.0766521887928013,1.31936479697373,1.21419598833497,0.172587606366089,0.630606206372775,0.811222893120947,1.05229413093323,1.19226329077336,1.32373968755154
0.984439091404493,-0.21472292940066,0.793539582992996,-1.0282312999789,-0.14615431162592,-0.534023374795208,-0.686977043228612,-0.891126121816129,-1.00965778603019,-1.12099742779687
1.9747995159591,-1.24232678870722,-1.16527238765292,-1.05523947448349,-0.149993293334677,-0.548050370954819,-0.705021617308921,-0.91453300488232,-1.03617809685478,-1.15044225616355
0.883396266352931,1.15155438858675,-0.741406197662782,-1.63641713256539,-0.232602741764293,-0.849891458977368,-1.09331529125935,-1.41821597246299,-1.60685761960537,-1.78405325382156
-0.853530376189397,0.0477087884392057,-0.55006849029876,0.966881271617215,0.137433928222286,0.502160554445193,0.645988151831541,0.837956554960517,0.949415957358156,1.05411245357937
0.809985323419855,0.785165014781419,0.721664363969042,-1.53256461129642,-0.217840991410074,-0.795954495679145,-1.02392983489884,-1.32821122885993,-1.50488104419843,-1.6708312489914
1.14748215519602,-1.65159117650335,0.366298569505574,-0.125568377884858,-0.017848474202372,-0.0652153352334322,-0.0838941519910188,-0.108824990651006,-0.12330016642484,-0.136897047020879
-2.10172744931066,2.77785152149944,0.757909496339022,0.177013484660571,0.0251609574612267,0.0919339242684378,0.118265413926037,0.153410366031427,0.173815991619345,0.19298348629723
0.517805501673034,0.771246512027519,-0.949455379943251,-0.94514404396279,-0.134344166663234,-0.490871083223157,-0.631465177883626,-0.819117786505288,-0.928071381338683,-1.03041411227373
2.12800800542472,-0.989863917119531,-0.419319870742339,-1.51480731369047,-0.21531694297079,-0.786732045443514,-1.01206591303095,-1.31282170341964,-1.48744450653704,-1.65147190353935
-0.343468749781618,2.50375917195467,-0.871122711629942,-1.25314090186584,-0.178123293743581,-0.650832680858904,-0.837242584942019,-1.08604609876375,-1.23050472066713,-1.36619817709058
0.526902570023191,-2.77765460861814,0.739633362359771,1.27014811076114,0.180540723468607,0.659665564170572,0.848605361080722,1.1007855529178,1.24720471888751,1.3847397614851
-2.11299078737704,1.91144781918378,-0.647847078226438,1.02063611964564,0.145074721505189,0.530078733318303,0.681902587191101,0.88454368886061,1.00219980166428,1.11271701694241
-0.390509039572465,2.48489601337302,0.256322494543065,-1.36838787272556,-0.194504667947342,-0.710687478427015,-0.914240847185046,-1.18592594699964,-1.34366992138344,-1.4918426287794
-1.65393972782568,3.30506500743795,-0.0190179883256712,-0.549165374912041,-0.0780591753438222,-0.285215152307871,-0.366905778406421,-0.475939227672906,-0.539245495259195,-0.598710594322634
-1.22071340910631,2.66356329831853,-1.18883033860252,-0.376485063238066,-0.0535141414739363,-0.195531709679042,-0.251535423565038,-0.326284245900627,-0.369684404112363,-0.410451216085792
1.2451101086964,-3.24361125559393,0.104639332243517,0.929802582995834,0.132163508802491,0.48290332464585,0.62121531338903,0.805821968127889,0.913007041715212,1.01368855812754
1.15568884684432,-1.7793077273921,0.40803111945355,-0.0512528210924309,-0.00728515148858469,-0.0266187233243304,-0.0342427929318293,-0.0444187292228616,-0.0503270128744836,-0.0558768057470408
1.36184858280075,-3.27366776593919,0.613162041828117,0.745366831733081,0.105947539432982,0.387114563572106,0.497990969731398,0.645979026417795,0.731902856024126,0.812613174832387
0.30110758112787,-2.50820169837885,0.280058863312662,1.39532988408265,0.198334245128853,0.724680112019264,0.932241216655523,1.20927548916497,1.37012526420228,1.52121532481734
0.893723948144713,-0.118833802614114,-0.435015973715351,-0.803676797486462,-0.114235803859275,-0.417398493556003,-0.536948748846701,-0.696513895027716,-0.78915953642985,-0.876183814654191
-0.0418940001499077,-1.08536374612014,0.104569435856605,0.790649655417827,0.112384106695871,0.41063270226802,0.528245116171628,0.685223802428698,0.776367710875048,0.861981375231482
-1.09905752804757,0.100004806484014,-0.798643663793272,1.23224912460331,0.175153705748633,0.639982303711824,0.823284469319692,1.06794004767371,1.20999032319882,1.34342156197113
-1.78031675629155,1.82767991155234,-0.802256518486756,0.748058911182991,0.106330195571588,0.388512725010186,0.499789589147743,0.648312141855798,0.734546306945401,0.815548131333746
1.56538132667407,-0.974497783620068,-0.996536688004538,-0.832123856642843,-0.118279310752003,-0.43217279048122,-0.555954663749507,-0.721167800723468,-0.817092740532362,-0.907197342586421
2.20471059846558,-3.43736667950153,-0.233320897029399,0.0928826875313607,0.0132024820275263,0.0482396579996775,0.0620563428177399,0.080497636208292,0.0912048958783609,0.101262482295231
-0.937557805531863,2.08651475799742,0.766109961636994,-0.58414215869797,-0.083030826914073,-0.30338073442663,-0.390274302110569,-0.50625217933018,-0.573590473942963,-0.636842952924671
-1.80421857466448,3.31650695410461,-0.231325857849759,-0.362753136260018,-0.0515622651453173,-0.188399880500716,-0.242360913322641,-0.314383344971759,-0.356200524570019,-0.395480406676079
-0.366049965181619,-0.847661729319211,-0.536441922785774,1.07214383438015,0.152396103951534,0.55682983849384,0.716315678460066,0.929183324004884,1.0527771038952,1.1688717126128
-0.213758580071446,-1.81611592946766,-0.0977680959226467,1.51992916063717,0.216044969840585,0.789392133686033,1.01548789723955,1.31726059922669,1.4924738347132,1.65705583903416
0.419462830412899,0.751955884562306,-0.687899229826951,-0.867866807970394,-0.123359866505231,-0.450736290243843,-0.579835075695505,-0.752144758533871,-0.852190047047249,-0.946164991695017
-1.55189480740232,2.03633827549469,-0.849987201681159,0.364680202241115,0.0518361811425551,0.189400723675495,0.243648415550814,0.316053454444456,0.358092780886324,0.397581330863125
-1.20668621019485,0.827753159108218,-0.380461425306148,0.769860157456157,0.109429056831411,0.399835445014699,0.514355334913064,0.667206392636302,0.755953745179693,0.839316266961874
0.735482000172834,1.27420433143944,-0.0738868392999112,-1.67020170391916,-0.237404930503235,-0.867437852294434,-1.11588727962017,-1.44749568224066,-1.64003192145334,-1.82088583962941
0.362351269413726,-2.35367736450509,1.08274507203353,1.09394901515151,0.155495524466725,0.568154601923799,0.73088405292375,0.948080984654466,1.07418840555665,1.19264413770611
1.41782415834449,-1.25672753953466,-0.577345339578937,-0.542495064096672,-0.0771110475387543,-0.281750852113325,-0.362449241826128,-0.470158341399234,-0.532695673978598,-0.591438493904384
-0.949573921800862,2.25956020800102,-1.13492738643071,-0.391320324687389,-0.0556228473895808,-0.203236567900436,-0.261447088427009,-0.3391413618061,-0.384251687981674,-0.426624901836971
0.221435699858564,0.864838060528204,0.237609796730686,-0.882096405555871,-0.125382482467089,-0.458126590193601,-0.589342087275297,-0.764476970276123,-0.866162607496,-0.961678371118724
0.425676441594191,-2.72910153583961,0.735853751955711,1.34493806471419,0.191171477693621,0.69850855952736,0.898573672131868,1.1656029550124,1.32064370029868,1.46627719961613
-1.45339451221257,2.16617486747241,0.990109984279831,-0.123760798922206,-0.0175915422659474,-0.0642765489721462,-0.0826864808656691,-0.107258435702817,-0.121525238766497,-0.134926389866488
0.15109171510086,1.49758979317635,0.810848989957953,-1.34223735387006,-0.190787594675926,-0.697105915278583,-0.896769285949154,-1.16326235909713,-1.31799177389686,-1.46333283300372
-1.78510148687857,1.37927099227126,-0.732318819430293,1.05707047420741,0.150253554332608,0.549001321049255,0.70624493620275,0.916119857648868,1.03797602221215,1.15243844707979
0.483535072861265,0.771184854398167,-1.01628684707275,-0.897836460821267,-0.127619797108566,-0.466301363158072,-0.599858258711333,-0.778118234071644,-0.881618341387371,-0.978838480392047
-1.10568375247597,2.14622640572628,-0.638112596674194,-0.223494457782538,-0.0317678314500688,-0.116074335215729,-0.149320062313392,-0.193693529282018,-0.219457353067704,-0.243657932126966
1.33250887543047,-0.39112164907733,0.817912828761675,-1.28056762038941,-0.182021767915737,-0.66507705251518,-0.855566794676903,-1.10981571685703,-1.25743601511727,-1.39609931015127
-1.48295743296795,1.9137302169145,-0.757336872316575,0.362358613701139,0.0515061871276426,0.188194980816832,0.242097326772619,0.314041428364212,0.355813128491583,0.395050290637284
-0.0700044583234171,-1.96099616281946,1.15414150113928,1.26934067099692,0.180425952791113,0.65924621133834,0.848065898236298,1.100085777813,1.2464118643569,1.38385947521214
2.43932578872948,-2.51586871852097,-0.605811964702394,-0.746346861672887,-0.10608684233227,-0.387623553033782,-0.498645742709363,-0.646828378387086,-0.732865183137965,-0.81368162221549
-1.13098002240125,0.437086688223028,-0.720273876435438,1.01718759104696,0.144584542570281,0.528287701591897,0.67959857253967,0.881554989804105,0.998813565755995,1.10895736511224
-1.85130544271892,3.52156555065013,-0.626627325908258,-0.393722449096711,-0.0559642888915964,-0.204484137959595,-0.263051984450129,-0.34122318503891,-0.386610421481553,-0.429243743807793
-1.94467219886918,3.09100342502639,-0.625852198407501,0.00849180763999241,0.00120703804689498,0.00441031485242032,0.00567350644189476,0.00735950326506324,0.0083384153948288,0.00925793109193683
-1.18779119943851,2.00844089512999,0.734086712315713,-0.25650802567668,-0.0364604286215253,-0.133220299301069,-0.171376931481652,-0.222305041813707,-0.251874578520422,-0.279649955217968
-1.90174686928497,3.28615937544046,-0.398563786294984,-0.210569418029632,-0.0299306472602252,-0.109361571902308,-0.140684645755613,-0.18249192459486,-0.206765785497704,-0.229566806601535
-0.634378027860342,2.8619856532946,-0.387884024283749,-1.27019483520259,-0.180547364949543,-0.659689831029507,-0.848636578394021,-1.10082604708512,-1.24725059931938,-1.38479070136476
0.465775717270491,-1.3470638185107,0.0712450946818074,0.436636980135241,0.0620642235491139,0.22677227749923,0.29172383838513,0.378415458425947,0.428749763473744,0.476029986271224
0.435509706999043,-2.2263729698769,1.28677887773266,0.893893748071319,0.127059374110434,0.464253671390064,0.597224072077145,0.774701245771085,0.87774684805105,0.974540059549068
0.833877345100047,0.723164242912731,0.76297211677218,-1.52112473765814,-0.216214910919503,-0.790013069924386,-1.01628668051607,-1.31829675705815,-1.49364781536137,-1.65835927996741
1.69908770023395,-3.24209485880512,0.767163052695409,0.33796757559333,0.0480392090415236,0.175527223586179,0.225801301509701,0.292902710649114,0.331862679273188,0.368458714422175
1.14638312735623,-1.38684272032997,0.209541202264741,-0.285502273702974,-0.0405817137462644,-0.148278784858714,-0.190748431629673,-0.247433173780878,-0.280345087315903,-0.31126003892097
1.84260391944166,-1.92001325287733,0.766480321356423,-0.744162638053574,-0.105776373569527,-0.386489152176196,-0.497186429533644,-0.644935400879887,-0.730720414364912,-0.81130033985321
0.42788758218152,-1.71723355422902,-0.727186583449373,0.863836513351552,0.122786994491241,0.448643111857017,0.577142374276428,0.748651866600374,0.84823255388205,0.941771087423596
-0.839317576397608,-0.0085842734111112,0.026741359789102,0.899731391822164,0.127889145392381,0.467285516673067,0.601124291068201,0.779760493467922,0.8834790431955,0.98090437040911
0.689120265224013,0.784702818077224,-1.17690857604082,-1.10180109840704,-0.15661163114726,-0.572232668793946,-0.736130149729188,-0.954886064892564,-1.08189865226444,-1.2012046290396
-2.21458215717407,2.44188031433093,0.953457295968573,0.502738615137553,0.0714600073200503,0.261102897666248,0.335887350784915,0.435703048918984,0.493657367872462,0.54809525292113
-0.423147687124548,2.33306386021684,0.646696214674364,-1.28873171746192,-0.183182224699833,-0.669317167235388,-0.861021352681139,-1.11689120674195,-1.26545263956289,-1.40499996491519
1.53445239152508,-2.27641910527954,-1.16461259709856,0.142160091880498,0.0202068448703109,0.0738324266425058,0.094979329638357,0.123204352325292,0.139592175061056,0.154985650929587
-1.4319850314016,1.27426575646989,0.703573248979075,0.525304379605196,0.0746675383222175,0.272822678707821,0.350963882838056,0.455259876430731,0.515815514383803,0.572696880906017
-1.77619585642615,1.9269966274004,-0.652877565181537,0.650192114963156,0.0924192649931886,0.33768451466609,0.434403287156412,0.563494981969944,0.638447333106331,0.708851878427025
1.23275984084092,-2.34592383687164,-0.937977726713241,0.477802728225068,0.0679155836222396,0.248152167142105,0.319227303710124,0.414092132971547,0.469171911756435,0.520909672119123
-1.10186366586111,-0.904570364892135,0.68055325218041,1.70630180374872,0.242536251870641,0.886186841108357,1.14000630793771,1.47878216608818,1.67547992509818,1.86024285886525
2.16728598279871,-3.17684295367268,0.749948931301974,-0.206039692668763,-0.0292867854248718,-0.107009008598549,-0.137658267026322,-0.178566196411127,-0.202317883085792,-0.22462841338372
-1.44814684111079,0.516489750834603,-0.849113486670985,1.32116648269956,0.187792550009082,0.686162523716219,0.882691514950293,1.14500109462304,1.29730151759346,1.44036096628068
2.14327903541853,-3.60925981696712,0.145859504843364,0.219210133891324,0.0311588513411034,0.113849223897732,0.146457640055792,0.189980480541079,0.215250419302191,0.238987080284586
-1.42056749486759,1.2412557794205,-0.771080129852747,0.770171135100379,0.10947325965185,0.3999969547169,0.51456310382901,0.667475904274465,0.756259105461739,0.839655300736943
1.46799266075694,-2.13881466306964,-0.93686799709807,0.0804790998104121,0.0114394177976354,0.0417977166053188,0.0537693163304712,0.0697479527250116,0.0790253610621954,0.0877398537476255
0.847962767258064,0.113861522548825,-0.704561007341092,-0.875424002317871,-0.124434057241986,-0.454661203276062,-0.584884152715471,-0.758694270585115,-0.859610731589366,-0.954403989501305
-1.19480921541786,0.00399398060108482,-0.638138535988011,1.37667424091548,0.19568250452818,0.714991096013514,0.919777096391166,1.19310740427406,1.35180660829527,1.50087658585391
0.87369830446951,1.03253274493109,0.321506261259768,-1.71102279039351,-0.243207299866631,-0.888638738089577,-1.14316047125333,-1.48287365262433,-1.68011563393505,-1.8653897687926
0.449496036110977,1.4085488165249,-1.1479582443117,-1.28825262758116,-0.183114126158453,-0.669068346571245,-0.860701265411153,-1.11647599908639,-1.26498220374915,-1.40447765196476
-1.83522067229663,3.27878644357023,-0.11627611104732,-0.321336735687329,-0.0456752769590513,-0.166889811699901,-0.214689983243794,-0.27848944014443,-0.315532251479695,-0.350327454697723
-1.71449530169498,1.49022083817439,-0.707584028995138,0.899672513819765,0.127880776386389,0.467254937726926,0.601084953775123,0.779709466305124,0.88342122873921,0.980840180484873
1.09596317517759,-2.55196045701016,1.19101361576455,0.431207091852506,0.0612924112300519,0.223952204558865,0.288096047052955,0.373709595759261,0.42341795828356,0.470110218220694
1.12974568940641,-0.813954579210561,0.258373987239031,-0.677874057822677,-0.0963540171284176,-0.352061439923114,-0.452898016170056,-0.587485792583516,-0.665629241633266,-0.739031261939839
1.66841670640792,-2.8079335791524,-0.856582892477698,0.323345142801819,0.04596075490481,0.167932900298025,0.216031830726106,0.280230044659192,0.317504379619253,0.352517058544015
-0.31918698198444,1.4304008717131,-0.213064059750836,-0.629511138105867,-0.0894796404783632,-0.32694361905669,-0.420586010505924,-0.545571622991683,-0.618139928238281,-0.686305081940841
0.581515655588051,-2.18712951922641,-0.810092778605822,1.04270643014056,0.14821182794984,0.541541194822361,0.696648098874367,0.903671126625848,1.02387144386361,1.13677849153085
-1.44625087696124,3.05319699974698,0.483574740792978,-0.674151953043119,-0.0958249516721657,-0.350128323360954,-0.450411221091848,-0.584259996211368,-0.661974371302847,-0.734973352125228
-0.810235323691934,2.79170695560874,-1.05811146287152,-0.926382409359558,-0.131677360283708,-0.481127019384896,-0.618930243121255,-0.802857843160583,-0.909648648577878,-1.00995981941966
-2.3898262846029,2.20783968669896,-0.163174195528508,1.03173369502536,0.146652147217062,0.535842382661056,0.689317046876895,0.894161504725478,1.01309691536663,1.12481580585858
-1.25821244940087,0.711302929645062,0.686704944316957,0.737523422991152,0.104832665760589,0.383041001907187,0.492750668501048,0.639181464026767,0.724201127137378,0.804062140619518
-1.15547238074664,1.83543469688621,0.683833711838708,-0.161585253561565,-0.0229679659660962,-0.0839211006568824,-0.107957576980342,-0.140039347520298,-0.158666449240987,-0.176163333693632
-0.845193069115257,1.70403711825765,0.313065457760912,-0.342429437423108,-0.0486734246546007,-0.177844541209419,-0.228782339576893,-0.296769624278889,-0.336243944010722,-0.373323121520528
0.597895019661934,-2.39447836396976,1.12126183530887,0.864504440070071,0.122881934578907,0.448990007035511,0.57758862632321,0.749230731439777,0.848888415468703,0.942499273905987
0.229193752796616,0.865247744023778,-0.095533072465518,-0.837844539154737,-0.119092456991155,-0.435143890642435,-0.559776739149615,-0.726125682885846,-0.822710087173783,-0.913434140066917
-0.23034608518576,2.05856150848437,0.896625522423306,-1.34181687463823,-0.190727827138522,-0.696887534707579,-0.896488357349306,-1.16289794690002,-1.31757889001529,-1.46287441850366
-2.45877440521168,2.36924684383369,-0.122603926568762,0.985682265796932,0.140106329229993,0.511925060117762,0.658549383328389,0.854250609644519,0.967877338721521,1.07460965699646
1.35361903974309,-1.31972061642954,-0.413378270080195,-0.455562457575237,-0.0647543187908082,-0.236601434939121,-0.304368239050316,-0.394817397673437,-0.447333379487011,-0.496662903719368
1.44327503199693,-2.2276831241335,-0.932444290234482,0.168647341273645,0.0239717815163737,0.087588874545094,0.112675865691807,0.146159770848123,0.165600970534275,0.18386255677727
-0.0228785794229263,2.26875861202365,0.170661334593675,-1.59628417868742,-0.226898184581809,-0.82904796250838,-1.06650185152873,-1.38343437852879,-1.56744960959818,-1.74029953997525
1.79319824780783,-3.31597537521135,0.709093315055088,0.298391398731096,0.0424137929642227,0.154972895459915,0.199359853011034,0.258603652641179,0.293001388908771,0.325312009526585
-1.82128658485472,1.89000742307575,-0.781063774916785,0.744747021349622,0.105859438672059,0.386792658147991,0.497576864943303,0.645441862043122,0.731294241620408,0.811937445698686
-0.277160361464386,2.48454935591163,-0.151590728137487,-1.42471142201178,-0.202510580210881,-0.739939740900339,-0.951871471105541,-1.23473926949174,-1.39897606706764,-1.55324763937919
-0.410189067198409,-0.623199456891627,-0.408291225020529,0.94136628613415,0.133807190600605,0.488909062630271,0.628941200152929,0.815843757905823,0.924361863251166,1.02629552844066
-0.921653707255817,0.205513735187658,0.174272161800366,0.81402540715197,0.115706770481259,0.422773159215497,0.543862813094389,0.705482612861536,0.799321213402319,0.887466066825026
-1.476688246787,0.538150921189937,1.05354911051151,1.03470537242348,0.147074545819892,0.537385756406807,0.691302469954789,0.89673693629922,1.01601491370285,1.12805558539029
1.71618464719707,-0.778352947369855,-1.1813388172334,-1.10193141625651,-0.15663015471835,-0.572300350820131,-0.736217217075717,-0.954999006056485,-1.0820266161101,-1.20134670405138
1.25620673868424,-0.372938624629263,-0.939671298021295,-0.932939199838022,-0.132609352140866,-0.484532361528446,-0.623310935029834,-0.808540345989231,-0.916087000102565,-1.01710815779558
-0.329610446224503,-1.58769235249098,-0.612132801174652,1.56499977876249,0.222451373892665,0.812800061061791,1.04560026590296,1.35632146533599,1.53673031719175,1.70619268887401
-2.01598075565144,3.12959762972892,-0.720094457800178,0.0726183334921636,0.0103220768937752,0.0377151400898657,0.0485174182381527,0.0629353472306764,0.0713065881386846,0.0791698959730959
1.66463196958608,-1.46341484318616,-0.826204860304019,-0.621882858560388,-0.0883953455868516,-0.322981787135369,-0.415489440378967,-0.538960504299196,-0.610649442549638,-0.677988585692213
-1.18659676606906,1.83454154887521,0.708199065225242,-0.131524052676043,-0.0186950225902603,-0.0683084812514894,-0.0878732293236807,-0.113986531035524,-0.129148260549291,-0.143390037578403
-0.689612921043216,1.76038493152895,-0.380504217567924,-0.43845157039219,-0.0623221520812378,-0.227714705154278,-0.292936193863334,-0.379988089776882,-0.430531575777474,-0.478008287272746
-1.72028045453889,0.258985103211687,1.03537839859163,1.49429459215203,0.212401234514836,0.776078535107449,0.998361050329985,1.29504416446239,1.46730231769842,1.62910854221961
1.13720006722642,-1.92254341070957,0.770071179760531,0.0117205008022083,0.00166596924903274,0.0060871725970739,0.00783064567906547,0.0101576799167941,0.0115087868764212,0.0127779141249993
-1.35062371404781,2.47347158211668,-1.13400402542199,-0.112666503550297,-0.016014582779216,-0.0585146031379716,-0.0752742126032122,-0.0976434624869129,-0.110631345823347,-0.122831176877559
0.855532590102799,-0.0135344320560792,0.125177510374457,-0.925637451818141,-0.131571470921403,-0.480740117390808,-0.618432525604638,-0.802212218849386,-0.908917147618931,-1.00914765246096
-1.1937807398125,2.73576196109108,-1.15020509164272,-0.46214131122913,-0.0656894467402221,-0.240018235838499,-0.308763671703531,-0.40051902175618,-0.453793395647716,-0.503835295791092
-1.05871730187434,0.629165873285519,-0.238007726049818,0.728459207556199,0.103544264826527,0.378333400692807,0.48669472766476,0.631325878276731,0.715300643668004,0.794180159602419
1.97027421605012,-2.70446794193159,-0.986388287728865,-0.0516879202533988,-0.00734699712425204,-0.0268446969183217,-0.0345334893297303,-0.0447958119161492,-0.050754252597273,-0.0563511591734456
1.24272770846852,-1.06346618256366,-0.0144961176905396,-0.58019822012458,-0.0824702296755912,-0.301332406013567,-0.387639296485008,-0.50283412865845,-0.56971777692593,-0.632543195665531
-1.54939089137642,3.41510951400166,-0.0728595023868786,-0.729777937969495,-0.103731711110042,-0.379018298016753,-0.487575791604518,-0.63246876812938,-0.71659555312027,-0.795617864719247
2.40639637072059,-2.01783644840517,-0.259259869041186,-1.11592717532494,-0.158619532528936,-0.579569204132315,-0.74556799756914,-0.967128559495267,-1.09576956199701,-1.21660514825172
1.85846920336686,-1.9522015453859,-1.15282921047505,-0.434104845435559,-0.0617043021929134,-0.225457185148133,-0.290032080500421,-0.376220960578147,-0.4262633681317,-0.47326940459545
-0.617947116947103,-0.564626752850286,-0.710687850936288,1.17045443819108,0.166370117994687,0.607888545252081,0.781998495084534,1.01438511382516,1.14931186858197,1.276051813043
-0.258124507994674,1.30201006626763,-0.081980532735536,-0.625441543738095,-0.0889011823401695,-0.324830029907663,-0.417867052324074,-0.542044671568992,-0.61414384521738,-0.681868332331545
1.8361667595905,-1.32397014195765,0.579557576068953,-1.12631936941649,-0.16009669430544,-0.584966505848777,-0.75251118123785,-0.976135050173146,-1.10597403610579,-1.22793491699736
1.26296022947566,-1.49740238167233,-0.465496264831157,-0.225492069702943,-0.0320517749510385,-0.117111817209603,-0.150654697361582,-0.195424778042449,-0.221418881012774,-0.245835766846213
0.535354000849407,-1.69567364796103,-0.388344422862249,0.67997537290384,0.0966527011494184,0.353152781308242,0.454301936884568,0.589306916642887,0.667692599491213,0.741322155828231
-0.662228898510867,2.64072470965469,-1.00875027827033,-0.986498367792456,-0.140222331169804,-0.512348911776271,-0.659094633541906,-0.85495789195181,-0.968678699012725,-1.07549938699964
-1.11071232609826,0.0335032542043018,-0.852997078149456,1.30005305533133,0.184791456341605,0.67519703011871,0.868585311505457,1.12670294842842,1.27656947380861,1.417342703977
-2.20370776416526,3.3164422178356,0.155763461855214,0.00328930827620803,0.00046754712373032,0.00170833887904253,0.00219763712104774,0.0028507092982825,0.00322989167106182,0.00358606678957917
0.0280988001792874,1.09254955055928,0.00418190044228966,-0.798187540931747,-0.113455552846581,-0.414547587042532,-0.533281292664849,-0.691756580301586,-0.783769435369808,-0.870199322178151
0.106460563783259,-1.20061600797959,-0.108469170048739,0.746681743690585,0.106134442955567,0.387797477738519,0.498869482502494,0.64711860697058,0.733194015995492,0.814046716995684
-2.22213020729936,2.47159432586716,-0.529727171106554,0.725188245373563,0.103079325443562,0.376634590061741,0.484509347849163,0.628491068789334,0.712088766694821,0.790614094074915
1.16760956334496,-0.173746546103048,-0.96067543718279,-0.974744898896081,-0.138551675787302,-0.506244616832398,-0.651241961375364,-0.844771639932709,-0.95713753956316,-1.06268553042788
-2.21943831223169,1.30820368567875,-0.187832917064873,1.48530588110996,0.211123565886402,0.771410147940241,0.992355555132318,1.28725401528952,1.45847597474408,1.61930887753563
-1.12961958803436,0.657104235245358,-0.211676158710124,0.780512152589169,0.110943147110651,0.405367677294877,0.521472095627421,0.67643804227844,0.766413327399201,0.850929275771523
0.784369603991565,0.373787370583363,0.628106593053388,-1.20134778888999,-0.170761344370805,-0.623933350928881,-0.802638814747044,-1.04115912060632,-1.17964717550207,-1.30973233479936
-0.812641752859061,-1.26560945300157,0.795705977472599,1.63222617663353,0.232007033114606,0.847714839348694,1.09051524956209,1.41458384192355,1.60274236724182,1.77948419351409
2.19436874488005,-2.9545386514906,-0.549151487757144,-0.185122540455969,-0.0263135905971144,-0.0961454526885023,-0.123683198011984,-0.160438153886836,-0.181778569029062,-0.201824134008196
-0.546846337763693,-1.29515081624121,-0.532430155544278,1.57927155310455,0.224479984920833,0.820212265979713,1.0551354564183,1.36869022995261,1.55074429253488,1.72175205020437
1.1914862084884,-2.94130541720927,-0.62908887828226,0.891193123168478,0.12667550330856,0.462851071775851,0.595419743313119,0.772360724337631,0.875095006038114,0.971595786631495
-1.76698267528425,2.64434360410548,1.08845234011636,-0.139757166116952,-0.0198652894626253,-0.0725844403911069,-0.0933738982182347,-0.121121834591465,-0.137232654682259,-0.152365935307063
0.318601656201438,0.755827758222965,-0.116543238507558,-0.853302850558311,-0.121289724145087,-0.443172336795106,-0.570104673206429,-0.739522770769843,-0.837889166499435,-0.930287086793831
2.45385924173605,-2.20807423250682,-0.448465379727444,-1.00306272378555,-0.142576813130961,-0.520951794502095,-0.670161532889702,-0.869313543561335,-0.98494384382921,-1.09355816469076
1.97700253129757,-3.38639295232474,-0.499948528260404,0.342978950943214,0.0487515333158153,0.17812993717481,0.229149477956423,0.2972458652298,0.336783531362435,0.373922211669399
1.7423134413215,-2.11246335649996,0.973041443216886,-0.534442725855746,-0.0759664763196077,-0.277568780586714,-0.357069351604987,-0.463179708334539,-0.524788789602615,-0.582659680756007
-0.51762631262531,-1.48604604510835,0.724498551282469,1.48274442665675,0.210759476977245,0.770079828048679,0.990644208272259,1.28503410720741,1.45596078926752,1.61651633090382
-1.35096428926076,3.0436448370211,0.200385564071754,-0.724467786895448,-0.102976918414203,-0.37626041192897,-0.484027998531091,-0.62786667681688,-0.711381322258967,-0.78982863646356
-0.313429774653075,-0.923878411529294,0.854252267508369,0.84880952121806,0.120651035693718,0.440838676169918,0.567102611214656,0.735628585532433,0.833477002666575,0.925388373213755
-2.09222752755723,3.39695961189025,0.30414939386539,-0.196072621685592,-0.0278700512732252,-0.101832499302085,-0.13099911460234,-0.169928142588722,-0.192530852850201,-0.213762121981161
-1.97997101327512,1.99009648786243,1.20699625476185,0.528882642715826,0.0751761579117606,0.274681089497576,0.353354575099306,0.458361011096326,0.519329141337375,0.576597971782243
0.48830878311527,0.477510060809652,0.335711939670418,-0.911091105690558,-0.129503831855181,-0.473185310558774,-0.608713889483843,-0.789605494067195,-0.894633560233189,-0.993288947718943
-2.40673894759765,2.2764260936077,0.715335887918764,0.862309118226313,0.122569888298194,0.447849842191483,0.576121898254155,0.747328135554195,0.846732748944607,0.940105892047169
-2.02047967823171,3.23389910914163,-0.440913879995795,-0.0401158687362388,-0.00570212867527086,-0.020834623110391,-0.0268020248863596,-0.0347667869388365,-0.0393912334838859,-0.0437350872980461
-0.628942607529525,-0.425963098859363,0.611154349864445,0.875156890600905,0.124396089589064,0.45452247583162,0.584705691295811,0.75846277575663,0.85934844485993,0.954112779199051
-0.550472445108474,-1.29140722585635,1.42734311260258,1.2696827810049,0.180474580811596,0.659423889980314,0.848294467160186,1.10038227060082,1.2467477946415,1.38423245008558
-0.352416132487101,2.30260327509614,-1.08594032619321,-1.06819425326374,-0.151834704673675,-0.554778579563231,-0.713676902965292,-0.9257603831713,-1.04889886625954,-1.16456580374535
0.984209191418619,0.733107405971222,-1.27519963714819,-1.36566844459652,-0.194118124427199,-0.709275113147909,-0.912423955698282,-1.18356912957711,-1.34099961579745,-1.48887785622503
0.59534260922651,-2.13390915122079,1.08580300517093,0.689822069835136,0.0980523251560131,0.358266773000524,0.460880665565137,0.597840647185096,0.677361430058389,0.752057213137325
-1.60732501189711,0.552001785585357,-0.426109818993183,1.39942520417526,0.198916359959471,0.726807062109936,0.934977362587235,1.21282473602392,1.37414660824995,1.52568012110385
1.28850145502215,-1.05851363257621,-0.501523527264016,-0.555400999918442,-0.0789455162676851,-0.288453693587391,-0.3710718947556,-0.481343389488607,-0.545368482702397,-0.605508791958735
2.29652430773385,-2.86251295917193,-0.597297151814674,-0.351420739881142,-0.0499514616307182,-0.182514274257365,-0.234789566139166,-0.304562019326256,-0.345072831570839,-0.383125611415755
2.22960714689922,-3.02854940282937,0.747797211679894,-0.376541612890182,-0.053522179524789,-0.195561079370538,-0.251573205251714,-0.326333255177218,-0.369739932276656,-0.41051286759802
1.59070419419942,-2.5526628277345,-0.982761222830035,0.247183583711328,0.035135038705103,0.128377546540555,0.165147129324058,0.214223928345508,0.242718569137225,0.269484270260687
-0.0730258509894338,1.31922986075232,-0.556889328173757,-0.760240160397194,-0.108061656278612,-0.394839192425371,-0.50792806788125,-0.658869133625405,-0.74650751947895,-0.828828362189152
-1.31877125507324,1.94893987821509,0.788436063504061,-0.0832029428368324,-0.0118265888577964,-0.0432123748105409,-0.0555891574776405,-0.0721085963590068,-0.0817000017968294,-0.0907094395075633
-1.08791848606142,2.40603937969817,0.882298310588605,-0.666158017147238,-0.0946886818483738,-0.34597658374254,-0.445070350369838,-0.577331978076645,-0.654124834317863,-0.726258210330342
2.39622612965296,-2.5359786167393,-0.388082666347486,-0.720644440008326,-0.102433462255647,-0.374274714150936,-0.481473562053806,-0.624553138040197,-0.707627038613491,-0.785660350567063
-0.883637666803838,-0.232990652287061,1.02599907894152,0.946290050395606,0.134507061705731,0.491466274424594,0.632230842292746,0.820110983530192,0.929196686819811,1.03166351040375
0.0288160306191079,-1.2283590373337,0.241554720457435,0.793720688947909,0.112820627925655,0.412227677727216,0.530296920599479,0.687885341908857,0.779383270618143,0.865329474718407
0.0142161602646908,1.04330612831813,-0.351253860754234,-0.692368660081192,-0.0984143012448691,-0.359589373000589,-0.462582081421264,-0.600047673065235,-0.679862019828231,-0.754833554526213
1.40001473479701,-1.16723434549364,-0.635047159102138,-0.57715423018394,-0.0820375524614473,-0.299751475943673,-0.385605560292498,-0.500196026754039,-0.566728772268877,-0.629224579617015
-0.969355552018067,1.82449573654284,-0.334466750494724,-0.191505979592904,-0.0272209420392305,-0.0994607628825956,-0.127948071240421,-0.165970420179511,-0.188046700553933,-0.208783481436298
0.163671022436861,1.25359181382406,-0.971948099120756,-0.901530243149193,-0.128144836769822,-0.468219770139612,-0.60232613112683,-0.781319484530354,-0.885245400870357,-0.982865512528233
-0.328843303462443,2.11234222538058,-1.12346960495242,-0.953812005838807,-0.135576243532724,-0.4953728857395,-0.637256375662304,-0.826629955460643,-0.936582768997582,-1.03986409008267
-1.93825134171663,2.28383887403053,-0.827813047903702,0.600649093022897,0.0853771468747311,0.311953794569713,0.401302837164442,0.520558065922377,0.589799234330818,0.654839128414986
-0.15777189751535,1.97622824499793,-1.24553095980511,-1.02185900810597,-0.145248544672329,-0.530713854056795,-0.682719617657585,-0.885603516402419,-1.00340060041009,-1.11405023332917
0.561704354212814,-1.48164028740493,0.241374438858348,0.401557149793071,0.0570779247895652,0.208553177004085,0.268286467702172,0.348013200522081,0.394303599621003,0.437785284342845
1.09988660467038,-3.01685779650541,0.562082671369083,0.853331691145572,0.121293823588644,0.443187315475234,0.570123942043471,0.739547765730293,0.837917486123125,0.930318529353628
-0.9742910757042,2.95433312084954,-0.0879383425271126,-1.01898311324833,-0.144839760740897,-0.529220226039961,-0.680798188358575,-0.883111095649137,-1.00057665444104,-1.1109148777549
2.40828154549153,-2.398483648294,-0.5962161452995,-0.797113494975423,-0.113302886372214,-0.413989769315826,-0.532563706149653,-0.690825748486088,-0.782714790503055,-0.869028376735817
-0.530143617320386,-0.581370726743193,0.449849253546222,0.904207708952546,0.12852541570318,0.469610341817633,0.604114986942609,0.783639934917039,0.887874502119502,0.985784536952635
0.970538449533357,-2.51620044780765,-0.766795128158527,0.850799780873156,0.120933934132866,0.441872339682937,0.568432334102048,0.73735346238445,0.835431311154393,0.927558192352752
-0.792677362465231,2.87917602609313,-0.895382292031597,-1.03241990459123,-0.146749686055584,-0.536198773239899,-0.689775513973363,-0.894756214562848,-1.01377072954739,-1.12556392465081
-1.95466371138585,1.72704772654088,-0.832041272906739,1.00999711393499,0.143562477561578,0.524553247239262,0.674794504908306,0.875323296620939,0.991752974231967,1.10111816944944
-1.32779696130938,2.21666009705627,-0.807631540314304,-0.00845587306276373,-0.00120193025315389,-0.00439165182961231,-0.00564949800175606,-0.00732836023290165,-0.00830312992385808,-0.00921875452860603
1.22409633192901,-1.21260430787935,0.300126009999656,-0.505405233399507,-0.0718390443678945,-0.262487835552859,-0.337668959192531,-0.438014098184055,-0.496275817525383,-0.551002451148443
-1.5768894599539,2.57689463900454,-1.16378887570339,0.061478105464992,0.00873858847176307,0.0319293386197292,0.0410744616668482,0.0532805660562417,0.0603675922473745,0.0670246063249533
0.526477138629385,-1.6159002485635,0.433490370867306,0.503084622481413,0.0715091893135964,0.261282600433005,0.336118523578454,0.436002919368815,0.493997125093195,0.548472476744675
1.93552869704914,-1.39647434089055,-1.20523733719937,-0.89860568504225,-0.12772913577245,-0.466700868322398,-0.600372189167371,-0.778784889324081,-0.882373670683352,-0.979677103348904
2.11435378066183,-3.50237352823145,-0.235103749316202,0.235497727259592,0.0334739938550796,0.122308366872657,0.15733963006492,0.204096273273979,0.231243800811101,0.256744126069133
1.4127229401814,-3.25339813850446,-0.128714399865564,0.794369123073356,0.112912797307429,0.412564449210452,0.530730149346977,0.688447313313029,0.780019991717276,0.866036410003042
-1.88186020357426,3.29584397615391,-0.123885554982574,-0.282214650949963,-0.0401144062052842,-0.146571321374912,-0.188551920632428,-0.244583925256791,-0.277116850721495,-0.307675809721016
1.72607422905745,-2.03300024548572,-0.933777031645598,-0.270448846941929,-0.0384419974918409,-0.14046062005345,-0.180691007189302,-0.234386982899616,-0.265563578976255,-0.294848505174617
-0.879078571888838,0.0949243719102938,0.0555221840488353,0.864994954022353,0.122951656954642,0.449244760918405,0.577916346189945,0.749655839872095,0.849370068994606,0.943034041597672
-1.15815146676325,1.69633915094155,0.332109530869709,-0.00522443557072928,-0.000742608967933166,-0.00271336878670999,-0.00349052523589937,-0.00452780518246989,-0.00513006368480335,-0.00569577957469121
-1.92895168057004,3.54001011295771,-0.182233442147013,-0.394094179503349,-0.0560171271991773,-0.204677200285427,-0.263300343214967,-0.341545348617898,-0.386975437115073,-0.429649011406323
0.927585770248854,1.17478958430256,-0.499513596351138,-1.73838124757278,-0.247096071270754,-0.90284765745661,-1.16143907454102,-1.50658411139517,-1.70697990008351,-1.89521648203025
-1.46896136425588,-0.0641891251909168,1.4400393371843,1.38825230670783,0.197328227855095,0.72100429340223,0.927512579063689,1.20314164157833,1.36317553304464,1.51349921460714
-0.418274560897173,1.48541293910571,-0.000226608393930137,-0.595903740177485,-0.0847026354310925,-0.309489242730888,-0.39813239441787,-0.516445462194142,-0.585139599433565,-0.649665653989723
-1.22050096095209,2.36748791184038,-1.27827544763185,-0.15454699240717,-0.0219675371578259,-0.0802657013567079,-0.103255207156143,-0.133939573698032,-0.151755324113017,-0.168490086778855
1.54007200009063,-3.0943867942841,-0.491688028051784,0.603998215589023,0.0858531960897404,0.313693198666245,0.403540437126566,0.523460613825655,0.593087859833006,0.65849040588736
-1.79549322619474,1.26175445559224,1.05682797839965,0.866962193889681,0.123231283327247,0.450266468848326,0.579230689205379,0.751360766413127,0.851301773513888,0.945178764123799
-1.82759848258972,0.526132003345975,1.00583617652261,1.42613664381552,0.202713163337503,0.740679945713673,0.952823683570477,1.23597445108826,1.40037554429713,1.55480144344649
-1.53562979603751,-0.0346211420202169,1.07288817399357,1.49704099990287,0.212791612958166,0.777504912553554,1.00019596731434,1.29742436402253,1.46999911555831,1.63210272847365
-0.291083069623804,-0.879994052149541,-0.329473724696792,0.981825379110283,0.139558105674925,0.509921943071384,0.655972538398541,0.850908003291816,0.964090121124574,1.07040480536908
1.12428003185778,-0.610415120526218,-0.444299713907421,-0.703552520463821,-0.100003991634159,-0.36539783542037,-0.470054189435966,-0.609740268622197,-0.69084385991949,-0.767026413002728
0.995129968249029,0.26227121896598,-1.23512360805651,-1.05296899402004,-0.149670563897048,-0.54687117164478,-0.703504674617604,-0.912565272087092,-1.03394862934296,-1.14796693494017
-0.448119008119801,1.70043067140074,0.489529322456533,-0.792694067060685,-0.112674702378329,-0.411694490218856,-0.529611018829504,-0.686995610599421,-0.77837519317315,-0.864210231903175
-0.764228758318705,-0.49573344211033,-0.843780965239289,1.29966928482977,0.184736906637197,0.674997714635519,0.868328908569229,1.12637035019033,1.2761926355671,1.41692431003673
-0.913605507109245,2.89689772066606,-0.845151512144517,-0.923460790744095,-0.131262077109985,-0.479609644225313,-0.61697826508097,-0.800325795491662,-0.906779804784683,-1.00677461493016
2.09762814850705,-2.24279998954192,0.580775235763888,-0.760803452561246,-0.108141723456574,-0.395131744482918,-0.508304411983342,-0.659357315964934,-0.747060636583298,-0.829442474079165
-0.267172646855717,1.99010613591562,0.438071489840168,-1.18160048385964,-0.167954433344815,-0.613677368179048,-0.789445338510942,-1.02404493691206,-1.16025657702737,-1.28820344519504
-1.59371813432789,0.457642823663547,1.28811267932819,1.17925866688811,0.167621564030844,0.612461119459217,0.787880734808528,1.02201537967539,1.15795706159848,1.28565035154625
1.35739711457841,-1.93737891646314,-0.94701753872341,0.0589106197818865,0.00837364227470471,0.0305958863417656,0.0393590852499391,0.0510554309532244,0.0578464844863857,0.0642254843309763
-1.48513945087645,1.32450261776575,0.895452529655421,0.51644876058141,0.0734087875893139,0.26822341436226,0.345047308451491,0.447585072680729,0.507119859332584,0.563042315685704
-1.30177525214614,1.34633212336149,0.137010513356524,0.425238689451905,0.0604440537210127,0.220852448315138,0.28410846620996,0.368537024874875,0.417557366455582,0.463603351779974
-1.18557582599275,0.891922431815068,-0.0895393570002492,0.656056480158379,0.0932528345006023,0.34073023802877,0.438321359152771,0.568577388052544,0.644205767010845,0.715245321516767
0.989896522997372,-0.0277168585083747,-0.722733448462166,-0.924937411949902,-0.131471966223331,-0.480376543890432,-0.617964818271827,-0.80160552285315,-0.908229752960245,-1.00838445560859
-0.0416723257164051,2.07681993506346,-1.11993123314494,-1.23665003538465,-0.1757792576899,-0.642267965729377,-0.826224785060067,-1.07175413751625,-1.21431173788061,-1.3482195190708
-1.67837986936543,2.40638646617038,1.0862998464643,-0.0670540671030712,-0.00953116387272853,-0.0348252763836903,-0.044799846839778,-0.0581130245410583,-0.0658428321886289,-0.0731036263410811
-1.35836431255285,1.36738753828454,-0.458079610055501,0.565376907212078,0.0803635064255175,0.293634792120086,0.377736950853626,0.489989101380822,0.555164189633261,0.616384716875955
-1.28696569454047,1.26066883817001,0.0810894602202512,0.478438589912183,0.0680059659391088,0.248482408989501,0.319652132619462,0.4146432083563,0.469796287520183,0.521602900691046
-1.63030122820033,0.0915407786806913,0.535924015979934,1.59487007211485,0.226697181390519,0.82831353051412,1.06555706531958,1.38220883004969,1.56606104681926,1.73875785394555
1.83386773758129,-0.370633534493953,-0.277672772614957,-1.6575674533529,-0.235609079516732,-0.86087611358298,-1.10744614376135,-1.43654609267906,-1.62762589038315,-1.80711173803651
1.80559360969687,-0.492828713993505,-1.02722070054114,-1.42259691026936,-0.202210020397011,-0.738841545682249,-0.950458733499999,-1.23290670842441,-1.39689975092708,-1.55094235823832
-1.66222152102841,-0.0635272841294732,0.59314138393279,1.72887249548474,0.245744483241992,0.897909181181622,1.15508613197414,1.49834326386242,1.6976429098739,1.88484985865234
2.04025087582912,-0.870779821285068,-0.296066722598942,-1.52412034491037,-0.216640710947046,-0.791568871906323,-1.01828809149515,-1.32089292766025,-1.49658931129343,-1.66162514828372
1.76652749518194,-1.78403816613104,0.836912341145658,-0.769459426187336,-0.109372096298559,-0.399627320768174,-0.514087600229059,-0.666859095193128,-0.755560252542697,-0.838879382068762
1.32127342097274,-2.49186695929396,1.14829366249897,0.154722260171291,0.0219924499759981,0.0803567286215761,0.103372306227502,0.134091471119288,0.151927425918019,0.168681167047234
-2.28159165741881,1.36060954900163,0.322598614595097,1.43402875016729,0.203834958959895,0.744778799024504,0.958096520418082,1.24281421771116,1.40812509114171,1.56340556872494
0.87913982536531,-2.80966999533579,-0.622249811858702,1.13180427869034,0.160876327389228,0.587815154553527,0.75617573293493,0.980888597288294,1.11135986841232,1.23391466998466
1.41965497726426,-1.6046619076965,0.355870541346647,-0.448063648302656,-0.0636884269946038,-0.232706844845656,-0.299358169991031,-0.388318485584833,-0.439970025377706,-0.488487558438326
-1.74955315208211,0.246137440725628,1.17821164988357,1.51198210828652,0.214915364112975,0.785264743558876,1.01017835013051,1.31037321314804,1.48467033438989,1.64839181057692
-0.846390380300585,2.65252180389722,0.80626960250356,-1.08563955578413,-0.154314405671909,-0.563838991677172,-0.72533237614913,-0.940879515198525,-1.06602904457615,-1.18358500618832
1.40561485849128,-0.982450837197754,-1.05129808010353,-0.646925609712679,-0.0919549591251259,-0.335988018792368,-0.432220885085293,-0.560664035123831,-0.635239832557262,-0.705290671932198
1.39560145172881,-1.03057309801794,0.362379472413737,-0.82663179092255,-0.117498660440375,-0.429320424996326,-0.552285330721207,-0.716408051408129,-0.811699881050262,-0.901209787504343
-0.917754694646598,2.29962705846903,-1.05353163952636,-0.466417222109326,-0.0662972310114085,-0.242238977765546,-0.311620473099916,-0.404224779283672,-0.45799206837111,-0.508496975607964
1.5904591646473,-0.430439252962995,-1.35421053277235,-1.18439750344942,-0.168352005829486,-0.61513003144726,-0.791314070038257,-1.02646899968834,-1.1630030724964,-1.29125280944383
-0.12087802963259,-1.28536898890542,1.01638234742992,0.871022443369527,0.123808413169305,0.452375204625756,0.581943403924813,0.754879619002671,0.855288680448773,0.949605325757563
1.56971590878784,-2.08090813295222,0.879880788518524,-0.357179336042983,-0.0507699969719229,-0.185505065294841,-0.238636972228137,-0.309552759702388,-0.350727407006857,-0.389403743082509
-0.419051956948136,-1.43174550065681,-0.612372023309199,1.55118154287518,0.220487229488546,0.805623406390408,1.03636809135946,1.34434576399637,1.52316168778599,1.6911277838408
-1.16886712830009,1.1104553741619,-0.0687769253304023,0.481378848641278,0.0684238986460414,0.250009465099654,0.321616564404491,0.417191410651297,0.472683434720268,0.524808426988913
0.856853610403957,-1.71711122571581,0.491360256145284,0.211548863487121,0.0300698670803351,0.109870257806586,0.141339028232011,0.18334077001717,0.207727538687056,0.230634616770837
0.649442170003263,0.757918376539361,-1.11636357523418,-1.05013978339868,-0.149268415731728,-0.545401789605877,-0.701614435770202,-0.910113310656946,-1.03117052432686,-1.14488247541311
-1.11385409507094,-0.825331459249406,0.123698456555854,1.75179068760013,0.249002108829159,0.909811999446268,1.17039812632396,1.51820552603947,1.72014711793635,1.90983570999887
-1.14288181950596,1.67377069785561,-0.32746245925674,0.0989069103020258,0.0140587739261932,0.0513684051741456,0.0660812181029281,0.0857185843302654,0.0971202997620076,0.10783020517094
1.34893630780369,-2.85333971444092,-0.663433384579007,0.66640108897973,0.0947232324367039,0.346102825805302,0.445232750375343,0.577542638517945,0.654363515408631,0.726523211890788
-1.79110413015059,1.76856679908359,-0.807226548139992,0.801912141401664,0.113984973043937,0.416481999769269,0.535769755151922,0.694984539586759,0.787426756309543,0.874259952842121
-0.462102707215147,1.66323207008898,0.831675560087282,-0.805871032122527,-0.114547695602686,-0.41853809374661,-0.538414750535684,-0.698415548674742,-0.791314135385091,-0.87857601121839
-1.43743463827782,1.82086605579902,-0.574738451642272,0.349926831277403,0.049739115261165,0.181738396189637,0.233791462973593,0.303267309682205,0.34360590826923,0.381496923685485
1.26234309604005,-1.09329145573246,0.0559620295687563,-0.591408240869618,-0.0840636385373298,-0.307154455108856,-0.395128882637575,-0.512549396334322,-0.58072530483042,-0.644764574669453
-0.379860538235576,-1.9032525289702,0.446725107611556,1.67248058943681,0.237728854647651,0.868621416862968,1.11740983785664,1.4494706993535,1.64226964219421,1.82337032420365
-0.340203980427807,1.95245855287109,0.747315611825259,-1.12607144324599,-0.160061453714355,-0.584837742631522,-0.752345537974949,-0.975920182675127,-1.10573058836363,-1.22766462314479
0.443332866432904,1.69088301317616,-0.284503985120469,-1.61693694046081,-0.229833798563046,-0.839774204299786,-1.08030027725053,-1.40133328464485,-1.58772930904708,-1.76281557583736
-1.53707358610615,2.80826516734583,-0.981566330599012,-0.172547578091124,-0.024526166922895,-0.0896145059646135,-0.115281673506467,-0.149539946990783,-0.169430755204524,-0.188114669546335
0.923029707543804,0.80671594365464,-1.33356074683174,-1.34266544330028,-0.190848443938138,-0.697328248290857,-0.897055299038829,-1.16363336674274,-1.31841213050956,-1.4637995442876
-1.80257783748934,0.941091619637196,1.28813128363452,1.06310478388283,0.151111279998776,0.552135306970025,0.710276550703138,0.921349547679709,1.04390133079519,1.15901716689198
-0.462197256755155,1.61288072892214,-0.412143441853445,-0.573119126702595,-0.0814639969086573,-0.297655800020561,-0.382909645998902,-0.496698967175585,-0.562766557106334,-0.624825432631725
0.976891701597909,0.0550101306630878,0.729215110248917,-1.19942859177423,-0.170488546865677,-0.622936594536931,-0.801356569828039,-1.0394958307582,-1.17776264591141,-1.30763998939979
-0.925980315698644,1.70002246818201,-0.4765447909395,-0.127939603192982,-0.018185523660627,-0.0664468575003288,-0.0854784038524794,-0.110880034893312,-0.125628558971175,-0.139482202200641
0.326060953282287,0.787018043459901,0.144729646764858,-0.924633160588587,-0.131428719486653,-0.480218527558155,-0.617761543288272,-0.80134184060999,-0.907930997460516,-1.00805275495578
1.36274115148644,-1.70284462731514,0.720877091851013,-0.376099365562795,-0.0534593178382173,-0.195331393296724,-0.251277733054603,-0.325949977459699,-0.369305673508754,-0.41003072110388
0.219563120614297,1.1507895128641,0.875795220189078,-1.18218219103639,-0.168037118059809,-0.613979484278489,-0.789833985964409,-1.02454907879187,-1.1608277765038,-1.28883763348408
-1.63537634722949,3.16976374526621,-0.960474988802778,-0.324658910279293,-0.0461474957493172,-0.168615220065991,-0.216909578852606,-0.281368633337823,-0.318794415783968,-0.353949352973296
1.78356657703464,-3.41792807989021,0.137635442310364,0.470951225002661,0.0669417008615278,0.244593762653421,0.31464970971401,0.408154214630295,0.46244417104804,0.513440032273479
-2.34464176027174,2.49957028132126,0.698912534402367,0.641731511788384,0.091216662394946,0.333290406200137,0.428750628894546,0.556162522341926,0.630139558513109,0.699627967039846
-1.05978331815044,1.97055107893771,-0.62396005073244,-0.151442351655327,-0.0215262389480353,-0.0786532716126809,-0.101180949229905,-0.131248908209753,-0.148706764214103,-0.16510534805604
-1.1763392031553,0.142443281667482,-0.811758973976666,1.2871980735567,0.182964230295994,0.668520652196389,0.859996701753474,1.11556206013307,1.26394669872065,1.40332795699932
1.43778689660868,0.224063495875634,0.181200917586932,-1.7243482435449,-0.245101399406768,-0.895559460560024,-1.15206341012108,-1.49442227926941,-1.69320038201357,-1.87991743266282
-0.915057873457001,-0.411355855108254,-0.799450682707306,1.39473127203766,0.198249157530986,0.72436921618827,0.931841274801273,1.20875669652548,1.36953746521965,1.52056270651765
-0.525747858592011,-0.786387807256695,0.912922940140529,0.970071574025421,0.137887402506097,0.503817473524278,0.648119641619334,0.840721459911868,0.952548631559284,1.0575905822782
-1.82069097038063,3.1004136317683,-0.943940808392913,-0.0803077110736417,-0.0114150563501249,-0.0417087039564975,-0.0536548088965585,-0.0695994170985194,-0.0788570682155161,-0.0875530024690494
0.265240421712512,-2.17636531864059,-0.476383034668336,1.32058223777927,0.187709504575485,0.685859089611418,0.882301171991596,1.14449475338443,1.29672782621417,1.4397240112951
-1.41737320371371,-0.375089531314003,0.0671945400470949,1.76919925224733,0.25147658785198,0.918853331336696,1.18202905437335,1.53329281885069,1.73724122199641,1.92881486010988
-0.437433183216709,-1.11679098193725,1.02776476279677,1.0894653637219,0.15485821164783,0.565825967629262,0.727888456891956,0.944195186867404,1.06978574481695,1.1877559751693
-1.71019402162957,2.56838748029497,-1.00062864354048,0.184190930086577,0.0261811701268907,0.0956616104698625,0.12306077488888,0.159630765183986,0.180863786856003,0.200808474566767
1.43065267211123,-1.28661850531595,0.83889263094377,-0.759851345720681,-0.108006389587745,-0.39463725719375,-0.507668294854655,-0.658532163806655,-0.746125728178225,-0.828404468992874
1.15196755653528,-2.79482570438451,0.931322644680158,0.583081303674588,0.0828800354183459,0.302829767557827,0.389565528659234,0.505332779558149,0.572548781733993,0.635686388489703
1.20660304254216,-1.44267134160273,0.235754474952388,-0.314869256835448,-0.0447559799880572,-0.163530854544085,-0.210368961797647,-0.272884340059145,-0.309181598295999,-0.343276485565157
2.3119236506173,-2.22114327853964,0.390491119536387,-0.975099143031758,-0.138602028570571,-0.506428597468701,-0.651478637295378,-0.845078648873994,-0.957485384789959,-1.06307173415939
0.299234028982968,0.785749148952207,0.218519001661825,-0.906744760436413,-0.128886035938327,-0.470927987755343,-0.605810029805962,-0.785838693941114,-0.890365725431123,-0.988550479000558
0.559999932711727,-2.91284921764416,0.488920583101473,1.36947196670722,0.194658762662832,0.711250514707562,0.914965146939507,1.1868654870288,1.34473443277246,1.49302452877112
-1.47449491134102,1.87463805072377,0.689596210708044,0.151268144119962,0.0215014768323403,0.0785627949894227,0.101064558513579,0.13109792964551,0.148535703486356,0.164915423669328
0.0517677059745937,1.6798717032886,-1.24985920725567,-1.03717215193666,-0.147425177493611,-0.538666905814076,-0.692950563040746,-0.89887479347299,-1.01843713440547,-1.13074491559185
-1.73969336463605,1.21850682799,1.0693691115281,0.835654994505326,0.118781231889356,0.434006726248619,0.55831387091238,0.724228093858929,0.820560093487359,0.911047056615862
-0.442325408993531,-0.583282812548257,0.263629613408547,0.841134848963688,0.119560146474224,0.43685274967866,0.561975045409992,0.728977260171701,0.825940962286345,0.917021298746647
1.09255082480744,0.263673360269345,0.63479838801919,-1.45476671519506,-0.206782683857219,-0.755549292074796,-0.971951871736068,-1.26078696601199,-1.42848845477121,-1.58601449480446
1.90478615450252,-1.44628138781337,-1.14848214856498,-0.839730701557196,-0.119360558893471,-0.436123490088195,-0.56103691307188,-0.727760342895567,-0.824562178775545,-0.915490470390266
0.569908231870401,0.868971184727441,0.590741717519943,-1.31382264048836,-0.186748685459259,-0.682348417491611,-0.877784981752667,-1.13863648616478,-1.29009033128931,-1.43235456905364
2.41929623223267,-2.46233896125785,-0.791568892245908,-0.733057516407523,-0.104197875220241,-0.380721583595997,-0.489766928072003,-0.635311044973832,-0.719815890708632,-0.799193323853162
-2.29455848546009,1.69363860379458,0.0544144073226589,1.25650115788354,0.178600925483797,0.652577867237479,0.839487623333262,1.08895829557533,1.23380427851116,1.36986159246479
-0.394932754337222,-1.38333653179213,-0.469268634246706,1.46867516271707,0.208759651075982,0.762772799163149,0.981244318051176,1.27284085009529,1.44214566626874,1.60117775028709
-0.217647090072312,1.47485123849418,-0.509463411605027,-0.722355947034964,-0.102676738385566,-0.375163604382511,-0.482617046050694,-0.626036431360621,-0.709307629736642,-0.78752626825947
1.04420721931129,-1.88658460294742,0.69689150097429,0.0975564511079321,0.0138668176670366,0.0506670291545983,0.0651789556798931,0.0845481964376498,0.0957942346635606,0.106357908730484
-0.645739546978998,2.54615431601083,-0.873217104427822,-0.959205223915143,-0.13634284349463,-0.498173913599856,-0.640859667069251,-0.831304037555374,-0.941878566375703,-1.04574387957288
0.569202997548768,-1.75081736359058,-0.567802225779458,0.710961535474435,0.101057119941695,0.369245789864042,0.475004265576745,0.61616135968704,0.698119041770533,0.775103862862091
-1.40351836508621,1.38362613404655,-0.735428734583127,0.646268267445045,0.0918615235268994,0.335646620766296,0.43178170467188,0.560094343396226,0.634594364228669,0.704574024820584
1.31615471270388,-0.0167711221168114,-1.2997849376235,-1.19014735476528,-0.169169298165401,-0.618116280751602,-0.795155633562002,-1.0314521612632,-1.16864906104945,-1.29752140731225
1.68699709925817,-2.3741376915121,0.884119348825568,-0.277345269242999,-0.0394222651165624,-0.144042353765802,-0.18529861230825,-0.240363830773907,-0.272335427365009,-0.30236711665888
-1.09822983603205,2.57877362724417,-1.17048609285012,-0.450872910642452,-0.0640877396817958,-0.234165866522407,-0.301235081086702,-0.390753158653118,-0.442728542449141,-0.49155026996732
-1.4871703280561,2.02698867970678,-0.86000035037838,0.303590619066695,0.0431528178014908,0.157673168433493,0.202833531563045,0.263109604807996,0.298106692835263,0.330980298969705
1.68523932446631,-0.958868742397498,0.587268247895661,-1.22253877078413,-0.173773461752836,-0.634939123332973,-0.816796833555695,-1.05952448014476,-1.20045537290229,-1.33283514853038
-1.62028305157734,2.64782694121943,-0.791171286350475,-0.0010244556601979,-0.000145617636625715,-0.000532062454233976,-0.000684454480597939,-0.000887853928842245,-0.00100595034773085,-0.00111688115309995
1.05016685057292,-0.506790490017842,-0.0506343538169498,-0.759492910527523,-0.107955441081393,-0.394451099885079,-0.507428818825098,-0.658221522646823,-0.74577376759935,-0.828013696090348
-0.608567149673728,-0.62102096726701,0.896086060004452,0.945184027543071,0.134349849988233,0.490891849140785,0.631491891524574,0.819152438643219,0.928110642673311,1.03045770313762
1.55227637795869,-1.33138546701982,0.65772714922364,-0.829789148400125,-0.117947451883216,-0.430960233758852,-0.554394809497437,-0.719144404332064,-0.814800205423368,-0.90465199900974
-1.48087743125332,1.59567894471978,0.760175217127761,0.342857150817162,0.0487342204664793,0.178066678923125,0.229068101431062,0.297140306029289,0.336663931379814,0.373789422842593
1.42293666276276,-0.362699743965816,0.713255581809505,-1.38067704708598,-0.19625146929363,-0.717069997968613,-0.922451432357872,-1.19657647309075,-1.35573710955126,-1.50524052169324
-0.7535665636298,-0.137261625263092,0.316059435170569,0.852491783509002,0.121174437879947,0.442751100091977,0.569562786917414,0.73881985204504,0.837092750205412,0.929402845985303
-0.494233910436134,2.61545245365659,0.0867302242373935,-1.32222856280042,-0.187943515639127,-0.686714126842654,-0.883401106894614,-1.14592155611975,-1.29834441275066,-1.44151886631854
0.58875019873032,-2.32559027686329,-0.756406770856473,1.12371338927742,0.159726276449705,0.583613061046478,0.750770086086701,0.973876553495491,1.10341512923561,1.22509382761129
2.40979762882858,-2.45864479454574,-0.25916032624913,-0.809935425138431,-0.115125414413063,-0.420648981515628,-0.541130233614872,-0.701937992297955,-0.795305111009037,-0.883007090214407
-1.15786109522862,0.372072864327218,0.665430869514946,0.871829509485373,0.123923130735869,0.452794363399541,0.582482617129046,0.755579070281657,0.85608116808042,0.950485204671912
-2.02365642164558,3.28864583712159,-0.47654041280792,-0.0695234379686372,-0.00988216388509277,-0.0361077716386758,-0.0464496712478623,-0.0602531275342299,-0.0682675974346061,-0.0757957816845654
-1.55727342251409,3.20295093948365,0.277056785994002,-0.627813782133158,-0.0892383758000943,-0.326062078332542,-0.419451981044399,-0.544100593812419,-0.616473232550701,-0.684454591998062
-0.670687743730817,-0.222618590879773,0.013062573514159,0.871841246483883,0.123924799050126,0.452800459140406,0.582490458797095,0.755589242259464,0.856092693066996,0.950498000572153
-1.46601512888413,1.74930393871393,0.653431107957858,0.23597328813263,0.0335415907781031,0.122555354707345,0.157657359550924,0.204508422482514,0.231710771363548,0.257262591627853
2.17531770525604,-3.13710080771757,0.760667158982531,-0.244249351691408,-0.0347179626434903,-0.12685362046892,-0.163186724075519,-0.211680949153497,-0.239837339782514,-0.266285314396421
0.612541242429814,1.03896071285355,0.726654409621696,-1.50039989603724,-0.213269051402563,-0.77924939266158,-1.00244009714675,-1.3003353822787,-1.47329733808334,-1.63576466127704
-1.80258434780308,2.74450060317032,-1.00590131956203,0.160160011460059,0.0227653799543202,0.0831808853016776,0.107005350954157,0.138804148332537,0.157266952080384,0.174609507497319
1.30629793140879,-3.11499375104913,-0.409524312771367,0.855544535622802,0.121608360562291,0.444336580894067,0.571602377251701,0.741465547767483,0.840090358759617,0.932731014722572
-2.39105365603201,1.66280526662152,0.00541501606650066,1.38916706757631,0.197458253312439,0.721479384644957,0.92812374477777,1.20393442750611,1.3640737700787,1.51449650440044
1.8672764609587,-3.19069394937454,0.430559919014358,0.175312843805887,0.024919225864995,0.0910506775042597,0.11712918978467,0.151936489978959,0.172146070386439,0.191129415113298
-1.23427613769006,-0.66726494654988,0.588924563282123,1.69580079599881,0.241043623160449,0.880733025806808,1.13299042420114,1.46968137105157,1.66516860289268,1.84879445938824
0.130637185216138,-2.25180491011406,1.00455684089522,1.28268897561993,0.182323300473088,0.666178801975023,0.856984104521423,1.11165420889633,1.25951905112821,1.39841205219376
-0.145467792441105,-0.97244066594415,0.318703759667751,0.788171263745735,0.112031824452779,0.409345521956721,0.526589264824863,0.683075881470507,0.773934087770391,0.859279385232203
1.21421037595678,-0.347635126224105,0.688635429278798,-1.16404867933358,-0.16545959399461,-0.604561643062582,-0.777718709709729,-1.00883350394118,-1.14302182051005,-1.26906813222867
1.17525882110874,-2.6945885198799,-0.966255178720939,0.788725126748941,0.112110551355928,0.40963317687459,0.526959309160513,0.683555891940986,0.77447794603807,0.859883217270731
0.878097085615637,0.713455410556426,-1.27884704615664,-1.23776146781594,-0.175937238332892,-0.64284520053815,-0.82696735005047,-1.07271737066445,-1.21540309388964,-1.34943122396315
-1.79967790439166,1.27175144359229,0.84832581647502,0.897487173114343,0.127570148839382,0.466119956698231,0.599624894257106,0.777815520664966,0.881275363058596,0.978457680253955
0.58160625098537,0.629439609324009,-0.738495356325984,-0.947248999076102,-0.134643368083767,-0.491964315099513,-0.632871530559237,-0.820942065232032,-0.930138313476854,-1.03270897459478
-1.64037159696967,0.366044390635363,-0.627826446545157,1.59740020601279,0.227056818349812,0.829627583726552,1.06724748643807,1.38440159388424,1.56854547750115,1.741516254309
1.86760048680846,-3.24083630796078,0.613091359452898,0.181237544393636,0.0257613715339801,0.0941277367248707,0.121087572778721,0.157071186284927,0.177963749811721,0.197588637001865
0.921098183546871,1.0848601300576,-0.958935214145521,-1.59540086618169,-0.226772629241071,-0.828589204323018,-1.06591169694635,-1.3826688476141,-1.5665822528576,-1.73933653578846
2.09190510462709,-1.14588120799613,-0.839798723669065,-1.29989623382007,-0.184769165500988,-0.675115583120661,-0.868480536657501,-1.12656703762202,-1.27641548505154,-1.41717173416627
-1.88141499997988,3.34472426209148,-0.748076001953781,-0.218024494684025,-0.0309903228376597,-0.113233448973564,-0.145665496384439,-0.188952935407318,-0.214086196955432,-0.237694473745858
-1.13970363585684,-0.354606831965392,-0.668223574845197,1.57439096622396,0.223786251112226,0.817677478838912,1.0518746617464,1.36446042440285,1.54595186641005,1.71643114104765
-1.24084508144531,1.14178519340209,0.344853519343348,0.470771017387393,0.0669160858856369,0.244500169821856,0.314529310252617,0.407998036041568,0.462267218623171,0.513243566484907
1.13195446371288,-0.214022205612297,0.770190184921818,-1.18283921445295,-0.168130508336073,-0.614320716705702,-0.790272953348542,-1.02511849418425,-1.1614729317409,-1.28955393297815
0.465617583018081,-1.51874938183153,0.337361168084397,0.515198385388115,0.0732310574174607,0.267574018082943,0.344211913678706,0.44650142350876,0.505892070361956,0.561679132736992
-1.93572418749309,3.05738170871723,0.658606471962771,-0.181190817184851,-0.0257547296596915,-0.0941034684286901,-0.121056353616524,-0.157030689719273,-0.177917866662502,-0.197537694105207
0.56474998148345,-2.74275643437319,0.933079754195398,1.17446042550962,0.166939534933205,0.609969099371834,0.784674956424851,1.01785693961308,1.15324549352314,1.28041921703076
1.3590979310126,-2.37350293335338,-0.9734837052053,0.367644643620489,0.052257551207021,0.190940339314339,0.245629004134014,0.318622614855939,0.361003673912025,0.400813221548812
1.23870205904992,-1.6492041767671,0.0677279472541845,-0.17748051304829,-0.0252273415642182,-0.0921764806618679,-0.11857744272822,-0.153815120483012,-0.174274583813501,-0.193492649577273
1.29075855727656,0.612173893876511,-0.118005503618217,-1.79222184990576,-0.254749053796829,-0.930810373782652,-1.19741080366181,-1.55324556505274,-1.75984794966649,-1.95391453637614
0.827341192499876,-1.93357939971059,0.845403927055905,0.339026366648757,0.0481897071618054,0.176077118510243,0.226508695992508,0.293820321664317,0.332902344796805,0.369613028679806
-0.77100465771294,2.60462200173873,0.557408914513726,-1.09317194982267,-0.155385071256219,-0.567751024392798,-0.730364883703738,-0.94740753383372,-1.07342537679111,-1.1917969662235
0.660453121469284,0.583722160914802,-0.753035244736589,-0.99718277685633,-0.141741028812924,-0.517897978592366,-0.666233050498767,-0.864217633425526,-0.979170109652231,-1.08714773409662
-1.35569059863783,1.03825253814758,-0.794203825002283,0.847030188588398,0.120398118732673,0.439914559956188,0.565913811895991,0.73408651052876,0.831729811111997,0.92344851075179
-1.35220293535862,2.80665134847987,0.639838352764909,-0.626367597295012,-0.0890328129568825,-0.32531098613387,-0.418485762855853,-0.542847244409155,-0.61505317095376,-0.682877933629742
-1.48229705193365,0.539832671233262,1.22875164797431,1.01173582781306,0.143809620913439,0.525456267652075,0.67595616621837,0.876830169009624,0.993460280754065,1.10301374857161
0.580405651529122,0.453407339448191,-0.171635686667473,-0.91221972672104,-0.12966425571098,-0.473771472457926,-0.609467938440008,-0.790583623873119,-0.895741794354176,-0.994519391950852
-0.715660196946924,1.91638048552556,-0.790741218990318,-0.455096751634449,-0.0646881226623716,-0.23635956537323,-0.304057093795136,-0.394413789332658,-0.446876085851691,-0.49615518219626
1.81956616145902,-2.75803002951747,0.797697435494789,-0.135801126011287,-0.0193029720945196,-0.0705298269125095,-0.0907308073740451,-0.117693296015385,-0.13334807472966,-0.148052984726
0.267592007123454,-2.47940269573621,0.545476904999158,1.36885878386306,0.194571603950108,0.710932051369781,0.914555470111691,1.18633406647207,1.34413232619112,1.49235602510752
0.20877408134976,-2.44005639734922,0.364637056227442,1.43282910762229,0.203664440001402,0.744155751310975,0.957295020902832,1.24177453645587,1.40694711840732,1.56209769547964
0.317665676147545,-2.54213276498585,0.536980368817566,1.36069998142192,0.193411899752714,0.706694686475328,0.909104449531575,1.17926316522817,1.33612090073699,1.48346114265197
1.89202687633464,-3.40157648007804,-0.000314382434015648,0.365309056272734,0.0519255673809495,0.189727326018981,0.244068562538435,0.316598456580062,0.358710275577756,0.398266919555007
-0.397891655487578,2.43808297379556,0.25737663672968,-1.32777291002586,-0.18873159732091,-0.689593645309391,-0.887105369995382,-1.15072661568281,-1.303788609348,-1.4475634196974
-1.46205576654207,0.825354402176616,-0.937330249857636,1.13307657835459,0.161057173937679,0.588475937550958,0.757025775781772,0.981991247504849,1.11260918581999,1.23530175541091
-1.68826009805833,1.10599854463486,1.15829057923685,0.845556985279625,0.120188715444246,0.43914943541395,0.564929542254368,0.7328097453192,0.830283219094093,0.921842396330073
-0.611134712437392,2.33118291528842,0.963358748493135,-1.13651843262186,-0.161546404173288,-0.590263502889029,-0.759325331210402,-0.984974162190595,-1.11598886795902,-1.23905413075733
-1.29347214671104,2.88460033589595,-1.07311752541817,-0.472265106606233,-0.0671284579280866,-0.245276141694047,-0.315527534089899,-0.409292902217359,-0.46373431927733,-0.514872451125214
0.431338419920677,-2.36496393405566,-0.503128810654449,1.27960597911006,0.181885078807735,0.664577613409066,0.854924307443975,1.10898230158961,1.25649174449928,1.39505091043748
-1.62431598657232,0.526540243565922,1.12239642334236,1.18988081660318,0.169131412038413,0.617977851189267,0.794977555343113,1.03122116351132,1.16838733751444,1.29723082231048
-1.69050562057856,1.95233056259591,1.03475417801991,0.273046412592665,0.0388112192998079,0.141809694697537,0.182426480492217,0.23663818708349,0.268114223353687,0.297680420924573
1.23359189464406,-2.64888061959612,1.09722402170873,0.36692279002018,0.0521549458729389,0.190565436609322,0.245146722713486,0.317997013787993,0.360294859554845,0.40002624294856
1.68448082324759,-2.91493991615343,1.04480747034359,0.0797473123979908,0.0113354004568667,0.0414176546643704,0.0532803979782799,0.0691137424273497,0.0783067923328782,0.0869420451154285
2.50386716236748,-2.62008997710154,-0.166928657078654,-0.811797031168218,-0.115390025836396,-0.421615827335812,-0.542374001049326,-0.703551370301239,-0.797133089813548,-0.885036648710638
2.25771464691482,-1.57278816202168,0.089483505820067,-1.32479893136669,-0.188308871613445,-0.68804907637809,-0.885118409409818,-1.1481491897,-1.30086835131969,-1.44432113128688
0.609510076427114,-2.70993552674161,0.876025724287607,1.11256811596393,0.158142070883264,0.577824639250716,0.743323758682516,0.964217399777226,1.09247117919379,1.21294303749552
0.741573105084995,-1.75340722929813,0.0304009577702636,0.433490210315574,0.061616937051564,0.225137967554729,0.289621433384932,0.375688281393205,0.425659835507792,0.472599317632963
-1.97711674415218,3.39744680728145,-0.339186659391279,-0.217526823284578,-0.0309195830918421,-0.112974977790789,-0.145332994517885,-0.188521623907525,-0.213597515271314,-0.237151902868391
-1.40193329772035,1.27259491448911,0.712284490652346,0.492945572597507,0.0700680098276641,0.256016771979494,0.329344469422997,0.427215818448885,0.484041222507421,0.537418690655498
0.379651276713354,-2.383534812593,-0.43705233410821,1.33746818649257,0.190109698199617,0.694628995097352,0.893582932349804,1.15912911628544,1.31330875464266,1.45813339552014
1.29249008851886,-1.83320622584279,-0.679501317187726,0.0127444909075215,0.00181152071100132,0.00661899326019458,0.00851478911533098,0.0110451303682095,0.0125142800788442,0.0138942877212601
1.42958140299746,-0.312470984889628,-1.23352260481375,-1.11429184137333,-0.158387083752108,-0.578719875235427,-0.744475405967628,-0.96571128227155,-1.09416376799226,-1.21482227590249
0.0758492014958775,-1.53059165753222,0.91986584623173,0.84811947029238,0.120552950838655,0.440480290538086,0.566641577647004,0.735030546545223,0.832799416514621,0.924636066497598
-1.17570600912215,2.02205221309095,-0.809867783072927,-0.0341129365163961,-0.00484886304686005,-0.0177169334205585,-0.0227913741435025,-0.0295642904687297,-0.0334967355679987,-0.0371905757880184
1.37179355292419,-1.97661447872519,-0.783416950758427,0.0451210872271737,0.00641357780456203,0.0234341390657712,0.0301460878415392,0.0391046056210345,0.0443060399289518,0.0491918722198963
-1.3570840385052,2.34513346832271,-0.829267914265685,-0.0639376793949411,-0.00908819593326727,-0.0332067457271151,-0.0427177405925464,-0.0554121784449724,-0.0627827375252327,-0.0697060808618652
1.16476573439248,-2.05253592976967,-0.862256005242698,0.332445255631955,0.0472542583475024,0.172659145224304,0.22211175516064,0.288116741217228,0.326440112049193,0.362438175587868
-0.170100768905276,1.52697235428972,0.740038812148837,-1.00801865983278,-0.143281257181108,-0.523525715071587,-0.67347266949119,-0.873608651160011,-0.989810258046766,-1.09896122094997
-0.432846688931358,2.45718084462114,-0.821124354618401,-1.13273123860007,-0.161008086836265,-0.58829658150416,-0.756795049014874,-0.981691955627469,-1.11227008412956,-1.23492525940603
-0.847911362261397,-0.635640911287762,-0.808718555963626,1.48191395464559,0.210641432462244,0.769648513162544,0.99008935723172,1.28431437099379,1.45514531853427,1.61561093443478
-0.307216179642752,-0.749977258749053,0.2086520407034,0.822403100884388,0.116897588209234,0.427124207739383,0.549460078290936,0.712743218258091,0.807547576192565,0.896599588752538
0.947044207218037,-1.88239680905921,-0.106283214899216,0.325955511319386,0.0463317965311277,0.169288624253558,0.217775857819983,0.282492344565466,0.32006759559821,0.355362932224241
-1.40585583404916,2.76410481749916,0.838635187008398,-0.570611298932315,-0.0811075305752077,-0.296353331743903,-0.381234127945144,-0.494525535151916,-0.560304029624105,-0.622091350835247
0.593038466700276,-2.03515767996747,-0.776549938190799,0.918305748966519,0.130529331878032,0.476932315877764,0.613534102898636,0.795858131078854,0.901717881394345,1.0011544897959
0.243800583386133,1.05422583302701,-0.681501946441911,-0.893279357230249,-0.126972043691249,-0.463934580665634,-0.596813588168131,-0.774168778292714,-0.877143555293511,-0.973870238904125
-2.35801268265344,2.50253846685667,-0.514814561062418,0.84645989992001,0.120317057061278,0.439618374186209,0.565532793322442,0.733592264604339,0.831169823885061,0.922826771138944
-1.62477818701336,0.0314361261099868,0.154906649811633,1.69161477875508,0.240448616503168,0.878558971140802,1.13019368211688,1.46605352067165,1.66105820000698,1.84423078333302
-0.287376573426175,-1.75775271862442,1.13056738534884,1.36286640506865,0.193719838401133,0.707819842718953,0.910551870273621,1.18114071622526,1.33824819106826,1.48582301914372
1.55301709724427,-2.89329997425989,0.970307849776541,0.217008940590558,0.0308459704828417,0.112706009647129,0.144986989176593,0.18807279610323,0.213088987380481,0.236587297251048
-0.899571448872431,3.03787048492795,-0.150544759707321,-1.14767276498669,-0.163131897406632,-0.596056629603977,-0.766777711105215,-0.994641167019102,-1.12694171341349,-1.25121479722413
0.570203193996256,-2.14539829766033,1.19976467114044,0.706712613035225,0.100453171847266,0.367039064684331,0.472165495570175,0.612478991940378,0.693946869980903,0.770471606359726
2.30773303306199,-2.92259945677568,-0.672703889335404,-0.309244327238439,-0.0439564442092767,-0.160609484725405,-0.206610860383109,-0.268009443041932,-0.303658274931296,-0.337144079743708
-0.209118949970653,-1.83069039282063,-0.181670593586353,1.53851103352382,0.218686224624917,0.799042836275178,1.02790273045226,1.33336475042487,1.51072005289331,1.67731415222694
1.03301201052083,-0.455375453705804,0.362072860585324,-0.842715628855463,-0.119784840856626,-0.437673745317122,-0.563031188610524,-0.730347257617247,-0.82749318767159,-0.918744695216515
0.0550145306382552,-1.50643675118139,1.06839275812408,0.829884006301799,0.117960935125091,0.43100949926631,0.554458185511005,0.719226613805792,0.814893349853996,0.904755414908269
-0.100266337572881,1.55801443396876,0.76807638777397,-1.10898350358174,-0.15763254879891,-0.575962930896081,-0.74092882437592,-0.961110762456988,-1.08895131765909,-1.20903502452202
-2.34715367170216,1.90634883070097,0.225835969130042,1.13616241311082,0.16149579903555,0.590078600191761,0.759087469134978,0.984665614603904,1.11563927942645,1.23866599147764
-0.0271214335144353,-1.38020179364251,0.812114302158877,0.869731328276488,0.12362489216809,0.451704649625876,0.58108079020249,0.753760662221545,0.854020887485872,0.948197727391012
0.268054237265672,-1.96502673801431,1.20133410850168,0.903015117765968,0.128355899035161,0.468990956305618,0.60331819854767,0.782606364786438,0.886703453370934,0.984484351233143
0.473169343903714,-1.6605412990543,0.47634487701201,0.584676929253307,0.083106839988558,0.303658473469108,0.39063159049006,0.506715643154952,0.57411558464028,0.637425970011396
1.32156716713756,0.0395455708044677,0.49395263647722,-1.52000123893331,-0.216055215155774,-0.789429568351708,-1.01553605385058,-1.31732306654557,-1.49254461101897,-1.65713442017108
1.4860078456708,-0.220907879568647,0.462088065359472,-1.50791800928625,-0.214337687094412,-0.783154008490148,-1.00746306348766,-1.30685102433618,-1.4806796474706,-1.64396105212237
1.02247997337382,0.160953364493631,-0.991538301713512,-1.04969342791552,-0.149204970105844,-0.54516996991562,-0.701316218851445,-0.909726472568409,-1.03073223161109,-1.14439585012898
-0.548493740215846,1.57646237989162,0.19034289450067,-0.550772832753847,-0.0782876617693393,-0.286050003436737,-0.367979745553017,-0.47733234580944,-0.54082391669582,-0.600463075603834
1.06022794984423,-1.71794546102793,0.145303242442549,0.0494430037984528,0.00702790139244825,0.025678774560747,0.0330336263431185,0.0428502344042234,0.0485498873170388,0.0539037083210304
2.03744425735221,-1.4713767544024,0.64389592932063,-1.24831454176352,-0.177437267809116,-0.648326056999202,-0.834018020009286,-1.08186328935058,-1.22576554179211,-1.3609363870046
0.236205778667609,1.4911082912286,-1.34347515333027,-1.08704751544879,-0.154514535132654,-0.564570231206364,-0.726273055515175,-0.942099736403293,-1.06741157148218,-1.18511999074146
-1.28685795255132,-0.660149648348478,0.908650418077533,1.69634570340526,0.241121077101884,0.881016029535783,1.13335448516576,1.47015362007167,1.66570366733353,1.84938852786391
0.337033722648345,-1.98672963935965,1.27352500641693,0.83301258211183,0.118405635499311,0.43263435994932,0.556548434815355,0.721938022832592,0.817965412458829,0.90816624808927
-1.58901007527047,3.10783718162589,-0.841667551117717,-0.349607389750582,-0.0496937093719859,-0.181572490675765,-0.233578039208352,-0.302990462742272,-0.343292236992404,-0.381148662423739
0.0952501609317208,1.06596927114108,0.0994590665020087,-0.866469838818715,-0.123161299252191,-0.450010758759944,-0.578901739259119,-0.750934062358353,-0.850818312126453,-0.944641989209315
-1.60998236203845,1.36270522578007,-0.933422952971439,0.913253161957957,0.129811149717868,0.474308198555315,0.610158392313023,0.791479260034789,0.896756562075537,0.995646062810223
1.91030135906331,-0.796290081191167,-1.00085165777008,-1.32563392021275,-0.188427558158013,-0.688482737132725,-0.885676278216774,-1.14887284047017,-1.30168825729774,-1.44523145209572
-0.304370630766177,-0.726071694260746,0.100161721142273,0.8197738855985,0.116523867675505,0.425758695504867,0.547703459383159,0.710464584626552,0.804965853884947,0.893733167965051
-0.0296645258113465,2.18217553389978,-1.10675947129867,-1.32559290059304,-0.188421727568843,-0.688461433136483,-0.885648872382051,-1.14883729043913,-1.30164797863824,-1.44518673172183
-1.91476821543902,0.677883490709428,-0.165940521358417,1.59865184824985,0.227234728621133,0.830277638059157,1.06808372774216,1.38548634115136,1.56977451062823,1.74288081861306
-1.27302740605483,1.52258418337367,-0.156547698043525,0.31723545898806,0.0450923154475885,0.164759767979234,0.211949857612154,0.274935030937485,0.311505058422874,0.345856164404714
0.74014688240935,0.165277495252299,-0.167849394523388,-0.881322044213495,-0.125272413605202,-0.457724417008078,-0.588824724629959,-0.763805862890138,-0.865402233873307,-0.960834147573878
0.549481932442954,-1.71043798395433,-0.568069929260261,0.703738005597522,0.100030356764294,0.365494169189898,0.470178114888066,0.609901021020858,0.691025994532041,0.767228632442827
-1.39067205819907,1.88317313320503,0.73054132034929,0.0491006178184724,0.00697923414489857,0.0255009525896443,0.0328048730381232,0.0425535024427373,0.0482136860454748,0.053530432577645
0.508632609922799,-2.66636254287649,0.320291086917276,1.27802858148941,0.181660865186332,0.66375837439077,0.853870423990461,1.10761523542046,1.25494284028931,1.39333120138427
0.920457892279907,-2.8376690094239,-0.069677407099248,1.01962496278171,0.144930994179056,0.529553577741992,0.681227017839502,0.883667360455983,1.00120690988926,1.11161463439134
1.01533274078269,-1.62103439798231,0.120107831514473,0.0333950158495926,0.00474681674574001,0.0173440733283501,0.0223117203759469,0.028942097913812,0.0327917831015594,0.0364078849470904
1.22498459901884,0.311265229709054,0.364771610305427,-1.58705299357692,-0.225586050332109,-0.824253643733832,-1.06033435570086,-1.37543408697236,-1.55838517251939,-1.73023552542464
0.23614804972692,-1.28091511049446,0.157730208587177,0.622120239543415,0.0884290872694556,0.323105073592094,0.415648038240987,0.539166232713417,0.61088253558792,0.678247382979736
0.186706632483387,0.970287101972853,0.440825881920973,-0.951246351239107,-0.135211557608558,-0.494040384455091,-0.635542222620197,-0.824406407282915,-0.93406345924412,-1.03706696437084
-0.766082822678316,3.050495109132,-0.535258312219016,-1.23833438961657,-0.176018674281582,-0.643142753854677,-0.827350127859904,-1.07321389861717,-1.21596566668508,-1.35005583426713
-1.95181492044218,2.86606534643346,1.03626912141167,-0.089486599222796,-0.0127197570327033,-0.046475861721856,-0.0597873643254407,-0.0775543850119721,-0.0878701530020657,-0.0975600018722463
-0.959983453030409,-0.748757822380885,-0.562305369794995,1.64218979768866,0.2334232768884,0.852889556886619,1.09717209703643,1.42321890583406,1.61252600986735,1.79034672373913
-1.13363161964897,0.63582015929518,-0.712213317392402,0.879145344861495,0.124963014352899,0.456593923962503,0.587370438532205,0.761919406358474,0.863264853452542,0.958461068311724
-1.42633793840388,2.19766342257787,0.946848410393636,-0.167964720531065,-0.0238747527984817,-0.0872343478615887,-0.11221979634302,-0.145568171297498,-0.164930680349892,-0.183118350588829
-1.13286732482835,-0.777128580626045,0.026455037681557,1.75369551478738,0.24927286377148,0.910801292655838,1.17167077047415,1.51985636205675,1.72201753717051,1.91191238902755
2.18664142656952,-3.24442337000173,-0.337067839671717,-0.00686405968173366,-0.000975667554336844,-0.00356492582564868,-0.00458598315845754,-0.00594880051231979,-0.00674007035341219,-0.00748332913773932
0.900072147888123,-0.233425812558068,0.206754610597589,-0.831763960226137,-0.118228154545183,-0.431985874269828,-0.55571421145417,-0.720855893180795,-0.816739345124832,-0.906804976630036
-1.26568787697474,2.98475287127129,-1.03416470290365,-0.578520627275513,-0.0822317741568291,-0.300461129487742,-0.386518471068375,-0.501380227372226,-0.568070487369695,-0.630714251858108
-1.16819134313706,1.00073651828103,0.192358259069372,0.5163095115725,0.0733889945300653,0.268151093838973,0.344954274060868,0.44746439124526,0.506983125655983,0.562890503753103
-1.34882484721283,1.23515427102296,0.793686996556334,0.449516591279111,0.0638949504495501,0.233461446958709,0.300328903395048,0.389577691990877,0.441396723036944,0.490071584658278
1.66791836025428,-0.145377618046544,-0.27974367086285,-1.63792956765658,-0.232817721516063,-0.850676958982641,-1.09432577225428,-1.41952673825794,-1.60834273474019,-1.78570213948276
1.35804642375962,-0.963340347125205,0.740460417792292,-0.893648516803459,-0.12702451657678,-0.464126307800499,-0.597060229319872,-0.774488713835244,-0.877506046531996,-0.974272703730885
0.793500109161231,0.0504804788526353,0.263382147068566,-0.926159993433361,-0.131645745756326,-0.481011505197069,-0.618781643642374,-0.802665084350628,-0.90943025027428,-1.00971733732329
0.0697946049102215,-1.90673651429109,-0.78413372466792,1.38909074904168,0.197447405283505,0.721439747764205,0.92807275519861,1.2038682853455,1.36399883012822,1.51441330047442
0.107360517030377,-2.22525479042124,-0.157922242312058,1.47332143711694,0.209420079363423,0.765185893508064,0.984348564974332,1.2768675865766,1.44670801242953,1.60624320749619
-0.995921376723654,0.425332594323602,-0.440242762777041,0.836536389178361,0.118906514626529,0.434464488386214,0.558902744161436,0.724991962666256,0.821425567038119,0.912007969944766
-2.21475352244416,3.26084671100814,-0.109400320243466,0.0962172000663393,0.0136764545511868,0.0499714742138528,0.0642841815948082,0.0833875221935791,0.0944791752585212,0.104897831632237
1.84637182283488,-2.97348057100798,0.83377531283188,-0.0188579172922464,-0.00268049214277307,-0.00979406932488916,-0.0125992626981332,-0.0163433876234983,-0.0185172762420484,-0.0205592620830042
0.925255456984152,0.0433394562843518,0.731640398142325,-1.13637221811678,-0.161525621028153,-0.590187564757744,-0.75922764306535,-0.984847444043742,-1.11584529460788,-1.23889472490759
-1.49490909026061,0.491002798929267,1.16897215081741,1.06901099498815,0.151950797545492,0.555202763472057,0.714222580591449,0.926468219905514,1.04970085472384,1.16545623119319
0.931527013235677,-2.55168431880085,-0.732652685234563,0.91204649069327,0.129639631686806,0.473681500397955,0.609352196802752,0.790433487274876,0.895571687585142,0.994330526720299
0.338834762854428,-2.4782322457762,0.171931619723356,1.35106542742768,0.192042430055692,0.701690873579576,0.902667456788868,1.1709132903153,1.32666038105099,1.47295736763001
-0.334551957206308,-1.46636854417009,1.18568058741231,1.19991227925233,0.170557298916316,0.623187803014447,0.801679728823063,1.03991502296383,1.17823759627353,1.30816731473877
-1.69169658197799,3.45774792218195,-0.329180712658534,-0.566828833296125,-0.080569885337879,-0.294388866098744,-0.378707004856286,-0.491247426487699,-0.556589888768785,-0.617967634460356
-2.18554305652974,2.8050471046063,0.742207142036151,0.250070470155554,0.0355453849968436,0.129876883160271,0.167075902270021,0.216725875058489,0.245553308145712,0.272631609072864
2.17804263617567,-3.19727770176584,-0.482832404603178,-0.00766255778569291,-0.00108916725106963,-0.00397963470705759,-0.00511947194302658,-0.00664082624492818,-0.0075241447419368,-0.00835386704166945
-1.28881975470008,1.82260745584865,-0.729866017832332,0.214312838408458,0.0304627425471563,0.111305758958294,0.143185682111403,0.185736194327341,0.210441586391864,0.233647955090122
-1.15950314534558,-0.747463129486507,0.283009687650873,1.72066129892567,0.244577331667498,0.893644604818631,1.14960010608325,1.49122695477389,1.68958003672595,1.87589785512742
-0.436302745320091,2.49283244119709,0.2371038819084,-1.32192223862065,-0.18789997426898,-0.686555033969029,-0.883196447029372,-1.14565607744939,-1.29804362187494,-1.44118490583941
2.32967101921867,-1.70171761666353,-0.317138095057906,-1.24672069534147,-0.177210716130854,-0.647498275112747,-0.832953146860216,-1.08048196767628,-1.22420048590459,-1.35919874515353
-1.03337797813808,-0.598263209572773,1.33264203549448,1.31443922777024,0.186836328083776,0.682668648962033,0.878196933137348,1.1391708572088,1.29069578081212,1.43302678430037
1.51889735658126,-2.50066372275237,-0.864291753029661,0.268688825382527,0.0381918254347693,0.139546533259084,0.179515109891757,0.232861644012757,0.263835349665333,0.292929696010767
-1.72710723324309,3.38078234285797,0.0700787134152191,-0.538206527818307,-0.0765014686748741,-0.279523553045157,-0.359584005208307,-0.466441641954192,-0.528484603916625,-0.586763049636971
-0.417634675328746,-0.782540538962651,-0.534458732404095,1.08127265405083,0.153693687826827,0.561570992637397,0.722414782373412,0.93709489961054,1.06174102461804,1.17882412640322
-0.524970093157028,2.44924633283193,0.564687119365301,-1.24840226068048,-0.177449736305188,-0.64837161479546,-0.834076626358083,-1.08193931175749,-1.22585167619348,-1.36103201984547
-0.126747861632148,-2.16136816046283,0.318125922762655,1.60339901581928,0.227909498012318,0.832743132395112,1.07125538293359,1.38960051762687,1.57443592746914,1.74805627148516
-1.27062627901779,2.78807969562687,-0.984443278341739,-0.442970253491471,-0.0629644443532632,-0.230061533536528,-0.295955195088929,-0.383904248082957,-0.434968635390312,-0.482934642005798
0.10254558824928,1.84401479628506,0.53022737929077,-1.48913779218294,-0.211668239370952,-0.773400293623562,-0.994915713473039,-1.29057497629672,-1.46223866787576,-1.62348650027133
2.31320490681535,-2.48256004205111,0.300055359603607,-0.778493401247585,-0.110656198821215,-0.404319216307231,-0.520123337008924,-0.67468847284404,-0.764431041886077,-0.848728394451023
-1.84002039596595,0.564882942421385,0.983553291091464,1.41573984116269,0.201235346493311,0.735280250489596,0.945877420851556,1.22696396635832,1.39016654487408,1.5434666503592
-1.08956690308723,2.98737848755206,0.285853829444534,-0.978155135296801,-0.139036411812785,-0.508015761079417,-0.65352039242422,-0.84772715270334,-0.960486174966753,-1.06640343537151
-1.36962153863245,3.23899959431176,-0.112842199229896,-0.79205367675145,-0.112583676356441,-0.411361896381136,-0.529183164278529,-0.686440610442619,-0.777746370590302,-0.863512066140809
1.51438000226647,-3.26890703436323,0.0571690894381584,0.66702282466313,0.0948116068625966,0.346425731155379,0.445648141485749,0.578081471471536,0.654974020334527,0.727201040023306
-2.08832487693647,2.88379522516214,-0.740446920621109,0.325907891399535,0.0463250277655732,0.169263892317945,0.217744042223883,0.282451074323549,0.320020835863461,0.355311016076906
-0.0405212835397017,-1.2377039108976,0.654896013237297,0.808905624268832,0.1149790370005,0.420114142967374,0.540442207918197,0.701045505894179,0.794293912005396,0.881884381611793
0.322597023027078,-2.4653770238495,0.997908552595214,1.22839947672705,0.174606511128736,0.63798294622222,0.820712460749671,1.06460371490266,1.2062102136536,1.33922460223327
-0.375257484346686,1.55421485794035,0.107778888057641,-0.707386182784765,-0.100548914043675,-0.36738889063382,-0.472615517812211,-0.613062747364564,-0.694608272665369,-0.771205944982458
-0.0801507407552798,-1.04424562190499,0.0504908330854783,0.811272475822785,0.115315464766894,0.421343393676341,0.542023537607664,0.703096759582168,0.796618009803114,0.884464768441111
-2.23350779001739,2.82633745519662,-0.522254019216081,0.486985473254493,0.069220832527461,0.252921328021177,0.32536243597965,0.422050443485792,0.478188783754281,0.530920876366952
0.453815438901451,0.428822963735227,-0.0186058240604833,-0.783790006555966,-0.111409066101968,-0.407070067250786,-0.523662079949326,-0.679278824594026,-0.769631971666415,-0.854502854853923
-2.0814906535549,1.76302685012,-0.44298182204524,1.05870068147672,0.150485274395262,0.549847987346606,0.707334102589481,0.917532691786176,1.03957678214072,1.15421573022194
0.960622026150088,-0.388197250224882,0.242487778525372,-0.793491394593549,-0.112788035688362,-0.412108591151132,-0.530143725537637,-0.687686621845814,-0.779158118135256,-0.86507949362811
-1.47159257438121,3.15219682420839,-0.885679252709422,-0.499406162722671,-0.070986327624895,-0.259372151398384,-0.333660888405563,-0.432814948355744,-0.490385111399303,-0.544462149566452
-0.665325669881063,-0.479920486903361,0.71640086429139,0.935290608703332,0.132943584860749,0.485753591905115,0.624881947223049,0.810578216128947,0.918395934161516,1.0196717087104
0.546081028102765,-1.49396513612761,-0.439772669864039,0.534965686091519,0.0760408106578724,0.277840385808221,0.357418749329511,0.463632936637137,0.52530230331674,0.583229822006475
-0.399510263555976,-1.02294858297505,-0.797579625436395,1.27249065312056,0.180873695890282,0.66088218962868,0.850170449425869,1.10281573881856,1.2495049466012,1.38729364596563
1.5421593279428,-1.81580231479714,-0.754981979490919,-0.254617267941693,-0.0361916735318736,-0.132238313218192,-0.170113687347506,-0.220666399216747,-0.250017974594179,-0.277588614975212
1.78253691586357,-3.26214392646632,1.00050551000857,0.225762728150136,0.0320902467414188,0.117252386687881,0.150835528405902,0.195659346677336,0.221684650405875,0.246130843861591
0.967066350509315,0.611024698974579,0.617358890735246,-1.56174862866095,-0.221989250628092,-0.811111540055649,-1.04342812284148,-1.35350382617106,-1.53353789442303,-1.70264822285622
-1.17992214358837,3.15371933286791,-0.561200450872854,-0.863984261217971,-0.122807995590615,-0.448719846356585,-0.577241086883618,-0.748779913648943,-0.84837763289657,-0.941932164973192
1.3608119627227,-0.837219953379461,-0.846689857807405,-0.733463694132624,-0.104255609920411,-0.380932536520237,-0.490038301616672,-0.635663062638482,-0.720214731419539,-0.799636146577073
2.17832220018174,-2.2595635349705,-0.975098139000425,-0.58858215535154,-0.0836619345787952,-0.305686696127142,-0.39324073171943,-0.510100143303708,-0.57795026846713,-0.641683522189759
-1.06451021173431,2.79313718112366,0.6898822694506,-0.932599665991262,-0.132561090299733,-0.484356020844489,-0.623084087278624,-0.808246085855257,-0.915753599444552,-1.01673799150238
-1.2440570115262,0.13183620652831,-0.796765719640036,1.36471876248268,0.193983135212599,0.708781885167565,0.911789458566569,1.18274607883056,1.34006708831991,1.48784249462218
-0.563080094381537,1.63823980754693,0.764254791758056,-0.669591095488618,-0.0951766646609498,-0.347759591205781,-0.447364042468281,-0.580307287025427,-0.657495899055435,-0.730001017994524
0.555772244501497,1.15139744116848,0.516496908523791,-1.48531402291375,-0.211124723174386,-0.771414376476694,-0.992360994795836,-1.28726107145873,-1.45848396947794,-1.61931775388582
1.27720012234599,-0.163751314614803,-1.16653353090241,-1.06636034562275,-0.151574030340128,-0.553826119209687,-0.712451641247636,-0.924171010231656,-1.04709808551242,-1.16256644256231
-1.5140009067947,0.957262557804668,1.10116704304598,0.77266613058108,0.109827901984756,0.401292758401081,0.516230048434018,0.669638215076238,0.758709032451174,0.842375392525909
2.36389836455857,-2.11841223309447,0.313158754667426,-1.09060213158943,-0.155019793507049,-0.566416360678949,-0.728647948874442,-0.945180377204656,-1.07090197861413,-1.18899530123876
-1.32734315575551,2.06532367335221,-0.849404476137996,0.103990662824058,0.01478138599835,0.0540087086530371,0.0694777508443099,0.0901244652534826,0.102112221634281,0.113372609395428
0.66277057926704,-1.87219181342048,-0.518840225975433,0.688352182410148,0.0978433931921922,0.357503370599452,0.459898611316138,0.596566755716743,0.675918094027617,0.750454713755526
0.0147119841966873,-1.58459561650703,-0.692981351641453,1.20727492022044,0.171603835549138,0.627011672582777,0.806598821757432,1.04629592353782,1.18546724176219,1.3161942067301
-1.83278135186529,2.34123595211207,-1.00134354914359,0.47501708555942,0.0675196282703241,0.246705412606123,0.317366173279668,0.4116779301113,0.466436587703834,0.517872711210603
-0.0553238102954313,-0.976800619729432,0.0324378614273614,0.740197962932742,0.105212828807645,0.384430054006323,0.494537569503875,0.64149937868842,0.726827355376229,0.80697797521347
-0.663404729343792,-1.16049375742577,-0.201668816146876,1.55691951603875,0.221302833446397,0.808603486644099,1.04020171890816,1.3493186312612,1.52879601274843,1.69738343192043
-2.47915222159893,2.25553049864865,-0.0811107552515367,1.08078242620061,0.153624006118062,0.561316387344799,0.722087253655842,0.936670039131215,1.06125965202619,1.17828967062548
1.80493090168531,-0.857724958290236,-1.27934426385513,-1.12557692520913,-0.159991162192139,-0.584580909182713,-0.752015142918118,-0.975491604066041,-1.10524500308115,-1.22712549012351
-0.610489782996482,-1.52311373524618,0.91279145225965,1.57826750685746,0.224337268308251,0.819690803381431,1.05446463777846,1.36782006402952,1.54975838293367,1.72065741978376
-1.59630482970931,0.429572428762509,1.24435550468671,1.20868442259801,0.171804184293367,0.627743713337095,0.807540531833545,1.04751748174893,1.18685128351425,1.31773087317836
0.903524336202189,0.833951385267002,-1.17242047653634,-1.36648757967281,-0.194234557493577,-0.709700540070682,-0.912971232359399,-1.18427904053176,-1.34180395438118,-1.48977089295086
-2.18336778224983,3.61603999496622,0.0192912009621698,-0.20727844091559,-0.0294628629254269,-0.107652366293755,-0.138485893658508,-0.179639768982906,-0.203534255133954,-0.225978920413033
1.93658312331737,-3.3719471837427,0.0499013269249689,0.288862795186109,0.0410593832201286,0.150024109109719,0.192993647382429,0.250345600660518,0.283644905830121,0.314923743710668
-1.90468380885284,2.58381663003892,0.956286137142273,0.0710422585946819,0.0100980512861934,0.0368965880425779,0.0474644185162019,0.0615694274117471,0.0697589827588037,0.0774516289779865
-1.26366061164393,2.23435093158141,-0.786000837234506,-0.0929298427755576,-0.0132091847433989,-0.0482641486008154,-0.0620878479569355,-0.0805385037347768,-0.0912511993311507,-0.101313891844282
-0.951328527672475,1.95983285239812,0.644303088349655,-0.461101992629546,-0.065541716463498,-0.239478454151199,-0.308069287066019,-0.399618286724093,-0.452772850838141,-0.502702210777224
1.46376015313638,-3.35840150023054,0.532928875820172,0.708583925601468,0.100719162971988,0.368010951702303,0.473415748089955,0.614100782202838,0.695784379987302,0.772511747107635
-0.305427085025398,-0.706027621085526,0.0512866799665853,0.814576188802331,0.115785059396376,0.423059213798456,0.54423079873112,0.705959952849206,0.799862045977345,0.888066539513755
-1.46862592584922,0.818631522642991,1.13103498419335,0.816765974203263,0.116096318718951,0.424196503229256,0.545693827818125,0.707857750525645,0.802012276066462,0.890453885436722
1.61740919874466,-3.37412333096234,0.448178702255193,0.56868869310104,0.0808342485502356,0.295354804997596,0.37994960561122,0.492859291109122,0.558416152891454,0.619995289188835
-0.184849593625475,1.85737638332832,0.846024231338506,-1.24114265389958,-0.176417845103511,-0.64460125717952,-0.829226372138582,-1.07564770671035,-1.21872320372818,-1.35311745769552
0.827735603595001,0.802578359294732,-1.00442788287537,-1.29001228917568,-0.183364247049586,-0.669982246413839,-0.861876922210657,-1.11800102600636,-1.26671007959744,-1.40639606868801
-0.744405123906998,1.68278814789401,0.457577446058778,-0.458251880754716,-0.0651365973632224,-0.237998216813576,-0.306165083771797,-0.397148211030218,-0.449974222119546,-0.499594964303903
0.415160866204591,-1.43801698379715,-0.419220688751998,0.632469860115829,0.0899001975832358,0.328480264277345,0.422562777891026,0.548135826659014,0.621045205206721,0.689530737260615
0.608922319776358,0.533556576461177,0.614550022499682,-1.12372562340143,-0.159728015426114,-0.58361941497501,-0.750778259891897,-0.973887156311694,-1.10342714236783,-1.22510716548727
-2.34881736255077,2.94273627519955,0.448380947637853,0.374632937139179,0.0532508775419466,0.194569787366529,0.250297989817275,0.324679083766728,0.367865733997488,0.408431992791529
0.0934085502039264,-2.02848112362557,-0.484950505616784,1.40189378133295,0.199267247153027,0.728089145143895,0.936626656706954,1.21496415114285,1.37657059412523,1.52837141113182
-1.62988247811907,1.80942685814002,0.785155741975505,0.348160368115633,0.0494880275852439,0.180820963877356,0.232611261943076,0.301736388121355,0.341871353714187,0.379571091763541
-1.66063329443018,0.560703337385325,1.18708323921247,1.19447699503453,0.169784719611095,0.620364927635122,0.798048332384218,1.03520448386034,1.17290049261806,1.30224166393663
1.03975674504424,0.510426846893305,0.564475930141814,-1.5604635293644,-0.221806584721051,-0.810444109426658,-1.04256952836471,-1.35239008303534,-1.53227600858993,-1.70124718302605
1.60797114967019,-3.1243200258263,0.851851722693209,0.339284998596987,0.0482264694879073,0.176211441892372,0.226681491949102,0.294044467423164,0.333156304932284,0.369894994176011
-2.00778860075646,2.92744242371712,-0.930298838819256,0.239198534393431,0.0340000320325962,0.124230422265368,0.159812195860589,0.207303611845402,0.234877758207022,0.260778816783071
2.04917677103339,-2.10206936307797,0.755461954395246,-0.835531170490639,-0.118763631361508,-0.433942416867835,-0.558231142196096,-0.724120780636702,-0.820438506174729,-0.91091206130696
-1.56154490710139,-0.182095517609996,0.817630705291344,1.6688460399177,0.237212234425093,0.866733773100229,1.11498153978581,1.44632078355383,1.63870074556486,1.81940786880843
0.56253315417685,0.363299158868817,0.138391472507132,-0.878975478640258,-0.124938869317989,-0.456505702049076,-0.587256948314185,-0.761772190234084,-0.86309805561935,-0.958275876908699
0.4497474139386,0.90231233425423,-0.990555716176937,-0.957880639346549,-0.136154565092857,-0.497485975855171,-0.639974691878885,-0.830156074145144,-0.940577908515002,-1.04429979214398
1.97778836115208,-1.49458490816609,0.605109827154516,-1.16203732385305,-0.16517369696376,-0.603517023197727,-0.776374892379015,-1.00709034419785,-1.14104679726243,-1.26687531401734
-0.663665901465469,2.22726722944374,0.90428117320999,-0.997952048615756,-0.141850374233993,-0.518297508446312,-0.666747012715966,-0.864884329877593,-0.979925485627942,-1.0879864088808
1.91856560088791,-0.920070396971149,0.553142069918275,-1.49400378954083,-0.212359899403311,-0.775927503533295,-0.998166760661886,-1.29479213770232,-1.46701676801655,-1.62879150365138
1.18820726670107,-0.20588738549489,0.597449109514878,-1.22133715629751,-0.173602662499658,-0.634315051469609,-0.815994016556121,-1.05848308988812,-1.19927546384656,-1.33152512543661
-1.56417647981008,2.53810270322387,-0.725744437997354,0.00564861722660895,0.000802902773345145,0.00293367225286952,0.00377392748182794,0.00489542611946852,0.00554658311147206,0.00615823052825529
-0.875326302868274,3.07148516062014,-0.463381785478206,-1.14760517881143,-0.163122290608122,-0.596021527971297,-0.766732555748785,-0.994582592838128,-1.12687534808491,-1.2511411134833
-1.61467711732501,1.96508020985087,0.923698982209965,0.200579782331951,0.0285107057268191,0.10417334337011,0.134010417501071,0.173834314854899,0.196956598146594,0.218675914715675
0.234081979101188,1.87968653571543,-0.969880591142368,-1.41698825217033,-0.201412797472922,-0.735928626647222,-0.946711503321892,-1.22804591325071,-1.39139240513923,-1.54482769191515
0.0375197841266882,1.09853514327637,-0.12181350379566,-0.792487099202165,-0.112645283662043,-0.411586999156987,-0.529472740440689,-0.68681623999953,-0.778171963890188,-0.863984591585628
