1.5418843985713,2.24291092870941,-0.290638859834706,-0.2798213537514,-0.151646697274655,-0.451440619534247,-0.402494440699351,-0.0170812107452129,-0.650010840172255,-0.603392392018924
-2.08487541500073,-1.24267373733076,-0.751605482826984,0.365339942599176,0.197992736919206,0.589409234915307,0.525504197196576,0.0223015451448522,0.848666193103877,0.787800283679638
2.34969954392383,0.911339298702576,0.0912308146256355,-0.369662723680092,-0.200335429730794,-0.596383252241423,-0.531722076318748,-0.0225654218421044,-0.85870779473512,-0.797121706729092
2.71825255183766,0.675168909389924,0.758329531797485,-0.439680955682294,-0.238281188658033,-0.709344874397854,-0.63243615246292,-0.0268395637573042,-1.02135660334449,-0.948105425184971
0.665392360960932,-2.91199173950958,-0.485603081907497,0.00989085499864531,0.00536026101531777,0.0159570870787752,0.0142269848149436,0.000603770142690041,0.0229759554855246,0.0213281315980163
1.01733629615481,3.04046456456497,-0.571589907906687,-0.218259797531488,-0.118283958674899,-0.352122298373882,-0.313944429032519,-0.0133232919820516,-0.507006461327146,-0.470644214776734
-1.16345081264545,-2.34665639344472,0.785585447302546,0.210568946445837,0.114115970239655,0.339714515578518,0.302881925171676,0.0128538172745538,0.48914100356703,0.454060058596304
2.19507968960817,-1.52195479534888,0.431284112505422,-0.285839616508852,-0.154908241321466,-0.461149986711984,-0.411151097062662,-0.0174485851900218,-0.663990959912594,-0.616369864653994
2.28048729223411,-0.873822222008662,-0.172051090614831,-0.296056930085846,-0.160445423663694,-0.477633755049663,-0.425847659203075,-0.0180722834321996,-0.687725262150249,-0.638401954759265
-2.04130785076807,-1.83149020041026,0.265341691429579,0.340254337746477,0.18439781618121,0.548938195645892,0.489421116475859,0.0207702377681437,0.790393602867541,0.73370697409341
1.44226310466873,2.30031629572765,-0.0302889344701717,-0.27658633819741,-0.149893509328782,-0.446221513106816,-0.397841201199932,-0.0168837348138698,-0.642496062797231,-0.596416570670154
-1.97644180703262,-2.69233363417971,-0.242801429410578,0.375327704089065,0.203405515546723,0.605522662908946,0.539870572102626,0.0229112307767547,0.871867257463141,0.809337379457012
-2.26215812360179,0.090248480844149,-0.121109242063444,0.327745667154575,0.17761885325673,0.528757741488791,0.471428671273649,0.0200066675986113,0.761336594273036,0.70673391943465
-1.76293455528556,2.38443589409795,-0.0991855038454977,0.18541307429988,0.100482968766197,0.299130112872125,0.266697772125635,0.0113182205524164,0.430705185965397,0.399815228228726
1.07228582743962,-3.52557840077317,0.525673731502457,-0.0666168249185397,-0.0361023965697611,-0.107474073402375,-0.0958214994220043,-0.004066508900609,-0.154747512133682,-0.143649098960527
-2.26991107050036,-1.4692864433736,0.360128321513083,0.358808917618682,0.194453305940003,0.578872619593206,0.516109984741106,0.0219028700166732,0.833494952675497,0.773717116928836
-0.228065332498854,3.02819109851307,0.391967468805953,-0.073084915385014,-0.0396077207480793,-0.117909155386801,-0.105125187006224,-0.00446134230018974,-0.169772558871746,-0.157596556958418
1.07270213138997,2.95605424902449,-0.016495208837866,-0.243692927735757,-0.132067217690436,-0.393154006291038,-0.350527389480548,-0.014875813442996,-0.566086335363402,-0.525486910177732
0.734974125018482,-2.75731960118414,0.600498626485184,-0.0439850115342069,-0.0238372863233161,-0.070961778259655,-0.0632679471358126,-0.00268498898162681,-0.102174955267127,-0.0948470192385102
2.53151024799736,1.86353103840677,0.0132909116114139,-0.421939188831661,-0.228666195696825,-0.680721775726845,-0.606916432720917,-0.025756548274371,-0.980143377040951,-0.909847990592771
-1.61180510343487,2.24990932933079,-0.533047705967187,0.183346492822242,0.0993630032898985,0.295796061306455,0.263725205719068,0.0111920696591109,0.425904621803459,0.395358958096455
-1.05726319611718,2.59766847884425,0.211552859919988,0.0660136291414086,0.0357754999759678,0.106500927244379,0.0949538638977894,0.00402968785728379,0.153346318877252,0.142348398574586
-2.25377079643613,-1.32849928259172,0.377598051874197,0.351582820760427,0.19053718693032,0.567214632814244,0.505715982373487,0.0214617654274544,0.816709095459706,0.758135132888632
-2.57393211038636,-0.45012594941248,-0.14711599463116,0.390016427217733,0.211365938580139,0.629220233449842,0.56099880024176,0.0238078784842122,0.905988417746017,0.841011387410617
2.28583540394176,-0.861215020659192,-0.245395693673602,-0.294566154394504,-0.159637511018935,-0.475228660897042,-0.423703330616102,-0.0179812816075845,-0.684262265682516,-0.6351873226438
-1.97679018368281,-1.58455056932855,0.0569990636375466,0.330975502436119,0.179369233799963,0.533968490493277,0.476074459480189,0.0202038273091794,0.768839338137394,0.713698570310043
-1.02949120550692,2.70237374023277,0.150419868835034,0.0610385510238147,0.0330793005790956,0.0984745478507849,0.0877977221039951,0.00372599281521057,0.141789464249164,0.131620395705574
0.470226229816801,-3.52155131256275,-0.767587932947761,0.0666774151316416,0.0361352328975856,0.107571824638919,0.0959086522557939,0.00407020752541091,0.154888260131633,0.14377975258337
0.910569036683858,-3.32568087488457,0.830787874422398,-0.0603649856243782,-0.0327142677935213,-0.0973878731665911,-0.0868288670645705,-0.00368487617995663,-0.140224805922239,-0.13016795388118
-2.41380972506516,-1.31337811932395,-0.00468665292746858,0.38797720827703,0.210260801987697,0.625930326337268,0.558065592050184,0.0236833978896657,0.901251415372286,0.836614120447304
-1.72354466172297,-2.11299599137771,0.0584914459159279,0.310438992018254,0.168239654385582,0.500836583789869,0.446534786529073,0.0189502115371305,0.721134063997443,0.669414694263306
-1.38126757841796,2.5481969421996,0.224611029423695,0.113752163722318,0.0616469747754158,0.183518329018545,0.163620870608865,0.00694380416367759,0.264240518178058,0.245289322081961
-1.56784740931376,-1.37209766973325,-0.181226690381316,0.274166902068103,0.148582317408089,0.442318195041576,0.394361089412115,0.016736044518418,0.636875835141015,0.591199422894162
-1.41616247169807,-1.48593791941987,0.336119102087019,0.237101596574524,0.128495104312225,0.382520097966708,0.341046432742837,0.0144734570282796,0.550775006729873,0.511273702276885
-1.33140643528775,2.62904854756658,0.0174312168551451,0.11158108874392,0.0604703799744983,0.180015696284613,0.160498000972823,0.00681127464528133,0.259197220903331,0.240607727532778
0.652085821718969,-2.56401487167101,0.44889135384042,-0.0324323526556493,-0.0175764254555268,-0.0523236742998075,-0.0466506271508393,-0.00197977689424798,-0.0753387134892881,-0.0699354591253942
-2.13055899093467,1.86059858246985,0.0648802869004997,0.248381657540645,0.134608233162601,0.400718415009564,0.357271648469749,0.0151620288473993,0.576978017356061,0.535597446255743
-2.44817362915787,-0.630886950743445,-0.409951837081434,0.386843921115835,0.209646627076615,0.624101974600342,0.556435474205417,0.0236142183342969,0.898618846663968,0.834170358233053
-2.30333879772687,-2.23918333690329,-0.134685783932795,0.404813927406328,0.219385312375018,0.653093295898937,0.582283493072774,0.0247111662992239,0.940362261632797,0.872919956628067
0.987848561271302,3.21927277151151,0.76759508119159,-0.267709309782443,-0.145082682625617,-0.43190004995345,-0.385072502388873,-0.0163418519621343,-0.621875175145562,-0.577274602634057
2.24235229374406,-1.65439738087684,0.184649159900202,-0.279746813473014,-0.151606300832854,-0.451320362416611,-0.402387222121296,-0.0170766605627945,-0.649837686878801,-0.603231657191955
0.430800243088881,-3.18976377802487,-0.754057669403785,0.0618116018417579,0.0334982486035937,0.0997217240777063,0.0889096767580228,0.00377318236583285,0.143585222167316,0.13328736277559
2.52684865038683,-0.657409211128761,0.771200111889259,-0.372140187543061,-0.201678069266339,-0.6003801874509,-0.535285655075373,-0.0227166543402311,-0.864462817879263,-0.802463982528906
-2.21273416959738,-2.61717514122823,-0.366801983355124,0.411583012310714,0.223053757815511,0.664013977405005,0.592020130416962,0.0251243733838654,0.956086503213752,0.887516463568938
-1.26983792880373,-2.51533605463351,0.0705435222618716,0.256798716819146,0.139169783677733,0.414297802016316,0.369378728652213,0.0156758336784587,0.596530419987417,0.553747560475876
-2.00630166919827,2.67189433612581,0.219503343671761,0.200291024640372,0.108545941806334,0.323132966939791,0.288098184284205,0.0122264193078571,0.465265911482636,0.431897276020775
3.34972593758576,0.720972737233052,-0.018053225497186,-0.504115447598828,-0.273200889240977,-0.813298152302503,-0.725118588731643,-0.0307728559129302,-1.17103466638449,-1.08704865337256
-2.90718922097328,0.401120302100874,0.309081249179965,0.395798474290703,0.214499467634829,0.638548509786882,0.5693156844664,0.0241608335509648,0.919419820408574,0.853479496678736
2.35442153301243,0.985557967296003,-0.898714242604379,-0.33690640770657,-0.182583435232608,-0.543536922329503,-0.484605461019805,-0.0205658691672302,-0.782616530857477,-0.726487669747944
-0.95109098351576,-2.83202857886188,0.59007272745377,0.201722439657373,0.109321684460878,0.325442293491972,0.29015712860333,0.0123137975627381,0.468591016108719,0.434983905827616
2.04190471252566,2.78788400046921,-0.177249288653257,-0.372519653299278,-0.201883717362482,-0.600992386104726,-0.535831477812864,-0.0227398181712455,-0.86534429762235,-0.803282242991387
-1.6527150433723,-2.19408784435778,0.560480746529971,0.28459040586144,0.154231242706669,0.459134613613984,0.409354235121623,0.0173723292858618,0.661089106813858,0.613676130989382
-1.69210834870138,2.35481743160496,0.0657045610545754,0.170156523657979,0.0922148166554642,0.274516456403812,0.24475278209793,0.0103869107961536,0.39526499111278,0.366916786196482
-2.35822842838035,1.23439369524676,0.0433117763527591,0.300970651698935,0.163108371447923,0.485561146935568,0.432915545931155,0.0183722330725371,0.699139588724247,0.648997651614021
-1.68975669536045,2.23663373536542,0.0525250375321397,0.173876659363639,0.0942309111586665,0.280518215544776,0.250103817392776,0.0106140000484114,0.403906678043288,0.374938695718324
0.0369190860893951,2.94185549211814,-0.271141927083853,-0.0847620297102982,-0.045936029139801,-0.136748045466869,-0.121921523441338,-0.00517415155513791,-0.19689790435238,-0.182776486403229
-0.794299507937531,-1.93886155027343,-0.515787092408828,0.191899565754197,0.103998265196438,0.309594881487825,0.27602792765167,0.0117141772084857,0.445772977266758,0.41380236517149
-2.6278726255959,1.51174661029238,0.643445983912052,0.309797026280421,0.167891746755943,0.49980088938513,0.445611384375759,0.0189110238485853,0.719642810084844,0.66803039232583
2.01987223596913,-0.467349301001495,0.436557799522055,-0.29275340837534,-0.158655109414774,-0.472304126457557,-0.42109588059368,-0.0178706256609751,-0.680051348441431,-0.63127841025394
0.0826544090953304,-3.45115735654997,-0.281642867822823,0.1028972036736,0.0557642255914534,0.166005834622688,0.148007119138333,0.00628118189508641,0.239024995464336,0.22188224388276
1.22243171216729,1.80476203221834,-0.070825571055045,-0.228405583005213,-0.123782376996878,-0.36849066918803,-0.328538105301166,-0.0139426239148331,-0.530574607401667,-0.492522065354715
1.41545197461342,-3.33237800875913,-0.522861593440647,-0.0841472209240938,-0.0456028389788879,-0.135756163840902,-0.121037183789546,-0.00513662161575202,-0.195469734663725,-0.181450744321116
-0.106031564155169,-3.68195975299265,-0.539533973630901,0.146394829898793,0.0793373777755362,0.23618130575137,0.210574012281207,0.00893641928318476,0.340067779330127,0.315678290479266
-1.92742930527859,-2.95071877925826,0.528532172933863,0.348290954051117,0.188753189005777,0.561903807436724,0.500980968293048,0.021260819115627,0.809062255728688,0.751036720629135
3.05660184285607,-0.924083230411047,0.442309991751039,-0.428566583644512,-0.232257853450711,-0.691413866162764,-0.616449263338489,-0.0261611061323485,-0.99553847971164,-0.924138964299275
2.08719012809866,-2.07829201706923,-0.0778182348382566,-0.23506136064872,-0.127389416573739,-0.379228550134516,-0.33811176172205,-0.0143489143536358,-0.546035641951229,-0.506874242339142
0.722814847873707,2.61780287049999,-0.34995288055161,-0.170973565767351,-0.0926576053696186,-0.275834604540454,-0.24592801373208,-0.0104367857191028,-0.397162938574075,-0.368678613827377
-1.60652076291139,-2.2776872019246,0.0946196449525282,0.297260610024865,0.161097747315485,0.479575672669984,0.427579029869901,0.0181457599929857,0.69052134971816,0.64099750834334
0.885368145369596,-2.278228411074,0.0302996879563829,-0.0596391134409153,-0.0323208878109361,-0.096216811044948,-0.0857847740581387,-0.00364056656750713,-0.138538641583796,-0.128602720394857
3.1604093551946,0.861025772867136,-0.088063827935934,-0.478546585750883,-0.259344071666727,-0.772047466181969,-0.688340392175741,-0.0292120489484696,-1.11163949461072,-1.03191327322806
0.54462199130738,-2.96841650254704,0.0503523125410843,0.0096911056153928,0.0052520086112507,0.0156348279512348,0.0139396657264809,0.00059157678694424,0.022511947779568,0.0208974022896587
-0.0472755391482204,2.79433131184695,-0.0325371852293119,-0.0767523530385504,-0.0415952560100007,-0.123825895850742,-0.110400421534863,-0.00468521469096746,-0.178291830894754,-0.165504831107909
-2.18415120851077,1.83483532722466,-0.291255492890599,0.269727689789482,0.146176525743053,0.435156337254678,0.387975735902544,0.0164650604800046,0.626563769731263,0.581626933591373
-1.15614581695424,2.52154541521395,0.156436098862841,0.0845641897569053,0.0458288115342866,0.136428866855476,0.121636950872728,0.00516207475723659,0.196438332155331,0.182349874491328
-1.6568111883844,1.33288075568883,0.340470949265799,0.186153783916509,0.1008843897639,0.30032511248078,0.267763207264408,0.0113634358903205,0.432425816910012,0.401412456393687
-0.538698171003454,3.16872426722249,-0.281380155093965,-0.00829099136960751,-0.00449322913165042,-0.0133759994734855,-0.0119257443701672,-0.000506109233524852,-0.0192595532605686,-0.0178782678578572
-1.9963721017326,2.67490888164622,0.523747207384097,0.187800066741836,0.101776578118698,0.302981088976607,0.2701312169825,0.0114639303790671,0.436250048578202,0.40496241610404
0.24836709916688,3.13249128079036,-0.489800336332401,-0.113143238142511,-0.0613169729659548,-0.182535938870999,-0.162744993348655,-0.00690663335445451,-0.262826014880056,-0.243976266243886
2.27924979836841,2.17183770229293,-0.390371309589372,-0.380370444641704,-0.206138383999286,-0.613658203276806,-0.547124039399228,-0.0232190561551909,-0.883581288502758,-0.820211286124946
2.08766414227022,0.66846326812204,0.741857277844357,-0.347977087876093,-0.188583092020002,-0.561397441719439,-0.500529503853764,-0.0212416596976287,-0.808333160492051,-0.750359915733501
-0.322727504368481,2.11191495500761,0.376722917660396,-0.0311017766956531,-0.0168553316322665,-0.0501770331387055,-0.0447367295170566,-0.00189855418525701,-0.0722478528881399,-0.0670662734806908
-2.51090890994312,-0.58479242965806,0.209372253701766,0.372163280283924,0.201690584172139,0.6004174433683,0.535318871624766,0.0227180639966711,0.864516461147331,0.802513778528964
-3.20309496015003,-0.300087284586104,-0.28194363796171,0.481028114431252,0.260688914093959,0.776050959231514,0.691909817757078,0.0293635295763467,1.11740396011993,1.03726431419129
-2.20462538180749,-1.91838582900389,0.307555084910552,0.364911851910167,0.197760736972626,0.588718588818173,0.524888432459069,0.0222754130888851,0.847671760103312,0.786877170910081
1.12203531031547,-2.78273273319137,-0.119095661425303,-0.0730721510889467,-0.0396008032511989,-0.117888562527652,-0.105106826869881,-0.00446056312580502,-0.169742908058111,-0.157569032686116
-2.05908478321096,2.32552007379397,-0.236504822777805,0.234843664047637,0.127271437834377,0.378877336450693,0.337798627393593,0.0143356254410073,0.545529943766743,0.506404812572254
0.140872754341546,-3.20952728200592,0.474580000419773,0.0599146518212739,0.0324702133888222,0.0966613418695865,0.0861811078790099,0.00365738633154659,0.139178703293581,0.129196877203081
1.5391698660521,-1.46459752332896,0.552571209864942,-0.197394400440795,-0.106976142049371,-0.31845979312484,-0.283931686189992,-0.0120495998916855,-0.458537200094499,-0.425651144404545
-2.80248224149822,1.00438278925753,0.285536127451744,0.36325806273411,0.196864480617721,0.586050502197158,0.522509625622036,0.0221744603879362,0.843830091562349,0.783311024890637
2.60081064577142,-0.154261199235184,-0.0880120452193229,-0.367086258560373,-0.198939137343488,-0.592226596595737,-0.528016094364762,-0.0224081459834267,-0.852722796683002,-0.791565949705195
-2.46961801890453,2.13737117437531,0.804660217773695,0.262198322309189,0.142096051913425,0.423009078746937,0.377145509716544,0.0160054432600003,0.609073430212075,0.565390992361671
2.61692429740211,0.545397006767423,-0.160789494141977,-0.388003356347503,-0.210274972702241,-0.62597251147066,-0.558103203379195,-0.0236849940534193,-0.901312156016376,-0.836670504803172
-1.44420709224718,-2.58544584090028,-0.361393721477537,0.299633669262534,0.162383805691677,0.48340417009551,0.430992433235323,0.0182906192912704,0.696033846202706,0.646114651372716
2.16925167378297,-1.05370897777513,0.706991933484551,-0.306255532045888,-0.165972465411313,-0.494087335612765,-0.440517306593423,-0.0186948394560719,-0.711416098248909,-0.660393696095011
-2.55778467371523,0.422483506260528,0.59946840101798,0.334311331874779,0.181177056935197,0.539350241700824,0.480872709457118,0.0204074572498109,0.776588301063293,0.720891781540621
2.18711673011646,-0.893204015567363,0.177374403299331,-0.294605588786051,-0.159658882137175,-0.475292281081536,-0.423760052961116,-0.0179836888118367,-0.684353869777905,-0.635272356939875
0.147643435691719,2.5753377159773,-0.713920698853494,-0.0736469536673201,-0.0399123124031156,-0.118815901448045,-0.10593362167733,-0.00449565095540222,-0.171078145351094,-0.158808507436894
2.47495279951066,0.723041489861159,-0.085299641222694,-0.375645168235068,-0.203577562420913,-0.606034833294909,-0.540327211855721,-0.0229306098266707,-0.872604710604231,-0.810021942832426
0.792563702894092,-3.41159199561001,0.268236778512397,-0.0204676818808514,-0.0110922784000857,-0.0330208644367091,-0.0294406701297159,-0.0012494142530073,-0.0475453889325774,-0.0441354577254363
0.0696925057413218,-3.34009801800089,0.22343004758434,0.083189818437748,0.0450839832051221,0.134211569885562,0.11966005808738,0.00507817863626522,0.193245737151779,0.17938625078402
1.57894147773856,1.74141992465172,-0.952853419023567,-0.246082372748357,-0.133362156191813,-0.397008939170067,-0.353964362109814,-0.0150216729825813,-0.571636895173662,-0.530639386650385
-1.4506329546869,3.17216743571089,-0.571789711339703,0.13353998610377,0.0723708093583573,0.21544236439096,0.192083632279144,0.00815171756898088,0.310206627908106,0.28795876570919
0.0170667293201385,-2.93638602723919,0.0540855645951927,0.0846384196705154,0.0458690397766529,0.136548623256262,0.121743723022749,0.0051666059939738,0.19661076448712,0.182509940063637
2.52014227256553,-0.732437185652704,0.0945973553698237,-0.344506375392795,-0.186702170216766,-0.555798081367987,-0.495537238392014,-0.021029796054742,-0.800270871081255,-0.742875849634787
-2.65771947676253,1.55697935494286,0.374841461739176,0.322411341924482,0.174727963078095,0.52015178252824,0.463755789196529,0.0196810429376726,0.748945226787747,0.695231254547781
1.52224879939981,-2.94714206395085,-0.638142477320495,-0.107069954349588,-0.0580256107576699,-0.17273780530711,-0.154009194844826,-0.00653590024566337,-0.248718084059488,-0.230880149074511
-1.94308390872148,2.42356119098115,-0.193737075374601,0.213605807636236,0.115761770188199,0.344613936151158,0.307250139855526,0.0130391972153687,0.496195478386032,0.460608590055175
2.78039978193459,-0.964360105145116,-0.316049154689778,-0.360188339612057,-0.195200871437199,-0.581098064903008,-0.518094142405519,-0.0219870744473199,-0.836699280139592,-0.77669163165056
-0.665413841941487,1.97828782917225,0.160789681818693,0.030137278886291,0.0163326306112131,0.0486209921762824,0.0433493979173395,0.00183967808404406,0.0700073732999926,0.0649864799535497
-1.0581348634547,2.70918328515644,0.959372696675919,0.0357983886537593,0.0194006187673585,0.0577541582710608,0.0514923261787013,0.0021852507420758,0.0831578447237305,0.0771938062289745
2.72839319022122,1.05751923916198,0.0225629947499166,-0.426213381660581,-0.230982556536808,-0.687617404787416,-0.613064422604654,-0.0260174589857863,-0.990072110622351,-0.919064640431737
-3.21840734965438,-0.155708326391985,-0.379919761051976,0.482389216957825,0.261426551518837,0.778246849429343,0.693867624739366,0.0294466157268157,1.12056573238998,1.04019932575593
-0.603117116199553,2.66270716091525,-0.187312727138638,0.0129500257925364,0.00701815145531903,0.0208925001197763,0.0186272895850538,0.000790511934678072,0.0300822543841218,0.0279247703397482
1.80600620108309,2.13196511718208,-0.0606690002759258,-0.322823540592596,-0.174951350485104,-0.520816789753778,-0.464348694884945,-0.0197062048927005,-0.749902743428226,-0.696120098579895
-2.3366893694296,-1.69863461967326,0.556961191860348,0.368295102439018,0.199594259546492,0.594176845288982,0.529754892831374,0.0224819377679791,0.855530879821265,0.794172638543393
-0.966133577916101,-2.6021848173578,-0.592606262873208,0.239556690027253,0.129825620402637,0.386480942607246,0.344577833948903,0.0146233239633903,0.556478064543423,0.516567739673288
-1.68192854820006,-0.920236077350258,0.430468196052779,0.254858144312084,0.138118107643818,0.411167042897704,0.366587413281191,0.0155573747848999,0.592022568285536,0.549563009614319
2.40838651869462,-2.19449425775742,0.763833942798657,-0.308183427668142,-0.167017271320103,-0.49719764289432,-0.443290387560271,-0.0188125245111151,-0.715894502189085,-0.664550911173414
-2.88582539062757,-1.47565096243844,-0.116558983813534,0.464977879861785,0.251990632028232,0.750156838784412,0.668823194454304,0.0283837707569582,1.08012007767996,1.00265441291143
-1.00945454836922,2.19837081454085,-0.491587412692759,0.0965789229763903,0.0523400894869681,0.155812443324632,0.138918917607922,0.00589549337385819,0.224347949236883,0.20825782797516
2.11445216358626,-0.417594599648447,0.385355133281723,-0.306051195912655,-0.165861727258834,-0.493757676602317,-0.440223389933533,-0.0186823661101038,-0.71094143575493,-0.65995307615463
1.08192429151923,-2.37432919241363,0.572142424047052,-0.104594214897868,-0.0566839057514845,-0.168743652120064,-0.150448096477678,-0.00638477301123997,-0.242967066635387,-0.225541591706527
-2.93274775205812,-0.531854969381169,0.746216253215139,0.412017523585873,0.223289237341727,0.664714981944589,0.592645130511945,0.0251508973734132,0.957095850910931,0.888453421360624
-1.51866079405949,-1.44065385240135,0.755679176162958,0.235379388714112,0.127561769059033,0.379741630301362,0.338569212615596,0.014368327827036,0.546774405048514,0.507560021721356
-1.36145018485589,2.19695329174888,0.110235614188971,0.125670304980833,0.0681059055727856,0.202746072009957,0.180763899672629,0.00767132649104356,0.291925757023774,0.270988989623359
-1.41534902359998,-2.30698631138757,0.0626696306069814,0.271741300297043,0.14726778407261,0.438404929840081,0.390872108978301,0.0165879778520254,0.63124128501111,0.585968979845038
1.6410757858249,-2.2998404345032,-0.258858218438644,-0.157503568268732,-0.0853576598666099,-0.254103225092896,-0.226552797949782,-0.00961453301062726,-0.365872816237758,-0.339632603213044
1.02188712469614,-3.04344714962532,-0.0551761714383159,-0.0530325331638553,-0.0287405103098462,-0.0855583010588644,-0.0762818830246221,-0.00323727929687986,-0.123191890026113,-0.11435663008403
-2.72970088962045,1.35737950612628,0.184652942069952,0.345697699979456,0.187347797995086,0.557720065885103,0.497250837146259,0.0211025184044051,0.803038257791067,0.745444760771765
1.55285332883876,-1.60801542124457,0.436157872170833,-0.190821019476493,-0.103413756620953,-0.307854844163028,-0.27447654897741,-0.011648339215706,-0.443267568859802,-0.411476643386208
-0.0766425247493847,3.01577002426991,-0.0708071263677368,-0.0778544482299445,-0.0421925267100978,-0.125603925044435,-0.111985672916541,-0.00475249018646883,-0.180851942236165,-0.167881332560899
-2.16982680463512,-1.53447533732447,0.540177646750583,0.339866686294144,0.184187731919763,0.548312790867241,0.488863519450466,0.0207465742554624,0.789493108166736,0.732871062416346
-0.824657618199177,2.12832937764447,-0.388254145861563,0.0683371647939309,0.0370347194850621,0.110249527415245,0.0982960326435594,0.00417152407393654,0.158743774580394,0.147358751489119
1.7347367844064,2.27762825633001,0.138952529802729,-0.324163001244362,-0.175677259288155,-0.522977764741456,-0.466275372240492,-0.0197879699523395,-0.753014242718612,-0.6990084427175
1.79505329695793,-2.22013086332728,-0.00573556738550912,-0.191243632306349,-0.103642787890419,-0.308536652735445,-0.275084434373948,-0.0116741368852319,-0.444249277070841,-0.412387943981698
0.27616563173814,-2.84684709252203,0.21145240929413,0.0388978184205531,0.0210803272001416,0.0627545218078884,0.0559505393698964,0.0023744500734593,0.0903576631784664,0.0838772573516571
-2.30551224956788,-1.37624497052401,0.150593277730418,0.368673472362757,0.199799313765957,0.594787276017358,0.530299139325756,0.0225050347057946,0.856409814000977,0.794988536009015
0.456593036574386,2.58407941456693,0.70420343620978,-0.169574516431822,-0.0918994030086734,-0.273577494100802,-0.243915624140417,-0.0103513831712889,-0.393913017787696,-0.365661775713346
-2.47568890585394,-0.282428319658336,-0.031418066702344,0.366596995668732,0.198673985665027,0.591437260328306,0.527312339660963,0.022378279776113,0.85158626375227,0.790510928340473
-0.51777625692231,-2.73573495750653,0.167468567071158,0.151569866774501,0.082141943045322,0.244530282060582,0.21801777432782,0.0092523204619302,0.352089128031377,0.326837474141831
-1.38993620279681,-1.55203941950377,-0.376633523372121,0.261020292429568,0.141457629083501,0.421108542810146,0.375451034040659,0.0159335324627427,0.606336926433736,0.562850749247967
-1.16914903176937,-1.83465296571086,-0.440033650268964,0.240047349265685,0.130091528818838,0.387272531625054,0.345283597154959,0.0146532754082796,0.557617841117067,0.517625772048496
-2.50777456610541,-1.84993173551441,-0.126058560834366,0.42217030693335,0.22879144809923,0.681094642549241,0.607248872507329,0.0257706564792991,0.980680252691947,0.910346361794066
1.47414578771146,-2.75746565284358,0.854409521269699,-0.159694368623772,-0.0865449446601967,-0.257637681117413,-0.229704040525676,-0.00974826663053665,-0.370961934563925,-0.344356732551071
-1.51508290027377,2.56725483077893,-0.0120200845806503,0.140995874797984,0.0764114620125124,0.227471078304925,0.202808166735367,0.00860684940352934,0.327526279926736,0.304036261059402
1.08440364141087,3.10067063986125,-0.929953764726476,-0.216835026083128,-0.11751181644337,-0.349823690005652,-0.311895040808411,-0.0132363192723318,-0.503696789374715,-0.46757191082001
-0.802577808908588,-2.46940657389366,-0.440049942835627,0.20645189652054,0.111884771600538,0.333072407876544,0.296959969306629,0.0126024990799995,0.479577304996154,0.445182263641839
-1.76528825496816,-1.83993949258289,0.325432663845629,0.298552825652207,0.161798052097182,0.481660426444342,0.429437750082698,0.0182246410617926,0.693523101208358,0.643783975737386
2.93288325543812,0.629765580397689,-0.80299458586987,-0.41295941197828,-0.22379968539008,-0.666234546744416,-0.593999940774352,-0.0252083933218585,-0.959283809967983,-0.890484461102553
-0.770514115096197,3.1205315908167,-0.612790137723341,0.0385368933122475,0.020884727043455,0.062172235101336,0.0554313854609676,0.00235241802424091,0.0895192524219471,0.0830989769898457
0.943118485228437,-1.87796771957459,-0.462052498341617,-0.0623533370568634,-0.0337918371916938,-0.100595714850219,-0.0896889075404053,-0.00380625165541087,-0.144843645649301,-0.134455532762981
-2.7000976736564,0.157627266604301,0.0881110277560463,0.381293995771483,0.206638894331031,0.615148184254345,0.548452473382032,0.023275432737143,0.88572665102696,0.82220278433578
-3.0806619194772,0.684195342184599,0.210141165679139,0.41578889819241,0.225333100312153,0.670799405688689,0.598069867732946,0.0253811144157861,0.96585656321446,0.896585819816033
-1.43866429000826,2.9571194569435,0.37776710476198,0.104104302223414,0.0564184019289993,0.167953267546806,0.149743407127661,0.0063548671390579,0.241829024292071,0.224485169183527
0.31681873043277,-3.13110651451092,-0.614263441044579,0.07142491215459,0.0387080967416044,0.115231043524626,0.102737441886592,0.00436001027303574,0.165916455397044,0.154017011271371
1.62418296910346,-2.74074931438556,-0.0465629407384528,-0.149350610874433,-0.0809392370218511,-0.240949918214148,-0.214825601356417,-0.00911684982247251,-0.346933908914533,-0.322051984728347
1.80972726300827,1.97857448980628,-0.0805495613635222,-0.317991564522428,-0.172332703971793,-0.513021279363141,-0.45739839077212,-0.0194112452676975,-0.738678307612466,-0.685700673614398
-1.33672223603816,1.99595168126352,0.0847722129159611,0.129119002450963,0.0699748965351739,0.2083099151607,0.185724498786213,0.00788184626551404,0.299936906673384,0.27842558367865
-2.78110045699311,-0.20071526423509,-0.169799147544724,0.413136291058004,0.223895543436285,0.666519908816548,0.594254363266812,0.0252191905994668,0.959694691116541,0.890865874063294
1.93098326911671,0.477786321791808,0.503432193404818,-0.311011967014073,-0.168550173095366,-0.501760974239784,-0.447358952545658,-0.0189851878051105,-0.722465055908664,-0.670650228108952
-1.74518807383287,2.03955700841805,0.449289565174464,0.173540800037988,0.0940488951802536,0.279976367897998,0.24962071805236,0.0105934980965579,0.403126493831042,0.374214465922528
1.27885575160892,-2.25904276547646,0.179897272576755,-0.122339804125388,-0.066300970215896,-0.197372917497678,-0.175973314318475,-0.00746802182456158,-0.284189172126949,-0.263807268675882
-1.43476351465225,-1.71370517473504,0.378584267138976,0.24515952314544,0.132862026046321,0.395520089977923,0.352636937201759,0.0149653392241235,0.56949316226085,0.528649401176037
1.96495505041155,1.7531595622396,-0.606849257921225,-0.314560298942588,-0.170473160067516,-0.507485559381864,-0.45246286565249,-0.019201789592831,-0.730707651361594,-0.678301668791802
-1.7425693559824,0.532705416141675,-0.103165235867111,0.238776081100009,0.129402576327934,0.385221572752141,0.343455007726515,0.0145756730410532,0.554664749519956,0.514884474684655
-1.13329447692115,-2.26506463256959,-0.667490454652204,0.256131004361942,0.138807922842216,0.413220569984844,0.36841829247246,0.0156350743259439,0.594979357749021,0.55230773963543
-2.45596217132284,-0.569066288101815,-0.390511526664143,0.385391133783609,0.208859301885664,0.621758167723137,0.554345787993482,0.0235255354433844,0.895244095231486,0.831037642263617
1.22709125575386,2.72697982732889,0.0602628770270681,-0.261770182428839,-0.141864025308035,-0.422318353288563,-0.376529674222318,-0.0159793082012329,-0.608078882942516,-0.564467773518435
-2.61747797220483,0.716258958530761,0.690784478589567,0.330715839141643,0.179228511583867,0.533549571218685,0.475700960349121,0.0201879766123105,0.768236153448514,0.713138645721469
2.18928455107793,-0.669702514126386,0.54546814811612,-0.314965874535432,-0.17069295815771,-0.50813988148576,-0.453046244723511,-0.01922654725368,-0.731649782933483,-0.679176231164651
-1.41361205940278,-3.20723824671374,-0.177931588562317,0.307465599531122,0.16662825073704,0.496039558371637,0.442257865093151,0.018768705933573,0.714227023763337,0.663003023455595
1.64831280454158,-1.77313833238507,0.828130401598769,-0.213705833434434,-0.115815978281097,-0.344775309497768,-0.307394016751128,-0.013045303117281,-0.496427833251927,-0.460824280547802
0.361134244485644,-2.8733741383774,-0.183209962608948,0.0416807457626634,0.0225885099550621,0.0672442665203568,0.0599534961458999,0.00254432906154194,0.0968222625220554,0.0898782189053728
-2.28561780791395,-0.753970680818737,-0.278612488202764,0.362407407462083,0.19640347554862,0.584678125365064,0.521286044886141,0.0221225336075879,0.841854062425709,0.781476715562595
-1.83574105986837,-1.71060012651391,-0.296593619825868,0.327211306494416,0.177329261243182,0.527895648213053,0.470660048035433,0.0199740484759899,0.760095301508891,0.705581651558695
-1.59761635461722,-1.97923620058072,-0.169793176278308,0.296458292199479,0.160662938296254,0.478281279474825,0.42642497761455,0.018096783888495,0.688657606023217,0.639267431402001
-2.71519247106038,-0.301674449807926,0.436117610233513,0.384853096949486,0.208567717602288,0.620890143612495,0.553571876954447,0.0234926919150792,0.893994262901311,0.829877447274981
2.60820032027904,-1.85138467749589,-0.278000726640757,-0.309835602389746,-0.167912652735756,-0.499863124888101,-0.445666872169449,-0.0189133786604832,-0.719732420434078,-0.668113575866215
2.77341788383936,-0.24912358239539,-0.612689805098127,-0.370178040158824,-0.200614700919369,-0.597214621210576,-0.532463306446864,-0.0225968784455969,-0.85990484882983,-0.798232908710573
-0.837817590492484,3.12889634621987,-0.102808543056685,0.0296008280898938,0.0160419058668954,0.0477555268476772,0.0425777682315992,0.00180693137266964,0.0687612252551689,0.0638297050151862
2.4477658735916,-0.713263999522944,-0.113217513632591,-0.327162132738623,-0.177302611962994,-0.527816315344126,-0.47058931660958,-0.019971046749086,-0.759981073363365,-0.705475615797897
2.11116968310916,-1.35029138873817,0.0399010146787546,-0.264839389091808,-0.143527354598144,-0.427269957370361,-0.380944414565187,-0.0161666626154974,-0.615208494656966,-0.571086053092676
1.00393456903463,-2.67550804217158,-0.0531495536662379,-0.0616756121566703,-0.0334245502016294,-0.0995023295716645,-0.0887140694839301,-0.00376488111062478,-0.143269325012673,-0.13299412160484
1.71356438933749,-2.3086708096504,0.26618231577697,-0.186613715198296,-0.101133645436926,-0.301067127555789,-0.268424771442913,-0.0113915116002232,-0.433494213995823,-0.402404228581767
1.5228821486103,1.52792798279204,-0.369377731336197,-0.252560888539761,-0.136873130282379,-0.407460840511137,-0.363283045459263,-0.0154171427780976,-0.586686159413808,-0.544609325283377
2.87657977360691,-0.789299801574591,0.359272028090679,-0.403708188780214,-0.218786067147836,-0.651309388689127,-0.580693000982335,-0.0246436683965493,-0.937793686776962,-0.87053559865962
2.29073829249928,-1.93995023261886,0.892988923125126,-0.303598414846653,-0.164532464345871,-0.489800562575195,-0.436695314859622,-0.0185326403306428,-0.705243749498694,-0.654664025070171
-0.823198205956945,3.32800339089715,0.363213849132604,0.00465493322450494,0.00252269971560988,0.00750988411208961,0.00669564605978739,0.000284152350586161,0.0108131742472176,0.0100376588682998
1.33910530755579,-2.42367733979457,-0.538728438416568,-0.100126130629683,-0.054262467168148,-0.161535214654092,-0.144021213559663,-0.00611202653214159,-0.232587933055383,-0.215906844328679
-0.816224897294639,3.46708015620557,0.311607316639186,0.00129244928803746,0.000700431412035779,0.00208513074319046,0.00185905630984501,7.88953322200041e-05,0.00300229427216491,0.00278697124796598
2.3595455708388,-2.55119969016518,0.278654698996006,-0.272834169930805,-0.14786005506369,-0.440168075282418,-0.392444090337482,-0.0166546901893115,-0.633779965849139,-0.588325587779493
1.2843804609459,-3.3600231728978,-0.0912961626448871,-0.0799714204752591,-0.043339801015365,-0.129019272905308,-0.115030721296269,-0.00488171709706447,-0.185769561600628,-0.172446262755872
1.48573390286612,1.9213522002009,0.413756642265558,-0.287368695781618,-0.155736912251963,-0.463616876693611,-0.413350521439773,-0.0175419251905404,-0.667542933661046,-0.619667092644681
-3.11104793151998,0.606444515321375,0.0613776859143346,0.427890226361336,0.231891307628542,0.690322687284348,0.615476392459427,0.0261198190713787,0.993967335980115,0.922680502200213
0.986329853706592,2.32558938891023,-0.160170558823238,-0.206942396238928,-0.112150593566269,-0.333863739537912,-0.297665503059393,-0.0126324407872636,-0.480716711012812,-0.44623995203622
-3.19128081644494,0.901831655489101,-0.11126351277253,0.436722612234217,0.236677940702541,0.704572127854066,0.6281808775328,0.0266589767963169,1.01448452126633,0.941726205351968
2.51141366054795,-0.466168941407432,-0.679152675478006,-0.323428967789923,-0.175279456377253,-0.521793535900489,-0.465219540079229,-0.0197431621492136,-0.751309120160817,-0.697425610685713
1.91428347683249,-2.57440308133159,-0.118853088240572,-0.193610508585439,-0.104925495467127,-0.312355175087183,-0.278488944184887,-0.0118186187555001,-0.449747410855591,-0.417491754396831
-2.34266133581339,-0.936442042213334,-0.133892427223922,0.370947310406748,0.201031600097525,0.598455698178635,0.533569823137008,0.0226438372178588,0.8616918246752,0.799891723553617
2.43929791658455,-1.09903782091274,-0.0246712859257489,-0.317434550577591,-0.172030835211822,-0.512122639152252,-0.456597183097354,-0.019377243314479,-0.737384392414726,-0.684499557359126
2.62228125103121,-0.164952388157794,-0.44272403869326,-0.35706981093655,-0.193510812520477,-0.576066888767119,-0.51360845738461,-0.0217967092560748,-0.829455095886704,-0.769966996622293
-0.137439580502108,-2.95880008938534,0.0176635075726953,0.108905060875828,0.0590201304400339,0.17569841433859,0.156648808173118,0.00664792115076725,0.25298094362662,0.234837278513107
2.24251253908213,1.52335087836905,0.0416308981459786,-0.370982184343487,-0.201050499717788,-0.598511960902676,-0.533619985733517,-0.022645966037032,-0.861772835064922,-0.799966923919229
1.80704700075185,2.1062546995566,-0.0958523888204443,-0.320925521181742,-0.17392273572372,-0.517754682279717,-0.461618587797096,-0.019590343579328,-0.745493740414794,-0.692027307028929
0.806495002380387,-2.62413631405123,-0.127690710717857,-0.0320830578751331,-0.0173871282516844,-0.0517601510018093,-0.0461482022806918,-0.00195845479828135,-0.0745273193954949,-0.0691822578049452
-1.03547207505511,-2.36828919707698,0.269593608777855,0.211377000648659,0.114553888037686,0.341018163370401,0.304044228620143,0.0129031435462873,0.491018072576382,0.455802505167253
-2.24744990761763,1.33272104440898,-0.494910908582554,0.301421845057674,0.163352891681163,0.486289064968514,0.433564541499714,0.0183997753910348,0.700187688057133,0.649970581793732
-2.13649528967642,-2.24565897229543,0.744793298125982,0.349252401133903,0.189274236712659,0.563454926609308,0.502363911734139,0.0213195089905106,0.811295648633426,0.75310993572621
-1.30372141948212,-3.09309416921783,-0.226992587689085,0.28993071967925,0.157125378347227,0.467750234066458,0.417035731170592,0.0176983195097838,0.67349438548527,0.625191709359155
2.46751003309647,-0.741863364587384,0.036418575963497,-0.334535604721834,-0.181298599612652,-0.539712064955775,-0.481195303043808,-0.0204211475980049,-0.777109275534282,-0.721375391986482
2.02182657512205,0.810362019145004,0.677865094138976,-0.340482106840176,-0.184521253618481,-0.549305659455897,-0.489748739056295,-0.0207841415386693,-0.790922698942504,-0.734198123665924
1.06492126415466,-2.70891631766254,-0.738022432608859,-0.044764562211075,-0.0242597568886266,-0.0722194408211633,-0.0643892511731078,-0.0027325753048993,-0.103985812028538,-0.0965280022703962
0.00391555582212574,-3.20075723203044,0.467900042679857,0.0796334860486508,0.0431566604544195,0.128474077462342,0.114544637135045,0.00486108847426077,0.1849845570339,0.171717558318976
-2.42656849875436,-2.0179521442985,0.453625124226664,0.394661118126691,0.213883087563812,0.636713593457484,0.567679713776627,0.0240914056103542,0.916777799612687,0.851026960275848
-0.069124509238279,-3.36318972441649,0.354336902665185,0.0991829609027237,0.0537513247119154,0.160013582655118,0.142664560228358,0.00605445236684393,0.230396997523027,0.213873041582747
-2.75021042027073,0.302856127902534,0.136708739871664,0.38236217457456,0.207217784345727,0.616871495553393,0.549988939502817,0.023340637865359,0.888207976315162,0.824506150231383
-1.93919199187538,2.55304804506498,-0.499914665134296,0.220155722576215,0.119311438413163,0.355181026970923,0.316671523588581,0.0134390254484649,0.511410599234081,0.474732490144177
-1.9605573639669,-1.12643597989138,-0.820805467665887,0.346387706222136,0.187721740749628,0.55883326486546,0.498243340659674,0.0211446386425096,0.80464110736461,0.746932654785919
-1.99233278685334,1.04493744823772,-0.501264605095228,0.273600085504425,0.148275136205903,0.441403740096524,0.393545781671236,0.0167014441812805,0.635559148955916,0.589977168775208
0.0712658991085688,2.79859563528505,0.0240005232791605,-0.0960090054130102,-0.0520312277255381,-0.15489298548324,-0.13809914939566,-0.00586070374155536,-0.22302405958645,-0.207028887019757
2.28334827529843,-1.76944952805025,0.00426198144219351,-0.27566479360205,-0.149394086420544,-0.444734769305887,-0.396515653411974,-0.0168274807173421,-0.640355361350915,-0.594429399247061
-1.97612407437945,-2.38517877814256,0.93531965013874,0.323495555016977,0.175315542733523,0.521900962223145,0.465315319005145,0.0197472268513637,0.751463798918608,0.697569195961357
-1.91700077091096,-2.5079037953424,-0.674603125023648,0.376732152520851,0.20416664389993,0.607788483803775,0.541890727742874,0.0229969629030649,0.875129720076822,0.812365859904845
-1.9682090892449,-2.17718947939804,0.800375611877604,0.320911822184593,0.173915311673891,0.517732581451182,0.461598883188704,0.0195895073477319,0.745461918337864,0.691997767215234
2.22794369286474,0.791072644954033,0.624151491256842,-0.367674938353968,-0.199258167128936,-0.593176323866959,-0.528862850129101,-0.0224440809236342,-0.854090270044479,-0.792835348569967
-0.430392991251657,2.83389428314654,0.0481034163988012,-0.0256283973121595,-0.0138890822902832,-0.0413467357124929,-0.0368638322411332,-0.0015644412039403,-0.0595334696434397,-0.0552637593610309
-1.30483597439993,2.65377289224169,-0.775857601181657,0.135599140773383,0.0734867499420122,0.218764434159061,0.195045515980827,0.00827741510563097,0.314989939970946,0.292399021054171
-1.34952990044491,-2.63845584700035,-0.0321912199547026,0.275724581412935,0.149426487893614,0.444831226013084,0.396601652072118,0.0168311303608879,0.640494245409133,0.594558322610984
-2.31933796644692,-1.44179441596397,0.204561492217732,0.370708888561401,0.200902389496116,0.598071048100536,0.533226877661235,0.0226292831685268,0.861137982797401,0.799377602934711
2.52535140595369,-1.78330564672099,0.148280012143534,-0.315324061824685,-0.170887074577679,-0.508717751221582,-0.453561460559331,-0.0192484121774679,-0.732481833874932,-0.679948607834107
2.177741007944,-1.7874642145119,-0.0684670559022906,-0.257272058794661,-0.13942630715711,-0.415061452794975,-0.370059582744083,-0.0157047280209737,-0.597629969435907,-0.554768250794966
2.61478855058541,1.02394972375338,-0.91855302750359,-0.374890425428664,-0.203168536260656,-0.604817193698988,-0.539241591406592,-0.0228845378569594,-0.870851481270131,-0.808394454217959
2.68501132906267,-0.844179536079239,-0.122344309132271,-0.357064679183526,-0.193508031412506,-0.576058609621395,-0.513601075881963,-0.021796395997084,-0.8294431750842,-0.769955930773704
-2.94162090949439,-1.13193464590017,0.511943008292793,0.439940272680618,0.238421723202005,0.709763234986886,0.632809153482338,0.0268553933151232,1.02195898360494,0.948664603038313
0.911421899212649,-2.36073914542565,-0.369326447108085,-0.0464862196122782,-0.0251927938253389,-0.0749970204211654,-0.0668656795209915,-0.0028376709043121,-0.107985135021018,-0.100240495843964
-0.415752319831445,2.54077044119368,0.633015386365878,-0.0399360121644565,-0.0216429670783478,-0.0644294576934489,-0.057443875045276,-0.00243782481558041,-0.0927693346920556,-0.0861159650060754
2.10377981137942,1.83942798259066,-0.677522654189225,-0.334641882571961,-0.181356195949562,-0.539883524845669,-0.481348172877623,-0.0204276351456178,-0.777356153600329,-0.721604564082704
-2.04630309136567,-0.380744966672579,-0.694669284851582,0.33158794883801,0.17970114368768,0.534956560843858,0.476955401083404,0.0202412130408993,0.770262020126873,0.715019218267985
2.8018248780045,0.786089457317168,-0.0403086813063914,-0.426301519642052,-0.231030322133019,-0.687759599314124,-0.613191200089934,-0.0260228392164798,-0.990276850691751,-0.919254696647084
-2.46909949716162,-0.704464136839018,-0.392785993062292,0.391473091281514,0.212155364731323,0.631570294724975,0.563094062736127,0.0238967980234998,0.909372174629662,0.844152462964822
0.278614421772589,-3.15491057786207,-0.271330450237203,0.065291559654377,0.0353841808309378,0.105336000078521,0.0939152406818249,0.00398561037386331,0.151668988010127,0.140791365027494
-2.54467478202601,0.364050491209905,-0.640905912364819,0.378909261528119,0.205346508789199,0.611300851340628,0.545022276713223,0.0231298607583211,0.880187034095173,0.8170604659239
0.515319609398362,-2.91693621718242,-0.291653516829916,0.0246836048270559,0.0133770603946877,0.0398224856897966,0.0355048447379615,0.00150676798017738,0.0573387645260588,0.0532264573828029
-2.54100423513681,-2.23330472183378,0.200975014982188,0.426797236300653,0.231298971373161,0.688559347555179,0.613904237878416,0.0260530993828394,0.991428375396442,0.920323634583331
-1.08217891482954,2.87382587518823,-0.00345503586952202,0.0689818902246429,0.0373841227057445,0.111289674080138,0.0992234043332469,0.00421088022316228,0.160241439119855,0.148749004286546
-2.54671735454204,-1.17757134486584,0.165911583079117,0.396868816948717,0.215079530331489,0.640275312070447,0.57085526307153,0.0242261707679643,0.921906172222261,0.855787528599964
-2.78672011245837,-0.233119493607059,0.483548460725215,0.391375754810526,0.21210261409542,0.631413260116369,0.56295405416307,0.0238908562869174,0.909146066934742,0.843942571599232
-0.531869499953343,-2.80873806877036,-0.0623762696249742,0.164101428675671,0.0889333117115378,0.264747667162014,0.236043146340643,0.0100172879918591,0.38119931197855,0.353859890443905
-2.40700318519518,0.92938780984025,0.23769380591961,0.310244158271667,0.168134065967144,0.500522255143802,0.446254538081945,0.0189383182479261,0.72068147506663,0.668994564781324
-3.10546780240583,0.204328893907197,-0.473270360945264,0.458554519841468,0.248509549117911,0.739793921200789,0.659583847048799,0.0279916678501268,1.06519893750406,0.988803409349699
1.79053279506699,-2.03718814948859,0.276068345570274,-0.206298963486864,-0.111801890901298,-0.332825678373794,-0.296739990755927,-0.0125931635473709,-0.479222049300414,-0.444852486704621
2.53503958705209,-1.44455128037928,0.0247404468543513,-0.32254012607246,-0.174797756503222,-0.5203595522169,-0.463941032041353,-0.0196889043433257,-0.74924438584443,-0.695508958068476
2.69418888428646,1.75915733856269,-0.65893382700442,-0.417992097529793,-0.226527104624092,-0.674353865205417,-0.601238944978697,-0.0255156049101355,-0.97097448374897,-0.901336685682613
2.87044529788498,0.0444357209492587,-0.600583461892505,-0.393504566042243,-0.213256304434214,-0.634847708018339,-0.566016131715684,-0.0240208058879691,-0.914091187665327,-0.848533030776282
-1.06446685252423,3.40989108231209,-0.242355206595718,0.0587842402907188,0.0318575969002243,0.0948376294372042,0.0845551263352457,0.00358838231407841,0.136552814529676,0.126759315851014
-3.17672494549744,-0.876555758031951,-0.190386372187318,0.491407836809523,0.266314112443514,0.792796744491359,0.706839988372178,0.0299971417830032,1.14151552978179,1.05964661429224
-1.45924462950694,2.16652235417882,-0.596633942251576,0.166174206454916,0.0900566352184571,0.268091715328012,0.239024625494277,0.0101438171276832,0.386014269835465,0.358329521962642
0.130213772329551,-3.03826898329606,-0.237136263508353,0.0819152736039905,0.0443932549530548,0.13215532470748,0.11782675550653,0.00500037625050099,0.19028503402058,0.176637887781461
1.05375613275362,-2.78786749522218,-0.0236385823845041,-0.0665144481336744,-0.0360469143805204,-0.107308907168398,-0.0956742408721741,-0.00406025948678029,-0.154509696044765,-0.143428338921027
2.09121888904079,0.759509429317873,0.271465225156721,-0.334292839739411,-0.181167035286682,-0.539320408019674,-0.480846110408895,-0.0204063284293792,-0.776545344768909,-0.720851906049907
3.05129676824017,-0.677118505519437,0.320952107333515,-0.430916240484011,-0.233531229105077,-0.695204608095414,-0.619829004744107,-0.0263045368716983,-1.00099661360987,-0.929205643599485
-0.528693000053022,-2.99263050540139,-0.744571112123689,0.193813519061704,0.105035515191588,0.312682695392366,0.278780954022611,0.0118310111790307,0.45021899391554,0.417929515758631
1.53317710602155,2.10731588376529,-0.174921770540767,-0.278625685546295,-0.150998715510898,-0.449511627382527,-0.400774594093565,-0.0170082232468717,-0.647233363456671,-0.600814114526276
1.24714388502391,-2.82359987434009,-0.6445601805701,-0.0709255377653448,-0.0384374652268278,-0.114425394203592,-0.102019142826123,-0.00432952682683299,-0.164756433969222,-0.15294018599267
-2.02497129526248,0.899400848719026,0.806810015060091,0.235562383946347,0.127660941699768,0.380036859667901,0.338832432568833,0.0143794984545999,0.547199493709755,0.507954623239168
2.31569664966933,0.581268628638174,0.0243410136444028,-0.352339718945285,-0.190947381178786,-0.568435749719426,-0.506804703114405,-0.0215079689685169,-0.818467331628851,-0.75976726925047
-2.1751646431821,1.41740997658997,-0.154415161877703,0.276157844373667,0.149661290906913,0.445530216625458,0.397224856594281,0.0168575781492398,0.641500693335087,0.595492588601568
-1.02000371978026,-2.20869885318702,-0.00353435157073153,0.214153672636434,0.116058680758885,0.345497816211757,0.308038187707761,0.0130726406870797,0.497468141048496,0.461789977996234
0.71593287832768,-2.85244774649161,-0.567104574832259,0.00373727470076164,0.00202538282936812,0.00602940977756978,0.00537568798898488,0.000228135472581469,0.00868149994855219,0.0080588671704012
-1.77428563126551,0.929683696850647,0.609774625009252,0.205607943376174,0.111427398689993,0.331710843702677,0.29574602889692,0.0125509814194466,0.477616844562805,0.443362406437576
-1.2429855832694,3.02216149201877,0.534302784834756,0.0682793174215321,0.0370033696153945,0.110156201250948,0.0982128251060093,0.00416799288110313,0.158609398062553,0.14723401238706
0.851086717232773,2.45281729772435,0.786083570505159,-0.225416545789013,-0.122162494826375,-0.363668403858377,-0.324238680520194,-0.0137601633058385,-0.523631225253876,-0.486076659056958
0.0355852147556967,2.49822092188489,0.425609504069255,-0.0962341960778084,-0.0521532678061677,-0.155256289469397,-0.138423063169443,-0.00587445011634664,-0.223547166101596,-0.207514476600649
-0.418415115317783,2.99107964029257,0.459668023830529,-0.0469589561148321,-0.0254489891740226,-0.0757596943798477,-0.0675456627018415,-0.00286652828677711,-0.109083277986469,-0.101259880552266
0.354771929186275,-3.17474049577498,0.241940967799683,0.036410348470487,0.0197322649545683,0.0587414436053996,0.0523725678788508,0.00222260677104567,0.0845793964005057,0.0785134049396677
0.204425216120718,-2.88578328207551,0.347756498705691,0.0455070123317831,0.0246621211370555,0.073417248415088,0.0654571898492499,0.00277789688886565,0.105710486076024,0.0981289835689384
2.67002933583704,0.789265573547266,0.62045536960318,-0.431218699526472,-0.233695144096679,-0.695692570488855,-0.620264061188148,-0.0263229999610116,-1.00169921065499,-0.929857850740476
0.00549910731894137,-2.84034852335732,-0.0875192286107662,0.088498494669156,0.0479609731367365,0.142776148873849,0.127296046699289,0.00540223759842485,0.205577523311478,0.190833607487787
2.47441278150335,0.170374505340461,-0.126099154093798,-0.35733635356153,-0.193655262928636,-0.576496906584345,-0.513991851730058,-0.0218129798897804,-0.830074260912112,-0.770541755445755
1.58836757532576,2.02548869504605,0.0431272499326302,-0.291961279893229,-0.158225822419629,-0.471026171905764,-0.419956484668046,-0.0178222715473278,-0.678211274075129,-0.629570305088984
3.13012261259138,0.480305295102657,-0.194562454540564,-0.458795396822769,-0.248640090258442,-0.740182532192095,-0.65993032398691,-0.0280063717689883,-1.06575848253839,-0.989322824097646
-1.76035229565608,2.45412982215532,-0.304287811317494,0.190321274656534,0.10314292435454,0.307048597219729,0.273757717090187,0.0116178331572007,0.442106686940181,0.410399019329745
-2.1796760727784,1.99798927357573,-0.0937878987915091,0.25701599259125,0.139287534352568,0.414648336769484,0.369691257661162,0.0156890969023098,0.597035140607488,0.554216082788773
-2.03357221807248,1.67640109759989,-0.206294978887895,0.249761782252623,0.135356179491902,0.402944994027417,0.359256816923106,0.0152462761742881,0.580183977199898,0.538573476283761
0.695561350029629,-2.9012006743877,0.0760296923456964,-0.015032623793473,-0.0081467969441598,-0.0242523914189188,-0.0216228941247032,-0.000917640528956696,-0.0349200241189238,-0.0324155776800463
2.43032009688075,1.42752035528668,0.259366880164632,-0.403000131783909,-0.218402341947695,-0.650167068116403,-0.579674533303259,-0.0246004462813985,-0.93614890621648,-0.869008780927668
1.00813493587632,1.77664257052603,0.0290489856962835,-0.200259957173127,-0.108529105068403,-0.323082845258681,-0.288053496905328,-0.0122245228480329,-0.465193743328864,-0.43183028373043
1.87635501997367,2.02249691527771,-0.526963413379273,-0.312835377912467,-0.1695383544361,-0.504702714513001,-0.449981742907706,-0.0190964947708336,-0.726700747124344,-0.674582137696498
-2.48140984723667,-1.21517085704559,0.517430106895231,0.375921876009764,0.203727521741674,0.606481250723614,0.540725227730922,0.0229475009743657,0.873247488757867,0.810618621262523
2.09030177922064,1.68306132369275,-0.0876587097049438,-0.349221664426617,-0.189257579227151,-0.563405338548948,-0.502319700119685,-0.0213176327213563,-0.811224248818296,-0.75304365666965
-1.12669838995776,-2.88142855918578,-0.0527983494833959,0.251712078888748,0.136413125431193,0.406091441251278,0.362062119460712,0.0153653286604931,0.584714417561356,0.542778995757674
-0.600438859049967,-2.90789874005936,-0.00928296231830436,0.175079612005281,0.0948828406581031,0.282458959803685,0.251834141916599,0.0106874322125866,0.406701076136208,0.377532680995697
-2.64867744363699,0.249210501159636,0.0975842658189641,0.37076231099994,0.200931341312181,0.598157235442666,0.533303720383323,0.0226325442489232,0.861262080417878,0.799492800336716
-1.06132370722171,2.06651828081525,-0.547799588091256,0.110081481047113,0.0596576809028237,0.17759635330514,0.158340968447953,0.00671973368616258,0.255713708133978,0.237374050534451
1.24568000967729,3.31713622915837,-0.11624745641092,-0.275983753564778,-0.149566943939322,-0.445249352918789,-0.396974444744667,-0.0168469510768039,-0.641096289198538,-0.595117188124816
-1.05880399415302,-2.66385429807474,-0.760394265406555,0.26083520030192,0.141357320048922,0.420809930486047,0.375184797917516,0.0159222338338238,0.605906966790598,0.562451626092611
-0.854745285582072,2.75404620330667,0.0807923499905385,0.0367899626377672,0.0199379934807689,0.0593538816933563,0.0529186040905001,0.00224577966155689,0.0854612208949806,0.0793319854281424
-2.08088076635489,-1.09806218040214,-0.129624689516296,0.33795600917305,0.183152257424741,0.545230262490788,0.486115205539102,0.0206299402740528,0.785054701933153,0.728750976429281
0.367411095328368,3.80257250050311,-0.303700141327602,-0.15733460917323,-0.0852660939855078,-0.253830640468003,-0.226309767545799,-0.00960421919476259,-0.365480332811637,-0.339268268499407
-0.548904770813576,3.02216291077326,-0.426683686976222,0.00286324891513047,0.00155171231799745,0.00461932889251768,0.00411849115597631,0.000174782079636411,0.00665118229182658,0.00617416286743094
1.29347032898429,-2.30070228397118,-0.886791162186682,-0.0847288883357163,-0.0459180684662101,-0.136694577915258,-0.121873852958555,-0.00517212849722603,-0.196820918616846,-0.182705022045646
0.0501854310065446,-3.70240472518177,0.657797177132609,0.0813302169459797,0.044076188693756,0.131211442703429,0.116985211252718,0.00496466247834102,0.188925977019663,0.175376301660134
-2.32735354465447,-1.1998964922758,0.0993884531944392,0.36832016966386,0.199607844506346,0.594217286675463,0.529790949474326,0.0224834679533798,0.855589109715667,0.794226692219268
0.817895616273679,2.59161297369436,-0.441416955784463,-0.180589031067672,-0.0978686213839581,-0.291347400665883,-0.259758878590074,-0.0110237451737911,-0.419499177730653,-0.389412909227471
-2.92819574949251,0.173578272114206,-0.323841478726445,0.428544270990452,0.232245761306026,0.691377868772868,0.616417168864298,0.0261597440949587,0.99548664854573,0.924090850438325
2.39556209201344,-1.09013740124799,-0.412943240441828,-0.297402122046638,-0.161174438498766,-0.479803976457112,-0.427782580461349,-0.018154398349689,-0.690850074981383,-0.641302657597221
-0.755736891068229,2.55150090896827,0.174410913239343,0.0252841420213315,0.0137025161931161,0.0407913427101867,0.0363686561622457,0.0015434267349087,0.0587337820290924,0.0545214249372526
2.81730788624905,0.595991316294559,-0.00967731012769834,-0.423872945840516,-0.229714178132022,-0.683841539284566,-0.609697944693798,-0.0258745911276253,-0.984635396685496,-0.914017844864125
-0.0184603093438475,2.93979878523773,0.202911344618077,-0.0938058239191192,-0.0508372330837208,-0.151338554753725,-0.134930097815949,-0.00572621433643104,-0.217906180501466,-0.202278059629965
-2.32177082500588,1.46201512971091,0.0866793077795816,0.287248622960792,0.155671839853211,0.463423161139397,0.413177808949416,0.0175345955527919,0.667264010576368,0.619408173782331
2.03481285674615,1.65677681069525,0.633502273884471,-0.36642324045549,-0.198579820570515,-0.591156938043885,-0.527062410531413,-0.0223676731895331,-0.851182639187419,-0.790136251524932
-0.933937627751281,3.87390610584578,-0.153474435292404,0.0226910722665865,0.0122972250713412,0.0366078985202284,0.032638790136518,0.00138513727499426,0.0527102122503382,0.048929862531413
-2.37443621953221,1.40367790702471,0.116844370250702,0.295522625306268,0.160155861934131,0.476771751927032,0.425079116343369,0.0180396677207116,0.686484099193866,0.637249807381325
-0.000573761537665748,-2.84563088181642,-0.81900384782412,0.115904386027239,0.0628133525373937,0.186990546408975,0.166716622599436,0.00707518285321667,0.269240021646626,0.249930263694576
-1.66185037455778,2.2809015294633,-0.487104174287696,0.18796495925487,0.101865940151551,0.303247112913817,0.2703683980229,0.0114739959574359,0.436633085539099,0.405317981848153
-2.58959695537028,0.369824029383227,0.107634792407367,0.358225128962375,0.194136926862965,0.577930783278189,0.515270264378251,0.0218672336474849,0.832138841178352,0.772458265061243
-0.00630535168231309,3.02110081023309,0.0293007531764302,-0.0917649510462841,-0.0497312001574494,-0.148045979323896,-0.131994510611907,-0.0056016327804571,-0.213165336127113,-0.197877226212368
-0.377135928394223,-3.35223074845377,0.346368405259461,0.143541329781893,0.0777909487321503,0.231577704763295,0.206469543775892,0.00876223230208123,0.333439243003105,0.309525149419516
-2.40349612258655,1.03385876831313,0.0477694259136134,0.313417223765709,0.169853680628273,0.505641416470302,0.450818668746761,0.0191320125449677,0.728052345588314,0.67583680020337
-0.202644455128506,-3.01142778161698,0.320305808711597,0.108990748733767,0.0590665682135589,0.175836656038717,0.156772061405916,0.00665315181790589,0.253179992183082,0.23502205140794
-0.631312162646505,-3.07122717512145,-0.111297264042322,0.188161087182111,0.101972229939698,0.30356352948387,0.27065050801673,0.0114859682476607,0.437088680786059,0.405740902034811
-0.956505688318468,-2.1719586333877,0.869933820062833,0.172396738489883,0.093428881185885,0.278130633656713,0.247975102352354,0.0105236608373685,0.400468896767335,0.371747470373857
-1.89148968741874,1.41116261157701,0.0313865498734054,0.228754040153515,0.123971220253382,0.369052841119522,0.329039325322918,0.0139638948789895,0.531384055718229,0.493273460448091
1.58349647315676,-2.34001772356514,0.222389828981792,-0.165333550917211,-0.0896010494165531,-0.266735471239886,-0.237815428354983,-0.0100925007638276,-0.384061469575464,-0.356516775547975
2.16948625001684,-1.50450017425909,-0.982298967340569,-0.231719287282448,-0.125578209597395,-0.373836725490787,-0.333304530492911,-0.0141449032632386,-0.538272174697556,-0.49966756702383
1.73610939300274,0.3289080751342,-0.198147912306757,-0.253111595081297,-0.137171580801154,-0.408349304879418,-0.364075180578521,-0.0154507597067867,-0.58796542283296,-0.5457968405782
-0.970868744721105,-2.50217185649097,-0.636453910557005,0.238787055155819,0.129408523620008,0.385239277385785,0.343470792785076,0.0145763429333167,0.554690241696095,0.514908138574837
2.38468813066313,-1.16721213474478,0.0338936886566227,-0.309605747465791,-0.167788084901305,-0.499492295972143,-0.445336249335204,-0.0188993475640559,-0.719198479081014,-0.667617928516492
0.958427495764422,1.73813011208868,0.134618651963828,-0.195731939527785,-0.106075186123648,-0.315777716240931,-0.281540405944951,-0.0119481178395472,-0.454675387547559,-0.422066299097027
2.23862409429723,-0.173905193530164,-0.187370617129902,-0.31069521102341,-0.168378509999673,-0.501249946333054,-0.446903331401701,-0.0189658519833128,-0.721729247776583,-0.669967191763333
-0.57148638934559,2.38552100020198,-0.55770205190443,0.0301486487579749,0.0163387924121843,0.0486393353865063,0.043365752316612,0.00184037213820317,0.0700337849363699,0.0650109973607465
-2.20856491592264,1.75176288043572,0.784480083816298,0.236985891800443,0.128432399137609,0.382333429457695,0.340880003241635,0.0144663940303924,0.550506230396671,0.511024202446134
-1.70732679460976,2.2948308716202,-0.599027741896465,0.198133372048958,0.107376621148823,0.31965198877444,0.284994621381081,0.0120947091358677,0.460253793733427,0.427244624817337
-0.253698875548232,2.30597225218622,-0.364197190676565,-0.0202276484037733,-0.0109621943891758,-0.0326336142853239,-0.0290954064862862,-0.00123476182440273,-0.04698780331585,-0.0436178618666606
1.83229901858814,2.9741437897707,-0.381689161703757,-0.340580928460125,-0.184574809117673,-0.549465090080955,-0.489890883864462,-0.0207901739336023,-0.791152256563282,-0.734411217530437
-0.788719457994963,-3.16610919962629,0.338904331828936,0.197500678383985,0.107033738436716,0.318631253164874,0.284084556157669,0.0120560874449793,0.458784078376728,0.425880316701443
2.04934473730256,-2.37666979394164,-0.468506407952592,-0.206472509682181,-0.111895942720401,-0.333105663445987,-0.296989619234536,-0.0126037573748129,-0.479625188327203,-0.445226712804644
1.06982220726678,-2.89475571314625,-0.0174222241907142,-0.0658131790353029,-0.0356668678213743,-0.106177537628565,-0.0946655368910634,-0.00401745172712292,-0.152880683427578,-0.141916158263466
0.566852550216049,-3.32050369864944,-0.027138835504663,0.0199572541039162,0.0108156566000274,0.0321973824945418,0.0287064718998787,0.00121825607186368,0.0463596910446755,0.043034797489365
1.49463434703334,2.21490902115665,0.800050890292189,-0.311480192536097,-0.168803923758218,-0.502516370555722,-0.448032447141699,-0.0190137698225683,-0.723552720094691,-0.671659885570582
0.858166730536186,-3.07864995855013,-0.10357023256506,-0.0266181495883382,-0.014425469745316,-0.0429435201421061,-0.0382874898122611,-0.00162485892041659,-0.0618326140796176,-0.0573980103230222
1.93427315300566,0.301107135823293,-0.204002880916299,-0.280625053287585,-0.15208225509978,-0.452737241867284,-0.403650480404579,-0.0171302711938505,-0.651877793511441,-0.605125448410446
0.348456681859568,-2.79018667122819,0.786121875072082,0.00604094612257022,0.00327383709506238,0.00974596264218261,0.00868928406750177,0.000368759111614378,0.0140328120492754,0.0130263858783038
2.61178955924042,-0.354225591137982,0.097567616444053,-0.36929509281038,-0.200136195446274,-0.595790147014257,-0.53119327685686,-0.0225429804512748,-0.8578538068343,-0.796328966407877
2.07812332557098,0.316173214226152,-0.569673525568292,-0.288637099769091,-0.15642431252693,-0.465663214738395,-0.415174991040375,-0.0176193527189603,-0.670489371917174,-0.622402213841784
-1.16510393666616,1.98680130596688,0.0114529172999851,0.107298894789049,0.0581496829953728,0.173107158869451,0.154338502286518,0.00654987551896586,0.249249901111364,0.231373824476851
3.13814870542052,0.911791988369469,-0.732217634494036,-0.453655061000432,-0.245854330916313,-0.731889539691203,-0.652536475861737,-0.0276925888560498,-1.05381774262755,-0.97823846800388
-1.89517451040843,2.38036561679925,0.412223316785718,0.18616401284092,0.10088993323863,0.300341614981075,0.267777920527546,0.0113640602973259,0.432449578183628,0.401434513520797
-1.26269743798326,-3.35306179212413,0.12893035998572,0.279069267898877,0.151239111026954,0.450227266447879,0.40141264200704,0.0170353009646575,0.648263782807526,0.601770632723311
2.09680347546725,0.465508254911473,0.601021176883778,-0.338062652762027,-0.183210051970572,-0.54540231243348,-0.486268601450901,-0.0206364501475614,-0.785302429592035,-0.72898093718597
-1.86695862344959,-2.02426817923094,-0.283105536969468,0.340737703857974,0.184659772152048,0.549718018536141,0.490116389263627,0.0207997440167086,0.791516437876493,0.734749279944364
-1.19722553676364,2.47477518591621,0.0194986109228846,0.0968412955832364,0.0524822799908383,0.156235733579631,0.139296313808146,0.00591150945601642,0.224957427521252,0.208823594785744
-2.51620377908609,-0.455004104740003,0.460365051124923,0.359942287856662,0.19506752587381,0.580701105359343,0.517740222083345,0.0219720546433207,0.836127714366981,0.776161058285598
-1.33318456642012,2.60596497684764,0.674846440588482,0.0888374557452296,0.0481446700812409,0.143323000628118,0.127783607590922,0.00542292889127015,0.206364912732945,0.191564525738848
-0.314634836727395,-2.88037533703687,0.283279494584349,0.12249599402986,0.0663856159473359,0.197624901366294,0.17619797754521,0.00747755616723697,0.284551993368685,0.264144068561969
-1.37945622731379,-1.55082605895413,0.525985626322334,0.226933013819895,0.122984331206347,0.36611494790581,0.326419964913774,0.0138527334749003,0.527153903725811,0.48934669281352
0.194659177060975,-3.0960155774792,0.288122660135341,0.0554402037249466,0.0300453259853479,0.0894426375298369,0.0797450712441163,0.00338425138356194,0.12878478686294,0.119548407193154
-1.93355423887145,-2.52572317366394,-0.480175023735239,0.372649730024653,0.20195421128845,0.601202241130811,0.53601857989827,0.0227477584800511,0.865646459270897,0.803562733759579
0.145471336500807,2.6768486053907,0.115583061063394,-0.106316071957594,-0.0576170508913598,-0.171521553832607,-0.152924812013956,-0.00648988079846209,-0.246966853424508,-0.229254515813475
-0.785260160885039,-2.5078482423489,0.468260432758201,0.172376292247048,0.0934178005261852,0.278097647380259,0.247945692520102,0.010522412731825,0.400421401180219,0.371703381146188
-2.95902354136519,-0.448092634956832,-0.598274441315344,0.461734579821983,0.250232954378857,0.744924366853035,0.664158038568095,0.0281857891135021,1.07258605586375,0.995660727323047
-2.41129738275093,-1.6049943123629,0.495559052156143,0.378424555285844,0.20508382654639,0.610518866394265,0.544325076284192,0.0231002727037898,0.879061086030261,0.816015270283784
2.31175610618481,-1.10584007107739,-0.666817228639891,-0.275692084721801,-0.149408876600491,-0.444778798540407,-0.396554908900637,-0.0168291466565625,-0.640418757240616,-0.594488248415669
2.01737483590985,1.19644196298323,0.0513425579357337,-0.328962251743981,-0.178278170469178,-0.530720478404305,-0.473178603962172,-0.0200809319014689,-0.76416265869056,-0.70935729994387
-2.60528576465889,0.861942790188534,-0.363131905674226,0.362534173690296,0.196472175380054,0.584882639508938,0.521468385159461,0.0221302718328178,0.842148533956924,0.781750067744774
-1.38474958390309,2.62267126472293,0.0924008198873144,0.116761848479865,0.0632780466975589,0.188373905383018,0.167949994769442,0.00712752516613546,0.271231863519219,0.251779251677159
-1.18105041441918,2.19756222128375,-0.195404279688954,0.11066350808298,0.0599731052853109,0.178535347567496,0.159178154899711,0.00675526252027681,0.257065727476015,0.238629103734227
0.450155672127668,-2.59201266723546,0.257244115768209,0.00443623168738012,0.00240417636008595,0.00715704914760572,0.0063810662334624,0.000270802093374377,0.010305141647176,0.00956606210895741
-0.765480819825266,-2.70786546123464,-0.235117818735131,0.200947555712765,0.108901742989666,0.324192159850163,0.289042537183802,0.012266496112068,0.466790999930117,0.433312985897432
2.51800897577085,-0.652745701020352,0.0711073519000044,-0.34576873162744,-0.187386292965804,-0.557834662468755,-0.497353008917799,-0.0211068544085468,-0.803203260713704,-0.745597929768383
0.225089879095652,3.1590330251743,0.231077289051492,-0.136580296619673,-0.0740184786382208,-0.220347349819966,-0.196456808465468,-0.00833730806790741,-0.317269115335645,-0.294514735116373
-2.62784487940085,-0.21222052515559,-0.184476916620047,0.39192075490497,0.212397972055879,0.632292518175068,0.563737981140956,0.0239241248754099,0.910412074566162,0.845117781804703
-0.47550191139055,-3.08511405571604,-0.261828233517469,0.171547035449294,0.0929683921701538,0.276759793076032,0.246752891304135,0.010471792184342,0.398495079616121,0.369915214388768
-2.40197672138117,-0.639182710030173,0.883186283613582,0.333817684767362,0.180909529269937,0.538553832302413,0.480162648506661,0.0203773234156252,0.775441583821242,0.719827306278228
-2.77414364593262,-0.390545086843679,-0.735029850418502,0.438266872315706,0.237514838737489,0.707063509296417,0.630402137952924,0.0267532434830572,1.01807175926499,0.945056168458705
-3.22107842401049,-0.334810794476283,0.67731343942887,0.450092178382983,0.243923458327535,0.726141479671531,0.647411633074857,0.0274750988466806,1.04554134666079,0.970555650962922
2.50621798123702,-1.17291123908056,0.326187922731103,-0.33749015267292,-0.182899790632263,-0.54447868815876,-0.485445118539121,-0.0206015028694406,-0.783972540865066,-0.727746427404761
-1.87706055989889,-0.278289192881541,0.444071236487897,0.263030683846098,0.142547142855266,0.424351941980429,0.378342776782715,0.0160562533309172,0.611006963928069,0.567185854019107
2.5292154525793,0.181966807811066,-0.672003526633939,-0.345908341268525,-0.187461953170768,-0.558059897112285,-0.497553823128907,-0.02111537663771,-0.803527566842887,-0.745898976826279
0.908411544675238,-2.71094974404842,-0.99030994589008,-0.0130451577378308,-0.00706970736810341,-0.0210459781290327,-0.0187641271730383,-0.000796319099801073,-0.0303032410774496,-0.0281299079793852
-2.45005528180348,-0.998171433479952,-0.00826078924672106,0.383772346612143,0.207982014556258,0.619146550440241,0.552017327965484,0.0234267193792894,0.891483734575382,0.827546972768721
1.16258592991469,1.70939945925462,-0.00239877891801547,-0.219352962353214,-0.118876389640475,-0.353885920048057,-0.315516834989441,-0.0133900223385766,-0.509545827871873,-0.473001459239349
-1.84733297711992,1.32517287677347,0.236459222158053,0.217603125002309,0.117928080830317,0.351062877248834,0.312999872661781,0.0132832065428557,0.505481044282709,0.469228199869929
2.28240635040539,-2.46966419553166,-0.138135234249401,-0.24916089568202,-0.135030534352077,-0.401975573352168,-0.358392502956656,-0.015209596092483,-0.578788148113343,-0.537277755352148
1.37047499521756,2.84825089025858,0.578920317675971,-0.304816023792289,-0.165192336699078,-0.491764952102295,-0.438446720979969,-0.0186069671635554,-0.708072193443887,-0.65728961444854
-1.90047585473662,0.128127470440597,0.220715223860598,0.262133362020342,0.142060847261866,0.422904277191768,0.377052070975088,0.0160014778714801,0.60892253074938,0.565250915331993
1.32646879196978,-3.57907318003683,-0.0334956563608619,-0.0814797777734891,-0.044157241855816,-0.131452731767768,-0.117200339229235,-0.00497379216047452,-0.189273399251179,-0.175698806945215
0.529965001001271,-2.76325858149143,0.288441177111996,-0.00300068916554384,-0.00162619684095601,-0.00484106362063524,-0.0043161849201515,-0.000183171882096846,-0.00697044903629401,-0.0064705319627298
-1.88389153598539,-2.33244963596271,0.341105569463565,0.330021680989797,0.17885231873903,0.532429673891612,0.474702484738384,0.0201456029280894,0.76662365920015,0.711641798743686
-1.10679155125705,2.44940707040729,0.534173893109874,0.066019304555872,0.0357785757164269,0.106510083488487,0.0949620274018951,0.00403003430314725,0.153359502577761,0.142360636746773
2.42731439660869,0.869348607226161,-0.0607257245455056,-0.374100329565688,-0.202740350825397,-0.603542518406729,-0.538105119196005,-0.022836307821033,-0.869016128575191,-0.806690732088487
-2.25336676995288,-1.59013529966181,-0.69291971135738,0.398051389974075,0.215720415278893,0.642183177542666,0.572556273598591,0.0242983588936986,0.924653229498172,0.858337568319741
-2.36064981883238,-0.805276940065804,0.6603931332401,0.340928643370936,0.184763250125161,0.55002606454789,0.490391036253383,0.0208113995891543,0.791959980699723,0.735161012101016
0.600054809418169,-2.71009002928138,0.37800492670575,-0.0179461366052991,-0.00972574933452437,-0.0289528119234964,-0.0258136847628909,-0.0010954908812636,-0.0416879668984096,-0.038698127032114
-3.08585876826349,0.965170140727346,0.231736213116446,0.407238759828098,0.220699428768482,0.657005319895945,0.585771366876205,0.0248591860020193,0.945995024603246,0.878148740691905
-2.32795860770634,-2.73223294803887,0.154104645201,0.412904364916694,0.223769853123985,0.666145738369885,0.593920761197926,0.0252050330691571,0.95915593843041,0.890365760446873
-1.97569048997045,3.09260884889569,0.355930732623847,0.178201268541453,0.0965745946911312,0.28749518217117,0.256324326045642,0.010877988338678,0.413952526251088,0.384264060782015
2.93704800017332,0.525890946315707,-0.59989171500987,-0.417731630442311,-0.226385946799516,-0.673933649157696,-0.600864289673478,-0.0254997051471123,-0.970369431889626,-0.900775027836094
2.47833713460899,0.871294620764315,0.0995388086567913,-0.387292448784367,-0.209889702662725,-0.624825592029268,-0.557080635450845,-0.0236415979303447,-0.89966075373344,-0.835137540255346
0.928669819799558,-2.53344782046245,0.904836144021879,-0.0896690764408531,-0.0485953595307266,-0.144664668649577,-0.128979809032562,-0.00547369373881158,-0.208296725512134,-0.193357789884194
-2.36098102743969,-0.607311615565536,-0.253482472840276,0.367918381587747,0.199390099027204,0.59356907503768,0.529213018359325,0.0224589414949413,0.85465577635342,0.793360297052923
-1.67900811706478,1.03098827564757,-0.25348243967334,0.219921080481654,0.119184276214122,0.354802474830004,0.316334014898308,0.0134247021274847,0.510865537526028,0.47422651998569
2.12727575291291,0.78138353315247,0.249677805491685,-0.339368767401052,-0.183917889198199,-0.547509489723274,-0.488147313972572,-0.0207161796575059,-0.788336467782802,-0.731797375694778
-1.42513282368221,1.96246719531605,0.467822839933132,0.129070787124508,0.0699487666672532,0.208232128542367,0.185655145963083,0.00787890304427204,0.299824904910695,0.27832161462564
0.355774188081173,-3.63041782022983,-0.573955711919186,0.0794979944288505,0.0430832319745139,0.128255486493624,0.114349746277004,0.00485281762258704,0.184669816859707,0.171425391150625
2.10876827983086,-1.83181237598225,-0.020180346615976,-0.247724685327436,-0.134252192906921,-0.399658510399099,-0.356326661034139,-0.01512192511451,-0.575451904160793,-0.534180785125691
1.97087173219377,2.23959551550862,-0.10808282165113,-0.34814554099924,-0.18867438369388,-0.5616692100504,-0.500771806468187,-0.0212519426272857,-0.808724468570004,-0.750723159394345
-2.29263858055273,1.3053857256279,0.203061274591175,0.283603197114622,0.153696233694781,0.457541932704188,0.407934236157723,0.0173120668347377,0.65879587086763,0.611547364763435
-1.84548748852325,-2.03940992215453,0.104797844124419,0.324117551366401,0.175652628130483,0.522904439668907,0.4662099972326,0.0197851955431195,0.752908664952787,0.698910436935553
2.41184609991995,-0.773688690137361,-0.379875770854402,-0.310538339577031,-0.168293494912649,-0.500996862921115,-0.446677687846533,-0.01895627603709,-0.721364843347495,-0.669628922235288
2.16394823824609,-2.35639481180252,0.771305317170828,-0.268304357770594,-0.145405163597542,-0.43286005114286,-0.385928418150731,-0.0163781756377683,-0.623257441500633,-0.578557733546416
1.92384302834024,-1.74704806802016,-0.0452442564815075,-0.222732544733002,-0.120707924293537,-0.359338258630674,-0.320378019103928,-0.0135963231018531,-0.517396426665235,-0.480289017064466
2.54607571036729,0.818992176713341,-0.0456399283664379,-0.39023790234775,-0.211485965059696,-0.62957754309961,-0.561317369598209,-0.0238213980506067,-0.906502893261949,-0.841488965003186
1.86193592808413,0.101017159352182,0.371841050193491,-0.284888220184195,-0.154392640533681,-0.459615082600959,-0.409782610610709,-0.0173905088462911,-0.66178091441022,-0.614318322495412
-2.30568555311871,1.27926196091899,-0.400741389704385,0.308043551647999,0.166941466753374,0.496971978496857,0.443089190190091,0.0188039860213028,0.715569577274833,0.664249289709402
2.66293266153937,-0.68165655113307,-0.554846909891136,-0.343218600242362,-0.186004271912089,-0.553720491491667,-0.493684905351769,-0.0209511860471708,-0.79727943459414,-0.740098957457028
-2.45887187074591,0.448941810879288,-0.578709519289703,0.361723165725699,0.196032656817065,0.583574226362206,0.520301833026335,0.0220807652538037,0.840264603508491,0.78000125183368
-1.55055882028724,2.48708889727575,-0.770284173250152,0.175876879492388,0.095314912691361,0.283745205200933,0.2529809297761,0.0107361000279089,0.408553088150978,0.379251867647021
-2.20229956300627,1.91991176519351,0.273509467281431,0.24940403242209,0.135162300148802,0.402367830051299,0.35874223032698,0.0152244379544116,0.579352942452914,0.537802042927817
-2.37961820275876,0.883419189910033,-0.0344405511156751,0.317500852892521,0.172066767162497,0.512229605821262,0.456692552206277,0.0193812906246611,0.737538409336077,0.684642528264905
0.311683174794836,-2.59813131442152,-0.180421063502758,0.040362164422577,0.021873916509525,0.0651169764865743,0.0580568515479105,0.00246383854338538,0.0937592648157887,0.0870348978428456
-0.203840276750812,2.80552581484715,0.807143864621207,-0.0847919366188056,-0.0459522369232315,-0.136796294798537,-0.121964541474992,-0.00517597717066047,-0.196967376586951,-0.182840976124332
-1.65557930308492,1.57771763079986,-0.671671236672528,0.215039298862648,0.116538638025994,0.346926612287816,0.309312070589855,0.0131267022088636,0.499525405941478,0.463699696893329
-1.6582270130947,2.29494239169253,-0.123239833117142,0.17389939667705,0.0942432334437152,0.280554898044932,0.250136522696076,0.0106153880083971,0.403959495671376,0.374987725292883
-2.71446889796138,2.1210325915385,0.000498203068424874,0.326982182914156,0.17720508975395,0.527525999186501,0.470330477164406,0.019960062023174,0.759563059030211,0.705087581240945
-2.82671143764177,-0.138171786953918,0.47105710118532,0.394711912467524,0.213910615105668,0.636795540844226,0.567752776248558,0.0240945062630699,0.916895792295226,0.851136490582973
1.02779938689601,-3.13288936548691,-0.831433327452751,-0.0231881514837135,-0.0125666127379742,-0.0374098450004701,-0.0333537878262888,-0.00141548061638327,-0.0538649021095114,-0.0500017386188671
1.28945460540153,-2.36182803293586,-0.143505599326888,-0.109091932073549,-0.0591214036258371,-0.175999896867144,-0.156917603306874,-0.00665932837994291,-0.253415035959483,-0.235240237963774
-2.35462961561893,-0.734778178663573,0.315309864866485,0.350363169290253,0.18987620764908,0.565246948047053,0.503961638290182,0.0213873139121627,0.813875906833402,0.755505139115276
-1.20329873902837,2.74462024070276,0.0117861117113838,0.0898115586612574,0.0486725765045386,0.144894537674902,0.129184755155659,0.00548239131961284,0.208627704497665,0.193665031224562
3.13705932533451,0.526405362095238,0.384219126390056,-0.482058668633412,-0.261247413790372,-0.777713570112527,-0.693392164731847,-0.0294264379758504,-1.11979788536476,-1.03948654833036
2.5123112738254,0.171401446508104,0.0450807541710665,-0.369002090088974,-0.199977405223877,-0.595317440666784,-0.530771822364933,-0.0225250946067309,-0.857173176344309,-0.795697150391813
-0.139858825916666,2.71025949872371,0.02956341907974,-0.063094580545996,-0.0341935475168578,-0.101791575764597,-0.0907551106002529,-0.0038514995826389,-0.146565516752717,-0.136053912143182
-2.37320396756489,1.80793667659317,-0.0690479363958272,0.289786934828489,0.157047455424463,0.467518263485097,0.416828911346758,0.0176895424121646,0.673160380555361,0.624881659093607
-1.23994937070271,-2.81423009577315,0.954723193588796,0.229679243684185,0.124472626089112,0.370545487943938,0.330370136115652,0.0140203723288972,0.533533256686056,0.495268521811318
2.52414776532756,0.125539935496376,-0.083137011233393,-0.364695380257918,-0.197643422083404,-0.588369351365446,-0.524577060094413,-0.0222621989511402,-0.847168907412962,-0.786410382559931
-2.80716376059883,0.721337471014965,-0.084558799866449,0.385858591230949,0.209112636297263,0.622512324890929,0.555018177792528,0.023554070575051,0.896329975218901,0.832045643488455
-2.69481310099826,-1.41610637715985,0.596100668026552,0.409943904856431,0.222165458089318,0.661369577059126,0.589662441737336,0.0250243169032384,0.95227893956928,0.883981976460088
-2.22746307500274,-1.20548035734408,-0.0429249551080799,0.359219565632363,0.194675852983616,0.579535125121185,0.516700659971482,0.0219279373146823,0.834448867224225,0.774602617209395
0.561450369228299,2.48152119624306,-0.464224476921771,-0.139458602560262,-0.0755783509774284,-0.224990970471531,-0.200596957614873,-0.00851300927763026,-0.323955274335424,-0.300721366179982
-1.21255492785172,2.23268010313972,-0.00235088410781827,0.107180641170314,0.0580855964970355,0.172916378265368,0.154168406532583,0.00654265693126368,0.248975203941055,0.231118828448432
0.734573488638878,-2.91929546469978,-0.011582427646848,-0.0169494968482367,-0.00918562927040161,-0.0273449158021002,-0.0243801202538937,-0.00103465273042481,-0.039372823192784,-0.0365490242601743
1.00464180720202,-3.29654670988332,0.388356837042363,-0.0588604323165851,-0.0318988884919002,-0.0949605513475571,-0.0846647207833666,-0.00359303332456592,-0.136729804748914,-0.126923612421393
-2.70279002747596,-0.689547974350737,-0.139084180824784,0.415563943290794,0.225211188001286,0.670436482063343,0.597746293080423,0.0253673824327506,0.965334004365251,0.896100738622755
1.75804438718699,-2.42235527811036,0.146195011698595,-0.185252865347919,-0.100396144947668,-0.298871645004828,-0.26646732790953,-0.0113084408739357,-0.430333028679788,-0.399469761875102
-1.08998701154373,-1.58362879737572,0.370178252367519,0.191814317883595,0.103952065870142,0.309457349626862,0.275905307295722,0.0117089733996134,0.445574950778608,0.413618541042747
-3.11404028224735,1.28484153712952,-0.256316956071929,0.419201579729012,0.227182572759261,0.67630514371226,0.602978661604266,0.0255894356598637,0.973784049673614,0.903944750962503
-0.0343400459745024,3.19099485727165,-0.417737147941353,-0.0767597738537814,-0.041599277654903,-0.123837867980032,-0.110411095619724,-0.00468566768180308,-0.178309069072893,-0.165520832972644
-0.117235351490858,3.17177457109197,0.23458146076037,-0.0877428420529495,-0.0475514539131376,-0.141557041466071,-0.126209117581673,-0.00535611009094713,-0.203822180535262,-0.189204157006202
-0.990410585026619,-2.69825625380593,0.0491822340193358,0.222833304289803,0.120762530040393,0.359500815762703,0.320522951436346,0.0136024737947907,0.517630486015223,0.48050628979645
0.60093101712088,3.59192173531229,-0.141985599156663,-0.19044091056536,-0.103207759972715,-0.307241607896274,-0.273929801127253,-0.0116251361244116,-0.4423845951004,-0.410656996057505
1.26560282497851,2.2542873940275,-0.193975265320751,-0.243821889449152,-0.132137107345564,-0.39336206244905,-0.350712887735089,-0.014883685687823,-0.56638590689556,-0.52576499659137
-2.17688818911613,0.13667110730162,0.189689005317037,0.302840838414934,0.164121902527542,0.488578351442646,0.43560561852986,0.0184863953871733,0.703483937796425,0.653030426171645
-1.39565763649965,-2.29000216137069,-0.541865177255531,0.290181145039528,0.157261094146936,0.468154249622367,0.417395942476737,0.0177136062929314,0.674076110920633,0.625731713741003
2.49779226545345,-1.32325393923139,-0.826299112173706,-0.290168729404683,-0.157254365603908,-0.468134219264386,-0.417378083853956,-0.0177128484019681,-0.67404727002937,-0.62570494130385
-2.4303277971693,1.2738164270172,0.238710407758957,0.303124912377573,0.164275853888431,0.489036652869496,0.436014229914148,0.0185037361910755,0.704143827231776,0.653642988671
0.956445879083247,2.76792134544401,-0.129414338229972,-0.217157163099676,-0.117686395738247,-0.350343399214316,-0.312358402008569,-0.0132559835695512,-0.50444509735754,-0.468266550533409
2.12158851996351,-0.623352511086892,0.517015591753699,-0.305586584633921,-0.165609935303031,-0.493008111207459,-0.439555094057362,-0.0186540047178788,-0.709862167273112,-0.658951212261557
-1.25700578516697,2.68111364300497,0.0756786340122895,0.0971766089587239,0.0526640000964092,0.156776700435587,0.139778627855007,0.00593197808128609,0.225736343518904,0.209546647322653
-1.21593508172954,2.287642760687,0.178312872136004,0.0994881583692037,0.053916723768091,0.160505962995291,0.14310355561569,0.00607308261851686,0.231105955788526,0.214531153720612
-0.343585078498646,-2.93010379786746,0.0721522271606202,0.135788767203774,0.0735895163016887,0.219070361752035,0.195318274235402,0.00828899052322133,0.315430432569831,0.292807921747023
-2.42582061233703,1.31782562591118,-0.122173966269149,0.314150511994359,0.170251079670677,0.506824443025642,0.451873428976833,0.0191767748570738,0.729755737024326,0.677418025268551
1.34380191805843,2.30163049083584,-0.195646568368418,-0.256470673693225,-0.13899200361934,-0.413768564379465,-0.368906872116882,-0.0156558088530039,-0.595768392411486,-0.553040185131638
2.59185512466908,-2.0603692892436,0.545592408538184,-0.330832364034191,-0.179291661214402,-0.533737562838974,-0.475868569506982,-0.0201950896729115,-0.768506834875399,-0.713389914013548
0.883241817070049,-2.77234666725645,0.7200080998008,-0.0692121711999489,-0.0375089214349414,-0.111661190352092,-0.0995546399988488,-0.00422493732715767,-0.160776370168639,-0.149245570351514
0.986038817166131,-2.89328547203224,0.219134373125502,-0.0623073424154398,-0.0337669108043015,-0.100521510901374,-0.0896227489459064,-0.00380344399204717,-0.144736802425529,-0.134356352281089
-1.72109445179362,2.07725030615366,0.588961455479423,0.163889128855234,0.0888182577095123,0.264405160197551,0.23573777473,0.0100043285163743,0.380706150242318,0.353402098017554
2.64430023042378,-0.968352012786031,-0.566069683322835,-0.33143363191319,-0.179617513000926,-0.53470759868564,-0.47673343194662,-0.0202317930310285,-0.769903549722058,-0.714686457178998
1.44242332726773,-2.68008922173442,-0.00156231013854587,-0.126609693719917,-0.0686149989562224,-0.204261604075935,-0.182115114439008,-0.0077286698524735,-0.294107909512691,-0.273014639241277
-1.06814170066011,3.15183048722952,-0.104737984532863,0.0621787966197722,0.0336972465520914,0.10031412575061,0.0894378489465395,0.00379559713619871,0.144438197049197,0.134079162731071
-1.91003422377404,-0.738889691148973,-0.342780539303948,0.31011857874451,0.168066009257807,0.500319655525221,0.446073904756901,0.0189306524628104,0.720389760181895,0.668723771540336
2.65993060490602,-0.57452199297248,-0.00410303516404097,-0.365889241943669,-0.198290424820042,-0.590295429028312,-0.526294308206597,-0.0223350761736308,-0.849942187675531,-0.788984764567048
-1.27440678587091,2.51188379653445,-0.157944956882973,0.113239411515206,0.061369093271069,0.182691097033056,0.1628833289236,0.00691250409171263,0.263049420756519,0.244183649564069
2.74637670676879,0.905113041974919,-0.0360785753786901,-0.422070013576968,-0.228737095005551,-0.680932837546394,-0.607104610756602,-0.02576453424476,-0.980447276301932,-0.910130094352714
-2.4098932625677,-0.968535508636736,0.0959585428842838,0.373326650090279,0.202321062105569,0.602294327955867,0.536992260282414,0.0227890798951025,0.867218910317566,0.805022409413806
1.2446403389964,-1.78369863093011,-0.105648164204388,-0.121528505304249,-0.0658612940257869,-0.196064035107066,-0.174806343817916,-0.00741849749071273,-0.282304566033492,-0.262057825576681
-0.335913774922834,-2.77461942865437,-0.326809792210106,0.144350345524605,0.0782293876281843,0.232882903824077,0.207633230301293,0.00881161726935481,0.335318545620946,0.311269669405685
-2.77651250124285,1.91611623596823,0.0598124943281801,0.34000247182539,0.184261319682366,0.548531856008367,0.489058833070107,0.0207548630484522,0.78980853108234,0.733163863360239
-1.93918272996287,-1.5644705535814,-0.406064607362818,0.341638578135846,0.185147992965318,0.551171414557113,0.49141220491083,0.0208547363294431,0.793609123221621,0.73669187895672
-1.87257443446265,2.80053757290233,-0.575436120823804,0.205769247220343,0.11151481587563,0.33197107797847,0.295978048003651,0.0125608279337292,0.477991545227589,0.44371023376051
-1.11795696214891,-1.91913752526124,0.277596505297668,0.209358719207686,0.113460098337254,0.337762035087508,0.301141136883691,0.0127799410452121,0.486329706954663,0.451450386752737
-1.96718852318807,2.65072868973599,0.0825452540509894,0.200231652638548,0.10851376567729,0.323037181064527,0.288012783722928,0.0122227950466564,0.465127993327815,0.431769249286147
-1.59746025727818,2.31051269321245,0.00981883744376822,0.159870173434953,0.0866402205161068,0.257921310053563,0.229956917792546,0.0097589983312791,0.371370320241037,0.344735829014314
0.456577968368273,-2.64034610900702,-0.272463241103734,0.0240722360337485,0.0130457345073709,0.0388361538637423,0.0346254531646439,0.00146944802921035,0.0559185857667711,0.0519081331246506
0.962959044988674,-2.83157130206934,-0.00901398396508629,-0.0526268505194273,-0.0285206542039973,-0.0849038062468011,-0.0756983499708312,-0.00321251510125202,-0.122249509778813,-0.113481836870646
-1.69664326319371,-2.06541162523701,0.126688450005056,0.302659280916011,0.164023509053606,0.488285441596074,0.435344466609165,0.0184753125235537,0.703062188916891,0.652638924908087
-1.59793329272846,1.81146618302882,-0.630257009356037,0.198147320517647,0.107384180397538,0.319674492079717,0.285014684828808,0.0120955605960228,0.460286195320119,0.427274702578646
-2.16683967538744,1.72460969388507,-0.442434952829238,0.276024784689878,0.149589180393129,0.445315549141081,0.397033463827831,0.0168494557508953,0.641191602425144,0.595205665535097
1.91571681841989,1.21081132356567,-0.731476671495313,-0.286521974231709,-0.155278039028624,-0.462250846203302,-0.412132598961414,-0.0174902385374576,-0.665576042361758,-0.617841265792926
1.96400497884756,-2.93055042268439,0.350477562124984,-0.206897450971046,-0.112126235877547,-0.333791228561513,-0.297600853881567,-0.0126296971810934,-0.480612305430656,-0.446143034369523
1.83606851581354,-2.72478722404801,-0.432172401074923,-0.166479123639499,-0.0902218823783479,-0.268583643484563,-0.239463217724723,-0.0101624302700323,-0.386722577020304,-0.358987029715022
2.1797505310492,-0.324329839681768,-0.59807086931444,-0.282840276189377,-0.153282775475657,-0.456311099207992,-0.40683685231983,-0.0172654956459012,-0.65702364417744,-0.609902241273633
-1.13359240283745,1.73348972614266,0.347139845351235,0.0983364369877862,0.0532925585950938,0.158647871012719,0.141446922027722,0.00600277777804626,0.228430565319774,0.212047640900892
-0.511102035982324,-3.01153946194675,0.976664803607835,0.129799973859587,0.0703439429416471,0.20940853808734,0.186704006613518,0.00792341498779432,0.301518768784761,0.27989399544079
1.45622403016185,-2.50151894538308,0.211060760733114,-0.141679653775466,-0.0767820299559912,-0.22857423073086,-0.203791712963753,-0.00864858950899644,-0.329114663878451,-0.305510726918795
-2.20770860461408,2.16445192612068,-0.792127244046907,0.281184405192895,0.152385390896664,0.453639653950155,0.404455050996721,0.0171644158638238,0.653177139673011,0.606331606123574
-2.50937482404227,0.195568305236552,0.542130439420176,0.336280946824363,0.182244472262879,0.542527855493208,0.483705799415756,0.0205276889890607,0.781163616889019,0.725138958033239
1.34231460850774,2.43919630872124,0.13542233810611,-0.272363195890874,-0.147604814865971,-0.439408244735104,-0.391766642279124,-0.0166259403933301,-0.632685916995144,-0.587310003555047
-0.38832228122548,3.00307556662689,-0.414419453220708,-0.0201498802725136,-0.010920048641181,-0.0325081496169372,-0.0289835449715162,-0.00123001460328648,-0.0468071518835662,-0.0434501666635799
-0.685450682640838,-2.22339771776707,-0.0231133093664138,0.16707552851195,0.0905450987016671,0.269545833758833,0.240321085226075,0.0101988367743224,0.388107995348918,0.360273086542978
-1.04178581952008,3.46269529101122,0.64478107638858,0.021931658817071,0.0118856676975345,0.035382723695163,0.0315464514442613,0.00133878019394945,0.0509461332487184,0.0472923023820843
2.86788926125482,0.024895944128633,0.720421280993083,-0.440166110461173,-0.238544113981272,-0.710127582976063,-0.633133998066051,-0.026869179191977,-1.02248359333723,-0.94915158802638
1.82437356401337,-2.97581397806982,-0.00166068470177049,-0.172700611367298,-0.0935935623927823,-0.278620877014488,-0.24841219245359,-0.0105422102317921,-0.401174778079488,-0.372402726235911
1.88342618814096,-2.9460077453841,-0.622118850732692,-0.159749948508678,-0.0865750656851576,-0.257727349105003,-0.229783986514035,-0.00975165940851643,-0.371091043823101,-0.344476582159588
2.32300378168775,0.594919740373647,0.39085280879362,-0.367019961983691,-0.198903208502605,-0.592119639184341,-0.527920733509722,-0.0224040990235259,-0.85256879309131,-0.791422991173079
-2.55321941643538,1.05640314189902,0.0257543424220282,0.335111556336243,0.181610731474443,0.540641257635835,0.482023750622249,0.0204563055685203,0.77844718197981,0.722617344459538
1.96987643640281,1.0633962845093,-0.0164629406580834,-0.315635663947412,-0.171055944580421,-0.509220464304218,-0.4540096683906,-0.0192674333903081,-0.733205669832687,-0.680620530643676
-0.144833013924666,-3.55401517971049,0.406399895874154,0.114007296835632,0.0617852419000683,0.183929939673681,0.163987853536975,0.00695937832346985,0.264833179485418,0.245839478020607
0.0673432497645321,3.66231593832742,-0.331541025911576,-0.108819244833714,-0.0589736231982338,-0.175559965836721,-0.156525370560474,-0.00664268265884726,-0.252781597304808,-0.234652229208504
0.205511588015882,-3.4183823646832,0.535437270310246,0.0547360086300945,0.029663693708398,0.0883065474293814,0.0787321585158849,0.00334126501150829,0.127148977304043,0.118029917067099
-2.50298768244495,0.999983721167146,0.0860660860385488,0.327406780549498,0.177435196671121,0.528211009879867,0.47094121750094,0.0199859808517193,0.760549377843926,0.706003161769022
0.998041165877581,-3.52662037929182,-0.149298350923043,-0.0315490595438669,-0.0170977325990615,-0.0508986422775279,-0.0453801002155851,-0.00192585779340067,-0.0732868683030263,-0.0680307712364001
-2.75146294617634,-2.17397890030773,0.358409042668998,0.449662667195228,0.243690688554277,0.725448541859253,0.646793825094974,0.0274488800788235,1.04454361391354,0.969629475102845
-2.15804991364468,-1.72875705554176,0.274591490851599,0.353635135247791,0.19164942053796,0.570525667198268,0.508668027171558,0.0215870454170054,0.821476518125435,0.762560638416012
1.21109288722731,-2.62713721941401,0.677452752221791,-0.119345208864864,-0.0646780759126392,-0.192541685279188,-0.171665894858357,-0.00728522193436069,-0.277232878923543,-0.257349877296876
-0.891263732244739,2.79889040545505,0.198573158177129,0.0364485509312707,0.0197529684388734,0.0588030762947306,0.0524275182172733,0.00222493877421442,0.084668138783093,0.0785957827635338
2.4750486170357,-0.0336524168903987,-0.83221617599298,-0.325784998849715,-0.176556286483691,-0.525594561472753,-0.468608450149772,-0.0198869819918205,-0.756782061050123,-0.7025060350271
0.597400157839808,2.13254883916517,-0.634518440819845,-0.127919134263597,-0.0693246386283363,-0.206374147105112,-0.183998610934868,-0.00780860238651734,-0.297149673611614,-0.275838249560022
0.280407363367624,-3.02011960201699,0.216081756247595,0.0433740810983812,0.0235061979999431,0.0699761536432918,0.0623891860949654,0.00264769578943436,0.100755794790079,0.093529640231912
1.51990682490197,-1.50887399465557,0.322151113252906,-0.184967975071729,-0.1002417511929,-0.298412026605238,-0.266057542341565,-0.0112910502395841,-0.42967124298938,-0.398855439119141
-1.92845014400873,-1.44008335016665,-0.0423386492141295,0.323206773006081,0.175159039887698,0.521435065220786,0.464899935574248,0.0197295986527956,0.75079297292548,0.696946481268607
2.80260111291705,-2.31441842997097,0.0322144304225189,-0.335002168376958,-0.181551449641499,-0.54046478015316,-0.481866407214032,-0.0204496281696711,-0.778193079287625,-0.722381465883705
-1.55561582224301,2.51548478740202,0.0667084872879315,0.145570955796167,0.0788908865233201,0.234852135442095,0.209388953522476,0.0088861273130195,0.338153961494339,0.313901730689096
0.650444906627813,3.08697785628627,-0.762291431227104,-0.159903833940221,-0.0866584625279622,-0.25797561512767,-0.230005334991805,-0.00976105307862618,-0.371448511890876,-0.344808412798639
1.77679332111683,-2.43060451886811,-0.240339733873931,-0.173770892256708,-0.0941735916144952,-0.280347579645695,-0.249951682210889,-0.0106075436782339,-0.403660986407831,-0.374710624962491
2.74602559247212,-1.09091807947993,-0.330991750841929,-0.350856227862294,-0.190143416362821,-0.566042407951185,-0.504670852692605,-0.0214174118202239,-0.815021256937568,-0.75656834529022
1.51690433448186,-2.68742556355988,0.0448908476018418,-0.138799168756905,-0.0752209766848316,-0.223927094535194,-0.199648429433223,-0.0084727552812263,-0.322423442990848,-0.299299397003393
-2.9398275012459,-0.554665550157332,0.786783679892334,0.412267436787437,0.22342467558157,0.665118171226006,0.593004605130084,0.0251661528927176,0.957676386627528,0.888992321349733
-0.0604604196693202,-2.78160481112125,-0.0322885227206306,0.0942347917841923,0.0510697084080775,0.152030616014142,0.135547124281642,0.00575239993809441,0.218902651137624,0.203203063896922
-0.321748679072938,3.24256303122946,0.218350312768699,-0.0598214446997449,-0.0324197006171811,-0.096510969211732,-0.0860470389534399,-0.00365169666396245,-0.138962187868426,-0.128995890154528
-2.01910878053692,2.41562575689518,0.312126407040317,0.206569810786842,0.111948674189838,0.333262640997488,0.297129576936744,0.0126096969525191,0.479851213867936,0.445436527908103
-1.47741259275733,-2.09644681676322,0.23100227588726,0.268235247491898,0.145367709895844,0.432748554337443,0.385829010072693,0.0163739569202929,0.623096901821593,0.578408707691825
-0.944530328857803,-2.64418787467527,0.268226563423476,0.206682847545071,0.112009933456961,0.333445005150478,0.297292168769613,0.0126165970859914,0.480113792535369,0.445680274566533
-0.573127401458314,2.4012371385883,-0.519402049429879,0.0285278878257086,0.0154604354206434,0.0460245338012448,0.0410344532352723,0.0017414355892926,0.0662688393338385,0.0615160717494589
-1.24555473963707,2.34904035847354,0.509460358210282,0.0899582807520974,0.0487520912384745,0.145131246956378,0.129395799899383,0.00549134771597436,0.208968532487596,0.193981415203722
-2.78525792739918,-0.308480271176311,0.844840620677527,0.38042566526502,0.206168310325619,0.613747291661472,0.547203468626478,0.023222427002668,0.883709563215446,0.820330361040225
-2.56016538514839,-0.913258509605583,0.176121839610665,0.390423896939284,0.211586763176563,0.629877611384273,0.561584903823489,0.0238327517688733,0.906934949283013,0.841890034185305
-0.653369910042744,-3.34398553488686,-0.166841630734521,0.201615005283934,0.109263461356432,0.325268967763058,0.290002595228841,0.0123072394171592,0.468341451497562,0.434752239863939
2.60694767699111,-0.458429033910206,-0.0178689810613361,-0.36127549292176,-0.195790044517228,-0.582851988101082,-0.51965790141632,-0.022053437841487,-0.839224682246195,-0.779035913197478
2.51147341665505,0.212567661198576,-0.142639724770765,-0.363362330749059,-0.196920987742308,-0.586218719585271,-0.5226596045132,-0.0221808252486355,-0.844072300883015,-0.783535863081531
-2.24382799527867,1.47382281357246,0.487702610894492,0.26119717332472,0.141553488113561,0.421393907811139,0.375705459144426,0.0159443298511707,0.606747811799441,0.563232166123403
-1.18315638254835,2.21754042481864,-0.355951324368057,0.11614901634838,0.0629459277671141,0.187385212728225,0.167068498333598,0.00709011588821939,0.269808285499418,0.250457771951736
2.03110849452074,0.0461963244036066,0.233621419602696,-0.302631073353542,-0.164008222215667,-0.4882399338487,-0.435303892911242,-0.018473590641672,-0.702996664177146,-0.652578099569481
-2.77780741199194,-0.420360560439327,0.621973704096972,0.390778872743806,0.211779139160906,0.630450299976349,0.562095500266495,0.0238544206531282,0.907759540107997,0.842655485774069
-1.65195222013469,2.40291778632098,0.118901565428014,0.160991094759607,0.0872476938719092,0.259729711772971,0.231569248644306,0.00982742303553605,0.373974163737029,0.347152926173914
2.71551163869492,-1.44919013629148,-0.0515539410843321,-0.345666168564756,-0.187330709824954,-0.557669195709556,-0.497205482426349,-0.0211005936237107,-0.802965011910842,-0.745376768048963
2.86352926743191,1.21780951379501,0.300834162214553,-0.460587527381751,-0.249611319497065,-0.74307380735386,-0.662508120775208,-0.0281157692804738,-1.06992151110903,-0.993187282368243
-1.29997012722164,1.88131922828432,-0.65876302895687,0.154101742902328,0.0835140708245144,0.248615001516073,0.221659619570607,0.00940687446268959,0.35797054811243,0.332297081754274
-0.514727874263788,-3.7725740047036,0.271344942007132,0.17882872550334,0.0969146394185139,0.288507469317265,0.257226858806463,0.0109162903640806,0.415410077011602,0.385617076740399
2.10952256452221,1.34767849530925,-0.550210787301698,-0.325146643480597,-0.17621033546131,-0.524564691738174,-0.467690241143148,-0.0198480146919913,-0.755299193841292,-0.701129518303247
0.601369846480967,-3.08169379606456,-0.914308061455704,0.0397217517913084,0.0215268505721943,0.0640837877354603,0.057135683379779,0.00242474566154508,0.0922716186911199,0.0856539449445775
-0.0359854257440711,2.79525384489245,0.147373785853663,-0.0848937719624751,-0.0460074256832252,-0.136960587516088,-0.122111021216956,-0.0051821935331475,-0.197203934935377,-0.183060568627853
-1.58743846403429,2.92730151046839,0.525881712605877,0.121116520550001,0.0656380225474969,0.19539937299246,0.17421374582275,0.00739334859368691,0.281347546304094,0.261169442817438
-2.93000205856248,0.051907904791761,-0.533328282516311,0.440046494094711,0.238479288953908,0.709934603827553,0.632961942138681,0.026861877417696,1.02220573057294,0.948893653438772
1.4842601010461,-2.54802453828355,-0.0355161194992509,-0.135421891112283,-0.0733906910625216,-0.218478474221599,-0.194790560444903,-0.00826659520652327,-0.314578197980611,-0.292016808990788
-0.0668045133647998,-2.96505901625845,0.107112058232011,0.0956873535473174,0.051856911353858,0.154374058976824,0.137636486035462,0.00584106905953116,0.222276878584504,0.206335293460739
2.12799815046052,-1.22978995182413,-0.0981079767545732,-0.26594446276952,-0.144126239462446,-0.429052791807436,-0.382533950195257,-0.0162341199275464,-0.617775524871321,-0.573468977200548
0.763242358214258,-2.9317654228224,0.20649953393808,-0.0285662017415278,-0.015481199307015,-0.0460863463029081,-0.041089563890381,-0.00174377439604129,-0.0663578406208311,-0.0615986899092377
-2.6438892204157,-0.299987062603586,0.259940959626418,0.380873946344985,0.206411252275246,0.614470511264808,0.547848275179437,0.0232497915461431,0.884750897472161,0.821297011331602
-2.22893333195159,-2.06040882966038,-0.265171230818466,0.393370047029164,0.213183403049882,0.634630686172831,0.565822639853084,0.0240125944073911,0.913778706807314,0.848242960887098
0.157208179682823,3.54972617144724,-0.283848063757157,-0.120079281060531,-0.0650758998190053,-0.193725976622047,-0.17272178274492,-0.00733003210237784,-0.27893809147525,-0.258932792868257
-2.64252696242981,1.87216585756736,0.105711722654731,0.320365047018374,0.17361899172905,0.516850459638552,0.460812402951348,0.0195561304030519,0.744191787304565,0.69081872933618
1.92722024966743,-2.95467096787623,0.287012442973076,-0.19857508989485,-0.107616006212038,-0.320364619798968,-0.285629987392093,-0.0121216730380662,-0.46127988192962,-0.428197122487928
0.311433589967212,3.21297752940455,0.113589686982949,-0.146428206542825,-0.0793554659513162,-0.236235152867246,-0.210622021175068,-0.00893845670271348,-0.340145311584685,-0.315750262159806
-0.535401251788714,2.91832344029309,0.358107873518328,-0.0242263684023039,-0.0131292651754961,-0.0390848182741531,-0.0348471568360889,-0.00147885677316308,-0.0562766274567254,-0.0522404962459899
-0.443219232460815,-3.03387354199506,0.0788208335944242,0.153058701239607,0.0829488036597646,0.246932244399412,0.2201593106591,0.00934320378774602,0.355547615128829,0.330047920296768
-1.80296120630093,-1.74611433442022,-0.00957121383108476,0.313215470962666,0.169744342488644,0.505315925191035,0.450528467943527,0.0191196968939246,0.727583684039596,0.675401750823496
0.391468993031491,3.02029991110139,-0.511951114335862,-0.12957219996081,-0.0702205029003069,-0.20904106652522,-0.186376377121469,-0.00790951092395104,-0.300989661547845,-0.279402835506854
2.01828059178209,2.73106464044792,0.305169591238297,-0.38478219625815,-0.208529293602363,-0.620775758303464,-0.553469893550671,-0.0234883639049597,-0.893829564184338,-0.829724560666551
2.26058946819014,1.81545968903226,-0.494766121906091,-0.363109389402654,-0.196783908426265,-0.58581064494552,-0.522295774217957,-0.0221653848814649,-0.843484730939241,-0.782990433356454
2.28898743560106,-0.176810829164347,0.723435027894128,-0.350702355720943,-0.190060026722517,-0.565794163369814,-0.504449523331418,-0.0214080189613909,-0.814663819742236,-0.756236543309455
1.78970080280248,0.427319607392711,-0.388270993932703,-0.256967852279499,-0.139261445138199,-0.414570671173666,-0.369622012739022,-0.0156861582602107,-0.596923313100157,-0.554112275493615
0.426188484888264,3.57611221377199,0.33477113535613,-0.181957508506301,-0.0986102555769202,-0.293555188936617,-0.261727293630193,-0.0111072815130158,-0.422678081548088,-0.392363823673593
1.84873780230169,0.546371863243649,-0.176718548353349,-0.276715618136678,-0.149963571443596,-0.446430082664122,-0.398027157189895,-0.0168916264842451,-0.642796373551985,-0.596695343289718
-1.92567803528421,2.11848258889905,0.0592467039200176,0.211228199262937,0.114473246448358,0.340778099526604,0.303830193023079,0.0128940602229647,0.490672414489695,0.455481637503428
-1.73700458085253,2.21041416628976,0.726057798843448,0.157202082789139,0.0851942724887575,0.253616833365234,0.226119141876502,0.00959612935077603,0.365172480729896,0.338982495413007
-0.337782229761094,-2.89603920760862,0.034824045294798,0.135264870323803,0.0733055950408735,0.218225149873472,0.194564702076376,0.00825701014397016,0.314213446637384,0.29167821742911
2.55859335164743,-1.65793535799055,-0.77815842337175,-0.290519881648219,-0.157444669443336,-0.468700739239532,-0.417883180494964,-0.0177342838835534,-0.674862978915732,-0.626462147962131
2.03771652836709,1.16228756480699,0.207929956759589,-0.33650400026073,-0.182365354091544,-0.542887711451851,-0.484026639004706,-0.0205413049004376,-0.781681758730708,-0.725619939004539
0.924402810261745,2.75867811563778,0.0175954513899142,-0.2175572149376,-0.117903200278525,-0.350988809749063,-0.312933835722249,-0.0132804040423314,-0.505374397526364,-0.46912920176492
1.72814696267639,-0.787200315298929,0.202637250210939,-0.232565128249477,-0.126036605596663,-0.375201335321537,-0.334521186342727,-0.014196536162662,-0.540237020447387,-0.501491495031899
-0.361698328659122,-2.77760495605848,0.14538110677212,0.131135415637336,0.0710676737516196,0.211563029356202,0.188624903229217,0.00800493472221725,0.304620932434238,0.282773673484923
-2.17384695382047,0.30935345187654,-0.753374856318101,0.331163373644471,0.179471048932645,0.53427158635624,0.476344693027112,0.020215295582275,0.769275753444331,0.71410368613226
-2.08252407325953,2.09478703954362,-0.705385530163639,0.262123181370472,0.142055329949094,0.422887852573623,0.377037427149946,0.0160008564113106,0.608898881615079,0.565228962301623
0.087373292089066,-2.32043546885156,0.642271211920019,0.034619388165396,0.0187616699246467,0.055852056434434,0.0497964543812628,0.00211328069568565,0.080419086270416,0.0746514701444416
1.93765590029603,1.79540702685947,0.53167966387293,-0.352950284979671,-0.191278272018035,-0.569420786440657,-0.507682940000995,-0.0215452399164535,-0.819885645619799,-0.761083862480523
-2.19510155583209,0.961355515593831,-0.00100761200885118,0.287331866297916,0.155716952840393,0.463557459051902,0.413297545988667,0.0175396769983838,0.667457380634718,0.61958767543806
1.1957681022812,1.77094311954463,-0.192760059720211,-0.219140350589046,-0.118761166583315,-0.353542909819391,-0.315211014679599,-0.0133770438210262,-0.509051941506146,-0.472542994153564
-2.31966036355955,2.27679887445119,0.273383790034088,0.255504565674161,0.13846842995944,0.412209925637938,0.36751722439495,0.0155968344593237,0.59352417238771,0.550956919431016
-3.18855832667046,0.390298974493001,-0.151827525173582,0.453305173134588,0.245664712295145,0.731325059558409,0.652033197898913,0.0276712305562148,1.05300497082656,0.977483987784698
-2.40793110105882,-0.397629581532568,-0.840324904336142,0.38948381679932,0.21107729509456,0.628360963869321,0.560232694547553,0.023775366202072,0.904751190704851,0.839862893666048
-2.17328791419205,1.80264804002122,0.0123010413370074,0.258194430401743,0.139926178257005,0.41654953082819,0.371386320103946,0.0157610326010022,0.599772591988591,0.556757205543651
1.53304168663093,-2.47534907890325,-0.199025488393321,-0.138763717814297,-0.0752017643613625,-0.223869900917624,-0.199597436872698,-0.00847059123972735,-0.3223410922457,-0.299222952411967
0.0626991899882328,-2.72336815228809,-0.322214911267164,0.0851657428070694,0.0461548178667909,0.137399362773705,0.122502223501964,0.00519879552313428,0.197835709440171,0.183647032585228
-1.16835235540182,-2.56000440773999,0.0468596941552736,0.244376803370848,0.132437838016647,0.39425731465636,0.35151107474103,0.0149175594487596,0.567674943845846,0.526961584464624
2.39576393904202,0.176856875784791,0.195507252250422,-0.357788788627179,-0.193900456093908,-0.577226827884479,-0.514642633367198,-0.0218405980061295,-0.831125244667294,-0.771517363178457
1.01793340060773,-2.365042324366,0.0951035081287527,-0.0784534277423069,-0.0425171383366487,-0.12657026902971,-0.112847243774471,-0.0047890538552009,-0.182243341322964,-0.169172941210093
2.18246863422369,-1.73456881412691,0.102725962919675,-0.265729258614553,-0.144009611482118,-0.428705599229951,-0.382224400995997,-0.0162209831619816,-0.617275616512994,-0.573004922016421
0.265011821045788,2.91353413673706,-0.00550584316537174,-0.126361645079873,-0.0684805711989339,-0.2038614229238,-0.181758321802197,-0.00771352815210338,-0.293531705078121,-0.272479759896842
2.36920205206864,-2.45260018861872,0.191465151423234,-0.274073176949384,-0.148531523912471,-0.442166986689914,-0.394226275400487,-0.0167303232305909,-0.636658116434606,-0.590997318863078
2.427561666234,0.23177128381236,0.0666596703584701,-0.359393140754706,-0.194769920479464,-0.57981515686185,-0.516950330058665,-0.0219385329079246,-0.834852073447033,-0.774976905686173
2.47984216253306,-2.50777361621333,-0.0677292050573405,-0.279006027778564,-0.151204838605453,-0.450125240070296,-0.401321677552348,-0.0170314405808515,-0.648116879209261,-0.601634264976691
-0.112980939960795,3.00298210112729,0.392510680448999,-0.088930771685546,-0.0481952418262573,-0.1434735488452,-0.127917833041205,-0.00542862520150903,-0.206581680938635,-0.191765747438644
1.244054981211,-2.02624151067174,0.659434064484485,-0.141670212047962,-0.0767769130956325,-0.22855899822892,-0.203778132002972,-0.00864801315506515,-0.3290927312234,-0.305490367262654
2.48345426083577,-0.847610729940375,0.202872768411947,-0.33962798589203,-0.184058370356989,-0.547927691388703,-0.488520173299232,-0.0207320032021142,-0.788938619215669,-0.732356341131938
1.02939725200594,-3.37569241817767,-0.0994500722256558,-0.0424434781205498,-0.0230018659817817,-0.0684747957975789,-0.0610506087489055,-0.00259088873961005,-0.0985940511798171,-0.0915229357782106
2.58294983377884,1.12571545963121,0.0235581565851603,-0.407350011742334,-0.220759720755256,-0.657184804529314,-0.585931391393265,-0.0248659771827758,-0.946253457168429,-0.878388638604439
-2.64912699104438,0.641694079159587,1.03385191551474,0.325171986334401,0.176224069795832,0.524605577801615,0.467726694250212,0.0198495617026855,0.755358064007819,0.701184166331255
-2.40714996133165,1.21127738049079,-0.191960188649142,0.317205905172323,0.17190692286528,0.511753761573668,0.456268300032219,0.0193632860510288,0.736853260712347,0.684006518153364
-2.78828942934246,1.8600568865755,0.372337523628714,0.332133690252806,0.179996903400118,0.535837014887474,0.477740394374908,0.0202745268820109,0.771529749807943,0.716196027018577
2.06469919324262,-2.25239217105299,0.232640177480464,-0.237731395713473,-0.128836418361662,-0.38353616378748,-0.341952334486165,-0.0145119020278313,-0.552237998249138,-0.512631768785558
-2.15467762094674,0.20213018661698,0.49954816906938,0.286483310199123,0.15525708539958,0.462188468852215,0.412076984699091,0.0174878783584362,0.665486227771238,0.617757892659337
-0.90639509414,-2.20363279175369,-0.33402619976844,0.209536352576255,0.113556365163599,0.338048614066851,0.301396644343623,0.0127907843670789,0.486742340278024,0.451833426223193
2.30426626719284,1.0212454683799,0.667099174246497,-0.387206205778377,-0.209842964031644,-0.624686454699209,-0.55695658369427,-0.0236363333751531,-0.899460415596157,-0.834951570267775
-0.691349219166734,2.39434405225408,-0.360712560352956,0.0400591824447651,0.0217097181177548,0.0646281704325064,0.0576210429147719,0.00244534353238773,0.0930554530183174,0.0863815630709289
-2.05683592250261,1.25331452640867,-0.190857450179713,0.265389476352046,0.14382546950292,0.428157422641436,0.381735658911542,0.0162002417412303,0.616486319517011,0.572272233001122
-0.787665865520616,-2.36723059409655,0.248133717678835,0.176394373400806,0.0955953639186145,0.284580087054978,0.253725291914448,0.0107676895488319,0.409755200304626,0.380367764926014
2.4249135321526,0.814834465108986,0.0522465771489641,-0.376173708683593,-0.203864000222462,-0.606887536722764,-0.541087463313889,-0.0229628736645358,-0.87383248331137,-0.811161660303015
2.18976478611623,1.52558705392665,0.0155861077135867,-0.362506871845684,-0.196457379387864,-0.584838592971816,-0.521429114244181,-0.0221286052389168,-0.842085113153914,-0.781691195449627
-0.642668410771315,2.77499367687209,0.0339931569013723,0.00726847699179868,0.0039390865466341,0.0117263593798605,0.0104549618616641,0.000443691611198285,0.0168843041207255,0.0156733703829919
2.29897513331712,1.19916120012501,0.823698620884241,-0.397484337689215,-0.215413106329707,-0.641268342304562,-0.571740626796864,-0.0242637441673691,-0.923335995744699,-0.857114805903739
0.906318968004283,-3.53441701461299,0.155484191108018,-0.0290772888670955,-0.0157581784352083,-0.0469108919836042,-0.0418247105258903,-0.00177497282598221,-0.06754507014223,-0.0627007719308275
1.8616929429191,-0.379849400140929,0.288851251353355,-0.26727866817044,-0.144849300228978,-0.431205288408223,-0.384453068409153,-0.0163155641894834,-0.620874816480012,-0.576345989185205
0.19584466574383,-3.16789573248838,-0.561402817382312,0.0880747628541052,0.0477313354431824,0.142092535023304,0.126686551756823,0.00537637162238228,0.204593215754474,0.189919893970108
2.39970121620442,1.41653339314409,-0.211543353116139,-0.381276427950201,-0.206629373606325,-0.615119841785063,-0.548427203865226,-0.0232743603398666,-0.885685841867408,-0.822164901988476
1.55200239364917,-2.48401225020043,-0.0364368969074903,-0.147095770549642,-0.079717246335465,-0.237312145401147,-0.2115822438241,-0.00897920699333101,-0.341696028980347,-0.317189762889464
-0.0812353315598985,-2.57553963277842,-0.332036249908561,0.101786612219934,0.0551623504174822,0.164214098262432,0.146409646751053,0.00621338775994416,0.236445147735748,0.219487421526282
3.11879795598582,-1.80419892626517,0.153000867189376,-0.40041289312931,-0.217000210938853,-0.645993031340953,-0.575953054719593,-0.0244425127709109,-0.930138881788195,-0.863429792406625
3.04589771604547,0.75786113812885,0.324192544511633,-0.473771790780506,-0.256756413942561,-0.764344207046533,-0.681472337235363,-0.0289205798448406,-1.10054788759526,-1.0216171506486
-0.336208514846266,2.92472720420068,0.0347869556323768,-0.0414807187108763,-0.022480107070999,-0.0669215594253771,-0.0596657776596069,-0.00253211875600051,-0.0963576098061485,-0.0894468908468516
1.03186156728574,2.33540013315628,0.150923352629316,-0.225018866350417,-0.121946975986842,-0.363026820756412,-0.323666659260667,-0.0137358876520736,-0.5227074360486,-0.485219123545481
2.4631104814265,0.267013679727004,-0.0789539806458956,-0.360337262838411,-0.195281579056976,-0.581338325314399,-0.518308353257889,-0.0219961652081932,-0.8370452212559,-0.777012762045264
-0.333766369488172,-3.15205226028175,-0.113966678972588,0.147813713776786,0.0801063292905985,0.238470415600711,0.212614931836609,0.0090230325963507,0.343363774754625,0.318737898781712
2.61480303856887,-2.27701432905052,-0.0594349278444683,-0.305759211349281,-0.165703488818139,-0.493286612866768,-0.439803399957955,-0.0186645424172566,-0.710263170394506,-0.659323455642237
-1.37274349172065,2.25213733423802,-0.0605853025846527,0.131783002154908,0.0714186275129135,0.212607791861906,0.189556390300165,0.00804446552154371,0.306125243133647,0.284170095783074
3.01262402197776,-0.652647296458948,-0.00554041144838533,-0.414313078076353,-0.224533292708583,-0.668418439623797,-0.595947051213685,-0.0252910255284069,-0.962428307791058,-0.893403437134799
0.990220613294934,2.94758971662966,0.0884746374457216,-0.235329751104861,-0.127534868397584,-0.379661549089646,-0.338497813983914,-0.0143652977849998,-0.546659099394886,-0.507452985730791
-1.96603744747164,1.87675797744498,-0.325943388758312,0.238263209469555,0.129124630103168,0.384394148098912,0.342717294262969,0.0145443656790968,0.553473374684038,0.513778544648404
2.55860394542805,1.45870317643228,-0.0533315414024608,-0.411166529183394,-0.222828048483889,-0.663342057987483,-0.591421061971528,-0.0250989498914328,-0.955119033991417,-0.886618380749097
1.03090834452099,2.24086742434823,-0.479251059973648,-0.199296694529513,-0.108007073434456,-0.321528797010477,-0.286667941965399,-0.0121657221453775,-0.462956132968225,-0.429753153651255
-0.377771145561142,2.93768702462564,0.0611209079189472,-0.0368313447861384,-0.0199604201685198,-0.0594206442275515,-0.0529781280847927,-0.00224830576325693,-0.0855573495308774,-0.0794212197669728
0.876916233378196,-1.81392270060284,0.224749295348197,-0.0795111287239028,-0.0430903499890578,-0.128276676278521,-0.114368638619101,-0.00485361938292009,-0.184700327162254,-0.17145371326973
-1.81057700703462,-1.86439921971319,0.00274941112292902,0.317456312784307,0.172042629046458,0.512157748495948,0.456628485809256,0.0193785717507624,0.737434944919321,0.684546484263702
2.08349860878327,-1.93139638777337,-0.0104220713873374,-0.241413579568868,-0.130831945196704,-0.389476694553388,-0.347248779920226,-0.0147366745750061,-0.560791524952609,-0.520571840887182
2.59629450996857,1.58501123094746,0.640442406086196,-0.445441215173029,-0.241402910126049,-0.718638000452436,-0.640721697475566,-0.0271911888387688,-1.03473739455641,-0.960526552830049
2.25156802262045,-2.04090478652436,-0.368131853685177,-0.249426269058495,-0.135174351096394,-0.4024037048006,-0.358774215457538,-0.0152257953514351,-0.57940459703366,-0.537849992868201
2.09628573855088,1.62363615790747,-0.089583961563787,-0.348212793767265,-0.188710830734168,-0.561777710101791,-0.500868542706821,-0.0212560479562337,-0.808880693345782,-0.750868179808349
-2.61644382389631,-0.419132749232917,-0.133229767839968,0.394704487770547,0.213906591357087,0.636783562452447,0.567742096580201,0.0240940530352798,0.916878545099987,0.851120480347839
-1.70450562158101,-0.986021722098895,-0.262202481851097,0.285078873524732,0.15449596341819,0.459922666925795,0.410056845970656,0.0174021469498358,0.662223792469391,0.614729437564547
-2.2777401394113,1.48926774628558,-0.660379112946948,0.307006288843947,0.166379331389752,0.495298544512627,0.441597193576617,0.0187406681067954,0.713160068287396,0.662012589485856
-2.29895804506805,1.52627753447157,0.713177731433576,0.259425635715687,0.140593419041254,0.418535855610946,0.37315728321158,0.0158361894007108,0.602632619609115,0.559412113432158
1.15196735536849,3.09124156397404,-0.760066562627176,-0.232413660082217,-0.125954518768767,-0.374956969113059,-0.334303314852765,-0.0141872900502711,-0.539885167562181,-0.501164876857367
2.29696495255287,-0.423790774120084,-0.392781786586329,-0.304122588865656,-0.164816535799722,-0.49064622156694,-0.437449285654842,-0.018564637627367,-0.706461379211082,-0.655794326996452
-1.22815369691142,-3.03311472993644,0.878873503998156,0.237351038369229,0.128630287077307,0.382922526719301,0.34140522929035,0.0144886837713672,0.551354447392196,0.511811585748458
2.04021715448324,1.63036074889248,-0.350348371905676,-0.330933152375158,-0.17934628256058,-0.533900166408994,-0.476013543242483,-0.0202012421229287,-0.768740961089546,-0.713607248814228
-0.342577854849812,3.12770266562956,0.455787130262763,-0.0618950936111334,-0.0335434962264276,-0.0998564227902512,-0.0890297711416975,-0.00377827897654205,-0.143779169321212,-0.133467400137864
0.458769816853472,2.07037703158253,0.114502531500188,-0.133050949185618,-0.0721057801442216,-0.214653392690459,-0.191380202615131,-0.00812186515582816,-0.309070619902349,-0.28690423162209
-0.83416817231518,2.39022434238073,0.295331342090488,0.037122571248142,0.0201182477629109,0.0598904849050735,0.0533970276089695,0.00226608317911664,0.0862338538601916,0.0800492055485142
-0.22532632482851,2.86765608090935,0.194574891711285,-0.0614953470006839,-0.0333268571014691,-0.0992115046842572,-0.0884547764665689,-0.00375387713584536,-0.142850578180361,-0.1326054070832
2.61886427619907,0.790529757659295,-0.398373277382582,-0.387151939975531,-0.209813555161784,-0.624598906742887,-0.556878527878755,-0.0236330208130407,-0.899334358883088,-0.834834554278306
2.26558828050862,0.835526988453801,0.741317999105602,-0.378673849075526,-0.205218929101465,-0.6109210563678,-0.544683659941595,-0.0231154904121667,-0.879640182884408,-0.816552834604929
1.24924741849913,2.00677056247287,0.225456892244671,-0.249078538632539,-0.134985901680611,-0.401842705302814,-0.358274040751667,-0.0152045687487879,-0.578596836856323,-0.537100164841561
2.72031710159585,-0.498475182917008,-0.415297038662385,-0.362077191409977,-0.196224517892181,-0.584145382108896,-0.520811062818402,-0.0221023761396111,-0.841086987252245,-0.780764654631962
2.02501266192364,-0.747691467745629,0.14863320028876,-0.274613066694427,-0.148824112364462,-0.443038000133723,-0.395002851662653,-0.0167632798666397,-0.637912252983054,-0.592161509373633
-0.516122245486892,-2.78499999894942,-0.0695142525845624,0.16136872566251,0.0874523475855962,0.260338950226279,0.23211243213269,0.00985047486110233,0.37485138120875,0.347967230052973
1.77653101982238,-1.10247898898289,0.0942295516887895,-0.226071013781969,-0.122517177942132,-0.364724268367088,-0.325180065890714,-0.0138001141729321,-0.525151521272261,-0.487487920215106
1.94445910283042,-1.52604126738934,-0.110809411887792,-0.230043183591933,-0.124669860089579,-0.371132638478464,-0.330893626505693,-0.0140425884113351,-0.53437867066907,-0.496053303131768
1.47282453518806,-2.87914556665782,0.399100391338595,-0.13939981932668,-0.0755464939261048,-0.224896134466234,-0.200512403936584,-0.00850942095676895,-0.323818723859427,-0.300594609034945
1.05879799069394,-2.93934172064733,-0.334066252791622,-0.0514566927433412,-0.0278864975906626,-0.0830159705105104,-0.0740151975119442,-0.0031410848429443,-0.1195312924985,-0.110958568756592
1.78129785643063,1.63513596416084,-0.868359268449926,-0.275077287503032,-0.149075692708447,-0.443786935576383,-0.39567058588742,-0.0167916174232907,-0.638990614422528,-0.59316253127698
-1.22814242931235,-2.36371796965323,-0.0149309848755122,0.249271246497872,0.135090337996585,0.402153604227962,0.358551231335714,0.0152163322672466,0.579044487472594,0.537515710182419
2.03437991727357,1.55297050030761,0.768009306204928,-0.36806182195897,-0.199467835262342,-0.593800489864257,-0.529419342684524,-0.0224676975644027,-0.854988981074801,-0.793669604500492
0.354987979067375,-2.31605948472933,0.0928026064932918,0.015715396001775,0.00851681927802326,0.0253539196067585,0.0226049922184382,0.0009593191779398,0.036506069396794,0.0338878725940986
-1.71986168913453,2.40914935231224,0.222088075167133,0.166872157504087,0.0904348835903096,0.269217731801801,0.240028556800467,0.0101864223427638,0.387635574792317,0.359834547749362
-2.17060946397824,-1.52599400667776,0.249628075848013,0.350196704553298,0.189785993563438,0.564978387613856,0.503722195766235,0.021377152360103,0.813489217675923,0.75514618310827
0.939331594180098,-3.11670024679546,0.0042897225593667,-0.0410534842482733,-0.0222485711487147,-0.0662322946930822,-0.0590512445163442,-0.00250603896689398,-0.0953651657761842,-0.0885256243999315
-0.597953276378538,3.21487764860817,-0.351698406330189,0.00138667318619344,0.000751495216738805,0.00223714378432621,0.00199458776475497,8.46470671753992e-05,0.00322117161795566,0.00299015082140269
-0.965235898878117,3.80292149552454,-0.181286317982373,0.0303583828142505,0.0164524559211117,0.0489777029593636,0.0436674333375367,0.00185317499105076,0.0705209865323338,0.0654632571050705
3.26080669641873,0.191025906031709,-0.285373755064826,-0.465588599460462,-0.252321606090285,-0.751142123253564,-0.669701652227445,-0.0284210510789614,-1.08153874839298,-1.00397133727963
2.03359094119274,1.43247737339234,0.143503373711762,-0.34178040511569,-0.185224854837329,-0.551400226471533,-0.491616208537298,-0.0208633939122172,-0.793938580116499,-0.736997707370005
1.64160359413581,2.50941653693597,-0.492832636908529,-0.294989924407696,-0.159867169413633,-0.475912336373308,-0.424312880502693,-0.0180071499153666,-0.685246661971869,-0.636101118529988
1.60306496602864,2.22335219444398,-0.0383679290127204,-0.297142547836632,-0.161033764561207,-0.479385200904034,-0.427409209469193,-0.0181385530908276,-0.690247097231218,-0.640742925105821
0.880711023336509,-3.61604993369811,-0.286362331969043,-0.00698132166464587,-0.00378346526761537,-0.0112630867344584,-0.0100419182492067,-0.000426162710726789,-0.0162172568315885,-0.0150541633874971
-2.97709760484139,-0.908311726970768,-0.237375599056522,0.465286227699323,0.252157738400021,0.750654301672586,0.669266721328671,0.0284025933175855,1.08083635409795,1.00331931834759
-1.66182948035007,-1.9556960721322,0.685801494560264,0.274157062379956,0.148576984876494,0.442302320502861,0.39434693602559,0.0167354438716673,0.636852978043534,0.591178205096133
2.15695862364278,0.859407326289304,-0.582841126880313,-0.316001503508451,-0.171254208081116,-0.509810679582187,-0.4545358912379,-0.0192897654337968,-0.734055496614138,-0.681409408278895
-1.1970442761252,2.6975658306266,-0.0451767268984959,0.0923903989235667,0.0500701560792752,0.149055025179123,0.132894153509701,0.00563981216476349,0.21461821988579,0.199225909883922
-0.825465448386098,-3.30976323672409,0.126315120641968,0.214818382115702,0.116418914157183,0.346570203487094,0.30899430441043,0.0131132167279982,0.499012227521156,0.463223323369329
-1.02355048377165,-2.74635081808326,-0.528312453755295,0.249888163480281,0.135424670675706,0.403148887043252,0.359438603412447,0.0152539908978249,0.580477554394315,0.538845998270523
-2.15445568036281,-2.25941150366107,-0.28860342579346,0.389512898700138,0.211093055772401,0.628407882201845,0.560274525891899,0.0237771414564266,0.904818746488322,0.839925604382954
1.53176950531773,1.25957919662171,-0.505827912337057,-0.240785115826637,-0.130491354853657,-0.38846278315119,-0.3463447990087,-0.0146983110924383,-0.559331635492322,-0.519216653959388
1.89053630148203,-1.90355505683847,-0.323476429268515,-0.20315442647877,-0.110097736999737,-0.327752542546054,-0.292216895404683,-0.0124012107224299,-0.47191744900747,-0.438071768644082
2.19953355516594,1.78458002355133,0.0433389185894811,-0.372769848852269,-0.202019308620174,-0.601396030908574,-0.536191358564697,-0.0227550909262046,-0.86592548922702,-0.803821751828609
-2.18217683352935,0.78237289937846,0.216432665663467,0.283057645400527,0.153400576788952,0.456661784707986,0.407149515731304,0.0172787645735774,0.657528581851685,0.610370965073689
-1.70591374859357,-2.87610576675825,0.262893591285072,0.323670536552198,0.175410372422339,0.52218326295398,0.465567012073623,0.0197579082966486,0.751870272167339,0.697946517154614
0.498753356470076,3.61082602016051,-0.515605624171645,-0.162814991313295,-0.088236138409216,-0.262672235562255,-0.234192737571896,-0.00993875964724684,-0.378210983105372,-0.351085883003586
0.805712049929977,-2.13363006119205,-0.226121446657591,-0.043296780748137,-0.0234643057617148,-0.069851443654091,-0.0622779974354142,-0.00264297712320143,-0.100576229989415,-0.0933629537277818
-2.28781955715436,1.3101936325453,-0.425149062237715,0.305409831873922,0.165514145714678,0.492722952929118,0.439300853262925,0.0186432151512397,0.70945157955888,0.65857007169018
-1.3137269641266,-2.45114493935448,-0.316029804962931,0.275115255648937,0.149096269207885,0.443848190241476,0.395725199187819,0.0167939351231129,0.639078812503514,0.593244403836279
0.0458337982045357,-2.89730720982047,-0.713891596832403,0.106992000246294,0.0579833642237829,0.172612040606831,0.153897065828277,0.0065311416722058,0.248537000623582,0.230712052850889
1.07141885096569,2.32716647816875,0.180742412667888,-0.231546803080453,-0.12548473331614,-0.373558453750748,-0.333056429583239,-0.0141343742633428,-0.537871502627494,-0.499295630951647
1.82487168410617,1.65557546825822,-0.421127559734784,-0.298101637813076,-0.161553534855244,-0.480932517316275,-0.428788762453531,-0.0181970990802299,-0.692475014697242,-0.642811057459873
0.441594409292544,-2.98397905038137,0.0072724242522995,0.0265687252375262,0.0143986846573837,0.0428637829839103,0.0382163979310651,0.00162184189637304,0.0617178038145481,0.0572914341919992
2.16040099315185,-1.93186473930238,0.430013704307055,-0.268363585474349,-0.145437261525527,-0.432955604219557,-0.38601361115397,-0.0163817910905428,-0.623395024458341,-0.578685449124098
-1.08234075792247,-2.55581685495528,0.249229688523761,0.224554741114725,0.121695447437748,0.362278039503182,0.322999062507775,0.0137075559295058,0.521629296620166,0.484218307730655
-2.28258505986091,-0.773378276588471,-0.848263317008815,0.383094825348388,0.207614837925152,0.618053493691865,0.551042782819227,0.0233853612651375,0.889909886975889,0.826086000721733
-0.426418597275709,-2.91608299655709,0.130958502534346,0.145185010142014,0.0786817267040453,0.234229482657089,0.208833810113561,0.00886256792783888,0.337257429276359,0.313069497307595
-1.27297823891046,2.72598746411031,0.0048174185702346,0.100672951635783,0.0545588119555052,0.162417410420994,0.144807759733006,0.00614540627503784,0.233858170572405,0.217085981054499
1.67923625397488,-1.67029323306692,-0.10828787510447,-0.187524541955091,-0.10162725990775,-0.302536580082779,-0.269734902714653,-0.0114471114448263,-0.435610018445693,-0.404368288608386
-0.924904587270606,2.42795873269016,0.906910840759706,0.0270113442277528,0.0146385580877672,0.0435778678401469,0.0388530601461741,0.00164886080736941,0.0627459853234153,0.0582458750439404
-1.54449456456433,-2.11452291107941,-0.159337974677888,0.292525945871008,0.158531838130888,0.471937157273469,0.420768699010738,0.0178567406056674,0.679522964558048,0.630787921794988
-1.78056142922744,2.43687227608032,-0.031962685758271,0.18394061157777,0.0996849806724566,0.296754563348836,0.264579784874695,0.011228336611346,0.427284729598184,0.396640085259323
1.33476243050981,2.36740863030358,-0.0935414708606964,-0.260843225311923,-0.141361669131814,-0.420822877373191,-0.375196341074853,-0.0159227237066847,-0.605925608482608,-0.562468930811915
2.50850925129082,-0.976421521922023,-0.0899518807730942,-0.328777240410981,-0.178177905220541,-0.530421996427607,-0.47291248405388,-0.0200696382045196,-0.763732886729299,-0.708958351009943
-2.2209688284688,2.5606695211426,-0.245638751969048,0.25137929875583,0.136232778193932,0.40555456131928,0.361583449224581,0.0153450146726362,0.583941386157959,0.5420614057749
1.90550511478141,1.59405863445408,-0.363737778251861,-0.30992925197907,-0.167963405298889,-0.500014211386886,-0.445801577539756,-0.0189190953377489,-0.719949963689524,-0.668315517029591
-3.14430542259699,0.929963918997074,-0.305910366318417,0.436114497240397,0.236348378182956,0.703591045438883,0.627306166217752,0.0266218554679139,1.01307190091854,0.940414897419873
0.719245820335555,2.98253208548932,-0.202523204573779,-0.186834676105761,-0.101253393238137,-0.301423607601437,-0.268742601142735,-0.0114049997767911,-0.434007494998794,-0.40288069733124
-2.90317437623773,-0.0291093435673688,0.543340608229753,0.399821679335811,0.216679807874664,0.645039215923951,0.575102654055177,0.0244064231470603,0.928765522073214,0.862154929354641
2.39756732122567,1.12525257559691,-0.127222560697476,-0.375175233316177,-0.203322885365611,-0.605276679179502,-0.539651258466858,-0.0229019234620366,-0.871513075575811,-0.809008599315208
-2.7389717894285,-0.814793907737094,0.0262207712178151,0.418618874622551,0.226866780902438,0.675365055506911,0.602140499817206,0.0255538654341024,0.972430455207911,0.902688235606132
0.239036162558832,-3.54611511237434,-0.679816787402805,0.0975869087985824,0.0528863584503115,0.157438644248728,0.140368802272895,0.00595702412562614,0.226689449277466,0.210431396819066
-2.99752130619738,0.798937863830323,0.460121217226524,0.391311685645128,0.212067892380299,0.631309896226042,0.562861897211688,0.0238869452954874,0.908997237506711,0.84380441614238
-2.51886652609696,0.463459559270493,0.539618590316175,0.329615792479783,0.178632351066156,0.531774846953046,0.474118655567972,0.0201208261657528,0.765680800737514,0.710766561612327
2.46831329577623,2.45347745651671,-0.453142217387748,-0.413904229872,-0.224311721055649,-0.667758837759272,-0.595358964825224,-0.0252660680966465,-0.961478574108295,-0.892521817870617
2.04808633951329,-2.17291610219963,-0.387413138346701,-0.215393548638503,-0.11673062054555,-0.347498129565314,-0.309821622714771,-0.0131483267739538,-0.500348310238622,-0.464463582911175
2.65282846682061,-0.00257496416782899,-0.0584927635821332,-0.380249436880639,-0.206072804917976,-0.613462979367368,-0.546949982092817,-0.0232116694456319,-0.883300193599233,-0.819950351205495
-0.360012852576947,-2.49870422232111,0.188899273867123,0.120865673111564,0.0655020780062788,0.194994676490572,0.173852927400278,0.00737803604550788,0.280764840402534,0.260628528287931
0.550733721363983,2.29853887251547,0.142309061727703,-0.154230269377972,-0.0835837246064094,-0.248822355497509,-0.221844491780093,-0.00941472013918061,-0.358269108609324,-0.332574229643586
-2.87356686832217,0.78568789421006,0.822910357695737,0.360765373757678,0.195513589967165,0.582029004049357,0.518924147094555,0.0220222984990815,0.838039701250328,0.777935918438309
-1.18107582951579,2.60031777259335,0.367565338761475,0.0781580307104321,0.0423570505389593,0.126093699899833,0.112422345311453,0.00477102185411407,0.181557148970954,0.168535962225936
1.75250639463523,-1.74978334176158,0.285781792014138,-0.209882999449275,-0.113744227357493,-0.338607865449985,-0.301895260469254,-0.0128119448261104,-0.487547583416741,-0.452580917731947
0.468676736153025,-3.6116252786236,-0.59121844677619,0.0632741989645231,0.0342908901233964,0.1020813572593,0.091013473351827,0.00386246407844828,0.146982761246649,0.13644123207339
-2.7955055253053,-1.40491280596069,-0.0755862315869801,0.448334938137045,0.242971137584167,0.723306493653982,0.64488402243871,0.0273678311540316,1.04145936652119,0.966766428370958
-2.55490935684131,1.28537506618518,-0.138307159437878,0.334325861078828,0.181184930908282,0.53937368191648,0.480893608233351,0.0204083441599519,0.776622051668829,0.720923111569826
1.51506417823389,-1.50583251616286,-0.566893480476405,-0.152311781646854,-0.0825440172206595,-0.245727226129099,-0.219084943103867,-0.00929760937258619,-0.35381255872403,-0.32843730125832
-0.198154423802898,-2.46109240706342,-0.254726650150792,0.112384115634917,0.0609055732655385,0.181311233427558,0.161653073146641,0.00686029403345631,0.261062611721794,0.242339333466772
-2.36712122457434,2.29262655445135,0.771250104471045,0.243918395070079,0.132189407709657,0.393517756632913,0.350851701215185,0.0148895767066,0.566610084567847,0.525973096354572
1.73829348454504,-1.05575738226398,-0.203048163291405,-0.211258557553304,-0.114489698854178,-0.340827077080416,-0.30387386032344,-0.0128959133923124,-0.490742935261475,-0.455547100561183
-1.96468858307776,-2.69214539014983,0.334717512614692,0.352807912376178,0.191201114450135,0.569191094262187,0.50747815155063,0.021536549027027,0.819554921268803,0.760776857512432
1.2478281727471,-2.56832053195956,0.247247000838477,-0.110915662019871,-0.0601097578717617,-0.178942151865888,-0.159540852586783,-0.00677065482139509,-0.257651468307348,-0.239172835529881
-2.16316835381109,-0.640679323242615,0.592543006018262,0.309913826765719,0.167955045741521,0.499989325623958,0.445779389945646,0.0189181537322692,0.719914131699736,0.668282254891957
2.69216546229261,0.067368987739518,-0.0644042598572832,-0.387828327314265,-0.210180117272296,-0.625690134110455,-0.55785144198967,-0.0236743097087001,-0.900905572432156,-0.836293081187631
1.15263810309064,2.61628513233903,-0.728159475198634,-0.219257128077568,-0.118824453105994,-0.353731308957123,-0.315378987170971,-0.0133841723009116,-0.509323209700691,-0.472794807130623
1.83486759607391,1.48548591222307,-0.467697960605515,-0.292705668248889,-0.158629237077274,-0.47222710648759,-0.421027211297225,-0.0178677114474957,-0.679940450544294,-0.631175465897805
0.606949053015111,-2.67774840394908,-0.19878211055698,0.000872521515621103,0.000472855285599718,0.00140765402028216,0.0012550330942222,5.32615673830869e-05,0.00202682331363857,0.00188146057239909
-2.15861235709672,-0.496647161309699,0.157042228952875,0.320589043978376,0.173740384891968,0.517211837800158,0.461134599702688,0.0195698039101977,0.744712120903894,0.691301744873372
1.53720471546963,-2.5824109393349,-0.314866277092181,-0.131941025695124,-0.0715042669669589,-0.212862733966717,-0.18978369102466,-0.00805411179534291,-0.306492323818399,-0.284510849627083
-0.830292180627869,-3.12658051639355,-0.252445703854938,0.223613461775526,0.121185329460372,0.360759457299409,0.321645128306209,0.0136500971596606,0.519442752362887,0.482188581319776
-0.911235270402205,-2.509612108081,-0.319420368803209,0.218986678418384,0.118677885315351,0.353294987854184,0.314989972955826,0.0133676631690582,0.508694968832603,0.47221162337932
1.01510231159091,-2.34168772612269,-0.252793845204079,-0.0662117463314513,-0.0358828678274221,-0.106820553126443,-0.0952388352430071,-0.00404178157861706,-0.153806535081004,-0.142775608305357
-2.15822895179849,1.85979663964196,0.0809378398104339,0.251816045950348,0.136469469456785,0.406259173106157,0.362211665461218,0.0153716751500156,0.584955927782627,0.543003184988227
-0.672498354984666,-2.8051010263477,0.151808242877215,0.176543012607582,0.0956759176165036,0.284819889252681,0.25393909423366,0.0107767629722211,0.41010048165783,0.38068828287549
-1.42040575719247,-1.55999511216609,-0.486450282232853,0.269613022900618,0.146114383041112,0.434971343183801,0.387810799293235,0.0164580608380261,0.626297404352884,0.581379671802988
2.59821902919239,-0.611768572509942,0.0782203701611092,-0.358831042715875,-0.19446529643991,-0.578908314394372,-0.5161418094339,-0.0219042206049784,-0.833546348156302,-0.773764826351796
-2.45536089914753,-0.506139650818946,0.386376210967698,0.355389126543507,0.192599980541612,0.573355411628347,0.511190964524608,0.0216941147831053,0.825550951118121,0.766342855138622
0.834258027428891,-2.82407086056679,0.678151399973748,-0.0590730567805462,-0.0320141184316,-0.0953035820650198,-0.0849705593605649,-0.00360601261735333,-0.137223720615618,-0.127382104892362
-2.20641696427576,-1.68153193475296,-0.253683025561385,0.378220108853785,0.204973028618442,0.610189029436817,0.544031000970705,0.0230877926248205,0.878586167317691,0.81557441250068
-2.49205487452947,1.96862687933636,0.188394880662658,0.292766718788822,0.158662322875137,0.472325600377355,0.421115026264151,0.0178714381721532,0.680082267858174,0.631307112145779
0.417136322126548,2.88152259321806,-0.0614050510589594,-0.145306207260269,-0.0787474084058034,-0.23442501205975,-0.209008139790952,-0.00886996619638014,-0.337538964047053,-0.313330840547164
2.69774389148175,1.27131500355729,-0.0783122196141281,-0.424641899540458,-0.230130905759811,-0.685082105560304,-0.610804006061998,-0.0259215305767629,-0.986421637205929,-0.915675977119364
1.10406241048341,2.14115939943642,0.322139903927825,-0.235709337807363,-0.127740582039492,-0.380273942868203,-0.339043810690285,-0.0143884689989711,-0.547540860090072,-0.50827150699563
2.21729187875092,-0.96380981899344,-0.366165182899897,-0.277219750096493,-0.150236781281485,-0.447243407455867,-0.398752299529762,-0.0169224003481177,-0.64396744657541,-0.597782427549184
-1.75929488681316,-2.50281685437835,0.290648509256064,0.319045151399271,0.172903686021673,0.514721049255748,0.458913867897213,0.019475559657005,0.741125736594671,0.687972574229898
-0.418855974314657,-2.76306141917606,0.125584568674829,0.139647982462798,0.0756809837335234,0.225296500336861,0.200869361264304,0.00852456964635393,0.32439519426258,0.301129735272831
-0.241032421642121,-3.25574107218085,-0.194242628095141,0.140483460377572,0.0761337635686676,0.226644391276549,0.202071110921775,0.00857556995116949,0.326335967166603,0.302931316927398
-2.63423430891987,0.41522155549679,0.12978642002835,0.362484831014846,0.196445434555359,0.584803034119014,0.521397410759933,0.0221272597945055,0.842033913419586,0.781643667734306
1.07944431498385,2.90191930043495,0.0728100291601298,-0.246242679168977,-0.133449032832616,-0.397267564285235,-0.354194946524632,-0.0150314586108677,-0.572009278874032,-0.530985063180418
-2.39097382437867,1.33842509522309,0.0863020311711643,0.300986625110692,0.163117028096547,0.485586917116446,0.432938522052687,0.0183732081418407,0.699176694151181,0.649032095858533
-2.28438880924491,-0.917362716473395,0.0501912507616796,0.355331779362244,0.192568901746087,0.573262892431042,0.511108476460925,0.0216906141235749,0.825417736518969,0.766219194623033
-0.533354424923361,3.01150965535553,0.0238985503292052,-0.0152990603769747,-0.00829118988408204,-0.0246822381575972,-0.0220061359403142,-0.000933904689543495,-0.0355389428153449,-0.0329901078411123
0.964636499762641,-3.04746576629149,0.884394872282338,-0.0785291162834916,-0.0425581570692734,-0.126692378659536,-0.112956114011296,-0.00479367413133652,-0.182419161972772,-0.169336152091971
2.53464691944366,-1.26656920447849,-0.599663482100577,-0.305371052061561,-0.165493129339814,-0.492660388788523,-0.439245072463221,-0.0186408479046421,-0.709361496017804,-0.658486448895033
-1.52151785690154,2.2360854328528,0.0440877758899642,0.149943859371267,0.08126074277544,0.241907016253158,0.215678928733788,0.00915306365127027,0.348311995142365,0.323331235310076
1.57260411053236,1.43489103895529,-0.0517213261070116,-0.268359061555858,-0.145434809828083,-0.432948305703776,-0.386007103959225,-0.0163815149357601,-0.623384515624688,-0.578675693978671
2.78526940119349,-0.794540620766319,-0.13201588932761,-0.372674733456336,-0.201967761676168,-0.601242579598687,-0.536054544781278,-0.0227492847713087,-0.865704540977019,-0.803616649875164
1.63167842971159,1.33453323963517,0.124389616643695,-0.280180721162781,-0.151841453251328,-0.452020393181465,-0.403011354020333,-0.0171031477075157,-0.650845632477668,-0.604167313443109
2.36851966484659,0.0479777297760165,-0.515986836026358,-0.324303270688151,-0.175753277067335,-0.523204063856077,-0.466477135510409,-0.0197965324580181,-0.753340081536078,-0.699310912540052
2.58077874167589,-0.31426881484052,-0.485604497106287,-0.3450127300665,-0.186976584634706,-0.556614992102415,-0.49626557787882,-0.0210607056003411,-0.801447107356535,-0.743967726840301
-0.882279561687271,2.4907316793406,-0.814959313157054,0.0810367001771576,0.0439171198879274,0.130737907034388,0.116563017356079,0.00494674525466138,0.188244152423545,0.174743377178629
-2.50421914594316,-1.44224483256234,-0.488209686778025,0.422349922829452,0.228888789338763,0.681384419974471,0.607507231630651,0.0257816208211314,0.981097491326411,0.910733676285045
0.0362282314243808,-2.72933963090256,-0.885425154811952,0.109466817158209,0.0593245692677158,0.176604705444489,0.157456837216131,0.0066822125917819,0.254285875034418,0.236048620901433
2.14170439162918,1.76985439282455,0.137906363751078,-0.367395714062544,-0.199106844004286,-0.592725846498382,-0.528461214501584,-0.0224270361595265,-0.853441646149869,-0.792233243652476
2.37648661410319,1.69747690147493,0.104187404176056,-0.397831822021657,-0.215601422377296,-0.641828944775435,-0.572240447522348,-0.0242849557476632,-0.924143184259261,-0.857864103266969
-2.71392660892478,-1.72438188749179,0.212221380542462,0.435887031724849,0.236225105267168,0.703224071396749,0.626978980303484,0.0266079702287917,1.01254351004026,0.93992440246769
-1.60684459178916,-2.86377407630201,-0.242696146375974,0.327241241526706,0.177345484268047,0.527943942917305,0.470703106522276,0.0199758758082801,0.760164839073585,0.705646201924478
-0.093485117679397,-2.78257247337884,0.217463358936676,0.0900214081112266,0.0487863025500534,0.145233091414397,0.129486602158628,0.00549520121646894,0.209115174147338,0.194117539797918
-2.29733839788106,-1.13279329569518,0.0178761272268177,0.36489671203269,0.1977525320505,0.588694163392535,0.524866655291474,0.0222744889012405,0.847636590934316,0.786844524056068
1.30534714727353,1.4706235827209,0.0217968367592525,-0.233564821299426,-0.126578380365747,-0.376814157373045,-0.335959142701725,-0.0142575606964861,-0.542559256797831,-0.503647181767764
2.8473082493099,-0.444196132413828,0.0670104790367509,-0.399417830438997,-0.216460945552047,-0.644387679528562,-0.574521758660058,-0.0243817708893851,-0.927827401528797,-0.861284090340405
-2.42846176985485,-0.917441001649918,0.0993758656481157,0.374330834255742,0.202865270794814,0.603914395601547,0.538436676652424,0.0228503785813083,0.869551579302007,0.807187780560442
-0.347296241577027,-3.59327511763183,-0.140951339842707,0.164117493441068,0.0889420178684565,0.264773584725296,0.236066253865057,0.0100182686376877,0.381236629615367,0.353894531678715
2.54078030783535,0.207689447260675,0.227136407438529,-0.380769857540001,-0.206354842271908,-0.614302582999225,-0.547698554063505,-0.0232434376250062,-0.884509104447171,-0.821072559579868
0.156551767278662,2.60039671780994,0.606436764848868,-0.123290384749081,-0.066816128941789,-0.198906505624259,-0.177340627467895,-0.00752604837523731,-0.286397322797276,-0.265857051898809
-2.43149294043819,-1.00026482032721,0.215847618557288,0.373080681730388,0.202187761737632,0.601897502955607,0.536638459916155,0.0227740651818377,0.866647538268489,0.804492015878623
-2.0774435325022,1.64941231579571,0.253976294798378,0.240311896568378,0.130234897879807,0.387699330354395,0.345664121433068,0.0146694242409858,0.558232371109803,0.518196228261482
-3.25774246045806,1.0316510400265,-0.220622331542565,0.446309358874294,0.241873392894043,0.720038591669259,0.641970433530919,0.0272441831700435,1.0367540484289,0.962398573308471
-2.08400650597674,0.899418459524457,-0.315757403737917,0.284541332750124,0.154204647969862,0.45905544311653,0.409283648462572,0.017369333702626,0.660975112460358,0.613570312253164
-0.0955381274866467,2.73154455489825,-0.330103959997701,-0.0571633065173169,-0.0309791462389652,-0.0922225490043554,-0.0822235786395838,-0.00348943521437955,-0.132787467425936,-0.123264017533981
-0.0176227102687424,3.20217993375998,0.792272612229962,-0.123130159209611,-0.0667292961338071,-0.198648010996049,-0.177110159392353,-0.00751626768420088,-0.286025126979726,-0.265511549776735
-1.96558043125395,-1.8500937921616,0.756069767050552,0.312210633061903,0.169199779513359,0.503694802862912,0.44908311124205,0.0190583583015777,0.725249496461145,0.673234969995642
-1.9089753932536,-2.05457891871011,0.233733852789249,0.329081908983578,0.178343017647374,0.530913523494151,0.473350718681373,0.0200882361707799,0.76444061640108,0.709615322668209
-0.599730104860526,-2.58928822655021,0.104733097514545,0.161204971366345,0.0873636023992652,0.260074762593986,0.231876888301014,0.00984047876321438,0.37447098826802,0.34761411870124
1.02458036697172,-3.73137921420976,-0.133079350131603,-0.0297501961725816,-0.0161228545726114,-0.0479965049534694,-0.0427926189643748,-0.00181604928902875,-0.0691081997502214,-0.0641517946752353
-2.15769490718117,1.68778874210845,0.991197693452722,0.224140232759101,0.121470808316108,0.361609306018922,0.322402834569753,0.0136822529835971,0.520666414692518,0.48332448320705
-1.56379430717022,1.54549660877022,-0.101053394071997,0.182213619686918,0.0987490527564601,0.293968377524613,0.262095683408234,0.0111229153772356,0.423273014856282,0.392916088666324
1.3650009994485,-1.99130787948614,-0.108906961255388,-0.132466479596171,-0.0717890320415162,-0.213710457814253,-0.190539502799493,-0.00808618722025361,-0.307712926631986,-0.285643911425253
-0.903280356279039,-3.54913421582371,-0.384591349182192,0.251713773788523,0.136414043967072,0.406094175662337,0.362064557400947,0.0153654321227195,0.584718354727737,0.542782650552476
2.88192978725279,1.2472712972559,-0.369274706844511,-0.439976021522527,-0.238441096969354,-0.709820909210539,-0.632860574540584,-0.0268575755413699,-1.02204202635508,-0.948741690004487
0.938318479951563,-1.82785581446025,-0.194377852011968,-0.0728307949962833,-0.03947000246052,-0.117499178577715,-0.104759660779003,-0.00444582996041877,-0.16918225007233,-0.157048584807039
2.11489126386023,1.11649453396835,-0.730349787430541,-0.312415678379194,-0.16931090200184,-0.504025606012241,-0.449378047990781,-0.0190708749384605,-0.725725806353792,-0.673677119184093
-2.79305961315046,0.119621764142484,0.0754403452470787,0.396304878233319,0.214773908753618,0.639365500007694,0.570044094821502,0.0241917461040994,0.92059617113304,0.854571480125198
1.4531775152395,-3.53967433916113,-0.253606215691054,-0.0930060789639408,-0.050403818408647,-0.150048312414479,-0.133779746371639,-0.00567739528835382,-0.216048413453777,-0.200553530693768
1.64563655340104,-1.92516806572445,-0.422866712955759,-0.163610786039575,-0.0886674122928244,-0.26395610492904,-0.235337407015351,-0.00998733756043066,-0.380059573971291,-0.352801893869121
2.13572667687166,0.953512529113283,-0.229408899047798,-0.328535826775326,-0.178047073244949,-0.530032519642568,-0.472565235193285,-0.0200549015265209,-0.763172095074061,-0.708437779048114
-1.96094445015139,-1.4717268673142,0.138477916176423,0.322332337794019,0.17468514749131,0.520024323801007,0.463642149823132,0.019676220267122,0.748761704191881,0.695060894099515
2.0754644556674,-1.47353359757564,-0.131726220460229,-0.249767421458875,-0.135359235609643,-0.402954091856192,-0.359264928345398,-0.0152466204098839,-0.580197076790565,-0.538585636378421
-2.13772958748977,0.0940962293708984,0.121257335018714,0.300953771468991,0.163099223357236,0.485533913769259,0.432891265444269,0.0183712026480851,0.699100376804567,0.648961251953355
-2.19243543271031,1.68604411135534,0.0466145191155242,0.263253879010866,0.142668101492378,0.424712026591947,0.378663820233495,0.0160698778938592,0.611525434997658,0.567667140606249
-2.32532829069964,-0.615586433133714,-0.207101953075847,0.361357533961448,0.195834505929994,0.582984346326383,0.519775909073494,0.0220584458949107,0.839415259428461,0.779212822280781
2.4281488671825,-1.20672047263278,0.170017387833072,-0.319580291010753,-0.173193700180972,-0.515584399227099,-0.459683611577357,-0.0195082263293633,-0.742368838823309,-0.689126521796469
-1.57625200377282,2.42173192049516,-0.0447256636787057,0.155406275817472,0.084221050850933,0.25071962698343,0.223536056944008,0.00948650741903443,0.361000912038688,0.335110109514962
-0.785099045882497,3.35086674487506,-0.233791552377223,0.0199913530888221,0.0108341362420278,0.0322523949754158,0.0287555198073171,0.00122033758544213,0.0464389012605169,0.0431083267886552
-0.888892099448477,-2.40135428989075,-0.112714083133377,0.205030813079208,0.111114628051661,0.330779749433705,0.294915885903994,0.0125157514982925,0.476276200097363,0.442117912314007
-1.3801684855675,1.49296362330696,0.0680387192422134,0.151239105991971,0.0819626901770682,0.24399665998142,0.217542008720997,0.00923212974182647,0.351320787476713,0.326124238582497
-1.58192741512275,2.03126322634193,-0.359518922281324,0.179414156915183,0.0972319087723234,0.289451955918141,0.258068942105391,0.0109520270124403,0.416770004546701,0.386879470961638
-0.181361282139181,2.87242807415549,-0.10824582734238,-0.0570613652413011,-0.0309239000698773,-0.0920580853843217,-0.0820769465247573,-0.00348321238543559,-0.132550663002031,-0.12304419660339
-0.931333318470172,2.89192883592672,0.0757305395412216,0.0438320849687324,0.0237544091294606,0.070715059192166,0.0630479778889573,0.00267565384383839,0.101819714596691,0.0945172562489891
2.83183954498791,0.598759690163482,0.314947995368002,-0.437754640210036,-0.237237239097499,-0.706237116399559,-0.629665344380468,-0.0267219751597855,-1.01688187001277,-0.943951617460842
1.42326460876584,1.4283538904188,0.15334684711533,-0.254024547967901,-0.137666347509144,-0.409822187528326,-0.365388370070861,-0.015506489337308,-0.590086166174752,-0.547765485281914
-2.93412481445734,0.662704492636608,0.0711962347565614,0.400324596177769,0.216952359190224,0.645850580345085,0.5758260485721,0.0244371228361642,0.929933772439367,0.863239393396383
0.823349784911992,2.54639564104794,-0.532894523037154,-0.176706264520543,-0.0957643905407193,-0.285083266381479,-0.254173915438402,-0.010786728402995,-0.410479707587807,-0.38104031091389
-3.08032213173424,0.739451446673583,0.683266282491979,0.397007929895244,0.215154921357248,0.640499745388072,0.57105536283824,0.0242346626772669,0.922229324555127,0.856087504611229
2.91910917989867,-0.0824717128895481,0.414022620509853,-0.43324828071908,-0.234795057597145,-0.698966928856087,-0.623183406463343,-0.0264468922358887,-1.00641382502777,-0.934234335358918
2.33358928833439,1.96775407845315,-0.540125932573856,-0.376616398662472,-0.204103912124515,-0.60760173610622,-0.541724227638925,-0.0229898969089117,-0.874860829723284,-0.81211625423124
1.41979031283465,1.22380017912069,-0.00662090160275068,-0.241553527698532,-0.130907788842548,-0.389702475286387,-0.347450081012588,-0.0147452174666195,-0.561116617373629,-0.520873617844462
2.02374643512688,-1.80457444584736,0.0412017285485736,-0.238506649449863,-0.129256560238247,-0.384786894020753,-0.343067457813407,-0.0145592260518014,-0.554038873435331,-0.514303486115744
2.51391488951342,1.0268118250157,-0.21751766283973,-0.385707624879291,-0.209030821423875,-0.622268768270222,-0.554801028113061,-0.023544855095126,-0.895979288025935,-0.831720107403306
-0.306638805107981,2.12919979816985,-0.417085229229259,-0.00532832468642104,-0.00288763823728988,-0.00859627817987963,-0.00766425090785214,-0.000325258368124891,-0.0123774285260879,-0.0114897256227608
1.08151684107393,-3.64458003579508,-0.0610345996449862,-0.0431877515130685,-0.023405218336174,-0.0696755449073843,-0.0621211700153462,-0.00263632162205176,-0.100322960595425,-0.093127848686419
-1.61183844290736,-2.89368424880478,-0.701308873979842,0.345401333212207,0.187187184657924,0.55724193226441,0.496824543817938,0.021084427207499,0.80234981279287,0.744805690700065
-1.80924684076273,1.45271424411485,0.0746548564096427,0.214077847618591,0.116017588063948,0.345375486401782,0.307929121163201,0.0130680120799624,0.497292003370319,0.461626472823103
0.45517073786818,3.04987000590654,-0.438822335870606,-0.142288603378445,-0.0771120447845967,-0.229556659635403,-0.204667624778841,-0.00868576178467248,-0.330529222981064,-0.306823834559203
3.29460018109385,0.651652449845153,-0.502087328778046,-0.476616660883857,-0.258298166026757,-0.768933885084801,-0.685564392347525,-0.0290942400216878,-1.10715637683767,-1.02775168239048
-0.50302472791826,2.32632423044876,0.0345756957883497,0.000722519215752789,0.000391562871515965,0.00116565272096644,0.00103927010480163,4.41049363327135e-05,0.00167837556417982,0.00155800331900341
0.318403403920288,2.96298571581359,-0.447909507840425,-0.119609554393177,-0.0648213356237744,-0.192968158482439,-0.172046128904626,-0.00730135845009875,-0.277846940204608,-0.257919898413955
2.23621784934449,-0.599742210357863,0.126544412171302,-0.308751150464956,-0.167324943647287,-0.49811355988093,-0.444106998824966,-0.0188471801676875,-0.717213293507883,-0.665775119446945
-1.09564838803022,2.38243615940129,-0.298393947827969,0.0964581437813604,0.0522746342749901,0.155617588164723,0.138745189070411,0.00588812061671766,0.224067385280686,0.207997385923765
-0.115488665704446,2.94942866294475,0.0302981215468422,-0.0738873332891694,-0.0400425840041099,-0.119203710040764,-0.106279383214663,-0.00451032451381589,-0.171636535044603,-0.159326849704473
-2.06867460551067,-1.46536761931957,-0.0108988329649819,0.343055121216472,0.185915675906038,0.553456747957661,0.493449757468272,0.0209412067526808,0.796899681092325,0.739746439683976
1.45823550099007,2.65789907643285,-0.663353468682285,-0.266910817425404,-0.144649946784979,-0.430611828452401,-0.383923952679066,-0.0162931093767448,-0.620020317819944,-0.575552774736138
2.12860828536544,-1.9023906410302,-0.748782052878881,-0.222178209265776,-0.120407507110716,-0.358443939653942,-0.319580664145666,-0.0135624846516695,-0.5161087334354,-0.479093676540712
2.37242072759407,1.71771969840504,0.699920610609355,-0.419335906141926,-0.227255369765644,-0.676521854832598,-0.603171876431198,-0.0255976353834977,-0.974096083131194,-0.904234405538585
-1.77675130441187,1.51622526687492,0.285170955995923,0.199878042820495,0.108322129977182,0.322466696241997,0.287504152111957,0.0122012095466838,0.464306575620253,0.431006743240431
2.25185731049816,-1.34790627618558,-0.0392102248334106,-0.28234150216719,-0.153012469324474,-0.455506418469495,-0.406119416826061,-0.0172350488480675,-0.655865017371903,-0.608826710595614
1.96889308715779,1.68854863066276,0.591051749900807,-0.35635329205629,-0.193122501477486,-0.574910916490965,-0.512577818149632,-0.0217529705998481,-0.827790658798137,-0.768421932118492
-2.13724783544474,-1.53201081959953,0.251667980927611,0.345496162375937,0.187238576480929,0.557394921790943,0.496960945885564,0.0210902158898448,0.802570096139951,0.745010175437091
-2.79671626469836,1.62017114868684,0.195761852637492,0.346988873109134,0.188047537804434,0.559803137779987,0.499108057832631,0.0211813358357444,0.806037587611962,0.748228980177405
2.37359401559066,1.15214163112208,-0.297411425843988,-0.366399280551246,-0.198566835713223,-0.591118283116837,-0.527027946656056,-0.0223662105986038,-0.851126981542713,-0.790084585618308
0.866408012787404,-3.15714820962551,-0.0232325725620454,-0.028321890523416,-0.015348797012347,-0.0456921947980821,-0.0407381471533372,-0.00172886084013128,-0.0657903180282221,-0.0610718697494563
1.77066399343145,3.00145400979281,0.331881577643887,-0.358248150810835,-0.194149403349257,-0.577967924823652,-0.515303378956162,-0.0218686389764208,-0.832192319766957,-0.772507908192566
1.95326626727578,2.49195567611635,0.183412282946815,-0.363769039560128,-0.197141399970054,-0.586874869929689,-0.523244613602908,-0.0222056520848319,-0.845017064863479,-0.784412869067946
3.15995258942525,-0.907830765873259,0.121296529142878,-0.432386046963412,-0.234327777671675,-0.697575872256496,-0.621943171261178,-0.026394258667025,-1.00441089965973,-0.932375058783569
-2.67871304902537,0.105796366844173,-0.02255228787611,0.38377241506733,0.207982051654938,0.619146660880174,0.552017426431278,0.0234267235580179,0.891483893593314,0.827547120381968
2.7527828932806,1.08252778276305,0.0328160786763399,-0.4308574756496,-0.233499382025021,-0.695109801773818,-0.619744477531149,-0.0263009496739826,-1.00086010587422,-0.929078926129477
-1.98518683831447,-1.63497930110108,0.459790444686915,0.319194534249032,0.172984642730273,0.514962051185514,0.459128739870915,0.0194846784747946,0.741472745392886,0.688294695732905
-1.21686396562378,-1.79240323246025,-0.681488351675847,0.254349261659603,0.137842323210234,0.410346053731487,0.365855437555086,0.0155263109232072,0.590840459643528,0.548465681205244
-2.49247155860966,0.43194537101073,0.810899888678878,0.316986579905831,0.171788061485165,0.511399920335831,0.455952823034898,0.0193498977193362,0.736343779220559,0.683533576416057
2.0373289215136,-1.88206043513792,-0.872501761570234,-0.205175625067915,-0.111193107622711,-0.331013377114442,-0.295124183160868,-0.0125245912957717,-0.476612591016727,-0.442430177447055
1.02465707155723,-3.19423386514018,-0.586643020152697,-0.029699580746057,-0.0160954239917758,-0.0479148462122693,-0.0427198138424045,-0.00181295955782763,-0.0689906226765641,-0.0640426501697346
-1.23768091606906,2.78022415418404,0.0142072082394688,0.0936011486332997,0.0507263111305097,0.151008348582555,0.1346356933197,0.00571372028747963,0.217430730173196,0.201836708358369
2.88661351630414,-1.72975377576722,0.298924285310164,-0.37445899149991,-0.202934724474991,-0.604121153895471,-0.53862101776014,-0.0228582017187023,-0.869849282092874,-0.807464132257969
0.977324016138862,3.1836995357278,-0.626731800117138,-0.214847410811539,-0.116434646001057,-0.346617035983104,-0.309036059224846,-0.0131149887345468,-0.499079659712151,-0.463285919357748
-2.46853192316102,0.867510633806193,-0.603651198150838,0.35132144778536,0.190395538168013,0.566792955282448,0.50534002404149,0.0214458103660898,0.816101939269359,0.757571521632663
-2.68152518626297,0.75498157014968,-0.300028269439325,0.374493769728662,0.202953572227161,0.604177262212165,0.538671042690484,0.022860324695547,0.869930070157788,0.807539126243794
0.683300557597236,-3.09150216413276,-0.215170965767747,0.00300384382613774,0.001627906481245,0.00484615308901874,0.00432072257724706,0.00018336445289858,0.00697777715316434,0.00647733451077077
1.91107090839811,-2.3517673324838,-0.526853333867191,-0.185190489339755,-0.100362340824071,-0.29877101271429,-0.266377606391917,-0.0113046332383618,-0.430188132370305,-0.399335257455528
-0.886133781665928,-2.52020300716642,0.39450705575822,0.189951902054711,0.102942746153773,0.306452682026088,0.273226412324532,0.0115952854453458,0.441248653083835,0.409602523226886
1.30084176505872,2.59501596492296,-0.12873070873769,-0.261586983682086,-0.141764742374415,-0.42202279558854,-0.376266161534231,-0.0159681251504771,-0.607653321527352,-0.564072733152372
-1.53482047536191,2.98276921922439,0.6969491866046,0.105681884013375,0.0572733583678879,0.170498407476544,0.152012597422452,0.00645116789188065,0.245493666932762,0.227886985510583
-0.616061020842461,3.318540956642,-0.543359765824194,0.00776287688628392,0.00420702217815933,0.012523983262641,0.0111661056194398,0.000473871397969012,0.0180327700490297,0.0167394689167457
2.36998188889219,-0.98382977079245,-0.0740079232405649,-0.309157025477076,-0.167544904005098,-0.498768365043112,-0.444690808580037,-0.0188719561060685,-0.718156120615594,-0.666650327472139
-0.797347868725654,3.42646611565046,0.327646695418388,-0.000775461042366144,-0.000420254224216441,-0.00125106468358188,-0.00111542151571674,-4.73366786050457e-05,-0.00180135674748072,-0.00167216435414183
-2.39958037443048,-2.63165578847197,0.262806827611799,0.416260640920946,0.225588757093834,0.671560476374596,0.598748421471359,0.0254099111350343,0.966952397693171,0.897603061601095
-3.01836647061197,0.468023650182086,-0.0956370393637171,0.424387275029268,0.229992914267562,0.684671315441754,0.610437754706104,0.025905987463708,0.985830157355559,0.915126917904212
-0.990463738475765,2.81547589350606,-0.0288468076712227,0.0584449733431474,0.0316737341913785,0.0942902842151695,0.0840671254786999,0.00356767234983637,0.135764714584204,0.126027738034369
-1.39544049352806,1.33393100859394,0.0535994941909731,0.158784091642973,0.0860516281355902,0.256169115553525,0.228394700050561,0.00969270034605874,0.368847407215865,0.342393858033167
2.43539477731055,0.443936049956503,0.537977688646669,-0.383947611166832,-0.208076997624961,-0.619429307771267,-0.552269428128563,-0.0234374181010083,-0.891890865264009,-0.827924904250618
-1.7205078318547,1.98417899227345,0.437578345934053,0.172084436541262,0.0932596319187154,0.277626791532882,0.247525887893006,0.0105045969048665,0.399743435149452,0.371074038495681
-0.0458697773670245,3.1237004519996,-0.957921413346304,-0.0535830710652287,-0.0290388694355832,-0.0864464933570617,-0.0770737755722294,-0.0032708859312218,-0.124470761702705,-0.115543781731871
-2.39643910261749,0.121760036051976,0.451039172665427,0.32552211229691,0.176413817451373,0.525170442059869,0.468230314690774,0.0198709345367198,0.756171388895309,0.701939159969855
-0.83334551141626,-2.82721345233174,-0.1483063144536,0.211220801516831,0.114469237305563,0.340766164615131,0.303819552120797,0.0128936086403439,0.490655229899964,0.455465685383767
1.07528222919959,2.6370837506786,-0.0599163195879667,-0.232826464209677,-0.126178234299092,-0.37562295313661,-0.334897091432618,-0.014212488964518,-0.540844090654074,-0.502055026470912
2.5231173079787,1.49765750992263,-0.825498173671445,-0.379395219753287,-0.205609869533018,-0.612084856132601,-0.545721277991789,-0.0231595252379835,-0.881315890452972,-0.818108361275611
-1.70584738414002,-2.2303020065254,0.21336799451204,0.305861792131613,0.165759081561995,0.493452108213381,0.439950951937309,0.018670804283758,0.710501460359213,0.659544655571396
1.47006048774213,1.42447253886306,-0.390718436061154,-0.241039310078719,-0.130629113170804,-0.388872879125295,-0.346710431480808,-0.0147138279410698,-0.559922115872564,-0.519764785385904
-0.00538727968044869,2.89815632454081,-0.0253460936030501,-0.0861988640195992,-0.0467147087316737,-0.139066115056851,-0.123988262858994,-0.0052618606213478,-0.200235597720152,-0.185874802093583
-2.08293977071354,-1.06687445338638,0.621466763478578,0.310229986539357,0.168126385722693,0.500499391643472,0.446234153492301,0.0189374531590294,0.720648554849849,0.668964005585812
2.44238653272136,-1.17302676726486,-0.102343206373509,-0.312835933960185,-0.169538655781222,-0.504703611594382,-0.449982542725562,-0.0190965287138051,-0.726702038795045,-0.674583336729232
-2.54909497602516,0.549012948133444,0.803109675205078,0.321880165006734,0.174440096465468,0.519294825639084,0.462991745446633,0.0196486181611021,0.747711329696062,0.694085851930403
2.44541621487385,0.898666704968091,-0.109539518880736,-0.375839265295554,-0.203682751598861,-0.606347973432574,-0.540606400655126,-0.0229424581461458,-0.873055588250522,-0.810440483762345
0.761693337796134,-2.12790738501913,0.504671731479927,-0.0634698120890302,-0.0343969009187749,-0.102396943289217,-0.0912948428544986,-0.00387440494343031,-0.147437160632918,-0.13686304216588
-2.75581136572203,1.40805818587481,0.532815088157113,0.33537361057203,0.181752749439945,0.54106403425731,0.482400688878219,0.0204723022162677,0.779055920704325,0.723182424751125
-3.18618929499177,1.17645624653439,0.20337356191483,0.416317614369102,0.22561963334802,0.671652392621829,0.598830371958135,0.0254133889806733,0.967084744129235,0.897725916217812
2.12159752723338,-1.45911812501023,-0.950332904616427,-0.227344206148826,-0.123207173236775,-0.366778331586977,-0.327011423086048,-0.0138778339996928,-0.528109082691312,-0.490233366827521
-2.22289560727602,0.301608942984614,-0.307823097757453,0.322406904312553,0.174725558153725,0.520144623252324,0.463749406144958,0.0196807720513247,0.748934918439867,0.695221685509389
-2.42267553534536,-0.843504614293882,-0.446439737469484,0.390931296867572,0.21186174406094,0.630696208445958,0.562314746802265,0.0238637251202312,0.908113613631777,0.842984165324102
-1.86650186663379,-1.2916053059575,0.885210788550762,0.276335057759323,0.14975733012725,0.445816118039121,0.397479759951684,0.0168683958339758,0.641912351059404,0.595874722442448
-2.93661263220257,0.740521615554716,-0.422021265343269,0.416103996955474,0.225503865288068,0.67130775996153,0.598523105124245,0.0254003490749902,0.966588521690716,0.897265282601192
-1.82914347787313,-2.04207320315559,0.870733538311798,0.294229942897987,0.15945530418465,0.474686245086929,0.423219724713861,0.0179607581580694,0.683481263395176,0.634462333444842
0.395128971592719,2.68462168601143,0.413232046314191,-0.153273190266338,-0.0830650440826964,-0.247278283248173,-0.220467831219425,-0.00935629689954399,-0.356045862280464,-0.330510433415106
-1.45187003573597,-1.03824064222084,-0.167735034500351,0.246836512013648,0.133770855268325,0.398225605062696,0.35504911442669,0.0150677081101689,0.57338872251231,0.532265573819803
0.373896047068383,-2.93741025959044,-0.546959646860053,0.0548962140523795,0.0297505156140507,0.088565009602191,0.0789625976549111,0.00335104447452599,0.127521126390393,0.118375375809511
-2.64699026143184,0.107883968132418,-0.0305889450405334,0.379425620062153,0.20562634471039,0.612133901475584,0.545765005731471,0.0231613809722779,0.881386508831601,0.818173914939901
2.62751591275287,0.0937102935176213,-0.122755628545018,-0.377203580792328,-0.204422130264402,-0.608549047170682,-0.542568829166924,-0.0230257404268257,-0.876224824087706,-0.813382423610863
-3.2815007200043,0.92429171486551,0.200968630142554,0.437791687560034,0.237257316579773,0.706296885528724,0.629718633209991,0.0267242366512135,1.01696792913148,0.944031504463153
-1.14235097259992,2.71983941544082,-0.0642008048994414,0.0845160769727957,0.0458027372382792,0.136351245670478,0.12156774554629,0.00515913779551478,0.19632656859332,0.182246126555363
1.62871753641511,-3.13796859948565,0.0526765302662995,-0.141535894705701,-0.0767041210050093,-0.228342301742424,-0.203584930223248,-0.00863981398513356,-0.328780718836489,-0.305200732246062
2.58932292830619,-1.99049527346163,-0.163044693386249,-0.30703974700098,-0.166397463740778,-0.495352523134833,-0.441645319718604,-0.0187427105021443,-0.713237789892527,-0.662084736936841
-1.82539636975485,-3.03775643752413,0.0988211316178094,0.351712413835063,0.190607418746065,0.567423707558243,0.505902388776696,0.0214696762126367,0.817010133612067,0.758414580737215
-1.78200297312097,-2.53353042651198,0.0799043341248818,0.330847590514914,0.179299913070387,0.533762127983122,0.475890471244501,0.0201960191471015,0.768542205219351,0.71342274761435
-1.91916741770531,2.22463993907053,0.211318825059471,0.201588056841412,0.109248856887365,0.325225491375626,0.289963832646375,0.0123055943960777,0.468278851629717,0.434694129626902
-2.05173107560974,-1.5706242107436,-0.0712812484813348,0.345981318631598,0.187501502604496,0.55817763275167,0.497658793612895,0.0211198314146653,0.80369708956318,0.746056341462956
0.828274319383382,-2.76068145082111,0.0181032083549319,-0.0363378561645901,-0.0196929783932688,-0.0586244905171281,-0.0522682951000732,-0.0022181816035671,-0.084411000443477,-0.0783570862553655
-2.41521482570862,-1.40043120305958,-0.36664405355007,0.403868399202888,0.218872891763405,0.65156785892915,0.580923447313911,0.0246534481648071,0.938165847478962,0.870881068184614
2.61241355122361,-0.518164182310516,-0.0299285196978843,-0.359817189881067,-0.194999730137064,-0.580499282636208,-0.517560281421044,-0.0219644182536875,-0.835837118102148,-0.775891303437659
2.10854259388819,-1.17037013373413,0.150861861049032,-0.273917109239022,-0.148446944403043,-0.441915199959164,-0.3940017879375,-0.0167207963470437,-0.636295579043603,-0.590660782470091
-0.112013412537872,3.12970610072407,0.153960958019272,-0.0843134892049463,-0.0456929465968906,-0.136024407328079,-0.121276343731454,-0.00514677117548866,-0.195855967463624,-0.181809276700277
-2.37385774396566,-1.35247192198495,0.168008917325892,0.377177495516942,0.204407993581097,0.608506963345687,0.542531308162231,0.0230241480962896,0.876164229313423,0.813326174663092
-1.32571225774759,-1.58273905520985,-0.0348869460703544,0.240372595980508,0.130267793387075,0.387797257763617,0.345751431338509,0.0146731295316537,0.558373372771571,0.518327117355501
-1.34813558466051,3.10478715029048,0.709770128869206,0.0746065730402732,0.0404323695988877,0.120364071944811,0.107313936144481,0.00455422926089911,0.17330729257841,0.160877781354382
2.10519363570064,-0.571577336945346,0.446073051822498,-0.302235701726418,-0.163793954074063,-0.487602073978814,-0.434735191202834,-0.0184494558642683,-0.702078235901098,-0.651725540504104
-0.338854248922678,2.58565238818312,-0.069010675251894,-0.0270746183454594,-0.0146728489338536,-0.0436799490663115,-0.0389440735026447,-0.00165272326648761,-0.0628929678959041,-0.0583823161007935
-1.31449438298375,-2.13194954369296,0.422138747072872,0.238934814506665,0.129488600487792,0.385477660096731,0.343683329521389,0.0145853626474219,0.555033479188514,0.515226759248188
-1.380998731621,-2.19256843141753,-0.618984682865448,0.287893305503068,0.156021219830886,0.464463238611635,0.414105118948468,0.0175739490839672,0.668761575488163,0.620798334097338
0.935947900660438,-2.19583470803916,-0.248287243420912,-0.0593863037740364,-0.0321838798574425,-0.0958089488460486,-0.0854211331704451,-0.00362513423848545,-0.137951377524894,-0.128057574616744
-2.89960403590094,1.19239648906015,0.343687471170871,0.369461244411933,0.200226239830967,0.596058202260706,0.531432268967512,0.0225531228885253,0.858239768594092,0.796687247185791
-2.31683627386143,0.980785698698836,0.189772586860302,0.297414430324983,0.161181108860892,0.479823833614999,0.427800284662769,0.0181551496872603,0.690878666488932,0.641329198536333
2.76410052281339,0.351957290442653,-0.00686730193785906,-0.408903229901986,-0.221601473541097,-0.659690638193774,-0.588165537093985,-0.0249607906999096,-0.949861504329202,-0.881737918450724
-1.76864098859511,1.60701974173693,0.320054250210383,0.194697868254173,0.105514780381601,0.314109431207843,0.28005300002208,0.0118849947464976,0.452273292323777,0.419836480925762
-0.876991145268266,-2.10635807741024,-0.475125796097512,0.207434165108601,0.112417103337266,0.334657118742952,0.298372862356669,0.0126624599676735,0.481859065203658,0.447300377163231
-2.18224717208713,1.68111981514724,-0.30170137240308,0.274491340835868,0.148758144116593,0.442841617705204,0.394827761446332,0.0167558493220608,0.637629489975399,0.591899025985636
2.75712812260234,0.146980475353439,-0.637757547725765,-0.378938198993389,-0.205362191191478,-0.611347536652789,-0.545063900301784,-0.0231316271958573,-0.880254254362177,-0.817122865187409
1.59540203645347,-1.22695522998904,-0.535236891185429,-0.173491859376576,-0.0940223722234956,-0.27989741108426,-0.249550321908969,-0.0105905105984976,-0.403012807151965,-0.37410893279448
2.24517350419913,-1.5418639846143,0.276025378746928,-0.286860340024616,-0.155461413364704,-0.462796737576963,-0.412619303599005,-0.0175108934922711,-0.666362048970561,-0.618570900405947
-2.90673578734003,0.698840934974404,0.807140687653854,0.368749275145058,0.19984039441054,0.59490956995435,0.53040817388676,0.0225096619555816,0.856585900027116,0.795151993234567
2.20645400017409,-2.42933218561024,0.328599942663662,-0.25626051538022,-0.138878110188246,-0.413429512345904,-0.368604580845979,-0.0156429801021378,-0.595280205288616,-0.552587010541898
2.6465861768683,0.601148045790827,-0.467407217574601,-0.382916509616345,-0.207518201297984,-0.617765813843753,-0.550786293849125,-0.0233744762895724,-0.88949566855672,-0.825701489837738
-0.977034365738991,-2.46739520990429,-0.407854990717458,0.230380213204746,0.124852510294725,0.371676374169718,0.331378409184677,0.0140631618013451,0.535161573399153,0.496780056474678
0.316886601035764,2.95006497824389,-0.101136075725395,-0.131500335088292,-0.0712654386068279,-0.212151760204693,-0.189149802592128,-0.00802721059917678,-0.305468621846542,-0.283560567042027
-0.89553036358374,2.62778304622579,-0.527315393200711,0.0684211068274936,0.0370802111245729,0.110384952546775,0.0984167746862843,0.00417664817024457,0.158938767675203,0.147539759777955
-0.237300135931883,-3.33823332895917,-0.688237663878579,0.160255719304169,0.0868491636754857,0.25854331785863,0.230511486151657,0.00978253331227942,0.372265923778845,0.345567200320115
1.98005150221524,-2.0110199668783,-0.113252027128391,-0.220378764755442,-0.119432314141121,-0.355540864768227,-0.316992346985283,-0.0134526406726691,-0.511928714926002,-0.475213446841158
2.8968124880282,-1.66900747927132,-0.110810898956069,-0.363000411904544,-0.196724849039109,-0.585634829666941,-0.52213902121622,-0.0221587325385084,-0.843231581727586,-0.78275543987801
-2.61074498071733,0.6431485962449,0.0637437343641103,0.354567331574843,0.192154616057579,0.572029595621777,0.51000889638775,0.021643949730078,0.823641963005279,0.764570778686116
0.560282010800436,-3.01662149176366,0.0919955389896503,0.00739414133184264,0.00400718921956235,0.0119290958285349,0.0106357171813842,0.000451362573570073,0.0171762160215029,0.0159443465101319
1.43839613794195,-3.24325195926814,-0.281772598075607,-0.098849044227623,-0.0535703615357135,-0.159474869120002,-0.142184255192367,-0.00603406900073455,-0.229621325989672,-0.2131530008188
-0.0398654413984357,-2.4623640728221,0.152526632557036,0.0749218804645505,0.0406032476568944,0.12087276285439,0.107767473673628,0.00457347665746626,0.174039735764105,0.161557694085864
-1.18489680604845,-2.45689524475634,0.219159934877477,0.23742352801114,0.128669572194884,0.383039475509719,0.341509498237257,0.0144931087762274,0.551522837160922,0.511967898688279
-1.7160809638243,1.89137734156515,0.112940155778444,0.185963843694335,0.100781453347553,0.300018678642106,0.267489997652398,0.0113518413178532,0.431984595388699,0.401002879056354
2.3526066531455,-1.53458059513332,-0.183702595465409,-0.28599563719451,-0.154992795346273,-0.461401697576968,-0.411375516885416,-0.0174581092030273,-0.664353388067593,-0.616706299645326
1.54020959043023,1.64242988074084,-0.524778531530042,-0.25292897417212,-0.137072611021476,-0.40805467941473,-0.363812499050776,-0.0154396119291267,-0.587541203705236,-0.545403046231401
-2.54338964771725,-0.637278421363237,0.775462741960858,0.358029723991965,0.19403102887485,0.577615533066869,0.51498919428399,0.0218553054889098,0.831684925323513,0.772036903821553
-2.49687818161533,2.39900522420074,-0.615274517446839,0.309382943930235,0.167667338504165,0.499132843182792,0.445015769203052,0.018885746907442,0.718680917746261,0.667137486418464
1.86025345996634,2.84979576235236,-0.197668495039661,-0.347473916412057,-0.188310402714268,-0.560585666512112,-0.499805743088984,-0.0212109444655603,-0.8071643186517,-0.749274902637789
0.777928982238949,3.71459764097836,-0.259698604783883,-0.215433906624143,-0.116752492197405,-0.347563239800098,-0.309879673555567,-0.0131507903574106,-0.500442059796337,-0.464550608798105
-1.90898814054446,0.412191780273246,-0.124370628298694,0.267186438824538,0.144799317354153,0.431056493212663,0.384320405913968,0.0163099342085219,0.620660572378143,0.576147110561784
1.22202388615205,2.91930891081778,-0.549638991496724,-0.244885084950274,-0.132713296704028,-0.395077334101045,-0.352242185884931,-0.014948586618987,-0.568855656225577,-0.528057616750645
-2.17583360604845,-0.3795492492709,0.379872590928733,0.311487490479211,0.168807878813668,0.502528144453305,0.448042944487568,0.0190142153128879,0.723569672847122,0.671675622480196
-2.59044438720375,-0.593166880041482,0.165134439108751,0.385477996591806,0.208906376413045,0.621898304990794,0.554470731272234,0.0235308378333301,0.89544587313792,0.831224948760824
0.170258886892364,2.85124714701657,0.103849670521612,-0.114755289871468,-0.0621906100821181,-0.185136689748248,-0.16506376513046,-0.00700503826510679,-0.266570729444162,-0.247452411776575
2.0094933537831,-0.764616926062157,-0.0250945359645129,-0.265599563971075,-0.143939324622041,-0.428496360623185,-0.38203784849638,-0.0162130661767049,-0.616974342421353,-0.572725255150003
-1.25048398951231,2.7183540675852,0.401088991153344,0.0833759321519683,0.04518484587947,0.13451183035291,0.119927763658479,0.00508953962617021,0.193678069888813,0.17978757683618
-2.6297017227396,-0.40559218652736,0.022130043507913,0.390604374371724,0.211684571318061,0.630168778740946,0.56184450217885,0.0238437687017018,0.90735418922278,0.842279206448984
-0.267367785727011,2.2352922453814,-0.316129655459127,-0.0178465276344338,-0.00967176713749711,-0.0287921110516161,-0.0256704074308375,-0.00108941042385513,-0.0414565803013082,-0.0384833353645333
-1.10843198460367,2.72462096510945,0.385231625116552,0.0632790897108458,0.0342935406199261,0.102089247584753,0.0910205081909461,0.00386276262560174,0.146994122202786,0.136451778227509
2.59448518032007,-0.7762737235079,-0.148455217140435,-0.345132277879573,-0.18704137251017,-0.55680786065256,-0.496437535199141,-0.0210680031898991,-0.801724810874777,-0.744225513602903
1.75428126881142,2.20186199061071,-0.143775713092742,-0.314490453912992,-0.170435308174095,-0.507372877190139,-0.452362400710319,-0.0191975260237573,-0.730545404893407,-0.678151058558117
-2.65918063272869,0.186461648168493,0.098527541121445,0.374145379302204,0.202764765129967,0.603615197924178,0.538169918641292,0.0228390578043102,0.869120776832693,0.806787875025977
-0.729231243648979,3.01618422150964,-0.185375495289596,0.0203414977380453,0.0110238940246675,0.0328172893812672,0.0292591671268072,0.00124171156017461,0.0472522695562961,0.0438633607223239
-1.97097218367682,1.78611001121188,-0.459836907098206,0.246550490267313,0.133615848323362,0.39776416124279,0.354637701354471,0.0150502484071785,0.572724308474029,0.531648811219746
2.07542914550509,1.44493963515071,0.39615888222078,-0.357298101734832,-0.193634532690912,-0.576435194252132,-0.513936830383809,-0.0218106448731547,-0.829985403855005,-0.770459271171767
-0.623125246269817,-2.68635131830508,-0.0774492542335433,0.174088905589514,0.0943459361155954,0.280860636044207,0.250409111913115,0.0106269562523088,0.404399715282066,0.375396372576115
-0.771677681221102,-2.76840689126867,0.174360050606412,0.188915088685718,0.102380854357489,0.304779973123195,0.271735062177491,0.0115319949658245,0.438840188111287,0.40736679214201
-2.10412987079918,1.42359743961908,0.45460295282375,0.243774439382371,0.132111392203327,0.393285510437356,0.350644635659849,0.0148807891805347,0.566275682792356,0.525662677705007
-0.993462872479182,2.38357213080122,-0.453233226687734,0.0872744580215055,0.047297617347513,0.140801389424151,0.12553539498602,0.00532751839755587,0.202734148139876,0.188194157743002
2.98112045494174,-0.727341521237209,0.0114735129067707,-0.408119657095788,-0.221176823218522,-0.6584264866616,-0.587038447634408,-0.0249129588527062,-0.948041304364959,-0.88004826230578
0.741845383281706,2.28267300671939,0.0547513186577355,-0.178143619536471,-0.0965433523249234,-0.28740217603645,-0.256241403839363,-0.0108744692548406,-0.413818610530715,-0.384139749429264
-0.937371869804383,-3.60707833435303,0.426206545808073,0.22915618221528,0.124189157571904,0.369701623848466,0.329617765610128,0.0139884429458701,0.532318211371225,0.49414061893091
-2.11730491319835,-0.689791462507359,0.78602228967956,0.297816464632716,0.161398987783074,0.480472442502504,0.428378569956809,0.0181796911764823,0.691812571834767,0.642196124663894
-0.703824680520094,-2.28648031424716,-0.504020708706919,0.188974237785605,0.102412909686807,0.304875399386915,0.271820142117094,0.0115356056203618,0.438977588476189,0.40749433822235
-0.634064037915142,-2.56608874429906,-0.245450221346827,0.178075269389014,0.0965063105695994,0.28729190556388,0.256143089132485,0.0108702969382625,0.413659836598065,0.383992362682627
-2.19574356853521,-2.21697609001084,-0.199595124001072,0.390969363260502,0.21188237380448,0.630757621614672,0.562369501420975,0.0238660488173731,0.908202039935627,0.843066249738237
-1.91992792611628,-0.940747718363015,0.539668757384208,0.285853857817897,0.154915959272411,0.461172962461662,0.411171581731334,0.0174494545261101,0.66402404175261,0.616400573881203
2.07192512822722,-1.64387869264688,0.335321419363089,-0.260928512875255,-0.141407889969232,-0.42096047327112,-0.375319018524739,-0.0159279299385311,-0.60612372717496,-0.56265284053202
-1.41889773532538,-2.45378855415365,0.0929796748622552,0.275612115074626,0.1493655377605,0.444649782128397,0.396439880730052,0.0168242650477135,0.640232991798302,0.594315805976767
1.18540348423034,2.2986126975516,0.55681943278485,-0.260670780912706,-0.14126821442132,-0.42054466984766,-0.374948297417412,-0.0159121971364806,-0.605525028872383,-0.562097080568396
-1.93687040227867,1.16948550831597,0.724023281885308,0.21765553213884,0.117956482412477,0.351147426586711,0.313075254975617,0.0132864056458964,0.505602783408014,0.469341207926841
0.151291256385711,-3.23212211922586,-0.160635784348719,0.081997617924908,0.0444378807263886,0.132288172221623,0.117945199402781,0.00500540281720295,0.190476315709792,0.176815450844828
1.17429161785062,3.22229069338045,0.437739006798443,-0.28278737180332,-0.153254104413533,-0.456225747648873,-0.406760754763332,-0.0172622661891229,-0.656900749966657,-0.609788160973388
-2.96803260228487,0.388700186063692,-0.449790818689011,0.432303958835182,0.234283290739692,0.697443438062437,0.621825095871945,0.0263892477391627,1.00422021309316,0.932198048160953
1.2838931288855,2.43110230612724,-0.700727544392431,-0.233552163382003,-0.126571520519828,-0.376793736136399,-0.335940935580198,-0.0142567880158018,-0.542529853096402,-0.503619886884906
-2.31821002213085,1.59097401153696,0.0749679966805995,0.283246691812141,0.153503028812605,0.456966776546656,0.407421439688103,0.0172903045849243,0.657967727096312,0.610778615043848
1.55306668843731,2.30317623324632,-0.0841702107948149,-0.290704264067635,-0.157544593857842,-0.468998206579093,-0.418148395775295,-0.0177455391895604,-0.675291289942575,-0.626859740739117
-2.04731245531438,1.08031627154406,0.267388092994313,0.252743008058561,0.136971828337995,0.407754657074076,0.363545005788155,0.0154282599492489,0.587109213837066,0.545002038457724
0.449739504874011,-3.41323369712564,-0.279666546728876,0.048756283465253,0.0264230347676083,0.0786593536149349,0.070130934543904,0.00297624302741105,0.113258378440559,0.105135544916949
2.60012404100279,0.670954197561246,-0.0973443295171611,-0.391676255482299,-0.212265467765422,-0.631898063036578,-0.563386293690873,-0.0239091998308779,-0.909844114783888,-0.844590555810278
1.69243882968722,0.624180590841211,0.290349609560893,-0.273380853607482,-0.148156325426587,-0.441050049493392,-0.393230438976476,-0.0166880615491706,-0.635049884356864,-0.589504428375201
-1.95789684233989,-1.77136741886943,0.318665248108709,0.324484059432006,0.17585125392129,0.523495733456829,0.466737181655447,0.0198075683943136,0.753760044636503,0.699700756099673
-2.33054497494146,2.773243423397,0.00886533083525769,0.2515545392945,0.136327748247367,0.405837279904851,0.361835514843071,0.0153557119283389,0.584348461058593,0.54243928546989
2.71107964438678,-0.533828510896394,0.28435500659265,-0.384896033012773,-0.208590986420426,-0.620959413104443,-0.553633636096652,-0.0234953128728286,-0.894094001202897,-0.829970032396106
-2.5331226148701,-1.03695263459969,0.529373787294479,0.377541672069339,0.20460535582903,0.60909449566311,0.543055138941433,0.023046378624291,0.877010193009979,0.814111466271907
-1.0866986691523,-2.05896347195915,-0.588104580595474,0.240301585740878,0.130229310018425,0.387682695718433,0.3456492903607,0.014668794834348,0.558208419579458,0.518173994522759
-1.77345785280228,2.46933702872613,-0.906198486483159,0.21344846866086,0.115676501727989,0.34436009846662,0.307023823807643,0.0130295927296467,0.495829987910752,0.46026931237162
-1.4877765311841,2.58018140803503,0.0683299188764883,0.133770692547432,0.0724958386663505,0.215814567078356,0.192415479937524,0.00816580064495643,0.310742547298342,0.288456249232262
-0.917296625804338,2.31759796927481,-0.533835843777543,0.0812006774964246,0.0440059859396472,0.131002454473699,0.11679888198371,0.00495675496660896,0.18862506343565,0.17509696944592
-0.874677639326257,2.18139672547776,0.138742261552191,0.05494045211841,0.0297744900410106,0.0886363796376369,0.0790262295950967,0.00335374491078183,0.127623889178445,0.118470768502465
-0.945172778625465,-2.97362575166976,-0.408520225787637,0.241162878675415,0.130696080074239,0.389072234475054,0.346888172287748,0.0147213709724123,0.56020915946763,0.520031242359752
-1.35085794152771,-2.87482615631054,0.193271777100407,0.274956175744621,0.149010057266699,0.443591543886232,0.395496378991449,0.0167842243653936,0.638709277938433,0.592901372102995
0.592145150568693,2.90637839949568,0.445238059453946,-0.18955417389904,-0.102727200912454,-0.305811020328025,-0.272654320990468,-0.0115710068177312,-0.44032475071126,-0.408744882664411
-2.031803570972,-2.10433933517425,0.209081446780669,0.349186781455255,0.189238674710654,0.563349061249195,0.502269524527795,0.0213155033506801,0.811143217441604,0.752968436822243
0.162835837718626,2.03999584957741,0.105746682262764,-0.089151622042595,-0.0483149297156532,-0.143829850537955,-0.128235503725543,-0.00544210662971791,-0.207094705138587,-0.19224197780288
2.50021081852613,-1.29361904303927,0.00993585672357919,-0.321562600659881,-0.174267995288317,-0.518782493597359,-0.462534961564848,-0.0196292329945984,-0.746973643793468,-0.693401072487022
1.21976193563683,2.5971041915286,0.0772780860779777,-0.257388381103347,-0.139489346999121,-0.415249117583224,-0.370226900505748,-0.0157118287151931,-0.597900180270736,-0.555019082245613
1.4171742629485,2.49354925372352,0.621465399849153,-0.302325379650048,-0.163842554228249,-0.487746752920785,-0.434864183737643,-0.0184549300980684,-0.702286553178181,-0.651918917371611
2.44795673352068,-1.13122189884858,0.376918155503596,-0.33218421970932,-0.180024287390271,-0.535918534931773,-0.477813075837799,-0.0202776113653214,-0.771647127177619,-0.716304986142765
-1.95703045980817,-0.812007761590277,-0.244630407813927,0.315572667735994,0.171021804343179,0.509118831429065,0.453919054773944,0.0192635878954988,0.733059332822439,0.680484688849667
-0.283619954963585,-2.63380223256783,-0.497015790522439,0.138677144182386,0.0751548465505009,0.22373023018306,0.1994729095445,0.00846530650204803,0.322139986081139,0.299036269479646
-0.176086797554189,-2.73451600687225,-0.649604737378372,0.131730094843448,0.071389954865394,0.212522435583184,0.189480288535774,0.00804123588618927,0.306002342127301,0.28405600917464
2.49767058230158,-0.491753799351669,0.00447928572764128,-0.345316980786562,-0.18714147061007,-0.557105845040253,-0.496703211468115,-0.0210792780595158,-0.802153866378029,-0.744623797462827
-2.54059833765761,1.53887879507997,-0.566596754221014,0.3400149875142,0.184268102448752,0.548552047785137,0.489076835610299,0.0207556270470367,0.789837604393901,0.733190851548624
1.84156906181948,-1.95223600041004,-0.31454922092221,-0.194940761278695,-0.105646414098849,-0.314501294716474,-0.280402376832477,-0.0118998217312319,-0.452837520524466,-0.420360242965743
-2.81124872866499,-0.694172509348655,-0.462299242345247,0.4429917678809,0.240075453922225,0.714686264860242,0.637198417694909,0.02704166656377,1.02904745248812,0.955244690524304
0.233774664960648,-2.6758907419411,-0.156381078357495,0.0530850634886907,0.0287689786528132,0.0856430491385594,0.0763574425322543,0.00324048591973763,0.123313915311614,0.114469903777875
-1.53849152603813,-2.18522931374804,-0.738639809677663,0.314688766317938,0.170542781820532,0.507692818015775,0.452647652852238,0.0192096316616467,0.731006074571496,0.678578689240275
-2.33103276583326,2.51413464522292,-0.52883422776022,0.278866789047065,0.151129379411644,0.449900603821602,0.4011213968568,0.0170229409932226,0.64779343468427,0.601334017729171
0.0583475489994769,-2.69362033143831,-0.542271972474394,0.0928240711290682,0.0503051808791429,0.149754676033147,0.133517946688671,0.00566628493475478,0.215625618466628,0.200161058348903
-2.05405261643782,-2.03044089867793,0.253139581562218,0.348564895616701,0.188901649204079,0.562345762092527,0.50137500525894,0.0212775414048694,0.809698608118583,0.751627434148011
0.0614268938332097,-2.58492328223287,-0.0660915448053393,0.0719173734272093,0.0389749817542284,0.116025539795291,0.103445797134795,0.00439007171998642,0.167060418004886,0.155078929460525
2.25663516070122,1.07393515660023,-0.426648792605838,-0.342507569891756,-0.185618935328994,-0.552573373955131,-0.492662160806183,-0.0209077824287473,-0.795627747082127,-0.738565728136611
-2.5492629170595,0.959552321767948,0.266774098073756,0.328789441054474,0.178184517250915,0.530441679936329,0.472930033433557,0.0200703829717074,0.763761228206535,0.708984659850789
-1.61354183981045,2.47882892896166,-0.0198842241229305,0.158154981455674,0.0857106874573801,0.255154161230341,0.227489789293821,0.00965429740236933,0.367386016096407,0.341037277144437
1.96197505742471,-2.82423807322872,-0.387730073627536,-0.183216242507249,-0.0992924152885792,-0.295585926225243,-0.263537853942724,-0.0111841187538272,-0.425602056915016,-0.395078093008528
2.06855976759823,0.827435692423859,-0.209844417916217,-0.315734842159725,-0.171109693331677,-0.509380470225892,-0.454152326120467,-0.0192734875528055,-0.733436055799477,-0.680834393445645
-1.23211357517933,2.71965907150869,-0.0406243504525425,0.096611935808607,0.0523579804981659,0.155865703496627,0.13896640319564,0.00589750858512363,0.224424636375008,0.20832901515059
-0.865420019054596,-2.65947340142101,0.670167451188174,0.181251639191485,0.0982277159713318,0.292416397788199,0.260711972707524,0.0110641929410992,0.421038382860966,0.390841723345619
2.31747087242708,0.237269158134149,0.431841481957202,-0.356853901068258,-0.193393802085081,-0.575718557650146,-0.513297893088803,-0.0217835294114604,-0.828953548192048,-0.769501419674207
0.132883569666558,-2.72524406072248,-0.435869656139724,0.0792020186163083,0.0429228305117824,0.127777983606908,0.113924015297103,0.00483475029083505,0.183982280029504,0.17078716411357
-1.4277913946655,2.483584597802,0.0979844024711517,0.12698346865663,0.0688175629632809,0.204864621632435,0.182652751513815,0.00775148629725037,0.294976169770138,0.273820628312932
-0.783788088116198,3.37636861901835,0.0123537361667428,0.0101553894583019,0.00550362311611687,0.0163838650882248,0.014607490619657,0.000619918191415368,0.023590455644539,0.0218985601169398
-2.79471762811431,-0.378984416798933,0.545133103098403,0.394732033595783,0.21392151957241,0.636828002607723,0.567781718436694,0.0240957345225562,0.916942532657637,0.851179878750271
2.40783948338603,-0.970250083101089,-0.116586202537682,-0.313491497470166,-0.169893932602699,-0.505761243519616,-0.450925503885442,-0.0191365464548414,-0.728224879644023,-0.675996960204011
-2.54142270098155,1.40531959570994,0.267745273619212,0.31410587155346,0.170226887180231,0.506752423831875,0.451809218261491,0.0191740498585397,0.729652039539822,0.677321764915101
-2.84752609671043,0.0445525326048395,1.06601957104319,0.370722744240018,0.200909898458076,0.598093401705988,0.533246807639919,0.0226301289644723,0.861170168837452,0.799407480608276
1.63365794905017,-1.0598463183089,0.362463760396566,-0.216436984563785,-0.117296101377392,-0.34918152275257,-0.311322498732708,-0.0132120215159738,-0.502772159074194,-0.466713594536213
-1.50834018778468,3.36290040355647,0.570528717029526,0.0948941091162899,0.0514270195801097,0.153094304045386,0.136495484931279,0.0057926468247117,0.22043421192536,0.20462478192087
1.82329895797063,-2.19004044244549,-0.534456197667823,-0.177167567880002,-0.0960143897990523,-0.285827495053077,-0.254837453210516,-0.010814887869007,-0.411551291940595,-0.382035041779775
0.789259219683219,3.23809125704162,0.517005062589841,-0.230617184767053,-0.124980934928121,-0.372058684481157,-0.331719268576405,-0.0140776273206563,-0.535712046342862,-0.497291049777741
-0.0979480923727576,-3.07316260610675,0.0495779945617318,0.105529523263216,0.0571907878126167,0.170252601248669,0.151793442043144,0.00644186729330986,0.245139740622662,0.227558442616139
2.31505003207289,-0.981499357043374,-0.440960733656355,-0.288079877788593,-0.15612233102388,-0.464764238899983,-0.414373484127556,-0.0175853380665646,-0.669194973463124,-0.621200648989099
2.04215554006243,1.64089282409609,0.599705868691095,-0.365781707800758,-0.198232147646417,-0.590121942339588,-0.526139631323913,-0.022328511937797,-0.849692391304942,-0.788752883465607
-0.138448185739494,-3.26913851211427,-0.00604331520127204,0.119316396715742,0.0646624614243334,0.19249520214173,0.171624451524275,0.00728346314653198,0.277165949759605,0.257287748258669
-0.261991610442265,2.35474307226152,-0.564459105954071,-0.013291675708963,-0.00720330559297035,-0.0214436898265936,-0.019118718098938,-0.000811367363133874,-0.0308758898456189,-0.0286614866680127
0.976864933901656,1.84998220758754,0.178241486162782,-0.203354543808191,-0.110206188808962,-0.328075395287499,-0.292504743746134,-0.0124134265388135,-0.472382311433751,-0.438503291372656
-1.79859836131062,-2.20514747730463,-0.159518366585463,0.331912751710944,0.179877167719747,0.535480570924639,0.477422596845723,0.0202610400707126,0.771016520759135,0.715719606497142
-0.449302925376708,-2.89872187852443,-0.00330234658959897,0.15279770250854,0.0828073577156705,0.246511170641922,0.219783890638879,0.00932727157145942,0.354941328288351,0.329485116041337
0.681076960035739,3.32726217942607,0.329098252882045,-0.210951545474106,-0.114323316384757,-0.340331769194225,-0.30343225480103,-0.0128771723707435,-0.490029761742488,-0.454885075485675
-1.59074585730669,-2.24496481644716,-0.15355406461405,0.302940868208612,0.164176112785755,0.488739731235233,0.435749501172553,0.0184925015329827,0.703716301943618,0.65324612527992
-3.05896210360615,0.432144910485736,-0.397451181587051,0.442208148980502,0.239650778619307,0.713422038963498,0.636071261933532,0.0269938319028258,1.02722714544939,0.953554934984194
2.37005715656322,1.78708412525795,0.309775925101277,-0.407033884896399,-0.22058839861896,-0.656674791632632,-0.585476675209747,-0.0248466797660303,-0.945519110507704,-0.877706958914191
-0.835982444048469,3.72018034547059,0.299464952117466,-0.00309702834403759,-0.00167840700305005,-0.00499648928004824,-0.00445475898980498,-0.000189052740683266,-0.00719424007123363,-0.00667827281801899
-2.10108491307586,1.78393663262597,0.0844778841538554,0.245750969794765,0.133182555304656,0.396474281065247,0.3534876728055,0.0150014430622553,0.570867062888127,0.529924766346361
2.5902278010418,-0.607437093968862,0.345096936344297,-0.367431344356173,-0.199126153525448,-0.592783329466048,-0.528512465040237,-0.0224292111491984,-0.853524413518359,-0.79231007498723
-0.910169244766413,-2.92555253935585,0.890347129876224,0.187834316850177,0.101795139660701,0.303036345267526,0.270180482265565,0.0114660211177143,0.436329609846132,0.40503627127814
2.50525513085209,1.99270839788263,-0.676835348817425,-0.397192384749047,-0.215254885026928,-0.640797329587279,-0.571320682308039,-0.0242459224049059,-0.922657803843384,-0.856485253582005
1.15063392698334,1.83681848278863,0.464258268390585,-0.238317156182218,-0.129153866044938,-0.384481181261536,-0.342794891099843,-0.0145476587629007,-0.553598690166766,-0.513894872568197
-1.37484058853366,2.54939167410696,0.0753127558449281,0.118171651036657,0.0640420766712571,0.190648364180128,0.169977851771723,0.00721358412574975,0.274506763494264,0.2548192774851
0.499656789671595,2.58670589528762,0.336024996562461,-0.162589374613235,-0.0881138674425601,-0.262308244246056,-0.233868210989897,-0.00992498726586957,-0.377686886931878,-0.350599374742141
2.08738959086223,-1.02070949081887,0.339907149858091,-0.282221387731268,-0.152947374372791,-0.455312635776929,-0.405946644476639,-0.0172277166699974,-0.655585997617465,-0.60856770199661
-0.243040169940752,-2.56177116732097,0.395960058395895,0.0984506586100589,0.0533544599887608,0.15883214672732,0.141611218166513,0.00600975023949548,0.228695896366401,0.212293942539275
-1.59509131306564,-2.25413380438403,0.0685492989578185,0.295838486285209,0.160327039986171,0.477281335895904,0.425533450104368,0.0180589489080662,0.687217828259023,0.637930913769646
0.741685795957856,2.43401467024096,0.635470671827592,-0.20364528156177,-0.110363751552163,-0.328544447523285,-0.29292294031315,-0.0124311741223123,-0.473057680518133,-0.439130223328456
-2.49398032301719,-0.487392468570933,0.82913596704511,0.344426429706903,0.186658844362379,0.555669103613129,0.495422244687288,0.0210249159085681,0.800085161299788,0.742703458864764
-1.1614727922592,3.27595615695052,-0.0664409391659841,0.0704887200495402,0.03820073574559,0.113720668643507,0.101390825151817,0.00430286204460365,0.163741728527175,0.151998254710865
1.8855010084196,1.93286740175473,-0.234750817033332,-0.321970127518428,-0.174488850849628,-0.519439963711891,-0.46312114733231,-0.0196541097670886,-0.747920308056813,-0.694279842468992
1.01595311807301,-2.63522109193709,-0.0681780274881063,-0.0640881842548522,-0.0347320222216216,-0.103394573777023,-0.0921843080639612,-0.00391215240316408,-0.148873607872045,-0.13819646813674
-1.34811952691047,2.65193087369841,0.0345677882866212,0.112678770487412,0.0610652588457048,0.181786605186631,0.162076904060416,0.00687828072948605,0.261747080028672,0.242974712053441
1.95548679066334,2.52501571586899,-0.344408485010422,-0.34606364429318,-0.187546118265569,-0.558310450162385,-0.497777210669597,-0.0211248568423403,-0.8038883279077,-0.74623386429029
0.211685561787285,2.98708421307835,0.66280783797359,-0.14499740939849,-0.0785800581473744,-0.2339268231397,-0.208563965602673,-0.00885111616480105,-0.336821642245527,-0.312664964701839
2.18548318940616,-0.979480185047565,0.502946527232699,-0.303490656843296,-0.164474065853064,-0.489626714728549,-0.436540315976546,-0.0185260624296351,-0.704993433111619,-0.654431661247563
2.14893813600699,-0.171906592901409,-0.066756697430332,-0.302174707461747,-0.163760898774079,-0.4875036708789,-0.434647457182125,-0.0184457325748369,-0.701936549311805,-0.651594015605215
-2.85121647304039,0.89524246773946,0.336270888230579,0.37176444904047,0.201474441122193,0.599774002039678,0.534745193611579,0.02269371803297,0.863589996357675,0.801653759324664
1.58189764323251,1.81878188075316,-0.674590310524334,-0.258886072974542,-0.140301007806121,-0.41766536972817,-0.372381177311128,-0.0158032527260497,-0.60137924267417,-0.558248628056011
-0.35589687810883,2.54237377714456,-0.345514844296408,-0.0133372086840388,-0.00722798178438593,-0.0215171489611518,-0.0191842126335431,-0.000814146844873561,-0.0309816606418351,-0.0287596716363091
-3.10197511230268,-0.118546698554072,0.0668486260397436,0.448371065193049,0.242990716321286,0.723364778056962,0.644935987519307,0.0273700364677038,1.04154328784354,0.966844330898578
-0.226835379250139,3.00837946571733,0.0746219890548659,-0.0612210288140213,-0.0331781927967188,-0.0987689424191683,-0.0880601977697175,-0.00373713185642044,-0.142213350918765,-0.132013881437978
-1.06289733165398,-2.30675749979488,0.969545449119827,0.188231208180987,0.10201023139222,0.303676656901598,0.270751369912528,0.0114902486628021,0.437251568316915,0.405892107354475
-1.14311366249223,-2.61983282405751,0.0571373537601064,0.242182189899123,0.131248486738341,0.390716706864884,0.348354347386199,0.0147835930637349,0.562576967842641,0.522229232717669
0.842607587337054,-2.98741801872388,0.635590138913521,-0.0537887463176993,-0.0291503333118391,-0.0867783127916881,-0.0773696184183847,-0.00328344102140854,-0.124948534902887,-0.115987289280182
0.350011096953646,-2.33655052891966,0.322579701830535,0.00877075309128296,0.00475323173543854,0.0141500073394269,0.012615832611275,0.000535395458344938,0.0203740154544217,0.018912801387768
2.27503356437266,-1.61399483820598,-0.472673197088892,-0.261986790456629,-0.14198141410477,-0.422667810758305,-0.376841242749264,-0.0159925306637868,-0.608582052426346,-0.564934855941797
1.26808309801655,-2.01326269002771,-0.442074758225539,-0.105818040760734,-0.0573471473077663,-0.170718071507032,-0.152208444998561,-0.00645947934511623,-0.245809952164605,-0.228180586925832
0.836073714912218,-1.91524034086648,-0.352254242243365,-0.049749514663229,-0.0269613075934092,-0.0802617506491276,-0.0715595961887535,-0.00303687310865361,-0.115565604235969,-0.107277297647182
-1.14986994242619,-2.39505376444101,0.764385424932507,0.210843066570141,0.114264527206269,0.340156758306186,0.303276218976052,0.0128705504636045,0.489777770739793,0.454651157150032
1.4951119779767,2.84009701708201,0.573577979062268,-0.322344034027699,-0.174691486161266,-0.520043193536671,-0.463658973660805,-0.0196769342434848,-0.748788873950653,-0.695086115256953
-0.271579259920103,-3.00719197036872,0.240139166002492,0.121690080852705,0.0659488584591485,0.196324707728074,0.175038753743515,0.00742836059071369,0.282679897853581,0.262406238788781
1.06199499699135,-2.87831002489805,0.578693350261721,-0.0866736580921208,-0.0469720191621258,-0.139832108528675,-0.124671205644113,-0.00529084360461406,-0.201338520316483,-0.18689862364006
-1.89810809165187,-1.69707672263614,0.239876447398894,0.316452237742083,0.171498479495583,0.510537856900672,0.455184226401879,0.0193172797257961,0.735102529422639,0.682381348424811
-2.08535827831612,0.901855754661891,0.47366911414389,0.25620324770655,0.138847074481156,0.413337121419569,0.368522207145848,0.015639484296011,0.595147175381576,0.552463521472396
0.35165562267092,2.67248624652703,-0.833152370567812,-0.101705476005838,-0.05511837936691,-0.164083199807875,-0.146292940593088,-0.00620843494003439,-0.236256672417529,-0.219312463562402
1.25295815321872,-2.76049809730859,0.351483865128157,-0.109585016418072,-0.0593886263067451,-0.176795398350465,-0.157626854780379,-0.0066894278612407,-0.254560445931818,-0.236303499713172
0.791822014247132,-2.71299252033821,0.124330332505397,-0.0363585584049208,-0.0197041977885374,-0.0586578897987602,-0.0522980731585788,-0.00221944533603514,-0.0844590906998151,-0.0784017275028822
-2.97961951090966,2.05402582817864,0.0693942147939361,0.36475506131452,0.197675765701939,0.588465635844116,0.524662905199424,0.0222658420780555,0.847307543486385,0.786539075724403
2.48326894241879,-0.722681278747979,0.165186025110967,-0.34203125218458,-0.185360799178274,-0.551804922377223,-0.491977026428214,-0.0208787064378379,-0.79452128515962,-0.737538621102639
1.02973762670246,2.34459676946712,-0.0939855566536711,-0.216162537583396,-0.117147367274026,-0.348738752702339,-0.310927734779234,-0.0131952683745585,-0.502134632631291,-0.466121791166816
2.24299807942234,-2.21486012940851,-0.999885772203034,-0.220140552500926,-0.119303217125602,-0.355156552826634,-0.316649702984517,-0.013438099417447,-0.511375359917095,-0.474699778173153
1.18617965819895,3.2642633408762,0.610168169283236,-0.291990149803822,-0.158241468211251,-0.471072748230801,-0.419998011086105,-0.0178240338611057,-0.67827833741604,-0.629632558681061
2.72127139476294,0.784430121370994,-0.908261909844918,-0.383348518004138,-0.207752324406622,-0.618462780431952,-0.551407693796238,-0.0234008474946883,-0.890499202173244,-0.826633050531688
0.107704021261078,-3.10598152767276,0.0144202255810463,0.0781450804262804,0.0423500322474885,0.126072806982898,0.112403717650244,0.0047702313264083,0.181527066116414,0.168508036898483
2.14504496996093,-0.45024219050039,0.526392895206408,-0.314555888793068,-0.170470770026155,-0.507478444411528,-0.452456522102791,-0.0192015203828785,-0.730697406807502,-0.678292158971939
2.42904718502826,-2.08361418734487,-0.209282586680507,-0.279443321760196,-0.151441826194725,-0.450830733998261,-0.401950680286408,-0.0170581344359048,-0.649132690992715,-0.602577223253658
2.48423849162258,1.69760149336685,-0.0755033021100052,-0.406891391987544,-0.220511175852637,-0.656444905363445,-0.585271713712405,-0.0248379815327711,-0.945188106693442,-0.877399694525798
1.30569038865939,-2.35198120502396,0.0500468913401398,-0.118708745034174,-0.0643331499927085,-0.191514867196201,-0.170750406636587,-0.00724637010022446,-0.275754405662729,-0.255977439389314
-2.05976216878386,2.1178374325805,0.3324565779718,0.220728266031984,0.11962172325365,0.356104721209827,0.317495068878875,0.0134739753738286,0.51274058869961,0.475967093439028
1.64297879823734,-2.38244179922191,-0.24023929651293,-0.155944165235172,-0.084512555243288,-0.251587413264613,-0.224309755939574,-0.00951934194855903,-0.362250401927976,-0.336269986622398
0.435621094024714,-3.18516431647228,0.252926390998085,0.0246750814539576,0.0133724412283422,0.0398087347848694,0.0354925847362065,0.001506247685603,0.0573189651618056,0.0532080780189233
-0.340998140690376,-2.91966298035741,0.0909402833093761,0.134421887929567,0.0728487482197403,0.216865151827546,0.193352157991592,0.00820555174118065,0.31225524120745,0.289860453500559
-0.388468060298372,2.84388920588997,0.366780542516735,-0.0434638699648247,-0.0235548582786018,-0.0701210115712201,-0.0625183382096832,-0.00265317679554678,-0.100964369781704,-0.0937232563308039
-0.183117760062214,2.51302121117378,-0.195383737436303,-0.0427674612149615,-0.0231774457421599,-0.0689974833155223,-0.0615166253435403,-0.00261066572746084,-0.0993466475080705,-0.0922215562790767
-1.08506372384122,-1.82690518608999,0.721172008428469,0.185828724538247,0.100708226721048,0.299800688575524,0.267295642545369,0.0113435932025828,0.431670720428855,0.400711515049617
-1.06745034935076,2.77549869537543,-0.171750418882775,0.0759075523976414,0.0411374238062327,0.122462964396076,0.109185262087928,0.00463364529645342,0.176329401769837,0.163683146405639
1.10784383653411,2.02265966668832,0.394568686668523,-0.235271939699861,-0.127503538020129,-0.379568280952174,-0.338414658181795,-0.0143617687877341,-0.546524806427492,-0.507328324186984
1.74532382215816,-2.02356128723032,-0.185974039350159,-0.183538052564728,-0.0994668173908931,-0.296105107945199,-0.264000744845653,-0.0112037630923955,-0.426349605388476,-0.395772027684189
-0.643040698921137,3.2476535431872,-0.0274972926186792,-0.00479494757098434,-0.00259857924706816,-0.0077357716738177,-0.00689704239827478,-0.000292699284290488,-0.0111384204865453,-0.0103395786121169
1.73787020746785,-1.23782472192952,0.56868287475052,-0.2334972975279,-0.126541786457519,-0.376705220107028,-0.33586201665223,-0.0142534388245979,-0.542402402494638,-0.503501576975732
0.778238642722498,2.2171639788002,-0.144038472459677,-0.174237084544176,-0.0944262403839397,-0.281099695709232,-0.250622252206665,-0.0106360015804036,-0.404743927492909,-0.375715898061579
-1.81874017402463,-0.684564693044185,-0.325384191146668,0.294682876899193,0.159700767743615,0.475416971328408,0.423871224018846,0.0179884067310769,0.6845334061524,0.635439017056547
-1.41747916692344,-1.2651976057935,-0.384240749904473,0.256566435077122,0.139043900650784,0.413923057872882,0.369044615088014,0.0156616544411181,0.595990841258825,0.553246680060341
-1.90401649830023,2.38350241783138,0.580768798568012,0.181267450791015,0.0982362849272575,0.292441906914619,0.260734716078693,0.0110651581328552,0.421075112406289,0.390875818666559
1.81936550801848,2.68285842273395,-0.774910143353888,-0.315707191322182,-0.171094708205867,-0.509335860652449,-0.454112553214495,-0.0192717996552344,-0.733371824303554,-0.680774768600069
-0.0506474820471849,3.3657085881402,-0.861669005732892,-0.063703352933671,-0.0345234663052035,-0.102773718764633,-0.0916307675092256,-0.00388866104051313,-0.147979664193151,-0.137366637645613
1.00187407031812,3.0549456426332,0.164132266214023,-0.242992878090347,-0.131687832002991,-0.392024604115715,-0.349520439557985,-0.0148330801227363,-0.564460155473715,-0.52397735908589
-0.958743779867856,2.94929346040632,-0.0147344495181482,0.0493052765065079,0.0267205566701256,0.0795450535636397,0.0709206049679991,0.00300975535843802,0.114533661485298,0.106319365307793
1.59256614543538,1.71973848205834,-0.323774748859758,-0.270067479260411,-0.146360671628792,-0.435704525472665,-0.388464488355578,-0.0164858023407816,-0.627353083472046,-0.582359638150543
1.84157589277639,1.85125315121305,0.197331470141701,-0.328739469101238,-0.178157435394713,-0.530361059321691,-0.472858153882198,-0.0200673325202207,-0.763645145888755,-0.708876902898032
2.46490813498774,-0.00384152408957375,-0.927317146818225,-0.321798756021612,-0.174395977589061,-0.519163487118321,-0.462874646935402,-0.0196436486903566,-0.747522220744555,-0.693910305777094
-2.42080539199567,0.53491146405745,0.998054618790329,0.296785544122315,0.160840289569163,0.478809240650083,0.426895696085045,0.0181167604163254,0.689417795674431,0.639973100636553
2.5156467302224,0.615658232446828,-0.0549274198226511,-0.379350105297148,-0.205585420154222,-0.612012072201867,-0.545656385453934,-0.0231567713040087,-0.88121109185506,-0.818011078780049
-1.08162858326364,-2.27941026013594,0.381529436559783,0.211300347701663,0.114512346653898,0.340894497848034,0.303933971184048,0.0128984643996663,0.490840011660692,0.455637214690228
-2.52455374139765,0.242898494754257,-0.100621335480993,0.36020521413463,0.195210016434827,0.581125288861517,0.518118414682934,0.0219881045233753,0.836738478801338,0.776728019004144
1.4345632457543,-3.13936109791478,-0.0120956786854714,-0.111169001271398,-0.0602470528289515,-0.179350868452841,-0.159905255227909,-0.006786119477996,-0.25823996256458,-0.239719123277123
-2.58003338822243,-0.244226987547594,0.178298777071921,0.372920630575399,0.202101023435771,0.601639289664889,0.536408242674881,0.0227642951358004,0.86627574753726,0.804146889790285
-2.66723598006408,0.61624651662202,-0.205370403108115,0.373228638541748,0.202267945617387,0.602136204233009,0.536851280679252,0.0227830969495786,0.866991234451686,0.804811062345683
-2.36080743579175,-1.05885874173957,0.204575622247032,0.36507381348749,0.197848510610903,0.588979884226215,0.525121397647771,0.0222852997533508,0.848047988648919,0.787226416534999
2.92074942821048,-0.777122129387213,-0.141108207332292,-0.392406212662042,-0.212661061575458,-0.633075715553224,-0.564436262547275,-0.0239537588048626,-0.911539768361907,-0.84616459797272
2.44476564273514,-1.13336416786998,-0.0342388631393407,-0.31683689552128,-0.171706941362464,-0.511158431934783,-0.455737517334194,-0.0193407604948767,-0.735996069972289,-0.683210804698918
1.58685834170072,2.33769950042338,-0.747849198285818,-0.272696862979737,-0.147785642781129,-0.439946555608436,-0.392246588310803,-0.0166463085238792,-0.633461008752305,-0.588029506124056
2.12159626579791,-1.7926322652412,-0.972433530661658,-0.216433169725076,-0.117294033959438,-0.349175368207438,-0.311317011476814,-0.0132117886457404,-0.50276329739698,-0.466705368413999
0.995744344946428,-2.07819203927644,-0.583012986840266,-0.0595073247459856,-0.0322494660982745,-0.0960041940688343,-0.0855952094793634,-0.00363252175448,-0.138232503116635,-0.128318538023467
2.48062688496801,-1.96219771363017,-0.413103672689091,-0.283213396475366,-0.15348498470057,-0.456913060605182,-0.407373547746428,-0.0172882721286565,-0.657890383714397,-0.610706818690101
-2.52299127019113,0.601872064513467,0.0068497001460021,0.345219403622109,0.187088589532481,0.556948422116724,0.496562856682088,0.0210733216302169,0.801927199564372,0.744413387078213
1.88050287360288,-0.75537051112136,-0.364554012211302,-0.23504687720499,-0.127381567400053,-0.379205183744772,-0.338090928767362,-0.0143480302368544,-0.546001997644598,-0.506843010985138
-1.7139454804549,2.9099533869377,0.360499547343919,0.14584215518073,0.0790378606209736,0.235289666089927,0.209779046141013,0.00890268221056244,0.338783943936531,0.314486531109691
-2.20257219063763,-1.41506319877533,-0.0929704779723326,0.36379120002781,0.197153409638683,0.586910621794674,0.523276489172537,0.0222070048322673,0.845068542508137,0.784460654762009
0.630074870368311,2.21756447580999,0.166239823998283,-0.164075310733922,-0.0889191573249881,-0.264705530635812,-0.236005578348724,-0.0100156936672614,-0.38113864132196,-0.35380357105607
2.4993026618841,1.04541892589572,0.670347416373772,-0.41617316207572,-0.225541348710656,-0.671419345243766,-0.598622592086252,-0.0254045711401732,-0.966749188763901,-0.897414426713284
-2.63770214374354,-0.579214133588358,0.392151484323133,0.383683596691753,0.207933917325185,0.619003368661911,0.55188967026856,0.0234213017938425,0.891277573002846,0.827355596999724
1.91859803622703,0.886087888928194,-0.509509554030322,-0.285091777090032,-0.154502956390794,-0.4599434844704,-0.410075406431566,-0.01740293462567,-0.662253766798402,-0.614757262149867
-2.03285382351075,-1.17253181402296,-0.0362227783140246,0.329923559219873,0.178799142517344,0.532271372346678,0.474561346593005,0.0201396132542911,0.766395727295552,0.711430213999813
-0.632531267490443,2.51761028624485,-0.648344715310763,0.0382109458924386,0.0207080827343751,0.0616463785033266,0.0549625433848552,0.00233252112754245,0.0887620930652306,0.0823961207186062
-2.53710491888592,0.127494517685165,0.65925605663649,0.338120552532379,0.183241430236845,0.5454957231323,0.486351884357556,0.0206399845389373,0.785436927827669,0.729105789276283
-2.0621491897297,-2.24604897906569,0.8615230919108,0.334338228318834,0.181191633224156,0.539393634198232,0.4809113972451,0.0204090990967359,0.776650780141332,0.720949779650835
-1.41782850949337,2.2901022783748,0.0886466459328271,0.13175135914291,0.0714014788636163,0.212556741644513,0.189510875058939,0.00804253392858518,0.306051738018549,0.284101862417591
-0.0567958672920624,-3.71351869588972,0.208587338011168,0.113284001507104,0.0613932584211269,0.182763034836578,0.162947467073206,0.00691522601067459,0.263153001050546,0.244279801131884
0.655460817870401,-3.18093587507559,0.148252248166967,-0.00337208158285967,-0.00182746966278944,-0.00544023741747254,-0.00485039498412081,-0.000205842890096406,-0.00783317482178765,-0.00727138349195579
-1.555843219686,-2.32295472476656,0.548201818820205,0.274975865712708,0.149020728070016,0.443623310051583,0.39552470099971,0.0167854263054527,0.63875501673759,0.592943830538649
-0.18725532132194,-3.51451164187863,0.71168230602048,0.107919471207058,0.0584859988731135,0.174108345515352,0.155231138087642,0.00658775753346332,0.25069146871674,0.232712003583887
1.47912542484099,-2.76381038281232,0.618148192250075,-0.151702545095822,-0.0822138468831048,-0.244744334286308,-0.218208618543307,-0.0092604195806623,-0.352397333055612,-0.32712357485787
2.73979038993275,-1.68576704902398,0.552348872101622,-0.363762687631272,-0.197137957598628,-0.586864622253234,-0.523235477001937,-0.0222052643423169,-0.84500230965428,-0.784399172094876
-1.50114266451707,2.79352330987415,0.602933830043216,0.109955169038039,0.0595892272314175,0.177392571960841,0.158159281522477,0.00671202318795465,0.25542029173083,0.237101677807088
-2.77529031050498,0.612048596066562,-0.457613322769998,0.398026665432732,0.215707016033317,0.642143289013388,0.572520709870855,0.0242968496268195,0.924595795640191,0.858284253588957
-2.7235438917216,2.50988213152904,-0.099926968623805,0.320118587247915,0.173485425045521,0.516452841837141,0.460457895741173,0.0195410856924785,0.743619273733613,0.690287276148493
0.564465044879185,-3.00017008249283,0.216122299043311,0.00181739987163365,0.000984923718171562,0.00293204257999791,0.00261414411392683,0.000110940032987179,0.00422172790479408,0.00391894771824374
2.47086255155931,-2.69128226873564,0.0661892978776036,-0.276974243815525,-0.150103731333117,-0.44684732793551,-0.398399163816846,-0.0169074138416618,-0.643397147912282,-0.597253030417255
-2.42083439301698,2.32838263885662,-0.225076694441648,0.28649529800729,0.15526358208574,0.462207808990034,0.412094227936889,0.0174886101334595,0.665514074842787,0.617783742553023
0.641149811660804,-2.74044276151458,-0.839893264743545,0.0209555818608895,0.011356691460709,0.033808001895328,0.0301424644243613,0.00127919726373857,0.0486787558886473,0.0451875401775952
-3.11450319239583,-1.48947191542494,0.305959604732596,0.483131676020755,0.261828920613423,0.779444671449909,0.694935576277981,0.0294919378566446,1.12229042720979,1.04180032633702
-2.08120456898568,-1.9771833458121,0.291436086064724,0.349483483113434,0.189399469538981,0.563827735155205,0.502696299562517,0.0213336149904241,0.811832440374479,0.753608229035541
0.878858369932976,2.07975584383547,-0.684787472008822,-0.16508141428641,-0.0894644062089842,-0.266328694861708,-0.237452755560955,-0.0100771095191296,-0.383475768945302,-0.355973081070285
-0.0962596603067304,-2.816072263896,-0.0975630504170203,0.102794092279924,0.0557083452874923,0.165839483231637,0.147858803928749,0.00627488763833292,0.238785472916337,0.221659899770558
-0.494703564745244,-3.2754832256415,0.148575707796429,0.165293120677612,0.0895791386073061,0.266670244436542,0.237757273584246,0.0100900327697527,0.383967552175459,0.356429593856318
0.502045501005022,2.68847408938241,0.90252320591551,-0.186442366730766,-0.101040784656876,-0.300790688115764,-0.268178304171283,-0.0113810519292742,-0.433096180179432,-0.402034741549039
-2.49505628021777,0.452165027691009,0.211523924538889,0.338353688431842,0.183367776166831,0.54587184530267,0.486687226539998,0.0206542159168418,0.785978490720751,0.729608511553036
0.914183232965141,2.94623073424536,0.160948440435681,-0.22693956308325,-0.122987880521451,-0.366125513945416,-0.326429385360268,-0.0138531332633585,-0.52716911733306,-0.489360815308564
3.28173893360037,-0.432216171012905,-0.611252809023067,-0.437957810241683,-0.237347345291581,-0.706564894118193,-0.629957583722313,-0.0267343773230985,-1.01735382371179,-0.94438972287967
-2.15813868434245,-1.29232849989841,-0.269501219244886,0.360027531683121,0.195113723008418,0.58083863069582,0.517862836622206,0.0219772582053254,0.836325731460791,0.776344873693758
1.38974919908557,-2.64036306099028,-0.551567758826117,-0.100392985617468,-0.0544070868585551,-0.161965736411622,-0.144405057207106,-0.00612831623349444,-0.233207823683774,-0.216482276715246
-2.25670139807974,1.2013849504265,-0.100391367213769,0.292515903201575,0.158526395595388,0.471920955261542,0.420754253656363,0.017856127568275,0.679499635945315,0.630766266298542
2.44360233404633,0.265804437856243,-0.560972247478236,-0.340111371565453,-0.184320336929239,-0.548707545838546,-0.489215474224833,-0.0207615106448031,-0.790061499665987,-0.733398689165224
-0.0895450430926135,-3.19377106536277,0.494262060201103,0.0919447029424785,0.0498286151010243,0.148335976160422,0.132253065357474,0.00561260542417991,0.213582890682909,0.198264833966961
-1.14953179103887,-2.75898504470027,-0.876680479605105,0.280991748954986,0.152280982559714,0.453328838316421,0.40417793467345,0.0171526554968719,0.652729608984633,0.605916172109441
2.41003822495633,-0.402611770251885,-0.455870008190208,-0.318791346336261,-0.172766138622087,-0.514311581167089,-0.458548795233839,-0.0194600665657475,-0.740536160280942,-0.687425282030703
-1.19415660113872,-1.41970301282942,0.269527433252012,0.20548887172861,0.111362868868198,0.331518743358566,0.295574756492056,0.0125437128965889,0.477340247152935,0.443105646453814
-2.71911059867286,1.50973543861724,-0.0261345305030967,0.347149600112574,0.188134642376361,0.560062441428677,0.499339247212883,0.021191147137782,0.806410948304933,0.748575563630626
2.68598724154659,-0.173920170868178,-0.0379289963663873,-0.380574791183466,-0.206249127792575,-0.613987879079513,-0.547417971030722,-0.0232315301365296,-0.884055975175223,-0.820651928509744
1.60042889757058,2.50662628097153,0.491349898834902,-0.32444954820934,-0.175832550870696,-0.523440055905661,-0.466687540786089,-0.0198054617163938,-0.753679876813211,-0.699626337872053
-1.73752892521279,-1.7093820112291,-0.429583356039704,0.317810256815148,0.172234445870219,0.512728772509738,0.457137598151193,0.0194001776521768,0.738257138986273,0.685309710988707
-1.82467398131145,-2.11748169043599,0.880908879068042,0.295505620141749,0.160146646136261,0.476744317201615,0.425054656150855,0.0180386296698445,0.686444597057491,0.637213138318158
-1.96128417123515,-2.49919445054401,-0.20711194877741,0.365998816047476,0.198349807532356,0.590472206821159,0.526451919364701,0.0223417649353505,0.85019672277202,0.789221044535367
2.13800062588516,2.65654971037115,-0.477300158172685,-0.371573251891333,-0.201370823525443,-0.599465540379041,-0.534470176038496,-0.0226820467335695,-0.863145855058652,-0.801241471614599
-1.35471976776481,-2.10153883028342,0.52443734243149,0.240123648028839,0.130132878255839,0.387395625736515,0.345393345133767,0.0146579329343603,0.557795079281619,0.517790298781678
0.876636799152716,-1.97176584011407,-0.173917284799498,-0.060312066538931,-0.0326855887651939,-0.0973024978926916,-0.0867527483645005,-0.00368164582587947,-0.140101877565516,-0.130053841883924
2.93941002048531,0.308272638824257,0.156889176165708,-0.438754831047312,-0.237779283638002,-0.707850741539954,-0.6311040167557,-0.0267830300801764,-1.01920526269798,-0.946108377599727
-2.34854480084051,-1.5879454451669,-0.359453826697775,0.399684467434625,0.216605447103541,0.644817849595582,0.574905288748044,0.0243980472837837,0.928446785772441,0.861859052659883
2.58864275253879,-1.33554748963026,-0.567835911233675,-0.312210745309892,-0.16919984034516,-0.503694983954531,-0.449083272699319,-0.0190583651535621,-0.725249757207543,-0.673235212041441
1.38999655432119,-2.00650452447127,-0.637280504957399,-0.116561015353238,-0.0631692069683959,-0.188049897833587,-0.167661116826812,-0.0071152656551491,-0.270765338332263,-0.251346185440264
2.4941356828609,-0.235728785072341,0.35367567420065,-0.365160203060923,-0.197895328672908,-0.589119258016061,-0.525245660226646,-0.0222905732554986,-0.848248667254954,-0.787412702573075
2.37276449237492,-1.55429001376911,-0.257730846700486,-0.285635179967363,-0.154797448753625,-0.460820165711165,-0.410857035975751,-0.0174361057148053,-0.663516064175321,-0.615929028198409
1.65320576084593,-2.72431540083701,-0.668632381901558,-0.131607182258467,-0.0713233434816807,-0.212324138588445,-0.189303491334689,-0.00803373289994765,-0.30571682241424,-0.283790966790751
2.34985949009671,-0.770852327091815,0.786593381419912,-0.343739798627014,-0.186286730747334,-0.554561349841157,-0.494434596000861,-0.0209830017014407,-0.798490152058557,-0.741222842878263
-1.53478637950201,2.55691910861088,-0.0933616156652684,0.147082186482589,0.0797098845709802,0.237290229991318,0.211562704530913,0.00897837777744381,0.34166447388021,0.317160470905123
1.14016343040834,2.4252294301685,-0.249505403195918,-0.228920432159833,-0.124061394923301,-0.369321284215127,-0.329278663231271,-0.0139740519913333,-0.53177057592612,-0.493632259622488
-1.10338585856504,-2.29488718043762,-0.212980529079212,0.236338514449453,0.128081558732286,0.381289004404049,0.339948817035455,0.0144268759992784,0.549002405580646,0.509628231184057
-0.0905686594938601,-2.97243412268713,0.17242831988516,0.0969822201807206,0.0525586528247437,0.156463089665015,0.139499019449745,0.00592011195441956,0.225284788227587,0.209127477348065
0.0880827683382414,3.69148988848504,0.200260002376415,-0.131865390361907,-0.0714632770699197,-0.212740710178223,-0.189674897322063,-0.00804949476719568,-0.306316626768006,-0.284347753480134
-2.76194955327277,1.29262001868808,0.759782453695094,0.331577033150997,0.179695228028057,0.534938950377602,0.476939699982397,0.0202405467116581,0.770236663538495,0.71499568024128
-0.224624296293606,2.68967959259354,-0.374086285073657,-0.0356988594408677,-0.0193466797944566,-0.0575935860740959,-0.0513491635703478,-0.00217917515335494,-0.0829266434003646,-0.0769791865473909
1.01593303921844,3.60074716975908,0.220504999156199,-0.263603825072371,-0.142857751652167,-0.425276600612803,-0.379167181904832,-0.0160912397461478,-0.612338341984218,-0.568421746315562
-3.02864982015084,-0.292558809474735,0.867386060215718,0.414217846904273,0.224481683020723,0.668264801530255,0.595810070898103,0.0252852123061563,0.962207090598931,0.89319808552762
-3.0042215642872,0.189731150156661,-0.543072704216708,0.446917775984644,0.242203119142997,0.721020161494254,0.642845579409742,0.0272813229406276,1.03816737057809,0.963710532709129
-2.17314303225051,-1.6216539987313,0.749166430689692,0.335454427941791,0.181796547695662,0.541194418314799,0.482516936411171,0.0204772355728763,0.779243655363295,0.723356695175463
0.855056646858735,-2.71498513913112,0.927711276274724,-0.0743762477663871,-0.0403075468624688,-0.119992484205192,-0.106982636759896,-0.00454016945277348,-0.172772258626267,-0.160381119766232
2.28746514621667,-0.690873175245429,0.620280296554534,-0.331174733094648,-0.179477205085773,-0.534289912753267,-0.476361032436112,-0.0202159890002713,-0.769302140872076,-0.714128181067055
-1.45096489834548,3.0455069526352,-0.715014182711608,0.142592216512204,0.0772765852257266,0.230046483944254,0.205104341265354,0.00870429532349371,0.331234500921852,0.307478530323381
2.49512272401017,0.239719086627442,0.378632906511469,-0.380620602609182,-0.206273954887842,-0.614061787443296,-0.547483866088137,-0.0232343266158073,-0.884162392798182,-0.820750713914697
-0.0795945275209824,-3.68297062599623,-0.561847065014023,0.143418671113831,0.0777244749564562,0.231379817417105,0.206293111808365,0.00875474481575896,0.333154313126194,0.309260654569028
1.62362080141562,-1.54212530893096,0.424516987731304,-0.202601497831036,-0.109798082230245,-0.326860493215491,-0.291421564012591,-0.0123674581491099,-0.470633023748102,-0.43687946171361
-0.430044157404552,-3.25079216146153,-0.321645620939032,0.172174542626241,0.0933084641111421,0.27777216123495,0.247655496294192,0.010510097275036,0.399952747023678,0.371268338628327
-2.25384748031592,-2.66375605208016,-0.0833219562860264,0.408703051014807,0.221492988371192,0.659367686140136,0.587877600207986,0.0249485711258392,0.949396498907365,0.881306262982164
-2.21082169158984,1.44636618452057,0.0725748935375846,0.272237046233559,0.147536449179658,0.4392047253157,0.391585188880072,0.0166182398056046,0.632392877726913,0.587037980914676
2.4518419951839,-1.75828289310189,-0.405904371961673,-0.285507158373347,-0.154728068587843,-0.460613626263971,-0.410672889986925,-0.0174282908579403,-0.663218676492889,-0.615652969009901
1.77913226397547,2.44533601922839,0.379268518895969,-0.34431247743599,-0.186597088941289,-0.555485262447727,-0.495258335982922,-0.0210179598892069,-0.799820455942736,-0.742457738041818
2.16027439543214,1.33724764436924,-0.896215534233239,-0.3196732201522,-0.173244062303777,-0.51573432341489,-0.459817280656968,-0.019513899028134,-0.742584708514806,-0.689326909423055
1.23771355891001,-3.57579607170612,0.206498439632103,-0.0774359096077913,-0.0419657034213083,-0.124928689461622,-0.111383647851706,-0.00472694121990796,-0.17987969820338,-0.166978817377595
-2.51565090585892,0.870724648410533,-0.277873659593932,0.346272360601555,0.187659230215061,0.558647175784989,0.498077427764105,0.021137597568527,0.80437316532681,0.746683929415327
-0.586803765903316,3.37490117088181,-0.358287295479387,-0.00483598711538586,-0.00262082026364074,-0.00780198147911544,-0.00695607359174519,-0.000295204472323539,-0.0112337532707632,-0.0104280741773474
-0.081976026951885,3.40980698475072,-0.123116586819307,-0.0871493216413129,-0.0472298007977369,-0.140599504742217,-0.125355399082628,-0.0053198796635804,-0.202443462663108,-0.187924320081363
-0.537646033105939,-2.65327079312588,-0.101139336019294,0.161616915620579,0.0875868519289323,0.26073935936922,0.232469428041045,0.00986562518798686,0.375427913917935,0.348502414128334
-2.3242511473905,1.41207168402328,0.206403307084866,0.284804687510844,0.1543473707433,0.459480317897324,0.409662457390841,0.0173854097386693,0.661586872238458,0.614138196929905
-1.82540228075561,1.86786017439808,0.510217970055279,0.188114992104515,0.101947249121815,0.303489163499615,0.270584204955055,0.0114831544533445,0.436981604254143,0.405641504977518
2.03812070576449,-0.0244754553486069,0.178670000673304,-0.299517765301343,-0.162320992569376,-0.483217180234497,-0.430825717223806,-0.0182835441343506,-0.695764607167932,-0.645864722025116
2.49277539539188,-2.44354698550362,0.150352441442895,-0.290680139599245,-0.157531519816473,-0.468959286157867,-0.41811369519122,-0.0177440665530973,-0.675235250023688,-0.626807719974822
-1.98719225999454,0.429049773656167,-0.35305079209732,0.286193225463274,0.155099876553538,0.461720470141204,0.411659727431389,0.0174701706372756,0.664812375613987,0.617132368837422
2.44917522308628,0.434563814440655,-0.811231718970552,-0.337010627227731,-0.182639916076417,-0.543705061481752,-0.484755370157609,-0.0205722310677101,-0.78285862752953,-0.726712403369326
-2.60024282119039,-0.6485102210757,-0.324875535864956,0.4062338885734,0.220154847717329,0.655384143757343,0.584325962198499,0.0247978453736391,0.943660759545292,0.87598188794134
-1.98973940004256,-1.67521328217399,0.215038362616206,0.329894352063235,0.178783313958224,0.532224251936779,0.474519335080953,0.0201378303539116,0.766327880549152,0.711367233187693
-1.63150639223087,-2.69088717546496,0.463793466148686,0.300084427840659,0.162628090299426,0.484131386689387,0.431640803416371,0.0183181350693372,0.697080935562235,0.647086644013848
0.840180509629342,-3.27282493881072,-0.141057810232986,-0.0167852545917816,-0.00909661963832585,-0.0270799409350511,-0.0241438745411743,-0.00102462684584464,-0.0389912967450025,-0.0361948606959416
1.34355915611884,-2.62698318134042,-0.0282740960744097,-0.11300479068541,-0.061241942596278,-0.182312579198949,-0.162545850820521,-0.00689818206880325,-0.262504408445439,-0.24367772525983
-0.6244291196078,3.07072443939726,-0.895887464313725,0.0291932198498282,0.015821006201594,0.0470979254389371,0.0419914654051344,0.00178204963238533,0.0678143719466771,0.0629507595462914
-1.95330151002048,1.37906898071453,-0.383946413021416,0.253611073804805,0.137442268858958,0.409155122524719,0.364793629713173,0.0154812495218941,0.589125686623995,0.546873890837945
1.72206772182073,-2.034376389184,0.75267456811978,-0.213695979714999,-0.115810638145371,-0.344759412322135,-0.307379843182029,-0.0130447016140146,-0.496404943560476,-0.460803032493425
0.227891666434666,-3.04832586610273,0.510405134358154,0.0411897731775761,0.0223224317234236,0.0664521719749811,0.0592472822226802,0.00251435848894779,0.0956817580599919,0.0888195108455343
-1.15149680721951,-2.71590314049178,0.0427370032828622,0.246823274831877,0.133763681495238,0.398204249288879,0.355030074092555,0.0150669000692939,0.573357973209123,0.532237029841062
-2.45115675266512,0.572904671598381,0.315658156646976,0.32460945084277,0.175919208682619,0.523698029583985,0.46691754439427,0.0198152226961894,0.754051322536379,0.699971143696134
-2.44129237525162,1.54511666519295,0.728781807672739,0.278810946577668,0.151099116081351,0.44981051220192,0.401041073167468,0.0170195321862266,0.647663715454613,0.601213601896948
-2.06522836030409,1.64547388561188,-0.835680378251002,0.277952799568777,0.150634050931998,0.448426048821441,0.399806716333185,0.0169671480857542,0.64567028339247,0.599363137772403
-2.17699160562547,0.157998413445205,0.436564570239503,0.293309044274501,0.158956231355131,0.473200543443571,0.421895106090472,0.0179045434937778,0.68134206250882,0.632476554962309
0.992627521499638,-2.38143071286528,0.794254102460674,-0.0995128703305139,-0.0539301161960299,-0.160545831228985,-0.143139101248333,-0.00607459111746952,-0.231163360423726,-0.214584441324458
-1.8450392273584,-0.285021985473197,0.332169667080444,0.262652695583843,0.142342295473852,0.423742126993112,0.3777990792694,0.0160331796909671,0.610128916328664,0.566370779548701
-0.0751443160161695,2.79089326670473,0.161390860789628,-0.0796216415357418,-0.0431502414258522,-0.128454968505237,-0.114527600012843,-0.0048603654464487,-0.184957042829983,-0.171692017419825
-2.2066095183734,1.45564132750233,-0.044102923911884,0.275554802872987,0.149334477921873,0.444557319364323,0.396357442980986,0.0168207665234539,0.640099858455045,0.594192220889442
-0.271123130636201,-3.6027534826411,0.144971456141081,0.143116093612551,0.0775604957671501,0.230891663912008,0.205857884973411,0.00873627449533192,0.332451440907233,0.308608191989527
-1.89594586835959,0.837957524305814,0.334659433841018,0.235846346532941,0.127814832701399,0.380494981409856,0.339240883750055,0.0143968324597441,0.547859124424192,0.508566945572943
1.11476134082284,2.97726592331097,0.36708875941635,-0.26422782615085,-0.143195923494232,-0.42628331232255,-0.380064743730301,-0.0161293308131226,-0.613787864902512,-0.569767310184504
1.03109551347462,2.52016767083494,0.723304398455373,-0.251146171006101,-0.136106436680622,-0.405178452297016,-0.361248118764698,-0.0153307837922181,-0.583399842196295,-0.541558701071814
2.5361089589468,-1.75929432714828,-0.995732997717655,-0.276361066610934,-0.149771425393367,-0.445858078568319,-0.397517171028579,-0.0168699834993546,-0.641972768305123,-0.595930806593912
-2.40910228648757,-1.34407903352811,0.0505627329050529,0.386237853555497,0.20931817414542,0.623124195344934,0.555563707914339,0.023577221987931,0.89721098240052,0.832863465281338
-1.91049031363462,1.72926404522031,-0.335569398345189,0.235075349905966,0.12739699792745,0.379251119244676,0.33813188383995,0.0143497683036578,0.546068138287673,0.506904408054799
2.3200427064255,1.40411047162955,-0.0696929104475284,-0.37452973493381,-0.202973063250645,-0.604235285498365,-0.538722774965153,-0.0228625201293135,-0.870013615508783,-0.807616679764541
-0.773240118129219,-2.48394616427401,-0.106177295970908,0.190627250306854,0.103308745140537,0.307542233017324,0.274197831815502,0.0116365109117607,0.44281745288735,0.411058809503266
1.55121527366352,-2.40118432813159,-0.0700823696890698,-0.148281201728158,-0.0803596802335869,-0.239224621981185,-0.213287365512589,-0.00905156959008321,-0.344449725601362,-0.319745965783878
-1.49640285357066,1.55194757298623,-0.123409864909004,0.173108680210597,0.093814711677915,0.279279221522374,0.248999157810767,0.0105671200888045,0.402122701345975,0.373282664925956
-0.243248005129504,-3.39561572846017,0.410992112124004,0.123225808512561,0.0667811324239773,0.198802323667339,0.17724774114649,0.00752210643052744,0.286247315468697,0.265717803019841
2.38329658050125,-2.45450281410701,-0.481868399939516,-0.251773507106164,-0.136446415908012,-0.406190544454644,-0.362150477678126,-0.0153690784398195,-0.584857112200909,-0.542911456409969
3.01105643615968,-0.290910625608132,-0.358084415250637,-0.41234777771518,-0.223468215633767,-0.665247786631364,-0.593120167349849,-0.025171057165747,-0.957863014535806,-0.889165564398978
1.83960639166548,2.01172937716333,-0.0769386604348356,-0.323434616089643,-0.175282517423118,-0.521802648399913,-0.465227664581544,-0.0197435069399044,-0.751322240875147,-0.697437790389059
1.58340812068395,2.03278707888071,0.0363720803778765,-0.291224120998438,-0.157826325704089,-0.469836900737935,-0.418896156880021,-0.0177772729570994,-0.676498891277607,-0.627980733518186
2.20862078655375,-0.0627133561843446,-0.0564883129800241,-0.314460221292551,-0.170418923873975,-0.507324102381787,-0.452318914173312,-0.0191956805257128,-0.730475176046501,-0.678085866488533
-1.17642399923057,2.86338383555244,0.150815085444138,0.0773236034043851,0.0419048400718831,0.124747503925337,0.111222106847343,0.0047200856818918,0.179618816577822,0.166736646050055
-1.31090415446395,-2.03406546562569,-0.66943664933116,0.274800413835115,0.148925643483329,0.443340250509281,0.395272331391762,0.0167747161489309,0.638347450907337,0.592565495123263
2.58416481103731,0.294801938249678,-0.108451542332329,-0.377567967233571,-0.20461960625973,-0.609136918105403,-0.543092961849795,-0.0230479837671288,-0.877071275345426,-0.814168167813201
-2.28754806118814,-1.17199134124859,-0.225782160039944,0.37345798623363,0.202392238561922,0.602506214822709,0.53718117391196,0.022797097082901,0.86752399753032,0.805305615926222
-2.7542290254344,-0.864642259938308,0.493008522049478,0.405502251887197,0.219758343713684,0.654203781663938,0.583273577543573,0.0247531838770863,0.941961204558784,0.874404224177447
-2.8899630472262,0.209792035750337,0.429439387877119,0.394778380166965,0.213946636685009,0.636902774330922,0.56784838324621,0.0240985636688636,0.917050193396425,0.851279818115415
-0.305858081361811,-3.17717758453935,0.0247417299755408,0.139551879773275,0.0756289017345265,0.225141456209186,0.200731127359884,0.00851870322382784,0.324171952579548,0.300922504370209
-1.45653616628405,-1.21943402700075,0.435422303715359,0.231260054219669,0.125329332317959,0.373095836864553,0.332643970631143,0.014116870174908,0.537205399539156,0.498677300439348
-1.99302446406167,-0.610431180357814,0.305977262394593,0.294799070211673,0.159763737677277,0.47560442800485,0.424038356232641,0.0179954995509459,0.684803317335571,0.635689570346402
-2.42926672505398,0.835780566887252,0.0766852595867876,0.32209683556845,0.174557519151908,0.519644383995886,0.463303403922244,0.0196618444409315,0.748214644443035,0.694553069198709
2.17100173971452,2.60884805753697,0.483790967864985,-0.409531754181838,-0.221942096691971,-0.660704647262363,-0.589069605082698,-0.0249991578778919,-0.951321534415319,-0.883093235918735
1.29931638100317,-2.61885581682125,-0.0394832037073142,-0.106469056250443,-0.0576999593700532,-0.171768366032665,-0.153144864295745,-0.00649921946011828,-0.247322228192712,-0.229584403283341
-0.109846597599665,3.4187836805248,-0.548525569349497,-0.0680675677010748,-0.0368886137351671,-0.109814581772277,-0.0979082447580083,-0.00415506698552054,-0.158117514180728,-0.146777406168045
1.7120574440683,0.550901574144082,-0.39153793817924,-0.249404617077552,-0.135162616997637,-0.402368773286046,-0.358743071294154,-0.0152244736436934,-0.579354300577955,-0.537803303648818
1.69643031379356,-1.45917931245457,0.237587392390258,-0.208874388534777,-0.113197619630927,-0.336980656053684,-0.300444476672837,-0.0127503759166634,-0.485204631318375,-0.450406000971106
0.272819678282186,-2.64569107993234,0.401424818129671,0.026431378723383,0.0143242509339641,0.0426421994821352,0.0380188389969417,0.00161345781588115,0.0613987548146913,0.0569952672247778
2.61164153645274,-0.910548045827143,-0.243243848340958,-0.340116419015719,-0.184323072350079,-0.548715688977176,-0.489222734466572,-0.0207618187576779,-0.790073224637453,-0.733409573227677
1.68446480412276,-2.08137598298797,0.473181905095096,-0.196773986104808,-0.106639914010543,-0.317458867968661,-0.283039283527304,-0.0120117277712048,-0.457096008997455,-0.424313314802854
1.04993464720153,-3.12989131876015,0.646099927889239,-0.0797356112262917,-0.0432120062873597,-0.128638837774041,-0.114691533773579,-0.00486732252916148,-0.185221788651971,-0.171937775805583
1.42221119614212,-2.47543799195601,-0.0272486870552395,-0.128976113352381,-0.0698974590573476,-0.20807938971179,-0.18551896741041,-0.00787312384753791,-0.299604982530443,-0.278117464967084
-0.657182277155522,-3.399246121223,0.635069498118641,0.174931310957908,0.0948024702226984,0.282219703164382,0.251620826005152,0.0106783794315534,0.406356580310178,0.377212892235783
2.02505101610996,2.5740881095887,0.0516957091265281,-0.371859971377795,-0.201526208604471,-0.599928109875136,-0.534882592738631,-0.0226995490288996,-0.863811889911929,-0.80185973878562
0.051353808260344,-2.95301853330966,0.0821264798194934,0.0791890499474282,0.0429158022568714,0.127757061029573,0.113905361191341,0.00483395864086532,0.183952154468172,0.170759199142234
3.29884082256628,-0.105418363909709,-0.100675461596104,-0.468740144619321,-0.254029557996906,-0.756226565451887,-0.674234828087858,-0.0286134317043491,-1.0888596282654,-1.01076716735645
1.40267958357787,1.65919873737631,-0.067134371581602,-0.250109147682114,-0.135544431101094,-0.403505404670107,-0.359756466618839,-0.0152674804963572,-0.580990889508925,-0.539322517250776
-2.07019995827255,-2.45260871177016,-0.498399992170605,0.390788558698844,0.211784388378207,0.630465926494786,0.562109432523643,0.0238550119155071,0.907782040091246,0.842676372069919
-2.37822620053198,-1.4853658654338,0.124301780666895,0.383413044175519,0.207787293792076,0.618566881617918,0.551500508104053,0.0234047863832583,0.890649093203038,0.826772191452762
2.77082898627547,0.202102781347385,-0.351871376413259,-0.392891248785065,-0.212923922594209,-0.633858232701893,-0.565133937476075,-0.0239833669963938,-0.9126664827231,-0.847210504950737
-1.65496076035994,-1.17409773152777,-0.536910855131897,0.293543293172842,0.159083180464974,0.473578461234243,0.422232049208138,0.0179188428127746,0.681886210841959,0.632981677252668
-2.71281471074616,1.11608952488429,0.994635824278911,0.321380590835895,0.174169356680831,0.518488854006958,0.462273159020744,0.0196181225195774,0.74655084418571,0.693008595852938
0.167580568911533,-3.9397989339527,0.17073960838224,0.0891640938077506,0.0483216886780043,0.143849971451935,0.128253443086044,0.00544286794705889,0.207123676417721,0.192268871276552
-2.08323100932706,1.89561677155815,0.0655451158775766,0.240472850425511,0.130322125393078,0.387958999990063,0.34589563711919,0.0146792493909149,0.55860625877242,0.518543300890352
1.41358105638729,-3.07624499388322,-0.14233727752028,-0.105362981241483,-0.0571005318431754,-0.169983916130605,-0.151553888352935,-0.00643170102353448,-0.244752871936555,-0.227199319956207
-1.53869951714238,1.25982003217585,0.403867962828557,0.169056760279842,0.0916188096608507,0.272742189164692,0.243170884791486,0.010319777642161,0.392710296455529,0.364545312945808
2.07287690832363,0.239557976359963,-0.359894314712643,-0.293119939318896,-0.158853747604083,-0.472895457154871,-0.421623097924122,-0.0178929999087142,-0.680902781269468,-0.632068778750898
2.43562073517294,1.01615691666295,-0.56436665977871,-0.361593485477755,-0.19596237775852,-0.583365010980005,-0.520115301233224,-0.0220728491472775,-0.839963362856947,-0.779721616009052
-2.14523862999224,1.8345859754142,0.209195054974668,0.24608416747254,0.133363128826643,0.397011834629568,0.353966943637267,0.0150217825384161,0.571641064227091,0.530643256701414
2.18948031689215,-0.711802730141831,-0.344836632887204,-0.281621633903129,-0.152622343112682,-0.454345042574647,-0.405083959844541,-0.0171911057344975,-0.654192799834312,-0.607274423652653
2.64818675075682,2.02602022747869,-0.237744387717088,-0.434637210000335,-0.235547775484563,-0.701207712437513,-0.62518123939044,-0.0265316770224865,-1.00964023744034,-0.937229351107808
-2.69326421503688,-0.911189354540776,-0.380133937618864,0.429602074226196,0.232819028374162,0.693084440990061,0.617938710791076,0.0262243158646056,0.997943871916228,0.926371842993552
-2.16991146200528,1.1125407609247,-0.172089350121557,0.285283133719882,0.154606660416699,0.460252203424024,0.410350653401368,0.017414615660295,0.662698278563048,0.615169893755948
-1.70093045823587,-0.513137642648443,0.362473529472888,0.247703086432924,0.134240487577883,0.399623664529801,0.356295593230164,0.0151206066473377,0.575401731022181,0.534134210379162
-1.30402370599799,-2.6378454431283,0.0604121098032016,0.265807445166625,0.144051983989556,0.428831738943856,0.382336864366375,0.016225755924873,0.617457239915645,0.573173519480647
-2.03811097282611,-2.57051840130154,0.741148135576767,0.345052220804451,0.186997986289379,0.556678703191534,0.496322381272382,0.0210631162441622,0.801538842341768,0.744052882638867
-1.79430454568254,2.06651467969343,-0.0367937562817657,0.197327436061874,0.106939851298997,0.318351758336567,0.283835364769632,0.0120455121669517,0.458381645232012,0.425506745857988
-1.00781537684509,-2.8620275335031,0.266588415431794,0.222471368575514,0.120566382194769,0.358916898628073,0.320002343873917,0.0135803800548773,0.516789727672159,0.479725830215811
-1.8189509104167,-0.763001095729046,0.544991793019003,0.265714616152932,0.144001676130098,0.428681976293897,0.382203339310311,0.0162200893382279,0.61724160281585,0.572973347764405
2.45963312629364,-0.311041226230335,0.157270865689222,-0.350821890038908,-0.190124807284427,-0.565987010148069,-0.504621461240405,-0.0214153157271634,-0.814941491912028,-0.756494300971902
-2.42990156608004,0.815848596803642,0.245562470854257,0.316704740057367,0.171635320882609,0.510945223243938,0.455547425195692,0.019332693293071,0.735689079519345,0.682925831445734
1.58751983799122,2.30090336452911,0.149369639385942,-0.304021337706012,-0.164761663633072,-0.490482871323561,-0.437303646201939,-0.0185584569253838,-0.706226177892576,-0.655575994197354
-2.4445672319271,-1.78023808578187,0.975567326698412,0.371230788201897,0.201185228370738,0.598913037798183,0.533977576995245,0.0226611416297473,0.862350329243649,0.800503000508024
2.71530537284498,-0.347062660072452,-1.03030160782808,-0.343775329367022,-0.186305986316295,-0.554618672197248,-0.494485703341796,-0.0209851706140339,-0.798572688169025,-0.741299459540702
0.808071374273626,-3.10668549159491,0.690506109825214,-0.0471727888673977,-0.0255648739349995,-0.0761046744501702,-0.0678532392788011,-0.00287958133745331,-0.109580000646438,-0.101720978514708
2.00320538329185,1.97415414677087,0.434386047840022,-0.364313216203075,-0.197436311668288,-0.587752799499875,-0.524027356129911,-0.0222388704071514,-0.846281159658754,-0.785586303624911
-1.39693443815949,2.04519389605962,-0.83285422134858,0.169386667732467,0.0917976000745416,0.27327443455199,0.243645422970386,0.010339916272216,0.393476654768018,0.365256708428373
2.26119132969084,2.12530481312339,-0.570096857005761,-0.369876797134299,-0.200451444937887,-0.596728620639858,-0.532029999120437,-0.0225784895859961,-0.859205076532817,-0.797583323728187
-1.95855786285626,1.88751002354827,0.514895928947769,0.206546383026977,0.111935977723466,0.33322484458815,0.297095878496732,0.0126082668454233,0.479796792367686,0.445386009490281
1.37848689108088,-3.35541151435145,0.538515572830194,-0.116382702485877,-0.0630725718937156,-0.187762222607114,-0.167404631977261,-0.00710438085445341,-0.270351126567602,-0.25096168073352
-1.93390222824648,2.22706328613606,-0.541012359064687,0.230760510163265,0.125058608853572,0.372289913816564,0.331925427521792,0.0140863763716669,0.536044983983112,0.497600109299102
1.86385650737157,1.51527842844043,0.345836898225753,-0.327116401640324,-0.177277828400458,-0.527742536573953,-0.470523537094952,-0.0199682551732567,-0.759874842336932,-0.705377003606861
-0.60329287434276,-3.50034565811351,-0.111907396221049,0.197157184827054,0.106847585154469,0.318077089081012,0.283590475755201,0.0120351194746765,0.457986160231665,0.425139624841509
0.300032226124336,-3.20649037994992,-0.106396889062736,0.0578222368512485,0.0313362476807787,0.0932856126847788,0.0831713826318812,0.0035296584773629,0.134318129236522,0.124684901054965
-1.47452612593141,-2.25967579708135,0.0971195453443315,0.277595707157532,0.150440527871441,0.447849945471206,0.399293075367565,0.0169453499969013,0.644840775797211,0.598593122041637
1.0241705842337,2.76498226879527,0.638536845342466,-0.254516193944896,-0.137932790679545,-0.410615368468488,-0.36609555259957,-0.0155365010159469,-0.591228234892129,-0.548825645409467
-1.11775249466973,2.3265101713239,-0.317739276418203,0.102038120039634,0.0552986528464605,0.164619860168809,0.146771415064532,0.00622874061995566,0.237029387669554,0.22002976006802
-2.3708459276304,-0.929469550058096,0.540573859070212,0.350484304010106,0.189941855534578,0.565442376781296,0.504135878213844,0.0213947083717014,0.814157296655766,0.755766347802136
-0.627296371696044,2.53430267142381,0.765451472569181,-0.0140176832324659,-0.00759675892188811,-0.0226149702946592,-0.0201630057781957,-0.000855685237182115,-0.0325623685721236,-0.0302270119946442
-1.27004293723927,1.90681231705359,0.543368831225115,0.10567709972543,0.0572707655655305,0.170490688902229,0.152005715712837,0.0064508758432948,0.245482553274047,0.22787666891784
-2.75558907444737,-0.347374509116946,0.309027328319131,0.396644275166358,0.214957841906933,0.639913054937527,0.570532282648869,0.0242124640030796,0.921384573028174,0.855303338235828
1.64901022473752,-2.38392660550584,-0.485431600573008,-0.147929386917228,-0.0801690173216447,-0.238657033074626,-0.212781315836049,-0.00903009366321695,-0.343632477604481,-0.318987330399305
1.89979938277136,-1.85069059999183,-0.704713547507534,-0.192349266571701,-0.104241976560213,-0.310320391578237,-0.276674776352089,-0.0117416284173842,-0.446817609501909,-0.41477207691196
-1.96190358065556,-2.50824829257263,0.373455536841777,0.345433057787992,0.187204377509991,0.557293114070069,0.496870176380343,0.0210863637793778,0.802423507376517,0.744874099945507
-2.75359549360329,-1.6940200291186,0.401738032882183,0.433852885610607,0.235122717847969,0.699942348362659,0.624053068854711,0.026483799296166,1.00781829158561,0.935538074286752
-1.77855003635368,-1.98597779050635,0.0447167986089752,0.315013296107913,0.170718657857715,0.508216387527108,0.45311445581261,0.019229442021583,0.73175994084587,0.67927848860737
-1.97433752286866,-0.664722051359353,-0.377487855451839,0.318390657296299,0.172548988755825,0.513665142623298,0.457972444970103,0.0194356071960707,0.739605379924041,0.686561256769454
2.77831073520975,0.405006526785279,-0.182122045765843,-0.406242582235884,-0.220159559170494,-0.655398169393075,-0.584338467144144,-0.0247983760632346,-0.943680954483167,-0.876000634508501
2.65415394502684,0.427909960614628,-0.166276334457143,-0.389609740771984,-0.21114553847308,-0.628564119187782,-0.560413823322281,-0.0237830530132682,-0.905043705719061,-0.840134429651631
0.502938374259656,3.12085556821064,0.211778170328641,-0.17478189729839,-0.0947214968170245,-0.281978651528704,-0.251405909714762,-0.0106692587330356,-0.406009499942457,-0.3768907042962
-2.65329952258567,0.6049737813653,0.738255351587986,0.337543420422313,0.182928658615918,0.54456462593822,0.485521738756669,0.0206047545071055,0.784096279150484,0.727861291243036
0.155013826984754,3.34647387114658,-0.424153234441204,-0.108541087442221,-0.0588228782705257,-0.175111209716217,-0.156125269559552,-0.00662570302180122,-0.252135451764732,-0.234052424899217
1.67421843891124,-2.3751788112606,-0.0481145691391798,-0.167594130899866,-0.0908261506595391,-0.270382503941984,-0.241067041798978,-0.0102304939604599,-0.389312682444328,-0.361391374090216
2.05463809010451,1.14217937349293,-0.280234483057184,-0.32073517786759,-0.173819580855257,-0.517447598125799,-0.461344798378442,-0.0195787244008079,-0.745051582531222,-0.691616860484763
0.0259078561858239,-3.09569516241902,-0.0836511750973857,0.0931605107668363,0.0504875113525532,0.150297459907479,0.134001880748803,0.00568682231075814,0.216407150714546,0.200886539499935
-3.03046166170305,0.66812865387587,0.488970740850133,0.398987297984501,0.216227622312349,0.643693094089024,0.573902481692263,0.0243554897800655,0.926827296430609,0.860355712273193
-2.37522475226392,1.28910487279088,0.317979295486519,0.29185986337885,0.158170860640449,0.470862554892737,0.419810607369243,0.0178160807515507,0.677975688645944,0.62935161572743
-2.68186501643778,-0.804171699292996,0.157654999024351,0.405325897703309,0.219662770130115,0.653919266415317,0.583019910060168,0.0247424186408368,0.941551542716682,0.874023943075121
3.00440716795929,0.918201366152934,-0.206794621278627,-0.453510672480436,-0.245776080840369,-0.731656595199845,-0.652328787721356,-0.0276837749084859,-1.05348233540457,-0.977927116017005
1.92705057394323,1.92037426199794,-0.455853753763849,-0.319610294380667,-0.173209960240805,-0.515632804181619,-0.459726768360894,-0.0195100578332056,-0.742438535132845,-0.689191219521995
2.30244400354154,-0.873270121481337,-0.717014977187404,-0.279592889665239,-0.151522883192392,-0.451072034480908,-0.402165818443235,-0.0170672645500741,-0.649480129664984,-0.60289974380037
-0.196250875553627,-2.8648406050397,0.443358428181545,0.0991875684119508,0.0537538217106168,0.160021016029276,0.142671187659841,0.00605473362427858,0.230407700533729,0.213882976978944
-1.44661044834224,-2.1781549830184,0.452224856941663,0.258297497797968,0.139982034716938,0.416715811237393,0.371534572027688,0.0157673241720073,0.600012012332736,0.556979454782008
0.30017552554296,-2.79495279290005,0.333636171060151,0.0294580111901864,0.0159645075166078,0.0475251178784564,0.0423723407065033,0.00179821336194896,0.0684294688265582,0.0635217419895634
2.07610718488394,-2.09793857222502,-0.577296314878007,-0.214861501467108,-0.116442282306688,-0.346639768680928,-0.309056327193877,-0.013115848874254,-0.499112391591766,-0.463316303723539
1.88897286175069,2.08780943221539,-1.05077123725603,-0.297751631092876,-0.161363851822013,-0.480367845433698,-0.428285313530856,-0.0181757335251362,-0.691661966803602,-0.642056320949265
-2.54828823077783,1.82175663677039,0.165593212287094,0.306149394543044,0.165914945134367,0.493916102147564,0.440364638634841,0.0186883604757162,0.711169546202494,0.660164826636459
1.17211270968314,-2.7531139899147,-0.0743389038353862,-0.0828031020536066,-0.044874405695576,-0.133587673668563,-0.119103806062088,-0.00505457220320502,-0.19234741456705,-0.178552355439967
1.8037775410117,1.87742622947926,-0.206907341399265,-0.309511196124668,-0.167736843641794,-0.499339754661617,-0.445200246887026,-0.0188935758409107,-0.718978841101787,-0.667414042861863
0.54776377747181,2.74756748416427,0.322491702110673,-0.173914954282986,-0.0942516647500686,-0.280579997399103,-0.250158900723399,-0.0106163376955533,-0.403995635202437,-0.375021272915085
-0.354502031654751,2.43643863709331,0.666799845850829,-0.0468199384698619,-0.0253736497960945,-0.0755354148138668,-0.0673457000166872,-0.00285804219499317,-0.108760347034294,-0.10096011004438
-2.58674393318149,0.751014936520225,-0.294769035319712,0.360760640096626,0.195511024601602,0.582021367152282,0.518917338206555,0.0220220095409268,0.838028705195323,0.777925711014798
2.43485384281947,-0.620443342836332,-0.882994008865097,-0.300364927050809,-0.162780104354955,-0.48458392090635,-0.432044272884274,-0.0183352576586543,-0.697732521028509,-0.647691498100582
-2.23962403744305,1.13629864417043,0.189045880176695,0.281593510594908,0.152607101935585,0.454299670756105,0.405043507337749,0.0171893889957706,0.65412747081292,0.607213779995577
0.0324941671063671,-3.17790512960913,0.716853608082784,0.0658456892942837,0.0356844864674709,0.106229986990484,0.094712299578507,0.0040194362596741,0.152956203113518,0.141986261715789
2.17351277234301,1.32017950440739,-0.234244565688913,-0.344928317459313,-0.186930837971999,-0.556478807786336,-0.496144158963994,-0.0210555527786798,-0.801251021143016,-0.743785703830676
2.09353807856236,-2.1016747950625,0.767795531081826,-0.265751999287319,-0.14402193558774,-0.428742287149813,-0.382257111131387,-0.0162223713270334,-0.617328441944694,-0.573053958834922
-0.708212083589798,2.65659394067224,-0.586270471749459,0.0426686194099294,0.0231238793038419,0.0688380201255214,0.0613744515011914,0.00260463210036428,0.0991170429983657,0.0920084188884872
0.605943615641267,2.34066487895047,-0.138683137206862,-0.153337083085592,-0.0830996702285914,-0.247381362636223,-0.220559734514888,-0.00936019712622849,-0.35619428206533,-0.330648208608193
-3.40188386342324,-0.552819669301114,0.120254373728762,0.502850846586401,0.272515549954558,0.811257949662997,0.723299589322268,0.0306956605305468,1.16809706224688,1.08432173271548
-0.274391515196027,-2.32450055294107,0.234575428231253,0.101592833947602,0.0550573340039428,0.163901472431197,0.146130916495852,0.00620155890034082,0.235995010618202,0.219069568014761
-1.29752185880471,-2.49600335717144,-0.903644308504432,0.295323139288813,0.160047752258818,0.476449917692078,0.424792176079709,0.0180274904416756,0.686020703273324,0.636819645981443
0.669134264269526,2.49133616107193,0.489970777258649,-0.189679145823429,-0.102794928336868,-0.306012639690573,-0.272834080340982,-0.0115786355127865,-0.440615054165522,-0.409014365702005
-0.850330804304773,1.90588691244092,-0.278913956880705,0.074842281052585,0.0405601094625867,0.120744343749234,0.107652978048581,0.00456861764898549,0.173854830359441,0.161386050003147
0.907595132374199,3.35589126704689,0.270656074076577,-0.242368131902413,-0.131349256355475,-0.391016690308024,-0.348621805968659,-0.014794943571843,-0.563008901703875,-0.522630188501198
2.49828339729151,-2.11514758361453,0.168153053268843,-0.302074911153377,-0.163706815051155,-0.48734266777219,-0.434503910384203,-0.0184396406817343,-0.701704727539162,-0.651378819972662
-0.264785835455897,2.63153710543042,0.115660861475719,-0.0458014014101627,-0.024821662683301,-0.0738921913961941,-0.0658806384741024,-0.00279586736117406,-0.106394337003087,-0.0987637890539607
-1.06137548162846,-2.21275049139708,-0.00636044191820169,0.220342646252438,0.119412740039224,0.35548259416395,0.316940394207303,0.0134504358810999,0.511844813471847,0.475135562756789
-1.05935554263406,2.68287625710509,-0.397807199310113,0.0856988613218983,0.0464437367107102,0.138259452074943,0.123269060040977,0.00523133882114169,0.199074116763592,0.184796621962807
2.52562098463328,0.415536934620539,0.0523573226569127,-0.378586794274609,-0.205171750525334,-0.610780609354973,-0.544558440500921,-0.0231101763023573,-0.879437958988602,-0.816365114104481
2.18962333958706,-0.585286718300257,0.23349271286591,-0.306327899707366,-0.166011684422677,-0.494204087610044,-0.440621400083933,-0.0186992570148474,-0.711584204663262,-0.660549746002491
2.23862039832925,2.86577679146891,0.0281174542895404,-0.410644215055065,-0.222544984981268,-0.662499399589461,-0.5906697664391,-0.0250670661285191,-0.953905724710915,-0.885492089395515
-1.34793735182115,3.07384177690683,0.574352088526643,0.0803983001992366,0.0435711446902019,0.129707965331656,0.115644744184247,0.00490777523176493,0.186761181590722,0.173366764262644
2.44460785516457,-1.09996222065368,-0.0692220446940844,-0.316565939722484,-0.171560099273953,-0.510721294268072,-0.455347775088906,-0.0193242204666057,-0.735366653367502,-0.682626529534157
1.36103559674733,-2.50455339270123,0.198100990545054,-0.127397903702375,-0.0690421623552847,-0.205533236844605,-0.183248874003065,-0.00777678476808429,-0.295938881402652,-0.274714294754884
2.11614326556454,-1.55655206954931,0.763036054167665,-0.285370564965576,-0.154654043003733,-0.460393257761704,-0.410476414319407,-0.0174199527495248,-0.662901376921012,-0.615358426002571
-2.00806783763517,-0.715680430761591,0.279368422329342,0.301118783917196,0.163188650387889,0.48580013119995,0.433128618999164,0.018381275547689,0.699483692368794,0.649317076319508
-2.39823312212672,1.09373500533354,0.0158459330787496,0.311993550018179,0.169082133285959,0.503344579041767,0.448770859453195,0.0190451068424973,0.724745223539347,0.672766863272325
-2.39773323492316,-1.53987255644543,0.557613885920898,0.372257154225362,0.201741458320907,0.600568891818222,0.535453899702676,0.0227237943691237,0.864734525561381,0.802716203473713
2.33133245150948,1.5235666568587,-0.23795832339075,-0.373713886485348,-0.202530921430419,-0.602919063115471,-0.53754926029032,-0.0228127180713308,-0.868118440861358,-0.80585742608271
2.87136124488121,-1.60269994720613,0.606949508099128,-0.387217616801291,-0.20984914813416,-0.624704864299424,-0.556972997285386,-0.0236370299413179,-0.899486922824761,-0.834976176411372
3.08706896183981,-0.481494219894582,-0.507607367653733,-0.412135905462661,-0.223353393348377,-0.664905969469603,-0.592815410751991,-0.0251581237904065,-0.957370846018205,-0.888708693958121
2.50999230734929,-1.48357449960612,0.385055856007495,-0.330735324173774,-0.179239071323963,-0.53358100675732,-0.475728987577938,-0.0201891660424085,-0.768281416191819,-0.713180662243755
2.58886425158278,0.598720391038236,0.610454327105855,-0.413378807695172,-0.22402697317375,-0.666911165092964,-0.594603198682439,-0.0252339946082858,-0.960258044988459,-0.89138882448092
-2.89184325038073,0.728475569419377,-0.231303852927902,0.403139859279846,0.21847806602305,0.650392492897201,0.579875517036536,0.0246089757048074,0.936473486116518,0.869310082121712
1.72136368134255,-2.71273968591226,-0.28874692399088,-0.155478963082014,-0.0842604430683389,-0.250836894601849,-0.223640610150887,-0.00949094448742646,-0.361169760874782,-0.335266848598073
2.0134829770498,-0.448630568018667,-0.0252355607861793,-0.275752205629572,-0.14944145859246,-0.444875792638561,-0.396641386686637,-0.0168328166334319,-0.640558415066041,-0.594617890052607
-0.113018342828494,-3.17938578116364,0.213601691263659,0.105010290749284,0.0569093943635473,0.169414914472341,0.151046579098318,0.00641017164221916,0.243933589776414,0.226438796297532
-1.00814113097144,-2.07620399547781,-0.309884959037734,0.219469539004625,0.118939567321266,0.354073995171813,0.315684518597141,0.0133971385587079,0.509816629531977,0.473252839141582
1.23159716779032,-2.87538856740713,-0.804178316136708,-0.0613594793020055,-0.0332532248089558,-0.0989923069809948,-0.0882593446574681,-0.00374558332708674,-0.142534964393971,-0.132312428957676
-2.37926318823349,0.134111265859478,-0.668232282645219,0.363021488701486,0.196736271422007,0.58566883322722,0.52216933803616,0.0221600191351372,0.843280542059972,0.782800888800162
0.0993693648645632,-3.19906429232556,0.0993647561111417,0.079107164362814,0.0428714250916027,0.127624953602625,0.113787577140414,0.00482896007692787,0.183761938400171,0.170582625274264
-2.93544660881839,-0.582071535931058,0.192767902583444,0.433881425570729,0.235138184825863,0.699988392372903,0.624094120672711,0.0264855414686877,1.00788458846827,0.935599616390579
-0.650430475925121,-2.58144624343457,0.918562944524977,0.138937414259701,0.0752958976071668,0.224150128390879,0.199847281470715,0.00848119423892622,0.322744580295839,0.299597502503562
-2.29074821571838,1.26508087398492,0.109523406841816,0.287925026534969,0.156038410762377,0.464514414699884,0.414150746413356,0.0175758854395158,0.668835261839546,0.62086673570093
-2.51390241455943,0.475468015469782,0.244910723277554,0.339160291030389,0.183804907280818,0.547173151196321,0.487847442003959,0.020703453577902,0.78785218772685,0.731347827959096
-2.41916371471265,0.777058928836837,0.0740304245629087,0.322516863473959,0.174785149544585,0.520322022265242,0.463907571169095,0.0196874843182199,0.749190348005668,0.695458795796134
0.853323184073607,2.77783917885785,-0.0637376533050213,-0.204959252381437,-0.11107584636711,-0.330664299324901,-0.294812953148365,-0.0125113831992212,-0.476109968218852,-0.441963602501608
2.39986494066126,1.46391414754984,0.103680737837865,-0.394100811570511,-0.213579434402368,-0.635809641219887,-0.566873770016701,-0.024057202665369,-0.915476235845469,-0.849818744002626
2.22407921824492,-0.36325998577358,-0.162078104960772,-0.303767842387753,-0.164624284096903,-0.490073902951456,-0.436939019074757,-0.0185429827419591,-0.705637321100226,-0.655029369915828
0.460568665604327,-3.85304105456069,-0.369985946767347,0.0637887327048891,0.0345697371138666,0.102911463423136,0.0917535775907391,0.00389387290103057,0.148177997079756,0.137550746198068
0.687466526445099,-2.87026485949811,0.256447274804316,-0.0213079213170866,-0.0115476386994937,-0.0343764372211512,-0.0306492687495392,-0.00130070521666808,-0.0494972226099254,-0.045947306880269
-1.03928309033323,-1.98677398862918,-0.608357840682641,0.232006999954203,0.125734132924371,0.374300897309855,0.333718375788661,0.0141624661858478,0.538940516669991,0.500287975848593
-2.43995898248049,2.21520462169014,0.189324375107374,0.2777452837952,0.150521589601677,0.448091260042348,0.399508226085381,0.0169544806441387,0.645188234754926,0.598915661418932
0.262677364198276,3.08157771069365,0.154664845720614,-0.136895378591713,-0.0741892345143901,-0.22085567700356,-0.196910021704595,-0.00835654170213254,-0.318001034807205,-0.295194161694233
0.982050529763262,-3.06201297632508,0.275446830622996,-0.0586456483251619,-0.0317824882154734,-0.0946140366271678,-0.0843557759464553,-0.00357992220715829,-0.13623087240923,-0.126460463256346
2.57229185101651,0.989381879570044,-0.800435189268973,-0.371973909365634,-0.201587956284976,-0.600111927997408,-0.535046480898253,-0.0227065041763752,-0.864076562090122,-0.80210542880928
2.0779041822671,1.71013302400473,-0.453714003544313,-0.335058984878257,-0.181582240839731,-0.54055644319532,-0.481948131948782,-0.0204530964347605,-0.778325061144084,-0.722503982068282
-1.27773094658788,-2.59575146298355,0.488597430438812,0.245304298499061,0.132940485763312,0.395753658554644,0.352845181762803,0.0149741767852773,0.569829468078765,0.528961587311068
-1.03441264987606,2.67962393827622,-0.383333650158424,0.0816799060915244,0.0442656996202229,0.131775602237334,0.117488203376684,0.00498600864763898,0.189738287203455,0.176130353369071
-0.620639463871923,-2.22951355413164,-0.18193881231449,0.16364340630127,0.0886850905539149,0.264008731760237,0.235384327930465,0.00998932880790734,0.380135349187967,0.352872234525646
-1.30323094262242,-1.57696781614244,0.539248098606012,0.216258905652119,0.117199593092923,0.348894224970857,0.311066350404531,0.013201150996699,0.50235849077677,0.466329594319511
-1.95356083860272,-1.84566008301554,0.0872002377699563,0.334456344758846,0.181255645379703,0.539584193489512,0.48108129568145,0.0204163093106001,0.776925158652409,0.721204479874102
1.81942818540056,2.3377378098995,-0.589818944171928,-0.311922718492087,-0.169043746769523,-0.503230305318219,-0.44866897553656,-0.0190407830544505,-0.724580685489736,-0.672614125808275
-2.10497678520062,-2.43761382601705,0.784096788790095,0.349112945065661,0.189198659735133,0.563229939727495,0.502163318421882,0.0213109961359361,0.810971699246183,0.752809219824904
1.97763174704031,1.9920712816337,-0.047328430190295,-0.343803890382273,-0.18632146470483,-0.554664750176097,-0.494526785445451,-0.0209869140718297,-0.798639033961693,-0.741361047046731
-2.07669945355138,1.88516016131755,0.0605415860500541,0.240028735276073,0.130081441132499,0.387242501354348,0.34525682283185,0.0146521391494662,0.55757460176144,0.51758563379755
-2.60916536308106,2.15232585811793,-0.641838339033945,0.334008862715188,0.181013136460706,0.538862262985243,0.480437638460618,0.0203889935429149,0.77588568051659,0.720239552583571
-2.6679965690595,0.900060461893759,0.871640668234794,0.325904820489643,0.176621222757186,0.525787871792489,0.468780801342059,0.0198942962966654,0.757060400654289,0.702764412255866
-2.21611371920356,1.1100665052556,-0.630410402958726,0.308541364219831,0.167211251855076,0.497775108110902,0.443805242735712,0.0188343741290618,0.716725970679865,0.665322747165268
-0.782407615045509,-2.71615973914514,0.0746730715579961,0.192471234692009,0.104308076099686,0.310517164851817,0.276850215037194,0.0117490737504128,0.447100935271342,0.415035082700746
0.571059148246867,2.5535061596934,-0.510792297231794,-0.141348047146873,-0.0766023186889761,-0.228039244033644,-0.203314730693749,-0.00862834715568217,-0.328344358466198,-0.304795667420462
-1.48957232649687,2.89574834445307,-0.452163743201088,0.143223663239284,0.0776187921709175,0.231065207847394,0.206012612895949,0.00874284089721429,0.332701319704944,0.308840149606458
-0.403720438558998,2.85306129938189,-0.187791872419378,-0.0215507237615982,-0.0116792233277102,-0.0347681545954876,-0.0309985152698422,-0.00131552667210225,-0.0500612403978356,-0.0464708735981688
2.90432512190758,1.34930082818365,-0.637228762119098,-0.436638891013387,-0.23663256873053,-0.70443705896353,-0.628060453106642,-0.0266538661791404,-1.01429004110832,-0.941545673212367
-2.22853236561002,-0.273593213438098,0.528888816189183,0.310499342206508,0.168272360634071,0.500933947790182,0.44662159411163,0.0189538955100306,0.721274254429822,0.669544830308897
-3.10883410905223,1.1947044772232,-0.0509967234309916,0.413782686199163,0.224245851541714,0.667562749254122,0.595184136664459,0.02525864867328,0.96119623430885,0.892259727338551
2.57226735202081,-2.62942821743925,0.320233112541186,-0.302627060881263,-0.164006047691954,-0.488233460457918,-0.43529812137964,-0.018473345707239,-0.702987343407152,-0.652569447280389
2.49914229058777,1.77732104600455,0.238049821900354,-0.422761194258767,-0.229111674236941,-0.682047931269652,-0.60809880358075,-0.02580672617447,-0.982052854038099,-0.911620520867049
1.59372608217055,-2.96919036154233,0.596599173340289,-0.16121838472378,-0.0873708716491888,-0.260096402595041,-0.231896182045849,-0.00984129755842809,-0.374502146818356,-0.347643042576131
1.89485449075321,-2.31535662030656,-0.263185063314273,-0.193462205957315,-0.104845124175049,-0.312115915897627,-0.278275625999692,-0.0118095658779727,-0.449402911357557,-0.417171962228267
0.20407239505303,-3.11059983998146,-0.114546136312568,0.0690417816411793,0.037416580326977,0.111386297936121,0.0993095520195415,0.00421453619113604,0.160380563848758,0.148878151060374
2.3360429404043,-1.21022792070241,-0.00894134167128884,-0.299744267420198,-0.162443743380884,-0.48358260001212,-0.431151517390319,-0.0182973705645874,-0.696290760124468,-0.646353139558165
-2.23973222930625,0.755977481051419,0.464964487708034,0.283195751711448,0.153475422277487,0.456884594003015,0.407348167555497,0.0172871950345499,0.657849395820994,0.610668770427648
0.302432474563278,2.80597493745481,-0.0846847384475038,-0.125640017171618,-0.0680894913635999,-0.202697208164603,-0.180720333752207,-0.00766947762409587,-0.291855399976141,-0.270923678547538
2.58104041556376,1.08405227959959,-0.14916693636386,-0.39958448516883,-0.216551262602642,-0.64465654648055,-0.574761474469358,-0.0243919440392317,-0.928214532030116,-0.861643456038295
2.74591690625263,-0.56684844958457,0.438477573854919,-0.394473032807383,-0.213781156395598,-0.636410152165619,-0.567409172252959,-0.0240799242672254,-0.916340886936837,-0.850621382755765
0.0591496268252294,-2.23565292171709,-0.0841445629937124,0.0623045417676196,0.0337653930180909,0.100516992567908,0.0896187205000323,0.00380327303134314,0.144730296662412,0.134350313108007
-2.90194285960483,1.97882185411026,-0.411221638558722,0.373164029279361,0.2022329312015,0.602031968994888,0.53675834685351,0.0227791529888618,0.86684115040569,0.804671742251431
-2.73632960743213,-1.714747177736,-0.398440251386285,0.460839025965219,0.24974761692055,0.743479554359265,0.66286987580331,0.0281311215766755,1.07050572958754,0.993729600993445
1.72640871954447,1.28699452282944,0.466619154448381,-0.30473301384013,-0.165147350192805,-0.491631030713781,-0.438327319641155,-0.0186018999645451,-0.707879365526995,-0.657110616052159
0.875454221592598,2.21620827308894,-0.461899931118723,-0.176763868930375,-0.0957956087389816,-0.285176200570074,-0.254256773499112,-0.0107902447645986,-0.410613519715903,-0.381164526103951
0.479023068523035,2.21053671922561,0.0354845835711134,-0.137372543456281,-0.0744478297745342,-0.22162549531511,-0.197596374631957,-0.00838566940630031,-0.319109464633451,-0.296223095494884
-0.310643799629838,3.56225425501421,-0.0836138341447314,-0.0602313795426609,-0.0326418611642323,-0.0971723241690061,-0.0866366883605013,-0.0036767204276952,-0.139914445757566,-0.129879852590285
-2.49173884994657,1.04486413887268,0.0861983997803904,0.324419320374429,0.175816169164052,0.523391288817887,0.466644061132579,0.0198036165104738,0.75360965908285,0.69956115612174
2.93308476075782,-1.90342934163872,-0.107231506010574,-0.361249464706246,-0.195775938757015,-0.582809996331764,-0.519620462486427,-0.0220518489940723,-0.839164220019108,-0.778979787290687
-1.98483320725158,-2.30344287899758,0.202135806464221,0.34870384401233,0.188976951052942,0.56256992993735,0.501574868335989,0.021286023269447,0.810021378208044,0.751927055330175
0.946426742752935,-2.83535374038295,0.77513839451887,-0.0783977315983773,-0.0424869543061428,-0.12648041347943,-0.11276713055938,-0.00478565398039005,-0.182113961999961,-0.169052840906591
1.51280937578024,-3.32614472723964,-0.74405890881474,-0.0903972325135714,-0.0489899772468081,-0.145839415409175,-0.130027187180446,-0.00551814276733196,-0.209988195209706,-0.194927948231977
1.86696381946742,-2.13350943970581,0.274830489148358,-0.214351732127807,-0.116166017341058,-0.34581734900756,-0.308323076059334,-0.0130847308862974,-0.497928223221157,-0.462217063308556
0.039048341449629,2.99810195647833,0.897036040476791,-0.128887852885681,-0.0698496270813548,-0.207936997577547,-0.185392013742636,-0.00786773613994535,-0.299399957934056,-0.277927144630881
2.31703811647475,-2.5434320782459,-0.5741181033306,-0.23619908707961,-0.128005997307602,-0.381064063821859,-0.339748265002914,-0.0144183648965479,-0.548678522858331,-0.509327577166504
0.941122692271801,2.44001595945353,-0.148282668946877,-0.204323907930792,-0.110731527085252,-0.32963928715706,-0.293899075040474,-0.0124725996957045,-0.474634095221218,-0.440593578367669
-1.23339285613462,-2.55661807085367,0.376108842643356,0.24178093397963,0.131031029656752,0.39006935376456,0.347777181724149,0.0147590990898771,0.561644870653283,0.52136398506652
1.11241844633716,-2.34871086515435,0.737586913108546,-0.115731522481206,-0.0627196706740061,-0.186711662666652,-0.166467976042105,-0.00706463069691993,-0.268838468379566,-0.249557509624397
0.508772481271465,2.97798635039011,-0.154849347654328,-0.158073288435973,-0.0856664146509558,-0.255022364471691,-0.227372282227857,-0.00964931059322408,-0.367196247346953,-0.340861118513554
-2.70230900576309,-1.27662866628101,0.794510753039315,0.399641999354882,0.216582431904929,0.644749335109563,0.574844202752375,0.0243954548932806,0.928348134572939,0.861767476674431
-2.6592429120732,0.202124097088119,0.320790654839653,0.365666732441144,0.198169837771492,0.589936450607525,0.525974251010931,0.0223214934657549,0.849425309364624,0.788504956506742
-2.14193512371367,2.04073941232883,-0.175762507871354,0.253233964483197,0.137237897811621,0.408546725547517,0.364251196466216,0.0154582295353562,0.58824968075922,0.546060711669997
-2.91280197909268,-0.928359151704693,0.582467658646051,0.427069641265494,0.231446598824339,0.688998823186482,0.614296064601065,0.0260697278729461,0.992061158340594,0.920911034655304
2.33200599453712,-0.160741534661031,0.750469103072809,-0.35836588535957,-0.194213208542217,-0.578157868003144,-0.515472728080911,-0.0218758258783922,-0.832465811163929,-0.772761784925102
2.55752024878044,2.09229824325915,0.0722552365500061,-0.434752088919403,-0.23561003309439,-0.701393048580379,-0.625346480983545,-0.0265386896074821,-1.00990709535416,-0.937477070107234
-2.56203299478892,-1.19675503587413,-0.738881422863203,0.432276547912562,0.234268435633644,0.69739921554788,0.621785668059088,0.0263875744867832,1.00415653890746,0.932138940655591
-2.17385943881681,-0.0604338856442084,0.812739481816085,0.285920454557111,0.154952050783712,0.461280404130451,0.411267374339521,0.0174535198089136,0.664178742606669,0.616544179668382
-2.90872797681487,1.02541571276984,-0.165684402850592,0.394203409354813,0.213635036360291,0.635975163996071,0.567021346451652,0.0240634655697262,0.915714565304891,0.85003998059396
1.0511578235062,-2.32302166402024,-0.43146580451082,-0.0655344609934773,-0.0355158190541982,-0.105727877001204,-0.094264629451894,-0.00400043786614666,-0.15223323552516,-0.141315144996604
0.523490450824176,-2.64808195911244,0.0347564245937519,0.00358526252033857,0.00194300117836962,0.00578416590326594,0.00515703399164475,0.000218856151847597,0.00832838334830517,0.00773107591383048
-1.73999682351637,-1.49039939851197,-0.0484809271933178,0.297786336885936,0.161382660318303,0.480423836888639,0.428335234269853,0.0181778520802692,0.691742586604067,0.642131158738484
-2.12284387103926,-1.45540594918774,-0.0316988340718901,0.351312002559745,0.190390419411884,0.566777717136945,0.505326438049034,0.0214452337986223,0.816079998488374,0.757551154433375
1.2462749956902,2.502184193854,-0.677030010652946,-0.231138995985483,-0.125263725883188,-0.372900531525957,-0.332469840724302,-0.0141094803843046,-0.536924187389124,-0.498416256682251
2.75079236253152,-1.46190120765348,0.777669746889311,-0.380260566764365,-0.206078836659605,-0.613480935400877,-0.546965991293921,-0.023212348850141,-0.883326047755731,-0.819974351114988
0.0793367750975885,-3.12021616183625,-0.0379289244683306,0.0845534299609501,0.0458229803584379,0.136411507890955,0.121621474005088,0.00516141794409556,0.19641333769399,0.182326672620091
-1.51779011696434,-1.72740606536695,-0.440959161092001,0.287089038152041,0.15558535428355,0.463165700213112,0.412948262499578,0.0175248539740543,0.666893303143841,0.61906405329906
2.93539085378123,-0.147282656241743,0.339491703790003,-0.430943162835487,-0.233545819434333,-0.695248042389711,-0.619867729797268,-0.026306180300097,-1.00105915286954,-0.929263697575131
1.50425167791683,2.17801530298421,0.5668179618169,-0.303339695444368,-0.164392253663764,-0.489383166098166,-0.436323173421076,-0.0185168472520408,-0.704642757423594,-0.654106135842226
0.882001562421324,3.58406013628999,-0.272494136578825,-0.226017232990351,-0.122488031919799,-0.36463750288775,-0.325102707714319,-0.0137968312174916,-0.525026591215723,-0.487371950078932
-0.12608843557199,-2.36451242549855,-0.408585143175799,0.104612727132704,0.0566939382927273,0.168773518228034,0.150474724436934,0.006385903058609,0.24301006961982,0.225581510538703
1.10317727652579,2.36333173387065,0.0894282264099697,-0.23392999360902,-0.126776282255447,-0.377403296162739,-0.336484405775962,-0.0142798520087639,-0.543407533587948,-0.504434620576242
-2.45885138561096,2.09422050663869,0.219587139222814,0.283046817048276,0.153394708459628,0.45664431514041,0.407133940252433,0.0172781035755358,0.657503428137539,0.610347615371179
-2.36353850819917,-2.14982288613052,0.153821378018353,0.400381718002709,0.216983315855891,0.645942735971145,0.575908212483728,0.0244406097392074,0.930066463547189,0.863362567965176
2.52064626754336,1.08021908229749,-0.294892766849621,-0.385508261455764,-0.208922778187253,-0.621947131818169,-0.554514264188248,-0.0235326852996243,-0.895516176884885,-0.831290210358674
-1.03694481450201,-3.01487820519446,-0.336597385654403,0.253051069362272,0.137138779425321,0.408251657692283,0.363988120512875,0.0154470650189142,0.587824824651485,0.545666326027071
2.2224400361263,0.594436947761547,0.229002794499442,-0.346673144420368,-0.18787643144588,-0.559293767237137,-0.498653914357539,-0.0211620627238149,-0.805304165850185,-0.747548159052822
-1.47198032335428,1.69054623660427,-0.275373014820211,0.170863070051234,0.0925977231976993,0.275656339894563,0.245769076928789,0.0104300406991531,0.396906262618844,0.368440346541621
-1.33844365821408,2.70486214895049,-0.000580363265540805,0.11094579239791,0.0601260867625199,0.178990761724808,0.159584192058536,0.00677249407822884,0.257721459650328,0.239237807129202
2.67873539514691,0.239378733359465,-0.288679176933692,-0.383023405735631,-0.207576132700372,-0.617938271197951,-0.550940052999983,-0.0233810015783571,-0.889743982830725,-0.825931995137811
0.753570030943716,2.78794143949743,-0.000287346106039347,-0.193172431865031,-0.104688083679527,-0.311648418353241,-0.277858815561034,-0.0117918771195115,-0.448729780809582,-0.416547108262177
2.27468979081716,-1.65457289278135,-0.221226885234228,-0.269771374426948,-0.146200200244318,-0.43522681443427,-0.388038571792259,-0.0164677271331706,-0.626665246932776,-0.581721132899403
-2.74498783775182,-0.989509137573278,-0.413022512806111,0.440619399737166,0.238789770078252,0.710858882388489,0.633786008397535,0.0268968494521197,1.0235365613798,0.950129037734386
-2.45609626639843,0.840638801827979,0.32836685333034,0.316744105399816,0.171656654580304,0.511008732030331,0.455604048220631,0.0193350962823405,0.735780523217176,0.683010716847883
-2.72800102150491,-1.01909778152924,0.33174568514564,0.412218753682348,0.223398292205173,0.665039629932327,0.59293457945516,0.0251631811167376,0.957563298238749,0.888887343602906
-1.65983915727697,-2.51010713315112,1.00490029039376,0.279179555384029,0.151298880349951,0.450405195151161,0.401571279291354,0.0170420332735081,0.648519975052765,0.602008450990512
0.987121998386655,3.06069737008976,0.0048497423199507,-0.235298441718136,-0.12751790055354,-0.379611037115664,-0.338452778628572,-0.0143633865576192,-0.546586369274409,-0.507385471777708
1.96415187138995,-1.5490544619266,-0.0258950224732967,-0.235245417393364,-0.127489164491696,-0.379525492057345,-0.338376508552481,-0.0143601497793894,-0.546463196452061,-0.507271132847779
-0.0457906172869679,2.61022370831921,-0.555511780590807,-0.0525298109992466,-0.0284680644979465,-0.0847472507140571,-0.0755587685311832,-0.00320659149151816,-0.122024091885586,-0.113272585834521
-1.03231123422205,2.76570884871951,-0.209704011602122,0.0725069621850903,0.0392945041447974,0.116976733514283,0.104293860351431,0.00442606214634723,0.168430002844387,0.156350288369185
-0.585810807315303,-3.19468289952594,-0.840096167317037,0.211618846223911,0.114684954099106,0.341408337011045,0.304392098781735,0.0129179065912919,0.491579867605438,0.456324008541437
-2.42520561978813,2.26957315054418,0.362693634345165,0.267719628944044,0.145088275003591,0.431916698034962,0.385087345448994,0.016342481877513,0.621899146035603,0.577296854344008
1.52061687254006,1.68233616528466,0.651150277920281,-0.293707210348727,-0.159172013922522,-0.473842911643198,-0.422467827325655,-0.0179288488533734,-0.682266982144032,-0.63333513982986
2.4516175700697,-0.405723115345882,-0.718725635468237,-0.315215121653264,-0.17082803541939,-0.508541996162794,-0.453404761248224,-0.0192417621130545,-0.732228771371285,-0.679713694845017
2.20769457258152,1.38776902610961,-0.107363579324449,-0.35647983199361,-0.19319107867258,-0.575115065555837,-0.512759832926614,-0.0217606950115417,-0.828084604667064,-0.768694796338616
1.53166519464044,-1.29960624487012,0.222192586695315,-0.189405784307224,-0.102646782491175,-0.305571620838444,-0.272440877716883,-0.0115619486316556,-0.439980049200971,-0.408424902971809
-0.333891724903825,-2.91615040731699,0.0222569098162385,0.135766947838606,0.0735776914905368,0.219035160193622,0.195286889306904,0.00828765859779903,0.315379747289045,0.292760871588897
-0.92733652087167,2.72924234171518,-0.679040458889896,0.0753992209074298,0.0408619380701449,0.12164286442946,0.10845407915246,0.00460261507950849,0.17514857344988,0.162587006494567
1.65643584558208,-2.63090654189549,-0.552610023515347,-0.139088183942513,-0.0753776058976206,-0.224393367722341,-0.20006414826213,-0.00849039771354159,-0.323094810637029,-0.299922614502114
-2.54057403744482,-1.26077082872497,-0.440497811974091,0.420367513778754,0.227814440361619,0.678186165237942,0.604655738664154,0.0256606080880994,0.976492455451437,0.906458911250053
2.51659516146091,-0.778531804254621,-0.795104658463288,-0.310523151358444,-0.168285263792489,-0.500972359505931,-0.446655841145189,-0.0189553488985459,-0.721329561884548,-0.66959617114099
-2.22144579558223,-1.62499240737744,0.452572954638938,0.35321135301966,0.191419755523485,0.569841972015429,0.508058459715024,0.0215611763635834,0.820492093461396,0.761646816190156
-1.96050091079315,-1.93995693503617,0.139098577452117,0.3364455257776,0.182333664364786,0.542793373558987,0.483942529432412,0.0205377354267138,0.781545925466382,0.725493847633116
-2.40317867496552,2.25910690441887,0.524618834504737,0.259024137551681,0.140375830677403,0.417888111693368,0.372579769105537,0.0158116806394556,0.601699959698016,0.558546343417386
1.78039208039774,-1.32074872532701,0.557323084587235,-0.236703052394277,-0.128279116833634,-0.381877119762111,-0.340473167640756,-0.0144491285878556,-0.549849208773514,-0.510414302080935
-1.9897110801664,-0.518494783828564,0.318968599647795,0.291065010726543,0.157740097305462,0.469580205390151,0.418667293002989,0.0177675603456437,0.676129286170175,0.627637636301812
-2.69882170203675,1.24122293713683,0.417845338715565,0.336362007700459,0.182288402484692,0.54265863240367,0.483822397207703,0.0205326372100926,0.781351917200879,0.725313753542128
-1.53054711791025,2.75062979320437,0.521965108893275,0.118413894391485,0.064173358305785,0.191039179565427,0.170326294098612,0.00722837145252077,0.275069482545138,0.255341638610726
-0.782180280061554,2.2919361382294,-0.208583975688836,0.0507748763769715,0.0275169932668446,0.0819159843989573,0.0730344742992138,0.00309946454167937,0.117947467593054,0.109488334970979
0.300104301203774,-2.78854898951358,-0.467236480973827,0.0581457597586718,0.0315115780469059,0.0938075577751111,0.0836367372945295,0.00354940737389462,0.135069656573696,0.12538252923225
-2.10104109538451,-1.64553115358907,0.0975544415620763,0.349274981707989,0.189286474054223,0.563491356239206,0.502396391583927,0.0213208873826152,0.811348102163996,0.753158627316142
2.47104548445626,1.12960929995233,0.00256231776626422,-0.390578871308059,-0.211670750159228,-0.63012763420817,-0.56180781862626,-0.0238422119112737,-0.907294946896855,-0.842224212952661
-1.23628274736327,2.78993531117019,0.0162472177992506,0.0930315436696927,0.0504176187797502,0.150089395063772,0.133816374750288,0.00567894973728948,0.216107566676213,0.200608441477058
-0.20979982931027,-2.72561691461709,0.200568768629773,0.105671357564477,0.057267653652404,0.170481424974857,0.151997456200722,0.00645052532300725,0.245469214524821,0.227864286816951
1.6816956250463,1.82934162254214,-0.269826327089158,-0.288185205609873,-0.156179412501094,-0.464934166091942,-0.414524987441896,-0.0175917676213091,-0.669439644660251,-0.621427772491922
2.1968037404532,-1.67371816340372,-0.300982847221034,-0.255087368214539,-0.138242333501773,-0.411536853775785,-0.36691712845545,-0.0155713673617107,-0.592555043807597,-0.550057296261696
-0.388399185818772,-2.29907195999662,0.676302770434018,0.10133283225374,0.0549164283953056,0.163482007211036,0.145756930611826,0.00618568754646652,0.235391039844678,0.218508913719136
0.461128928032906,3.40496911433343,0.495350479376275,-0.187593440707249,-0.101664598974519,-0.302647735628781,-0.269834006533367,-0.0114513172500299,-0.435770066759291,-0.404516858338016
2.59247805483943,-0.481440240933143,-0.104365797271073,-0.355373457743941,-0.192591488974858,-0.573330132883575,-0.511168426556604,-0.0216931583083262,-0.825514553289886,-0.766309067744189
-1.9774848742024,-1.5128218326938,0.146596953117689,0.325670381904568,0.176494170848304,0.525409647976937,0.4684435853794,0.0198799853985699,0.756515811688472,0.702258880934781
-1.73879225629814,2.44106630809843,-0.888300925185148,0.208663141425558,0.113083136136395,0.336639847446399,0.300140619279773,0.0127374807021149,0.484713914977014,0.449950478557144
2.93740255342681,-0.342436729363584,-0.511418080005796,-0.394639412903421,-0.213871324610848,-0.636678576046166,-0.567648493029593,-0.0240900806525267,-0.916727379477753,-0.850980156247449
2.42972690191347,-0.223574587401765,-0.551128524180803,-0.323625069114927,-0.175385731748555,-0.522109909552694,-0.465501611808457,-0.0197551328155509,-0.751764653612126,-0.697848473508673
2.98006716459771,-1.01203789065878,-0.130582971405132,-0.394212959830777,-0.213640212155911,-0.635990571943778,-0.567035083835987,-0.0240640485620193,-0.915736750577109,-0.850060574749694
-0.0152145089432484,3.23078973618824,0.900585284825066,-0.128249649922704,-0.0695037586541281,-0.206907373722425,-0.18447402395668,-0.0078287781434855,-0.297917444756974,-0.276550956547799
-1.14264435877231,1.98397284937319,0.660013228105095,0.0807660802088905,0.0437704597997886,0.130301311168865,0.11617375816871,0.00493022572658441,0.187615515936078,0.174159826181567
1.25201528460739,3.07654887266385,0.374066372446064,-0.287276976104416,-0.155687205587564,-0.463468903755361,-0.413218592050962,-0.0175363263214235,-0.667329873493766,-0.619469313044661
2.39467155461581,-2.36043547272954,-0.178475548421883,-0.267203417207754,-0.144808518638134,-0.43108388473134,-0.384344827584311,-0.0163109706245707,-0.620700012302905,-0.576183721875122
-1.24435047223019,-2.03780886631451,-0.595296217693738,0.262646662127561,0.14233902569581,0.423732393113958,0.377790400758703,0.0160328113890599,0.610114900915136,0.566357769313531
1.85867504060287,2.30565872684388,-0.170666397786926,-0.331718349458229,-0.179771813145581,-0.535166938415082,-0.477142969058464,-0.0202491731213056,-0.770564934166744,-0.715300407466377
2.92923339127513,1.29687659192547,-0.341021166238288,-0.449318262351462,-0.243504041408223,-0.724892907580612,-0.646298433899458,-0.0274278564805914,-1.04374357889529,-0.968886818190795
0.537659782150114,3.14371491105644,-0.396930495115944,-0.158536507446255,-0.0859174520792377,-0.255769683695825,-0.228038575468045,-0.00967758699682853,-0.368272281659633,-0.341859980190462
-2.47710706692013,0.770735209882282,0.0459198882956056,0.332075239610709,0.179965226593796,0.53574271545776,0.477656319095506,0.0202709588636218,0.77139397192513,0.716069987056733
0.894352977181568,2.84096264111688,-0.321525247661521,-0.203495138371759,-0.110282382783918,-0.328302218923472,-0.292706974667649,-0.0124220088908668,-0.472708905488006,-0.438806462266797
1.67399863938097,-1.45464474182973,-0.406309130234809,-0.182565466894778,-0.0989397332256309,-0.294536018697699,-0.26260177968445,-0.0111443932817164,-0.424090338109591,-0.393674793909972
-2.837576530034,-0.00692682326229366,-0.113602666336409,0.413375266345249,0.224025053970614,0.666905451772012,0.594598104812234,0.0252337784327026,0.960249818611852,0.891381188095875
2.781658928855,-1.4690776999204,0.454685136717813,-0.372849024042867,-0.202062216911479,-0.601523765610076,-0.53630524399063,-0.0227599240388255,-0.866109409186921,-0.803992481142162
1.94379406503798,2.01354352744602,0.449186124566208,-0.357476446643855,-0.193731185130287,-0.576722921171972,-0.514193361322018,-0.0218215316297783,-0.830399690050824,-0.770843844971505
0.578232272087736,-2.11657030758567,0.566274107566844,-0.0395863468801617,-0.0214534690832733,-0.06386533665531,-0.0569409172432804,-0.00241648010285119,-0.0919570799367396,-0.0853619647503119
1.36228468714866,-2.34484369988567,-0.345690134950514,-0.112817495573389,-0.0611404396738855,-0.182010412762139,-0.162276445929337,-0.0068867489625121,-0.262069331381117,-0.243273851702145
-2.00297026873643,-2.38063764643746,-0.425210544143915,0.376275525545734,0.203919178966555,0.607051799623747,0.541233916472063,0.0229690888988499,0.874068998728142,0.811381212953918
1.98489521103915,-1.85768912843005,0.313515635325523,-0.241112032614698,-0.130668524503251,-0.388990203647731,-0.346815035422046,-0.0147182671625457,-0.560091046642419,-0.519921600526527
0.306008091271512,-2.89345484358724,0.0334584395663484,0.0424258340974986,0.0229923039602044,0.0684463303906666,0.061025229623637,0.00258981169072836,0.0985530650074119,0.0914848891133262
3.05700058860654,-1.74532848551447,-0.0303277439599201,-0.386680333335072,-0.209557972131828,-0.623838055610224,-0.556200169889143,-0.0236042324010538,-0.898238840530091,-0.833817605946582
0.307587492707036,-2.97445404717734,0.0211724167789804,0.045097434289146,0.0244401539547463,0.0727564690898619,0.0648680536629515,0.00275289490538904,0.10475905701587,0.0972457905189728
-2.06135015115981,-1.07762991639488,-0.596192103918843,0.351340700936793,0.190405972242425,0.566824016723951,0.505367717733604,0.0214469856414314,0.81614666336554,0.757613038139324
2.61281039117983,1.25273845791104,0.562297825364325,-0.434928563197163,-0.235705671761767,-0.701677757578516,-0.62560032120972,-0.0265494621746544,-1.01031703616824,-0.937857610173815
-1.74835099542306,2.3355629781115,-0.280429281827322,0.191326688256918,0.103687799325122,0.308670648333987,0.275203901876777,0.0116792068921356,0.44444221183971,0.412567041566687
-2.27362651067697,1.0938246147998,0.000484421650867546,0.294581120990534,0.159645622032719,0.47525280676473,0.423724858536031,0.0179821952175628,0.684297032327482,0.635219595842602
2.02282884449642,0.855530491995079,0.357194146737128,-0.330436093986656,-0.179076906181836,-0.533098253531932,-0.475298575512562,-0.0201709000529871,-0.767586319614214,-0.71253541764055
-2.679243960859,1.55901634504915,0.257291705662132,0.329690275515267,0.178672716485673,0.531895011719719,0.474225791807958,0.0201253728538772,0.765853821058603,0.710927173003642
-0.597555522767274,2.34606088840945,-0.599187900250035,0.0365990590967758,0.0198345350023459,0.059045893715809,0.052644008842751,0.00223412628495798,0.0850177616328189,0.0789203308396009
-1.13281550208066,1.91599099544146,0.055328589656809,0.103209796984399,0.0559336327597672,0.166510146806149,0.148456752692418,0.0063002636132888,0.239751133901808,0.222556304039367
2.73715397077859,1.30421120342626,-0.323644133989742,-0.422476646263038,-0.228957465978029,-0.681588865077037,-0.607689510348273,-0.0257893564340374,-0.981391863447877,-0.911006936187092
-1.81727964159287,-1.89077134615626,0.398823568106974,0.30494375109176,0.165261557374545,0.491971016759018,0.438630443656146,0.0186147640557187,0.708368897494986,0.657565039035408
-1.46749563260027,2.72931273050303,-0.820055189464496,0.158350950956613,0.0858168913878004,0.255470322208506,0.227771671407595,0.00966626002173449,0.367841243327087,0.341459855708757
-2.47846079763366,-1.50288232383414,0.429697764009213,0.38738462439662,0.209939656417076,0.624974300535405,0.557213220655665,0.0236472246312285,0.899874873014763,0.835336303010288
2.42426531192399,2.04900628239456,0.0925194730063719,-0.41495949662652,-0.224883613500315,-0.669461317827528,-0.596876858282799,-0.0253304850311824,-0.963929905361307,-0.894797340888039
1.83473937337325,-1.70894941286125,0.10279483364716,-0.216379439139353,-0.117264915145744,-0.349088683726138,-0.311239725516472,-0.013208508755032,-0.502638483966196,-0.466589506539238
-1.831392120643,3.17541259336987,-0.159827756566496,0.173481111237899,0.0940165473652052,0.279880070926627,0.249534861809133,0.0105898544969549,0.402987839769891,0.374085756060399
0.925904901102717,-2.1354475863775,0.39723170044907,-0.0830409202349784,-0.0450032891466543,-0.133971349845151,-0.119445883228881,-0.00506908940291332,-0.192899854163991,-0.179065174348888
2.03628170544963,1.99855515803195,0.479596548992806,-0.371451388428935,-0.201304780704396,-0.599268935951874,-0.534294887893107,-0.0226746077892021,-0.862862772404247,-0.800978691504754
0.435625718613739,-2.59780118919646,0.250569922923457,0.00694704290260421,0.00376488819699304,0.0112077842160284,0.00999261175071807,0.000424070222963906,0.0161376290025609,0.014980246426027
2.52171699465499,-2.59774824828577,-0.374002235580254,-0.271272983033829,-0.147013983691435,-0.437649385516498,-0.390198482421927,-0.0165593902343853,-0.630153407714942,-0.584959124557419
-2.85369988586661,-0.069974775396202,0.855665344260081,0.382669241649312,0.207384196619499,0.61736689216486,0.550430624130715,0.0233593822440365,0.888921277586037,0.825168293896478
0.578658742795507,2.63127857536349,-0.00612761304944124,-0.1629954392577,-0.0883339305699362,-0.262963355345373,-0.23445229351173,-0.00994977478002923,-0.378630154545927,-0.351474991680782
0.249282811451398,-2.08167852516666,-0.150265113527824,0.0326088727353518,0.0176720889448591,0.0526084571910086,0.046904533258431,0.00199055225732066,0.0757487606989682,0.0703160979569313
2.57221880415394,1.65540877184574,-0.803764055032931,-0.39204124596929,-0.212463271117978,-0.63248690848873,-0.563911295231866,-0.0239314800441094,-0.910691969209305,-0.845377602545837
0.616751811790028,3.68323632829869,-0.212027343497884,-0.192965836931339,-0.104576121390202,-0.311315115181027,-0.277561649847364,-0.0117792658889747,-0.448249871236478,-0.416101617560528
2.0593830505945,2.16583115791657,0.451287171695769,-0.378833953646773,-0.205305696351793,-0.61117935583589,-0.544913954016703,-0.0231252637189072,-0.880012097698902,-0.816898075877344
-0.0613688334212235,-2.23673013170619,0.167597351285054,0.0706359866510093,0.038280545572225,0.113958256393379,0.101602653118472,0.00431185167967511,0.164083821387734,0.152315812844773
-2.11071082507291,0.556022360330696,-0.463204101319087,0.304120366979545,0.164815331668279,0.49064263695973,0.437446089698582,0.0185645019961709,0.706456217882119,0.655789535835388
-0.960351159835719,2.87877260243256,0.132800723188983,0.0463569244912622,0.0251227234829118,0.0747884263708841,0.0666797016936356,0.00282977830719329,0.107684788999833,0.0999616904872592
0.742219971634745,-2.58786428445544,-0.214612917443576,-0.0207834742188746,-0.0112634192527899,-0.033530337666004,-0.0298949051577643,-0.00126869125029569,-0.0482789585483574,-0.0448164161000084
2.8752819141436,-0.93470599851974,0.595619575592535,-0.407631906325966,-0.22091249102105,-0.657639589926398,-0.58633686796342,-0.0248831849502546,-0.946908284016668,-0.878996501602866
-0.58418440378024,-2.05368168458459,0.281041892980777,0.136365138388004,0.0739018755456172,0.22000023133133,0.196147325322183,0.00832417410565105,0.316769313654816,0.294050778958887
-2.47355855678755,-1.22133605913873,-0.377206620712146,0.407228889127045,0.220694079429719,0.656989395323575,0.585757168880783,0.0248585834621394,0.945972095464356,0.87812745601924
2.81677512817576,-0.0679960412773029,0.0371223942792134,-0.405347261960604,-0.219674348299597,-0.653953733740344,-0.583050640362469,-0.0247437227849858,-0.941601170804917,-0.87407001186201
-3.04537942330127,1.16798822476465,-0.489292072088203,0.421245816190359,0.228290428552451,0.679603145677489,0.605919086986877,0.0257142225402829,0.978532707493816,0.908352837449571
-2.30991755400811,1.62141386511989,-0.0346150349601994,0.285078618109569,0.15449582499821,0.459922254860104,0.410056478582027,0.0174021313584587,0.662223199152895,0.61472888680041
-0.984420192291085,-2.65078115690433,0.0115082419143842,0.221888151447653,0.120250312852496,0.357975984369763,0.319163445596364,0.0135447785736549,0.515434943806663,0.478468210762798
-1.524878798439,2.10953147686868,0.716971756746209,0.130008587898103,0.0704569994668978,0.209745098716215,0.187004076603277,0.00793614947109422,0.302003368636164,0.280343840036356
-2.7675095967711,2.0078167865958,0.178248271416103,0.331654052350581,0.179736967899182,0.535063206781591,0.477050484235436,0.0202452482155351,0.770415575240407,0.71516176048657
2.19545341543655,0.54021403309566,0.451554919635891,-0.349161414506357,-0.18922492731801,-0.563308136312721,-0.502233036762397,-0.0213139548691426,-0.811084291303393,-0.752913736836811
1.69335052215444,0.732668580499142,-0.0297609436648202,-0.265262207569135,-0.143756497316431,-0.427952097717392,-0.38155259576461,-0.0161924728384176,-0.616190680576669,-0.571997797135807
-0.210956708230305,3.23515605261604,0.333922845899562,-0.0797351998022104,-0.0432117833197332,-0.12863817401647,-0.114690941982054,-0.00486729741448977,-0.185220832934656,-0.171936888631831
-2.14428480258999,1.51783449672033,-0.510593037619154,0.281501000955365,0.152556967158111,0.454150423357976,0.404910441668786,0.0171837419047684,0.653912575603111,0.607014296961348
-1.95030555702129,0.110099574492026,-0.316995667931455,0.289248235221331,0.156755511957127,0.466649170111277,0.416054046976396,0.0176566584260253,0.671909008636973,0.623720034935245
-0.472964988421218,-2.23414031263569,0.305000465828497,0.124940420217978,0.0677103510084391,0.201568536324727,0.179714034980526,0.00762677193762262,0.290230271666522,0.269415103616974
2.94262774135255,-2.17495427134705,0.216113309847519,-0.36604762594635,-0.198376259623518,-0.590550952673437,-0.526522127419535,-0.0223447444512379,-0.85031010569634,-0.789326295693797
2.37100908525746,-1.84690532649725,0.677454828159362,-0.310221994743024,-0.168122054639654,-0.500486498340515,-0.446222658109436,-0.0189369653136396,-0.720629990311513,-0.668946772486761
-1.06505482886999,-2.46298594382885,0.238170283984973,0.219646285023489,0.11903535325632,0.354359142574563,0.315938749695142,0.013407927713846,0.510227201586891,0.47363396517672
-0.0321991094195527,-3.04820014761574,0.202791150616795,0.089770653246403,0.0486504081782828,0.144828544263118,0.129125916893845,0.00547989431928609,0.208532683289596,0.193576824889396
1.39373268103142,-1.87051998728722,0.715225939608721,-0.169981710554273,-0.0921200782466115,-0.274234427406446,-0.244501331300984,-0.0103762396324794,-0.394858909121931,-0.36653982820029
-1.8958582047251,-2.87927754195037,0.540669313761843,0.341135543130255,0.184875377612027,0.550359859500548,0.490688640427586,0.0208240294272445,0.792440598367328,0.735607160112987
-1.71030218835924,-0.95613972731143,0.598654849875427,0.253974171217775,0.137639046276862,0.409740913847879,0.365315908260515,0.0155034141756949,0.589969143534287,0.547656855445937
-2.23841688534195,-1.73217546420913,0.235266559580096,0.366742313888228,0.198752739583357,0.591671704719913,0.527521365079128,0.0223871504755755,0.851923830620131,0.790824285083587
-3.01775944256,0.924978140324644,0.565757071589167,0.386598760938636,0.209513764696111,0.623706453455169,0.556082836327426,0.0235992529551473,0.898049351982375,0.833641707421511
-0.927132255383859,-2.81994354996839,0.0450591082175587,0.21754991226374,0.117899242659289,0.350977028219286,0.312923331571685,0.0132799582632315,0.505357433784649,0.469113454654167
3.04559271889758,-1.769787544764,0.307158167740086,-0.396460473395027,-0.214858232169499,-0.639616524367545,-0.57026790257151,-0.0242012441417311,-0.920957610817441,-0.854906997538544
-0.105823764105241,2.84733952969941,0.48316500995171,-0.0885106728684958,-0.0479675730037011,-0.142795796173032,-0.127313563795344,-0.00540298099554816,-0.205605812652083,-0.190859867931215
-1.14971049342315,2.31186824213469,-0.0709838735026439,0.0981936677349043,0.05321518606658,0.158417538912944,0.141241563037719,0.00599406267584366,0.228098919572327,0.211739780618436
0.103690092255623,-2.25066176548467,-0.245158081302118,0.062143252522118,0.0336779837440726,0.100256781844397,0.0893867223919943,0.00379342740821105,0.144355629909593,0.13400251726489
-0.854685645761366,-1.77702187370725,-0.157754450562113,0.182789820428672,0.0990613196306026,0.29489797212612,0.262924489330919,0.011158088555299,0.424611500012023,0.394158578344789
3.09087915195034,0.456197572788812,-0.426714700056603,-0.444037751917415,-0.240642315680318,-0.716373768959328,-0.638702958910629,-0.0271055168508346,-1.0314772204571,-0.9575001967655
-1.42894061210763,-2.35043244751943,0.200573635571848,0.270046752517655,0.146349438954651,0.435671086660846,0.388434675052835,0.0164845371126053,0.627304936297813,0.582314944067255
2.49047932063195,-1.15634045229666,-0.0869342627423161,-0.320830595448819,-0.173871291565899,-0.51760153695644,-0.461482046824549,-0.0195845490020828,-0.745273232742369,-0.691822614055058
1.35747928514439,-1.42250547684352,0.179281700096713,-0.159020870328349,-0.0861799482410463,-0.256551114693282,-0.228735282008521,-0.00970715409153117,-0.369397432116225,-0.342904435426323
0.683880556902548,2.47913432444467,-0.641825366127316,-0.150633398417867,-0.0816344323372157,-0.243019461498016,-0.216670760233354,-0.00919515537019783,-0.349913759443064,-0.324818121886603
2.33308866339024,0.662431089362789,-0.528733539094567,-0.337369815068655,-0.182834574736477,-0.544284545424853,-0.485272025184827,-0.0205941570684448,-0.783693002701862,-0.727486937577004
-0.463868472645886,-2.69731072432923,-0.174429225313331,0.15495869067469,0.0839784860582818,0.249997530147563,0.222892251425615,0.00945918535784151,0.359961194408822,0.334144959906776
-2.52348914307316,-1.45028385834868,0.353509486866137,0.395027498362243,0.214081644078256,0.637304681014975,0.568206714328996,0.0241137706583837,0.91762888235366,0.851817003793809
2.34564195784164,0.262708429091571,-0.20082131793235,-0.338878891195477,-0.183652405139699,-0.546719163985887,-0.487442677079313,-0.0206862760115035,-0.787198510154846,-0.730741031811395
2.26722615717635,2.21471832124568,-0.618238430145397,-0.371722817172745,-0.201451879101256,-0.599706836628938,-0.534685310421497,-0.0226911766875838,-0.863493287636359,-0.801563986503847
-2.51969323136588,1.76153103307376,0.0777232592909293,0.307021224103237,0.166387425420868,0.495322639824212,0.441618676421846,0.0187415798038766,0.713194762138702,0.662044795111722
-2.2253878062317,2.04332477501359,0.107474274557681,0.254975475001626,0.138181693968877,0.41135633452419,0.366756181495735,0.0155645370339852,0.592295121538047,0.549816015485638
-1.69681848725131,-2.31259374830852,-0.0872391460649149,0.317892714469546,0.172279133063626,0.512861802866742,0.457256205066081,0.0194052111371252,0.738448683943423,0.685487518438569
-2.57647705755319,-1.42970351451414,0.315894101617818,0.403398252455324,0.218618099909436,0.650809363066891,0.580247189231136,0.024624748869458,0.937073720383258,0.869867267890928
2.44561032805544,-1.06345903606465,-0.998081079877512,-0.284331823647486,-0.15409110637256,-0.45871743846526,-0.408982291014483,-0.0173565445816843,-0.660488433420308,-0.613118537587309
-1.16203460093197,-1.869612550536,0.205830690311186,0.21679831312833,0.117491920183604,0.349764460362036,0.311842232972234,0.0132340781934807,0.503611507039135,0.467492744890332
0.174994656771134,-2.80295859678679,0.27305564297559,0.0499310235959024,0.0270596747472978,0.0805545821429309,0.0718206782518588,0.00304795300763047,0.115987240298564,0.107668694184974
0.565793636986335,-2.93249548207422,-0.372811699674928,0.0208048082609968,0.0112749810474278,0.0335647562443708,0.0299255919986244,0.00126999355001174,0.0483285164482753,0.0448624197324508
-2.30825164786277,-0.329109032779742,0.880325552439756,0.3110059835651,0.16854693041834,0.501751321038286,0.447350345965368,0.018984822555813,0.722451156659582,0.670637325706973
2.55617524813788,0.368106466873629,-0.507256829387327,-0.361378930067357,-0.19584610135955,-0.583018865033329,-0.519806685186774,-0.0220597519832033,-0.839464961499416,-0.779258959744386
-2.24893332226518,0.986599318095243,-0.0204560032879621,0.295027922675452,0.15988776223734,0.475973639634503,0.424367537130298,0.018009469453925,0.685334930024388,0.636183056042499
0.26878125378444,-2.56329126798314,0.548034703651871,0.019229388072512,0.0104211960692599,0.0310231036636025,0.0276595109468045,0.00117382474841385,0.0446688950983939,0.0414652645717719
1.85464579118548,-1.71573678262874,-0.247469109747768,-0.206416235950721,-0.111865445671464,-0.333014876063777,-0.29690867521877,-0.0126003222421699,-0.479494467297607,-0.445105367021065
0.532870533772945,-2.34049625298961,-0.479640286492512,0.0114493411568824,0.00620486874620197,0.0184714196962749,0.0164687079936349,0.000698905235689395,0.0265962399403432,0.0246887710858178
-2.24327326337567,1.58362079345837,-0.154085338360423,0.280924112374924,0.152244327515902,0.453219719054445,0.404080646360396,0.0171485267387816,0.65257249263292,0.605770324062876
1.5393215714677,-3.15758428840881,-0.215994360406526,-0.118367898278066,-0.064148431120658,-0.190964973241787,-0.170260133386798,-0.00722556369930167,-0.274962635901995,-0.2552424549547
1.86353474502656,-0.506183876723869,-0.157145085446765,-0.247634685056309,-0.134203418059372,-0.399513311408346,-0.356197204835374,-0.0151164312035642,-0.57524283808679,-0.5339867131646
-3.09327107152706,-0.38488500626026,0.706498348111675,0.432133678002361,0.23419100855479,0.697168721055915,0.621580164283811,0.0263788532401286,1.00382465933816,0.931830863320862
-2.35344605765275,-1.27843830456632,0.0866207200777967,0.374923842652936,0.203186646428536,0.604871106283663,0.539289658670983,0.0228865777536386,0.870929107790529,0.808466513403641
-0.837350913406102,2.87661129878342,0.0080451366535098,0.0331880195818779,0.0179859524343151,0.0535428047941917,0.0477375768519604,0.00202590527525626,0.077094089506962,0.0715649404643765
-0.909762115669665,2.81571438667307,0.000133897218348748,0.0457588969175231,0.0247986277510425,0.0738236181646198,0.065819500102199,0.00279327274790863,0.106295601218268,0.0986721345496081
-1.78408855025669,-1.23398548104075,-0.558149561236171,0.31474038410338,0.17057075562088,0.507776093879918,0.452721899765147,0.019212782580115,0.731125980074181,0.678689995181053
2.66914794281989,0.420540449175654,0.447114979081234,-0.413660741019898,-0.224179764434936,-0.667366012991722,-0.595008730977701,-0.0252512047406477,-0.960912961830298,-0.891996771018651
-0.407013957054332,-2.75306834229494,-0.202521857603944,0.1494660961489,0.0810018232406011,0.241136232600644,0.214991715129839,0.00912389942138517,0.347202175361241,0.322301011241405
0.64040866150835,2.37207011757618,0.358194779630813,-0.177170601647051,-0.0960160339221588,-0.285832389481819,-0.254841816974594,-0.0108150730600713,-0.411558339227881,-0.382041583639187
0.456296781344864,-3.24515527350054,-0.201200032520237,0.039885104132286,0.0216153779224814,0.0643473268865102,0.0573706490399664,0.00243471722277354,0.0926510779102948,0.086006189540792
1.05144468937778,2.04969675475823,0.773015881133828,-0.241604395002548,-0.130935355926153,-0.38978454038589,-0.347523248434606,-0.0147483225732466,-0.561234779545947,-0.520983305485644
1.41771214983965,-2.11249484892566,0.00527583723291178,-0.140506623672644,-0.076146316710694,-0.226681761020271,-0.202104428956191,-0.00857698391446919,-0.326389774328526,-0.302981265066927
-3.08201600915477,0.239181832768403,0.176254640629269,0.430701165732605,0.233414671253861,0.694857624286927,0.619519641678655,0.0262914080053503,1.00049700584947,0.92874186745455
-1.40712456060652,-2.20825261465802,0.820700568865945,0.240234232159124,0.130192808343032,0.387574033022512,0.345552409111812,0.0146646833514001,0.55805196061849,0.518028756719207
-2.53843576662771,1.19418475215566,0.309442571019094,0.318574927840889,0.172648852540763,0.51396242947327,0.458237499329922,0.0194468556728723,0.740033431071326,0.686958608305312
0.550462780164162,-2.38507929775442,-0.162099676262243,-0.00118219242169974,-0.000640678682632491,-0.00190725143776895,-0.00170046306756766,-7.21648924420067e-05,-0.00274617315287886,-0.0025492190056009
1.78802630396206,2.43805457435828,-0.292283106023476,-0.321164217782241,-0.174052095226243,-0.518139775625045,-0.461961928480096,-0.0196049144006133,-0.746048220534903,-0.692542020115731
1.68121019856976,2.14811994943847,0.395995247800887,-0.321785522600705,-0.17438880585414,-0.519142137411972,-0.462855612010887,-0.0196428408790571,-0.747491480177666,-0.693881769908088
0.882742980036075,2.04885151655792,-0.148570371771624,-0.184034999910984,-0.0997361335912787,-0.296906841675888,-0.264715552852642,-0.0112340983839552,-0.427503988918291,-0.396843619412071
-2.50889020507017,2.0905912099506,0.408930594893315,0.28354467474616,0.153664518016993,0.457447517557093,0.407850057707271,0.0173084944379366,0.658659926368104,0.611421170134544
2.39520721578245,1.80965402845293,-0.239507238937632,-0.391542201689149,-0.212192818502899,-0.631681791738413,-0.563193470999631,-0.0239010167488462,-0.909532714608222,-0.844301489097451
-0.0640060247556665,3.22663379218799,-0.198527449441691,-0.0814664304159487,-0.0441500083739491,-0.131431198245482,-0.117181140418508,-0.00497297739411026,-0.189242394015258,-0.175670025389106
0.769749864182569,-2.63175282037918,-0.242597801339672,-0.0224124069665782,-0.0121462048871245,-0.0361583229821506,-0.0322379585610664,-0.00136812663355105,-0.0520628868644916,-0.0483289629942959
1.58158629682955,2.36846784955303,0.259184504456841,-0.309173759596171,-0.167553972912308,-0.498795362486267,-0.444714878901389,-0.0188729776114364,-0.718194993127169,-0.666686412066877
2.18520274224969,-2.02180222911142,-0.236457762457158,-0.245185128946188,-0.132875902882604,-0.395561400258209,-0.35267376853115,-0.0149669022859593,-0.56955264323982,-0.528704616209329
2.06553710308577,-2.13096887972681,0.595027085977773,-0.254598611270492,-0.137977456017116,-0.410748333762339,-0.366214101505595,-0.0155415320390932,-0.591419686167513,-0.549003365896372
-0.32795211955616,-3.23853757041442,-0.251631022464453,0.15456110563576,0.0837630183778096,0.24935609934221,0.222320365950368,0.00943491546654105,0.359037624489195,0.333287627953892
-1.13192792666777,2.91948923376265,0.338456130774925,0.0624430155566047,0.0338404376580985,0.100740394721642,0.0898179009038932,0.00381172592437876,0.145051964264663,0.134648910872786
-2.55426922178451,0.157372721228692,0.498930099465711,0.345468698811749,0.187223692846251,0.557350614348837,0.496921442353189,0.0210885394240519,0.802506299670553,0.744950954418158
1.37855804217725,-2.11499851621085,0.0603762811614057,-0.136772562116591,-0.0741226752165614,-0.220657535064517,-0.196733362747728,-0.00834904458275114,-0.317715738352483,-0.294929326556708
2.13263687236589,-1.31789583919744,-0.138623822671138,-0.262480689699374,-0.142249078412531,-0.423464626930992,-0.37755166637064,-0.0160226798891377,-0.609729355366002,-0.565999874895858
-0.745802784450715,-2.71557172941284,-0.33042766429312,0.201780383167231,0.109353086431388,0.325535774756491,0.290240474424797,0.0123173346241165,0.468725615949011,0.435108852235552
-0.711840179070416,2.50571683258282,-0.457757537127605,0.0431342107740569,0.0233762024082189,0.0695891667090599,0.0620441571301099,0.00263305332020756,0.10019858816894,0.0930123961873526
-0.858496803628591,-3.38077575216563,-0.580432488089634,0.247212205052186,0.133974458773632,0.398831717125977,0.355589510495088,0.0150906416421554,0.574261438423205,0.533075698987698
2.36544158782939,-1.95187343821668,0.0356457337181507,-0.283098724700174,-0.153422839350527,-0.456728058651107,-0.407208604108635,-0.0172812721884006,-0.657624006985325,-0.610459546365088
-0.47336600065935,3.12561662255959,-0.108146584964566,-0.0226472264414166,-0.0122734632158318,-0.0365371612937324,-0.0325757223947528,-0.0013824607824036,-0.0526083606179495,-0.0488353156465
1.20459822923404,-2.6030048890835,0.0913904926935,-0.0980130555023447,-0.0531173048713535,-0.158126154080911,-0.140981770786152,-0.00598303751437491,-0.227679366498705,-0.211350317678703
-1.4441054813105,-2.38102536173151,0.105651188157025,0.276582684220633,0.149891529088523,0.446215618083017,0.3978359453275,0.016883511763175,0.642487574794144,0.596408691422348
-0.582985663464466,-3.64650468931855,-0.391725015880534,0.208749572345449,0.113129976605745,0.336779287941198,0.300264941331304,0.0127427567281857,0.484914689628776,0.450136853752597
0.419388290805751,-3.63775241902541,0.189140021168518,0.0430398934941838,0.0233250879961237,0.0694370030135883,0.0619084913551365,0.0026272958849267,0.0999794939021474,0.0928090152503785
1.86813535132209,1.84396783053941,-0.0584696877276466,-0.323125688318811,-0.175115096761631,-0.521304249895346,-0.46478330353236,-0.0197246489782518,-0.750604617301469,-0.696771634414527
-1.52496529052001,1.60314999750532,-0.202304938449084,0.178517718145181,0.0967460917431462,0.28800571577857,0.256779506483284,0.010897305457615,0.414687622661829,0.384946436450587
2.29242008678117,0.290695527965669,0.061592898318127,-0.341515176750759,-0.185081116680729,-0.550972328972727,-0.491234704620711,-0.0208472035052441,-0.793322468050657,-0.736425782549394
-3.06080386035232,0.723195490768391,0.235033598952546,0.410846032786052,0.222654358308019,0.662824995618101,0.590960060634551,0.0250793857429764,0.95437453708396,0.885927278782672
1.50045954936379,-2.70904479310765,-0.346634705205644,-0.121658232935067,-0.0659315987630598,-0.196273326932876,-0.174992943766452,-0.00742641648964464,-0.282605916753053,-0.262337563575304
-1.52795340128992,-1.9041928548762,0.405276666960015,0.263408378059267,0.142751830879389,0.424961282573281,0.378886051336451,0.0160793090211492,0.611884328466332,0.56800029441717
-1.64866842196734,1.35931929122378,-0.489776972674236,0.214108804893553,0.116034365084149,0.345425430307779,0.307973650041731,0.0130699018132891,0.497363915552993,0.461693227500467
-1.55573914776593,-1.70404285664769,0.747287674492573,0.249014694473349,0.134951301905606,0.401739704418886,0.358182207448737,0.0152006714924729,0.578448530106324,0.536962494576538
-2.74450314690885,-0.545295652083627,0.407860584907451,0.397485282237139,0.215413618219065,0.64126986616003,0.571741985432591,0.024263801825664,0.923338189881714,0.857116842678359
2.09986416836763,0.905271760194363,-0.216510383210511,-0.322367877057949,-0.174704407679735,-0.520081659908889,-0.463693269424858,-0.0196783897000433,-0.748844260102988,-0.695137529142502
-2.59382089413313,-0.102847350220177,-0.0489524876010139,0.378813265289676,0.20529448448042,0.611145978952318,0.544884195927811,0.0231240008339172,0.879964039692613,0.81685346456692
0.166273563627699,-3.25657452625588,-0.470721734059311,0.0917579696950285,0.0497274166761453,0.148034716189422,0.131984468651095,0.00560120661594005,0.213149118801543,0.197862171985172
-2.53396339414842,0.649040034547099,0.193239434564148,0.33865134988361,0.183529091146769,0.546352067660243,0.48711538213978,0.020672386145526,0.786669943205548,0.730250373415922
-2.42620874511856,-1.6436987737821,-0.689353412356177,0.424464374479668,0.230034697629905,0.684795701315769,0.610548654391746,0.0259106938663573,0.986009255476055,0.915293171198239
-2.33461377465375,-2.20638364482117,0.753737127402957,0.376300006830982,0.203932446381651,0.607091295703768,0.541269130300748,0.0229705833165812,0.874125867514527,0.811434003139753
-0.914810720757353,-3.17466416597461,0.766371411626104,0.200527336514692,0.108674008927684,0.323514212965214,0.288438094782134,0.0122408445576557,0.465814852004543,0.432406846806551
0.133466650912924,-3.0021104907103,0.0399613646658831,0.0703603472672591,0.0381311652564479,0.113513562618226,0.101206174014537,0.00429502575005824,0.163443525052183,0.151721438238025
2.49242020048984,-0.987658455699313,0.209769845461054,-0.336922097181482,-0.182591938004182,-0.543562234430169,-0.484628028727184,-0.0205668269041001,-0.782652976713495,-0.726521501725632
1.66655582558988,2.16729804376414,0.144194890573001,-0.3111770438761,-0.168639635034518,-0.502027295590407,-0.447596398753258,-0.0189952646367448,-0.72284852110294,-0.671006191373763
-1.88711510833675,1.53609587674251,-0.00789349528979856,0.225750734695447,0.12234360553593,0.364207556589001,0.324719377133157,0.0137805632898389,0.524407529166837,0.486797286846567
0.562654261212858,-2.12468270845352,0.502578728773748,-0.0347983425878341,-0.0188586526844026,-0.0561407666927856,-0.0500538620422732,-0.00212420465900179,-0.0808347883350444,-0.0750373582675948
-2.67616243524043,-1.3678127461815,-0.49715951849156,0.445202979013227,0.241273800155273,0.718253649944033,0.640379019089487,0.0271766461242899,1.03418398401673,0.960012832613915
2.48777153504359,-0.660845775488678,-0.600345508006159,-0.316957946835021,-0.171772544046761,-0.511353726108506,-0.455911637286682,-0.0193481498630335,-0.736277266046478,-0.683471833533124
-1.20277744569328,-1.44162960270666,-0.30937090420788,0.22826605714609,0.123706762196804,0.368265569711387,0.328337411601855,0.013934106799995,0.530250495893742,0.49222119895994
-2.1738306069099,-1.38932013773532,0.108657622694082,0.351598334103533,0.190545594248825,0.567239660758427,0.505738296733249,0.0214627124126626,0.816745132170454,0.758168585064741
-2.1016354327322,0.99510628281779,-0.0695082882400873,0.275303578679367,0.149198329201529,0.444152015036796,0.395996082634659,0.016805430976906,0.639516277370265,0.593650493944413
-2.89870260950561,0.151203557711141,0.0154584671566902,0.412739166609108,0.223680325368491,0.665879221089046,0.593683140303292,0.0251949488240886,0.958772191124247,0.890009535303096
1.90085329384074,-2.68485290290776,-0.77870093420456,-0.164537200723187,-0.0891694745021343,-0.265450705727402,-0.236669959927905,-0.0100438889430757,-0.382211588386093,-0.354799566900332
2.10410248408382,-1.06355813068875,-0.320509162883837,-0.259523130521592,-0.14064625548536,-0.418693145664008,-0.373297519533248,-0.0158421408025746,-0.602859095108033,-0.55962234622303
-0.325513099531288,-2.77204572308465,0.43908995515715,0.115162017737799,0.0624110326366934,0.185792870834846,0.165648801629215,0.00702986626449856,0.267515537689032,0.248329458852775
2.47956424104883,-0.244435382659483,-0.0591171793789165,-0.347914226800576,-0.188549025018462,-0.561296026861369,-0.500439084616302,-0.0212378224519569,-0.808187137395662,-0.750224365339608
2.12648468035398,-0.0674139801643659,-0.623982874503669,-0.282018454778074,-0.152837396661271,-0.454985240541056,-0.405654746147937,-0.0172153289787287,-0.655114594639687,-0.608130107801579
-0.75539878960009,-1.83054546775585,0.323486027080233,0.152750759308953,0.0827819172656068,0.24643543636782,0.219716367640333,0.00932440600500265,0.354832281611981,0.329383890137352
1.65116069889934,2.95602878519056,-0.57213254090891,-0.307052833330067,-0.166404555760594,-0.495373635535411,-0.441664143066559,-0.0187435093344779,-0.713268188772565,-0.662112955624603
-2.08322959466858,2.02693915131097,1.02862053137202,0.201771038715103,0.109348022288555,0.325520699190595,0.290227033384711,0.0123167642081924,0.468703909259736,0.435088702339035
2.46538491759909,0.133392635636983,0.020081359226055,-0.360183220752802,-0.195198097316892,-0.581089806559023,-0.518086779449242,-0.0219867619754068,-0.83668738928866,-0.776680593605432
0.181949684803847,-3.54506675025243,0.297229231030266,0.0705620179223033,0.0382404588766977,0.113838921366707,0.101496256656263,0.0043073363865188,0.163911995775257,0.152156310478173
1.14128410633209,-2.86828771230134,0.403469919501431,-0.0920911915574938,-0.0499080033048107,-0.148572308771321,-0.132463774270068,-0.00562154756841338,-0.213923176320317,-0.198580714490847
-1.731842428065,2.32883256892422,0.01268319784951,0.178584104830694,0.0967820694177095,0.288112818564098,0.256874996950675,0.0109013579180535,0.414841835571774,0.385089589288757
-1.01936733005248,2.31801143897734,-0.614400575417507,0.0988072037250364,0.0535476864469667,0.15940736711504,0.142124071902344,0.0060315149195939,0.229524132620135,0.213062778108486
-2.44439296546568,1.21949480391722,0.256303423742647,0.306165690356023,0.16592377650547,0.493942392463899,0.440388078497607,0.018689355225445,0.71120740055115,0.660199966090407
-0.363341912255062,-2.19127847247894,0.583968499719981,0.0977802738375007,0.0529911509156728,0.157750603403364,0.140646938134032,0.00596882776011022,0.22713862647471,0.210848359255283
0.596279548838406,-2.94239670285419,0.223257136641837,-0.00477827580481914,-0.00258954413147458,-0.00770887482571995,-0.00687306176524527,-0.000291681585149428,-0.0110996928176705,-0.0103036284720338
-2.56938069445714,-0.381112573062531,-0.15718305384129,0.38763031408359,0.210072805760698,0.625370675947831,0.557566620179385,0.0236622223333867,0.900445597720751,0.835866095629499
-1.74387441201051,-3.14604239794107,0.574874047096246,0.326082102121759,0.176717298963085,0.526073883309343,0.469035802865026,0.0199051181473885,0.757472216911678,0.703146693259906
0.217960837407928,-2.79235207137513,0.247107345121389,0.0443507376511161,0.0240354883439727,0.0715518105162499,0.0637940068053163,0.00270731410011475,0.103024518523605,0.0956356522486333
-1.73407366495322,1.27623492091976,-0.452808497282435,0.227607853678525,0.123350054673762,0.367203678697017,0.327390653132595,0.0138939279073122,0.528721522556931,0.490801882816247
-2.29806711128586,2.39172397530625,-0.485849898527217,0.276277023261431,0.149725878846583,0.445722489982035,0.397396283253222,0.0168648532183902,0.641777539858513,0.595749579832588
2.78359641567151,1.23860732862942,0.557880588810707,-0.458961581202151,-0.248730152406788,-0.740450640319582,-0.660169363245121,-0.0280165162071047,-1.06614452043942,-0.989681175555986
1.48752069625504,2.27288220170979,-0.112740805953409,-0.279306371719717,-0.151367607336687,-0.450609790134291,-0.401753691639161,-0.0170497745574622,-0.64881456298111,-0.602281911221878
-2.77682888099448,-1.15207330064387,0.199767217142469,0.428048324417425,0.231976987465802,0.690577749606901,0.615703800367393,0.0261294698938705,0.994334589761465,0.92302141672642
-2.33941204716372,0.242736648696722,0.306541280726867,0.318841459202483,0.172793296844831,0.514392429119081,0.458620877474139,0.0194631256190239,0.740652569932458,0.687533342840987
-2.81933153086769,-0.308990071565059,-0.467515168536395,0.432664024646596,0.234478425208061,0.698024338450485,0.622343013770052,0.0264112273340881,1.0050566277465,0.932974475579093
-1.93993877448389,-2.13916052401852,-0.780765292035225,0.372683632857912,0.201972584627807,0.601256937156847,0.536067345661597,0.0227498280198914,0.865725213836392,0.803635840087535
-0.979246595575276,2.16919679312345,-0.0597077333968369,0.0775394400267139,0.0420218108122797,0.125095716873334,0.111532565786313,0.00473326105533313,0.180120194125815,0.16720206505431
-1.01441161868057,-2.17380132092023,-0.647170351831002,0.235492463309616,0.127623048831731,0.37992405549788,0.338731858873519,0.0143752302702193,0.54703707161002,0.507803849970141
0.45615969877504,-3.20767423569165,-0.83216742985108,0.0615147697164523,0.0333373830697661,0.0992428396868294,0.0884827140596628,0.00375506276194873,0.142895696165911,0.132647289229683
-1.04680972750757,-3.16770708071622,0.0737548920143913,0.244314573207671,0.132404112932445,0.394156917660056,0.351421563006538,0.0149137607160408,0.567530386326885,0.526827394537689
-2.34072591293182,-0.357504498181203,-0.243932098754512,0.357078447683267,0.193515493128648,0.576080822579662,0.513620880462737,0.0217972364713458,0.829475158612134,0.769985620459219
-0.0173068808669697,-3.3305508299284,0.342760643570233,0.0911403676850687,0.0493927127524276,0.147038328207361,0.131096111232188,0.00556350616903933,0.211714460595498,0.196530406738848
-1.62132487633648,2.10328530359021,0.202488797496209,0.162649091138883,0.0881462302832293,0.262404585947551,0.23395410711351,0.00992863255793144,0.377825605398101,0.350728144390244
-2.12532309295238,-1.71501056757287,-0.0688077053733589,0.360879943601903,0.195575680076626,0.582213841556443,0.519088944115061,0.0220292922171377,0.838305841198922,0.778182970964619
0.21050924275213,-3.6744627095279,-0.249436132177444,0.0900763131694182,0.0488160578586701,0.145321670692402,0.129565577477674,0.00549855280081866,0.209242715818216,0.194235934244775
1.64626685335481,-2.93637470096207,-0.885650104212227,-0.116352416514033,-0.0630561586802765,-0.187713361726022,-0.167361068699709,-0.00710253209966483,-0.270280773788088,-0.25089637361971
0.629633611225391,2.33774933675035,-0.167436884015172,-0.155627275568238,-0.0843408197029274,-0.251076169695648,-0.223853942515952,-0.00949999796672452,-0.361514283272684,-0.335586662024137
2.6681355435566,1.01013651665755,0.0378022896676,-0.416638994648891,-0.225793802536132,-0.672170880974018,-0.599292644669747,-0.0254330070842055,-0.967831294250874,-0.898418924142939
1.98873120271996,1.61464644959954,-0.0643411322426024,-0.333344941223082,-0.180653330105052,-0.537791146983193,-0.479482655197008,-0.0203484656033103,-0.774343424498219,-0.71880790638551
-0.97370317975769,-3.24264865390175,0.449750425332397,0.222493338601538,0.120578288655234,0.358952343250247,0.320033945512671,0.0135817211771311,0.516840762930489,0.479773205251269
0.86957877511753,2.58972535782045,-0.141761010325943,-0.19878519854612,-0.107729872729396,-0.320703591712394,-0.285932207229662,-0.0121344987574176,-0.461767953690794,-0.428650189989654
1.6251338185478,1.16070583684774,0.240513695507151,-0.278152069660316,-0.150742043588178,-0.448747534699387,-0.400093346009465,-0.016979312183966,-0.646133177728037,-0.599792833560732
-0.354499888147059,-2.6021776042918,-0.262044198207573,0.139465477335127,0.0755820767006041,0.225002061664474,0.200606846276431,0.00851342893637579,0.323971244089433,0.300736190591323
2.80672157896921,0.533020786404736,-0.247033340703227,-0.411880416247124,-0.223214933237288,-0.664493784308607,-0.592447915607201,-0.0251425278929698,-0.95677735750341,-0.888157770138937
-2.99078636663574,0.828349941040821,-0.284325225822526,0.416286318751843,0.225602672966216,0.671601902862364,0.598785356408764,0.025411478593826,0.96701204599453,0.897658431956499
2.05054823507623,0.0475918596912755,0.543176503739053,-0.316635406780967,-0.171597746329287,-0.510833366672477,-0.455447696358231,-0.0193284609630864,-0.735528021827927,-0.682776324730351
-2.39923867314835,2.71514139180052,0.358910110622968,0.250600323613003,0.135810619534183,0.404297827276775,0.360462973034228,0.0152974634818442,0.582131866332993,0.540381663795055
-1.65556169709779,-1.10426631368077,-0.549790006451716,0.291976520696666,0.158234082037682,0.471050760156996,0.419978407007328,0.0178232018958232,0.678246677690022,0.629603169574554
-1.28830911977626,-1.70279135437553,-0.0838383669025468,0.24038590475735,0.130275005960475,0.387818729042996,0.345770574654841,0.0146739419429259,0.558404288386483,0.518355815718174
1.8022183033877,2.14187306156889,0.782175539618862,-0.352962718531541,-0.191285010271036,-0.569440845704484,-0.507700824395588,-0.0215459989011305,-0.819914528131405,-0.761110673553029
2.30304623358515,0.0700133558826065,-0.284905944659548,-0.323863291830287,-0.175514834433235,-0.522494238370947,-0.465844270856079,-0.0197696747093371,-0.752318032921044,-0.698362164733904
-1.97090956756633,0.600077384663921,0.294629441985255,0.255310264063647,0.138363129927422,0.411896455496181,0.367237741371219,0.0155849736534458,0.593072819582058,0.550537937419924
-1.03416739105789,3.29133951719255,-0.718479849966002,0.0751758293934301,0.0407408730233102,0.121282463044338,0.108132753273363,0.00458897853076706,0.174629646270965,0.162105296510028
-0.335914187280918,2.9340531893644,-0.0291076470233798,-0.0395025502798395,-0.0214080562600154,-0.0637301461537377,-0.0568203843914198,-0.00241136488426388,-0.0917624246759858,-0.0851812700662445
2.53365680100738,0.220123623141071,-0.826777662711859,-0.342126103113831,-0.185412202796909,-0.551957947018446,-0.492113459803319,-0.0208844964488224,-0.794741619066904,-0.737743152773716
-0.148554931793598,-2.93132343811951,0.818810132439561,0.0807926553080654,0.0437848619387447,0.130344185235032,0.116211983734899,0.00493184795756676,0.187677248546226,0.17421713136019
2.69216843690208,0.509198617382958,-0.412150628061273,-0.388691289792465,-0.21064779212247,-0.627082366370683,-0.559092725384776,-0.0237269877611708,-0.902910190585745,-0.838153929142811
-2.65372427587451,-0.625961202609886,-0.164823004335139,0.407490106997727,0.220835644134581,0.657410822622788,0.586132904110961,0.0248745290554249,0.946578891355067,0.878690732816081
2.58940960944145,-2.76918013289318,-0.299912702992566,-0.278503783843698,-0.150932651965915,-0.449314961261787,-0.400599250943555,-0.0170007819681976,-0.646950191972218,-0.60055125195723
2.65383453320158,-1.81074460769694,0.330088211524851,-0.339568529774518,-0.184026148642197,-0.547831769808149,-0.48843465174613,-0.0207283738062168,-0.788800505664366,-0.732228133014564
2.77350758765425,0.407797075834804,-0.298922495895702,-0.401424089644061,-0.217548219908511,-0.647624412130767,-0.577407557637921,-0.024504239513855,-0.932487840105066,-0.865610284623022
2.36834880099752,1.47940154309519,-0.128664880544409,-0.381650937190319,-0.206832335562593,-0.615724044005921,-0.548965897160492,-0.0232972216089253,-0.886555807874496,-0.822972474474273
1.11441790067565,-3.14357257325064,-0.64390705485942,-0.0421116181195634,-0.0228220174018486,-0.0679394003303088,-0.06057326202859,-0.00257063091961612,-0.0978231571963211,-0.0908073299206662
-2.377978146473,1.580023885952,0.0411175821108569,0.29341535437885,0.15901384517193,0.473372055369759,0.422048022318691,0.0179110330102939,0.681589015499793,0.632705796609879
2.37990956418011,-1.58616119462564,-0.159456908200341,-0.28924150567692,-0.156751864940306,-0.466638313221132,-0.416044367214014,-0.0176562476326217,-0.671893376245958,-0.623705523691394
1.46953868790244,-2.92233477661611,-0.568431968608327,-0.102736563061086,-0.0556771678383215,-0.165746670349971,-0.147776054022606,-0.0062713758666336,-0.238651835453114,-0.221535846718495
-1.10034911650552,2.72245511809975,-0.49538489068583,0.0939260015740662,0.0509023622963938,0.151532439438636,0.135102961099483,0.00573355037359723,0.2181853471105,0.202537204551228
1.85618875285935,-2.26109414268346,-0.0855765086013428,-0.195936485267394,-0.106186037870441,-0.316107713412963,-0.281834624102206,-0.0119606039805742,-0.455150536946539,-0.422507371021829
2.58053853329361,0.217400843532719,0.420370441741847,-0.393762117729726,-0.213395882283654,-0.635263220600922,-0.566386593515739,-0.0240365276854398,-0.91468946719805,-0.849088402004014
-2.03055494228718,2.86393558362206,-0.640098476441534,0.228952475793922,0.124078760686182,0.369372980763054,0.329324754726462,0.0139760080395747,0.531845011666056,0.493701356868866
-1.24156736576951,2.01211216859971,0.260009292755706,0.10859388958402,0.0588514939222816,0.17519639632291,0.156201220048127,0.00662892623725556,0.25225810846728,0.234166284725198
-2.03165758868169,0.116807790685693,-0.399681972076276,0.303753512170205,0.164616517962785,0.490050783764155,0.436918406520283,0.0185421079786049,0.705604032730258,0.654998468970891
-1.73950076582087,-0.598510287166109,-0.199913254477698,0.276126650166382,0.149644385483344,0.445479890472455,0.397179986912801,0.0168556739527891,0.64142823077062,0.595425323015514
1.82203429021837,-2.85372364379785,-0.184350777577027,-0.169479849926636,-0.0918480993370216,-0.273424766994105,-0.243779456040495,-0.0103456044181526,-0.393693112288179,-0.365457641724848
2.8676147081228,1.08477784418508,-0.619086284727225,-0.423978796447245,-0.229771542928167,-0.684012309895312,-0.609850199981616,-0.0258810525949036,-0.984881282286756,-0.914246095674631
-2.78300864567629,-0.757004718210686,-0.342903945682886,0.436521840552559,0.236569134272933,0.704248219434864,0.627892087972483,0.0266467210361324,1.01401813881293,0.941293271611848
1.28033530227638,-3.05236848461428,0.782922977206096,-0.120234016197893,-0.0651597571523311,-0.193975613489776,-0.172944353437735,-0.00733947764131018,-0.279297533366628,-0.259266455769284
-2.07649127776866,-0.146843715413874,0.182667062110501,0.297218440026089,0.161074893659204,0.479507639083133,0.42751837263326,0.0181431857983199,0.690423390945654,0.640906575124371
1.37038825755574,-1.63749425994622,0.173233387720696,-0.154144074951876,-0.0835370123027711,-0.248683296542232,-0.221720509900734,-0.00940945854946466,-0.358068883320676,-0.332388364411203
1.66895552475856,-1.80567946562066,0.511513973228178,-0.204280772720473,-0.11070815034115,-0.329569696377768,-0.293837029445601,-0.0124699665813688,-0.474533894311158,-0.440500563816115
-0.938458170064041,2.65937186766821,-0.133867531961448,0.0594677867550263,0.032228038835253,0.0959404067456207,0.0855383381171739,0.00363010822618073,0.138140658365054,0.128233280330941
1.89172258616559,-2.14393509567815,0.381408315077565,-0.221446990241094,-0.120011229455024,-0.357264251381078,-0.318528880254186,-0.0135178486505421,-0.514410148655464,-0.477516913400668
0.661628494441991,2.84214196647241,0.798848667115656,-0.210370741704443,-0.114008554940524,-0.339394748448349,-0.302596827892781,-0.0128417182087997,-0.488680583985922,-0.453632660074299
0.839696671077701,-3.10389746036034,-0.391591753281565,-0.0128065653028659,-0.00694040431716725,-0.02066105283576,-0.0184209363215224,-0.000781754637120825,-0.0297490029286054,-0.027615419509792
-0.669548720974613,2.54556049300527,-0.065192251393913,0.0216770200141893,0.0117476684600306,0.0349719105195806,0.0311801795312274,0.00132323620848294,0.0503546201994724,0.0467432123490622
1.61150917929795,-3.46960300808281,0.341209661015952,-0.139399692419462,-0.0755464251498653,-0.224895929724629,-0.200512221393512,-0.00850941320993726,-0.323818429060384,-0.30059433537874
2.56512969135487,-1.87131110721291,-0.416781099188305,-0.298019109995217,-0.161508809637372,-0.480799373763348,-0.428670054615669,-0.0181920613122744,-0.692283306753923,-0.642633098713128
0.361355162728357,-2.6496424614788,-0.74547060242395,0.0551336829163846,0.0298792097556849,0.0889481222190423,0.0793041723643458,0.00336554035075959,0.128072754540773,0.118887441468408
2.67083781295861,0.192028200379475,-0.425982465983212,-0.375499107105037,-0.203498405888817,-0.605799190352914,-0.540117117836621,-0.022921693777519,-0.872265417992803,-0.809706984115199
2.68596644215868,0.730398353373211,-0.134883614913749,-0.404500836771658,-0.21921563568645,-0.652588181374291,-0.581833144169089,-0.0246920542227456,-0.939634967937145,-0.872244824067811
2.81709471730319,-0.1873984176212,0.196860895738615,-0.407530965791205,-0.220857787194796,-0.657476740819502,-0.586191675312687,-0.0248770232098303,-0.946673804264039,-0.878778838619305
-2.12786972308128,1.78389736860446,-0.0686291232662433,0.255133053906207,0.138267092456589,0.411610559290657,0.366982842657277,0.0155741561657708,0.592661169356727,0.550155810540207
-0.540832958944588,2.53884845809187,-0.603775129084715,0.0227407508474355,0.012324147936984,0.0366880458321307,0.032710247701659,0.00138816981807087,0.0528256130789143,0.0490369868710272
-2.76268668813563,1.04116779751609,-0.473435242308958,0.38376665903469,0.207978932224175,0.619137374573371,0.552009146966159,0.0234263721909572,0.891470522620863,0.827534708368888
1.42174309132889,1.58757985343436,0.190215143096167,-0.259962988515454,-0.140884632618287,-0.419402776157156,-0.373930210337052,-0.0158689911733215,-0.603880862962107,-0.56057083340425
-0.821246006491414,-2.67435424676546,0.126752593970395,0.194924971401133,0.105637856914951,0.314475820634481,0.280379664706142,0.0118988578654559,0.452800841438176,0.42032619448494
0.341633945333305,-3.71284573213661,-0.645247416620766,0.0866062630511442,0.0469354950182756,0.139723378945875,0.124574264760367,0.00528672959085968,0.20118196504784,0.186753296435971
2.86609242945894,-1.96260231549361,0.164867688857635,-0.359606514972334,-0.194885556741505,-0.580159397169844,-0.517257247079944,-0.0219515579681283,-0.835347730953553,-0.775437014887431
-1.36620815850404,1.7660905763234,-0.664985653991509,0.167369470151337,0.0907043977623245,0.270020054878889,0.240743890255631,0.0102167799334911,0.38879080689785,0.360906927193542
1.44013496056013,2.24643017645054,-0.00312527100742017,-0.275624653221678,-0.149372332697931,-0.444670010137437,-0.396457915574133,-0.0168250304172226,-0.640262117279222,-0.594342842592951
-1.48794161528324,2.73029238442825,0.249318930813448,0.12271753467637,0.0665056779329738,0.19798231671495,0.176516641140442,0.0074910797329725,0.285066621076111,0.264621787430936
-0.666053966518341,2.98942328999784,-0.840080660056697,0.0356476084374802,0.0193189047683854,0.0575109019457733,0.0512754442359683,0.0021760466244631,0.0828075899138278,0.0768686715165944
-2.27004136712825,2.56783375707928,0.0707518345579263,0.246830447642453,0.13376756873622,0.39821582130798,0.355040391448048,0.0150673379211142,0.573374635285003,0.532252496921302
2.00716956311416,-2.26147006592253,-0.0184768573654499,-0.220109693225447,-0.11928649321535,-0.355106767024893,-0.316605315068234,-0.0134362156663292,-0.511303675382258,-0.474633234816838
2.18849118929076,-1.49412355628137,-0.902757648403746,-0.23764123832848,-0.128787558367649,-0.383390711322216,-0.341822652295149,-0.0145063985261412,-0.552028567207578,-0.512437358032198
-0.863730339046848,2.24078352499929,0.34197036224995,0.0442348824316504,0.0239727016368166,0.0713648992911031,0.0636273609037945,0.00270024191854928,0.102755392713392,0.0953858280051861
2.06602594348786,0.0670213937723892,0.428788732097678,-0.315332206579424,-0.170891488555167,-0.508730891294975,-0.453573175957242,-0.0192489093599391,-0.732500753727901,-0.679966170764806
2.61208236417998,-0.168534615649479,0.118434663610692,-0.375720815315965,-0.203618558684503,-0.606156876036138,-0.540436022456156,-0.0229352275719348,-0.87278043494389,-0.810185064311469
2.23776881658807,-1.96017599679828,0.0720041484667996,-0.265752151954446,-0.144022018324333,-0.428742533450324,-0.382257330727458,-0.0162223806463342,-0.617328796582702,-0.573054288038471
0.460010757887107,-3.0613888740138,0.959355508803536,-0.00806154300165919,-0.00436888162661568,-0.0130058264613509,-0.0115957063252195,-0.000492102954606079,-0.01872655631653,-0.0173834971846219
-0.735682119068161,2.84363564471531,0.0363667908617619,0.018510288813175,0.0100314866127472,0.0298629684173477,0.0266251601000449,0.00112992857740764,0.0429984639198493,0.0399146358710906
-2.05370933648377,-1.28671258075193,-0.338243355242895,0.347280686829375,0.188205683658211,0.560273925891359,0.499527802067809,0.0211991490997679,0.806715456112435,0.748858232292441
-0.536339640924551,2.77021102609555,-0.301426914402842,0.00417696816985513,0.00226367079955818,0.00673877484006985,0.00600814214071187,0.000254975800198324,0.00970288561991746,0.00900699957886319
2.35082912573294,-2.85515083922846,0.100654899387643,-0.255943054117837,-0.138706064876809,-0.412917346612135,-0.368147945240677,-0.0156236012282473,-0.59454275884603,-0.551902453384574
-1.42679698010355,-2.59447218780914,-0.0429876536020389,0.285918903142427,0.154951210008303,0.461277901206364,0.411265142787935,0.0174534251054865,0.664175138748889,0.616540834277457
1.230639787578,2.84491749172725,-0.0383911446638009,-0.262301807172524,-0.142152134615951,-0.423176032663034,-0.377294362124092,-0.0160117603145635,-0.609313820311186,-0.565614141804659
-2.02720556785843,2.20236699332347,-0.00495650114266602,0.225635251047784,0.122281020198812,0.364021244827056,0.324553265699727,0.0137735137902317,0.524139266499112,0.486548263841466
2.11706866992652,1.6384888949894,-0.233646166986648,-0.34646583627224,-0.187764082636326,-0.558959313423764,-0.49835572275774,-0.021149407956336,-0.804822599516048,-0.747101130412201
-2.51475943397387,0.561854943938591,-0.127148127301563,0.350076902978607,0.189721068164119,0.564785109665713,0.503549873435742,0.0213698392801058,0.813210924682287,0.754887849147151
-1.54368964591336,-2.31050895468777,0.0760988068058426,0.289865801708129,0.157090196629383,0.467645500783208,0.416942353298863,0.017694356704476,0.673343584324512,0.625051723581248
2.16058672928495,-2.13993123672701,0.000726410533290878,-0.246604628592546,-0.133645188107862,-0.397851503537281,-0.354715573806459,-0.0150535531876404,-0.572850069063057,-0.531765552323042
2.45149788182247,0.608394495544863,-0.170589134343918,-0.365712383173159,-0.198194577780235,-0.590010099721386,-0.526039914926868,-0.0223242801357633,-0.84953135370425,-0.788603395400054
-1.11967336522471,3.03700338336729,0.174065249030151,0.0630389905349665,0.0341634210041343,0.101701891440358,0.0906751500465003,0.00384810618652743,0.146436383971069,0.135934040699213
-1.13914655652454,-3.00244911005452,0.324813188968642,0.243563685171363,0.131997175830603,0.392945497031261,0.350341487250524,0.0148679240541052,0.565786111428588,0.525208218151425
-2.85564706773152,1.69471438699108,0.696732111516796,0.335163727619317,0.181639005237916,0.54072542646726,0.482098793684975,0.0204594902742945,0.778568373229474,0.722729843934173
-1.30251586570611,1.73420896048304,-0.255066929162141,0.144376637324298,0.0782436362355025,0.2329253208383,0.207671048370109,0.00881322220681011,0.335379620140739,0.311326363691859
0.0888644729226812,3.7189710539416,0.349383839980275,-0.138187429480909,-0.0748894500177124,-0.222940165003024,-0.198768504958394,-0.00843541271478409,-0.321002403619029,-0.297980273855404
-0.966868191088643,2.57135108804039,-0.276943355858033,0.0713906568606088,0.038689532389289,0.115175778867623,0.102688169144512,0.00435791921784003,0.165836882083133,0.15394314491522
0.975507363987304,3.023201879939,-0.375095322860847,-0.218789846233508,-0.118571213861033,-0.352977435093134,-0.314706849959311,-0.0133556478886436,-0.508237737630807,-0.471787184567677
1.77464147383683,-2.32631264820553,-0.162998114586731,-0.179411611447652,-0.097230529278804,-0.289447849271441,-0.258065280710303,-0.0109518716287758,-0.416764091554478,-0.386873982046222
3.00260202955124,-1.74047015295534,0.219926385455144,-0.388007210101007,-0.210277061209723,-0.625978728797701,-0.558108746610047,-0.023685229299139,-0.901321108090688,-0.836678814839249
3.35456208535201,0.500279227643113,-0.112272503151323,-0.494723271398368,-0.268110882771039,-0.798145592335699,-0.711608902440467,-0.0301995267552893,-1.14921711650396,-1.06679584711642
-0.267008598212348,-2.75223392305061,-0.098128378380593,0.125493970076123,0.0680103424373961,0.202461587864768,0.180510259920354,0.00766056243165817,0.291516139966229,0.270608750093664
0.304905965627345,-2.88200761624619,0.173676527638471,0.0371826696703006,0.0201508175690017,0.0599874427267999,0.0534834730517112,0.0022697517833907,0.0863734594526761,0.0801787986986318
-0.995650641739878,-2.74507663072188,0.0747556869023642,0.224086660255564,0.12144177517365,0.36152287657434,0.322325775994491,0.0136789827427424,0.520541968478648,0.483208962212593
0.853466643248622,-2.70200139767679,0.131797692577894,-0.045847867852216,-0.0248468447588539,-0.073967156509138,-0.0659474757056246,-0.00279870382479148,-0.10650227619584,-0.0988639869024925
1.66244263461234,-0.865513127782407,0.156975287342937,-0.219072047992584,-0.11872415059783,-0.353432716061662,-0.315112768369971,-0.0133728744071163,-0.508893278032051,-0.472395709943449
2.3465934678574,2.50723211435332,-0.509738222214182,-0.395946752497314,-0.214579825691885,-0.63878772957679,-0.569528967523743,-0.0241698849377232,-0.919764263176671,-0.853799236186004
-0.503353336407173,-2.73827718310875,0.134248624778927,0.150765317814734,0.081705924882631,0.24323228933782,0.216860512813517,0.00920320816169871,0.350220201524208,0.325102586096935
-2.92846229059581,-0.14569557828551,0.0590267512555089,0.424462460848895,0.230033660554704,0.684792614022215,0.610545901829308,0.0259105770520753,0.986004810208638,0.915289044743149
-2.37898948780193,0.910113605652677,0.15652073116857,0.309716476397374,0.167848093462275,0.499670936868572,0.445495521595128,0.0189061068202406,0.719455696783969,0.6678566986961
2.46168938555756,-0.352262327876199,0.0288127905177906,-0.345237306926557,-0.187098292069308,-0.55697730582679,-0.496588608757167,-0.0210744145064832,-0.801968788034338,-0.744451992844182
-2.31251686507296,0.583616123900709,0.45163963464955,0.299395887206184,0.162254941818234,0.483020552200044,0.430650408030685,0.0182761042967516,0.695481490522364,0.645601910361937
0.565548479140411,-2.99619470225802,0.0049114862758438,0.00915486169955054,0.00496139598401227,0.0147696963865995,0.0131683336172912,0.000558842704235607,0.0212662803078011,0.0197410734578958
-1.56952638767562,-2.89911276256646,0.711063384064405,0.288549768063714,0.156376983884886,0.465522320990824,0.415049373300914,0.0176140217059969,0.670286504786325,0.622213896238784
2.13966098495251,-1.73567266266731,0.174076902226867,-0.262096782028,-0.142041023059922,-0.422845262058777,-0.376999454391824,-0.0159992449090923,-0.608837557278854,-0.565172036115724
-2.42101472341293,-0.788361929877673,-0.7583330705537,0.400263460608168,0.216919227311289,0.645751949275489,0.575738111298681,0.0244333909210177,0.929791757605874,0.863107563794802
2.50972179127171,0.609615088814376,0.126410571622879,-0.38484997734753,-0.208566026961716,-0.620885110704816,-0.55356738972562,-0.0234925014843714,-0.89398701622388,-0.829870720325584
-0.766715731787789,-2.36450689764823,0.607403752762317,0.160339783643327,0.0868947215974277,0.258678940307887,0.23063240411849,0.00978766487452106,0.372461200983362,0.345748472342453
-1.06213153894167,-2.83523905118418,-0.40701039703161,0.253772717107855,0.13752987001132,0.409415904455384,0.365026137096837,0.0154911167578571,0.589501175834576,0.547222450152571
-0.0781291554507424,3.04842083099733,-0.457463442856609,-0.0646912307924628,-0.0350588379363822,-0.104367479164325,-0.0930517289223667,-0.00394896433642079,-0.150274454452623,-0.139496846710245
-1.34412971949605,-2.37854547181346,0.702641321748086,0.240573145211717,0.130376479261637,0.388120807299669,0.346039900926572,0.0146853717127351,0.55883923848384,0.5187595714149
2.18291452527434,1.62872001584246,-0.612924677771617,-0.341988939301492,-0.18533786808711,-0.551736658272647,-0.491916163667083,-0.0208761235210463,-0.794422994474091,-0.737447379775281
3.11989126389605,-0.368641973500207,-0.924157616225308,-0.405273218696178,-0.219634221210098,-0.653834278463909,-0.582944136688238,-0.0247392029419254,-0.941429172049735,-0.873910348770413
-2.70374027229725,-0.791770073661774,-0.35001441364317,0.42640500426699,0.231086404706347,0.687926552845612,0.613340052154572,0.0260291562564904,0.990517240237079,0.919477845576005
-2.37054091391673,-1.32267936418277,0.557634477165812,0.361749739369687,0.196047058167396,0.583617098080695,0.520340056499386,0.0220823873959567,0.840326332738313,0.780058553874412
-0.656113857583242,-3.15807483731713,0.46360145654216,0.173645016992268,0.0941053746329641,0.280144502909053,0.249770623497966,0.010599859840347,0.403368584540359,0.37443919400882
2.50647677353573,1.07805324088194,-0.11190063455837,-0.389996799575997,-0.211355301554035,-0.629188567836669,-0.56097056788359,-0.0238066803487575,-0.905942823727818,-0.840969063372305
-1.80705352322361,2.71655147861403,-0.739482948593623,0.204784531444006,0.110981157906952,0.330382419020979,0.294561634923195,0.0125007176616779,0.475704100325596,0.441586843248038
-2.07301219441434,-1.76892487913381,0.165166881482981,0.346538868423016,0.187803661761763,0.559077137453097,0.498460772048245,0.0211538660777119,0.804992249505405,0.747258613190269
0.826760884104991,2.79100247050001,-0.0184679690117,-0.203161160177888,-0.110101386268165,-0.327763406139061,-0.292226581143188,-0.0124016217694505,-0.471933091049661,-0.438086288846932
-0.606081983226542,-2.66699617204205,-0.33128040234525,0.180195641204826,0.0976554272419024,0.290712738010511,0.259193027447193,0.0109997313697615,0.418585352992707,0.388564623536775
-0.099625404900725,3.33791281315638,0.226929682564575,-0.0950439666863502,-0.0515082335591595,-0.153336071849604,-0.136711039741651,-0.00580179462098118,-0.220782323474801,-0.204947927086343
1.01068933308386,3.46137826755328,0.55950008511096,-0.270842261534569,-0.146780558000607,-0.436954495087781,-0.389578933532547,-0.0165330975851549,-0.629152863475339,-0.584030338843792
2.63481924209744,0.30072559945553,-0.344966478613237,-0.376523606231896,-0.204053624090953,-0.607452032476437,-0.541590755203941,-0.0229842325554198,-0.874645277604221,-0.811916161400954
1.88891982931469,2.08918616175505,-0.120085272515956,-0.331337224403088,-0.179565265807124,-0.534552062785663,-0.476594759588926,-0.0202259080012571,-0.769679599956251,-0.714478568976939
0.571160464975518,-3.61343744702517,-0.419896987235839,0.042378741943001,0.02296678278535,0.068370355805037,0.0609574923686645,0.00258693703157661,0.0984436723163249,0.0913833420106242
0.572892336938925,3.13354448337064,-0.116695622345026,-0.173409809320695,-0.0939779059244844,-0.279765038312978,-0.249432301282921,-0.010585501994696,-0.402822209025537,-0.373932004269119
0.742821993698232,-2.34139915655284,-0.155747907955006,-0.0304666427667208,-0.0165111264407813,-0.0491523606091774,-0.04382315422315,-0.00185978353267427,-0.0707724689217899,-0.065696703304959
2.51546989181834,-1.36597456354925,-0.48629875796977,-0.303678731123606,-0.164575991038791,-0.489930138211008,-0.436810841621743,-0.0185375430989073,-0.705430320144436,-0.654837214963719
2.57461162901435,-0.781656106310658,-0.00622975675088013,-0.347231315104168,-0.188178927090258,-0.56019427363496,-0.499456785883172,-0.0211961352881635,-0.806600768093982,-0.748751769640569
-0.608403741751879,3.06179227818336,-0.023585952835068,-0.00429286177072412,-0.00232647830717488,-0.00692574798659693,-0.00617484324996262,-0.000262050324690204,-0.00997210058818742,-0.00925690658599662
2.45547246815164,-0.894173910679932,-0.291238431150273,-0.316369166484999,-0.17145345976565,-0.510403836607865,-0.455064736882192,-0.0193122087845327,-0.734909559097511,-0.682202217833639
-1.04470030796117,-2.3805822965844,0.135538062033462,0.217912897423751,0.1180959592427,0.351562638442809,0.313445448654609,0.0133021160647445,0.506200629936999,0.469896177205645
2.52984478347375,1.09090125705126,-0.827011102584145,-0.367975267603841,-0.199420927898361,-0.593660850229258,-0.529294843084008,-0.0224624140034412,-0.854787919689229,-0.793482963135633
2.41639227308816,0.152441740793893,-0.127457792621753,-0.348379212904538,-0.188801020107468,-0.562046196968236,-0.501107919640284,-0.0212662067247398,-0.80926727657751,-0.751227037486546
2.62890903258014,-0.302624181585095,0.115713394534634,-0.373982085041747,-0.202676269255903,-0.603351752475434,-0.537935036524003,-0.0228290897885068,-0.868741452531628,-0.806435755671614
2.5969937735121,-0.529801136617412,0.0937254697060408,-0.36169910829563,-0.196019619106519,-0.583535414095061,-0.520267228870039,-0.022079296709579,-0.840208719316231,-0.779949375627377
-1.11490682744002,2.54096613304916,0.603090270608488,0.0619281496281488,0.0335614106412435,0.0999097526330267,0.0890773188463383,0.00378029682394886,0.143855956775439,0.133538680434776
1.04589772865938,-2.71845426373716,-0.331593488449748,-0.0563847269905548,-0.030557201979829,-0.0909664532160746,-0.0811036715025377,-0.00344190817328623,-0.130978866597061,-0.121585128640293
-2.34687878217991,0.764184955223857,-0.136587632953158,0.320079400825813,0.173464188312119,0.516389621706033,0.460401530074881,0.0195386936250923,0.743528245658692,0.690202776560989
0.288090140794109,3.1119777968938,0.0253826343979322,-0.136820177815181,-0.0741484801214868,-0.220734354292867,-0.196801853067411,-0.00835195120074685,-0.317826347209995,-0.295032002602995
0.664324782082584,-2.90066214226215,0.0601943980413181,-0.00997497243030167,-0.00540584771026758,-0.0160927951830762,-0.0143479791499137,-0.000608904945871446,-0.0231713560212272,-0.0215095181062908
2.3921211387303,1.12620792068466,-0.12511132659347,-0.374495184793467,-0.202954339108963,-0.604179545160638,-0.538673078116692,-0.0228604110757314,-0.869933357281698,-0.807542177616843
1.40357736822228,-3.66473030900905,0.175689815156715,-0.0975394433733372,-0.0528606349846907,-0.157362067458958,-0.140300528106072,-0.00595412668080696,-0.226579189497327,-0.2103290448145
-2.49529362201886,-0.803823910216031,0.153694189852561,0.378561693513739,0.205158147390927,0.61074011386424,0.544522335619817,0.0231086440698078,0.879379651191705,0.816310988113238
-0.143904501478885,-2.76291288190179,-0.116887392175679,0.10874719366575,0.0589345757077186,0.17544372444389,0.156421732313562,0.00663828441987109,0.252614226088867,0.234496861771378
-1.32027534382778,-1.47880883790224,-0.0900291861582536,0.23842491569462,0.129212265355557,0.384655031542749,0.342949892153524,0.0145542367560254,0.553849010059273,0.51412723964483
2.2319409427729,-1.82256059485377,-0.15236972130074,-0.260996568177497,-0.141444771935811,-0.421070268064815,-0.375416909126886,-0.0159320842567929,-0.606281816197099,-0.562799591489582
-1.85806832634546,-2.11348279839323,0.528506272462208,0.31290274694995,0.169574864487587,0.504811402143916,0.450078646388081,0.0191006071972496,0.726857241988186,0.674727408827988
-0.135322014324194,-2.86600304807401,0.300059355578725,0.0956051850720999,0.0518123808785395,0.154241495157584,0.137518295075292,0.00583605322702593,0.222086005375952,0.206158109582006
-2.44070525326542,-0.88093159179142,-0.285889576448912,0.388877620566406,0.210748772430406,0.627382977024225,0.559360743174115,0.0237383620011112,0.903343027541522,0.8385557232514
1.27027076691894,-2.69993957822038,-0.481348351270224,-0.0838934911440592,-0.0454653323782421,-0.135346817207568,-0.120672219413044,-0.00512113312001357,-0.194880333228538,-0.180903614458262
2.67160394681587,-1.6498994232619,-0.101032835058464,-0.331465941688076,-0.179635022996448,-0.534759724603107,-0.476779906258166,-0.0202337653253747,-0.769978603693592,-0.714756128317717
-2.22756792829013,1.63869316623032,0.141191008714229,0.266345090440958,0.144343356070582,0.42969913134433,0.383110212186639,0.0162585755510878,0.618706162672248,0.574332870129867
1.70384587609048,-2.65762978095217,0.319510369488298,-0.176552669725766,-0.0956811512059286,-0.284835469248123,-0.253952985011938,-0.0107773524743041,-0.410122914654528,-0.38070910698903
3.02548384470993,1.09382691616036,-0.497724763570208,-0.451387014188114,-0.244625183091312,-0.728230460623938,-0.649274122145819,-0.0275541398597104,-1.04854918469135,-0.973347768373746
2.29063648151844,-1.15715829979944,0.387165546043211,-0.309087544304002,-0.167507249300487,-0.498656269867394,-0.444590867008315,-0.0188677147479871,-0.71799471936769,-0.666500501839967
2.83996609480134,-0.728035408184655,0.680522171928968,-0.411868955116573,-0.223208721979384,-0.664475293868876,-0.592431429941367,-0.0251418282680709,-0.956750733877302,-0.888133055945806
-1.62138577298688,2.3770755533349,0.0628687043513919,0.159388273968305,0.0863790593804183,0.257143853326761,0.229263754623612,0.00972958161151318,0.370250892173825,0.343696685760966
-2.26888411083664,1.69328444057866,0.246576112475495,0.266846608122335,0.144615149123492,0.430508238475551,0.383831594153957,0.0162891898308531,0.619871162859199,0.575414317093613
1.17926810575673,-2.69054112883995,-0.0202209393401323,-0.087683182792898,-0.04751912210705,-0.141460792152152,-0.126123303828773,-0.00535246829456461,-0.203683595094121,-0.189075510842691
1.7077222195495,2.0889164572716,-0.183077273549566,-0.302936414581203,-0.164173699181938,-0.488732546121267,-0.43574309508435,-0.0184922296689976,-0.703705956392589,-0.65323652170657
-1.60649478549783,-2.63353847870682,0.0487346934697146,0.309702545263326,0.167840543607915,0.499648461529571,0.445475483081513,0.0189052564182487,0.719423335464772,0.667826658314322
3.07848115296345,-0.211367467892569,-0.470262998597461,-0.420435987836487,-0.227851549269017,-0.678296635617099,-0.604754231603311,-0.0256647879685661,-0.976651517221385,-0.906606565190444
-0.205180574032718,-2.91820325898418,0.0290464140961174,0.117029223328076,0.0634229481217066,0.188805265840346,0.168334586183017,0.00714384660146924,0.271852961757065,0.252355805064043
0.27027848078293,-2.3774387979091,-0.770455462584801,0.0609093367842672,0.0330092740696618,0.0982660842879726,0.0876118606163715,0.00371810515536115,0.141489306111536,0.131341764757513
0.416240878717548,-3.40090183866876,0.0465005750716237,0.0414531112909601,0.0224651454749862,0.066877019898341,0.059626067205457,0.00253043350878332,0.0962934791671742,0.0893873596248153
-2.76746076431242,-0.0421522562275849,0.272320145619473,0.390422878520888,0.211586211253758,0.629875968352297,0.561583438932632,0.0238326896012831,0.906932583548631,0.841887838120195
-0.0847073830275394,-3.22669002719721,-0.212229624102931,0.11771481711107,0.0637944995829125,0.189911346123333,0.169320742823793,0.00718569748860102,0.273445561410114,0.253834184276807
-0.148885951684948,-2.92908586247284,0.0750634700540916,0.107584793279094,0.0583046231426839,0.173568403837854,0.154749738067149,0.00656732769798907,0.249914028831519,0.231990321293373
2.56696480962346,0.836199283940825,-0.258884162172559,-0.386083617245392,-0.209234587147096,-0.622875363243828,-0.55534185473359,-0.0235678068990461,-0.896852699259608,-0.832530878025781
-0.371484797740529,-2.38412859457336,-0.122467327367189,0.130269730054572,0.0705985231391149,0.210166403864383,0.187379702926293,0.00795209044253653,0.302609988646592,0.280906953566958
0.773240842416585,2.85462915755207,-0.0275311860382268,-0.19704842700797,-0.10678864482041,-0.317901628214396,-0.283434038739307,-0.0120284805416463,-0.457733521323266,-0.42490510506763
2.58980305936735,-0.908674641870535,-0.593715531223891,-0.324390358501641,-0.175800473534336,-0.523344564128657,-0.466602402436296,-0.0198018485830229,-0.753542382118418,-0.699498704227114
-2.35401224321416,-0.199975441496338,-0.2830785799135,0.355627856406217,0.192729358070294,0.573740558636174,0.511534353051901,0.0217086876348246,0.826105508504662,0.766857639950346
-1.42107026989693,-3.06401011796594,0.51008426933145,0.279394100777651,0.151415151320419,0.4507513249376,0.401879880929696,0.0170551298261255,0.649018353141836,0.602471085655519
-1.93563866603917,3.28001786876482,-0.00823356150795788,0.179872204826275,0.097480143769329,0.290190932518702,0.258727797247491,0.0109799877552352,0.417834026657723,0.387867181945905
-1.03853057804153,-1.67255777007285,0.311734009316981,0.189200055569988,0.102535289629326,0.305239715115923,0.272144957938356,0.0115493902765839,0.439502151758388,0.407981280091699
-1.72700903336271,-1.57242034708918,-0.542311939679382,0.316204100816474,0.171364003892717,0.510137533315912,0.454827306775301,0.0193021326361864,0.734526119905173,0.681846278705921
0.525866541145255,3.08030317374123,-0.404469547978709,-0.15464157023156,-0.0838066254508114,-0.249485914263378,-0.222436106054003,-0.0094398272886731,-0.359224539672108,-0.333461137674581
2.45348830542242,-2.33177425625717,0.059850040690972,-0.2851434201063,-0.154530943864764,-0.460026801039869,-0.410149689636441,-0.0174060870843104,-0.662373730911017,-0.614868622497101
0.739351304542114,2.98679409501456,-0.41056597817531,-0.182362365921081,-0.0988296644568916,-0.294208352391448,-0.262309639675413,-0.0111319953339267,-0.42361854482869,-0.393236837404161
2.26899256993444,1.45104870361302,-0.115730988079535,-0.366934020792078,-0.198856633437146,-0.591980988776625,-0.527797115882306,-0.0223988528920712,-0.852369156053547,-0.791237672002526
-0.192541541642423,-3.14158685164313,0.65806084679248,0.0993053253226581,0.0538176390224503,0.160210995285725,0.142840568950004,0.00606192189129799,0.230681243876432,0.214136901931689
2.42192660200927,1.54664328622888,-0.411915757138465,-0.381202697284851,-0.206589415927119,-0.615000890830112,-0.548321149832842,-0.0232698595788762,-0.885514569264054,-0.822005912969467
2.27703546142341,-1.5848799627435,-0.0277394746435332,-0.279198306969916,-0.15130904260537,-0.450435447408312,-0.401598251532652,-0.0170431779316482,-0.648563534037573,-0.602048885946997
-1.1935126333327,-2.49210630919353,0.133464037112179,0.242822768777127,0.131595642771613,0.391750163824725,0.349275754683281,0.0148226960938197,0.56406500015006,0.523610544101856
1.6052367027942,1.45455568839922,-0.160157874014671,-0.269750611569769,-0.146188947998287,-0.435193317358429,-0.388008706542607,-0.0164664597004518,-0.626617015866566,-0.581676360940827
3.00990784968194,-0.235708809010376,0.62920334978838,-0.449448239680733,-0.243574481467355,-0.725102602249245,-0.646485393013718,-0.0274357907219336,-1.04404550965172,-0.969167094626333
1.91189490586838,0.789331586911018,-0.682551142676052,-0.274953021934983,-0.149008348087578,-0.44358645579071,-0.395491842558366,-0.016784031846537,-0.63870195179829,-0.592894571389911
-1.19899852864706,1.67769293498195,-0.242022606137848,0.130697052833233,0.0708301069235024,0.210855811078499,0.187994363103186,0.00797817562274413,0.303602637830289,0.281828410454088
1.55023975203601,2.11031721959313,-0.718021917385426,-0.261597572089536,-0.141770480667786,-0.422039878049029,-0.376281391877011,-0.0159687715015032,-0.607677917861874,-0.564095565450242
2.8823578338259,1.59831747259351,-0.3624827865508,-0.45092837588072,-0.244376628134275,-0.727490531526833,-0.648614417778933,-0.027526143077194,-1.04748379111961,-0.972358784289223
-2.47184147042515,-0.181889698012193,0.54072680002741,0.342367435774463,0.185542990888808,0.552347293165084,0.492460592189613,0.0208992281838408,0.795302222621264,0.738263550125166
0.65175253966808,-2.14268539556886,-0.282056922168575,-0.018810618537969,-0.0101942476395518,-0.0303474955458456,-0.0270571537380778,-0.00114826168620539,-0.0436961146678172,-0.0405622514608531
-0.398888818986708,2.8266997745909,-0.975498871960044,0.00694923565914129,0.00376607654192209,0.0112113218279951,0.00999576580706205,0.000424204075995565,0.016142722664999,0.0149849747735754
-1.92451282565011,-1.82372517073223,0.578518783083948,0.311891367941108,0.169026756616878,0.503179726933234,0.448623880970641,0.0190388693142692,0.72450785974678,0.672546523090709
1.62723685344415,-2.4820190938215,0.0726131525477604,-0.161933425490728,-0.0877583816417992,-0.261249990205478,-0.232924695165779,-0.00988494598578332,-0.376163150324523,-0.349184919752321
3.06766128454315,-0.354669052579961,-0.503248335455956,-0.413341295455745,-0.224006643748779,-0.666850645949661,-0.59454924115695,-0.0252317047384865,-0.960170905955146,-0.89130793501493
2.79330663855254,-2.30325872889365,-0.302264860652248,-0.321942617968708,-0.174473942293499,-0.519395582080531,-0.463081577654442,-0.0196524304941883,-0.747856404765349,-0.694220522289218
-0.7705836389897,-3.26141153423851,0.506863877847876,0.191721330227305,0.103901672035738,0.309307331036067,0.275771554048486,0.0117032971289053,0.445358945160094,0.413418027237762
-2.58683611028131,-0.0358197902014413,0.811506069974654,0.344753884751706,0.186836305715434,0.556197392488563,0.495893255327989,0.0210449048356277,0.80084582279305,0.743409566101091
-0.535087167370214,-2.67469016444276,-0.575686923199048,0.179005159786541,0.0970102564111943,0.28879211379149,0.25748064150455,0.0109270604898542,0.415819924920352,0.385997530564768
1.15596018687689,2.61292284358714,-0.0601954795917582,-0.243714368666738,-0.132078837412541,-0.393188597315044,-0.350558230070114,-0.0148771222675576,-0.566136141560727,-0.525533144299817
-2.54111256615001,0.298328794130888,0.151275613472595,0.351830432569534,0.190671377950962,0.567614109219489,0.506072146673606,0.0214768804622351,0.817284285158121,0.758669070273275
0.76185116927537,-3.77052334284084,0.281429496259032,-0.00563079175128891,-0.00305155757656346,-0.00908425351600767,-0.00809931889130605,-0.000343721947152115,-0.0130800442068549,-0.0121419500628573
-0.12861321723419,2.19627530269078,0.594056832382839,-0.0694788708866238,-0.0376534569612914,-0.112091461559661,-0.099938260261505,-0.00424121754842279,-0.161395900040413,-0.149820667854746
1.84713559135916,0.483613823929117,0.206331643876172,-0.288390511873259,-0.156290676406993,-0.465265390230109,-0.414820299534935,-0.0176043001871951,-0.669916560717467,-0.621870484371126
-3.1569631696353,-0.306612939094486,0.124523545720493,0.459922319431618,0.24925081595691,0.742000615886872,0.661551287073105,0.0280751628112631,1.06837626671378,0.991752862118182
-2.77176117689158,-0.20940313233397,0.387902698386868,0.39194808557716,0.212412783670919,0.63233661122022,0.563777293521763,0.0239257932290405,0.910475562334176,0.845176716262158
0.247249560875067,3.15453994665246,-0.0783722190177626,-0.128482875973819,-0.0696301534410013,-0.207283641336012,-0.184809495813068,-0.00784301502454178,-0.298459217067782,-0.277053873222945
3.15084495014512,-1.83055908069366,-0.236619802265525,-0.390187512316115,-0.211458656629619,-0.629496247991875,-0.561244888683769,-0.023818322078247,-0.90638583976921,-0.841380306527646
-0.586196979398602,-2.8253295533288,0.824512429450327,0.140463936877229,0.0761231829810656,0.226612893676483,0.202043028360363,0.00857437817284602,0.326290615063588,0.302889217454235
2.34177874476934,1.75642726149096,-0.0674954056818615,-0.388426787745761,-0.210504447587582,-0.626655640653608,-0.558712266202784,-0.0237108416910381,-0.902295765720377,-0.837583570517511
0.039480923077006,2.1381079049986,0.233886521907589,-0.0789633850006454,-0.0427935051433328,-0.127392991876104,-0.113580765211359,-0.00482018331435029,-0.183427946219983,-0.170272586844035
-2.19631325563709,-0.494087567879283,0.364643373656367,0.318462367769536,0.172587851609859,0.513780834367446,0.458075593162444,0.0194399846379263,0.739771959723378,0.686715889549974
-2.89860236131002,-0.0773048867239311,-0.268902037177536,0.429905717202961,0.232983584988444,0.693574313445148,0.618375470203704,0.0262428512251415,0.998649219180808,0.927026603109654
-2.89323723728943,-0.3498931692649,0.27875391393279,0.417655611089956,0.226344748786716,0.6738110058245,0.600754943598569,0.0254950646771808,0.970192842782216,0.900611103610005
-1.81182141841324,0.894133515368238,0.151169479302266,0.228630100285096,0.123904052142534,0.368852886790683,0.328861050479518,0.0139563291840066,0.531096149677743,0.493006202882972
-2.94269802287164,0.685258174325503,0.304704103641342,0.392458539660864,0.212689419727698,0.633160135603553,0.564511529591202,0.0239569530160354,0.911661321331371,0.846277433224795
-1.57412284256907,-1.49424535257761,-0.172961783292208,0.278477866884379,0.150918606500008,0.449273148984008,0.400561972044336,0.0169991999122248,0.64688998818764,0.600495365957582
0.29128295144762,2.4018536561467,0.312201146962512,-0.126085182912157,-0.0683307449826949,-0.203415401737075,-0.181360659207554,-0.0076966519970619,-0.292889497457067,-0.27188361108102
1.44589430174375,-1.897950036406,0.156987298702802,-0.156544917754919,-0.0848381277354434,-0.252556617673303,-0.225173877087559,-0.0095560138474615,-0.363645919621181,-0.337565418493634
2.49632765322456,0.71038722982042,-0.0932928049646266,-0.378054695263213,-0.204883384192245,-0.60992216483622,-0.543793070413481,-0.0230776952381744,-0.87820191992005,-0.815217723131732
-2.32195389390261,-1.56216170304267,0.522826475654779,0.363262711746497,0.196867000108692,0.586058002529082,0.522516312751576,0.0221747441788595,0.843840890982791,0.783321049782116
1.30086046567439,-2.7711930828136,-0.0343321427318405,-0.102257584570368,-0.0554175896995939,-0.164973926084051,-0.147087092379243,-0.00624213745279313,-0.237539192665127,-0.220503002107583
1.74632252946447,-0.487694968724905,0.051097600474921,-0.238805075067153,-0.129418289350902,-0.38526834921975,-0.343496712587251,-0.0145774429276487,-0.554732101037953,-0.514946995785903
-2.77516156331937,-1.29244010846361,0.383189599999738,0.425452284791233,0.230570086848575,0.68638951407208,0.611969662484887,0.0259709991432883,0.988304121121675,0.917423450242364
0.324425381532471,3.28488853703465,0.0315042546077,-0.147522689322824,-0.0799486111726715,-0.23800090082625,-0.21219632288037,-0.00900526751172264,-0.342687739679766,-0.318110348599934
-1.99267912032619,0.637638667839558,-0.247464649824512,0.276852161962242,0.150037570157069,0.446650371174557,0.39822356153847,0.0168999615660004,0.643113557946903,0.596989779380522
-2.04587020677872,-0.299290286434614,0.760089980059663,0.276610879650184,0.149906809351134,0.446261106256146,0.397876501573459,0.0168852329044237,0.642553071349735,0.596469490598153
-0.385238587256586,2.47481753631108,0.371037074298917,-0.0328904499729532,-0.0178246872277904,-0.0530627306082634,-0.0473095533587295,-0.00200774065295967,-0.076402850368441,-0.0709232766466796
0.169105892880371,3.17169610923812,-0.179673965817711,-0.114085873745181,-0.0618278259582733,-0.18405670915804,-0.164100878396718,-0.00696417491505844,-0.265015709668727,-0.246008917231641
0.612466347745775,3.05692617910509,-0.480045644974383,-0.163692475703696,-0.0887116832807221,-0.264087896274075,-0.235454909254657,-0.00999232416474035,-0.380249334925903,-0.352978045264204
2.63506683990181,-0.197792763188566,0.130051912811442,-0.378565820947431,-0.205160384216957,-0.610746772724253,-0.544528272511671,-0.0231088960218614,-0.879389239011242,-0.816319888299215
-2.27016798025408,-1.32254892915559,0.0677778540252894,0.364935320740198,0.197773455696609,0.588756451486718,0.524922189974321,0.0222768457030381,0.847726277007479,0.7869277778895
-0.587300724377081,2.83505974673397,0.116119171188933,-0.00549564571539229,-0.00297831638278492,-0.00886622008376662,-0.00790492512041725,-0.000335472191050296,-0.0127661068065765,-0.0118505280938821
1.84909201480144,-2.37238189823786,0.161083727194401,-0.200430674912783,-0.108621624031084,-0.323358267134541,-0.288299056939326,-0.0122349440172894,-0.465590311996332,-0.432198410693975
-2.68134064031527,0.454391927364727,0.637036302958737,0.349801382124089,0.189571752084207,0.564340607115816,0.503153564824003,0.021353020585901,0.812570903684142,0.75429373013075
-2.48926233461211,0.0635622539672212,0.0182945795336962,0.356269129126775,0.193076890125375,0.574775134984183,0.512456758370639,0.0217478330193286,0.827595152573212,0.768240447500973
1.37872335790835,-2.85799609261627,-0.14516738868567,-0.106854407841321,-0.0579087972420127,-0.172390060405137,-0.153699153205308,-0.00652274258173339,-0.248217380431777,-0.230415355657316
-1.62937034450431,2.45364838714522,0.156618829583021,0.154837483995445,0.0839127991750304,0.249801985319992,0.222717907995717,0.00945178650566617,0.359679637428434,0.333883596050381
2.63179931713176,-0.299378208972465,-0.126419485055221,-0.365768232720444,-0.198224844946327,-0.590100202759946,-0.526120248797019,-0.0223276893748168,-0.849661089375482,-0.78872382649467
2.02272317677956,2.64486705223912,-0.780593021586783,-0.34366658190952,-0.186247051597604,-0.554443228047153,-0.494329281229982,-0.0209785323135087,-0.798320073330059,-0.741064962110009
0.377111467803558,2.95603234404434,0.00786674646117441,-0.14429300087367,-0.0781983102039491,-0.232790388708994,-0.207550745877229,-0.00880811676428401,-0.335185336899618,-0.311146014346365
2.09893752378557,0.38919814755918,-0.559631094997157,-0.29421428973034,-0.159446821089476,-0.474660991561401,-0.423197209230775,-0.0179598026375138,-0.683444901879096,-0.634428579758275
0.742544475382696,-2.17139999903731,0.408590118814658,-0.0559265578304381,-0.0303089012729911,-0.0902272810023689,-0.0804446419560983,-0.00341394002905424,-0.129914562830691,-0.120597156200856
1.40087024925982,-1.8019938481824,0.471587130697469,-0.164305545267516,-0.0890439308855119,-0.265076971982552,-0.236336747212666,-0.0100297479363028,-0.381673464488998,-0.354300036976516
2.47476279869959,-0.752014192046354,-0.14237902517818,-0.328827639207057,-0.178205218400429,-0.530503305675165,-0.472984977575073,-0.0200727147118895,-0.763849960581391,-0.709067028384674
-1.64605271119797,-2.15618524057979,0.249908325657957,0.293676743982846,0.159155502946136,0.473793759729292,0.422424004569703,0.0179269890867427,0.6821962103183,0.633269443723615
-0.788686458375146,2.87622634044733,0.0155675204827115,0.0259129602283871,0.0140432986352269,0.0418058259766062,0.037273146935224,0.00158181185516899,0.0601944948932257,0.0558773762147862
-0.756865293834027,-2.04042522866005,0.495475060971783,0.15312671590055,0.0829856636011526,0.2470419736258,0.220257142802891,0.00934735562513002,0.355705609743291,0.330194583617523
0.35054783577429,-2.59277893194925,-0.784188778218353,0.0563630478651072,0.030545453170348,0.090931477908823,0.0810724882945555,0.0034405848085552,0.130928507086047,0.121538380887895
2.56517314540437,-1.82743050877073,-0.94261458122622,-0.28039965029107,-0.151960099947862,-0.452373595322703,-0.403326261213305,-0.0171165118576366,-0.651354193760464,-0.604639400968346
-0.108095796572438,-2.21876402029102,-0.535044865499041,0.102157832782876,0.055363530104364,0.164812994803641,0.146943609620056,0.00623604827739058,0.237307474312229,0.220287902477564
-2.68545279031786,-0.918280378032561,0.760381801748516,0.387575098156047,0.210042881979197,0.625281595138937,0.557487197706525,0.0236588517725549,0.900317333916106,0.835747030839943
1.65808327645101,-2.13739651980701,0.0325978034225871,-0.175388727401153,-0.0950503630013137,-0.282957661006969,-0.252278772845244,-0.0107063016274855,-0.407419135553359,-0.378199241555228
2.15640082579253,0.10213159037114,-0.852324416962461,-0.283241064640337,-0.153499979216826,-0.456957698133263,-0.407413345576135,-0.0172899610839505,-0.657954655461058,-0.610766480899652
-0.176574401620007,3.18152861951823,-0.216001592822531,-0.0632405809438479,-0.0342726711356889,-0.10202712072632,-0.090965117262316,-0.00386041192449973,-0.146904668286369,-0.136368739900658
-0.879525391281872,3.37458843959879,0.718424910984635,-0.00144303692750298,-0.000782041045715231,-0.00232807638098095,-0.00207566125049852,-8.80876943140717e-05,-0.00335210173587803,-0.00311169069759856
-2.93486465370533,1.68942906888468,-0.021223387694617,0.372626645408198,0.201941700785601,0.601164998320658,0.535985375035008,0.0227463493195515,0.865592834875417,0.803512955278577
-1.1565640580297,-1.849888077457,-0.108827993793013,0.226755040931484,0.122887880380239,0.365827821173245,0.326163969089222,0.0138418694276318,0.526740481715042,0.488962921219919
1.88090522160859,1.06260413635324,-0.686390480606161,-0.278634327429165,-0.151003398902562,-0.449525569481314,-0.400787024559524,-0.0170087507756702,-0.647253438113125,-0.600832749438539
-2.10256043110603,-0.671142976446228,0.162606889545412,0.317599641600373,0.17212030482527,0.512388983348665,0.456834649673755,0.0193873210105321,0.73776789050372,0.684855551159462
0.649339265736863,-2.79370992432038,-0.77002049810749,0.0188714190882358,0.0102271979577346,0.0304455861229675,0.0271446091203986,0.00115197315067588,0.0438373512683556,0.0406933586439531
-0.960805525255632,1.93697041514937,-0.186710629443114,0.0865019110811311,0.0468789423949878,0.139555026111608,0.124424165108417,0.0052803596052686,0.20093956070381,0.186528277208689
2.10675886149987,-1.131329419999,-0.208320478988779,-0.261895285383775,-0.14193182374329,-0.422520184044955,-0.376709622046892,-0.0159869448948214,-0.608369490774106,-0.564737539103569
1.81677475307997,1.01359636998832,0.0164312867878688,-0.293239886416424,-0.158918751868211,-0.473088969877518,-0.421795629574354,-0.0179003218719014,-0.681181412305288,-0.632327426509987
2.49980494822559,-1.67692504180149,-0.10277266056204,-0.305816811875701,-0.165734704911821,-0.493379540790188,-0.439886252432774,-0.018668058541804,-0.710396973501634,-0.659447662458309
-1.7095196384502,1.1269495815073,0.062080840327034,0.210033414356185,0.113825743380298,0.338850532415362,0.302111616951767,0.0128211266440443,0.487896989631472,0.452905264709971
-1.30755691407815,-2.85124053126319,0.228774189957495,0.266718699454032,0.144545830156798,0.430301881213361,0.383647610597238,0.0162813818673431,0.619574037497484,0.575138501412313
-2.91933693513694,1.03044852138042,0.334896730345627,0.37753410095125,0.204601252728828,0.609082281047624,0.54304424866126,0.0230459164584773,0.876992605685908,0.814095140301809
2.30592997912522,-1.02951748473619,-0.375447790291089,-0.287670681910076,-0.155900570952021,-0.464104076126728,-0.413784897645316,-0.017560359411636,-0.668244432150877,-0.62031828001821
-2.17922386625992,-1.27773006159397,-0.882603272705173,0.384726995545791,0.208499378066597,0.620686702041489,0.5533904929633,0.0234849942729125,0.893701335723797,0.829605528686237
-0.169298574564947,2.98371674995355,-0.00616682650829796,-0.0658552525162679,-0.0356896691706841,-0.106245415501566,-0.0947260552966901,-0.00402002003002588,-0.152978417994095,-0.142006883356386
1.52853835304,2.46610928257552,0.14817016422274,-0.300485246726848,-0.162845310534698,-0.484778034716339,-0.432217340450645,-0.0183426023652525,-0.69801201754535,-0.647950949268832
-3.13846126425899,-0.613100459973658,-0.12192884933727,0.475434245047158,0.25765736626635,0.767026273207757,0.683863607920296,0.0290220614912634,1.10440968470305,1.02520198162425
-1.24042019620826,-2.56914646317447,-0.602944806969525,0.278469098531746,0.150913854569179,0.449259002849369,0.400549359664538,0.0169986646632983,0.646869619748328,0.600476458332418
1.49422529660356,-2.56988021691807,0.629476229469646,-0.160168856223275,-0.0868020890003188,-0.258403180151026,-0.230386542480657,-0.00977723090568739,-0.372064145238949,-0.345379893234876
-2.737040851951,0.772908651705828,0.418488441805735,0.356050618822878,0.192958470407001,0.574422608539565,0.512142453613782,0.0217344944356185,0.827087564198277,0.767769263107137
-0.390936706769262,-2.59278209739313,-0.10945250843874,0.138932370080628,0.0752931639591205,0.22414199052972,0.199840025934253,0.00848088632573575,0.322732862923188,0.299586625494942
2.63636462187343,-0.22996595403033,-0.0253455559918285,-0.372175107996808,-0.201696994096082,-0.600436525221633,-0.535335884581847,-0.0227187859989546,-0.864543936325639,-0.802539283201403
2.55518614149512,-2.0428007835917,-0.411974451718888,-0.291558331098434,-0.158007447899307,-0.4703760876605,-0.41937688397776,-0.0177976742348242,-0.677275244422141,-0.628701407008504
-2.29835922423927,1.40307361481745,0.230122152315698,0.280489868096724,0.152008992686317,0.452519145265664,0.403456030313273,0.0171220190476015,0.651563765156163,0.604833942009718
-1.95027320003606,-1.77131678467776,0.326915328024572,0.323086069154199,0.17509362550727,0.521240331613278,0.464726315410161,0.0197222304948473,0.750512583987602,0.696686201683306
2.31593086176645,0.966137334893408,-0.155171037108338,-0.357573518943745,-0.19378379260101,-0.576879529588786,-0.514332989911931,-0.0218274572404928,-0.830625184089656,-0.771053166692111
0.822101063470386,2.60479207170548,-0.0963233782684551,-0.194035683062871,-0.105155914998745,-0.313041116409847,-0.279100514249857,-0.0118445727963735,-0.45073506964428,-0.418408578797556
1.06235583936717,-2.47323053526385,-0.390676268050172,-0.0640640387123183,-0.0347189367593076,-0.103355619356517,-0.0921495771668824,-0.00391067848026631,-0.148817518998989,-0.138144401929244
-0.768004676051908,-2.69958833741765,-0.0197783195157503,0.193297338864386,0.104755775918396,0.311849932971111,0.278038481523517,0.0117995018513304,0.449019933446276,0.416816451298763
-2.89192362247061,1.65329387686542,0.507726616811863,0.348463232117186,0.188846553573498,0.562181746614116,0.501228772697242,0.0212713355323116,0.809462448955429,0.751408212200397
-1.64005877886833,2.26829096116758,0.432323695950336,0.152060242699384,0.0824076979222625,0.245321414003752,0.218723130016269,0.00928225461243377,0.353228246481989,0.327894895594257
-2.10916925665522,-2.81699013493554,0.180085321135759,0.38299705325291,0.207561851206426,0.617895756282751,0.550902147644829,0.0233793929366113,0.88968276734733,0.825875169997873
-2.77132316484937,0.102472475338705,0.864142560418006,0.365258448899042,0.19794857213225,0.589277759722355,0.525386976831453,0.0222965705028253,0.848476887363687,0.787624554851229
-1.76641724826209,-3.17997922710566,0.117323599287464,0.346855901523922,0.187975475034891,0.559588612426566,0.498916791786988,0.0211732188152252,0.805728701350554,0.74794224708218
1.62097468813301,3.04824210225523,0.0924823398907802,-0.32945717175599,-0.178546387973775,-0.531518941401664,-0.47389049585589,-0.0201111434379147,-0.765312332825544,-0.710424520032333
-2.36544299988448,1.24303573511192,0.743651110377761,0.276501210840653,0.149847375313894,0.44608417567292,0.397718754190843,0.0168785383615567,0.642298316256643,0.596233006411276
0.514122305606048,-2.47136580833357,0.337808431328486,-0.0113483977417284,-0.00615016335894503,-0.018308565942392,-0.016323511199752,-0.000692743319436503,-0.0263617534967089,-0.0244711018911271
-1.12011749301603,-2.6162246768919,0.0635121982355638,0.238527788226159,0.129268016210304,0.384820997573391,0.343097863784317,0.0145605164318527,0.554087977742618,0.514349068686988
2.5896084071443,0.564921422982946,-0.250693144765927,-0.381416495880936,-0.206705282177295,-0.615345815795196,-0.548628677279193,-0.0232829105445292,-0.886011212580249,-0.82246693727863
-0.916589494549753,3.28408051956023,-0.167385149701307,0.0385786208952058,0.0209073409364122,0.0622395549311126,0.0554914063276362,0.00235496521239808,0.0896161834849038,0.0831889562060737
2.46627575129352,-1.08917477046169,-0.135901981597534,-0.317612929005082,-0.172127505816232,-0.512410420148014,-0.456853762248456,-0.0193881321171795,-0.737798756472249,-0.684884203436365
-2.80036910059952,0.414412968264165,0.832398517441625,0.361130261041125,0.195711337389477,0.582617683001449,0.519449000187789,0.022044572412431,0.838887315939135,0.778722742631047
-2.42386802321542,-0.632219384726258,0.0729058510550847,0.36597323743208,0.198335945428933,0.59043094039947,0.526415127138662,0.0223402035329976,0.850137304943247,0.789165888123172
0.224996139582069,3.19085584554483,0.168336627424932,-0.135270020753115,-0.0733083862702926,-0.218233459149974,-0.194572110442955,-0.00825732454302271,-0.31422541082396,-0.291689323550286
-0.133715346431221,3.08431269965691,0.0593265450146624,-0.0763967087230752,-0.0414025177320842,-0.123252128738406,-0.109888863507121,-0.00466350499861723,-0.177465687152665,-0.164737937976468
2.25401846539368,1.99336137242248,-0.756299335244496,-0.358128788502317,-0.194084716006339,-0.577775355551207,-0.515131688465199,-0.0218613527106677,-0.831915047166404,-0.772250521442455
1.01564210989402,-2.90382131805306,0.097419002973506,-0.0618676206834434,-0.0335286075172823,-0.0998121002418447,-0.0889902541408799,-0.00377660193917028,-0.143715351100871,-0.133408158927955
-0.723183604793159,-2.92220285217694,0.886143402180772,0.160928116305251,0.0872135632579495,0.259628107545593,0.231478660569371,0.0098235786246759,0.373827867975537,0.347017122670321
1.29834181438472,-2.50795247279966,0.0350753633575546,-0.112379663358024,-0.0609031603936218,-0.181304050492404,-0.161646669001018,-0.00686002225191111,-0.261052269307946,-0.242329732805606
-2.67729241904931,-0.495402802166691,-0.357299598791183,0.413867262153357,0.22429168672888,0.667699197100746,0.595305790537272,0.0252638114661769,0.961392699969196,0.892442102581269
-0.155243845266005,-2.77998557654949,-0.142954382859963,0.111839359825073,0.0606103476929487,0.180432369477419,0.160869497547204,0.00682704035689486,0.259797171551132,0.241164650024062
-2.92959126047709,-1.46391055621989,0.0351892008742628,0.46546063831615,0.252252258684684,0.750935681330923,0.669517593189346,0.0284132399121442,1.08124150113215,1.00369540844176
2.16313749692247,0.54025283981419,0.00601726978665509,-0.328442118050106,-0.177996288633643,-0.529881337738823,-0.472430444762032,-0.0200491812394067,-0.762954414448923,-0.708235710367132
0.200528156787264,3.15580582682437,0.26209362874026,-0.134059717435341,-0.0726524731372155,-0.216280855918393,-0.192831212722201,-0.00818344366953193,-0.311413937482478,-0.289079487652527
0.776738870696155,-3.0845609910751,0.764916489677911,-0.0460093031282605,-0.0249343331728278,-0.074227602826244,-0.0661796838636853,-0.00280855836210559,-0.106877282170217,-0.0992120976383701
-2.12113086515765,-0.370766202530518,-0.726678903026535,0.343226586837334,0.186008600176296,0.553733376403178,0.493696393253007,0.0209516735750525,0.797297987049976,0.740116179340131
-1.15657967415987,-2.7897777125178,-0.0205751982231279,0.252078765799155,0.136611848145352,0.406683023572605,0.362589561133542,0.0153877124289589,0.585566212692494,0.543569700573537
0.0140395553419701,3.10759520295753,0.158390397890657,-0.101974646050034,-0.0552642536815768,-0.164517456485869,-0.146680114212754,-0.0062248659600033,-0.236881940804775,-0.219892888017684
2.08327994328985,-2.03073287371381,-0.11991737731964,-0.234422250493876,-0.127043056501939,-0.378197462691099,-0.337192467033241,-0.014309900979217,-0.544551021413365,-0.505496098034125
3.02988233379157,-0.866121851633259,-0.203981038173544,-0.403173414652768,-0.218496251059364,-0.650446628359479,-0.579923783013653,-0.0246110240345322,-0.93655143354924,-0.869382439204048
1.55743108353301,1.03692994612182,0.338740403672453,-0.268179412964613,-0.145337450869708,-0.432658475530907,-0.385748697807278,-0.0163705485981093,-0.622967201041061,-0.578288308985564
-1.8109928457354,2.81994854093457,0.250470237399624,0.166528732666657,0.0902487675499859,0.268663678584296,0.239534575243983,0.0101654585673241,0.386837816279177,0.35909400407263
-2.77930462754402,0.214363251748916,0.348620344041805,0.381600599326249,0.206805055404264,0.615642833061019,0.548893491283766,0.0232941488210443,0.886438875564371,0.82286392849019
-2.76828036820551,0.288995774434444,-0.0726960803967494,0.392936598514494,0.212948499477273,0.633931396203086,0.565199168430531,0.0239861352922198,0.912771827848954,0.847308294777534
-1.27823847979927,2.60725536466483,0.078449130928285,0.102377492413586,0.0554825726901968,0.165167375477043,0.147259567566159,0.00624945701976881,0.237817732515172,0.220761565220695
0.466103478714384,-2.94076140824253,-0.821759672170496,0.0516116799191873,0.0279704915140066,0.0832660139962766,0.0742381307363798,0.00315054576713018,0.11989131986252,0.111292775140459
-0.450493169777793,-2.69205656244648,0.560387672019422,0.126380793703551,0.068490948625457,0.203892315728872,0.18178586514181,0.00771469704672898,0.293576186361619,0.272521051005223
-1.29401630213817,-3.03318805771564,-0.589146047370859,0.299770639118321,0.162458035288446,0.483625145927858,0.431189450384867,0.0182989803793042,0.696352020244268,0.646410006133208
1.69122316242374,2.1493875451801,0.22732456239587,-0.317186824140036,-0.171896582069311,-0.511722977814954,-0.456240853915919,-0.0193621212824028,-0.736808936440229,-0.683965372795586
0.621490620084974,3.72661317266132,0.145730693045569,-0.207861710663026,-0.112648807853,-0.335346885365053,-0.298987842973747,-0.0126885587468424,-0.482852231884178,-0.448222314432574
2.36756784247109,-1.57121687789833,-0.13479708446339,-0.288804495913902,-0.156515031380787,-0.465933277827963,-0.415415773299405,-0.0176295711272023,-0.670878224687957,-0.622763178288844
-0.869480097679582,3.10836593949965,0.0728198696611101,0.0284564984695251,0.0154217465931445,0.045909360120782,0.040931766937019,0.00173707774947234,0.0661030054731623,0.0613621314092569
1.07026863352345,-2.7659109311844,-0.736684136622216,-0.0438552801988824,-0.023766979578419,-0.0707524804573011,-0.0630813418587222,-0.00267706975655972,-0.101873595942185,-0.0945672732516805
1.02828462819426,2.39248413520262,-0.148886270426956,-0.215426112967371,-0.116748268494341,-0.347550666159115,-0.309868463176225,-0.0131503146071077,-0.500423955526171,-0.464533802957024
-2.0684275365134,-1.73144574835041,0.0949032110684692,0.347274372445608,0.188202261634013,0.560263738787047,0.499518719471616,0.0211987636491281,0.80670078811858,0.748844616279674
-3.33275465873976,1.195929285387,0.279832723571532,0.434099811528884,0.235256537156167,0.700340718208388,0.624408246570917,0.0264988724619269,1.00839188799434,0.936070532651644
-1.07053682936394,-2.75932031571772,-0.872122013142473,0.269449536076377,0.146025782808815,0.434707587068581,0.387575640192608,0.0164480810674994,0.625917632735897,0.581027137213973
3.21345749526373,-0.719268718997697,-0.437325956128183,-0.42567922425372,-0.23069307467458,-0.686755639423731,-0.61229609172555,-0.025984852270411,-0.988831290005328,-0.917912810840751
0.354244251047319,2.79648519361889,-0.358209457421893,-0.122960862483028,-0.0666375472765397,-0.198374881665106,-0.176866643340542,-0.00750593325823063,-0.285631859253695,-0.265146487012781
-1.55755148234578,-1.97041340209548,-0.0281660464163071,0.285309216093437,0.154620795527382,0.460294282567443,0.410388170232072,0.0174162078136937,0.662758866596523,0.615226136446356
2.04072125591451,-2.23523616378876,0.540693336128502,-0.245900369679167,-0.133263521245028,-0.396715310477294,-0.353702569281794,-0.0150105629198951,-0.571214111256953,-0.530246924581994
-0.439044872753809,-3.22545599693443,-0.191949329248596,0.168028171135339,0.0910613749099809,0.271082748545113,0.241691364351477,0.0102569891962045,0.39032093594016,0.362327316156121
0.162800733410493,3.03547808117803,-0.085134767661373,-0.112454139677905,-0.0609435221736776,-0.181424204424677,-0.161753795581294,-0.00686456853009306,-0.261225274029027,-0.242490329715738
-2.63076747090629,-0.762424236245043,0.0610000375345881,0.40017799807044,0.216872911648051,0.645614071088347,0.575615182165996,0.0244281740081618,0.929593232456857,0.862923276768898
1.10455987385897,2.71665787870316,0.631091563117555,-0.264371363143863,-0.143273712092691,-0.426514883030729,-0.380271207036078,-0.0161380927806942,-0.614121294071421,-0.570076825982337
2.59499734638049,-0.750794881936199,-0.373365169077747,-0.33787071539136,-0.183106033217339,-0.545092656560674,-0.485992519144743,-0.0206247336626174,-0.784856568795869,-0.728567053300226
1.99392597141188,-1.29397688429963,-0.465101862127767,-0.23143963333635,-0.125426653625211,-0.373385554952909,-0.332902276851025,-0.0141278322716042,-0.537622552736888,-0.499064535621074
-1.8146687165986,1.92181605843449,-0.300737142886067,0.214166519476481,0.116065642989742,0.345518542240531,0.308056666575188,0.0130734249002189,0.497497983607615,0.461817680262132
-1.82967885680726,-1.23368594501963,0.0955891498282275,0.297736213106295,0.161355496181129,0.480342971329841,0.428263136331715,0.0181747923608021,0.691626151601233,0.642023074395066
-0.516340261100323,-2.39854648379274,-0.37057971850023,0.160534093229469,0.087000025951767,0.258992423316861,0.230911898614346,0.00979952616725731,0.372912572315993,0.346167471551778
-2.70717000114336,1.41606986222403,0.189370371703547,0.340499705977773,0.184530791314785,0.549334052448331,0.48977405361842,0.020785215847596,0.79096358084827,0.73423607354212
-1.2733182043945,-2.27531737337765,0.655614620653776,0.228929677623916,0.124066405420443,0.369336200081903,0.329291961887165,0.0139746163647034,0.531792052671179,0.493652196066272
2.84522034472642,-2.08157818126078,0.0378932727251544,-0.348412045393136,-0.188818813383043,-0.562099166188758,-0.501155145822125,-0.0212682109272408,-0.809343544786539,-0.751297835778262
-1.25952409087166,-2.11964630344108,-0.01104899969151,0.246253636711776,0.133454971175611,0.397285242278153,0.354210707830913,0.015032127495123,0.572034732691283,0.531008691462791
-2.52657857712834,0.903922757415377,0.0475184752007437,0.335110472073016,0.181610143867618,0.540639508375259,0.482022191020328,0.0204562393815463,0.778444663291221,0.722615006410018
-1.57474809445838,-1.99689504144457,0.497673374217327,0.269634731042283,0.146126147575674,0.435006365303417,0.387842024238083,0.016459385974002,0.626347831267103,0.581426482124466
-1.74580296867535,-2.06222211292776,0.0334536868442627,0.313010640868425,0.169633336638384,0.504985469264768,0.450233840771174,0.0191071933949607,0.7271078740992,0.674960065730974
2.05260574125291,1.5891425021031,-0.551745770902883,-0.32420869860046,-0.175702024564406,-0.523051489074755,-0.466341103220411,-0.0197907594684345,-0.753120395363622,-0.699106982148588
1.24346355101661,1.62707178325458,-0.0459482295028466,-0.226945784227318,-0.122991252015222,-0.366135550624514,-0.326438333840678,-0.0138535130223422,-0.527183568735816,-0.489374230264036
0.812144078126159,-2.92538883788236,-0.248861666889642,-0.0193934335572822,-0.0105100990626688,-0.0312877610754962,-0.0278954736235503,-0.00118383862140673,-0.0450499644555119,-0.041819003827652
-2.01183381825824,1.73914212317465,0.462929437981187,0.220599532719806,0.119551957378533,0.355897033535441,0.317309899156158,0.0134661170713589,0.512441547731917,0.47568949953804
2.08703594904218,1.46353927744379,-0.412602801392438,-0.33037932543862,-0.179046140971449,-0.533006667853599,-0.475216919753683,-0.0201674347151217,-0.767454449150757,-0.712413004859925
-1.38262863487063,2.68864434773701,0.118629216141808,0.11350985393756,0.0615156571397772,0.183127406460693,0.163272332729305,0.00692901278180632,0.263677644813818,0.244766817710245
-2.69906056533931,-0.228656695301191,0.123761437248774,0.391573691198874,0.212209883963002,0.631732594307938,0.563238765443513,0.0239029389715238,0.909605863145309,0.844369391458516
-1.15991486755425,-2.13729542961974,-0.772988774992758,0.259897170614406,0.140848963191412,0.419296591001423,0.373835538008027,0.0158649734333472,0.603727971309682,0.56042890706368
-2.83267030299574,1.22983637961951,0.229990691149103,0.362775366789895,0.19660288783809,0.585271760499352,0.521815316801462,0.0221449950485743,0.842708813318068,0.782270164153982
0.0667215286002047,2.94493196205412,-0.00219940625592711,-0.0988471493200311,-0.0535693346073748,-0.159471812032879,-0.142181529561313,-0.00603395332937679,-0.229616924215257,-0.213148914737415
-0.158846503152159,-2.45895879499744,-0.164000061208956,0.103381997294076,0.0560269551881028,0.166787960537812,0.148704445251984,0.00631077528346891,0.240151146504387,0.222927627940741
-1.35083401487142,2.52269723674675,-0.470182219347669,0.135185601893297,0.073262636219028,0.218097264746417,0.194450682534358,0.00825217133968034,0.314029310085897,0.29150728705781
-1.66481608312221,-1.61037777340453,-0.1912454795687,0.295733310748155,0.16027004103804,0.477111654386716,0.425382165835335,0.0180525286492489,0.686973510810444,0.637704118644705
-2.57736856778291,0.521883703018967,0.198740499464906,0.348566529532353,0.188902534690154,0.562348398116848,0.501377355479742,0.0212776411444254,0.809702403621933,0.751630957439784
1.73465029878638,0.501839364287899,0.368817393172821,-0.27858480587741,-0.150976561137442,-0.449445675507159,-0.400715792864698,-0.0170057278181632,-0.647138402055185,-0.600725963708396
0.227033368164586,2.5708248760634,0.564693144901944,-0.131049468441024,-0.0710210954319669,-0.211424369261002,-0.188501276964654,-0.00799968822421601,-0.304421281447864,-0.282588341366146
2.76421550033632,-0.157000791674614,-0.111056800215194,-0.389729126251458,-0.211210238373292,-0.62875672584233,-0.560585547142299,-0.0237903406934523,-0.905321032144572,-0.840391866366401
-1.67283318223696,-2.94922700072486,0.107552046135313,0.326719160684731,0.177062547192893,0.527101660884185,0.469952146548445,0.0199440062859286,0.758952071705476,0.704520413617606
0.936832777740483,2.55923438622033,0.168599592656825,-0.218744568004758,-0.118546675727126,-0.352904386945219,-0.314641721851279,-0.0133528839574529,-0.50813255859741,-0.47168954892127
1.10728344743936,-3.19217580129604,-0.0870613506411248,-0.0596836086592934,-0.0323450015993268,-0.0962885959487148,-0.0858487758857148,-0.00364328270118343,-0.138642001723735,-0.128698667597923
0.984093275105346,2.41412303434218,-0.134882122241814,-0.210216486131053,-0.113924957502633,-0.339145885269452,-0.302374947003764,-0.0128323019440209,-0.488322256097374,-0.453300031280384
-1.31613337857453,2.4563354862698,0.052454656761056,0.113354375792972,0.0614313971402843,0.182876570886581,0.163048693296475,0.00691952188728244,0.263316476954263,0.244431552626605
0.44429440078245,2.60747688469509,-0.426528597783897,-0.127747869665678,-0.0692318233006766,-0.206097842973376,-0.183752264301106,-0.00779814783524366,-0.296751834620081,-0.275468943379412
-2.68697729221569,1.31183491059797,-0.258390849628269,0.356891627860309,0.193414247784941,0.575779422934901,0.513352159226331,0.0217858323782537,0.829041185620247,0.769582771790453
-2.41023862762483,-2.61789775993272,0.206977019320203,0.419392607938565,0.227286098800704,0.676613332819751,0.60325343617501,0.0256010966466395,0.974227798534536,0.904356674379928
-2.10975882077808,-0.559374318291393,-0.440037164860184,0.336973372754577,0.182619726345588,0.543644958197225,0.484701783402579,0.0205699569328072,0.782772087274219,0.726632069737284
0.471692892324787,2.56798583701014,0.647878272964615,-0.169232746745009,-0.0917141839625249,-0.273026111166353,-0.243424023349063,-0.0103305204316569,-0.393119104105654,-0.364924801118373
0.665690647952457,-2.75166311064029,0.100780934272007,-0.0161535655649627,-0.00875428138094313,-0.0260608261255592,-0.0232352543871482,-0.00098606648135538,-0.0375239151118805,-0.0348327189301527
0.361804126672489,2.87191784348245,-0.413451538260664,-0.124346778449956,-0.0673886321250228,-0.200610803814521,-0.178860141922713,-0.00759053410226511,-0.288851271889626,-0.268135005005459
-1.28798390427062,-2.21626321622311,-0.74126120874051,0.279610800601611,0.151532589865273,0.451100930503686,0.402191581496056,0.0170683578922179,0.649521735863521,0.602938366023425
2.56456921670205,-1.498155823587,-0.353947017135219,-0.311519771896075,-0.168825373440812,-0.502580224620287,-0.448089378008997,-0.0190161858761678,-0.723644660944408,-0.671745232469135
2.08377535436435,-0.243495524176606,-0.0412512470794799,-0.291529210331299,-0.15799166615821,-0.470329106624275,-0.419334996728185,-0.0177958966079425,-0.677207598354182,-0.628638612482269
-2.62148975813167,1.44320434677511,-0.0899704837993965,0.337395335842755,0.182848405493323,0.54432571853018,0.485308734212069,0.0205957149399759,0.783752286168232,0.7275419692632
-2.75779345764829,-0.776783229685101,0.59339811543769,0.399732628324069,0.216631547469807,0.644895548389746,0.574974563269093,0.0244009871820124,0.928558661080709,0.861962904327719
1.54969279448787,2.54606568750336,0.075279620207993,-0.303331933121127,-0.164388046941629,-0.489370643008109,-0.436312008111819,-0.0185163734144392,-0.704624725939635,-0.654089397567162
-3.06812796056236,-0.989961707217943,0.403019931138416,0.457798989773598,0.248100096308294,0.738575011502356,0.658497094204449,0.0279455478234004,1.06344387940142,0.987174223125048
1.54518620863829,-2.49601972632899,-0.0782590074255895,-0.144241301476497,-0.0781702921748484,-0.232706981179238,-0.20747638157418,-0.00880496086396877,-0.335065241817015,-0.311034532422245
1.28625825956864,-2.65641308477485,-0.174790822030959,-0.0985697398081422,-0.0534189949863753,-0.159024262479448,-0.141782504308824,-0.00601701934534813,-0.228972515961643,-0.212550723117285
-1.15580989656366,-2.15627095049744,0.577864493602363,0.211182204920829,0.114448320223177,0.340703896060649,0.303764034859114,0.0128912525778722,0.490565571961216,0.455382457666964
-2.86080071095097,-0.933184486651919,0.157753115269601,0.435030461295098,0.235760894530877,0.701842151538606,0.625746891217286,0.0265556823678671,1.01055374029165,0.938077337997409
0.633945914975922,2.95443169623098,0.132847144783736,-0.185775722985521,-0.100679503000312,-0.299715180255741,-0.267219405224541,-0.0113403578144333,-0.431547600504819,-0.400597225224159
-2.04772787198153,-1.34561205680901,0.0804052880904334,0.333112169187815,0.180527181368035,0.537415611841208,0.47914783639605,0.0203342564368664,0.773802706843242,0.718305968726814
1.18680834340035,2.90045830234146,-0.586917915684575,-0.237892775681475,-0.128923876801934,-0.383796520875166,-0.342184463089255,-0.0145217531889615,-0.552612875745732,-0.512979760258014
-2.74497324566927,-0.461067597489659,-0.55270538689608,0.429627430337139,0.232832769893273,0.693125348441475,0.617975182967183,0.0262258636845589,0.998002772878421,0.926426519608576
2.58781830401911,2.36277280408552,-0.248529593914448,-0.435757913081533,-0.236155130565263,-0.703015762060987,-0.626793256321277,-0.026600088404449,-1.01224357396784,-0.939645977658432
-2.12519721582469,-1.05365365153925,0.360154340940422,0.325341343418618,0.176315851363383,0.524878804508571,0.467970297120317,0.0198598998130831,0.755751471941578,0.70154935924731
1.29141852649383,2.79661596681705,-0.411904216163538,-0.256133734211142,-0.138809402259743,-0.413224974097673,-0.368422219081749,-0.0156352409648686,-0.594985699050526,-0.552313626142004
-2.27872021571856,-1.27699754818555,0.0482325505328054,0.365491451767789,0.198074845967421,0.589653667271975,0.525722127662796,0.0223107937600998,0.84901814123315,0.788126990267381
1.26524308480209,-2.50657636793278,-0.726564651395103,-0.0801924921271353,-0.0434596088335269,-0.129375931616827,-0.115348710290617,-0.00489521203383347,-0.186283099857261,-0.172922970308905
0.870956124376036,3.06919012585406,-0.977042272815895,-0.183411844533314,-0.0993984200692556,-0.295901494349853,-0.26381920748142,-0.011196058941324,-0.426056430520166,-0.395499879168908
2.03179244306805,-0.442661725629963,0.202593572739297,-0.286786043237951,-0.155421148881079,-0.462676873288724,-0.412512435258924,-0.0175063581733839,-0.666189461296051,-0.618410690632018
1.70490729018315,2.10375948019073,-0.16770022871955,-0.303535084606574,-0.164498143084762,-0.489698390805837,-0.436604220776849,-0.0185287744456314,-0.705096636556774,-0.654527462993915
2.39002815769223,-1.22960158996159,-0.193673519721828,-0.300279696347803,-0.162733914332485,-0.484446416742165,-0.431921677222159,-0.0183300548977481,-0.697534534419814,-0.64750771099116
0.530496920809842,1.954524528691,0.0080894879311528,-0.136041696139077,-0.0737265888916454,-0.219478416368741,-0.195682086678544,-0.00830443013277776,-0.316017973683245,-0.293353324709439
0.865537149417754,-2.34996900049149,0.673446858916034,-0.077790279343456,-0.0421577509520174,-0.125500400272351,-0.111893372526556,-0.00474857310773734,-0.180702881161089,-0.167742962070611
-2.3896314321432,-1.08703591569013,0.122616315326308,0.373038283540588,0.202164784415254,0.601829101224239,0.536577474450031,0.0227714770576454,0.866549049419786,0.804400590600254
-2.13910478879921,1.51382948182848,-0.157267347407163,0.268138207766382,0.145315120078513,0.432591998473426,0.38568942833769,0.0163680332980246,0.622871483451381,0.578199456212925
-2.46356791645889,-0.796568228448486,0.0698585922330605,0.376790323982827,0.204198169407066,0.607882332827381,0.541974401450184,0.0230005138793862,0.875264849438347,0.81249129785702
0.896195994755102,-2.69603764148999,-0.386052319905463,-0.0335200222208499,-0.0181658783156376,-0.054078430381786,-0.0482151287424515,-0.00204617180233942,-0.0778653148312785,-0.0722808538991457
-2.50302455387131,1.00537715671605,0.0866725813265386,0.327226670814241,0.177337587799845,0.527920435735405,0.470682148040425,0.0199749863643296,0.760130992046101,0.705614782388658
-0.770602444773507,2.97092215750843,-0.630736267709999,0.0437336327287956,0.0237010538124859,0.070556224494257,0.0629063643962138,0.00266964399706954,0.101591015026983,0.0943049588965582
1.43491711085019,2.80196785770858,0.0501302213656705,-0.293639502045284,-0.15913532000886,-0.473733676668654,-0.422370435845843,-0.0179247157170534,-0.682109699182537,-0.633189137122682
1.84718122531977,1.76143583636913,-0.348211432473645,-0.307156777734309,-0.166460887507232,-0.495541330836784,-0.44181365647677,-0.0187498544409211,-0.71350964636194,-0.662337095997994
-0.145053041578927,-2.71791114544987,-0.454187186533447,0.119707801816899,0.0648745799424209,0.193126662746815,0.172187447790162,0.00730735579421592,0.278075163996618,0.258131754111223
-3.16883790730248,0.328168988053099,0.238378079440955,0.43827937233112,0.237521613009816,0.707083675787026,0.630420117948537,0.0267540065248864,1.01810079616804,0.945083122849783
1.09959060117515,2.77223407450284,0.00310752404005146,-0.242701384005428,-0.131529859372738,-0.391554331677524,-0.349101155085575,-0.0148152863702984,-0.563783029469915,-0.523348796216042
2.0018340061305,-0.621630514710473,0.193314845102851,-0.276705292004581,-0.149957975288023,-0.446413423336987,-0.398012304103425,-0.0168909961433645,-0.642772386469832,-0.596673076548945
-2.04315959701931,1.771407191972,0.920692125813596,0.207634569641878,0.112525710794069,0.334980434835334,0.298661123811534,0.0126746933159198,0.482324594789957,0.447732519203443
-2.05671999854044,1.55362793285769,-0.347399514161025,0.261908871234973,0.141939186474677,0.422542102333175,0.37672916390639,0.0159877742196186,0.608401050018722,0.564766834935149
-2.22460035506819,-1.90523161436469,0.192099733822025,0.371554761549146,0.201360802848728,0.59943570959086,0.534443579569581,0.0226809180225994,0.863102902929736,0.801201599990608
1.73446633064378,2.3572149942312,-0.0133036758637825,-0.321048674101664,-0.17398947735482,-0.517953367010963,-0.461795730695449,-0.0195978612364006,-0.745779818413757,-0.692292867658737
0.251118867882932,3.04883203256144,-0.148502339370064,-0.123306782393585,-0.0668250154995836,-0.198932960227151,-0.17736421380491,-0.00752704934109555,-0.28643541369541,-0.265892410937027
-2.31623503250964,0.903709766516139,0.107277487515741,0.302639123672694,0.164012585014628,0.488252921567529,0.435315472473205,0.018474082059486,0.703015364661026,0.652595458864131
-0.804710609205722,-2.7401408430615,0.205524285173296,0.191696497990242,0.103888214425424,0.309267268759426,0.275735835411456,0.0117017812879273,0.445301261130408,0.413364480277461
0.102758032349604,3.62342410477266,0.208601329692315,-0.132217551183406,-0.0716541274992162,-0.213308857309604,-0.19018144469947,-0.00807099181567886,-0.307134678529921,-0.28510713498412
2.42590233470145,-0.709394711886351,-1.00682347813312,-0.291912844298642,-0.15819957317935,-0.470948029925052,-0.419886815011703,-0.0178193148801985,-0.678098760640719,-0.62946586106109
0.362734336151524,2.28596206332734,0.280891213214593,-0.131742484282618,-0.0713966692119082,-0.212542423679229,-0.189498109478751,-0.00804199217808277,-0.306031122167337,-0.284082725124784
2.0606677752072,-0.332907484776154,0.43191980471942,-0.302544431641809,-0.16396126750955,-0.488100153279783,-0.435179267657173,-0.0184683017481776,-0.702795399866604,-0.652391269833328
3.15277574194387,0.234349870437019,0.457260112702818,-0.478100672037216,-0.259102412690239,-0.771328065891542,-0.687698990837436,-0.0291848289167772,-1.11060365962608,-1.03095172780375
-2.4689967695752,-0.810580811585155,0.0681323537239717,0.378060132320119,0.204886330756943,0.609930936533966,0.543800891064582,0.0230780271339128,0.878214549928017,0.815229447321927
1.10670155577854,-1.95606864698663,-0.248102223107814,-0.0912802321425761,-0.0494685110528888,-0.147263973950624,-0.131297291970696,-0.00557204395303051,-0.212039358650331,-0.196832003269786
-1.07245555439686,2.88659422920958,-0.0384397307042437,0.0684541502481554,0.0370981187129069,0.110438262067636,0.0984643042723569,0.00417866524872876,0.159015525868739,0.147611012912736
0.109008823052216,-3.43296884534465,-0.816791791737839,0.117838591503919,0.0638615780157455,0.19011103348758,0.169498779647484,0.00719325308241395,0.273733083059229,0.254101085018909
-1.68235186593578,2.57138352713685,-0.295213764913555,0.175193654185893,0.0949446448049559,0.282642946021957,0.251998179946885,0.0106943937203299,0.40696599034894,0.377778595695301
-1.76008645970832,2.65486830035304,0.302701854593567,0.162313227302277,0.0879642118601445,0.261862731023172,0.233471001284546,0.0099081303307145,0.377045410707135,0.350003904867257
-1.59795495135518,2.92672981240379,0.383654015519831,0.127777280335561,0.0692477621519926,0.206145291714708,0.183794568546178,0.0077999431587374,0.296820154117449,0.27553236303704
-2.20838177027819,-0.996677718205044,0.281117924172744,0.338454806049501,0.183422575961588,0.546034980100461,0.486832673906394,0.0206603884669855,0.786213381827986,0.729826556389059
1.53129595573991,-2.95823893040416,0.6536375088715,-0.154606712903481,-0.0837877348314641,-0.249429678334374,-0.222385967347356,-0.00943769948334679,-0.359143567863464,-0.333385973123031
-0.686125535757204,2.36168480677006,0.640471825925246,0.00420357323121464,0.00227808917625414,0.0067816972447465,0.0060464108044436,0.000256599860170441,0.00976468783070404,0.00906436936640195
-2.24566777312447,1.59179962405592,0.513137409669782,0.256967712705138,0.139261369497115,0.414570445995941,0.369621811975558,0.0156861497401352,0.596922988875983,0.554111974522634
1.95233664628055,-0.707240658484178,0.32376663711212,-0.271676287122802,-0.147232550760281,-0.438300042963993,-0.390778594166605,-0.0165840092352077,-0.631090262698321,-0.585828788776013
-0.717086977782771,3.34884403571178,0.352024749278931,-0.0108708809936993,-0.00589137739868455,-0.0175381799311809,-0.0156366521239672,-0.00066359413515123,-0.0252525062629953,-0.0234414093070566
0.552337720644829,-2.66069180535746,-0.817244965395031,0.030523883938043,0.0165421477851597,0.0492447087788154,0.0439054898023595,0.00186327772101104,0.070905437265216,0.0658201352261581
-2.76255669265065,0.832056511531962,0.19321292409453,0.366056557486207,0.198381099992214,0.590565362080842,0.526534974527489,0.0223452896616464,0.850330853211314,0.789345555207507
1.23767182164763,-3.00871615442919,-0.744645564305485,-0.0603381030415793,-0.0326996990165462,-0.0973445030317865,-0.08679019921459,-0.00368323517916806,-0.140162359043197,-0.130109985660666
-0.865541534290025,-2.81976761491042,0.00234594517298609,0.21020537653117,0.113918936753652,0.339127961960216,0.302358966978896,0.0128316237777038,0.488296449059214,0.453276075109927
-1.95421699090389,-2.36371505780487,-0.141598457661665,0.358509683584211,0.194291138712837,0.578389860160817,0.515679567141707,0.0218846037923968,0.832799847160686,0.773071864029398
1.71124493899914,2.33056696784376,-0.454829228746632,-0.300975794535643,-0.163111158562598,-0.485569443962792,-0.432922943376549,-0.0183725470081123,-0.699151535273589,-0.649008741362896
-0.296236645413673,-2.5164835342665,-0.124835979074715,0.123521005047197,0.0669411115639691,0.19927856933156,0.177672351214706,0.00754012619260699,0.286933042075771,0.266354349662054
2.07033738726286,1.44258892963681,-0.0797168548768568,-0.33933732530131,-0.183900849431514,-0.54745876364109,-0.488102087723108,-0.0207142603288887,-0.788263429376703,-0.731729575566163
-2.51764862054085,-0.0602618282899281,0.138496668906835,0.359783103362053,0.194981257250843,0.580444290266773,0.517511251444518,0.0219623375010678,0.835757936843943,0.775817801019178
2.7254735196534,-1.18471179292532,0.447078885422568,-0.373098689453068,-0.202197520862993,-0.601926555125408,-0.536664362186197,-0.0227751644321344,-0.866689369296721,-0.804530846806703
0.668654834115063,-2.79720232901226,0.841879699600995,-0.0419166859236003,-0.0227163756296465,-0.0676249128541637,-0.0602928719720892,-0.00255873162073977,-0.097370339572591,-0.0903869881475068
-1.13363507524349,-2.25168255051479,-0.741054521519045,0.25842628680794,0.140051830776981,0.416923588769992,0.371719821865994,0.0157751858744525,0.600311182683585,0.557257168786858
2.33275727365107,1.07866499711471,0.0222496882896252,-0.369807813357169,-0.20041405979259,-0.596617327921601,-0.531930773001984,-0.0225742785905901,-0.859044830710512,-0.797434570655076
2.46598287727275,-0.847750223537568,-0.0433300435124594,-0.328229371764227,-0.177880992673636,-0.529538110483957,-0.472124430956445,-0.0200361945102109,-0.76246021559607,-0.707776955205637
-2.5114126437175,-0.407747216064165,0.252518124093937,0.365311420985088,0.197977279883781,0.589363220503035,0.525463171767471,0.0222998040922324,0.848599938838117,0.787738781136253
2.5572835392959,-1.7918032936176,-0.43572440079371,-0.298616231299381,-0.161832414224495,-0.481762719869266,-0.429528952630875,-0.0182285115498997,-0.693670389317141,-0.643920700417625
1.0916143935213,-3.38461863321305,0.0330441786547771,-0.0559185646795835,-0.0303045694558811,-0.0902143855141389,-0.0804331446248921,-0.00341345210098,-0.12989599514587,-0.120579920180984
1.47542246084863,-2.36955002207405,-0.0464181994486857,-0.139167221729326,-0.0754204397241656,-0.224520880747946,-0.200177836046751,-0.00849522243858597,-0.323278411414895,-0.300093047525205
1.18727961302067,2.29310815568699,-0.633358399130116,-0.217868074545096,-0.118071667881733,-0.351490324919063,-0.313380975521188,-0.0132993799296131,-0.506096508658825,-0.469799523452792
-2.26610192629235,-1.18516986217008,-0.23121730744875,0.370961864680051,0.201039487656669,0.598479178838952,0.533590757972804,0.0226447256583091,0.861725633515344,0.799923107640874
1.20442143763912,2.30908691365541,-0.805911592963941,-0.214603248539486,-0.116302324426383,-0.346223124775526,-0.308684856731497,-0.0131000842707914,-0.498512483113697,-0.462759420377596
0.621305217578057,3.22595420069704,0.318601643319941,-0.198884088074082,-0.107783465030732,-0.320863131894622,-0.286074449716572,-0.0121405352976779,-0.461997669058449,-0.428863430287517
0.824637896875625,2.21576838110693,-0.00138738042176857,-0.186026367702797,-0.100815337678597,-0.300119549704079,-0.267579932053325,-0.0113556579878495,-0.432129835495382,-0.401137702616167
-1.17161912838702,2.93096179577164,0.423732020500377,0.0647428303609395,0.0350868018642075,0.104450725638722,0.0931259496320299,0.00395211414286585,0.150394317638217,0.139608113368893
-2.06102177859708,1.34918495956993,0.0454768612842806,0.254565640279214,0.137959587681244,0.410695141093053,0.366166676101794,0.0155395193819355,0.59134309622377,0.548932268944593
1.96052704588389,-2.43144070094753,0.203840905886071,-0.21624573213975,-0.117192453824903,-0.348872971915986,-0.31104740165233,-0.0132003468424127,-0.502327889374383,-0.466301187634199
1.13178823013924,2.50304801372151,-0.304653543914694,-0.228084863018915,-0.123608565648959,-0.367973246098727,-0.32807678235431,-0.0139230461177755,-0.529829591108384,-0.491830481252553
0.0581961798097542,-3.45852452459079,-0.319530369716759,0.108012414151612,0.0585363684763897,0.174258291971934,0.155364827021613,0.0065934310748208,0.250907370472157,0.232912420974783
2.14773551612613,-2.14481013658807,-0.0439677684375925,-0.242992781447853,-0.13168777962845,-0.392024448200711,-0.349520300547628,-0.0148330742233623,-0.564459930978094,-0.523977150690981
2.09840477794196,-1.87336488053594,-0.10835825505178,-0.241791709718854,-0.131036869472914,-0.390086738450632,-0.347792681524553,-0.0147597568762474,-0.561669902150031,-0.521387221317002
2.61027046910119,-1.04090990959013,-0.904819600286299,-0.312115431155721,-0.169148185685893,-0.503541211984548,-0.448946173022473,-0.0190525468658132,-0.725028347252217,-0.673029681495941
-1.21891380147112,-1.96493646128902,-0.120545651163437,0.23965485672654,0.129878820973392,0.386639316637496,0.344719036720582,0.0146293163798238,0.556706100816655,0.51677942130053
-1.70981881687543,1.37109438918736,0.519937751739974,0.186166761136963,0.10089142265326,0.300346048854515,0.267781873670735,0.0113642280623062,0.432455962336216,0.401440439805196
3.02653123566438,-0.805286158342327,0.136479986717764,-0.416808927346958,-0.225885896052497,-0.672445036328733,-0.59953707550159,-0.0254433803319555,-0.968226039306469,-0.89878535828313
1.58507603374525,2.4227582765436,0.663877758163716,-0.325912557097498,-0.176625415543097,-0.52580035339547,-0.46879192966236,-0.0198947685645158,-0.757078372402709,-0.702781095079593
1.66803017725849,-1.57026605786655,-0.342509408425576,-0.180498719107615,-0.097819677619362,-0.291201698822001,-0.259628974058615,-0.0110182322363335,-0.419289387619045,-0.389218165156385
2.48998997157136,-1.82704210630646,0.434606830720683,-0.319222111477669,-0.17299958796439,-0.515006542004439,-0.459168406897994,-0.0194863618790374,-0.741536805899049,-0.688354161852019
1.08498379946629,2.86229034301976,-0.713250905455278,-0.217501760830961,-0.117873147417978,-0.350899344681721,-0.312854070653082,-0.0132770189422684,-0.505245580443734,-0.469009623378196
-0.769528810831859,-2.53953620041815,-0.289051692264173,0.198370713492754,0.107505246236206,0.320034895822068,0.285336012809558,0.0121091972339549,0.460805125893111,0.42775641571384
-1.50987294647314,-2.55001321228297,-0.0813799288080334,0.297931067096612,0.161461095570476,0.480657332635467,0.42854341389738,0.01818668688575,0.692078787557206,0.642443247529587
0.764258893388302,-2.62071336966621,-0.0504208460655225,-0.0288836335294161,-0.0156532286450119,-0.046598464484966,-0.0415461570996319,-0.00176315147071218,-0.0670952185956584,-0.0622831835092755
-0.0336284738201933,3.14853289946551,0.170877757215828,-0.0967943887469659,-0.052456859247551,-0.156160057971095,-0.139228843114518,-0.00590864610929543,-0.224848465315025,-0.208722447293746
-1.32151603712274,1.76047210842841,-0.101927032498063,0.140798544106757,0.076304520397106,0.227152721294975,0.202524326688376,0.0085948036926565,0.327067890719922,0.303610747294275
-2.17020512902927,-2.42862289383826,-0.634414971339497,0.409381458017624,0.221860645020715,0.660462171866627,0.588853419399426,0.0249899833084007,0.950972404033861,0.882769144991361
-1.87613562845929,2.29695118933989,0.101305686774817,0.197157621408608,0.106847821755964,0.318077793425568,0.28359110373318,0.0120351461250426,0.457987174388514,0.425140566263543
1.72867487942225,-1.86591564310416,-0.648666927781697,-0.169238453779843,-0.091717276839363,-0.27303531842415,-0.243432232335843,-0.0103308688077313,-0.393132361258683,-0.364937107475103
-2.39319052777823,0.108636277605559,0.0987658712679462,0.338151332782094,0.183258111319786,0.545545381440411,0.486396158603346,0.0206418634660639,0.785508428789655,0.729172162225499
1.03443811356745,-2.80536367744187,-0.0216048878896836,-0.0632722576058535,-0.0342898380213087,-0.102078225231851,-0.0910106809056414,-0.00386234557156479,-0.146978251568731,-0.136437045827288
-2.10653341528227,-0.0900973810254056,-0.268704200664828,0.316100540205329,0.171307880139338,0.509970457194565,0.454678345412264,0.0192958109577291,0.734285553847733,0.681622965924247
-2.07734611266155,-1.62000457555324,0.173187512644056,0.342358363173991,0.185538074073565,0.552332656182155,0.49244754218037,0.020898674362631,0.795281147429623,0.738243986435593
0.21990017726112,2.81308532486051,0.246551222019469,-0.12589880016096,-0.0682297365061466,-0.203114707227727,-0.181092566654239,-0.00768527458425976,-0.292456539760753,-0.271481704891343
-1.89428310902715,2.09934160738692,-0.165382934057187,0.215380682678241,0.116723647952662,0.347477372689565,0.309803116344866,0.0131475413936541,0.500318423264209,0.464435839415426
-0.308869037581045,3.11687825933715,-0.255124953388047,-0.0407977748811463,-0.022109991728427,-0.0658197543577256,-0.0586834327059746,-0.00249042963068406,-0.0947711658603886,-0.0879742258571688
-2.10930058223852,1.8295339695048,-0.158397174550204,0.254308287017032,0.137820117366632,0.410279948633432,0.36579649971627,0.0155238096969941,0.590745277622976,0.548377325590985
-1.81072296831413,-1.47740991134713,-0.75497100475223,0.333057582460873,0.180497598576211,0.537327546132503,0.479069318963997,0.0203309242844975,0.773675904639743,0.71818826071311
-1.02370896257486,-2.83259202336217,0.682042295467954,0.20889272788497,0.113207558478872,0.337010243243874,0.300470855955188,0.0127514954105883,0.485247232700531,0.450445547003717
1.89239247850402,-2.5043738849476,-0.445023625614474,-0.180819826220391,-0.0979936987670374,-0.291719746469134,-0.260090853847376,-0.0110378336648578,-0.420035303187541,-0.389910584038199
2.4036268840204,-0.277473814293399,-0.066066078624529,-0.335714539565569,-0.181937512879841,-0.54161406088679,-0.482891080418153,-0.0204931136372322,-0.779847881498448,-0.723917586518311
-0.277111844788333,3.60173595144307,0.119112701310436,-0.07357106895244,-0.0398711873558992,-0.11869347532781,-0.105824469264678,-0.00449101870418254,-0.170901868999721,-0.158644873536138
-2.58426210692641,0.0958224683997033,-0.00430622099911932,0.369800900477947,0.200410313419096,0.59660617525424,0.531920829531198,0.0225738566058299,0.859028772442009,0.797419664077454
1.68377756308145,2.98749848532861,-0.15463428657994,-0.327760210851928,-0.177626735084333,-0.528781205086745,-0.471449590897021,-0.0200075553934711,-0.761370378545784,-0.706765280716473
0.50999870938117,-3.15939392235104,0.55628145561464,0.0022351343403268,0.00121131120313591,0.00360598080815467,0.00321501248613428,0.000136439911390407,0.00519210392979672,0.00481972886633813
1.15667250218538,2.58917455294306,-0.0622574172601669,-0.243022535210996,-0.13170390441611,-0.392072450460319,-0.349563098297314,-0.0148348904903909,-0.564529047463735,-0.524041310177287
1.58064078610531,2.83203116965634,-0.578476005582035,-0.292897539723357,-0.158733220118648,-0.472536656048921,-0.421303198818431,-0.0178794239099202,-0.680386158266926,-0.631589207688371
0.113813957011006,2.82693275291282,0.398189373167952,-0.116491765989092,-0.0631316778905738,-0.187938176639212,-0.167561508688557,-0.00711103844744281,-0.270604475564761,-0.251196859668952
2.28594648287725,-1.32201633861562,0.0456627466484499,-0.291100684722004,-0.157759430510444,-0.469637758862738,-0.418718606402264,-0.0177697380030185,-0.67621215505581,-0.627714561872952
0.0761581065454684,2.98007236151585,-0.107005949745727,-0.0974949018883319,-0.0528364961225124,-0.157290207912444,-0.140236459728678,-0.0059514077228644,-0.226475721882355,-0.210232997844456
2.80003864669711,-0.755250753121503,-0.607617198045794,-0.358849834291122,-0.194475480367207,-0.578938631167047,-0.516168839195808,-0.0219053677041998,-0.833590000034368,-0.773805347539281
0.832921886635003,1.89790409484994,-0.0532003407453436,-0.175713205195802,-0.0952262108600913,-0.283481146633342,-0.252745501015648,-0.0107261088134569,-0.408172881045221,-0.378898928802271
2.31531131549289,-0.975718499437478,0.176624445395547,-0.310556972167116,-0.16830359267935,-0.501026923200286,-0.446704488924523,-0.0189574134313371,-0.72140812591108,-0.66966910059534
2.67227163023419,-0.145426755709113,-0.723332656455916,-0.354752621817411,-0.192255032458779,-0.572328527568097,-0.510275417478974,-0.0216552604525797,-0.824072382859351,-0.764970329046309
2.53399190168373,1.35697008940238,-0.120244855479291,-0.402121023284948,-0.217925916904981,-0.648748787202213,-0.578410025506198,-0.024546782623006,-0.934106781673978,-0.867113116522789
-2.78711232684221,-1.29318883161118,-0.669361939376238,0.465142608484308,0.252079905242078,0.750422598314231,0.669060139754942,0.028393826330914,1.08050273393149,1.00300962525046
-1.6069936074181,1.60593182203744,-0.436251321519976,0.198692528852415,0.10767965121199,0.320554086096125,0.285798911339133,0.0121288418961858,0.46155268668327,0.428450361822852
2.93314288844835,-1.65097146412122,0.202389286715718,-0.380075775886409,-0.205978690884621,-0.613182809088105,-0.546700188487694,-0.0232010686104887,-0.882896787900377,-0.819575877558991
1.13805100724291,2.78575249460468,0.17751376197742,-0.254943252549598,-0.138164231297202,-0.411304349486196,-0.366709832789201,-0.0155625700701119,-0.592220270413091,-0.549746532645444
0.150799316411181,-3.3273219132587,0.250081130348014,0.0701490984553622,0.0380166808391657,0.113172751263981,0.100902314172345,0.00428213043157267,0.162952804755588,0.151265912152497
-1.5239072992704,-3.04858754438783,-0.198500471262457,0.319296232999631,0.173039757464866,0.515126123535107,0.459275023137698,0.0194908864991938,0.741708986442525,0.688513993694147
-1.90806963722442,-0.549517881836661,0.615460339173834,0.269547637323067,0.146078947908117,0.434865855503028,0.387716748817411,0.0164540694884923,0.62614551696606,0.581238677702599
1.41380268716799,2.41671315349268,-0.0799079370279766,-0.274224498783527,-0.148613531436435,-0.44241111681665,-0.394443936405205,-0.0167395604103297,-0.637009629395391,-0.591323621492396
1.24164612279441,-1.97814418105143,-0.165948672258148,-0.113026265109175,-0.0612535804695002,-0.182347224257443,-0.162576739586038,-0.00689949293787397,-0.262554292444806,-0.243724031604034
0.535727305642361,2.72926334043305,0.729828906464024,-0.186309285974426,-0.100968662723009,-0.300575986634677,-0.26798688109412,-0.0113729282445922,-0.432787040319019,-0.401747773042801
-0.584163006682508,2.93556173413826,0.0926645063978538,-0.00815025171706732,-0.00441695652701473,-0.0131489417629712,-0.011723304752983,-0.000497518024766056,-0.0189326221719767,-0.0175747841013116
0.916533880960051,1.74361177264355,-0.124267171698153,-0.18052581607422,-0.0978343625797364,-0.291245414825899,-0.259667950277806,-0.0110198863238108,-0.419352332500816,-0.389276595663124
-2.13625235040427,-1.42511472057922,0.622788200099693,0.328731942606586,0.178153356477787,0.530348916697967,0.472847327788282,0.0200668730783676,0.763627662222671,0.708860673151622
-0.986885890889454,-3.09061517363309,-0.112522743325162,0.240053330421446,0.130094770253078,0.387282181126874,0.345292200436697,0.014653640517592,0.557631735039132,0.51763866950551
1.62140805613216,2.92759132550247,-0.586475867568203,-0.301384169549265,-0.163332473774017,-0.486228282420544,-0.433510349128467,-0.0183974755547627,-0.700100169758238,-0.649889340262896
2.66757346056158,-1.05726488850416,-0.44161049982431,-0.336579163887128,-0.182406088351262,-0.543008974227592,-0.484134754205216,-0.0205458931340576,-0.781856360030038,-0.725782017987137
-0.958415215751394,-2.2773354330967,0.726638818551676,0.181033491521308,0.0981094927790808,0.292064456386822,0.26039818956224,0.0110508764937376,0.420531636865808,0.390371320916509
-1.90806437299818,0.0221873666682539,-0.233897594603154,0.282828984533256,0.153276656062915,0.456292882184285,0.406820610425657,0.0172648063662759,0.656997414231856,0.609877892526458
-3.32139919661135,-0.840623157045979,0.209819091425132,0.496747112483348,0.26920768547116,0.801410690088224,0.714519991157045,0.0303230686352206,1.15391839689728,1.07115995406166
-0.612934502253897,-2.5164444071676,-0.0886300045340998,0.167870277749983,0.0909758059922063,0.270828016421385,0.241464250841457,0.0102473508674838,0.389954157598562,0.361986842971367
1.86502769965627,2.0303592189416,-0.0107674810970831,-0.330049850917632,-0.178867585181213,-0.532475120922382,-0.474743004302729,-0.0201473225126299,-0.766689096516544,-0.711702542928901
1.88185032201397,1.22450233745578,-0.686647547584965,-0.283671018141943,-0.153732988698147,-0.45765134953811,-0.408031789779323,-0.0173162068520919,-0.658953415680988,-0.611693610542594
-1.54249650303478,2.52439063569081,0.0505857216345403,0.143990804919834,0.0780345377908909,0.232302850760972,0.207116067859306,0.00878966973476096,0.334483350996054,0.310494374516169
0.560666748624228,2.21496369378216,0.381870437500364,-0.161763991900916,-0.0876665586127202,-0.260976640070725,-0.232680982250189,-0.00987460320523386,-0.375769564672138,-0.34881956186353
-2.09764671729552,-0.013243728462522,0.653363196605887,0.27924797549095,0.151335960019186,0.450515578490543,0.401669694627778,0.0170462098606408,0.64867891149771,0.602155988594145
-1.54077558187567,3.38279377169264,0.571036579777813,0.0989484568339403,0.0536242373147181,0.159635253193568,0.142327250074071,0.00604013747140869,0.229852256441869,0.213367369055957
-2.20129749671812,1.79275807509126,0.0853925662690082,0.259897291249503,0.140849028568532,0.419296785624107,0.373835711529295,0.0158649807973082,0.603728251538907,0.560429167195007
1.6649516355477,-1.24836699056039,-0.472183883721618,-0.185141993614522,-0.100336058996523,-0.298692773723769,-0.266307850243782,-0.0113016729006612,-0.430075479255449,-0.399230683764998
-0.303635694940754,-1.97397847058499,-0.217364580631593,0.111471384827855,0.0604109269115835,0.179838709063408,0.160340203093042,0.00680457795939666,0.258942384259536,0.240371167643972
1.58132706641806,-2.61330523421575,-0.0945242287278966,-0.145308272327523,-0.0787485275506594,-0.234428343668392,-0.209011110179302,-0.00887009225484025,-0.337543761093749,-0.313335293552101
-2.41849204321881,-1.65733753461497,0.465220870732861,0.382142805511492,0.207098899230447,0.616517583657784,0.549673399508594,0.0233272468601802,0.887698393086145,0.82403311405339
-1.56940909062545,-2.35896948676455,-0.277137982822092,0.30777745447152,0.166797257752073,0.496542679329386,0.442706436576821,0.0187877425792309,0.714951447003745,0.663675491428203
0.47099942507354,3.75786468123336,-0.176088115103571,-0.175512720302547,-0.0951175598529113,-0.283157700894821,-0.252457123971161,-0.0107138705597746,-0.40770716478676,-0.378466613477929
-2.5211248758676,0.589522309768277,0.133438189493304,0.340761308411214,0.184672564430019,0.549756100169282,0.490150342002855,0.0208011849158503,0.791571270058805,0.734800179590339
-2.81879950227086,-0.625672720503468,0.440131220293769,0.409470112169772,0.22190869035104,0.660605199140398,0.588980939343512,0.0249953950478408,0.951178343141616,0.882960314250639
2.60060988124112,-0.571792232858585,-0.072828767854917,-0.35494266751381,-0.192358026035945,-0.572635131570156,-0.510548778804883,-0.0216668614635386,-0.824513849391947,-0.765380133822841
-1.63757035563179,2.9077491300409,-0.793727582703169,0.176508844248896,0.0956574003779992,0.28476476484989,0.253889946539123,0.0107746772238402,0.410021110290209,0.380614603982144
-2.4472981062624,-1.23718780384444,0.521716030223006,0.371517445451415,0.201340579721006,0.59937550688634,0.53438990417389,0.0226786401259307,0.863016219523652,0.801121133474494
2.02569035216476,0.997226277041905,-0.656620674366497,-0.298597361433218,-0.161822187868131,-0.481732276788503,-0.429501810255479,-0.0182273596715447,-0.693626555573238,-0.643880010407629
2.47663071644753,0.771949368258767,-0.128848500253716,-0.375800287146148,-0.203661627736997,-0.606285089311401,-0.540550334567837,-0.0229400787924062,-0.872965043982531,-0.810356433283384
-1.49611597272265,-2.1391935501306,-0.0482353171408287,0.282294484792823,0.152986988676048,0.455430564527942,0.406051787134671,0.0172321787537396,0.655755798391275,0.608725324744945
-2.92012926349337,-0.36433647052627,0.604044103701647,0.410243615187413,0.222327883441148,0.661853104908897,0.590093544440625,0.0250426122022118,0.952975151496777,0.884628256420854
0.783317391279262,-2.93462150622081,-0.270634088033071,-0.0141728390480809,-0.00768084423805691,-0.0228652858498751,-0.0203861815737166,-0.00086515645569112,-0.0329227876777903,-0.0305615820246454
0.559897226560571,-2.50623249269522,0.787912551615629,-0.0331164019219415,-0.0179471398796251,-0.0534272627873439,-0.047634562162074,-0.00202153349902813,-0.0769277253082246,-0.0714105078216904
1.16854720894558,-2.19648643850548,-0.826802122022123,-0.0720428238948829,-0.0390429685209251,-0.116227931199978,-0.103626244820952,-0.00439772962688913,-0.167351833090974,-0.155349444404273
-2.61191642100791,1.10518230504978,0.0222259066318653,0.342221343483759,0.185463817469461,0.552111599951037,0.492250453349067,0.0208903102325397,0.794962857625169,0.737948524214664
-3.43887179935314,0.349895876693458,0.00648066667711997,0.484908990062889,0.262792120172342,0.78231204286932,0.697492061019925,0.0296004309194759,1.12641903776181,1.04563283503185
-1.30892861965313,3.68194149435673,0.0344892737234495,0.0757957613357661,0.0410768396331846,0.122282609946515,0.109024462062049,0.00462682120436137,0.176069716791978,0.163442085902833
1.42895482106603,2.80769836002665,-0.384034816102402,-0.277301980657027,-0.15028134540339,-0.44737607143842,-0.398870579793318,-0.0169274199705137,-0.644158464005009,-0.597959745305504
-1.04300860593243,2.99659686161782,0.283252806828811,0.0492759929601195,0.0267046867122587,0.0794978099128369,0.0708784835770927,0.00300796779497825,0.114465637289374,0.106256219772739
1.2376215304207,-2.81361913527667,-0.590895696040043,-0.0717900737639176,-0.0389059928323911,-0.115820165051396,-0.10326268956959,-0.00438230093213435,-0.166764707330985,-0.154804427006345
-2.61999933627612,0.310312418325912,0.713384305333782,0.342575292703827,0.185655637105478,0.552682632336696,0.492759573155176,0.0209119164507215,0.795785063746432,0.738711762129451
0.900601201704285,-2.86300903914296,-0.00374874983103035,-0.0428736742143662,-0.0232350069337967,-0.0691688385806264,-0.0616694018962132,-0.00261714931637352,-0.0995933749291723,-0.0924505885345322
2.21067524424723,-0.386766232296815,0.375080156033173,-0.320487359365447,-0.17368527781916,-0.517047788259113,-0.460988336771501,-0.0195635967488082,-0.744475912695349,-0.691082477397878
-2.90463098117144,1.05420300128383,-0.0567247131345668,0.388811751642798,0.210713075352308,0.627276709552914,0.559265997454348,0.023734341146553,0.903190017366272,0.838413686888402
-2.34876445287718,2.82732688747951,0.17521544407456,0.246543991519744,0.133612326384839,0.397753676701173,0.354628353569776,0.0150498517023691,0.572709212212393,0.531634797654348
-0.230985541437656,-3.42479232418547,0.695477067763829,0.1120870762651,0.0607445954173883,0.180832014685533,0.161225812348215,0.00684216177868927,0.260372604301878,0.241698813029446
-2.56939138130294,1.13543848783908,-0.599313973879106,0.357580001619935,0.193787305829791,0.57688998820217,0.514342314579588,0.0218278529642526,0.830640243018291,0.771067145602013
-1.79965291818117,-2.79672226041611,0.406446261258207,0.329601641598755,0.178624682121871,0.531752017092448,0.474098300970767,0.0201199623496865,0.765647928957205,0.710736047379449
-2.35643018352772,0.112070786578058,-0.778119061063924,0.364359691007064,0.197461498275517,0.587827778103273,0.524094205389222,0.0222417073812086,0.846389118275859,0.785686519504689
-0.271215425403652,2.88794964562084,-0.511118054603972,-0.0300548910425591,-0.0162879812510766,-0.0484880744460313,-0.043230891417965,-0.00183464886056715,-0.0698159905094865,-0.0648088230398217
-0.0300558925455435,2.70191170747895,-0.574439068001662,-0.0568963436571115,-0.0308344680880579,-0.0917918532143879,-0.0818395798286806,-0.00347313892814128,-0.132167326215372,-0.122688352536867
1.09731609145939,-3.51934227252204,-0.596824648384134,-0.0299479671759944,-0.0162300348112964,-0.0483155723266689,-0.0430770923554796,-0.00182812187799774,-0.0695676117799563,-0.0645782579069416
1.35261466656022,1.26627458224734,0.0588399770296594,-0.235517331703994,-0.127636526037182,-0.379964176107742,-0.338767629519154,-0.0143767483183581,-0.547094839631318,-0.507857474898218
0.329918388402553,-3.42449287873616,0.22477143082043,0.0481862122977005,0.0261140897617613,0.07773964796128,0.0693109453877271,0.00294144401860708,0.111934131975409,0.103906272737399
2.26139316538591,-1.79265075393274,0.0383678379019907,-0.273025635351502,-0.147963818047829,-0.440476969750193,-0.392719493791806,-0.0166663778648856,-0.634224730329415,-0.588738453976567
-1.44723515974733,-1.55872678003909,0.0252492481319239,0.254995420844537,0.138192503441282,0.41138851349681,0.366784871553799,0.0155657545934805,0.592341454721469,0.549859025676618
1.85817613167513,-1.70697690685302,-0.400439866305964,-0.201676188659475,-0.109296619143372,-0.325367675958802,-0.290090601266223,-0.0123109742505367,-0.468483577381833,-0.434884172551793
-2.55785153800177,1.25784481970821,0.195227980232313,0.323560856133346,0.175350932093531,0.522006313641238,0.465409247992186,0.0197512130451108,0.751615490106385,0.697710007933996
2.56379619992619,-1.39518557497504,0.0224421824027608,-0.328099934684185,-0.177810845397776,-0.529329287408728,-0.471938248935528,-0.0200282932474488,-0.762159539811253,-0.707497843735781
-2.62568415737317,0.524183694069853,0.0500557611363725,0.360822162897887,0.195544366337296,0.582120622949398,0.519005832473171,0.0220257650939604,0.83817161954836,0.778058375622837
2.03016830510285,0.513007890879303,0.495038785982555,-0.326076189889255,-0.176714094881192,-0.526064345002602,-0.469027298722353,-0.0199047572453771,-0.757458483094847,-0.703133944425461
-0.58108331655195,-3.3345813703121,-0.0701695562307454,0.187423803548169,0.101572665622883,0.302374057072215,0.269590000804175,0.0114409620429465,0.435376008225803,0.404151061482915
-0.59535539465506,2.88223662084403,0.00300944068204676,-0.0016875154578119,-0.000914534013742414,-0.00272249781346222,-0.00242731864905114,-0.000103011463507886,-0.00392001298625156,-0.00363887164080642
-2.57384849058893,-0.626694220653746,0.362627326629326,0.376982577950316,0.204302359737134,0.608192499471304,0.542250939148538,0.0230122496904359,0.875711445672903,0.812905864435885
-3.28604637097665,1.2162145675762,-0.107844135048536,0.440726955260635,0.238848058838881,0.711032403570836,0.633940716033969,0.0269034149930927,1.02378640741635,0.950360964939764
-0.823880586874132,2.88822753664414,-0.0422550125012266,0.0327071760461161,0.0177253635509916,0.0527670516189133,0.0470459325317693,0.00199655301296566,0.0759771143137478,0.0705280741661457
-1.99754538710486,0.255205667945692,0.0647218288019734,0.277896911681403,0.150603762987836,0.448335883928153,0.399726327314731,0.0169637365062963,0.645540458659152,0.599242624003188
-1.89768724498403,2.11884720706471,-0.00400020117338924,0.209462011088565,0.113516076454651,0.337928677661677,0.301289711705683,0.0127862463194948,0.486569648765296,0.451673120058269
0.729418865390482,-2.06573716488129,-0.247276428376783,-0.0335944982826298,-0.0182062399558181,-0.0541985838976619,-0.0483222549514763,-0.00205071806476607,-0.0780383189528055,-0.0724414502527228
-0.169789857963022,2.7614293603957,-0.585868232843896,-0.0381449632145755,-0.0206723240081695,-0.0615399275103137,-0.0548676340412103,-0.00232849332905244,-0.088608818644606,-0.0822538390617781
1.20278547073735,-1.80074553069377,0.179479849141145,-0.125256618639555,-0.0678817119345179,-0.202078664695626,-0.180168854118294,-0.00764607372357939,-0.290964784593839,-0.270096937649258
1.8385521851465,-2.48424550837023,-0.0043595002843683,-0.189554594866171,-0.102727429051852,-0.305811699481563,-0.272654926508695,-0.0115710325149419,-0.440325728596597,-0.408745790416306
-0.0512388878723114,2.97361217182036,-0.347616885308326,-0.0702591349710863,-0.0380763141515111,-0.113350275073954,-0.101060590462768,-0.00428884742042843,-0.163208414011553,-0.151503189242119
-2.12925776058876,-2.37254394127271,-0.147707452734305,0.384231829730939,0.208231027351331,0.619887842486161,0.552678247507295,0.0234547677318572,0.89255109060125,0.828537778561151
-1.51695447656385,2.4596809862616,0.145129431742785,0.13886267565804,0.0752553936858292,0.22402955131488,0.199739777624882,0.00847663195020639,0.322570966307456,0.299436340022471
-1.51419068609601,1.73328815375029,0.113396332838993,0.16163675598942,0.0875976042406024,0.260771368178703,0.232497966385432,0.00986683630899995,0.375474002090431,0.348545196880447
-0.511165199061411,2.66869766358719,0.0763997758207882,-0.00999449352219821,-0.00541642699263336,-0.0161242888975538,-0.0143760582470212,-0.000610096577175461,-0.0232167025295428,-0.0215516123860031
-1.64188634927786,2.53170134586366,-0.00733112572605527,0.160185226512551,0.0868109607331897,0.258429590621255,0.230410089469969,0.00977823020169295,0.37210217259227,0.345415193285682
1.05539780994388,2.78701104821404,-0.0933849604550773,-0.233300021337691,-0.126434874378454,-0.37638695102451,-0.335578254999386,-0.0142413964406454,-0.541944139890928,-0.503076180733798
1.58275435117523,-2.9103233720437,-0.0670755846083383,-0.137496217096431,-0.0745148536053365,-0.221825020133287,-0.19777426653318,-0.00839321884983888,-0.319396752239144,-0.296489778979041
-3.0095453231746,1.74870066541763,0.635308054483568,0.357927129647446,0.193975428781088,0.577450015840148,0.514841622796817,0.0218490427945283,0.831446603854535,0.771815674647594
2.06115490015941,-0.305655081313891,0.0112196273489207,-0.288274751967461,-0.156227941354233,-0.465078632776148,-0.414653790732391,-0.0175972338238877,-0.66964765631608,-0.621620865657176
1.04930398911301,-2.77610961446398,-0.170577114904417,-0.0609320131226765,-0.03302156330985,-0.0983026684161065,-0.087644478213359,-0.0037194893932333,-0.141541982097782,-0.131390662848711
2.88510093121651,0.264629280353297,0.0731641793051629,-0.426583707431816,-0.231183251299272,-0.688214857745721,-0.613597098407167,-0.02604006488222,-0.990932358642992,-0.91986319190015
0.449961894715813,-2.61588562554288,0.923755657306163,-0.0188397902917951,-0.0102100570124325,-0.030394558839778,-0.0270991143268,-0.00115004242548147,-0.0437638791752774,-0.0406251559321686
-0.232967634344511,-2.45484083316551,0.696110545299219,0.08293531637632,0.0449460580734346,0.133800977317326,0.119293982862963,0.00506264299794433,0.192654541746008,0.178837455613244
1.62257973094444,1.70906189337243,0.559517769085916,-0.30591345186519,-0.165787078095762,-0.493535451753172,-0.440025259188324,-0.0186739577628775,-0.710621463305289,-0.659656051966975
1.59123856267486,2.59339337958924,0.233744970462882,-0.316469216258268,-0.171507680851625,-0.510565248633871,-0.455208648263486,-0.0193183161499618,-0.735141969656283,-0.682417960024879
-1.50333636036907,2.33836804499714,0.156114436808071,0.140182378398201,0.0759705948641764,0.226158650522758,0.201638035242356,0.00855719092229166,0.325636568969331,0.30228207921451
-2.23985892458232,1.90210602338691,0.863300803296814,0.234096486660752,0.126866511686032,0.377671902276657,0.336723889027827,0.0142900152892503,0.543794288519224,0.504793637639782
0.0297301841686036,-3.14546004945416,0.562588897021605,0.07082150878653,0.0383810876457511,0.114257562456601,0.101869507764026,0.00432317655768118,0.164514779917395,0.152715863247015
-1.84816384368071,2.38342977821871,0.137508550071296,0.189197496483736,0.102533902755261,0.305235586497904,0.272141276954127,0.0115492340615881,0.439496207130564,0.407975761809572
1.94624734860645,0.641803786238178,0.119720244935632,-0.304353519220062,-0.164941686454155,-0.491018785493406,-0.437781455385963,-0.0185787343715868,-0.706997818734645,-0.656292293349152
-1.59900925365219,2.30596748920979,-0.452912646693197,0.176912915564092,0.0958763832382832,0.285416660076694,0.254471161860372,0.010799343058661,0.41095974750127,0.381485922607954
-1.24849859755945,2.83483824325923,0.162877938945026,0.0881448004284806,0.047769291684537,0.142205527850845,0.126787293654996,0.00538064694501921,0.204755909494437,0.190070919397464
-1.56081218358576,-1.16380941649241,-0.384847289737435,0.274176739896074,0.148587648931577,0.442334066579236,0.394375240122966,0.0167366450516175,0.636898687917399,0.591220636681002
-1.42909324272301,1.97203518591748,0.291471853002145,0.135709071875386,0.0735463261263275,0.218941787903258,0.195203640644377,0.00828412565968836,0.315245304356172,0.292636070835059
-1.96331576010779,-1.98261628533214,0.321657307534565,0.331563709920083,0.1796880076214,0.534917455779217,0.476920535875357,0.020239733418062,0.770205714347504,0.714966950710587
2.61233706573114,1.06064394213695,0.546583803479589,-0.428468391340431,-0.232204639003664,-0.691255450823857,-0.616308023736929,-0.0261551121529146,-0.995310383959767,-0.92392722745917
-0.669371370102378,3.63723507597107,-0.0733331640074427,-0.0111610936251527,-0.00604865555661382,-0.0180063849783782,-0.0160540933564347,-0.000681309663477859,-0.0259266555152615,-0.024067208916483
-2.15618933487922,0.423236199644059,0.349806296584551,0.285394235832731,0.154666871219942,0.460431446380229,0.41051046244443,0.0174213976966848,0.662956363147192,0.615409468644466
1.06190891695015,2.78089848426508,-0.253237730174935,-0.228290567546805,-0.123720045390768,-0.368305112763892,-0.328372667310166,-0.0139356029950296,-0.530307432313882,-0.492274051928873
-1.9017495146191,0.138799445519332,0.56536054265412,0.249568777944161,0.135251582521208,0.402633616845452,0.358979199935892,0.0152344945599711,0.579735637961245,0.538157291708169
1.47492217086134,1.68899671994895,-0.392153421335312,-0.249710384205696,-0.135328324776891,-0.402862072671214,-0.359182886081612,-0.0152431386693777,-0.580064582138663,-0.53846264417583
-0.391238754722218,2.33155884917176,-0.381558663231041,-0.000549719518336339,-0.000297915610318945,-0.000886871986718722,-0.000790715387185478,-3.3556677564366e-05,-0.00127697061422392,-0.00118538692870147
-0.396021094160512,-2.08697132693878,0.558871652434643,0.100232898453239,0.0543203290418055,0.161707465026575,0.144174788170216,0.00611854398933531,0.232835949304902,0.216137072978431
-2.59167485414133,-0.111061946890516,-0.0318237694332241,0.37813550865122,0.204927180290086,0.610052542469876,0.543909312219086,0.0230826283517237,0.878389645329606,0.815391984970019
0.270343409472664,-2.40182827496647,-0.394083621127227,0.0480713001157355,0.0260518141254026,0.0775542581548094,0.0691456559493426,0.00293442940313538,0.111667196793574,0.103658482011572
-0.305723849670611,-3.09590830413989,0.0437021063707769,0.136384436722737,0.0739123341067166,0.220031365667831,0.196175084005859,0.00832535213912914,0.316814142709517,0.294092392896495
1.24795222922209,-2.43023755147148,0.610086021537456,-0.128201486334397,-0.069477656825237,-0.206829670574138,-0.184404745553592,-0.00782583808050927,-0.297805563179383,-0.276447099060273
2.10072514207643,-1.96669172910949,0.33404201932223,-0.255244648383152,-0.13832757009218,-0.411790596586357,-0.367143359915809,-0.0155809682576756,-0.592920397677742,-0.550396447137367
-1.78582261862012,2.4869533888508,0.268906187919872,0.172333911389098,0.0933948325966488,0.278029273610663,0.247884731984074,0.0105198256656254,0.400322952592527,0.371611993241329
-1.00738417586738,2.77496073261003,-0.729565293783239,0.0873740076412184,0.0473515673797104,0.140961994543793,0.125678586947502,0.00533359523197585,0.202965396867255,0.188408821428807
0.708160172497764,-2.8031300271389,-0.517603087882679,0.0015776537703968,0.000854995448046242,0.0025452560570171,0.00226929383129648,9.63051467439802e-05,0.00366480984759877,0.00340197154196866
1.15045927027958,-2.87250874242551,0.0676099301964797,-0.081178045941522,-0.0439937209694826,-0.130965942595569,-0.116766328803224,-0.00495537346246855,-0.188572491479223,-0.175048167923574
2.57738429438713,-0.0366697793463939,-0.0157958971826529,-0.369878555833678,-0.200452398049395,-0.59673145797992,-0.532032528829887,-0.022578596942759,-0.859209161902449,-0.797587116097179
1.91158833317008,0.228728754397233,-0.026302234895993,-0.28156598879709,-0.152592186741708,-0.454255269364678,-0.405003920042244,-0.0171877089752064,-0.654063539069747,-0.607154433404636
1.31077903792699,-3.05917961653676,0.199876429972668,-0.103397292194386,-0.0560352441234752,-0.166812636064461,-0.148726445404092,-0.00631170893421433,-0.240186675783576,-0.222960609078026
-0.793683444983794,-2.50819803754232,-0.0423086075780868,0.192007370842996,0.104056689206781,0.309768805298228,0.276182994262345,0.0117207579837429,0.446023403030931,0.414034830526726
0.470588583225624,-2.8735280528003,-0.182016447523671,0.0258632655793233,0.0140163670615578,0.0417256527415755,0.0372016662575968,0.00157877833123599,0.0600790567389998,0.0557702172264989
1.68812865695268,-1.9816461663638,-0.411014943970189,-0.168451028618447,-0.0912905387671041,-0.271764951820844,-0.242299601656733,-0.0102828018001653,-0.39130321246832,-0.363239144309315
2.63019122686606,-0.480450880175677,0.112659613241904,-0.368664081637914,-0.199794224546037,-0.594772125798892,-0.530285631727095,-0.0225044614652325,-0.856387999822526,-0.794968286332392
0.0756741301456652,-3.76465153507616,0.521640460998604,0.0844519021380898,0.0457679582566153,0.136247711302033,0.121475436600402,0.00515522035368465,0.196177493700836,0.182107743238645
-2.56463198700102,-1.01314682326511,-0.290525122569417,0.410919766909334,0.222694317861221,0.662943952151793,0.591066119640816,0.0250838867150502,0.954545817719914,0.886086275258187
-0.453447536868735,-3.16599188121246,0.532327959120379,0.142190782001853,0.0770590313584084,0.229398842720217,0.204526918718593,0.0086797904478658,0.330301988874971,0.30661289756808
1.65865001752175,2.18576090109801,-0.0789960646046127,-0.302551136287897,-0.163964901032947,-0.488110970001034,-0.43518891160586,-0.0184687110217061,-0.702810974420076,-0.652405727387716
2.32286484355883,-0.957330568181431,0.47541095063933,-0.322974868906455,-0.175033361520693,-0.521060930334352,-0.464566365210073,-0.0197154424679824,-0.750254271441064,-0.696446415181741
1.28913454056073,-2.70759851438977,-0.00421095368712902,-0.103581596125499,-0.0561351260019427,-0.167109976777486,-0.148991547787014,-0.00632295944903854,-0.240614804486063,-0.223358032606866
-1.93408785552625,2.10460602599976,-0.364295067950193,0.228130191227611,0.123633130869054,0.36804637488015,0.328141982353389,0.0139258130999055,0.529934886242665,0.491928224673146
2.13783564713063,1.66383564021082,0.0816215354877811,-0.361593790156235,-0.195962542876316,-0.583365502523055,-0.520115739482102,-0.0220728677458485,-0.839964070609633,-0.779722273002074
-2.00816243950231,1.67304577710876,-0.264870735726385,0.248312091404753,0.134570532413145,0.400606182761866,0.35717158468769,0.0151577823029095,0.576816418743831,0.535447437414114
-1.78274038873674,-2.88273306848967,0.145140749582784,0.339191995656714,0.183822089321453,0.547224300817172,0.487893045871103,0.0207053889320006,0.787925835968912,0.731416194186549
2.39900159480073,-2.37758140297879,-0.824633746819053,-0.244013494244794,-0.132240945862716,-0.393671181772827,-0.350988491666037,-0.0148953818712996,-0.566830995136776,-0.526178163329414
-1.82002992640339,-2.52311415861635,0.356998092951743,0.32602443000334,0.176686044070756,0.525980839885316,0.468952847412427,0.0199015976526313,0.75733824749996,0.703022332066526
-1.42672329826069,-2.39092026457743,0.0740713287831149,0.275515374211849,0.149313109909177,0.444493708424797,0.396300728878579,0.0168183596690045,0.640008267671105,0.594107198950125
0.0063818988546041,-2.1999768543576,-0.0453709508209339,0.0674319171922759,0.0365441285878115,0.108789075835535,0.0969939264167192,0.00411626479921298,0.156640930225497,0.145406722066027
2.62545751116914,-0.577304276682638,0.190817976457393,-0.367862124284006,-0.199359610881122,-0.593478314158591,-0.529132097973153,-0.0224555073651,-0.85452509348458,-0.793238986693231
-0.16404180308346,-2.14571217822245,0.386851803341768,0.0747731077742274,0.0405226216187822,0.120632745305376,0.107553479351964,0.00456439508580465,0.173694144335376,0.161236888299323
-1.75103528398539,-1.62710255341581,0.0129986002190626,0.301306953814739,0.163290627392526,0.486103708943342,0.433399282179986,0.0183927620537499,0.699920801515604,0.649722836219754
3.11065309042262,1.42840006592209,0.094171760787706,-0.49514942630798,-0.268341833639169,-0.798833115406522,-0.712221882757002,-0.03022554064495,-1.15020705278698,-1.06771478567073
-2.51150530976602,-0.00435013837840471,-0.114293834729266,0.366315068304451,0.198521197634051,0.590982422045636,0.526906815939193,0.0223610700075962,0.850931360756244,0.78990299465554
-1.94921377776015,-2.3520069085652,0.222117245031295,0.344321299381599,0.186601869916355,0.555499495044839,0.495271025450742,0.021018498409624,0.799840948875818,0.742476761232121
-2.8177417655467,0.963289418956103,-0.0270027745303194,0.377971209692907,0.204838139928942,0.609787476124742,0.543672984946535,0.0230725990058766,0.878007987166279,0.815037699136814
-0.167767297113773,2.77369429921902,0.537884365654674,-0.07932007829074,-0.0429868119037272,-0.127968451317299,-0.114093832081964,-0.00484195703954255,-0.184256526677014,-0.171041741930456
-0.621773182608634,3.90591883624334,0.0509167735566927,-0.030650253445028,-0.0166106326170483,-0.0494485828854865,-0.0440872594327094,-0.00187099172907955,-0.0711989872331019,-0.0660926319390633
0.423022497538241,-3.04658901034356,-0.0841047687191096,0.0344389606546097,0.0186638888377446,0.0555609696172259,0.0495369278331024,0.00210226681023818,0.079999962296123,0.0742624055292514
-0.341167975612922,-2.99429603102218,-0.154925943578426,0.145573232917591,0.0788921205890501,0.234855809161389,0.209392228929094,0.0088862663159598,0.338159251132138,0.313906640956752
1.74257520563548,2.59762350695029,-0.0343840896205434,-0.328748316032946,-0.178162229910773,-0.530375332229307,-0.472870879289969,-0.020067872565871,-0.763665696863279,-0.708895979967075
1.92621912504869,1.49065593496467,0.0104122513339673,-0.323267849855787,-0.175192139943908,-0.521533601556562,-0.464987788385096,-0.0197333269834877,-0.75093485135563,-0.697078184249625
-0.462634695703796,3.22216338303384,-0.292025045892677,-0.0204932683769056,-0.0111061447743615,-0.0330621435723991,-0.0294774736912767,-0.0012509761364214,-0.0476048250677197,-0.0441906311310774
-2.29192649493831,-2.57487237626007,-0.294263817319021,0.419101619837292,0.227128400383794,0.67614387669371,0.602834879508402,0.0255833337810985,0.973551847905133,0.903729202587221
1.79365363510914,1.82967343547131,-0.392611362614739,-0.29990888813563,-0.16253295811544,-0.483848185453568,-0.431388307477627,-0.0183074195515415,-0.696673165713295,-0.646708119211892
0.244295945684404,-3.12279178713966,0.376561753554765,0.0459082429132465,0.0248795644869242,0.0740645606371311,0.0660343190651319,0.00280238931600718,0.10664252440642,0.0989941765824617
-2.40804654176849,-0.901636381157018,0.0192597714051386,0.37379665864076,0.202575779064857,0.603052600862387,0.537668319582798,0.0228177707544497,0.868310716388442,0.806035911706401
0.0841943700985168,2.98337986257183,0.00748933242066084,-0.102881312901717,-0.055755613728774,-0.165980197766145,-0.147984261885819,-0.00628021187039099,-0.238988082005643,-0.221847977838624
-2.12224881780122,-0.42215109226449,0.13510100799015,0.313878640905007,0.170103741548579,0.506385828704878,0.451482370179553,0.0191601789564732,0.729124194245908,0.676831776418254
0.298887071499522,-2.67428672245634,-0.230262483720001,0.0463131515132794,0.0250990011062884,0.0747178066700126,0.0666167387351097,0.00282710626143322,0.107583106587773,0.0998673006862783
-1.57251862787446,1.82802247405009,0.474949551130969,0.154138411113116,0.0835339428356617,0.248674158973406,0.221712363047096,0.00940911281021999,0.358055726509941,0.332376151200268
2.87597194898441,1.4037218199371,0.246594093825575,-0.466063876138679,-0.252579178064608,-0.751908895321485,-0.670385289191572,-0.028450063522058,-1.08264279205791,-1.00499619949223
-0.433729638957935,-3.00984374443047,0.265018252041576,0.144249471213622,0.0781747196913193,0.232720161557146,0.207488132906703,0.00880545957144659,0.335084219702804,0.311052149223679
1.52517369050257,1.94788778713476,-0.281116957573426,-0.268808731075306,-0.145678504230155,-0.433673765300493,-0.386653907640586,-0.0164089642341229,-0.624429075156039,-0.57964533822962
1.21674832039563,-1.77581534880713,-0.620875445364527,-0.0991725259678026,-0.0537456695916186,-0.159996747794509,-0.142649550640139,-0.00605381538428305,-0.230372757697423,-0.213850540225155
-0.610321137666044,2.96175858270088,-0.00803332532431008,-0.00154351014323035,-0.000836491612569232,-0.00249017155401358,-0.00222018171052526,-9.42209080559126e-05,-0.00358549593004584,-0.00332834597840117
2.38348695187139,-1.2194634896941,0.538052579575585,-0.326023081752149,-0.176685313397998,-0.525978664728399,-0.468950908090778,-0.0199015153509683,-0.757335115580691,-0.70301942476692
2.23176823312226,0.492171449749769,0.119450816689881,-0.340967239066725,-0.184784166719684,-0.550088331650042,-0.490446552220201,-0.0208137555966741,-0.792049636547322,-0.735244237876645
2.55865226641821,-1.45089873059899,0.406060635828794,-0.339498376255064,-0.183988129565437,-0.547718589924412,-0.488333743072802,-0.020724091405913,-0.788637542589854,-0.732076857569197
2.57077461082192,-1.10945505630812,-0.158337050079256,-0.331253851382016,-0.179520082538878,-0.534417555651806,-0.476474836012559,-0.0202208186393328,-0.769485928648653,-0.714298787677406
-2.27559235912218,-0.995878803268593,-0.817284825003592,0.387717494265065,0.210120052285709,0.625511325239277,0.557692019967188,0.0236675440968355,0.900648112869247,0.836054086494142
-2.25930379540141,-1.6237380460699,-0.710139439654621,0.400547091495757,0.21707293855159,0.646209535881715,0.57614608536476,0.0244507046781696,0.930450617800314,0.863719170869884
-1.72163452428339,1.52304344589254,0.0288298731534084,0.200966715119273,0.108912126259848,0.324223070051362,0.289070096033416,0.0122676656649128,0.466835506261585,0.433354300257355
-0.938482293164289,3.34330368360886,0.270497632006699,0.0241529308543747,0.0130894663486728,0.0389663402105965,0.0347415244231803,0.00147437390501891,0.0561060357503038,0.0520821392903288
-1.96304458396989,-2.49397232067327,0.0839333411562957,0.355601970565775,0.192715329468986,0.573698796563016,0.511497118914009,0.0217071074784499,0.826045377007659,0.766801821053845
2.01589685412266,-0.859224482154913,-0.779778388566309,-0.236447079936944,-0.128140394833946,-0.381464154978784,-0.340104977401993,-0.0144335031917589,-0.549254597712488,-0.509862336223967
-2.20714037022319,-1.13528612905269,0.0451753965549717,0.350985064131613,0.190213238034646,0.566250261728103,0.504856170508654,0.0214252764075342,0.815320537069486,0.756846161202697
-2.20483543659396,-1.30924226023672,0.0902570574833357,0.354302953138798,0.192011338512391,0.571603069327914,0.509628615007069,0.0216278112055443,0.823027825281218,0.764000686608494
-2.53555713872404,2.20048350075248,-0.572630106216606,0.319441976978667,0.173118742119797,0.515361254811928,0.459484660967481,0.0194997831884114,0.742047542328247,0.68882826852326
1.90118389686707,-2.11130704535303,-0.896740804099398,-0.177722792729271,-0.0963152889745716,-0.286723248885208,-0.255636087454018,-0.0108487806099797,-0.412841051159895,-0.383232300121275
-1.10825725623601,2.27931492617646,0.697255110282179,0.0655096793885148,0.0355023888835005,0.105687896410204,0.0942289836439694,0.00399892511591765,0.15217566911128,0.141261707216764
-0.809898621190071,2.8197105008289,0.571280093647619,0.0106512427967789,0.00577234642870384,0.0171838338372826,0.0153207250081823,0.000650186701161652,0.0247422978496625,0.0229677927826498
-1.61097282213377,-0.879910795440568,0.387187516174268,0.244966427274054,0.132757379453913,0.395208565075912,0.352359188510628,0.014953552020506,0.569044610326157,0.528233019158858
-2.40988585802244,-0.476591667811869,-0.329944061071413,0.373760843812959,0.20255636953704,0.602994820182557,0.537616803610585,0.0228155845002084,0.868227520356412,0.80595868245164
-1.32516197986858,1.95047816438846,-0.0199073554714724,0.132605210003295,0.0718642157534449,0.21393427397446,0.190739052322339,0.00809465577809985,0.308035190345185,0.285943062548204
-1.56295036473937,-1.04099699819305,0.218504685313118,0.249009578376292,0.134948529282247,0.401731450531202,0.3581748484656,0.0152003591891734,0.578436645671836,0.536951462487671
-2.24670464752319,1.60494586809738,0.115825908715117,0.271041708557849,0.146888646543372,0.43727626641276,0.389865817707067,0.016545272483859,0.629616168814385,0.584460416158638
-0.492976465182121,1.98807116388349,0.0515065046509397,0.00892141754379894,0.0048348829972684,0.0143930769010374,0.0128325480396571,0.000544592509358864,0.0207240013509628,0.0192376864731164
2.53826501270468,-1.33567045958626,-0.235933287167416,-0.316909658526846,-0.171746374627045,-0.511275821747503,-0.4558421794868,-0.0193452021867485,-0.736165094750946,-0.68336770710608
2.93911559211483,-1.3834606699815,0.249205608040422,-0.390737061396722,-0.211756479872724,-0.630382845008463,-0.562035358913686,-0.0238518683517348,-0.907662414465216,-0.842565325933183
-2.53839514765486,-0.157228095470587,0.260418683685514,0.361319225583603,0.195813745044878,0.582922542759229,0.519720806384195,0.022056107426218,0.839326271005902,0.779130216062805
-1.99461394165334,-1.46315161865527,0.116817640138253,0.327706994945822,0.177597895196685,0.528695350946953,0.471373045250745,0.0200043069204899,0.761246760689694,0.706650528670395
2.48487243408166,-0.970766495010999,0.571238864017306,-0.349377321328558,-0.189341936102603,-0.563656462515383,-0.502543596676713,-0.0213271345278137,-0.811585831922134,-0.753379307216463
1.25102696824012,-2.37303140630277,0.0935022527321759,-0.111756585868789,-0.0605654890825445,-0.180298828825125,-0.160750435664356,-0.00682198756384483,-0.259604891840715,-0.240986160517064
3.04340469228701,-0.789552949841776,-0.50979505589927,-0.396420161995855,-0.214836385764766,-0.639551489291513,-0.57020991874059,-0.0241987834020647,-0.920863969477733,-0.854820072108279
0.100099943278655,3.3476371964855,-0.720164885141479,-0.0899885863119197,-0.0487685150674443,-0.145180139439093,-0.129439391352241,-0.0054931976664772,-0.209038930768991,-0.194046764556041
1.41762539765308,-1.33846795703538,-0.263109421418863,-0.154291826393074,-0.0836170848839907,-0.248921666492406,-0.221933035259826,-0.0094184777807391,-0.358412102439383,-0.332706968028595
-0.100832958240904,2.75393450832854,-0.0964444539785651,-0.0655024808134596,-0.0354984876796876,-0.105676282824825,-0.0942186292289049,-0.00399848569134932,-0.15215894718582,-0.141246184579326
1.61381669608063,2.3720368645492,0.0396445461888218,-0.306013905121955,-0.165841517846033,-0.493697514726066,-0.440169750939422,-0.018680089758259,-0.710854811135798,-0.659872664209297
-2.56500064032533,0.648923210903974,0.0606224871099495,0.347910152036253,0.188546816736129,0.56128945297376,0.500433223483958,0.0212375737150138,0.808177671924405,0.750215578727154
-1.10031847640315,3.10149966022359,0.600405520704251,0.0429231633626442,0.0232618271381402,0.0692486802776924,0.0617405869819466,0.00262017029586635,0.0997083357154751,0.0925573043914821
-3.0843647621002,-1.30470497172071,0.4481483331781,0.46805769980021,0.253659713088707,0.75512556544668,0.673253200910039,0.0285717730402732,1.08727434349604,1.00929557840763
2.95344143401093,-0.40705033855636,-0.657755467408426,-0.389716634621984,-0.21120346864565,-0.628736572880903,-0.560567579209005,-0.0237895781635284,-0.905292014721632,-0.840364930058335
2.7683298585544,-0.0678829128056862,0.00172353328530735,-0.397090602496977,-0.215199725039455,-0.640633122523323,-0.571174278932919,-0.0242397092833038,-0.922421368824057,-0.856265775562484
2.07322617161245,-0.996719361340229,0.458168546616536,-0.285170444274739,-0.154545589372819,-0.46007039959723,-0.410188561142905,-0.0174077367279496,-0.662436506686334,-0.614926896025615
-3.23043283406696,-0.190746991784771,-0.00714449801361001,0.471746758553261,0.25565896571347,0.761077187603634,0.678559535182282,0.0287969652536892,1.09584384023876,1.01725047518537
0.114287498979719,3.12487760503895,-0.380181153421253,-0.097535008256557,-0.0528582314125447,-0.15735491220851,-0.140294148643519,-0.00595385594677117,-0.226568886945553,-0.21031948115652
-2.05432071480635,1.97648863466488,0.0885194582607545,0.233024349299017,0.126285476365631,0.375942204566603,0.335181728924677,0.0142245685176651,0.54130376769964,0.502481735711649
-1.39661820567516,2.55534769956655,0.326341181778454,0.112080882374946,0.0607412386936343,0.180822021975647,0.161216903069779,0.00684178368337374,0.260358216208587,0.241685456842917
1.89375315761409,-3.20781355573247,0.0741451604689289,-0.178399712821288,-0.0966821398059935,-0.287815335752842,-0.256609767876123,-0.0108901020266422,-0.414413502267871,-0.384691975832411
1.59123289924466,3.10321464913131,0.162147950130588,-0.329348102853642,-0.178487279050905,-0.531342978659051,-0.473733611378491,-0.0201044855153445,-0.765058971286471,-0.710189329454486
-2.73881569806457,-1.23106184022099,0.286301611449133,0.421844090749335,0.228614658135776,0.6805683523493,0.606779643841354,0.0257507431763544,0.979922469009585,0.9096429259735
-2.07904060443517,-0.597831109170247,0.0668683330131046,0.315437136181394,0.170948354220964,0.508900176032848,0.453724106473772,0.0192553146060743,0.732744499881729,0.680192435567967
-2.71483685002262,0.121353022719414,-0.501558745530287,0.405776629142579,0.219907040030202,0.654646439225611,0.583668241204745,0.0247699327622591,0.942598569034024,0.874995877195421
2.1614723525899,-0.924647865448612,0.276330104352681,-0.293522469363844,-0.159071895186645,-0.473544865823782,-0.422202096285519,-0.0179175716593575,-0.681837838187761,-0.632936773860723
-2.51689450675087,-0.266290744820381,-0.418408450616924,0.38599898859092,0.209188723399481,0.622738830374934,0.555220125056808,0.0235626408891518,0.896656111179182,0.832348389142889
1.01496241075435,-2.89064077594574,0.305567932353252,-0.0696731729074166,-0.0377587572156573,-0.112404932363327,-0.10021774387538,-0.0042530783793454,-0.161847253799122,-0.150239650750542
2.76320520657695,-1.8783768505693,0.420611807987651,-0.356547980977609,-0.193228011409155,-0.575225011487928,-0.512857858280402,-0.0217648550484444,-0.828242911307183,-0.768841749306706
2.56794908749704,-0.807738090560477,-0.13601496950333,-0.340801078914281,-0.184694117700912,-0.549820262608293,-0.490207547809967,-0.0208036126374492,-0.791663654924243,-0.73488593866003
2.14416148310697,1.22268349136945,0.201963414814806,-0.353465749766011,-0.191557623580602,-0.570252394677033,-0.508424383454458,-0.0215767055731275,-0.821083044225574,-0.76219538426491
1.48099440663909,-1.95442152192792,0.155389156110902,-0.159834844952522,-0.0866210745588434,-0.257864314003112,-0.229906101378481,-0.00975684176514998,-0.371288253964683,-0.344659648489724
1.30923798444177,-3.04394465815688,0.408007334065178,-0.111140322362698,-0.0602315105491096,-0.179304600274457,-0.15986400354657,-0.00678436882359856,-0.258173342911401,-0.23965728155172
-1.90107522682035,1.36946474506477,0.719180916171716,0.206605255214135,0.11196788298239,0.333319824103787,0.297180560125654,0.0126118605963019,0.479933549478337,0.445512958450238
0.659526996291513,2.60156058220377,0.637218822524262,-0.196945135167206,-0.106732666724752,-0.317734985704945,-0.283285463975017,-0.0120221752698123,-0.457493579605817,-0.424682371848599
-0.352098379604366,-2.82144059345798,-0.0974655812625396,0.1398355172693,0.0757826165562113,0.225599053476914,0.201139110931522,0.00853601738438028,0.324830828125049,0.301534125695382
2.18849847939352,1.59495612847423,-0.0660525864123604,-0.36148490183584,-0.195903531818231,-0.583189831116424,-0.519959114753402,-0.0220662208465915,-0.839711128553297,-0.779487471821875
1.361632315776,2.45122972988588,-0.0429261575197039,-0.269083480597652,-0.145827402293447,-0.434117023446884,-0.387049106769767,-0.0164257358436888,-0.625067304388591,-0.580237793984949
-0.0671412980160584,2.11019209462867,-0.0123420765668286,-0.0538693646827824,-0.0291940237187385,-0.0869083757914951,-0.0774855797034304,-0.00328836223012066,-0.125135807284064,-0.116161130581054
1.79877355518919,2.27778422589013,-0.438820520477775,-0.312570500329429,-0.169394806382632,-0.504275382936678,-0.449600743555049,-0.0190803257767346,-0.726085449907083,-0.674010969283942
2.46056664610328,0.24355980631155,-0.525775500870671,-0.343151239015242,-0.185967766093358,-0.553611816461345,-0.493588013105801,-0.0209470740975248,-0.797122957873373,-0.739953703167402
-1.27981615038554,2.27643734875944,0.653985812179902,0.0918890329854683,0.0497984452622867,0.148246162857952,0.132172989809593,0.00560920714790427,0.213453572190794,0.198144790131586
0.910999311945788,-3.37384372445537,-0.490148347829619,-0.0113463140969057,-0.00614903414614045,-0.0183052043622373,-0.0163205140894662,-0.000692616126940801,-0.0263569132952602,-0.0244666088264742
1.65688748104431,-2.3969700727526,-0.604617065623188,-0.144372761179745,-0.0782415355933901,-0.232919067387393,-0.207665472932019,-0.00881298559426749,-0.335370616053153,-0.311318005372873
-1.13875505774847,-2.34426826516891,0.500496919093498,0.217213863551686,0.117717124044597,0.350434875032156,0.312439959818269,0.0132594447506125,0.504576809637376,0.468388816475262
-1.28037706700989,2.82342540127753,0.149444271941085,0.0935708463909847,0.0507098890994336,0.150959461452032,0.134592106638737,0.0057118705394883,0.217360339598202,0.201771366159753
-2.46600041580752,-0.7062703859361,0.123724856518755,0.372460738827117,0.201851789187577,0.600897338369965,0.535746735361283,0.0227362218391521,0.865207442285778,0.803155202850222
1.92366715040775,-2.09757188189483,0.134151210336948,-0.218544491626287,-0.118438246110905,-0.352581600270649,-0.314353932413588,-0.0133406706408494,-0.507667791298112,-0.471258114497222
-3.21208115418364,0.445024184042068,0.848283887659957,0.418982376792266,0.227063777674666,0.675951499831114,0.602663360565791,0.025576054795579,0.973274852347633,0.903472073010776
1.58027695105253,2.62182376178178,-0.0400020873835152,-0.305882491625332,-0.165770299468762,-0.493485503063857,-0.439980726045094,-0.0186720678485638,-0.710549544235311,-0.659589290896261
1.92372406377724,0.964391210527292,-0.500513168297703,-0.288529695767272,-0.156366105882113,-0.46548993800854,-0.41502050135236,-0.0176127964273644,-0.670239877857754,-0.622170613369908
-1.14727785459537,-2.54017621802094,0.288920581605221,0.23201099765306,0.125736299441758,0.374307346866418,0.333724126070202,0.0141627102184627,0.538949803122071,0.500296596281034
1.10116351442497,2.21237749583017,0.416769242021368,-0.240862595858763,-0.130533344468885,-0.388587783024271,-0.346456246122287,-0.014703040727041,-0.559511617684901,-0.519383727920297
2.41142865012765,-1.16712131187247,-0.234939275892227,-0.303771956761388,-0.164626513845151,-0.490080540741452,-0.436944937181051,-0.0185432338967841,-0.705646878581909,-0.655038241939767
-3.05767525790465,1.32170599332917,0.302641507718706,0.38980734675571,0.211252629280812,0.628882920331873,0.56069805934942,0.0237951155288957,0.905502734416418,0.840560537043364
-0.598552820293487,2.9213135653051,-0.0908685273498575,0.000972713633105261,0.000527153513757538,0.00156929569266744,0.00139914922313315,5.93776219686715e-05,0.00225956453081664,0.0020975097073908
0.99052782695806,2.39536101535871,0.193067157828016,-0.222397789362446,-0.120526506593783,-0.358798192013705,-0.319896507690175,-0.0135758885390297,-0.516618806884793,-0.479567167780725
-2.07955298425544,2.46150732574935,0.384553340778923,0.211281137084845,0.114501935630744,0.340863505028359,0.303906338673634,0.0128972917207767,0.490795386370267,0.455595789903025
2.40551862657358,-2.09343895614605,-0.531313180144412,-0.264144167694107,-0.14315058553666,-0.426148344690399,-0.379944409583871,-0.0161242240272713,-0.6135935305423,-0.569586913386154
0.35100893703446,2.93686774021261,0.323171455879737,-0.151315654606867,-0.0820041750190013,-0.244120157183008,-0.21765211608602,-0.00923680251967476,-0.351498606034215,-0.32628930408314
-1.9851303870412,2.35685172563091,0.404311924505726,0.200130491151399,0.108458942107853,0.322873975491331,0.287867273254751,0.0122166198185756,0.464893000313976,0.43155110985221
0.849773496498262,2.48167404826436,0.718207021633241,-0.223655368522073,-0.121208040449445,-0.360827066176895,-0.321705406881402,-0.0136526552845493,-0.519540099613789,-0.482278946875162
1.35395568630861,2.4414769959178,-0.224071744427884,-0.261150695434079,-0.141528299833547,-0.421318924227991,-0.375638605445279,-0.015941492688694,-0.606639846012198,-0.563131943587725
-2.21950883518827,2.2844243054941,0.526198753482259,0.231721255273923,0.125579276132895,0.3738399004854,0.333307361247668,0.0141450233958757,0.538276746242133,0.499671810699546
-0.940594786569533,2.97820751505859,-0.301989470745325,0.0561676654915571,0.0304395674284011,0.0906162641534071,0.0807914507035701,0.00342865802936638,0.13047464372257,0.121117068374914
-1.25595059392014,3.00895090324196,0.312086288819526,0.0785599647999585,0.0425748751487742,0.126742147103577,0.113000486451838,0.00479555722568898,0.182490821514969,0.169402672248105
0.118062761997502,3.40355261494967,0.541237578199965,-0.13974773230469,-0.0757350422743526,-0.225457428478401,-0.201012841224944,-0.00853065870299068,-0.324626908095947,-0.301344830707458
2.7721476565132,0.719126743682232,-0.430935652670583,-0.405910285127786,-0.219979473704244,-0.654862068733357,-0.583860491689887,-0.0247780915607928,-0.942909045121977,-0.875284086095636
0.91919173547049,2.0385215168591,0.112720225590839,-0.198395845745913,-0.10751886643758,-0.320075442119855,-0.285372162989103,-0.0121107313888969,-0.460863506845001,-0.427810609613437
2.66550891863413,-0.207230166564017,-0.356915208520984,-0.365112904035804,-0.197869695386357,-0.589042949682486,-0.52517762540941,-0.0222876859682874,-0.848138794013883,-0.787310709385191
-2.37166529871186,-2.19622773514209,-0.432066282232454,0.424081972352216,0.229827458193451,0.684178765363548,0.609998607984108,0.0258873507896375,0.985120954691226,0.914468578895673
-1.94807659990295,0.0731549022135496,-0.148238109104727,0.283963528995123,0.153891512356928,0.458123262346085,0.408452536769039,0.0173340626713904,0.659632903585989,0.612324365919286
-1.86757854964234,-2.4388707425424,0.289544242059728,0.33275609092753,0.180334207917583,0.536841144638221,0.478635654183017,0.0203125202551056,0.772975555069327,0.717538139859079
-2.66009604550432,-1.02675305176207,-0.101886222455757,0.418294162320535,0.226690805954476,0.674841191545755,0.601673434331904,0.0255340439330342,0.971676164967307,0.901988042679451
-0.703232563157671,2.55694421870527,0.0874433994247987,0.0206851596956503,0.0112101385701643,0.0333717251488441,0.0297534897564474,0.00126268981020545,0.0480505788876008,0.0446044157128212
1.83246454618176,-1.98817536057616,0.493949295195481,-0.22168494155948,-0.120140185058524,-0.357648142349908,-0.318871148924976,-0.0135323739773692,-0.514962897522947,-0.478030019399406
2.58644912916453,-0.902760424199693,-0.0487592221024941,-0.34373203091211,-0.186282521103235,-0.554548818052638,-0.494423422936248,-0.0209825275347143,-0.79847210805004,-0.741206092976895
2.43529291522719,0.342253686782599,-0.327255201292938,-0.349657429625019,-0.189493738305931,-0.564108366064544,-0.502946503855197,-0.0213442332544806,-0.812236509315697,-0.753983318357001
3.17309782552965,0.0878989100074387,-0.771442283870383,-0.432294015355901,-0.234277901959415,-0.697427396075696,-0.621810793192475,-0.0263886407566617,-1.00419711489413,-0.932176606553056
0.304270443266569,-2.76505291928484,0.353161862891089,0.0272570333825005,0.0147717071429561,0.0439742423939298,0.0392064589043472,0.00166385847703899,0.0633167087930782,0.0587756665154949
-0.94069632535621,3.46542453902367,0.558206733522967,0.0103966898362051,0.00563439371267634,0.0167731591525772,0.0149545765705419,0.000634647955790414,0.0241509842077526,0.0224188878555707
-0.524641582284072,-2.94103945061939,0.348648564338461,0.152254040522938,0.0825127249314136,0.245634071377313,0.219001888393908,0.00929408466550772,0.353678429016036,0.328312791265032
-1.69669152584059,-2.27661720239299,0.390640465720962,0.299555696926215,0.162341549276565,0.483278375979578,0.43088027799243,0.0182858596048094,0.695852720412408,0.645946515832337
-2.4122733517648,1.18541312090215,-0.49316210132643,0.329587271784543,0.178616894528693,0.531728834023167,0.474077631460536,0.0201190851692224,0.765614548606192,0.710705061050299
1.69569048767963,2.18319819709487,-0.078359123308174,-0.307836198222363,-0.166829093406077,-0.496637451636499,-0.442790933463221,-0.0187913284899366,-0.715087905763339,-0.66380216343469
-1.15616298525702,-2.62311583919681,-0.431786234809489,0.261788794010232,0.141874111689262,0.422348379674048,0.37655644508145,0.0159804443130407,0.608122116703972,0.564507906576421
-2.09938028302132,1.82945561355426,-0.000379604636552324,0.247183958882342,0.133959151012769,0.398786147092658,0.355548881264399,0.0150889174035533,0.574195824000482,0.533014790398131
-1.95242278233691,2.12409757423688,0.53877664466369,0.197626299556147,0.107101817715194,0.31883391997006,0.284265249384799,0.0120637557722424,0.4590758900007,0.42615119974358
-1.46540071909504,1.8181633394582,-0.545423641740305,0.175779838312985,0.0952623220861094,0.283588646991337,0.25284134594983,0.0107301763168907,0.408327666403462,0.379042613033035
2.18566055882661,-1.266893032158,-0.45174192594829,-0.260383385312202,-0.141112462928293,-0.420081009565114,-0.374534908196276,-0.0158946535689378,-0.604857423440413,-0.56147735545979
1.18933861830035,2.57197965727627,-0.222546941146576,-0.241431804504471,-0.13084182203868,-0.389506097156547,-0.347274994628875,-0.0147377870846902,-0.560833860555467,-0.520611140202051
-2.60966320423747,0.519722394323102,0.608944013468884,0.338499771389381,0.183446944528151,0.546107523459362,0.486897351955741,0.0206631332984161,0.786317834036378,0.729923517337982
-1.91591702073577,0.666445444002363,-0.558115879647551,0.276111480290435,0.149636164303815,0.445455416649768,0.397158166595471,0.0168547479339397,0.641392991916697,0.595392611474342
2.51987446075394,1.1371593641033,0.42180754748106,-0.412961008274764,-0.223800550488781,-0.666237122077085,-0.594002236883823,-0.0252084907650175,-0.959287518083912,-0.890487903274286
0.00453740952483467,3.82140562919131,-0.488247982490349,-0.0989402602292419,-0.0536197952376046,-0.15962202946974,-0.142315460095288,-0.00603963712384631,-0.229833216144067,-0.213349694318668
0.844998047057952,2.20407319825373,-0.566938145241693,-0.168218591609041,-0.0911645715943767,-0.271389957181864,-0.241965264756263,-0.0102686130847959,-0.39076327306146,-0.362737929083175
-0.866809220759386,-2.77370809050883,-0.362439785430625,0.222141958286548,0.120387861214507,0.358385455323487,0.319528520814168,0.0135602717733183,0.516024524245683,0.47901550679142
-1.78195405767338,-1.95420458143506,0.342973544151666,0.303788235295797,0.164635335852287,0.490106803181971,0.436968352190358,0.0185442275917725,0.705684692793319,0.655073344135093
0.282248941101162,-2.57777506782383,-0.712203931455319,0.0631590515485402,0.0342284870040511,0.101895587945728,0.0908478455533309,0.00385543510352266,0.146715279628097,0.136192934101011
-0.450648382672044,-2.82529044342584,-0.20829342054367,0.158154775817794,0.0857105760137573,0.255153829471199,0.227489493504731,0.00965428484956045,0.36738553841002,0.341036833717476
2.1340932895578,-1.72045346640628,-0.301645519300282,-0.244605744080032,-0.132561910400523,-0.394626668653848,-0.35184038257069,-0.0149315347385268,-0.568206761524273,-0.52745526044858
1.81661887074054,1.82005916245862,0.860426026608642,-0.348100379966049,-0.188649909073065,-0.561596350976104,-0.500706846933998,-0.0212491858500953,-0.808619561775959,-0.750625776462421
-2.03491380013066,1.70483588207642,-0.109291532208116,0.245595874927399,0.133098503018849,0.396224063838893,0.353264584677811,0.0149919755642268,0.570506785362158,0.529590327742034
-1.19616907971754,-2.66179200343305,0.029730374749072,0.252091227566227,0.13661860168933,0.406703128356503,0.36260748611282,0.0153884731359842,0.585595160746585,0.543596572487853
0.61195879571555,-3.0126894223503,-0.0551830681973968,0.00513091540519349,0.0027806540307303,0.00827779437932468,0.00738029781717009,0.000313207859861306,0.011918856758679,0.0110640423901921
2.51791409795561,-1.0905060651445,0.030496482336103,-0.331015537946946,-0.179390930689457,-0.53403308047388,-0.4761320464739,-0.0202062712077188,-0.768932338602443,-0.713784900828854
-1.55312150204894,-3.03136279026243,-0.470000326130441,0.332773090427704,0.180343420645712,0.536868570225252,0.478660106227948,0.0203135579602026,0.773015044047715,0.717574796707942
-0.68153101789782,3.13394803125882,0.714143383874351,-0.0225342478229647,-0.012212235457045,-0.0363548909386497,-0.0324132141900174,-0.00137556419797354,-0.0523459170062779,-0.0485916943577001
-3.02597590267995,-0.877823646763244,0.00204484119264261,0.46277685281595,0.250797804970403,0.746605883863129,0.665657241828099,0.0282494128663905,1.07500720326875,0.99790823126274
-1.56876074327152,-2.2048354603932,-0.385940912798695,0.306932108427428,0.166339129971894,0.495178867966352,0.441490492623106,0.0187361398915225,0.712987750934843,0.661852630646529
1.52953267383134,2.89518009212319,-0.748243229339662,-0.281324601544194,-0.152461369064018,-0.453865835143401,-0.404656709130554,-0.0171729739076977,-0.653502808700322,-0.606633918333234
-2.60099751909942,0.48851380375395,-0.588182855260614,0.38135369737494,0.206671249084751,0.615244501881612,0.548538348041596,0.0232790771183055,0.885865334829688,0.822331521806435
-1.00738555839461,2.01498419457157,0.686747420905095,0.0593627220197914,0.032171099935184,0.09577090399492,0.0853872132252432,0.00362369473106902,0.137896598303494,0.128006724133351
-0.61496682313144,-3.08748415974398,-0.225553177291904,0.190416680962743,0.103194628954786,0.307202517860185,0.273894949318329,0.0116236570702114,0.442328310960025,0.410604748587164
-2.5860662564932,0.739234260853631,0.18939041716263,0.343566121864545,0.186192608168522,0.554281154122722,0.494184779714737,0.0209723999037526,0.798086709730881,0.740848335229939
1.48714677960593,-2.44221589267381,-0.24809117262288,-0.131383393528183,-0.0712020631670088,-0.211963096367436,-0.188981594100532,-0.00802007210382492,-0.305196972522004,-0.283308400269424
-1.48007105306104,-2.76251547833881,-0.115338065135472,0.301303301640084,0.16328864812891,0.486097816826936,0.433394028899721,0.0183925391130625,0.699912317698753,0.649714960857949
2.31305148098582,0.16972554657545,0.237928812226543,-0.347177866783535,-0.188149961247622,-0.560108044536801,-0.499379905932335,-0.0211928726278394,-0.806476610350712,-0.748636516427747
-2.10722941684229,-0.561887686648223,0.796414094997848,0.292110537890095,0.158306711465311,0.4712669724082,0.42017117705361,0.0178313827436883,0.67855799284639,0.629892157365623
1.66645190327089,1.00807088659837,-0.370403579296509,-0.257456022140264,-0.139526004458286,-0.41535824403552,-0.370324195229532,-0.0157159577453443,-0.598057306975495,-0.555164939902709
-2.18669540959295,0.32370876173001,-0.0105016102494961,0.305799503507669,0.1657253247955,0.493351616901312,0.439861356112972,0.0186670019824026,0.710356767038848,0.659410339582665
1.71722128673241,0.765402466123976,-0.15665552022713,-0.26512155724745,-0.143680273123859,-0.427725184125889,-0.381350284640739,-0.0161838870827065,-0.615863956999133,-0.571694506007729
2.3001509848534,-0.0010710998538238,0.123659943423237,-0.336019120821791,-0.182102577986341,-0.542105447084319,-0.483329189449959,-0.0205117062734154,-0.78055540833871,-0.724574369892032
0.311145533390511,-3.11616564796637,-0.018781734740863,0.0503223931492908,0.0272717740005876,0.0811859853981858,0.0723836233859093,0.00307184348536229,0.116896371959909,0.108512623384145
2.10146057610658,-1.01106072807078,0.307503758669542,-0.283374340860113,-0.153572207080366,-0.457172714958885,-0.407605049807489,-0.0172980967003601,-0.658264249373139,-0.611053870893203
-2.09287232402421,-2.76175182937725,-0.347896407707506,0.39800639625325,0.215696031331529,0.642110588396298,0.572491554726154,0.0242956123298023,0.924548711362283,0.858240546171607
2.24765821832982,-1.69478729785042,0.263078114638234,-0.282114248993948,-0.152889311485713,-0.455139787002868,-0.405792536344515,-0.0172211765710142,-0.655337119754046,-0.608336673527471
1.99811016611293,-0.802519530617464,-0.180277735436219,-0.257214715913983,-0.13939523069225,-0.414968940535879,-0.369977100866353,-0.0157012276239652,-0.597496764826797,-0.554644599552938
-2.34474619944062,1.44150021530563,0.0761014005361385,0.291564261523047,0.158010661840251,0.470385655316881,0.419385414287922,0.0177980362473413,0.677289020498316,0.628714195071475
2.63697896525335,-1.41201678932433,0.260372988453049,-0.346717134808203,-0.187900271645841,-0.559364737689076,-0.498717190037935,-0.0211647480409835,-0.805406353294327,-0.747643017665239
0.414477699794784,2.55012032499404,0.776396270507774,-0.165075830138508,-0.0894613799296275,-0.266319685859519,-0.237444723334477,-0.0100767686444756,-0.383462797252397,-0.355961039700623
-1.62114126063124,-2.13942510336487,0.137140923154546,0.29364249721697,0.159136943215552,0.473738508830829,0.422374744094431,0.0179248985521305,0.682116656814746,0.633195595757034
-1.66845575781611,2.53632406329,0.158247068134586,0.157906188967976,0.0855758565784628,0.254752780015948,0.227131926708127,0.00963911029510529,0.366808083741392,0.340500793805136
0.118580003440658,2.97474927646968,0.102299841725466,-0.110994618366921,-0.0601525475627506,-0.179069533503319,-0.159654423228622,-0.00677547457508996,-0.257834879904766,-0.239343092940451
1.28196253668668,-2.22176022482872,0.422085143415901,-0.132649250696089,-0.0718880832157323,-0.214005325584257,-0.190802400361281,-0.00809734416604771,-0.3081374946452,-0.28603802963565
2.29633034126428,-1.72485209449698,-0.832640957835541,-0.248718184110088,-0.13479061074786,-0.401261339132268,-0.357755707572218,-0.0151825715299965,-0.577759751541859,-0.536323114861773
-2.33614540348745,-1.15157360052652,0.109927592638097,0.367742244065043,0.199294642861239,0.593284909332287,0.528959662520907,0.0224481894843992,0.854246617804282,0.792980483147645
0.933724699088019,2.88752981861586,0.200860243795912,-0.229415366392213,-0.124329620134503,-0.370119770154456,-0.32999057557954,-0.014004264395837,-0.532920283094306,-0.494699510375028
-0.737489767706443,-2.14837082655055,-0.386056851474226,0.185386527067054,0.100468581729162,0.29908728376322,0.266659586642343,0.0113166000224871,0.430643518087367,0.399757983139666
0.705876033308645,-3.53078300667694,-0.201501475952804,0.0125781291210177,0.00681660535739921,0.0202925128009305,0.0180923542029105,0.000767810145352527,0.0292183572416404,0.0271228314626642
-1.32933968439432,-2.16277280624494,0.00443584265637815,0.257067987586462,0.1393157125784,0.414732221192657,0.3697660471518,0.0156922708468962,0.597155922349371,0.554328202125318
0.74850254062528,3.29478550969744,-0.417659417855771,-0.192766023900535,-0.10446783449291,-0.310992753369793,-0.277274239208398,-0.0117670686479742,-0.447785715680481,-0.41567075100586
-1.5037967370647,-2.8936450446585,-0.286231553065998,0.314861017706447,0.170636131930586,0.5079707141538,0.452895418883487,0.0192201464498458,0.731406205827616,0.678950123285417
2.75419778288139,1.41577778319577,-0.628244604694825,-0.417336137521069,-0.226171612923642,-0.673295593601917,-0.600295413495867,-0.0254755629655189,-0.969450721853483,-0.899922207218312
-1.39844944090749,1.34977331343116,0.110026820844213,0.156703213362221,0.084923914633829,0.252811998708638,0.225401569152771,0.0095656767291255,0.364013632303999,0.337906759009128
-1.7510586544458,-1.55719366507539,0.00139602079002079,0.29960854827907,0.162370191597815,0.483363641979318,0.430956299266083,0.0182890858242676,0.695975491429748,0.646060481774511
1.10679425131941,3.23671406629668,0.0779970621595329,-0.260525442886551,-0.141189449768947,-0.420310193501628,-0.37473924350939,-0.0159033252279548,-0.605187415994653,-0.561783681115218
-2.07207529092857,2.21805722044513,0.723802334428492,0.205355966403191,0.111290842007561,0.331304324903212,0.295383585754358,0.0125355999207842,0.477031514809673,0.442819056237803
-2.49338419524205,1.35650768345677,1.02434287599119,0.281385271655334,0.152494248691874,0.453963715280827,0.404743976889511,0.0171766774097371,0.653643742297371,0.606764744244101
-2.44398767486394,0.867839955941899,0.514959103361565,0.307446908148962,0.166618121108496,0.496009403242199,0.442230979448766,0.0187675649504653,0.714183604628741,0.662962718319335
2.51699085360413,0.855452586175726,-0.80893127481897,-0.359633810368418,-0.194900349238973,-0.580203433303445,-0.517296508719676,-0.0219532241683901,-0.835411136776958,-0.775495873277304
1.75674762309473,-0.375780953157145,0.100805062037225,-0.245493836604093,-0.133043204255844,-0.396059443650791,-0.353117812970369,-0.0149857468111988,-0.570269755502311,-0.529370297543653
0.92453521893729,-2.14378215224324,0.289955718114509,-0.0787233822231716,-0.0426634377698006,-0.12700579125292,-0.113235545726174,-0.00480553275974998,-0.182870431916883,-0.169755057184308
2.56856414996796,-0.184775978731382,-0.246485290305351,-0.355799156458273,-0.192822192612008,-0.574016919966679,-0.511780750682817,-0.0217191443503348,-0.826503429854357,-0.767227022582433
-3.14669386469323,1.85564597213563,0.150343102019819,0.391938601025752,0.212407643602526,0.632321309629738,0.563763650963171,0.0239252142609981,0.910453530201365,0.845156264262751
2.86065916035209,-1.13874650254719,0.120593097915403,-0.382211314296082,-0.207136026957756,-0.616628110062377,-0.549771942398787,-0.0233314288604878,-0.887857535524823,-0.82418084287699
-2.08686431867418,-1.6974550705062,-0.320892805817098,0.363891013665624,0.197207502753145,0.587071652859275,0.523420060897095,0.0222130977832158,0.845300404536201,0.784675887762884
2.54330512451215,0.50129261898108,0.297325189924053,-0.392567948777977,-0.212748713026938,-0.633336647220518,-0.564668903432795,-0.0239636317064277,-0.91191547317212,-0.846513357424282
3.04161845014485,-0.857677252160271,0.680889531284045,-0.437021233307042,-0.236839775740588,-0.705053898384853,-0.628610413449472,-0.0266772056034094,-1.01517820290227,-0.942370136492404
-0.762312643086756,3.30694150410237,-0.689712135376976,0.0344745639130973,0.0186831837074516,0.055618408968632,0.0495881394844646,0.00210444014959663,0.0800826668633482,0.0743391785668143
2.41968688960393,0.0633365328807601,0.358844565557093,-0.363683308871892,-0.19709493898503,-0.586736559130704,-0.523121298763102,-0.0222004188031918,-0.844817916814405,-0.78422800381606
-2.87487436610673,0.294236631620615,-0.361903304970601,0.418570435337456,0.226840529662122,0.675286907572239,0.602070824852446,0.0255509085416925,0.97231793320064,0.902583783620217
0.239873481587033,2.18097168521207,-0.569140525810988,-0.0802028474394099,-0.0434652208030376,-0.129392638020846,-0.115363605349791,-0.00489584415596755,-0.186307154723488,-0.172945299972312
2.75660619955265,1.01933643529365,-0.0646189946525273,-0.425979753081501,-0.23085594360348,-0.687240487768515,-0.612728371752897,-0.0260031975331063,-0.989529403259457,-0.918560855765967
0.708767297685566,-3.37710113829861,-0.772291257101638,0.0280779070213641,0.0152165723204868,0.0452985720032318,0.0403872018023778,0.00171396728908154,0.0652235567034313,0.060545756259751
2.34043166652399,-0.904776094242302,0.0514555446699997,-0.311817383666963,-0.168986661496638,-0.503060366826838,-0.448517462147906,-0.0190343530721685,-0.724335998023035,-0.672386987202723
3.02703575968346,-0.404020047192584,-0.243275299733017,-0.415360137881985,-0.225100737470194,-0.670107679279768,-0.597453139813418,-0.0253549414839374,-0.964860574717243,-0.895661263109256
-1.13295623704005,-2.76749083197297,0.292520677628767,0.236710108002688,0.128282940557944,0.381888502696936,0.340483316412903,0.0144495592852723,0.549865598594698,0.510429516432446
-1.13651626075546,-2.9093178518906,0.0782507879397567,0.249248850028134,0.135078200428737,0.402117471616786,0.358519016301229,0.0152149651134737,0.578992461607105,0.537467415585645
1.09406788271354,-2.22060552299659,-0.0469733611658422,-0.0886873697269487,-0.048063332296707,-0.143080864264442,-0.127567724181115,-0.00541376714977402,-0.206016270509852,-0.191240887959368
-1.80076780840918,-2.70238643148891,-0.231065840961854,0.349884034550373,0.189616544832507,0.564473951701665,0.503272451898358,0.0213580659603623,0.812762901086523,0.754471957576701
-0.189290194820737,-3.23952310880719,0.130462056208913,0.120826695331579,0.0654809543446187,0.194931792965392,0.173796861844363,0.00737565671431893,0.280674296992688,0.260544478605569
0.446626023264391,-2.80208580160663,0.141372932385386,0.0154929198238112,0.00839625028942324,0.0249949949490613,0.0222849829567504,0.000945738504304131,0.0359892684971563,0.033408136393165
1.97148010684267,-0.234975682509735,0.513317736383265,-0.295591277054835,-0.160193067139497,-0.476882508977877,-0.425177864872642,-0.018043858448008,-0.686643573730625,-0.6373978444851
2.46516803441907,-0.340934496486609,-0.287772991577765,-0.334669316088941,-0.181371063300423,-0.539927783812097,-0.481387633190159,-0.020429309777231,-0.777419880271586,-0.721663720309384
0.362429611171396,2.8442441740217,-0.248509102386368,-0.129543940753847,-0.0702051880740935,-0.208995475458892,-0.186335729138216,-0.00790778588952049,-0.300924016840555,-0.279341898804714
2.04153201159775,-2.19682470588088,0.0795327018498486,-0.230557142941518,-0.124948395794067,-0.371961817967739,-0.331632904542126,-0.0140739621712253,-0.535572572221468,-0.497161578669674
-0.795941984180152,-2.43769313454711,0.818106839539342,0.159176623816483,0.0862643574605287,0.256802394483889,0.228959317494925,0.00971666179392582,0.369759239584901,0.343240294246642
0.0326307082476665,-3.15628113098583,0.461255645032684,0.0743846154729342,0.0403120816667095,0.120005983970586,0.106994672851214,0.00454068024495238,0.172791696385002,0.160399163458757
2.33586318702671,1.13306069095621,-0.4517292349757,-0.354818094072106,-0.192290514565682,-0.572434155086603,-0.510369592631018,-0.0216592570931699,-0.824224471592793,-0.765111510052839
1.11285585275973,-2.93217439536132,-0.0288690172520696,-0.0704695658334719,-0.0381903552883208,-0.113689766816135,-0.101363273768121,-0.00430169280860027,-0.163697234252838,-0.151956951543341
-0.215437488541821,2.92425275963254,-0.190363271530583,-0.0507601563190019,-0.0275090158621724,-0.0818922362753767,-0.073013300999106,-0.00309856598119072,-0.117913273643521,-0.109456593394184
-1.90306195540346,1.78694551821748,-0.498293060009015,0.238121455249006,0.129047807662411,0.38416545356832,0.342513395293317,0.0145357125377881,0.55314408680532,0.513472873129526
-0.566731637885857,-3.61002050031786,-0.305962254256142,0.202208176964437,0.109584925480092,0.326225941872956,0.290855812113765,0.0123434485568369,0.469719359284945,0.436031324802877
-1.3217887224594,-3.00103464595761,0.422606707528504,0.266325307968819,0.144332635135515,0.429667215940596,0.383081757120747,0.0162573679642788,0.618660208990861,0.574290212223227
-2.23387977008136,-1.9854827560042,0.431432931596622,0.366698158378803,0.198728809897216,0.591600467874464,0.527457851888189,0.022384455078845,0.851821259606896,0.790729070411457
-0.0575053276898712,3.07701596524072,-0.221577356056924,-0.0770353290442782,-0.0417486123428942,-0.124282425924757,-0.110807453620262,-0.00470248847198836,-0.178949169831778,-0.166115026029386
1.91902999890053,-1.65966155230622,0.323381009198768,-0.23797780960665,-0.128969960182406,-0.38393370757428,-0.342306775706556,-0.0145269439379053,-0.552810405249488,-0.513163123045831
-2.47131903929303,0.18078735746782,0.231611524045231,0.34243730003957,0.185580853206743,0.552460006389789,0.492561084800101,0.0209034929271131,0.795464513772568,0.738414201837317
2.38492137363855,-2.01677327012611,-0.284563468338593,-0.272395185832575,-0.147622151530739,-0.439459854660176,-0.391812656543299,-0.0166278931640126,-0.632760228010382,-0.587378985021919
2.15028478228076,-0.88947085555795,-0.278274220763918,-0.272982785164641,-0.147940595769658,-0.440407838804164,-0.392657858174069,-0.0166637621493141,-0.634125191514417,-0.588646054034953
-0.110912886105197,2.91258521388429,0.0402172957673442,-0.0737872631118101,-0.0399883518603196,-0.119042265096487,-0.106135442484168,-0.0045042159028544,-0.171404077088162,-0.159111063514902
-1.93452887304318,1.90605672894944,-0.627789200497346,0.243713994584664,0.132078634682084,0.393187993801978,0.350557691991254,0.0148770994323641,0.566135272587005,0.52553233764845
-0.734513049220174,-2.77762696319664,-0.246499101222889,0.199009069563636,0.107851197638902,0.321064766688815,0.286254222825598,0.0121481645766221,0.462287994732105,0.429132933950941
0.498399052603633,-3.21140601918463,0.767338181434659,-0.0021239790211909,-0.00115107156521874,-0.00342665201332713,-0.003055126911261,-0.000129654627114715,-0.00493389575014032,-0.00458003924651506
-1.37606958294135,-2.44909034416622,0.0817240259281084,0.269701228493454,0.146162185278702,0.435113646789092,0.38793767403056,0.0164634451959386,0.626502301480064,0.58156987381201
-1.30025916785231,2.69972869754647,-0.0462589529726881,0.107243454631782,0.0581196376945646,0.173017716306872,0.154258757282098,0.00654649127041821,0.249121116432419,0.231254276169836
-1.63660873664223,-1.36963929471149,-0.309934593625986,0.288645053709376,0.15642862309422,0.465676046967537,0.415186431971182,0.0176198382534932,0.670507848517828,0.62241936531
2.77199919844306,-0.18180788474644,-0.450785282421824,-0.377851633181103,-0.204773336500456,-0.609594561274438,-0.54350098634602,-0.0230652996644543,-0.877730216982336,-0.814779850489741
-1.82921053990982,2.26959589434388,0.082192760520717,0.191911422473974,0.104004690840409,0.309614010138481,0.276044982332206,0.011714900981445,0.445800519826612,0.413827932392904
2.36187754813926,1.1549676047284,-0.170551244633506,-0.369369259992791,-0.200176389692024,-0.595909802209716,-0.531299958774457,-0.0225475078586944,-0.858026093444689,-0.796488896709852
0.840637642706634,-2.85510079759273,0.457894038097622,-0.0511114024754806,-0.0276993705968855,-0.0824589077618946,-0.073518532724292,-0.00312000719552916,-0.118729200684896,-0.11021400256151
0.794602239052166,-2.9941787444354,-0.0409481543666238,-0.022273795828531,-0.0120710858120127,-0.0359346992408046,-0.0320385805946065,-0.0013596653562794,-0.0517409002073211,-0.0480300690570553
2.49629582215258,-0.923431175696995,-0.0435174971297345,-0.330297485050058,-0.17900178829978,-0.532874633342223,-0.475099200712663,-0.0201624389100992,-0.7672643380709,-0.712236528450403
-1.68020058092098,2.1376220282107,0.292057917514049,0.166866427327331,0.0904317781719128,0.269208487208742,0.240020314526396,0.0101860725540309,0.387622263881776,0.359822191490582
2.84506669919178,1.06846340414857,-0.397607595994745,-0.428217855684746,-0.232068863430339,-0.690851257326465,-0.615947653782105,-0.0261398186369746,-0.994728402313757,-0.923386985241973
-1.40428938882873,-2.32259924170284,-0.208188592888225,0.280384915468347,0.151952114541563,0.452349823378891,0.403305066675608,0.0171156123958591,0.651319965513158,0.604607627553597
-2.40138190245167,1.32601643027084,0.0642278380268883,0.303659156019462,0.164565382484967,0.489898557357639,0.436782684833534,0.018536348170519,0.705384848168404,0.654795004214771
0.219685845619953,-3.3926045242311,0.839269537969343,0.0409576495219466,0.0221966343699921,0.0660776828750569,0.058913396049616,0.00250018890171794,0.0951425465580932,0.0883189713193803
1.17795243129895,1.73702425971461,0.0865581305964265,-0.225612891628957,-0.122268902710377,-0.363985171990754,-0.324521103959193,-0.0137721488981675,-0.524087326701014,-0.486500049139374
-0.939708593884164,2.94387420208736,0.0502594737270207,0.044382427079138,0.0240526621480216,0.0716029356174157,0.0638395888112525,0.00270924852645921,0.103098131460777,0.0957039857032446
2.69293194654389,0.0692093598655607,-0.258179427635756,-0.381008987223295,-0.206484436479804,-0.6146883750445,-0.548042517691876,-0.0232580348830818,-0.885064590596688,-0.821588206544159
2.29631437304788,-0.343698157295997,-0.865061037007031,-0.289431883594275,-0.156855038561668,-0.466945453200995,-0.416318206405841,-0.0176678689234345,-0.672335614511019,-0.624116044852128
0.843382439156465,2.92140653524314,0.524240383147202,-0.229076760896005,-0.124146115893348,-0.369573492063322,-0.32950352615323,-0.0139835948087498,-0.532133719666868,-0.493969358878123
1.79216342197278,1.03112701383148,0.318181378697444,-0.301101683158296,-0.163179382783494,-0.48577254225047,-0.433104021303897,-0.0183802316614282,-0.699443968171514,-0.649280201121532
1.6350820991308,2.43882748130702,0.0173161898900776,-0.310300104313488,-0.168164385427593,-0.500612513858662,-0.446335010749632,-0.0189417333773217,-0.720811434889784,-0.6691152039518
0.550265168583311,2.92548944853301,-0.4721799330882,-0.151023071514799,-0.0818456122109968,-0.24364812783079,-0.217231265188042,-0.00921894229067834,-0.350818950321935,-0.325658392934223
2.66053490559509,0.294912942013544,-0.458617267123248,-0.375957402762107,-0.203746775149555,-0.606538566646337,-0.540776329336008,-0.0229496696435388,-0.873330015605191,-0.810695229326166
2.68133484292036,-1.05753126775705,-0.687383362917597,-0.329694769580694,-0.178675152004515,-0.531902262073037,-0.474232256062119,-0.0201256471863312,-0.7658642605451,-0.710936863775456
2.43334913679853,0.923106243393099,-0.336844954920416,-0.366646382168968,-0.198700750240176,-0.591516936421514,-0.527383377097971,-0.0223812944896336,-0.851700986092367,-0.790617422852458
2.40668806028166,0.767994598395237,0.141023733989874,-0.375326273535418,-0.203404740270881,-0.605520354972057,-0.539868514397301,-0.0229111434510806,-0.871863934359435,-0.80933429468462
2.21419595361607,1.40537095687634,-0.0821578854792423,-0.358859548898311,-0.194480745112287,-0.578954303910493,-0.516182812666149,-0.0219059607155996,-0.833612566575113,-0.773826295619157
-2.85319589711644,1.08983611493879,0.463443291962036,0.361563975553615,0.195946385117241,0.583317402110069,0.520072854221041,0.0220710477649793,0.839894812796967,0.779657982324646
-2.22824156895139,0.937002833012338,0.30648512051853,0.281762705001162,0.152698795341259,0.454572635011896,0.405286876212218,0.0171997171757734,0.654520500854007,0.607578622121232
-0.611649765894291,-2.87024531120183,0.00129435862107614,0.175172605180547,0.0949332374834675,0.282608987298342,0.251967903102319,0.0106931088201911,0.406917094575026,0.37773320670152
1.35476151974664,-2.14650823896625,-0.280334536693557,-0.120103734596601,-0.0650891521956805,-0.19376542793384,-0.172756956659246,-0.00733152482620851,-0.278994895801699,-0.258985523217191
2.85975964490502,0.712928809997278,-0.0179287335920802,-0.433241632805365,-0.234791454819353,-0.698956203662151,-0.623173844118379,-0.0264464864254898,-1.00639838226072,-0.934220000139303
-1.90032679859355,-1.99856544639318,0.296924833867171,0.323858400910904,0.175512183842917,0.522486347766294,0.465837235768032,0.0197693761516195,0.752306671562898,0.698351618206609
1.44378115844789,2.92923192171798,-0.131527275532989,-0.292227953676053,-0.158370343907617,-0.471456401322204,-0.420340067670659,-0.0178385501873372,-0.67883074377357,-0.630145346734485
2.34762841086761,2.06378399048861,-0.256918104121087,-0.391762217922504,-0.212312054346367,-0.632036747725014,-0.56350994188222,-0.0239144472594162,-0.910043801181054,-0.844775920800203
-0.432597129555213,2.9629517610922,-0.0291443203087669,-0.0264396285020497,-0.0143287218282375,-0.0426555089924438,-0.0380307054610476,-0.00161396140935648,-0.0614179186329292,-0.0570130566236804
2.22426261387363,-1.31160150151973,-0.761708622113423,-0.253418111575381,-0.137337694692624,-0.408843813229591,-0.364516073252356,-0.0154694704762191,-0.588677445132814,-0.546457796999427
-2.05329865222222,1.44823277199994,0.717005610401046,0.226239747810619,0.122608621850252,0.364996489887743,0.325422772559014,0.0138104142499799,0.525543481879477,0.487851769606144
-0.3868964626368,2.95549032442448,-0.140648925825639,-0.0287818664352144,-0.0155980768722111,-0.0464342818754594,-0.0413997755275569,-0.00175693927439591,-0.0668588187872911,-0.0620637381754011
-2.21351388748562,-1.91460807477601,1.02632926094954,0.340166660932737,0.184350300510755,0.548796745129043,0.489295002333262,0.020764885688637,0.790189934067434,0.733517912316466
2.97176436117203,1.11950838780495,-0.245285445652817,-0.453522044981861,-0.245782244066505,-0.731674942652676,-0.652345145903243,-0.027684469123173,-1.0535087531497,-0.977951639094841
0.647832513945778,2.72270371702755,0.750786270126872,-0.203027153230179,-0.110028762393112,-0.327547210417453,-0.292033825834328,-0.0123934415470176,-0.471621799693581,-0.437797323149206
-0.616946331424241,3.64681117882454,0.503415447361962,-0.039801127186557,-0.021569867362632,-0.0642118454305804,-0.0572498567796556,-0.00242959099531267,-0.0924560037162898,-0.085825105969154
1.35846943968922,2.88212292343736,-0.121366927491005,-0.278866933058834,-0.151129457457543,-0.449900836158275,-0.401121604003022,-0.017022949784172,-0.647793769216319,-0.601334328268751
1.15524263518383,2.61692467660672,-0.115672042745687,-0.241732338913653,-0.13100469399237,-0.389990954505901,-0.347707282684497,-0.0147561326880925,-0.561531986774907,-0.521259197162712
-3.39240984171812,0.437366498032329,-0.199127571384726,0.482970563970317,0.261741607368695,0.779184746598251,0.694703833046945,0.0294821030500787,1.12191617207213,1.04145291258823
1.80250154563769,2.20940333197238,-0.0624483829095083,-0.324602540918031,-0.175915463910281,-0.523686881683144,-0.466907605173208,-0.0198148008917806,-0.754035271130992,-0.69995624348941
-3.05557036312307,1.15735054381343,0.303640001561955,0.394452134699161,0.213769830851466,0.636376436886938,0.567379112458495,0.0240786485783405,0.916292341689302,0.85057631914879
-2.41290062819705,1.4889487433885,0.338302269313164,0.290498184178001,0.15743291069207,0.468665734336347,0.417851970899904,0.0177329593989976,0.674812576790746,0.626415360652014
1.62270915245705,1.94638272878336,0.0551134133707904,-0.294945163169469,-0.159842911458148,-0.475840122295128,-0.424248496032731,-0.0180044175429685,-0.685142683881286,-0.636004597695385
-2.21734997889856,1.32616443087125,-0.0416719467784017,0.280942033415426,0.152254039664626,0.453248631378393,0.404106423946978,0.0171496206977147,0.652614122302842,0.605808968073961
2.55991716576378,0.489357584194164,-0.0651948907884187,-0.381531877930968,-0.206767812454479,-0.615531963647928,-0.548794642574806,-0.0232899538422846,-0.886279239241818,-0.822715741203817
0.600481026868448,2.88438212455611,-1.0099439587004,-0.137629114065709,-0.0745868759374372,-0.222039425107535,-0.197965425251422,-0.00840133131555744,-0.319705465171515,-0.2967763511763
-0.887305956851294,-2.1021749936546,-0.51939022377885,0.210390054762147,0.114019021480606,0.339425906537672,0.302624607753948,0.0128428971410161,0.488725447241338,0.453674305759765
0.450957257895554,-3.84614156031534,-0.131688187965637,0.0563743954060734,0.0305516028693851,0.0909497850925147,0.0810888105733712,0.00344127749957426,0.130954866849297,0.12156285014228
2.34507393776925,-0.51945979990224,-0.148817547518934,-0.316951789069845,-0.171769206900617,-0.511343791679668,-0.455902779970335,-0.0193477739729047,-0.736262961869679,-0.683458555244639
0.459577934480532,3.67017297622786,0.366660945851096,-0.190773102670006,-0.103387788533277,-0.307777539152111,-0.274407625544768,-0.0116454142170993,-0.443156260543887,-0.411373318046321
-1.01381417401537,2.98272782120891,0.238650496854484,0.0470957916419133,0.0255231459725425,0.0759804534973763,0.0677424866332605,0.00287488117494726,0.109401139989247,0.101554945653238
1.81569513260489,1.30460387529272,-0.706700043818168,-0.275840229185666,-0.149489162176855,-0.445017802560834,-0.396767999582698,-0.0168381898792262,-0.640762889331083,-0.59480769952695
-1.86877085500148,2.21964466888651,0.36460565237578,0.188948257110713,0.102398829690811,0.304833484315703,0.27178277156953,0.011534019674982,0.438917236683561,0.407438314829713
-2.00914759590734,-1.5356264913991,0.152787414156848,0.330703337278599,0.179221736310233,0.533529401747263,0.475682977695882,0.020187213457696,0.768207112253509,0.713111687346257
2.28638868989405,-1.59809675856847,-0.0800751382384087,-0.278259157452231,-0.150800078865846,-0.448920301282347,-0.400247380861826,-0.016985849173075,-0.646381937247859,-0.600023752173817
2.09494608060697,1.12923315164912,-0.649774303098541,-0.312831426119231,-0.169536212796855,-0.504696339016767,-0.44997605865671,-0.0190962535404478,-0.726691567308695,-0.674573616252577
1.42645117791406,-2.42067697878884,-0.143147975941529,-0.127069832361672,-0.0688643670061411,-0.20500395368836,-0.182776976883651,-0.00775675822030699,-0.295176788285211,-0.27400685856974
0.557189750008772,-3.09302096417282,0.153636876068054,0.00793462325266045,0.00430009859595505,0.0128010646397423,0.0114131452279262,0.000484355357965178,0.0184317281642996,0.0171098139581058
1.61158760731952,1.76887895552474,-0.733786633952562,-0.259518832334816,-0.140643926121213,-0.418686211325098,-0.373291337030521,-0.0158418784271942,-0.602849110637728,-0.559613077833876
-2.93669636521976,0.6965335397601,0.926934804453757,0.368819804976688,0.199878617426341,0.595023356949016,0.530509623846723,0.0225139673272116,0.856749737255765,0.795304080140179
-1.5102389889324,1.43063099962769,0.490774564971957,0.156640836999205,0.0848901103179231,0.25271136584561,0.22531184712474,0.00956186907189021,0.363868735170212,0.337772253824369
2.8848925095259,-0.505762276334485,-0.191124944600869,-0.393663137111533,-0.213342240616777,-0.635103533461253,-0.566244220004834,-0.0240304855847339,-0.914459540232399,-0.848874965283855
-1.79967887779923,3.02192359296653,-0.603327083397989,0.189552245133673,0.102726155635195,0.305807908617569,0.272651546658462,0.0115708890795841,0.440320270286946,0.408740723573859
-2.39684975522121,0.938920852009078,-0.570067393373659,0.33761134053065,0.182965467315361,0.544674202621255,0.485619434896191,0.0206089005726891,0.784254054124026,0.728007750675407
-1.34395980534881,-2.57838229802401,0.0162294035071923,0.271354224975101,0.147058012039911,0.437780454542534,0.390315340657639,0.0165643495082277,0.63034212863204,0.585134310505952
-2.58630878449742,1.36200643666943,-0.0122463958272418,0.331984013394977,0.179915787356457,0.535595538629418,0.477525099500626,0.0202653901170071,0.771182058043868,0.715873271531677
1.93170022852494,1.64604745429346,0.628462711029802,-0.351051295689052,-0.190249131638927,-0.566357114242833,-0.504951437840153,-0.0214293193984476,-0.815474389624769,-0.756988979530658
-2.13810503731967,1.16552795580922,0.413007689293324,0.257998070005714,0.139819762484463,0.41623273921223,0.371103875727506,0.0157490461201221,0.599316456728405,0.556333784073242
0.800842445884009,3.0877203302211,0.386654211005412,-0.223027721966212,-0.120867892973292,-0.35981447315557,-0.320802601409013,-0.0136143416857105,-0.518082108436073,-0.480925522086074
-1.94523885820704,0.135821695598252,-0.153653651073618,0.281849239448558,0.152745691916421,0.454712242529406,0.405411347177493,0.0172049995215017,0.654721515994923,0.607765220558078
2.71235718439137,-1.12729089927034,0.570261252395849,-0.377389916178863,-0.204523113072092,-0.608849665265802,-0.542836853591008,-0.0230371149483339,-0.876657671758306,-0.813784227665813
-2.55454599273041,1.24900268775897,0.245078469040281,0.321555344911757,0.174264063100068,0.518770787773682,0.462524524912163,0.0196287900799989,0.746956789057864,0.693385426564517
0.228118627570832,-2.40545820700578,-0.174521210711957,0.0463532905821158,0.0251207541181265,0.0747825637225394,0.0666744746864404,0.00282955648149226,0.107676347612835,0.0999538545122601
2.48237837677433,1.44366795375292,-0.620213470560752,-0.379285515108837,-0.205550416075362,-0.611907867736283,-0.545563479064302,-0.0231528285076359,-0.881061052117178,-0.817871799816156
0.483684301473917,-2.91136218002272,-0.257405772568156,0.0278405254514174,0.0150879254870923,0.0449156002193915,0.0400457526565312,0.00169947674156281,0.06467213133273,0.0600338788372772
-1.52629990836085,-3.40342432868891,0.256667339369905,0.313992978835254,0.170165705974319,0.506570292061141,0.451646833615486,0.0191671585177416,0.729389795470072,0.677078328857177
-0.549793163488965,2.92992744722849,0.0510325519876265,-0.0114333575775807,-0.00619620658736657,-0.0184456331119218,-0.0164457172471277,-0.000697929545725584,-0.0265591108947162,-0.0246543049165331
-2.23052622949718,-0.477410084802836,0.763216921813533,0.308520120308731,0.167199738906145,0.497740834942469,0.443774685539123,0.0188330773312382,0.716676622149749,0.665276937886731
-0.968289602939296,2.92429700729696,-0.806353790841194,0.0799775561605466,0.043343126195509,0.12902917171228,0.11503954685295,0.00488209163936461,0.185783814486962,0.172459493432418
-2.65496874262602,-2.05323255548032,0.567167259133389,0.424564365859648,0.230088887070155,0.684957019134875,0.610692481780258,0.025916797667269,0.986241530390172,0.915508787473189
0.941436649105084,2.945203911726,-0.107149290346698,-0.221172324189394,-0.119862376627906,-0.356821127899321,-0.318133801189004,-0.0135010821362974,-0.513772113320995,-0.476924637637151
2.31051331471547,0.832904378391454,0.537104032434535,-0.377708814066033,-0.204695936949572,-0.609364148731135,-0.543295555634351,-0.0230565815185006,-0.877398455407551,-0.814471882687024
-2.78630683202556,0.894255603154737,0.279226493605513,0.364493360087053,0.19753393904616,0.588043428737057,0.524286474709871,0.0222498669790906,0.846699624782327,0.78597475664182
2.32825855342884,-1.43722090949773,-0.27682888604301,-0.282080866949206,-0.152871220383067,-0.455085931173935,-0.405744519682286,-0.0172191388218085,-0.655259574953915,-0.608264690201119
-1.96095808998748,2.46442774495583,0.319481714527091,0.196441583878719,0.106459771576531,0.316922597720274,0.282561156871553,0.011991436852017,0.456323855452492,0.423596539718953
1.80688369504323,2.62204330835501,0.564359345155648,-0.360344556018547,-0.195285531531173,-0.581350091527788,-0.518318843752701,-0.0219966104077652,-0.837062162944174,-0.777028488684238
0.923438627845307,-2.75987180027717,0.222409522572458,-0.0574467555010751,-0.0311327588981012,-0.0926798421419902,-0.0826312910555774,-0.00350673786752657,-0.133445905066983,-0.123875232360985
-1.31699502199807,-3.10504053128365,0.267961162198984,0.274363328445633,0.148688768938719,0.442635093106632,0.394643628696207,0.0167480350270247,0.637332123672888,0.591622986643692
2.50403032993577,0.463591529468937,-0.794729136033591,-0.346393846195156,-0.18772506825347,-0.558843170589904,-0.498252172383819,-0.0211450134465469,-0.804655370211128,-0.74694589470831
-1.96267698930689,-1.18723522410468,-0.68166655264224,0.3435210709706,0.186168193236693,0.554208472737974,0.494119978604607,0.0209696498498221,0.797982058784731,0.740751189796628
-2.86406210941852,-0.416505135378519,0.182102034061688,0.418954071536898,0.227048437892929,0.6759058344741,0.602622646346611,0.0255743269502032,0.973209100672231,0.903411037012223
2.40751100296133,-1.46871147355878,-0.00766063337239611,-0.302254643413744,-0.163804219353268,-0.487632632929898,-0.434762436885638,-0.0184506121268221,-0.702122236481926,-0.651766385385567
0.649552672984866,2.62156922109537,0.573244401938434,-0.193807704557863,-0.105032364072876,-0.312673314752964,-0.278772590452639,-0.0118306562426966,-0.450205487117447,-0.417916977661254
2.05437604370016,1.78833512268611,-0.0714441719884608,-0.347819612763439,-0.188497749781403,-0.561143384402282,-0.500302991986311,-0.0212320469016419,-0.807967353776767,-0.750020344490515
-0.490048991631599,2.82838903193072,0.0740456130493303,-0.0177965597820398,-0.00964468750370977,-0.0287114970529374,-0.0255985337781206,-0.00108636022269719,-0.0413405075095758,-0.03837558725462
1.2720687860626,-2.69295485723571,0.287688058880999,-0.112088491200294,-0.0607453622289493,-0.180834297424903,-0.161227847587992,-0.00684224815096186,-0.26037589112471,-0.241701864123009
1.78893498543209,1.95998766272057,-0.0550401410631935,-0.315350074075546,-0.170901171685991,-0.50875971723485,-0.453598876525702,-0.0192500000503481,-0.732542259016939,-0.680004699315542
1.98842717912429,-1.09062011965504,-0.783295095212284,-0.225342943210258,-0.122122606562562,-0.363549659547741,-0.324132810727297,-0.0137556703636729,-0.523460250189201,-0.485917946237303
-0.352025733791164,-2.14393644854911,-0.154571243687131,0.121337787680213,0.0657579363034064,0.195756347072551,0.17453201599272,0.0074068554630929,0.281861538647005,0.26164657188991
2.55567797962243,0.445268758169193,-0.144470926763942,-0.376725792676513,-0.20416319723878,-0.607778223357137,-0.541881579756291,-0.0229965746773631,-0.875114946480361,-0.812352145863238
2.4558726872812,-0.867174356458826,-0.0254366276361347,-0.326827877854388,-0.177121465497356,-0.527277056170377,-0.470108525094288,-0.0199506427375847,-0.759204616187311,-0.704754845737147
2.08009569209099,-2.1332871059443,0.239691048718916,-0.243817136567149,-0.132134531563378,-0.393354394542482,-0.350706051199714,-0.0148833955563585,-0.566374866191257,-0.525754747720787
-2.49361481923482,0.615242860135947,0.0155684645347248,0.340264649665206,0.184403404633974,0.548954832042354,0.489435949117848,0.0207708672413938,0.790417556932757,0.733729210185204
2.04929204841173,-1.35759475274183,0.624503755787757,-0.276772615680995,-0.149994460756482,-0.446522037786107,-0.398109142336537,-0.0168951058007925,-0.64292877596221,-0.596818249866158
2.4618410785235,1.36022015855554,-0.235323418261462,-0.387669586597447,-0.210094089150762,-0.625434034972255,-0.557623109679876,-0.0236646196560953,-0.900536825782463,-0.835950780860843
1.43048290481148,2.42924732520205,0.173824638548232,-0.286156387110907,-0.155079912335673,-0.461661038191525,-0.411606739223615,-0.0174679219037467,-0.6647268019862,-0.617052932506868
-1.9020138377578,2.08764203106288,-0.324767202854488,0.22259580508208,0.12063381945425,0.359117654191807,0.320181333080572,0.0135879760662773,0.517078787377922,0.479994158705918
-0.854947375085417,2.81551607447838,0.0128658074639492,0.0374037369819522,0.0202706230350175,0.0603440944361597,0.0538014558030891,0.00228324645521819,0.0868869876271877,0.0806554968926274
0.812760594897666,-2.99292965598036,-0.135690714803014,-0.021513918975943,-0.0116592773010268,-0.0347087767995644,-0.0309455753443549,-0.00131327998759523,-0.0499757447438215,-0.0463915096491474
1.41275097623862,-1.49588008700504,-0.488867216499123,-0.14067682370897,-0.0762385551086536,-0.226956347676414,-0.202349244326819,-0.00858737348142095,-0.326785140397365,-0.303348275681606
1.095850229044,-2.59216138126453,-0.0603725148603434,-0.0771935018546345,-0.0418343326925659,-0.12453760884966,-0.111034969054609,-0.00471214385772515,-0.179316597263508,-0.166456101751856
-1.00543465720103,1.81723201298055,-0.270649335588066,0.0995929117643268,0.0539734939401517,0.160674963455616,0.143254232676665,0.00607947710840974,0.231349292622766,0.214757038560378
-2.5926734257681,0.849621187952981,0.22508110573182,0.339884378860859,0.184197320249148,0.548341334590484,0.488888968400838,0.0207476542676081,0.789534207103615,0.732909213758293
-2.47568891630857,0.190600404599455,0.487909447477715,0.333530067781414,0.180753657799034,0.538089814854908,0.479748940845173,0.0203597663339907,0.774773464122092,0.719207103785423
-0.146047292072787,-3.33597425683722,0.0406138352061761,0.120756748379298,0.0654430472151037,0.194818946340041,0.173696250296819,0.00737138692355113,0.280511813763265,0.260393648591044
-1.90100666348024,2.24522727043393,0.0605967281559386,0.203779215929315,0.110436336093041,0.328760526150063,0.293115591222858,0.0124393499142146,0.473368803274167,0.439419032518046
-0.951177169413586,2.6811098637061,-0.737288209974797,0.0823956378069503,0.0446535840662238,0.132930304566876,0.118517710355437,0.00502969925274943,0.191400895747959,0.177673720471063
1.91629161504531,-0.920067183428294,-0.0151627688811814,-0.247807316805582,-0.134296974302564,-0.399791821188956,-0.356445517976737,-0.0151269692102285,-0.575643852901711,-0.534358967400154
1.30977968325663,-1.62290537088104,-0.00621386217482581,-0.139379939225858,-0.0755357200820406,-0.22486406155646,-0.200483808441801,-0.00850820741038578,-0.323772543391551,-0.300551740606829
-0.297261298911269,2.50560416071313,0.215826667216736,-0.0409116576981211,-0.0221717095095721,-0.0660034834718915,-0.0588472415079443,-0.00249738141034965,-0.0950357098794586,-0.0882197969132125
2.45181325438313,0.851596312015132,0.469281969713166,-0.39620069631154,-0.21471744828646,-0.639197421515179,-0.569894239766571,-0.0241853864988088,-0.92035416180245,-0.854346827581193
1.06562161716457,-3.5532192641688,0.171912128737706,-0.0520646625469663,-0.0282159814257111,-0.083996818687846,-0.0748896999857246,-0.00317819730846283,-0.120943575576813,-0.112269563608009
1.61143303461323,2.11865988595656,-0.12070675273897,-0.29220567529182,-0.15835827033516,-0.471420459220412,-0.420308022490113,-0.0178371902418897,-0.678778992214731,-0.630097306771228
0.307010216056641,2.92584936504521,-0.0143228519460774,-0.132471819137295,-0.0717919257584023,-0.213719072188106,-0.190547183184101,-0.00808651316330978,-0.30772533011573,-0.285655425337426
-0.668644009596163,2.51590170604545,0.16579345867472,0.0141189259854571,0.00765162653262719,0.0227783069754413,0.0203086331389878,0.000861865425995744,0.0327975503624014,0.0304453266660693
2.29371034878677,-2.43581004916665,-0.392579240459975,-0.242644379750861,-0.131498966423291,-0.391462365729777,-0.349019160286924,-0.0148118066441353,-0.56365061147212,-0.523225875169963
2.20132653819693,1.39014972638067,-0.100257297727343,-0.355890185804339,-0.192871525157579,-0.574163779181791,-0.511911687100787,-0.021724701079381,-0.82671488641735,-0.767423313587855
1.3341468821195,-2.02220098374301,-0.578099759079114,-0.110167105740607,-0.0597040844449388,-0.177734493100978,-0.158464130825148,-0.00672496049753689,-0.255912609962632,-0.23755868722472
2.60454940909886,-0.948742073480646,-0.202267182524056,-0.339412957467657,-0.183941837612296,-0.547580782320418,-0.488210876870485,-0.0207188771637198,-0.788439119070618,-0.731892664884236
-0.878315990356785,-2.67227629568814,-0.764170826210858,0.235207297502203,0.127468505755264,0.379463992579012,0.338321676982029,0.0143578228165406,0.546374645874529,0.507188933072807
-2.62725274886072,-0.0420997461855851,0.0757964994225545,0.377293395337533,0.204470804459437,0.6086939465266,0.542698018217918,0.0230312230004537,0.876433458729793,0.813576095082116
-1.7378372984754,0.667180356819145,0.218088233622084,0.222434547414157,0.12054642729342,0.358857494412948,0.319949380393656,0.0135781323707439,0.516704193978219,0.479646430955069
1.96079192770634,2.05273807404156,-0.114229452859699,-0.340804209153131,-0.184695814106054,-0.549825312676654,-0.490212050338877,-0.0208038037174678,-0.791670926310637,-0.734892688546276
1.65776107713077,1.74324740283,-0.0865859039339201,-0.288729743407532,-0.156474519923916,-0.465812678319259,-0.415308249453069,-0.0176250079896936,-0.670704578399641,-0.622601985824354
2.49336721267404,-0.455091957702869,-0.651721562358539,-0.322152180473596,-0.174587512831675,-0.519733672886574,-0.463383011916215,-0.019665222874978,-0.748343207856123,-0.694672412108942
2.35703185549113,-1.52351548106389,0.0256719824618253,-0.294517153271033,-0.159610955295301,-0.47514960653882,-0.423632847504213,-0.0179782904187222,-0.684148438553134,-0.635081659138471
-0.00013268684734876,2.09601260022583,-0.320078259729222,-0.0520054574241,-0.0281838957352374,-0.0839013020412854,-0.0748045394627868,-0.0031745832340996,-0.120806045073365,-0.112141896722594
2.52040365048425,2.03610998187563,0.373733458241767,-0.438565711233778,-0.237676791834831,-0.707545631280699,-0.630831987217735,-0.0267714855881361,-1.0187659469444,-0.945700569349438
-1.1045143838082,2.5369601105266,-0.381383478668654,0.0960419963709473,0.0520491068821643,0.154946210365081,0.138146603519461,0.00586271761754321,0.223100695911731,0.207100027026614
-2.66092121447176,0.311421890996936,0.149506444827335,0.368768967353136,0.1998510664278,0.594941339733516,0.530436499117019,0.0225108640323771,0.856631644029659,0.795194456500422
3.0137965458414,-0.466371459831269,0.242011430730963,-0.429055408718039,-0.232522767857534,-0.692202496090675,-0.617152388285644,-0.0261909456138124,-0.996673995613058,-0.92519304157551
2.28333032551684,0.0272090022456074,0.195874109264718,-0.337055187024133,-0.182664064862294,-0.543776950570358,-0.484819464874077,-0.0205749511434402,-0.782962137680948,-0.726808489825125
1.42090086256791,2.3242842252649,-0.174176620041763,-0.269046379763536,-0.14580729582593,-0.434057168030869,-0.386995741008803,-0.0164234710874153,-0.624981121028989,-0.580157791652236
2.15567829989925,-1.01135818822717,-0.470071788786804,-0.263149623361899,-0.142611601069425,-0.424543829154085,-0.378513859129532,-0.0160635137880199,-0.61128325440254,-0.567442329080721
-2.19589083952247,-0.137115944000004,0.123674571471558,0.316262973449882,0.171395909393482,0.51023251355149,0.454911989046108,0.0193057264143054,0.734662878052439,0.681973228628148
1.8844453867629,1.66164471758436,0.355173720977462,-0.334859815491063,-0.181474302759376,-0.540235119785431,-0.481661647125418,-0.0204409384838713,-0.777862400739612,-0.722074503433629
-0.433777681520319,-3.58014249041827,0.235314157813642,0.162622068219052,0.0881315854518462,0.262360989404591,0.233915237403041,0.00992698299051138,0.377762832523237,0.350669873554164
-2.33045335631116,-1.15931879143669,-0.12291860631883,0.375550719232578,0.203526376622916,0.605882457089066,0.540191356611216,0.0229248443506105,0.872385310352468,0.809818277855569
-1.97697661414632,-1.52386307076641,0.236527614304308,0.322689920551305,0.174878936290548,0.520601218234971,0.464156496101454,0.019698048288301,0.74959235083617,0.695831967187293
-1.11844899558988,-2.82783283818654,0.0995269347971675,0.243406124286491,0.131911787108513,0.392691301336303,0.350114852008495,0.0148583060223017,0.565420105468784,0.524868461953635
-2.72163488149928,0.95523765518443,0.365668542353542,0.350204546803483,0.18979024360127,0.564991039651431,0.503733476042239,0.0213776310767067,0.813507434826127,0.755163093733691
0.97617812582149,-1.90173380925556,-0.209201157050352,-0.0755139031790455,-0.0409240891086319,-0.121827883317596,-0.108619037888286,-0.00460961566050041,-0.175414974561612,-0.162834301453528
1.1354345672009,2.63114110797639,-0.0501298306390609,-0.241670715824403,-0.130971297906491,-0.389891536912442,-0.347618644163851,-0.0147523710131519,-0.561388839457948,-0.521126316298806
3.00413190342259,-0.239651917160848,-0.547019445183618,-0.406092832195181,-0.220078403466024,-0.655156575067824,-0.58412306700377,-0.0247892348309088,-0.94333309271898,-0.87567772121381
2.00131307300962,1.67631439510088,-0.509596359216158,-0.320977326710733,-0.173950811270017,-0.517838261033768,-0.461693104759926,-0.0195935059582766,-0.74561408203624,-0.692139017810251
1.67681035863818,-1.91625611084182,-0.928733861492498,-0.150138465855153,-0.0813662080308749,-0.242220978252388,-0.215958850286729,-0.00916494306761601,-0.348764056153427,-0.323750874734445
-2.63933891904447,-0.109429683438056,0.372976352910048,0.370364183349253,0.200715579568086,0.597514929232399,0.532731054416477,0.0226082412348261,0.860337250038603,0.798634298323712
-1.07243794233681,2.61654886402724,0.128991577009621,0.0706050383307447,0.0382637734049425,0.113908326934149,0.10155813712036,0.00430996249297237,0.164011930006368,0.152249077476857
-2.99038906091184,1.52196174255813,0.0655831177600859,0.382580338088869,0.207336016124564,0.617223462516382,0.550302745438267,0.0233539552798982,0.888714759115437,0.824976586825966
2.14579953312522,-0.3616861623025,0.544862801107888,-0.318016055553404,-0.1723459766685,-0.513060791166113,-0.457433618619039,-0.0194127402803398,-0.738735199037683,-0.685753484815421
0.786951703112443,-3.4325190720236,-0.501238135996526,0.00871577089129422,0.00472343462051002,0.0140613036072296,0.012536746331632,0.000532039165007592,0.0202462945870538,0.0187942405963027
0.224344052215944,3.52479459988336,-0.0963655645116387,-0.135760424741584,-0.0735741563560443,-0.219024636368612,-0.195277506498007,-0.00828726040661936,-0.315364594464862,-0.292746805517588
-1.25705750996676,-2.40042679655035,-0.724572027965175,0.280135678812921,0.151817042949891,0.451947725581037,0.402946565199997,0.0171003981751441,0.650741001378994,0.604070186433825
2.08812892624161,1.22785108154819,0.0522774839038259,-0.340148494733606,-0.184340455500489,-0.548767437286448,-0.48926887211103,-0.0207637767644193,-0.790147734906428,-0.733478739657909
-1.8668146402786,1.49766716490457,0.324274517991864,0.212014821619003,0.114899549447398,0.342047170950215,0.304961668948707,0.0129420782246673,0.492499698403913,0.457177869541044
1.31127124406422,2.5138400373557,-0.356700664390618,-0.252410400424905,-0.136791574585177,-0.407218055438116,-0.363066583674596,-0.0154079564913112,-0.586336583140724,-0.5442848204435
2.56095294860258,0.42305646209961,-0.525418500160874,-0.363079366886259,-0.196767637990166,-0.585762209101651,-0.522252589894162,-0.0221635522088587,-0.843414990153398,-0.78292569434444
-2.3221650456438,-1.15191204722684,0.0603098835019278,0.367525808132471,0.199177347329979,0.59293572950673,0.528648341535356,0.0224349775271002,0.85374384808893,0.792513771821568
1.28280577444197,1.69460376732346,-0.209471653456221,-0.228770329358902,-0.123980048043559,-0.369079120775712,-0.329062755681335,-0.0139648892253693,-0.53142189471778,-0.493308585653764
-1.70385129318477,-2.07978629628399,-0.351411877149067,0.321369977462814,0.174163604857558,0.518471731268985,0.462257892767453,0.0196174746445675,0.746526189857292,0.692985709720463
2.12506342046533,-1.84447532723074,0.321806528575896,-0.262018526600199,-0.141998613225895,-0.42271901122647,-0.376886891950745,-0.0159944679418012,-0.608655773881372,-0.565003290131416
-3.16661900916453,1.66065430264941,0.492561207579414,0.3883872858187,0.21048303986907,0.626591911512904,0.558655446714829,0.0237084303641972,0.902204004743406,0.837498390591322
1.67871416360674,-2.47339537316478,-0.909935527941972,-0.134194849841786,-0.072725706944634,-0.216498867362005,-0.193025586888516,-0.00819169259364746,-0.311727843222231,-0.289370880231654
1.21167706486384,-3.21276189506575,0.213651441745235,-0.0849496555474262,-0.046037711295728,-0.137050745468202,-0.122191404046814,-0.00518560484997143,-0.197333749674384,-0.183181073119544
-1.78462420416868,-2.05855176143836,-0.589155326301958,0.340941096743987,0.184769999120074,0.55004615578957,0.49040894915872,0.0208121597837811,0.791988909254929,0.735187865914898
1.55640634730917,2.32470837690258,-0.145775444746719,-0.289617810991575,-0.156955800263216,-0.467245413080041,-0.416585643979078,-0.0176792185399453,-0.67276751444328,-0.624516969140053
2.53860195935646,-0.589020690341785,-0.17413365787564,-0.341828963217238,-0.185251170469166,-0.55147856609484,-0.491686054407393,-0.0208663580575721,-0.794051378128378,-0.737102415565616
0.19472383348774,-2.80960607433132,-0.295712074047098,0.0677926576328797,0.0367396286654773,0.109371064614497,0.0975128147000181,0.00413828557571079,0.157478912008293,0.146184604219893
-0.496774536249102,2.65353363129754,-0.874148527008629,0.0226583182829196,0.0122794743408159,0.0365550559530669,0.0325916768760038,0.00138313786469101,0.0526341264042906,0.0488592335236979
-2.04349377562606,-1.88891917380446,0.437163318884033,0.336116832928087,0.182155532194463,0.542263087711852,0.483469738336047,0.0205176709400058,0.780782388615437,0.724785071258303
2.62702143291184,1.59293895089777,-0.244950209411302,-0.418192625184035,-0.226635778805209,-0.674677379930976,-0.601527383530497,-0.0255278457740882,-0.971440299339039,-0.901769093214549
-2.62588474724057,1.17834362455491,0.83625742077896,0.312670294447764,0.169448888918685,0.504436382510166,0.449744287202829,0.0190864175361503,0.726317266592383,0.674226160194014
-0.918265082904906,2.60129756854669,0.767648060717829,0.0258179856157024,0.0139918279874529,0.0416526017947644,0.0371365356541309,0.00157601429414313,0.059973873675586,0.0556725778391061
0.380239570290894,2.99811747327748,-0.0827559455217172,-0.142753250094303,-0.0773638559452347,-0.230306282201585,-0.205335971627697,-0.00871412534009542,-0.331608573781528,-0.30782577486707
2.83709286837668,-0.490903978447524,-0.252380176254385,-0.385014583903277,-0.208655234022558,-0.621150673302201,-0.553804159445667,-0.023502549606972,-0.894369388920476,-0.830225669446095
1.66260197274707,2.17994759841192,-0.064915549235082,-0.303452169572101,-0.164453208018286,-0.489564622549665,-0.436484955967433,-0.0185237130407071,-0.704904029128863,-0.654348669273157
-2.09372780410667,-0.944160334369409,0.635344742894513,0.307563484808231,0.166681298793546,0.496197478378631,0.442398663067768,0.0187746811710763,0.714454406307097,0.663214098238511
-2.04573261591696,1.41135454897753,0.12054497477712,0.247769952971933,0.134276725304786,0.399731541471256,0.356391773917804,0.0151246883996033,0.575557058607506,0.534278397948759
-3.12848151534636,-1.08459715562407,0.413849297770599,0.468979164264845,0.25415909257081,0.756612179971328,0.674578633438134,0.0286280222453593,1.08941485880274,1.01128257704094
-1.90059280695442,-2.30872588539017,0.0740822712594618,0.341336184045989,0.184984113174204,0.55068355695283,0.490977241894477,0.0208362772050493,0.792906677058111,0.736039811876189
-1.35459346941363,2.38007872593333,-0.461707287617669,0.139747084099006,0.0757346909850391,0.225456382716982,0.201011908847264,0.00853061913439536,0.324625402346953,0.301343432950019
-1.45702188411557,2.70869254391576,-0.00445032221776937,0.128063581388301,0.0694029204645806,0.206607186144455,0.184206383372134,0.00781741991150431,0.297485216970367,0.276149727919076
0.98050085864498,-2.20412050415912,0.151255038368016,-0.0799614690838859,-0.0433344079471991,-0.129003218153852,-0.115016407236062,-0.00488110963158346,-0.185746445022209,-0.172424804086746
1.09021475968201,-1.88186800826425,-0.57020667634228,-0.0795417149066699,-0.04310692589914,-0.128326021495076,-0.114412633719406,-0.00485548646356541,-0.184771377316545,-0.171519667742951
1.50475810219024,1.29829051229487,-0.529792074421088,-0.237201147891053,-0.128549055263997,-0.382680705823852,-0.341189627145015,-0.0144795339662787,-0.551006259398869,-0.511488369621616
-1.90743439277237,-0.52087675728813,-0.63509033646502,0.313670190959453,0.169990773952052,0.506049532810012,0.451182536220762,0.0191474544899445,0.72863997557415,0.676382285664323
-2.11396473824399,1.28697739230655,-0.5845498927957,0.286797127284641,0.155427155781734,0.462694755372552,0.412528378528133,0.0175070347798505,0.666215208975437,0.618434591700882
1.40121674498845,3.4758454072191,-0.270286061475347,-0.297666056627836,-0.161317475500762,-0.480229786672291,-0.428162223402162,-0.018170509779871,-0.691463181653104,-0.641871792569053
-0.323537957585926,3.26983499008034,-0.0239155143007752,-0.0516567958895348,-0.0279949417134135,-0.0833388003699094,-0.0743030254522698,-0.00315329979353721,-0.119996121977861,-0.111390060901182
2.16156987621625,-0.498753633048903,-0.6292506748832,-0.273805720989391,-0.148386578530513,-0.441735495373548,-0.393841567315897,-0.0167139968439287,-0.636036829778197,-0.590420590570915
-2.12347101777988,3.21058171284805,0.374179191605957,0.195270060677349,0.105824874983092,0.315032559119807,0.280876040387839,0.0119199232436836,0.453602466358363,0.421070327271964
-1.41770374455443,-2.56953016516826,0.0758718357907624,0.279566699763948,0.151508689808008,0.451029781861136,0.402128146944864,0.0170656658328306,0.649419291850022,0.602843269242675
1.9359870883183,2.1515827040696,-0.378407468077485,-0.330702164579502,-0.179221100776373,-0.53352750981157,-0.475681290887993,-0.0201871418723072,-0.76820438813287,-0.71310915859817
0.62021185909003,2.23915504748433,0.242707649571387,-0.166064882659104,-0.0899973881583373,-0.267915341361373,-0.238867374378661,-0.0101371436455822,-0.385760316191776,-0.358093781745623
1.09082502204655,1.98077006160458,0.133475842140501,-0.222135668616069,-0.120384452583457,-0.358375308089548,-0.319519473765515,-0.0135598878312584,-0.516009913659545,-0.479001944069118
-1.03084354407415,-2.71920331689357,0.699024088071524,0.205870446717461,0.111569660044233,0.332134344873806,0.296123613145287,0.0125670054820628,0.478226626536664,0.443928455157192
0.0903948228343094,-2.42716992896362,0.815865999200598,0.0311624788083731,0.0168882286030952,0.0502749649048341,0.0448240433070193,0.00190225964077765,0.07238886082324,0.067197168398122
2.66686826575435,-0.90800734137349,0.229487809974327,-0.365197154021664,-0.19791535391788,-0.589178871638772,-0.525298810410065,-0.022292828863011,-0.848334502466291,-0.787492381726541
2.70523116828134,-0.354570539090652,0.127483980073309,-0.383833824413038,-0.208015331904403,-0.619245733637489,-0.552105757503668,-0.0234304721853535,-0.891626544394845,-0.827679540340282
1.48790079908244,-2.47760719515059,0.560123134698379,-0.159555171325537,-0.0864695079207774,-0.257413111713719,-0.229503819427647,-0.00973976957212978,-0.37063858628631,-0.344056574648114
-1.03877134990681,2.78722828881005,-0.208350797211497,0.0727368828808572,0.0394191076236981,0.117347668541039,0.104624577791709,0.00444009725770106,0.168964096982039,0.156846077545864
2.98803819381304,0.222025137668417,0.537491170484239,-0.456870423712627,-0.247596868179133,-0.73707693984977,-0.657161446755273,-0.0278888651136441,-1.06128686744591,-0.985171910974223
2.25542266146134,-1.79347525996466,0.500594293923224,-0.288803305929342,-0.156514386479224,-0.465931358005334,-0.415414061628142,-0.0176294984866522,-0.670875460414061,-0.622760612267271
-0.547975198032865,2.99097660987485,-0.00463863218453972,-0.0115398484559697,-0.00625391837305081,-0.0186174366839872,-0.0165988935003412,-0.000704430097280423,-0.0268064838146322,-0.024883936375955
-2.20300249871958,-1.74100651067021,0.531070287117204,0.351240919326624,0.19035189648506,0.566663037330102,0.505224192077543,0.0214408946455552,0.815914875736075,0.757397874201218
-1.26659472330272,-2.91585025169089,-0.548965473213145,0.290810601283213,0.157602222367331,0.469169762244292,0.418301351000247,0.0177520303610345,0.675538305911558,0.627089040847945
-2.33741348278084,1.86664002244459,-0.254626069893699,0.289537229233511,0.156912129695166,0.467115409138969,0.416469735349491,0.0176742995658453,0.672580327098355,0.624343206776675
-2.83979526410463,0.841994375296311,0.164326650100329,0.377931383038377,0.204816556227262,0.609723223095607,0.543615698371278,0.0230701678566088,0.877915471863836,0.814951818984992
-0.794608360342009,-2.90360311466493,-0.0461673426756642,0.204270836700496,0.110702765603376,0.32955366642525,0.293822737495577,0.0124693600542081,0.474510813439714,0.440479138293078
-2.29342718546066,0.757166134414458,-0.595402623903258,0.329126989137443,0.178367448436357,0.530986252084435,0.473415561878911,0.0200909880108317,0.764545335316546,0.70971253119611
0.805238658038764,2.20352440971406,0.430986833118743,-0.198445641948979,-0.107545853047538,-0.32015577919371,-0.285443789741791,-0.0121137711120183,-0.460979180904034,-0.427917987587558
-2.69043769524569,0.397583627172321,0.537631178876217,0.356419174794579,0.193158206042327,0.575017206249737,0.512672583740405,0.0217569922976996,0.827943701064189,0.768563998270756
0.0622088238147411,-2.8929292736046,0.0415748668881133,0.0772638079384829,0.0418724344502445,0.124651034868168,0.111136097176237,0.00471643557105862,0.179479914737385,0.166607706179245
-1.60851295561863,-2.36436884415475,-0.128616067630422,0.308224217374893,0.16703937693938,0.497263449632224,0.443349059387795,0.0188150144482407,0.715989254613087,0.664638868001569
-2.5804538802491,1.71081248300629,0.00177070203186174,0.320056778419606,0.173451928300009,0.516353124587652,0.460368990053859,0.0195373126794182,0.743475694954222,0.690153994766422
2.0662129630431,-1.98918353421943,0.300729235694784,-0.248386295066607,-0.134610746428605,-0.40072589681024,-0.35727831907724,-0.0151623119371537,-0.576988790094119,-0.535607446378485
-3.02092076329384,0.493805368845603,-0.117120099133769,0.424748122271107,0.230188472225209,0.685253476524992,0.610956796612073,0.0259280147597025,0.986668387232219,0.915905030358775
-2.06644610066099,-1.57400694332752,0.209597467035721,0.338079489957975,0.183219176739367,0.545429476172302,0.486292820037779,0.0206374779450776,0.785341541545921,0.729017244050338
-0.581813762334107,2.64435511461783,-0.271931901882463,0.0134859858901844,0.00730861026980798,0.0217571737956203,0.0193982134507558,0.000823228692195743,0.0313272625605903,0.0290804871605375
1.10907983935315,2.42926171537147,0.618316040468581,-0.255846856719301,-0.138653931551104,-0.412762149688775,-0.368009575107014,-0.0156177290243733,-0.594319297158755,-0.551695018256302
1.94822001370524,-1.70461230792751,0.865561124650674,-0.260368462447848,-0.141104375614502,-0.420056934250492,-0.374513443179896,-0.015893742628484,-0.604822758381916,-0.561445176561726
-1.71363640765335,-1.51010642671541,-0.299723360208368,0.303641168320157,0.164555634211096,0.489869537491894,0.436756811365071,0.0185352501425146,0.705343063653456,0.654756216464067
2.74539767558643,-1.48050060785696,-0.193640545691638,-0.343902809545791,-0.186375073066892,-0.554824338169879,-0.494669070560081,-0.0209929524211413,-0.798868818171245,-0.741574351249186
-2.0428578495295,-1.77201769315125,-0.121567508031185,0.35262241437019,0.191100585453395,0.568891827127557,0.507211331612945,0.0215252256219666,0.819124018790826,0.760376859141874
-2.26030163660088,2.31567029529069,0.414938857145983,0.240665401055353,0.130426476496674,0.388269645244481,0.346172601536042,0.014691003311205,0.559053544138606,0.518958507176676
-0.515049051800523,2.92605619392878,-0.116917654648828,-0.0102700760783785,-0.0055657765112136,-0.0165688909918077,-0.0147724556103004,-0.000626919037851573,-0.0238568668575257,-0.0221458644526985
-2.7174098615984,0.336569315597544,-0.120773182977497,0.385893502725579,0.209131556271692,0.622568648207765,0.555068394412227,0.0235562016868808,0.896411072853702,0.832120924841973
-2.80633186423844,0.475039030573391,0.114540403109324,0.386030307109006,0.209205696192185,0.622789357080698,0.55526517354668,0.0235645526739404,0.896728862511347,0.832415922786368
-2.39164102833851,-1.73686266050292,0.452237196509516,0.381151655258211,0.20656175415414,0.614918543847583,0.548247731090173,0.0232667438066087,0.885396001219924,0.821895848565394
-0.06677656600708,2.99945517238034,-0.352589371545038,-0.0686236502845782,-0.0371899777521362,-0.110711719401852,-0.0987081127646105,-0.00418901208539666,-0.159409265873236,-0.147976514083584
-1.96863972946509,-3.06268763551845,-0.0284569392610122,0.37770708826531,0.204695001667199,0.609361364467041,0.543293073246257,0.0230564761699792,0.87739444645983,0.814468161259003
-1.38373213947343,-1.85185299651874,0.370425924204944,0.242286323806379,0.131304921184454,0.390884707894741,0.348504133377142,0.0147899497380619,0.562818865637925,0.522453781725624
2.90691797851107,0.437306726300022,0.518288249479322,-0.451012337404959,-0.244422130336584,-0.727625988103006,-0.648735187857005,-0.0275312683632767,-1.04767882949027,-0.972539834606751
-2.02870230069544,1.60512726960686,0.447080991570981,0.227666785181638,0.12338199207844,0.367298753908108,0.327475420081461,0.0138975252790307,0.528858417455542,0.490928959682083
-0.169451874847636,3.05473203765608,-0.414656295457504,-0.0532605969280881,-0.0288641074411955,-0.0859262402659275,-0.0766099294585274,-0.00325120105505872,-0.123721670605809,-0.114848415068945
2.14626886434883,-1.32140104758323,0.0291255917335355,-0.270387014966703,-0.14653384116668,-0.436220037942594,-0.38892410783659,-0.0165053078455138,-0.628095348742823,-0.583048668532141
-1.92821191114149,1.29016242574614,0.378100458236408,0.225218285840748,0.122055049608371,0.363348547662009,0.323953503831853,0.0137480608700764,0.52317067743,0.485649141489691
-2.53820677634705,-0.804333293592112,0.342540558878069,0.377955609255244,0.204829685410315,0.609762307669407,0.543650545310147,0.0230716467041317,0.877971748139285,0.815004059154476
2.8856111969151,1.75626296084987,0.0524796661240537,-0.471146739201185,-0.255333790555022,-0.760109166027001,-0.677696468621117,-0.0287603381097396,-1.09445002565694,-1.01595662427924
-1.59043148233378,2.47295386089634,0.0450404006372712,0.152660969540812,0.0827332564982811,0.246290576985168,0.219587214228616,0.00931892494384766,0.354623704525759,0.329190272094085
2.54339593977716,-1.17892569052687,-0.61916437871119,-0.308587182365721,-0.167236082592281,-0.497849027316457,-0.443871147459411,-0.0188371710185608,-0.716832403913447,-0.665421547061258
-2.92605513384359,0.466429255443346,-0.578830161627949,0.428547115719217,0.232247302981513,0.691382458222882,0.616421260716109,0.0261599177465078,0.995493256706649,0.924096984665291
2.92379860314158,1.065285915413,0.192955443229006,-0.460761580765156,-0.249705646182249,-0.743354610681352,-0.662758478792087,-0.0281263940683358,-1.07032582830808,-0.993562602142607
-2.31997408216617,-2.3690736443597,0.305748468770451,0.395273362770954,0.214214888110775,0.637701338309002,0.568560365172099,0.0241287790261285,0.918200012929409,0.852347173174007
-2.0677865848041,2.24615955907889,-0.232967021815638,0.2383772717429,0.129186445139099,0.384578166733137,0.3428813611946,0.0145513284133663,0.553738335571171,0.514024502674945
2.55776149058962,-0.209311756083423,-0.313394727452809,-0.351085653267666,-0.190267751423491,-0.566412543917398,-0.505000857708231,-0.0214314166974319,-0.815554200540703,-0.757063066448135
2.55843894711922,-0.880436830242551,-1.03641926498741,-0.304765600072133,-0.165165010011807,-0.491683602644289,-0.438374191608033,-0.0186038891347381,-0.707955061694421,-0.657180883328805
-1.79550904561374,-0.51597567253464,0.2971203590291,0.263779760196257,0.142953098129891,0.425560439784691,0.379420246613221,0.016101979401604,0.612747030371149,0.56880112377843
-1.21864683171822,-2.68559704364677,0.091658446535021,0.25382104339509,0.137556060013449,0.409493870088658,0.365095649525715,0.015494066752508,0.589613435353538,0.547326658475705
2.50112053766456,0.318989487107869,0.166610726838876,-0.376245746207838,-0.203903040318885,-0.607003756103948,-0.541191081935705,-0.0229672710706547,-0.873999822833643,-0.811316998319527
-2.54153724344788,0.866572414285818,0.0891819565215124,0.336897641691323,0.182578684568506,0.543522779965811,0.4845928520021,0.0205653340609854,0.782596167847796,0.726468767163002
-2.90149065911763,0.421794853164977,0.0923368963531743,0.402163679630888,0.217949034132786,0.648817605421337,0.578471382303565,0.0245493865058935,0.934205870206326,0.867205098475796
-0.234168947160605,3.36504868792001,-0.0309877480816034,-0.0671728688047722,-0.036403739615088,-0.108371148600975,-0.0966213117665342,-0.00410045163827713,-0.156039173934388,-0.144848123431259
-2.88241326820852,-0.0988186025646865,-0.0403988199258262,0.419986688882469,0.227608055691589,0.677571773859986,0.604107960942477,0.0256373612907293,0.975607818494772,0.905637720007752
-2.19747649807005,0.0633223596089298,-0.224587870781425,0.32296804799918,0.175029664990579,0.52104992604692,0.464556554031541,0.0197150260974907,0.750238426818738,0.696431706927702
-2.43874612812426,-0.392048780332497,-0.454735056091961,0.379856298629334,0.20585974713456,0.612828722641237,0.54638449286744,0.0231876710007937,0.882386953342158,0.819102608076998
1.20413023385612,-2.61478943843097,-0.692218510871239,-0.0693388886798298,-0.0375775948476502,-0.111865625849442,-0.0997369101526729,-0.00423267257662999,-0.161070728459947,-0.149518817415295
2.61363265481262,-0.588169760607099,-0.0828303548679978,-0.355962828935995,-0.19291089345756,-0.574280975599863,-0.512016176827016,-0.0217291354537572,-0.826883632734983,-0.767579957505076
0.290240478371748,-2.54967439903962,-0.192948653567604,0.0424355024369628,0.0229975436309023,0.0684619284895932,0.06103913654258,0.00259040187779497,0.0985755240705747,0.0915057374238571
-1.97657139186242,2.70169428457547,0.183037710861643,0.19641594350734,0.106445876005001,0.316881231666593,0.282524275815839,0.0119898716798768,0.456264294167697,0.423541250139329
-1.23011964512073,2.23409642948231,-0.0176757227055723,0.110222313605592,0.0597340038570076,0.177823560902408,0.158543541700842,0.00672833056620377,0.256040855038362,0.23767773462859
0.716176890638795,-3.00654405587739,0.236275478816867,-0.020586865686028,-0.0111568690047031,-0.0332131457266324,-0.029612103861852,-0.00125668962233257,-0.0478222468789034,-0.0443924595601116
1.69568705534969,-1.66544043490615,-0.518025712819697,-0.1752721195835,-0.0949871684302546,-0.282769535602177,-0.252111044408088,-0.0106991835048648,-0.407148261495653,-0.377947794447713
-2.33040434377224,2.79917792470724,0.643258613189174,0.227877723897543,0.123496308441954,0.367639064979137,0.327778833882237,0.0139104016682426,0.529348417414846,0.491383817092546
-1.8314298134015,0.596395681463139,-0.113840417288756,0.250039731628042,0.135506811687147,0.403393414551998,0.35965661871415,0.0152632431133526,0.580829639529164,0.539172832037872
-2.61146216710457,0.41809570021193,-0.43174267087105,0.379358079719009,0.205589741821321,0.612024937474289,0.545667855845395,0.0231572580888039,0.881229616033377,0.818028274413682
2.58648669682434,0.773211830612551,-0.45733533893329,-0.379833553100693,-0.20584742039734,-0.612792026887308,-0.546351775747371,-0.0231862825393235,-0.882334116630507,-0.819053560787539
2.67573748820508,-0.755957682469628,-0.0244214051768516,-0.361933302920695,-0.196146538803442,-0.583913244325719,-0.520604093921139,-0.0220935927155575,-0.840752741575296,-0.78045438088563
1.00361382610203,2.99241301959373,-0.378552925282657,-0.221783373163389,-0.120193529191987,-0.357806943755358,-0.319012732734901,-0.0135383825644475,-0.515191549156208,-0.478242272253367
-1.86919717583134,2.55318225368543,0.0170031985014421,0.19142604958027,0.103741647311779,0.308830949671861,0.275346822993174,0.0116852722323298,0.444673023164175,0.412781299219893
0.246717805044946,2.3702664371991,-0.127325889811391,-0.102857613364811,-0.0557427699752484,-0.165941962894216,-0.147950172522287,-0.00627876517313564,-0.238933029181083,-0.221796873374751
-1.30453995830324,2.62761089888536,0.353959910884762,0.0956196172741291,0.0518202022822414,0.154264778878207,0.137539054324027,0.00583693421584638,0.222119530650706,0.206189230441038
2.45602874895792,1.15377441939858,-0.172962598179089,-0.382819140765637,-0.207465433114179,-0.617608726996385,-0.550646238701146,-0.0233685325764259,-0.889269485645348,-0.825491528650183
0.314896384725903,2.15815111633547,-0.286777475608668,-0.100505487038464,-0.0544680560044195,-0.162147236895814,-0.144566879012035,-0.00613518368823089,-0.233469158789912,-0.216724868999968
1.70104381670865,-2.63662838637715,-0.545477937480761,-0.145602537476306,-0.078908001934361,-0.234903086711742,-0.209434380544087,-0.00888805516208073,-0.338227324138634,-0.313969831801709
-2.41027948071595,-1.03061494269522,0.0455186567282664,0.377083315403229,0.204356953504984,0.608355020942749,0.542395839686771,0.0230183990340798,0.875945453676677,0.813123089504179
-0.0212638609500268,3.08273909069888,-0.123487918069322,-0.0859696702693738,-0.0465904992144524,-0.138696352823884,-0.123658591055637,-0.0052478698851277,-0.199703192240195,-0.185380580464925
-1.52540508259231,2.98420253991029,-0.159488714067558,0.135155903033195,0.0732465411855832,0.218049351062833,0.194407963757089,0.00825035842411302,0.313960321137241,0.291443245961601
2.16732750898418,-1.77727896231331,-0.055086246153882,-0.25656209029023,-0.139041546032119,-0.413916048353201,-0.36903836555578,-0.0156613892211142,-0.595980748538809,-0.553237311185091
0.446520579257353,2.98816920842705,-0.21111789268646,-0.147379257495825,-0.079870879568,-0.237769499784216,-0.211990010845164,-0.00899651196382863,-0.342354554806185,-0.317801059576691
2.08534200929217,-1.4161699996175,0.582170274991127,-0.278667156951805,-0.151021190570763,-0.449578533916804,-0.400834246475136,-0.0170107547971195,-0.647329699432382,-0.600903541334614
2.44906162296508,-0.45819568874714,-0.0269197064695354,-0.338195169545685,-0.183281868264453,-0.545616104047705,-0.486459213310955,-0.0206445394055061,-0.785610259372454,-0.729266689570488
-2.08822746196288,-0.471600091147706,-0.489450187131423,0.332988895531175,0.180460374304744,0.537216732323332,0.47897051983026,0.0203267314096297,0.773516348378997,0.718040147746551
-1.79506701064564,2.34277011358284,0.0204099834159175,0.186997445260261,0.101341604535693,0.301686205887678,0.268976727948733,0.0114149357384093,0.434385599505304,0.403231684374096
-2.32925055490107,-1.52895601855434,-0.138150761688439,0.387136031252301,0.209804933570532,0.624573240925127,0.556855644805063,0.0236320496925364,0.899297403724327,0.834800249524809
1.17452429969067,-3.18004704760316,-0.151053191706615,-0.0674380546620504,-0.0365474547350423,-0.10879897752145,-0.0970027545402025,-0.00411663945044404,-0.156655187257104,-0.14541995659055
-2.69898124448513,0.290006068974458,0.821247022031027,0.35068878482772,0.190052672097473,0.565772269213553,0.50443000298744,0.0214071905496774,0.814632295244239,0.756207279732484
-1.51933596374508,3.15132691060528,-0.136074301011276,0.128368673412848,0.0695682623774376,0.207099396373339,0.184645227092014,0.00783604372665679,0.298193930299595,0.276807612687375
