1.46812608927074,2.11357092684417,-1.68444306797759,-0.738480607180563,-0.88943150148013,-0.523202508330624,-0.161475009398459,-0.797406398543082,-0.913026931069784,-0.423208531187332
2.45796076722838,-1.32392106686209,-1.07230493651014,-0.745169781586982,-0.89748799257565,-0.527941688742499,-0.162937653765342,-0.804629324129461,-0.921297150111827,-0.427041963843343
-0.94911374352425,-0.758878498505924,0.617189513323902,0.614190597474961,0.739735695149492,0.435144888122178,0.134297951138297,0.663198881039517,0.759359894967924,0.35198040151499
-1.68181855942654,2.81996493268925,-0.101801264429162,0.431838178174524,0.520109093557142,0.305950915727424,0.0944250576133209,0.466295963716969,0.533906893022918,0.247477861055285
1.31042256040266,0.281171145824904,-0.58044818988834,-0.767541914250565,-0.924433154510576,-0.543792011435441,-0.167829509146498,-0.828786602684284,-0.948957131198267,-0.439862987594029
-0.479168453070307,2.64637463411025,-0.275024084378674,-0.388755459949228,-0.46821994929746,-0.275427451709547,-0.0850046581299803,-0.419775534005698,-0.480641199081996,-0.222788013112904
0.58893606368901,2.42885670115808,-1.36785311880195,-0.359105562805243,-0.432509394031575,-0.254420941306106,-0.0785214582010516,-0.38775977425674,-0.443983290488754,-0.205796247454943
0.0175766562373373,2.62672352535485,-0.611217581448521,-0.540644305949698,-0.651155998047689,-0.383038436266463,-0.118216434576061,-0.583784089532311,-0.668430296830954,-0.309832486311753
0.588882983001959,2.38228210602162,-0.976904279207107,-0.646965623713184,-0.779210178994653,-0.458365505930829,-0.141464486885332,-0.698589134189911,-0.799881584137617,-0.370763116428604
-0.788361831251067,-2.45066179503993,0.989438144198317,0.832868655287001,1.00311316425203,0.590075034224382,0.182113751711923,0.899325978792348,1.02972441649369,0.477300442081613
1.19371256785225,-1.80835671468401,-0.174797774144063,-0.18713850028913,-0.225390992909586,-0.132584839472385,-0.0409194104749353,-0.202070895421391,-0.231370314863542,-0.107245348172831
1.62778847264235,0.929927149637255,-1.15052497474596,-0.839447485033806,-1.01103675542394,-0.59473603708883,-0.183552268288887,-0.906429754956568,-1.03785820995468,-0.481070638410406
-0.789744500677681,-1.0566877241909,0.477914546124303,0.701406024479919,0.844778600053133,0.496935718822981,0.15336833939004,0.757373513208857,0.867189447817384,0.401961826078817
2.04196875043488,0.575417168050141,-1.69679706025492,-0.628932192765588,-0.757490581474285,-0.445589088765845,-0.137521325205207,-0.679116756600742,-0.777585794709097,-0.360428516238169
1.68326280456172,-2.60731397286502,-0.275170652034374,-0.219545847863675,-0.264422641854659,-0.155544962425483,-0.0480055501830012,-0.237064131620799,-0.271437421314808,-0.125817353765589
-1.27166817350081,-1.53487264846729,1.30251342598425,0.649006171828892,0.781667830227128,0.459811203870797,0.141910669930571,0.700792504336911,0.802404433574242,0.371932513921874
0.0371174739825042,-2.65206153679724,0.586347794724462,0.523277086668556,0.630238790782442,0.370734020141965,0.114418945692292,0.56503108282499,0.646958183999154,0.29987967876161
1.29016837892013,-2.9233974062281,-0.162123863427461,0.146998698328281,0.177046318750223,0.10414638778441,0.032142504438599,0.158728206922048,0.18174312107983,0.0842420269416103
2.05001054951027,-1.08447959621472,-0.820216776251995,-0.686978967718939,-0.827402546258236,-0.486714364041586,-0.150213741823875,-0.741795274238884,-0.849352430527062,-0.393693967123819
0.0544078625587528,1.74579514667407,-0.396680480648967,-0.403118057254786,-0.48551836764782,-0.285603137927091,-0.0881451610928892,-0.435284170088744,-0.498398521363147,-0.231018931637531
2.31686034517212,-1.26196998748559,-1.09049380396619,-0.634668584232938,-0.764399533755865,-0.449653236659914,-0.138775635551473,-0.685310873570282,-0.784678032265403,-0.363715927963822
-0.0938746018750136,-2.03800043809146,0.0327882671281584,0.832861028866085,1.00310397893431,0.59006963101878,0.182112084130706,0.899317743834277,1.02971498750176,0.477296071531645
1.2356448520271,-3.39759857292539,0.412302164763023,-0.0746340315917371,-0.0898897792774718,-0.0528770994877002,-0.0163193600963092,-0.08058932592358,-0.09227443504269,-0.0427712773760152
1.27506542430972,-1.91015898210541,-0.477701405205072,0.0194552633198401,0.0234320629384187,0.0137837642183124,0.0042540573129127,0.0210076626328899,0.0240536842665185,0.0111494240111293
2.03677624881219,-2.01366454569297,-0.590310945462723,-0.500471314849699,-0.602771350643828,-0.354576470567851,-0.109432271454699,-0.540405563623476,-0.618762069365966,-0.286810145045754
-1.49804036684628,2.52602707944673,0.147535971850935,0.192950689250905,0.232391236253679,0.136702688762026,0.0421902945822532,0.208346858016205,0.238556265312299,0.110576197933242
-1.69361810364855,3.15186974011397,0.211667989029847,0.0699358974711793,0.084231311818243,0.0495485414559135,0.0152920734703697,0.0755163122621254,0.0864658560006159,0.0400788702618008
0.439182164015221,2.31580552213342,-0.669917711682164,-0.734352050469492,-0.884459037262697,-0.520277487407916,-0.160572265674061,-0.792948410741988,-0.907922554019116,-0.420842537544945
2.05068194755646,-2.75257903613924,-0.230982283375082,-0.510937182418144,-0.615376518897649,-0.361991381819986,-0.11172072161513,-0.5517065371145,-0.631701635894981,-0.292807925350579
-1.65703056484997,1.86897623069616,0.234128046249555,0.51144947470273,0.615993527511613,0.362354333271504,0.111832738641257,0.552259706881832,0.632335012923245,0.293101509857999
1.46331658155357,-2.10599652383551,-0.441003061023674,-0.0944456168660121,-0.113750999011427,-0.0669133125022584,-0.0206513302079898,-0.101981742609109,-0.116768661061242,-0.0541249024040703
-1.04405470237398,-0.905975966137908,0.880444231946464,0.545253147550493,0.656706920936145,0.386303731878275,0.11922419663991,0.58876068573079,0.674128478288455,0.312473721660903
1.6861594848385,-2.99869685320371,-0.0684969301376389,-0.234072979606704,-0.2819192266976,-0.165837218840746,-0.0511820299875205,-0.252750430884087,-0.289398167180867,-0.134142563700084
0.113543454395458,-2.58693259919669,0.51298790779284,0.490785877921123,0.591106138820916,0.347714482797237,0.10731446903191,0.529947293894474,0.606787395056333,0.281259614000532
1.0162408472588,-2.68394989712941,0.0390325000041395,0.13108058814295,0.157874429190496,0.09286864386552,0.0286618754731404,0.141539938481312,0.1620626269008,0.0751196749592986
-0.373158514036656,3.27985538524684,-0.64230516419984,-0.433726327393761,-0.522383194432311,-0.307288641319676,-0.0948379173552795,-0.468334774559371,-0.536241322756453,-0.248559921775588
2.08349403834667,0.252994583904847,-1.39376480202637,-0.777993563796966,-0.93702119847356,-0.551196849430777,-0.170114850416566,-0.840072223650621,-0.961879119151885,-0.445852619833533
0.541921863417795,1.62993223794596,-0.43599127855791,-0.742544291832385,-0.894325833309928,-0.526081568365816,-0.162363568300298,-0.801794337930408,-0.918051102984947,-0.425537347944311
0.579612480265555,-2.66083402296662,0.108487935547677,0.439115129994359,0.528873508113707,0.311106527680018,0.0960162244660107,0.474153567405683,0.54290381578975,0.251648137242971
2.0110126306877,-2.35896353459341,-0.818133633953257,-0.168489843516615,-0.202930412858483,-0.119372543976057,-0.0368417244824658,-0.181934201119543,-0.208313885627587,-0.0965581743126467
-2.07256057385092,0.978275281755129,0.65160150447102,0.878576194924529,1.05816366282095,0.622458145108333,0.192108090521615,0.948680673031075,1.08623533125058,0.503494522909324
-2.21310915651804,2.56869206851177,0.683622100521278,0.365337678065378,0.440015399713134,0.258836302122088,0.0798841627330562,0.39448917044747,0.451688420474168,0.209367748615279
-0.917265038641298,2.08799458777843,-0.156827744459471,0.104597501933654,0.1259780044206,0.0741057718302737,0.022871125448068,0.11294367990509,0.129320032590509,0.0599427455897731
1.62654958866705,-2.41633775172942,-0.368826785298601,-0.171069850772795,-0.206037792666946,-0.121200440680208,-0.0374058648158598,-0.184720075622356,-0.211503700071384,-0.0980367250974934
-1.82774298105923,2.56571923529694,0.511839190055726,0.173199175805689,0.208602367474641,0.122709035743408,0.0378714596823407,0.187019306488134,0.214136309622847,0.0992569988742579
-1.75584803463214,2.60000789411209,0.553640926176102,0.0662933661776791,0.0798442202059997,0.0469678623007653,0.0144956033002216,0.0715831314418195,0.081962380708384,0.037991408108378
-2.42125395572711,0.218445499745674,1.23733458445486,1.00731087348931,1.21321266117662,0.713664746986991,0.220257013091863,1.08768751410963,1.24539757241085,0.577269803801638
-2.22325459015698,1.27705315210115,0.847260436440238,0.739526654379794,0.890691368458335,0.523943617187307,0.161703736435683,0.798535913281499,0.914320220635931,0.423808000008091
-2.46175065168758,1.05584619583985,1.11622726497246,0.816475062569596,0.98336860001633,0.578460418015239,0.178529154482993,0.881624287507756,1.00945605534454,0.467905600528082
1.0305461816862,2.27183143638101,-1.35222396966583,-0.686741352254995,-0.827116360437219,-0.486546017025367,-0.150161785199828,-0.741538698657211,-0.849058652578514,-0.393557794432883
1.57030409338191,-1.11515823524864,-0.105029170470107,-0.826697091444821,-0.995680087145796,-0.585702573185927,-0.18076428725784,-0.892661965615942,-1.02209414978128,-0.473763641733192
2.08929643425073,-1.98587350076766,-0.501498705464525,-0.625183665859607,-0.752975827962945,-0.442933313298373,-0.136701678200955,-0.675069122430156,-0.772951270818123,-0.358280310109842
-1.60534658028423,0.779399181568361,0.393488547668962,0.759216810927202,0.914406338536158,0.53789379975792,0.166009155132713,0.81979721204351,0.938664317190341,0.435092036650693
0.827910403195968,-2.96442107081525,0.337322907420494,0.165098005166251,0.198845257679852,0.116969477036307,0.0361000704374203,0.178271716855088,0.204120356739211,0.0946143792930824
1.67068467866779,1.42357614123378,-1.31106514609761,-0.938997495750707,-1.13093552411652,-0.665265736589372,-0.205319717237209,-1.0139231877547,-1.16093773281423,-0.53812076729061
-1.41480232465195,-1.39938659729301,1.0489997107461,0.917150638063463,1.10462300724546,0.649787563391639,0.200542717657162,0.990333097590549,1.13392718002009,0.525600768169474
-1.3507376908729,1.03598681564772,0.270035587017022,0.541268387875272,0.651907646931509,0.383480589013183,0.118352895349462,0.584457969002982,0.669201885955574,0.310190135236443
0.6484574583153,1.81303256177805,-0.798276255984988,-0.619783416100472,-0.746471727239199,-0.439107316796747,-0.135520868072522,-0.669237969018957,-0.766274624990661,-0.355185534503839
-2.62344939239337,0.616568376905241,1.42832942266912,0.877731089329009,1.05714581139544,0.621859400384258,0.191923301059777,0.947768133686426,1.08519047758645,0.503010209720459
0.447451302995706,2.66574197940336,-0.790041408681718,-0.781158187630067,-0.940832694808231,-0.55343893827008,-0.170806822092225,-0.843489363205755,-0.965791729392737,-0.447666202737599
1.33552763599915,-1.2429432956602,-0.173936527250155,-0.524406859238686,-0.631599497216182,-0.371534447176593,-0.114665979987582,-0.566251003656438,-0.648354988156884,-0.300527128925273
-2.11928501511264,0.0700681883389888,0.996814115765545,0.995374717820317,1.19883666706744,0.705208158519919,0.217647072045218,1.07479893340499,1.23064020238209,0.57042943066309
1.50515139654159,-2.68353434265778,-0.323494975440995,-0.00122360927797153,-0.00147372405822038,-0.000866908944156986,-0.000267552482406862,-0.00132124507818327,-0.00151281998881474,-0.000701226112429099
-1.94415719283511,1.98300374987245,0.837204427173256,0.240393785296214,0.28953205178782,0.170315415504634,0.0525641274294779,0.259575594404638,0.297212950351159,0.137764891579473
-0.939282220920376,2.3917607096006,0.336919752598361,-0.378835122238559,-0.456271821236417,-0.268399040234363,-0.0828354926712123,-0.409063619990249,-0.468376103144368,-0.217102865106861
-0.653022402162557,-1.25646363625102,0.340011205415833,0.769343799796828,0.92660335878043,0.545068620500544,0.168223506609246,0.830732266592126,0.951184908088339,0.440895612321052
-1.69560819601809,0.709352583948638,0.418124324290412,0.843448273495366,1.01585533461731,0.597570536110246,0.184427074408574,0.910749779460183,1.04280461961717,0.483363410613148
-1.91310443880903,-0.169220072688668,1.0245306209504,0.889857401769136,1.07175083172524,0.630450712090734,0.194574821487258,0.960862044395074,1.10018294959553,0.509959557918103
2.13031473559295,-2.31919694119172,-0.834570649387332,-0.272249929479387,-0.327899827294319,-0.192885019066753,-0.0595297418699379,-0.29397364488501,-0.336598571688359,-0.156021013484318
1.35716874849916,-2.89039443710196,0.0477093646220494,-0.0866465133296645,-0.104357701068213,-0.0613877638375125,-0.018945990481278,-0.0935603230047033,-0.107126171471606,-0.0496553914648499
-1.7076460123532,1.8250512170092,0.769290446859744,0.152792853432652,0.184024841983168,0.108251460354748,0.0334094452909884,0.164984696678788,0.188906775211905,0.0875625418574377
-2.67441378380843,1.79912475099687,1.03680920363449,0.775361997629202,0.933851720730908,0.549332424005892,0.169539436292565,0.837230676181452,0.958625559398659,0.444344521663111
-2.31898348016537,1.94938413362738,0.720207890236249,0.663363786807419,0.798960247825987,0.469983360183866,0.145050083465679,0.716295760536699,0.820155595911971,0.380160577174089
1.00955207552459,-2.23484294143289,0.137243436051998,-0.111627631279973,-0.134445144165771,-0.0790865137375339,-0.024408322486462,-0.120534766345048,-0.138011794242315,-0.0639715727326712
0.782150144435632,-2.89507211420673,0.264356654582431,0.234556947734537,0.282502121487824,0.166180103049177,0.051287853698029,0.253273016417239,0.289996525391218,0.134419916197266
1.5870414511635,0.126833624347423,-0.566988863523125,-0.954249134349416,-1.14930471037135,-0.676071295318209,-0.208654616572576,-1.03039180465354,-1.17979422904198,-0.546861177677557
-0.74307634235864,2.9534994886664,-0.294361732700506,-0.266635635009579,-0.321137929539012,-0.188907375076447,-0.0583021290613375,-0.287911367433174,-0.329657289818466,-0.152803573116735
-1.8395100198502,2.82619375139895,0.544745396976143,0.0579470739195155,0.069791884121898,0.0410546385786101,0.0126706161472418,0.0625708611315945,0.0716433695763565,0.0332083142084268
-1.40505370282939,-1.08035152950424,1.10939726563346,0.739736027853537,0.890943539417613,0.524091955174215,0.161749517710521,0.798761993351881,0.914579081353898,0.423927987776802
0.570283251850803,2.87853754540697,-1.2821010527999,-0.582120281207823,-0.701109969202096,-0.412423546829298,-0.127285506166425,-0.628569568981681,-0.719709480109213,-0.333601541853466
0.0584536439685092,2.57728390218511,-0.596927525104006,-0.567677510797388,-0.683714989771655,-0.402191059161365,-0.124127472678358,-0.61297436251859,-0.701853035111517,-0.325324677718859
-0.475659550624027,2.73210714703497,-0.416142124828834,-0.314149137946702,-0.378363543654038,-0.222569984052986,-0.0686913569689157,-0.339216128710396,-0.388401023031286,-0.180032615550706
2.42307675941541,-0.940839195615961,-0.919546640297079,-0.981334905099378,-1.18192701285653,-0.695261160371745,-0.214577148652482,-1.05963883794796,-1.21328195763368,-0.562383493556551
1.66704535897553,-1.15638351425805,-0.551822528267778,-0.543816809197133,-0.654976984407222,-0.385286107553435,-0.11891012915208,-0.58720973722611,-0.672352648854351,-0.311650584751277
0.376617024343626,2.81955891546641,-0.751662633436589,-0.809723893640038,-0.975237442258934,-0.573677315407312,-0.177052954491076,-0.87433442065177,-1.00110918883382,-0.464036640045309
-2.43334043055211,0.406501353746483,1.57280561134814,0.683411380735551,0.823105718127013,0.484186781813634,0.149433658858837,0.737943017781163,0.844941613285423,0.391649454062213
1.75240157021104,-1.61689615709484,-0.278427478447935,-0.654201448878052,-0.787925060304004,-0.463491980261082,-0.143046661048257,-0.70640232959288,-0.808827659606355,-0.374909823749252
-0.130708592851391,-1.92017971547446,0.601178034706368,0.37470558486753,0.451298175904882,0.265473324528684,0.0819325345172479,0.404604573279119,0.463270513646217,0.214736309467778
1.58721308273679,-1.69169565158157,-0.477666761525001,-0.32940054731039,-0.396732453816518,-0.233375380372226,-0.0720262061801138,-0.355684498082797,-0.407257235842318,-0.188772894567627
0.993188151262838,-3.10519213280165,-0.233500303994151,0.524735454433936,0.631995259698023,0.371767251977028,0.114737830096745,0.566605818540776,0.648761249688691,0.30071544028861
-2.23211231881973,1.33535968253668,0.586886258836563,0.928376831621413,1.11814391774069,0.65774115428003,0.202997419503971,1.00245506597719,1.14780678220889,0.532034276159106
-1.09181721842569,2.83208640793577,-0.0186420662512661,-0.139378712102368,-0.167868751019571,-0.0987477410656236,-0.0304763302215899,-0.150500196986144,-0.172322084737113,-0.0798751645663766
1.14019134676635,2.0091597490454,-1.1743460555379,-0.818677575509106,-0.986021322879692,-0.580020865619925,-0.179010752502155,-0.884002546183423,-1.01217915140183,-0.469167816836794
2.3907802366222,-0.167771824584219,-1.62058581788703,-0.701085340409747,-0.844392365788806,-0.496708518936804,-0.153298219115057,-0.757027240704232,-0.866792967273975,-0.401778048423733
2.30640576898147,-0.960256206625299,-1.01672446986992,-0.798746218789986,-0.962015849532321,-0.565899796321044,-0.174652593354508,-0.862480801096372,-0.9875368449142,-0.457745553178614
1.83749420874518,-0.223923170374559,-0.80542370342274,-0.846695375018485,-1.01976616769144,-0.599871059164178,-0.185137080526358,-0.914255977870917,-1.04681920186848,-0.485224259839049
1.60579408565654,-2.46711454241786,-0.503007078255604,-0.0291026638396619,-0.0350514634294967,-0.0206188037599896,-0.00636354275431987,-0.0314248609032473,-0.0359813319308806,-0.0166781571478837
-0.0135676194002087,2.89134103966651,-0.562173152399802,-0.653626050633194,-0.787232046405065,-0.463084319176862,-0.142920845371999,-0.70578101843359,-0.808116260974438,-0.37458007447258
1.65296035837635,-0.702311507736318,-0.403737450166259,-0.821133470491867,-0.988979220948721,-0.581760830627379,-0.179547754640826,-0.886654405087181,-1.01521551855533,-0.470575241349095
2.12235788770041,-2.32923343791112,-0.513124493099045,-0.513004470020967,-0.617866375366041,-0.363456024288212,-0.112172751474614,-0.553938780380053,-0.634257544929412,-0.293992646711473
1.1493898839083,1.31754023925805,-0.770061749880692,-0.878365647404856,-1.05791007783208,-0.622308975327374,-0.192062052531738,-0.948453325233784,-1.08597501899071,-0.503373862318268
1.25170084851377,1.93139020484649,-1.21609049079338,-0.851114914592257,-1.0250890938194,-0.603002237110058,-0.186103450106375,-0.919028167012343,-1.052283338116,-0.487757009965937
2.19670236023781,-0.393875421034485,-0.95768062424603,-0.968064285935391,-1.16594378105081,-0.685859124399254,-0.211675415914489,-1.0453093125263,-1.19687471203931,-0.55477836596115
2.43969093776477,0.389326348047762,-1.58638315021195,-0.9822698326276,-1.18305304648168,-0.695923542596975,-0.214781578437013,-1.06064836641211,-1.21443786342669,-0.562919281906493
0.310362513661522,-3.12858013980002,0.166085198073768,0.80168677892212,0.965557481889469,0.567983139366305,0.175295571613322,0.865655998172456,0.991172432046702,0.459430729637262
0.427125888077171,2.8911657810917,-0.855387098608991,-0.798914681091627,-0.962218746773541,-0.566019149352012,-0.174689429056727,-0.86266270555796,-0.98774512474819,-0.457842095569226
2.03989334521546,-1.73842129829,-0.652726287807248,-0.559483080349826,-0.673845557174669,-0.396385427269589,-0.122335691390306,-0.60412607157125,-0.691721779651787,-0.320628612798658
0.529384426811112,1.827665380568,-0.876953353216415,-0.462629384099773,-0.557194249554721,-0.327766026399215,-0.101157814327342,-0.499544101020658,-0.57197586866901,-0.265123688049798
0.972430758207068,-2.10907412790836,-0.0328823092508814,0.00490342575705521,0.00590572222355953,0.00347400409781785,0.00107217537265884,0.00529468619140159,0.00606239314500782,0.00281005566327904
0.951772834792143,1.9421560080154,-0.566634097386952,-1.10809968101992,-1.33460344590771,-0.785072115574499,-0.242295335405296,-1.19651859138501,-1.37000869250132,-0.635029862468587
0.912042988313565,2.25581417375161,-1.09354229126913,-0.782156974140363,-0.942035640663373,-0.55414656363274,-0.171025215181453,-0.844567846169755,-0.967026587794465,-0.448238587398594
1.69996275317331,0.659467645412598,-1.00717362038726,-0.909556218571963,-1.0954762322787,-0.644407030323292,-0.198882133822133,-0.982132694442708,-1.12453775333216,-0.521248557580641
-0.247105748179239,-2.50041356064916,0.403291279491914,0.850092198190135,1.02385732662568,0.602277657775546,0.185879824544595,0.91792384471191,1.05101889378407,0.487170911560434
-1.2331108265246,-1.3450148867808,0.879644498105442,0.874346699794053,1.05306962762514,0.619461610819253,0.191183275761006,0.944113692602808,1.08100615810588,0.501070683468683
1.63248691792357,-1.08646263711232,-0.733660372986134,-0.398967356035155,-0.480519232420604,-0.282662427949976,-0.0872375752850384,-0.430802270796072,-0.493266765756434,-0.228640247418234
2.0203344581633,-2.13241807661484,-0.963689292845478,-0.149158143689346,-0.179647170703789,-0.105676322651387,-0.0326146853687182,-0.161059961515837,-0.184412970161384,-0.085479562078687
-0.449388456522788,3.15093043584076,-0.613767865680737,-0.34197719750536,-0.411879864266753,-0.242285749668893,-0.0747761967535799,-0.369264680473769,-0.422806486857172,-0.195980322365347
1.28732403229447,-1.27787305637294,-0.231710534992071,-0.424906622388021,-0.511760676535983,-0.30104001171875,-0.0929094145146556,-0.458811316344687,-0.525337003650398,-0.2435055244567
1.9423827151963,-1.09885731365173,-0.75875821285517,-0.638048379713832,-0.768470184413497,-0.45204777140606,-0.1395146563216,-0.688960354025188,-0.788856671847215,-0.365652821454694
-2.70283327304125,1.84255855214809,1.2341054597003,0.628650821631766,0.757151696001065,0.445389741509389,0.137459801035125,0.678812933940685,0.777237919056973,0.3602672680441
-0.656004921795522,2.46651325625873,-0.0604460868798203,-0.337492356839232,-0.406478289020515,-0.239108306871931,-0.0737955485392977,-0.364421979651509,-0.41726161503533,-0.19341014948272
-2.24142410959874,1.63099305216403,0.485808256011843,0.902372118088023,1.08682364855736,0.639317202158884,0.197311269696679,0.97437535100272,1.11565562812322,0.51713149264468
2.12644795310768,-1.18611995393812,-0.476504943973592,-0.981886708712503,-1.18259160920662,-0.695652105010894,-0.214697805163633,-1.06023467178241,-1.21396418483714,-0.562699721219598
1.82558058259789,0.314425682627693,-0.557466582845103,-1.23615367859874,-1.48883262705291,-0.87579646511537,-0.270295421340518,-1.33479043770772,-1.52832936779567,-0.70841505864172
-0.37909107271328,2.31207082893595,-0.717812790156442,0.000139375146116681,0.000167864456120059,9.87452146178749e-05,3.04755504887579e-05,0.000150496346458751,0.000172317675899655,7.98731209709762e-05
-0.762283132267976,-2.09355717803497,0.882347741936885,0.757992429377617,0.912931684348298,0.53702634367083,0.165741433786609,0.818475133071627,0.937150542396791,0.43439036796478
-1.51066598711982,-1.02079017379014,1.01505900904331,0.880526585687569,1.06051272787151,0.623839967907097,0.192534559901759,0.950786691874339,1.08864671385894,0.504612253019013
-0.341485115038546,2.28348780506339,-0.217866825695256,-0.411838811704348,-0.496021708762933,-0.291781662533128,-0.0900520275603527,-0.444700782157615,-0.509180502087185,-0.236016622363
-1.28273719042002,2.74710643625325,0.0300214000025895,0.0173398191995541,0.0208842064044649,0.0122850035748982,0.00379149762497552,0.0187234202832951,0.0214382365022659,0.00993710510898079
-1.37870119359078,-1.02852348699733,0.605854522046035,1.09127402649652,1.31433850323945,0.773151390012649,0.238616264220645,1.17835036266488,1.34920614797494,0.625387414897349
-2.10183894372847,1.53646030143723,0.485595015520208,0.819997578957971,0.987611144789797,0.580956068398083,0.179299382382532,0.885427877039765,1.01381114916345,0.469924284529141
1.21621945262559,-3.07363487457286,-0.215769407809956,0.309214543150515,0.372420281209374,0.219073897155299,0.0676123662231274,0.333887786399932,0.382300093773255,0.177204697531745
-1.22641655553399,2.25860742661541,0.0120661517269795,0.170151711861658,0.204931979376306,0.120549952940067,0.0372051060039648,0.18372867539414,0.210368551031341,0.0975105579697038
1.7947060985246,-1.55122831958766,-0.553095925551243,-0.500479572266068,-0.602781295937136,-0.35458232082433,-0.10943407700839,-0.540414479926199,-0.61877227849462,-0.286814877206652
-1.78703342724819,2.5344194031601,0.832612948704104,-0.100276354443395,-0.120773582445254,-0.0710443032097215,-0.0219262701264564,-0.108277733874448,-0.12397754425247,-0.0574663820067429
2.2799041230786,0.42821056454044,-1.53632736855352,-0.900433385703297,-1.08448862494381,-0.637943639147469,-0.196887349519222,-0.972281920798039,-1.11325865945244,-0.516020443719458
-2.05306506278252,0.978273174610371,0.823934181438442,0.727249072677148,0.875904158310704,0.515245133461941,0.159019139708906,0.785278663039406,0.899140725556537,0.416771962408204
-0.157403313636339,-2.46562336364606,0.659263409106014,0.560386987652938,0.674934229811416,0.397025832127466,0.122533338341148,0.605102104604728,0.692839333319287,0.32114662407527
-0.225168677571435,-2.01934196943567,0.291038992255422,0.735406696607012,0.885729260865732,0.521024688484269,0.160802872941621,0.7940872105562,0.909226474957515,0.421446934246012
-2.10350967871649,1.47777088332403,0.623922073539501,0.735678168425813,0.886056223530775,0.521217022223513,0.160862232543033,0.794380344002403,0.909562111505289,0.421602509339761
-1.69050156813779,0.342867143305638,0.662992797126113,0.787663210955029,0.948667392980163,0.558047650384219,0.172229200272941,0.850513443691499,0.973834271641211,0.451394102075684
-0.124396906770786,2.65010850247435,-0.937269557458151,-0.173932907556373,-0.209486079418256,-0.123228873757659,-0.038031896314238,-0.187811585103334,-0.215043465263822,-0.099677485930347
-1.71454698697748,0.0704199603093981,0.691910435751877,0.88959116278827,1.07143017152889,0.630262085739209,0.194516606089969,0.96057456133212,1.09985378271251,0.509806981659578
-1.62601686411061,0.416093214049985,0.248068831917848,1.02931404807816,1.23971344727933,0.729253668380714,0.22506819268004,1.11144639421401,1.27260138896787,0.589879385026472
-0.438873126587011,3.45546760226529,-0.697601790941881,-0.40172289709975,-0.483838026445311,-0.284614687742292,-0.0878400975652132,-0.43377768552598,-0.496673602953214,-0.230219393133415
0.450575312079955,2.45812309749069,-1.08384480494722,-0.474746730971028,-0.571788471687113,-0.336350986133713,-0.103807374357619,-0.512628330768268,-0.586957256018922,-0.272067898258446
-0.352086451845928,-2.32649215810319,0.774181050967536,0.582867051709899,0.70200938511426,0.412952622604659,0.127448793831218,0.629375926753041,0.720632756324044,0.334029501158348
-1.84207390070093,2.73254823383959,0.428555390118496,0.186761813124232,0.224937308104046,0.132317962227926,0.0408370446512418,0.201664151151307,0.230904594406165,0.107029476259305
-1.24421310979811,1.93691460129851,-0.0784787919410979,0.37899698361578,0.456466768275476,0.268513716608719,0.0828708850256678,0.409238396817991,0.468576221867954,0.217195624639126
0.22445291189478,-3.41281944345072,1.10539466557588,0.248833945181459,0.299697442735764,0.176295143042141,0.0544096395303275,0.268689222347986,0.307648015541544,0.142601779147392
1.24906372350497,1.3538373236723,-0.926003633744155,-0.855028859309121,-1.02980307776479,-0.605775208632152,-0.18695926710928,-0.923254418223849,-1.05712237775829,-0.490000013747846
-1.52857595641486,-0.915738662222557,1.04279544856815,0.833924437488168,1.00438475613852,0.590823040184904,0.182344607389375,0.900466005320455,1.03102974201427,0.477905489838134
-2.39477702321568,0.982380950181526,1.3784608057776,0.582558682382089,0.701637982816653,0.412734147529981,0.127381366278453,0.629042951624487,0.720251501219619,0.333852780836898
1.08101107714757,1.41636409297648,-0.447341343162015,-1.11034626157535,-1.3373092441334,-0.786663784428548,-0.242786569180124,-1.1989444339763,-1.3727862719394,-0.636317333050499
1.46117981405425,1.21498350059694,-1.06088007452934,-0.87682794022485,-1.05605805193911,-0.621219532699044,-0.191725819895526,-0.946792919351084,-1.08407386132483,-0.502492632952569
-0.06585955769478,-1.97338564531783,0.115605447090139,0.719598341913778,0.866689561631903,0.509824704696397,0.157346242939637,0.777017455358497,0.889681677937141,0.412387480950746
-0.131681379926011,2.08667511182184,-0.0860238973358942,-0.618086828030423,-0.744428344027962,-0.437905309424824,-0.135149894790499,-0.667406004618546,-0.764177033552478,-0.354213253663728
0.192207770261044,-3.33171535254499,0.682959204655464,0.575578186645388,0.693230622157755,0.407788570295696,0.125855022047163,0.621505459222758,0.711621104513389,0.329852397727357
0.832045486779805,-3.15441753281019,0.297584097222238,0.265251878552774,0.319471323034939,0.187927004241953,0.0579995590484013,0.28641719650715,0.327946470470172,0.152010569845002
-1.73061722731145,0.618045392914496,0.73764324359019,0.658250372233265,0.792801613519063,0.466360582137539,0.14393199226817,0.710774329831293,0.813833581263879,0.377230181101074
1.14731441972998,-2.76564286541776,-0.144988153972057,0.194763247481875,0.234574294783877,0.137986859265242,0.0425866257174721,0.210304046217294,0.24079723746907,0.111614938963354
-2.2476332203488,-0.786946575050284,1.54206426494741,1.00558297377477,1.21113156598933,0.712440555781429,0.219879193254847,1.08582173960585,1.24326126854827,0.576279578881555
-0.566452770479846,-1.90989616082218,0.633602465905168,0.715847802238679,0.86217238392656,0.507167503211991,0.156526155826451,0.772967647813338,0.885044665541535,0.410238121344516
-1.80948246840799,1.09882098936971,0.63405127932427,0.622597986297345,0.749861616387112,0.441101397849869,0.136136297570025,0.672277123009342,0.769754443369295,0.356798508639328
-2.56424183645638,1.55654714857093,1.39503346440211,0.494279161474656,0.595313475352037,0.350189422152106,0.108078304925708,0.533719318007805,0.611106346605265,0.283261545246034
1.77054586679471,0.473205137024616,-1.44656082768592,-0.554813041258029,-0.668220927575733,-0.39307677414712,-0.121314547979218,-0.599083394733109,-0.685947936143237,-0.317952306385991
0.700034550289733,1.77757538443455,-1.13065623854163,-0.390178112296624,-0.469933402299644,-0.276435379703055,-0.0853157330572468,-0.421311704453081,-0.482400107703417,-0.223603306845031
1.32864848467253,0.217521730374531,-0.363766199904463,-0.928149603421962,-1.1178702424178,-0.657580166485956,-0.202947734142859,-1.00220970649394,-1.14752584664527,-0.531904056202618
-2.00102099842714,1.88584510915657,0.615200487209479,0.499451912441018,0.601543574848297,0.35385423914832,0.109209370525518,0.539304819750897,0.6175017223187,0.286225945823904
0.464119389932581,-2.88492950543826,0.440325158997693,0.363441292289064,0.437731378667745,0.257492741051856,0.0794695019984671,0.39244146582607,0.449343807401548,0.208280967688124
-0.741805833003175,-2.47403009455435,0.843749316795843,0.916140991698252,1.10340698170079,0.649072243983561,0.200321949969119,0.989242888228168,1.13267889494215,0.525022159941871
-0.640956906897659,3.61531185387888,-0.666714986619694,-0.315158215084477,-0.379578883616976,-0.223284900171906,-0.0689120001905815,-0.340305723424816,-0.389648604339931,-0.1806108975654
0.320667871377736,-3.57523040919132,0.785054652696717,0.479585659370249,0.577616512816189,0.339779294814385,0.104865446839341,0.517853373145971,0.59293990729378,0.274840991770235
-1.99388689879274,-0.576197031965701,1.48589181841386,0.753272319384849,0.907246748986154,0.533682216060979,0.164709341950976,0.813378390010993,0.931314793293694,0.431685366915791
0.789120772204509,1.06657260445117,-0.231136472194044,-0.897619779318749,-1.08109989661859,-0.635950240941021,-0.196272130767408,-0.969243807525727,-1.10978003269157,-0.514408021925622
1.12730407320186,-2.93434568333032,0.102606584266496,0.0826277920591924,0.0995175234672429,0.0585405596881441,0.0180672632017672,0.0892209347744961,0.10215759042462,0.0473523423264019
2.19323967993336,-0.695666832282424,-1.00506607425736,-0.812756714815712,-0.978890194498832,-0.575826024027419,-0.177716106404727,-0.87760924058286,-1.00485884371112,-0.465774689470887
2.08564721489696,-0.203794407159893,-1.1947246891134,-0.760928637694238,-0.916468075346677,-0.539106603519633,-0.16638346048428,-0.821645631086555,-0.940780749124279,-0.436073050484612
-0.737397549172162,-2.28502577780662,0.870599548354381,0.819181669805021,0.986628457775509,0.580378008918603,0.179120976968958,0.884546863817663,1.01280239277539,0.469456703240148
-2.00415069758831,1.40680890102938,0.848315918055883,0.502863163053481,0.605652110298879,0.356271059386565,0.109955269225297,0.542988265245557,0.62171925172641,0.288180865624336
-1.71570887952067,2.49328344465164,0.291596186793641,0.277854117801601,0.334649553130769,0.196855503002051,0.0607551448841825,0.300025009786569,0.343527358734648,0.159232662219952
-0.305681433021628,2.86903382403074,-0.338577146354482,-0.571617079964765,-0.688459835994635,-0.404982185224895,-0.124988892683355,-0.617228282839616,-0.706723755766403,-0.327582366363117
0.686242985554086,-2.80880232015129,0.301460321066257,0.254111734211202,0.30605405085191,0.180034377941408,0.0555636725880603,0.274388143486275,0.314173255979553,0.145626374947845
-0.905491254592256,-1.29445225431461,0.678784445616877,0.733579966927915,0.883529134138667,0.51973047772118,0.160403443099818,0.792114720120627,0.906967981807414,0.420400071841164
1.32021591780894,-1.29059156509865,-0.075969650404251,-0.569789309833122,-0.686258456138833,-0.403687237316678,-0.124589235337833,-0.615254668930373,-0.704463976243734,-0.326534907695632
-1.68991058044154,0.27974733953782,0.806410182813527,0.699133552666571,0.842041618205046,0.495325706398425,0.152871444273431,0.754919713411202,0.864379857497057,0.400659517732545
1.67610981046012,-2.66600556110305,-0.566179652505216,0.0365135705932441,0.0439772142983427,0.0258693207874877,0.00798399998237707,0.0394271082295169,0.0451438710468375,0.0209252002407607
-1.09328743678463,-1.32529904063683,0.539404413959276,1.01399911635401,1.22126803031641,0.718403267415441,0.221719453769298,1.09490943382352,1.25366663973318,0.581102702609642
-0.818380716628598,-0.925993988810792,0.450738427277637,0.697063286590412,0.839548174441354,0.493858953726214,0.152418763145647,0.75268425401015,0.861820266001175,0.39947308946789
-1.72078062446642,-1.17538231675168,1.53853559983638,0.708882364706257,0.853783159480192,0.502232594491101,0.155003104198452,0.765446415159429,0.876432886177327,0.406246367792005
1.66124753502011,-1.02990068915163,-0.823356478578139,-0.37489090918809,-0.451521381886317,-0.265604624048846,-0.0819730572420334,-0.404804685235456,-0.463499640984171,-0.214842515145672
1.5237102555605,-2.07365447706406,-0.32051252801457,-0.252360806375749,-0.303945220425589,-0.178793871655247,-0.0551808174583023,-0.272497503372233,-0.312008481099097,-0.144622953070206
-0.22953124757047,2.88143342728358,-0.118896115210066,-0.812868673657201,-0.979025038555022,-0.575905345198656,-0.177740587149117,-0.877730132987765,-1.00499726499999,-0.465838850853596
1.26684633030816,1.52879622281671,-1.09706875418949,-0.803231998202968,-0.967418555412209,-0.569077904206166,-0.175633446833702,-0.867324515571179,-0.993082877363891,-0.460316264038371
1.85127426538775,-0.0952870061727209,-1.08175118771716,-0.691487090243242,-0.832832162346538,-0.489908301688211,-0.15119948081269,-0.746663114655195,-0.85492608707705,-0.396277482375772
-0.57935148087279,2.45325065624982,0.0987662354442131,-0.52208327448896,-0.62880095456974,-0.369888221998092,-0.114157908596604,-0.563742012453457,-0.645482203912457,-0.299195528772934
-0.58941685199574,-1.9025912612373,0.610281436319359,0.750814201961394,0.904286174193127,0.531940676487403,0.164171853856915,0.810724131330705,0.928275678406283,0.430276668766982
0.347863176567714,-2.07953553841309,0.457074067759471,0.141441863492501,0.170353625802828,0.10020945308878,0.0309274556633047,0.152727973997021,0.174872879928956,0.0810575155461387
1.25675728989767,1.71205468744705,-0.703957894809316,-1.17206770543538,-1.41164700730844,-0.830392507879591,-0.25628248312895,-1.26559083441356,-1.44909611666758,-0.671688663515755
1.59613625102621,-2.2407192485695,-0.317266684203207,-0.25263456536405,-0.304274937774481,-0.178987825820007,-0.0552406771686033,-0.272793106488695,-0.312346945408803,-0.144779838895252
0.811900968099581,1.8549512698482,-0.720786031710969,-0.835336368341727,-1.00608529609428,-0.591823372159757,-0.182653337971643,-0.901990598770819,-1.0327753950234,-0.478714639295633
-0.809208623894023,2.8517992282739,-0.268497283324037,-0.191782737967453,-0.230984547095432,-0.135875212677795,-0.041934912189488,-0.207085712066595,-0.237112258569805,-0.109906868309198
-1.98042206999677,0.394538941644006,0.514765613492534,1.13028669311264,1.36132564725885,0.800791283100908,0.247146712613256,1.22047597799105,1.39743979815752,0.647744797306275
1.54596837169476,-2.18988143979166,-0.134675737669623,-0.372187693817691,-0.448265609314444,-0.263689436231321,-0.0813819764159467,-0.401885771438619,-0.460157497115181,-0.213293356243914
-1.59520532077591,2.92353914339046,0.0603938913257383,0.191806006192864,0.231012571518095,0.135891697868849,0.0419399999831016,0.207110836940078,0.237141026442965,0.109920202865859
0.0375600281190957,2.56763136406282,-0.734731247946865,-0.438472701738831,-0.528099762774491,-0.310651376831849,-0.0958757521129246,-0.473459877691178,-0.54210954402029,-0.251279974401901
0.746080903825214,-2.75158745423827,0.197974976737906,0.262302370125275,0.315918913284715,0.185837321462737,0.0573546241693803,0.283232337121845,0.324299820034751,0.150320265296461
-0.61756132104197,2.94559064279315,-0.147472825666148,-0.485173088794141,-0.584346054111633,-0.343737905319895,-0.106087185379207,-0.523886641901707,-0.599847974330153,-0.278043036314947
1.86969691616015,-1.31714187705252,-0.654331398586682,-0.574510310659783,-0.691944464427902,-0.407031996069071,-0.125621521961805,-0.62035237390746,-0.710300826737074,-0.329240419263787
-0.765227497949486,-2.47458041262305,1.23478930305826,0.630489906713449,0.759366703666325,0.44669270589114,0.137861932489847,0.680798765656968,0.77951168791668,0.361321211084147
1.52952367946186,-2.58631384447478,-0.0849977193457603,-0.245581247168983,-0.295779869208488,-0.173990654958877,-0.0536984096929725,-0.265176980885642,-0.303626514021868,-0.140737722684878
-0.585241401341331,-1.70785956677551,0.529775753064761,0.735810954071926,0.886216151544387,0.521311098875548,0.160891267243803,0.794523725051025,0.909726282195462,0.421678606149491
-1.14987181220975,-2.41855469610258,1.59986129672439,0.650602255598142,0.783590165315645,0.460942005442914,0.142259667100076,0.702515944868505,0.804377765644712,0.372847197748462
1.75783372044948,0.275610967403787,-1.10750251561885,-0.733633187602953,-0.883593233513042,-0.519768183776565,-0.160415080249011,-0.792172187447998,-0.907033781652564,-0.420430571550286
-1.22101680185326,-2.50552769176977,1.57340591093303,0.765000604506847,0.921372382272141,0.541991531342355,0.167273830350384,0.82604251349546,0.94581516076107,0.438406613583021
1.93077407325787,-0.240637139707104,-0.939001391713249,-0.815155739776004,-0.981779597892466,-0.577525697471201,-0.178240673433629,-0.880199691618406,-1.00782489911699,-0.467149522905719
-1.18178908572363,2.54219970758782,0.293277427725846,-0.196035442468836,-0.236106535829107,-0.13888819046039,-0.0428648018746775,-0.211677753817647,-0.242370126822389,-0.112344008578156
-1.53907995220023,2.61780517975055,-0.123173297040257,0.404450995745804,0.487123768618298,0.286547504989909,0.0884366193292625,0.436723468116705,0.500046511476801,0.23178281214497
1.33698476761582,-0.793948702010055,-0.360637139604156,-0.551211573477799,-0.663883293162377,-0.390525187879361,-0.12052705669237,-0.595194554018569,-0.681495230083312,-0.315888376914358
-0.690236261718598,1.97446075911073,-0.19802504681449,-0.0128053310649824,-0.0154228353802833,-0.00907238628619089,-0.00279999357324064,-0.0138271104581394,-0.0158319826003701,-0.0073384802507802
1.33408723401453,0.959063941479311,-0.631817566450311,-1.0065063501881,-1.21224368736632,-0.713094754213843,-0.220081097290742,-1.08681879525374,-1.24440289301977,-0.576808747517559
-1.49891793274812,0.495172513094782,0.34886244466369,0.81223694763022,0.978264183058968,0.57545777671997,0.177602454928512,0.877047999467746,1.00421622502402,0.4654768212466
0.29320760076635,1.96620970098027,-0.913298161988078,-0.286372302622711,-0.344908917888161,-0.202890510044205,-0.0626177177949296,-0.309222888531494,-0.354058890734109,-0.164114264324965
-1.10240994142964,-0.863808587350895,0.788412813539491,0.65071276863067,0.783723268028835,0.461020302280041,0.14228383170615,0.702635276098605,0.804514399395078,0.372910530566843
-0.62387874563486,1.92355230757263,-0.0229983427866933,-0.186625629767743,-0.224773287862944,-0.132221478348708,-0.0408072670124585,-0.201517101277846,-0.230736222927172,-0.106951432289414
0.884736079372716,2.49720115407855,-0.785984955405875,-1.09166782235498,-1.31481279388198,-0.773430388511617,-0.238702371004397,-1.17877558078734,-1.34969302091463,-0.625613091462488
0.332111726283097,-2.45843045100317,0.531363958028808,0.241512957493247,0.290879991053853,0.171108332332847,0.0528088438638397,0.26078406902443,0.298596648645279,0.138406266880391
-1.89005638151981,2.65492795054036,0.105684431640964,0.509677094655854,0.613858859883299,0.361098628413144,0.111445192804651,0.550345902814011,0.630143715414341,0.292085794145155
0.790049733352193,1.93668098477888,-0.75365973450846,-0.822283208309328,-0.99036397367391,-0.582575402742298,-0.179799154505731,-0.887895884258571,-1.0166370069205,-0.47123413319845
-0.960130522894654,2.64113372055259,-0.323334570770647,0.0598884886111704,0.072130138325738,0.0424301019645233,0.0130951228337182,0.064667187673278,0.0740436545406739,0.034320900310339
-0.944627041639264,-0.957903350338327,0.716462912810078,0.608795189711246,0.733237426160819,0.431322322102172,0.133118199752975,0.657372955982445,0.752689235583676,0.348888400760148
1.60245249921379,-0.320368219398631,-0.501168302570239,-0.847947377300782,-1.02127408849393,-0.600758084128901,-0.185410841378485,-0.915607881524428,-1.0483671257955,-0.48594175741689
-1.77931425091809,2.22554887080379,0.254460210257113,0.463261650965347,0.557955756440773,0.328213978053986,0.101296064806865,0.500226818534555,0.572757577315492,0.265486027600622
1.85182750711983,-2.04543964580778,-0.537009245674279,-0.372784748149415,-0.448984705964468,-0.264112440330454,-0.0815125273781375,-0.402530466695022,-0.460895670438727,-0.213635516192748
-1.8107675303842,-0.331306250881957,0.897727621812486,0.963945297267814,1.16098284065568,0.682940882292817,0.21077476432345,1.04086165623429,1.19178216452256,0.552417855573967
-1.88568329769204,1.77797669284456,0.58764421744466,0.46416628901307,0.559045309191731,0.328854900633534,0.101493871541176,0.501203640621156,0.573876034445457,0.266004457652421
0.10674748146707,-2.89542842700623,0.664627633216804,0.495861854253444,0.597219682232667,0.351310736406979,0.108424374042276,0.535428299037858,0.613063122608037,0.284168554962631
0.742553843790322,-3.10887698942789,0.489537319867323,0.17383106651294,0.209363421312827,0.123156720895611,0.0380096279116752,0.1877016178288,0.214917553202708,0.0996191228562367
-1.85869063639857,2.12962278085078,0.449951121340002,0.414528395899572,0.499261063846675,0.293687192866118,0.0906401278150904,0.447604977103073,0.512505792934015,0.237557969509692
-1.95176811941425,2.3787522041144,0.0739609988265198,0.692467813200119,0.834013352324433,0.490603129292384,0.151413924153705,0.747722092715563,0.856138612447168,0.396839515173987
-0.781707510534909,3.11657402536233,-0.199340035504994,-0.370406087239793,-0.446119829183972,-0.262427194513189,-0.0809924131205627,-0.399962004624584,-0.457954792304282,-0.212272352989861
-0.573780168912371,-1.84792302155925,0.83708865912324,0.539282397866595,0.649515705886387,0.382073544679241,0.117918641894195,0.582313510333434,0.666746489909792,0.309052003907939
-1.56879446876337,0.70291119206893,0.476493474512118,0.69246374791606,0.834008456066266,0.490600249099193,0.151413035245079,0.747717703049147,0.856133586297812,0.396837185440642
2.07966912136119,-1.47901532529537,-0.683162655774115,-0.668612926436465,-0.805282350392181,-0.473702297409557,-0.146197852090464,-0.721963746244581,-0.826645415413884,-0.383168754573475
1.01662253424771,1.66965686132603,-0.886705224324585,-0.808831198728928,-0.974162273909986,-0.573044854362126,-0.176857759224254,-0.87337049468385,-1.00000549770484,-0.463525054367289
-0.508298032122649,-2.19349557094479,0.803311312528798,0.642067543385112,0.773310894845269,0.454895288989809,0.140393480335777,0.693300219956814,0.793825799860292,0.367956124124236
-1.86970710457732,1.88638735582838,1.01868641989157,0.0721108043333302,0.0868507857179948,0.0510894305660654,0.0157676351880259,0.0778647620809171,0.0891548210437111,0.0413252660772769
1.34696643924657,-2.67262928897322,-0.0191524089102623,-0.108896866194193,-0.131156190513071,-0.0771518073570963,-0.0238112176828913,-0.117586104550621,-0.134635589042748,-0.0624066256376042
1.63422845784,-1.69213011700531,-0.454469887691555,-0.387340954872564,-0.466516308928362,-0.274425295935975,-0.0846953646721324,-0.418248160926519,-0.478892363409709,-0.221977388419403
1.23392225426522,0.144671515183879,-0.382774833250648,-0.804923982562284,-0.969456393880213,-0.570276649917621,-0.17600341347557,-0.869151508915669,-0.99517477696421,-0.461285906583531
1.77276904559028,-0.0238481024379101,-0.59550142904257,-1.03226686616905,-1.2432698432126,-0.731345696007132,-0.225713851244857,-1.1146348273516,-1.27625213133445,-0.591571586277198
-0.656265622330587,-2.17348644191076,0.83590901934754,0.734719708781115,0.88490184765062,0.520537967844341,0.160652657262882,0.793345405716961,0.908377111575103,0.421053235202443
-2.38933450813217,-0.168008255473634,1.67787459661455,0.783357390326868,0.943481430790808,0.554997040617123,0.171287696298916,0.845864047503584,0.968510732802626,0.448926522012129
1.57724982129301,0.22019155775461,-0.702309203388345,-0.875783120939588,-1.05479966386957,-0.620479293801115,-0.191497361352043,-0.945664730505923,-1.08278208990081,-0.501893867824856
1.12514186709912,-2.83779105857178,-0.0048550629850093,0.131602633511931,0.158503184491393,0.0932385052320309,0.0287760250933783,0.142103639563653,0.162708062239908,0.0754188487651801
-0.00812094934273801,2.47866651541128,-0.684028212152354,-0.405293919631456,-0.488138992376321,-0.287144704005044,-0.0886209317418491,-0.437633651665694,-0.50108866776494,-0.232265875039352
-1.60247253939885,0.770710532908077,0.505926103804508,0.672173349492123,0.809570550235896,0.476224804101439,0.146976368602319,0.725808267141266,0.831047375471072,0.385209162130748
1.54990842499144,0.955293509002955,-1.00119811588033,-0.899699464741164,-1.08360468511253,-0.637423667079725,-0.196726871514646,-0.971489437873587,-1.11235126987824,-0.515599848230055
1.51621340459971,-1.40224880571868,-0.293184824471803,-0.523893064191415,-0.630980678663732,-0.371170431040101,-0.114553634369727,-0.565696211216054,-0.647719753174885,-0.300232683214481
-1.08732313746708,2.33559713466083,0.255252625671381,-0.167666981173613,-0.201939351370705,-0.118789558265013,-0.0366617986952781,-0.181045679889535,-0.207296532602446,-0.0960866082888881
2.12953808645331,-0.674658910837855,-0.878524634103224,-0.865579508192388,-1.04251035726081,-0.61325018618277,-0.189266255418817,-0.93464693800906,-1.07016676440436,-0.496046380536011
-2.29385039093869,1.80947996486579,0.892207594338855,0.560959533538214,0.675623808307392,0.397431472357417,0.122658530324942,0.605720335805303,0.69354720541159,0.321474738721463
0.451434283678698,2.44496670750985,-0.738990835435138,-0.740107154710153,-0.891390527346762,-0.524354893023093,-0.161830667725941,-0.799162733638436,-0.915037927275698,-0.424140673188369
-1.565025271821,2.49564782754499,0.237188651087847,0.191398507169037,0.230521776681928,0.135602990881374,0.0418508968867407,0.206670822231717,0.236637211475421,0.109686673289514
1.47908491937174,-2.01652180869085,-0.48086739722926,-0.110865790457026,-0.133527577447763,-0.0785467608643521,-0.0242417395689833,-0.119712135742453,-0.137069885705007,-0.0635349769269816
-1.35385865681214,2.9462280880246,0.211685831289199,-0.140333790368043,-0.169019054341839,-0.0994243997881335,-0.0306851661347155,-0.151531484081233,-0.173502904069892,-0.0804225009027069
1.86521981865599,-0.406838758337915,-0.429763767803852,-1.09412061610982,-1.31776695680917,-0.775168156345286,-0.239238695033441,-1.18142409100602,-1.35272555383797,-0.627018738722816
1.28044486597559,-2.88043955337773,0.0749811432550989,-0.046552336227728,-0.0560679778261423,-0.0329816366823598,-0.0101790607049139,-0.0502668999215071,-0.0575553863796167,-0.0266782169317799
0.875336144270649,2.37724764446951,-1.0286415122645,-0.848099783910347,-1.02145764814094,-0.60086606194123,-0.185444166368299,-0.915772449157573,-1.04855555503475,-0.486029098610078
1.98928367909187,-2.94893213690701,-0.293136479009457,-0.33511706898968,-0.403617474778499,-0.237425450817474,-0.0732761718297387,-0.361857159788674,-0.414324907213084,-0.192048919313394
1.53984563752992,0.890597525731704,-1.00876406273702,-0.860509334922106,-1.03640380309987,-0.609658043956029,-0.18815761929688,-0.929172198973081,-1.06389821151895,-0.493140765193215
1.73875804849608,-2.6376505031631,-0.441717267697434,-0.124900610500955,-0.15043121844158,-0.0884902217752458,-0.0273105712708091,-0.13486684014039,-0.154421957713707,-0.0715780528297422
1.50831388142067,0.764826345545834,-1.21450475904947,-0.62477039896319,-0.752478086258398,-0.442640519859096,-0.136611313910635,-0.674622879611719,-0.772440324691061,-0.358043475080566
-0.67129410815778,-1.91623795049963,0.786680351854187,0.687697808772088,0.828268323735683,0.487223652218474,0.150370922479243,0.742571473978922,0.850241175924439,0.394105920617658
-0.111549778254846,2.40474150433061,-0.549135497628297,-0.3946020792206,-0.47526166076091,-0.279569694360596,-0.086283070714704,-0.426088674217514,-0.487869717743921,-0.226138594198162
-1.67594396515162,0.714903781493469,0.727945075318385,0.582347642284599,0.701383804563416,0.412584628764977,0.127335220582285,0.628815071944979,0.719990579956867,0.333731837959303
2.07504203171591,-1.59943059717677,-0.512915419636707,-0.751794240573217,-0.90546653994078,-0.5326350192433,-0.164386147560116,-0.811782370439881,-0.929487357680433,-0.430838309380674
-0.0395902907210828,-3.28453915772584,1.13859912211037,0.398318213922816,0.479737400862621,0.282202520434278,0.0870956348905693,0.430101331504085,0.492464193251625,0.228268236999512
1.83584761737693,-3.00946966662138,-0.611831052877449,0.0676513395309705,0.0814797733496351,0.0479299661905355,0.0147925356202494,0.0730494619458795,0.0836413228920709,0.038769635596886
0.0832847530653398,3.0320054047297,-0.485010189252742,-0.850043659780965,-1.02379886660692,-0.602243269035773,-0.185869211212301,-0.917871433263767,-1.05095888289911,-0.487143095164646
-1.90284183104453,2.50849462094612,0.261009885265414,0.455040424408893,0.548054050412185,0.322389361518268,0.0994984243237402,0.491349593328849,0.562593192253132,0.260774606363985
-1.44757294073373,2.50002728605635,0.0710877099155402,0.219761018715976,0.264681795219522,0.155697407768731,0.0480525991035277,0.237296471661603,0.271703449672251,0.125940663896513
0.993221522351601,1.93077645730131,-1.27780340988653,-0.582891287929243,-0.70203857539597,-0.412969793604994,-0.127454093284864,-0.62940209685987,-0.720662720984934,-0.334043390453057
0.595844718992313,-2.45320225356619,0.310847919665499,0.187747820666965,0.226124862876204,0.133016533882448,0.0410526435114983,0.202728835471981,0.232123653420037,0.107594537548447
-1.93843833531376,2.6252707588043,0.59362663294048,0.180593846829673,0.217508563910758,0.127948049998365,0.0394883668312705,0.195004022582654,0.223278775553096,0.103494737593791
1.3049790205475,-1.86700296521943,-0.233225317794306,-0.213630731654767,-0.257298432173372,-0.151354190714654,-0.046712160165526,-0.230677028875993,-0.264124215867532,-0.122427518449355
2.47417773111564,-2.6971502602134,-0.734789719581805,-0.498179023351011,-0.600010497820229,-0.352952416191505,-0.108931042596831,-0.537930362662739,-0.615927974805034,-0.285496478432468
1.14214190187243,0.506593965258027,-0.436740643668188,-0.822989764465207,-0.991214955130286,-0.583075987252491,-0.179953648964762,-0.888658818849066,-1.01751056377813,-0.471639046462284
1.46861411793335,-2.68715944834065,-0.186317435849547,-0.0760436053077296,-0.0915874802793285,-0.0538757614657037,-0.0166275752705799,-0.082111374152635,-0.0940171737842567,-0.0435790760049095
0.498945635926614,-3.45998270515253,0.336870359304167,0.634452936299254,0.764139805790659,0.449500453311614,0.138728482313081,0.685078018380207,0.784411414064237,0.363592344427057
2.09425025241537,0.314156881256498,-1.49915115867293,-0.728100411152871,-0.876929516663201,-0.515848294088781,-0.159205292042538,-0.786197932606225,-0.900193285296404,-0.417259847536602
-1.67209424649158,-0.555799173057916,1.11157082084525,0.764621725358918,0.920916057426037,0.541723101110575,0.167190985231125,0.825633402336824,0.945346730226379,0.438189485487668
-0.341553677429284,2.65703236761825,-0.051444776730923,-0.684640719360095,-0.824586342652592,-0.485057749914482,-0.149702464111165,-0.739270449369287,-0.846461516801778,-0.392353963549079
-0.681723851567282,3.11145915232874,-0.204320416412273,-0.449553350933483,-0.541445378562834,-0.318501851707158,-0.098298629457908,-0.485424688252095,-0.555809201167793,-0.257630073815038
0.671811116286905,2.36125171915141,-0.684888500185854,-0.937767774295522,-1.12945443850688,-0.664394497258718,-0.205050828275735,-1.01259534278862,-1.15941735598188,-0.537416038411127
0.863571610663156,-3.1815277345613,0.544344328359943,0.0558569291441282,0.0672744983059304,0.0395738021441479,0.0122135883743144,0.060313936844661,0.069059200877534,0.0320104938570736
0.00644819947186567,-2.73572119482299,0.590896834673601,0.577757309104462,0.695855173353599,0.409332446093464,0.12633150554062,0.623858461014787,0.714315281546459,0.331101209417488
-1.39725125219344,2.84845248072074,0.22884362444689,-0.0795033051416221,-0.0957543683302928,-0.0563269072555363,-0.017384067801002,-0.0858471347911128,-0.0982946038088872,-0.0455617610894113
-0.258077602954801,2.53750980677393,-0.612775835721204,-0.271004928403347,-0.326400338796396,-0.192002954352359,-0.0592575118905724,-0.292629301086983,-0.335059303763674,-0.155307528158374
-0.386653570054616,2.75335808631039,-0.455782364990095,-0.366936238016957,-0.441940717133949,-0.259968858032495,-0.0802337013406991,-0.396215284744108,-0.453664813994227,-0.210283851492653
-1.32342992510042,1.98720748731455,0.429941725481958,0.0295654569325649,0.0356088548511439,0.020946685771637,0.00646473636495694,0.0319245817759338,0.0365535102023544,0.0169433746541888
1.60257467297192,-2.62275622846468,-0.0639389313120343,-0.310224415304024,-0.373636578695138,-0.219789376531022,-0.0678331832816846,-0.334978239567001,-0.383548658006529,-0.177783435154126
-1.60831645352624,-0.766357063209545,0.77179540204603,1.05654206695045,1.27250707445441,0.748544314109707,0.231021828510897,1.14084702607529,1.30626498726463,0.605483220471893
-2.45457637709916,0.530242728218768,0.939380776571581,1.14948775321651,1.38445154596511,0.814394948127817,0.251345186250324,1.24120915369907,1.4211791960638,0.658748542516083
-1.78261807984803,3.39844667124784,0.246841029734594,0.0238769912190689,0.02875762470173,0.0169164925601772,0.00522090538873605,0.0257822147134422,0.0295205260692733,0.0136834282237614
-1.51666778197707,-0.831795764730952,0.822808963645853,0.963745191246638,1.16074183148477,0.682799110157986,0.21073100945523,1.04064558309694,1.19153476170029,0.552303178797787
-1.73123644973566,2.48865002411281,0.522607251269998,0.112186326992621,0.135118041411466,0.0794823413265166,0.0245304860132675,0.121138042222264,0.13870254255305,0.064291750120718
-1.4294727376867,2.22076173348862,0.45674352107074,0.00951632647007179,0.0114615339367761,0.00674217553016563,0.00208082499560876,0.0102756653919888,0.0117655931212603,0.00545361720881789
-2.07749950975741,1.48754006970554,0.78107873982338,0.586946260493095,0.706922414322624,0.415842681255652,0.128340747215234,0.633780628993134,0.72567612163425,0.336367214485897
-0.260233101215512,-2.94723412997996,0.598813614373612,0.879088974211707,1.05878125798443,0.622821441593931,0.192220214034963,0.949234368660534,1.08686931038874,0.503788386508232
0.134377571641128,-2.81689477020809,0.450443678594025,0.609846972089905,0.734504200631515,0.432067494248036,0.133348180835522,0.658508663529078,0.753989615888863,0.349491156298036
1.81951767345439,-1.96200567027369,-0.42830224653901,-0.462200363265138,-0.556677533690547,-0.327462071529413,-0.101064005305641,-0.499080847205569,-0.571445445023212,-0.264877824752226
-2.56288326410417,1.48607600021123,1.17497954785983,0.692120713189507,0.833595302506198,0.490357214105949,0.151338027810686,0.747347296455912,0.855709472325706,0.396640599069437
-0.51783831092877,2.94446437612854,-0.174188374403123,-0.548627053025369,-0.660770477626993,-0.388694093642905,-0.119961929510574,-0.592403806196765,-0.678299835710021,-0.314407239706608
-0.0635475471386492,2.68443054329543,-0.595094685499802,-0.506337151337456,-0.60983620746473,-0.358732328330412,-0.110714886045767,-0.546739454456444,-0.626014347400756,-0.290171739135065
-0.852798290273166,-1.34390975084945,0.673836627394416,0.711551819621947,0.856998270710886,0.504123863529427,0.155586803016551,0.768328874644073,0.879733290014074,0.407776179249415
-0.511488999904935,-1.72935506288831,0.790849034562187,0.477182151709847,0.57472171042541,0.338076445444358,0.104339899630275,0.515258081720961,0.589968309662587,0.27346358938923
-0.886766534787821,-1.9498242070677,0.913013139329884,0.784918191400316,0.945361271139724,0.556102844924905,0.171628978609587,0.847549390017279,0.970440442804819,0.449820986028309
1.43632454664307,-2.66597812619283,-0.469893236777818,0.165053488925607,0.198791641990596,0.116937937943012,0.036090336586177,0.1782236485175,0.204065318697341,0.0945888679219865
0.473120775960404,2.14869715188415,-0.78768126189022,-0.607268282568413,-0.73139840791245,-0.43024053113928,-0.132784328635924,-0.655724211907329,-0.750801430637826,-0.3480133606807
-1.75605793960878,1.7031349766687,0.287743865962563,0.617073932990314,0.743208405755236,0.43718768837898,0.134928416752307,0.666312287358834,0.762924731947027,0.35363278368523
-0.857171802072777,2.89382368024206,-0.246783393074612,-0.184045453586777,-0.221665704600221,-0.130393461963863,-0.0402430897422363,-0.198731044371185,-0.227546199631746,-0.105472784697137
-0.0672501271802802,-3.07705038857354,0.770621336879737,0.630291380157008,0.759127596814415,0.446552052783542,0.137818522984905,0.680584398015018,0.779266237879399,0.361207439467755
1.33055957731921,-0.28551807784674,-0.254471221878729,-0.823031132809398,-0.991264779469787,-0.583105296108046,-0.179962694501912,-0.888703488109212,-1.0175617098908,-0.471662753836604
2.20439809984219,-0.499108583564002,-1.01239669492706,-0.891613016781731,-1.07386530742236,-0.63169453917207,-0.194958701507806,-0.962757745691506,-1.10235351950827,-0.51096566592363
-0.109236243666019,2.63462256621017,-0.523763617904657,-0.504243209781584,-0.607314248778284,-0.357248801933541,-0.110257028074784,-0.54447843043145,-0.623425484519311,-0.288971742924419
-1.03877064958148,-2.3681682956214,1.50510713808314,0.610995835213426,0.735887899868858,0.43288144665533,0.133599389441224,0.659749198211828,0.755410022818561,0.350149546877712
-1.55298139623928,-0.751082217618689,0.503627052578671,1.21335857661963,1.46137803774815,0.859646474963757,0.265311080153322,1.31017643972748,1.50014644491179,0.695351639598562
-0.216209369952743,-2.22400424800076,0.758596340127437,0.44038503388609,0.530402989746909,0.312006235668328,0.0962938996559326,0.475524801096798,0.544473872527526,0.252375893876718
-0.83554321510891,-2.37179227736885,0.664251868622354,1.09712038900971,1.32137990546146,0.777293450754353,0.239894620663029,1.18466322563094,1.35643434919165,0.628737848839607
-2.16957410912711,2.61402018807467,0.928545620573989,0.119492299975208,0.143917409270948,0.084658514340564,0.0261279985878119,0.129026982767555,0.147735345887233,0.0684786577589019
-0.194850473925215,-2.94391676989639,0.573640416753706,0.841923833014881,1.01401928723531,0.596490492740881,0.184093742648037,0.909103698870501,1.0409198643508,0.482489784128775
1.71448982436466,1.45057054599497,-1.0766907629916,-1.16981852475743,-1.40893807747597,-0.828798996877469,-0.255790680815415,-1.26316218422743,-1.44631532254537,-0.670399702855396
-1.86602433138125,-0.431591623445002,1.12873765617023,0.868599615350715,1.04614779664424,0.615389887111,0.189926627305409,0.937908029429632,1.07390070019557,0.497777143811412
0.503837027309498,1.65188721652661,-0.764479331376727,-0.461697307607634,-0.55607164973851,-0.327105664090576,-0.100954007945882,-0.498537651086109,-0.570823487779296,-0.264589533571865
-0.513203163953348,-2.08805720090473,0.877193786571498,0.548178485407302,0.660230219472381,0.388376290168249,0.119863846419916,0.591919445896241,0.67774524522827,0.314150174536671
-1.75269759886394,-0.867385505311156,1.23494065229477,0.855727637769963,1.03064469170778,0.606270282761283,0.187112060909733,0.924008954511493,1.05798631859492,0.490400469769524
0.92026481627513,1.24624682583092,-0.565492280475058,-0.816308538400668,-0.983168037076474,-0.578342438122424,-0.178492742569828,-0.881444475828853,-1.00925017173781,-0.467810168842736
-1.34598015759212,0.235848423064924,0.461000918043682,0.693623331091902,0.835405066613857,0.491421796503849,0.151666587880581,0.748969813172376,0.857567247057573,0.397501719468842
1.39040785415729,0.846006242054824,-0.997917583858906,-0.724915988813107,-0.873094174860771,-0.513592178302465,-0.158508991256515,-0.782759414756601,-0.896256196999387,-0.4154349185026
2.02460848023995,-1.69827606359121,-0.682448182464112,-0.538587565398281,-0.648678844525966,-0.381581266227029,-0.117766710918269,-0.581563234902012,-0.665887427735398,-0.308653809256005
1.32325313547823,0.998759497750677,-0.913853752754062,-0.79192650265564,-0.953802133014839,-0.561068129039739,-0.173161404938481,-0.855116917429153,-0.979105229469779,-0.453837309657704
1.61929602763461,-2.20673362499738,-0.430980026742468,-0.196390513647838,-0.236534186181468,-0.139139753100876,-0.0429424411808544,-0.212061157291377,-0.242809122167323,-0.112547492800587
1.12634668676162,0.736334180753727,-0.651502413006218,-0.729411349015915,-0.878508419914738,-0.516777074034444,-0.159491939656162,-0.787613474503899,-0.901814074742031,-0.418011119922231
-1.33070541120117,-0.184097794612192,0.833364169173232,0.549927114119702,0.662336280817905,0.389615167559978,0.120246198827039,0.593807603432655,0.679907177567913,0.315152278832669
1.22734695243353,-2.23836113720648,-0.280613389166896,0.0313108707645878,0.0377110441709791,0.0221832854685145,0.00684638581138743,0.0338092679061147,0.038711467796641,0.0179436365662581
-1.82326782260114,-0.662811030000079,1.20790949837394,0.858690596410882,1.03421330099445,0.608369494816326,0.18775993679129,0.927208337346891,1.06164959831886,0.492098482367553
0.151983241927919,2.41916903803326,-0.26704467891657,-0.844723515287619,-1.01739124525735,-0.598474025921553,-0.184705916775438,-0.912126776980422,-1.04438127591475,-0.484094226291394
-1.90937622518357,0.373272623033763,0.81675841359307,0.841874318420564,1.01395965149195,0.596455412388474,0.184082915864633,0.909050233344196,1.04085864655083,0.482461408300718
1.64065458719873,-2.46545429613629,-0.30248633394357,-0.216168253878271,-0.260354642694467,-0.153151987406094,-0.0472670107884196,-0.233417028325934,-0.267261503571121,-0.123881721907946
-0.217812513022151,-1.89297235901094,0.371074941088468,0.618285050565125,0.744667084713842,0.438045747137548,0.135193237818525,0.667620043979864,0.764422107709833,0.354326851051315
0.222562967423182,-2.38560682902456,0.386785611489607,0.419867573677451,0.505691609024805,0.297469920778872,0.0918075840400474,0.45337018539919,0.519106931885495,0.240617745979315
-2.16054432058716,-0.0628325834456507,1.1015161676094,0.999357757770867,1.20363386982297,0.708030082985702,0.218517997303371,1.07909979318565,1.2355646685184,0.572712031547586
1.85756457006947,-1.97500498728446,-0.521426003409121,-0.416759358597675,-0.501948051809562,-0.295267796700924,-0.0911279466137709,-0.450013955636943,-0.515264063098152,-0.238836489808556
1.33885155816257,-2.58148422946349,0.161605187550465,-0.278166563064576,-0.335025864514814,-0.197076865816071,-0.0608234636745269,-0.300362386082531,-0.343913653157017,-0.159411718378684
0.870328157599534,-2.2428258099161,0.135874423839812,0.0108471097135614,0.0130643391112012,0.00768501563221845,0.0023718119689434,0.0117126361981471,0.01341091857586,0.00621626258681392
0.266834270660294,-1.84673785874746,0.188121944103987,0.331681058933117,0.399479118870444,0.23499108888195,0.0725248592688106,0.35814697921261,0.410076766251,0.190079810368564
1.98639633064469,-0.319195296922977,-0.953447384185878,-0.821127983486608,-0.988972612359032,-0.581756943165898,-0.179546554860876,-0.886648480255763,-1.01520873464859,-0.47057209685564
-2.2279930914468,2.09173612001815,0.570046425152241,0.64904000917002,0.781708584170879,0.459835177122879,0.141918068750423,0.700829041670543,0.80244626866568,0.371951905428298
-0.3179766757481,2.49310510753329,-0.170608092642732,-0.548869484542128,-0.661062463937617,-0.388865852760793,-0.120014939205164,-0.592665582119915,-0.678599568027416,-0.314546172381514
2.01067105169041,0.28052747976303,-1.42276336158477,-0.70393153784923,-0.84782034702148,-0.498725007420133,-0.153920564175742,-0.760100545578717,-0.870311888269492,-0.403409147502193
0.815283482882451,2.77449053511393,-1.02925338658967,-0.948352667087135,-1.14220296161922,-0.671893736108235,-0.207365304304473,-1.02402483891602,-1.17250408038231,-0.543482029701293
-0.81208461845698,-2.45902462783416,0.968111704331122,0.872906832609258,1.05133544094555,0.618441486369914,0.190868436664439,0.942558933689651,1.0792259657703,0.500245524256028
-2.11109330774017,0.0395337433186672,1.37351079178609,0.705521431850354,0.849735227107516,0.499851423633747,0.154268207900272,0.76181730244027,0.872277567566223,0.404320284095919
-0.722863290038305,-1.83460434749119,0.52525673491378,0.904764533776425,1.08970509169508,0.641012193031997,0.197834391552573,0.976958665390881,1.11861351209822,0.518502538437398
1.40040175299445,-0.204329981079788,-0.380511626930631,-0.814868169675989,-0.981433246338546,-0.577321958339549,-0.178177793807338,-0.879889175356298,-1.00746935931902,-0.46698472220756
-0.701432332536347,-1.14876516797551,0.500322906603169,0.643991586941937,0.775628227125928,0.45625844518549,0.140814188677202,0.695377789263807,0.796204607870755,0.369058755174675
-0.264446746918943,-2.19584471396493,0.513766338924359,0.662075925973533,0.797409138718932,0.469070929969561,0.144768481838996,0.714905137060079,0.818563337952351,0.379422529774356
-1.49140825886844,-1.24222917796092,0.754996091302457,1.15212007391191,1.38762193246643,0.816259908124291,0.251920765358152,1.24405151590211,1.42443368868384,0.66025707309127
2.00252821717115,0.728790332833979,-1.1086265612628,-1.11392346601209,-1.34161765559653,-0.78919818047892,-0.243568755082403,-1.20280707529554,-1.37720897980326,-0.638367357683117
1.14934167189727,1.41757115803521,-1.03930673849363,-0.706010354360299,-0.850324088992174,-0.500197817948094,-0.15437511492819,-0.762345237681942,-0.872882051170052,-0.404600475850836
0.921896871211786,1.60796318036313,-1.14466930905163,-0.503018628838432,-0.605839354439338,-0.356381204579079,-0.109989263129595,-0.543156136155732,-0.621911463203786,-0.288269959970022
-1.20556524765729,-0.620409531968236,0.473013340200963,0.892030235081588,1.07436780822641,0.631990132121816,0.195049929805795,0.963208255208831,1.10286935098739,0.511204765423536
-0.767645968032671,-1.91421551887746,1.03067887537905,0.578040033008108,0.696195688112794,0.409532751767187,0.126393325505226,0.624163744386613,0.71466482970734,0.331263232857007
-2.06905290527139,2.66931287584925,0.388182765061717,0.435447112250291,0.524455720432027,0.308507791754339,0.0952141814686213,0.470192866487272,0.538368830102364,0.24954606931222
-2.02977301035153,3.20248829628642,0.569538302060423,0.0565247989865028,0.0680788856803862,0.04004697797757,0.0123596237448113,0.0610350982137276,0.0698849275744956,0.0323932367649677
1.48139835714049,0.349244019705016,-0.507027414796186,-0.996309177602302,-1.19996213733556,-0.705870209353909,-0.217851399553093,-1.0758079567999,-1.23179552987297,-0.570964950956978
1.679791905371,-0.370504153767635,-0.892787715645226,-0.588311972612201,-0.708567288093006,-0.41681026794571,-0.128639371681637,-0.635255315764532,-0.727364631708459,-0.337149876906998
-1.09800784811753,-1.27798792262472,0.675534418720256,0.893488598723793,1.07612427217601,0.63302336103567,0.195368813308681,0.96478298647244,1.1046724115792,0.512040524587626
-2.14604531065709,2.26861101067796,0.97331686366632,0.196458763176558,0.236616386418297,0.139188106875195,0.0429573645155828,0.21213485267399,0.242893503066629,0.112586605246496
1.76523142296235,-1.33796339942237,-0.932381958690915,-0.260328178471637,-0.313541182265605,-0.184438636087569,-0.0569229505238899,-0.281100618236807,-0.321859010987989,-0.149188895370298
-1.39696679151954,-0.756522562819958,0.81114914371256,0.842343830254303,1.01452513501471,0.596788054527908,0.184185578584585,0.9095572090681,1.04143913159606,0.482730476183611
-1.73872663186634,2.20899421119897,0.209081519103241,0.47056719214996,0.566754604239584,0.333389845145601,0.102893482965143,0.508115292827294,0.581789846792488,0.269672687783985
-1.5561845892048,0.783504247317641,0.398829292174947,0.711679589803773,0.85715215806224,0.504214386799735,0.155614741043779,0.768466840028052,0.879891259791289,0.407849401796431
-0.751441299846021,2.9549723036123,-0.440377677182174,-0.145910782782174,-0.175736025225587,-0.103375615827718,-0.031904622534424,-0.157553483023945,-0.180398067218338,-0.0836185642049491
0.109762129696039,2.49578618749665,-0.60996909726437,-0.569957631285488,-0.686461183740145,-0.403806490558033,-0.124626040242171,-0.61543642130386,-0.704672081937496,-0.32663136936833
-1.59947009596833,2.80175569324069,0.11238145588404,0.201312110801395,0.242461794169281,0.142626631362398,0.0440185898825246,0.217375464834646,0.248893981676674,0.115367962129368
1.53153642828728,-3.21569726784802,0.162329926360012,-0.200208791369523,-0.241132948090778,-0.141844945982129,-0.043777339788888,-0.216184107924177,-0.247529883086844,-0.114735671732501
-1.57618327237777,-0.56781427163658,1.10497375216267,0.692837306760476,0.834458373099495,0.490864909975196,0.151494717035131,0.748121069379791,0.856595439028913,0.397051264575991
1.3072598775937,2.05468379199742,-1.24557243504201,-0.922401384279559,-1.11094704479697,-0.65350763886032,-0.201690837575747,-0.996002818080334,-1.14041898583989,-0.528609866271908
-0.408355819000985,2.33497005198017,-0.0654379534400582,-0.493854013747998,-0.594801424287736,-0.349888211321604,-0.107985342791712,-0.53326024634869,-0.610580711510251,-0.283017901549521
1.0764946210064,2.2146419905891,-1.04944278953007,-0.94070910156822,-1.1329969948138,-0.66647838381164,-0.2056939742763,-1.01577136821794,-1.1630538915753,-0.539101654502756
0.0211709350020316,1.77248041223066,-0.0929023085768129,-0.62259759768813,-0.749861148343302,-0.441101122526029,-0.136136212597344,-0.672276703391722,-0.769753962908907,-0.356798285935125
1.14882258926953,0.919815644865393,-0.953293045039897,-0.582640361019189,-0.701736357170872,-0.41279201562752,-0.127399226000923,-0.629131147668113,-0.720352485314042,-0.333899589237417
-1.27779692174239,1.39599748712845,0.359378884518329,0.271843891181309,0.327410791767041,0.192597346981709,0.0594409581735744,0.2935352074585,0.336096562701819,0.155788321020814
2.04448233862398,-1.27631722533093,-1.09333383126244,-0.395417706313012,-0.476244008059401,-0.280147554004387,-0.0864614144533644,-0.426969382872541,-0.488878125403975,-0.226606013843877
1.60143727281175,-0.452940632667756,-0.858502589426341,-0.517013856640251,-0.622695310244126,-0.366296614976281,-0.113049437653961,-0.558268089116617,-0.639214584999094,-0.296290346347199
-1.86752704507889,2.9876809766857,0.0572044034296081,0.401292508650747,0.483319663416283,0.284309763938084,0.0877459895031028,0.433312954970082,0.49614148844548,0.22997274608328
1.38747088393981,1.89949958615899,-1.64080586782181,-0.622243395522801,-0.749434544637432,-0.440850175568785,-0.136058763308332,-0.67189423827312,-0.769316041976598,-0.356595299727126
0.761079259125152,-3.00859280792227,0.466351602652296,0.137895152966798,0.166081941431541,0.0976966615200813,0.0301519375117068,0.148898259798061,0.170487873477617,0.0790249663667363
0.0550024468997097,2.3119419957512,-0.459288359513899,-0.570985871936584,-0.687699604380165,-0.404534983740643,-0.124850873727553,-0.616546708651223,-0.705943356222755,-0.327220633610919
-0.968812656110899,-1.81928029779832,0.918144004840136,0.800774084574329,0.964458226071164,0.567336509018182,0.175096003301095,0.864670476947164,0.990044014439976,0.458907682680313
1.9735160633264,-0.507867494413038,-0.858523478404922,-0.812314315897204,-0.978357365971562,-0.575512590984499,-0.177619372152223,-0.877131541202679,-1.0043118799548,-0.465521159459835
0.166164404868731,-2.66482244545709,0.0364508273985094,0.848439883961268,1.02186726715599,0.60110701776051,0.18551853211113,0.916139686907776,1.04897604069507,0.486224003177114
1.79440301320821,-1.33503194668674,-0.730885913585269,-0.443805977963756,-0.534523200078626,-0.314429923582256,-0.0970419179135842,-0.479218713530063,-0.548703386535372,-0.254336368809039
-0.639419202194739,-2.21326516904271,0.789109233397895,0.772192487864037,0.930034339743546,0.547086873556512,0.168846396266677,0.833808260829698,0.95470690839314,0.442528138728668
-0.897531453413106,2.72460006683471,-0.178277210453319,-0.138645451436439,-0.166985606453916,-0.0982282368079034,-0.0303159965963449,-0.149708427045098,-0.171415511525878,-0.07945494747958
1.02506510618176,1.91812285425693,-1.23459163170742,-0.638915950289125,-0.76951509282669,-0.45266243223362,-0.139704357940623,-0.689897150904076,-0.789929300284771,-0.366150008876139
2.33264948309653,-1.75984727951843,-0.635448366459679,-0.813678490203508,-0.980000387588837,-0.576479088157097,-0.177917660362895,-0.878604567454144,-1.00599848874076,-0.46630294059104
0.0749098232874574,-2.97720081032994,0.319053069938582,0.824391901238571,0.992903699023473,0.584069380267437,0.180260237988841,0.890172836717432,1.0192441077909,0.472442583127443
0.0502558680307207,-2.13239062032125,0.332859503632622,0.511761865705109,0.616369773543795,0.3625756576427,0.111901045567065,0.552597024587568,0.632721240260053,0.293280534921065
-0.751926080318296,2.62614977499833,-0.33870871523428,-0.099358910446485,-0.119668606114445,-0.0703943078059572,-0.0217256632634146,-0.107287084009945,-0.122843254375684,-0.0569406131204597
1.19801570477733,-2.57729390083048,-0.384060883153208,0.266638052778867,0.321140841518212,0.188909088029967,0.0583026577269716,0.287913978124208,0.329660279048584,0.15280495869217
2.00228360876691,-1.46553010060787,-0.774015828316196,-0.536937889626349,-0.646691962833315,-0.380412495519424,-0.117405995405651,-0.579781926085952,-0.663847836725611,-0.307708412919816
1.68805737628008,-2.80935545927907,-0.288858491926863,-0.135720783935908,-0.163463115299735,-0.0961561534553653,-0.0296764933953892,-0.146550390725852,-0.167799573386886,-0.0777788787716464
-1.51904342241982,2.49018911027489,0.142126887187803,0.228728256459543,0.27548200263572,0.162050562116471,0.0500133612208281,0.246979234735473,0.282790172163773,0.131079609289746
1.37902998315292,0.769446014400258,-1.074352020349,-0.626223286173414,-0.754227954352843,-0.44366986880248,-0.136928999945508,-0.676191697460866,-0.774236614448495,-0.358876095810537
1.14484222926881,-2.88790865493818,-0.196710744666503,0.284025497221018,0.342082408116863,0.201227833379726,0.0621045690126731,0.306688823824514,0.351157397434364,0.162769356879359
-0.576758703840457,2.50778279420425,-0.0994179466917341,-0.390154212661856,-0.469904617402886,-0.276418447167878,-0.0853105072006555,-0.421285897788016,-0.482370559181799,-0.223589610440241
1.98719020123966,-0.625742221987741,-0.966618028856172,-0.694375997051064,-0.83631158305811,-0.491955049122726,-0.151831164636758,-0.749782536818692,-0.858497812172124,-0.397933057342789
2.0712984264457,0.257996521836484,-1.56324999976042,-0.637009030441175,-0.767218384467563,-0.451311407930569,-0.139287393842479,-0.687838071662889,-0.787571663320929,-0.365057191082285
-1.75480134300905,0.893956789457953,0.582877490729647,0.694405059571866,0.836346586172967,0.491975639485742,0.151837519401899,0.749813918333413,0.85853374387286,0.397949712494761
2.03003149137421,1.36092831006566,-1.5459945742925,-1.03683866951588,-1.24877615695423,-0.734584750567804,-0.226713514582282,-1.11957142989227,-1.28190452022405,-0.594191595740515
-2.14327757146046,1.83500045562592,0.644306013811685,0.617052276369595,0.743182322361175,0.43717234498584,0.134923681349643,0.66628890268527,0.762897956595365,0.353620372707127
0.430071315654543,-2.21905751261275,0.1466419759004,0.367607675592166,0.4427494015122,0.260444561551478,0.0803805168260527,0.396940298527121,0.454494951688755,0.210668638997193
-1.14611177543759,1.96419179318354,-0.0333951991946324,0.249925923818095,0.301012629876664,0.17706879363794,0.0546484098634944,0.269868333543946,0.308998092840402,0.14322757036033
1.10715329415988,1.46018101769073,-0.832075951241064,-0.848470061377785,-1.02190361305949,-0.60112839801053,-0.185525130657616,-0.9161722722794,-1.04901335080684,-0.48624129725362
-2.03659430307828,0.507317600624048,1.0178524143624,0.741560563025641,0.893141023064236,0.525384611161793,0.162148467704873,0.800732114173547,0.916834861306163,0.42497359255339
-0.999719979993173,-0.871080290232068,0.436737226876632,0.84118584917793,1.01313045404756,0.595967642186857,0.183932376261637,0.908306828881115,1.04000745160593,0.482066860286715
-0.743824713673255,-1.99916824303307,0.796490648271569,0.773371598003481,0.931454468710426,0.547922255523969,0.169104218637362,0.835081456037043,0.956164711484436,0.443203863270884
-1.79772068290557,2.90564936407129,0.336458547712311,0.15493194741636,0.186601182587427,0.109766976574062,0.0338771762209071,0.167294475992027,0.191551462690797,0.0887884140253922
-1.64754287291501,-0.588986402963689,0.97298112052282,0.864800736318176,1.04157239865952,0.612698437912005,0.189095970384268,0.933806025371051,1.06920392301435,0.495600081881977
-1.7754378394288,-1.11355887445717,0.868246329705981,1.25585425202155,1.51256014329245,0.889754027887013,0.274603117775159,1.35606298454181,1.55268634334472,0.71970506498819
-0.855025143972781,3.59619435003558,-0.57850375830092,-0.194850885612925,-0.234679846796658,-0.138048949575462,-0.0426057885335265,-0.210398677282453,-0.240905589635748,-0.111665162631189
0.457232855678125,2.55023435243193,-0.893529286859601,-0.664417397408021,-0.800229224220704,-0.470729827597741,-0.145280464304363,-0.717433442185105,-0.821458236555282,-0.380764380429569
-1.40560240016598,1.15471971694289,0.373559345216001,0.461592337147643,0.555945222540647,0.327031294083518,0.100931055270011,0.498424304688598,0.570693706636762,0.264529377091439
1.31146040540401,-1.67694090195002,-0.208562996262994,-0.311045720124959,-0.374625764291827,-0.220371258760886,-0.0680127685035443,-0.335865078995146,-0.384564085375697,-0.178254108593002
-2.08359853205879,0.586963818323149,0.981416314825871,0.779577934967813,0.93892942682199,0.552319352801419,0.170461286527705,0.841783016997143,0.963837970249297,0.446760591403199
1.31704906299927,1.0215180915656,-0.905685624366215,-0.801735264189289,-0.965615877903607,-0.568017490455763,-0.17530617332567,-0.865708352238223,-0.991232377229088,-0.459458515578427
-1.18955702343898,-0.783775673460068,0.499501720255332,0.920129545933224,1.10821082590124,0.651898075237705,0.20119408097204,0.993549702296103,1.13761017871203,0.527307920952967
2.23969402047799,0.302031866046671,-1.5471837890981,-0.809550235363576,-0.975028286947235,-0.573554281105593,-0.177014982645165,-0.874146905611477,-1.0008944849111,-0.463937119944991
-2.02160795470519,1.54708541169529,0.510842620554365,0.727991318450463,0.876798124606105,0.515771003534384,0.159181438003616,0.786080135039046,0.900058407583553,0.41719732868113
-1.67377336237032,2.29478506906019,0.261919978297027,0.341253964479417,0.411008797064812,0.241773349844711,0.0746180557563405,0.368483738311013,0.421912311405976,0.195565851919354
0.836991730763322,-3.05926272077461,0.518571775489237,0.0518891094224518,0.0624956269065488,0.0367626609837718,0.0113459911474959,0.0560295117648883,0.064153552403769,0.0297366153826776
1.43844871846661,-0.0987408648649127,-0.703872127145535,-0.634705867023119,-0.764444437423921,-0.44967965096132,-0.138783787747803,-0.685351131276655,-0.784724127167788,-0.363737293988492
-1.61519368812088,1.58857687728557,0.512225537367638,0.365564256686107,0.440288292678608,0.258996829699315,0.0799337060583053,0.394733828519986,0.451968552925472,0.209497596311136
-0.265808676436643,-2.65378421295848,0.800663370035172,0.613869285298395,0.739348704389183,0.434917243231978,0.134227693522556,0.662851930309827,0.758962637859704,0.351796263904639
-1.31640700740153,-0.923464406573095,0.809254776575981,0.83912794458665,1.01065189854763,0.594509647442522,0.183482398076717,0.906084717328392,1.03746314333955,0.4808875161429
0.877533130638333,-2.44967941141095,-0.252854615053902,0.387723648686175,0.466977228186008,0.27469642880156,0.0847790439001971,0.418661391135531,0.479365510239543,0.222196702623701
1.79400353032766,-1.56470025345916,-0.321290405196509,-0.675994204438749,-0.814172416173974,-0.478931822908168,-0.147811830742309,-0.729934000644244,-0.835771322765098,-0.387398818018958
-1.9634541356939,1.20735827356015,1.07684852767535,0.365774781772508,0.440541850648684,0.259145983586636,0.0799797391429588,0.394961152093981,0.45222883744978,0.209618244046131
1.95074551374164,-1.09940599765376,-0.773801932976972,-0.633184564504479,-0.762612169426356,-0.448601830791172,-0.138451142129073,-0.683708439037092,-0.782843251547878,-0.362865465807569
1.57228147278666,-1.71161473018573,-0.609023375514656,-0.206382592690647,-0.248568720033188,-0.146218992241081,-0.0451272934866011,-0.222850537115315,-0.255162916125831,-0.118273754335551
-1.61046984331689,-1.8546026181063,1.56042618585367,0.8575124713715,1.03279435848937,0.607534810777587,0.187502329821037,0.925936205843976,1.0601930131646,0.491423322366567
-2.33319466502261,-0.0171794325612457,1.65219020707603,0.698086786120675,0.840780884840401,0.494584087895347,0.152642559944996,0.753789421927089,0.863085678560396,0.400059636668537
-0.277302121049532,2.86331168398107,-0.671893950779268,-0.332920250141716,-0.40097160992108,-0.235869037391818,-0.0727958188716889,-0.359485049554806,-0.411608851095469,-0.190789966175165
0.227988465042774,-3.56004588545564,0.764420467194504,0.568705289991547,0.684952854629529,0.402919225408609,0.124352205262291,0.614084151587853,0.703123738870472,0.325913677509666
-1.79131193412101,0.256338932198715,1.04843815187609,0.605026049163607,0.728697845427107,0.428651942176686,0.132294045402223,0.653303063340076,0.748029225837285,0.34672838136425
-1.84540618260318,0.570276621180023,0.674144426945458,0.823736867395579,0.992114771421546,0.583605298548348,0.180117009317804,0.889465535574267,1.01843425099358,0.472067196275202
1.95608133191022,-0.247990620140923,-0.926857572059589,-0.843355536712695,-1.01574364175084,-0.597504833481313,-0.184406796729367,-0.910649642905258,-1.04268996368815,-0.483310265009594
1.54166564629568,-1.33254403112719,-0.253279148707925,-0.60336746902992,-0.726700239255345,-0.427476862861434,-0.131931382875853,-0.651512139654012,-0.745978625842283,-0.345777882115645
-1.40149636437926,3.10040960293299,-0.442477062235252,0.352771891029169,0.424881072931602,0.249933629211565,0.0771365474808187,0.380920718022351,0.43615260022027,0.202166546277536
0.699857376670208,1.52697155146355,-0.65038947854541,-0.669817185122371,-0.806732768454295,-0.47455549674752,-0.14646117340281,-0.723264096683448,-0.828134311129648,-0.383858891246905
-0.847873274402803,-1.80073407161689,0.688371874292597,0.870546717038748,1.04849290030856,0.616769379649122,0.190352377501579,0.9400104967518,1.0763080163274,0.498892989017708
1.80327139588461,-0.958208401311049,-0.62784741757389,-0.675895529602376,-0.814053571471731,-0.478861913256652,-0.147790254657608,-0.729827452218823,-0.835649325271662,-0.387342269435067
-0.50123303429332,2.9341634125803,-0.191597426262647,-0.545194361082375,-0.656636118079446,-0.386262082541412,-0.119211342483146,-0.588697208497442,-0.67405579712655,-0.312440032306594
-1.29790008979985,0.470880674155329,0.264150548572357,0.716873674645941,0.863407952236203,0.507894318529127,0.156750471475357,0.774075377946919,0.886313011827902,0.410826028393721
1.75080397964871,-1.1618345684712,-0.45836390709032,-0.686016703092094,-0.826243587629459,-0.486032613889249,-0.150003334552306,-0.740756227359282,-0.848162726274056,-0.393142512426998
0.319190359852912,2.06976196165412,-0.597843818777277,-0.594694572305673,-0.716254538338323,-0.4213322447408,-0.130034980903421,-0.64214720403543,-0.735255814433793,-0.340807617699601
-0.875252796815184,3.30332860624596,-0.375175231086447,-0.224746576101391,-0.270686437383321,-0.159229600901647,-0.0491427332490132,-0.242679843033549,-0.277867386971371,-0.128797787560582
0.0188823707495297,2.41668011235185,-0.518821302741115,-0.533747956329654,-0.642849983593626,-0.378152475302224,-0.116708489602444,-0.576337457542057,-0.65990393490899,-0.305880325666132
0.472716836914208,2.12321123210647,-0.791194343234655,-0.594439972553257,-0.715947896514739,-0.421151864609231,-0.129979310521539,-0.641872288933165,-0.734941037812256,-0.340661711651138
-1.6438418035673,-0.318421371744579,0.495661030796557,1.13151306433104,1.36280269781853,0.801660148838708,0.247414869017217,1.22180020539395,1.39895603289544,0.648447606231765
1.38012935249549,-0.526404104521627,-0.287692274145998,-0.747153440196143,-0.899877125665963,-0.529347081314616,-0.163371397440454,-0.806771265369475,-0.92374966371151,-0.428178759093208
1.05548063491878,-2.55481879600588,-0.110326874227945,0.165174293245841,0.198937139606764,0.117023526004159,0.0361167514690534,0.178354092210929,0.204214676170903,0.0946580984724305
2.1739864135708,-2.36194166861373,-0.69094173111223,-0.405352924260458,-0.4882100579876,-0.287186507905643,-0.0886338336013291,-0.437697364467699,-0.501161618651954,-0.23229968941732
1.65070116421932,1.03675676795979,-1.54168131115907,-0.593880865397914,-0.71527450372442,-0.420755745519228,-0.12985705702932,-0.64126856878289,-0.73424978081076,-0.340341298473475
-0.203267545001198,-2.08274631243523,0.768645607746289,0.367552156629236,0.442682534062901,0.260405227193362,0.0803683771368399,0.396880349523925,0.45442631033535,0.210636822185044
-0.0851514095752675,-2.25159049716843,0.35278366180549,0.65683674484876,0.791099030248889,0.465359048195787,0.14362289072511,0.709247904478211,0.812085830733939,0.376420059395473
2.54801944742005,-0.899711594449388,-1.57266949773157,-0.592556234328831,-0.713679108274321,-0.419817264141087,-0.129567415280776,-0.639838241053326,-0.732612061650575,-0.339582178784128
1.85048364481095,-2.6172150795837,0.0550846827135541,-0.616158759663891,-0.742106164236744,-0.436539301711427,-0.134728306390506,-0.665324089349069,-0.761793249433476,-0.353108316074989
-1.8406533950826,-0.903474731597052,1.11231445181289,1.04017508521193,1.25279456067837,0.73694855138266,0.227443049996806,1.12317406914693,1.28602952683102,0.596103629140482
1.89368094414833,0.316279981059496,-1.14203485410104,-0.837653501275963,-1.00887606812646,-0.593465026323102,-0.183159998618781,-0.904492623346777,-1.03564020250955,-0.480042542040984
0.184431922573742,1.9938257628696,-0.135553599123525,-0.812608129616615,-0.978711237386829,-0.575720753627475,-0.177683616998522,-0.877448799283066,-1.004675139106,-0.465689538251946
-1.03132780960707,1.8178000190434,-0.00307470632835859,0.184573877658823,0.222302142458234,0.130767842546465,0.0403586341196652,0.199301633134243,0.228199521335948,0.10577561401073
-1.71017769483815,0.367871724183115,0.95762692631096,0.564447967000114,0.679825303352302,0.39990297549462,0.123421305705323,0.609487122822271,0.697860160507486,0.323473890476025
-0.199893812233996,-2.85128795754738,0.467835229604843,0.89355266806218,1.07620143776071,0.633068753207415,0.195382822609559,0.964852168113615,1.10475162426378,0.512077241449693
-1.98060177943236,1.69125032915676,0.633217466547274,0.542357729126359,0.65321965758576,0.384252371060612,0.118591088996048,0.585634232367744,0.670548702499835,0.310814415016239
1.03358472056182,1.3724919464254,-0.515253468393751,-1.00016251810458,-1.20460312911697,-0.708600243692846,-0.218693964933646,-1.07996876798763,-1.23655964096668,-0.573173223670271
-0.80305661489056,2.03538656797426,-0.0460804413552964,-0.058988400276735,-0.0710460652830915,-0.0417924027890585,-0.0128983109325671,-0.063695278336521,-0.0729308224883619,-0.0338050776086304
1.25634905475128,1.69291982380664,-0.992328312949856,-0.938919405343013,-1.13084147145232,-0.665210410698909,-0.205302642111344,-1.01383886625708,-1.16084118505849,-0.538076015232914
1.80157718618246,-2.40554938224422,-0.426541268643457,-0.27885311399904,-0.335852751534657,-0.197563276924929,-0.0609735838232718,-0.301103719169337,-0.344762476384901,-0.159805167048473
-1.41904829844527,0.274563104687829,0.691628903160609,0.560607435652608,0.675199739011573,0.397182016251006,0.122581541154428,0.605340142873808,0.693111886123845,0.321272958434272
-0.486771348633801,2.09729909816759,-0.0642686445750135,-0.337296011305963,-0.406241809009034,-0.238969198986758,-0.0737526159334557,-0.364209967063728,-0.417018861525045,-0.193297627767279
-1.81514699300788,0.679053155640928,0.6069612913434,0.808984851843599,0.974347334856963,0.573153715304752,0.176891356772916,0.873536408284835,1.00019546807152,0.463613109907732
-1.61352871075356,1.04556642925493,0.465866633769738,0.607877183180463,0.732131772310056,0.430671928151539,0.13291746988716,0.656381698697646,0.751554250213237,0.348362309496904
2.21793255122238,-1.24219613078536,-0.905572053570686,-0.702724344933836,-0.846366394951683,-0.497869729224292,-0.153656601269385,-0.75879702677856,-0.868819364793541,-0.402717329280271
-1.78134008311642,2.37653984648851,0.209657412947226,0.442325219073633,0.532739763126908,0.313380827968895,0.0967181375009713,0.477619800028201,0.546872637383725,0.253487775374305
1.65974606746661,-3.17337056951889,0.043838939277927,-0.232718671689009,-0.280288088231689,-0.164877711857489,-0.0508858991458818,-0.25128805829276,-0.287723756790407,-0.13336643679973
1.59387769672381,-0.315356484145951,-0.869936380402256,-0.554216217203119,-0.667502108272807,-0.39265393319568,-0.121184047368993,-0.598438948128064,-0.685210047524438,-0.317610278404214
-0.832535268250338,3.59396899536575,-0.656682744230148,-0.15198748715557,-0.1830548528865,-0.107680870345753,-0.0332333451660881,-0.164115067583221,-0.187911053600259,-0.0871010024806722
-0.750113929629865,-2.63822956517362,1.27724343947489,0.646973542280012,0.779219716175067,0.458371116117456,0.141466218346714,0.698597684605174,0.799891374326687,0.370767654401576
0.280887022514539,1.71142837649829,-0.281765704881718,-0.672373689662488,-0.809811841417821,-0.476366742127483,-0.147020174669232,-0.726024593111347,-0.831295067785725,-0.385323973093167
0.438600927517038,2.50467032261648,-0.879907381502843,-0.641820507777407,-0.773013363333481,-0.454720267942078,-0.140339463917894,-0.693033472567192,-0.793520375234953,-0.367814552936487
-2.01364327631725,0.61201025060667,1.22795469702651,0.517759439197712,0.623593295387015,0.366824849110581,0.11321246556465,0.559073164153362,0.640136392488252,0.296717624864676
0.387076168620231,3.06804088708483,-0.712666969989285,-0.94404985581065,-1.13702062391526,-0.668845258421968,-0.206424458350558,-1.01937869220583,-1.16718426218188,-0.541016174237262
-1.51924525540542,1.39034101421634,0.683855386850481,0.225537054992389,0.271638496002156,0.159789643419394,0.0493155781214608,0.243533396829635,0.278844702433559,0.129250795272824
0.137498075808606,2.2681987825369,-0.898642154465431,-0.280850652067937,-0.338258601148862,-0.198978502887494,-0.0614103623592451,-0.303260647356732,-0.347232149975523,-0.160949916340342
-0.716292148728872,-1.43807724340867,0.242646599150863,0.968655693692509,1.16665607692465,0.686278127984402,0.211804732205547,1.04594791064938,1.19760590417116,0.555117289970513
-1.20405561070902,-1.69250654680612,0.840137181459386,1.01331212329031,1.22044061079284,0.717916543064602,0.221569236945267,1.09416762332853,1.25281726987496,0.580709000564388
1.04446314673218,1.71181500478269,-0.774562795354555,-0.93629592496266,-1.12768173229178,-0.663351713933943,-0.204728996012915,-1.01100604976684,-1.15759762223896,-0.536572550866251
-1.35242213672145,-1.5929984721895,1.39397349596986,0.668347420089526,0.804962572585541,0.473514190118254,0.146139796889758,0.72167705427482,0.826317154329207,0.383016598172865
2.32798325620271,-0.569990432976148,-1.34993279314951,-0.705654510110999,-0.849895507548233,-0.499945707598819,-0.154297306583677,-0.761960999452099,-0.872442100032922,-0.404396548597211
2.02503804005849,-0.608987769134334,-0.915139660826084,-0.773205381329541,-0.931254276119806,-0.547804493486772,-0.169067873960568,-0.834901976389161,-0.955959208051813,-0.443108607804791
1.12070206962345,1.30161817010834,-0.789816301207828,-0.832447539278045,-1.00260596901833,-0.589776679805807,-0.182021671146986,-0.898871260554922,-1.02920376604797,-0.477059108882234
-1.59777906495553,-0.15397989800727,0.973538137500083,0.655849944927975,0.789910521130748,0.464659915153219,0.143407118604714,0.70818236455304,0.81086579205656,0.375854544010248
1.94105815807806,-0.0553408122804953,-1.01400734261208,-0.836047275523612,-1.00694151795854,-0.592327039307053,-0.182808783819185,-0.902758231569966,-1.03365433130993,-0.479122046045831
-0.161830514955822,2.73766921629054,-0.524806185683842,-0.498090615424447,-0.599904018660042,-0.352889780492632,-0.1089117114585,-0.537834900377556,-0.615818670894968,-0.285445813610152
1.42927743218761,1.02469702031964,-0.773741969959236,-1.00152788694428,-1.2062475894391,-0.709567587174563,-0.218992514339115,-1.08144308408824,-1.23824772662441,-0.573955689364782
-1.38591691032375,2.64224252751798,0.165232626245189,0.0393922374464849,0.0474443019329311,0.0279088133667363,0.00861344475406411,0.042535473358849,0.0487029358848721,0.0225749068937071
-2.26461606151996,0.285261603831725,1.15794091960251,0.910705054386612,1.09685989862504,0.645220963382657,0.199133336456521,0.983373199637522,1.12595812649829,0.521906932510146
-0.664517811882619,2.19010043748098,-0.092984587837223,-0.199197992408734,-0.239915534351477,-0.141128809977256,-0.0435563200761073,-0.215092653996834,-0.246280172987318,-0.114156402975323
0.908829038611472,-3.24880224933909,0.218306690371173,0.298032247760061,0.358952241991529,0.211151407464586,0.065167263080658,0.321813218959644,0.368474765466204,0.170796346707795
1.55011433845785,0.90389223887082,-1.00115785900906,-0.880266144366698,-1.0601990504197,-0.623655449111305,-0.192477612211696,-0.9505054690857,-1.08832471496336,-0.504462999283987
-0.754608656213312,1.97746533733404,0.134237759034772,-0.219041965622382,-0.263815762358996,-0.155187969364346,-0.0478953720837291,-0.236520042961717,-0.270814442116823,-0.125528588886517
2.22134239719088,-0.980341172444224,-1.00830038300693,-0.725346890257733,-0.873613155745519,-0.513897465556428,-0.158603211489443,-0.783224699241725,-0.896788945753728,-0.415681859540311
-2.03753903442454,1.3719561094893,0.724309718464759,0.641529536302927,0.772662915139016,0.454514118987291,0.140275840552406,0.692719283523787,0.793160630118034,0.367647802978351
-0.0345562745609884,-2.63460818770202,0.406532286187462,0.718144111310346,0.864938075544751,0.508794403978939,0.157028263160515,0.775447186922389,0.887883727263815,0.411554090348878
-1.40279191987204,1.5765151556449,0.510431829027832,0.191013002043188,0.230057471459045,0.135329866242951,0.0417666029415588,0.206254556386637,0.236160588855216,0.109465747978153
0.78451870523798,-2.20903781252363,-0.293508272108389,0.406637614019531,0.489757347828711,0.288096691460686,0.0889147418457749,0.439084563839039,0.502749956025607,0.23303591953722
-0.744886718559404,-2.13954476908896,0.942730411860284,0.713559122735128,0.859415881416601,0.505546007880388,0.156025716761766,0.770496347060684,0.882215036702253,0.408926524693719
-0.0332438318734517,-2.63493326822956,0.659064774730945,0.519685890160021,0.625913527164633,0.368189710917182,0.113633700305576,0.561153332960624,0.642518176915455,0.297821635551262
-1.6597754396404,3.06565503917305,-0.182866411293259,0.38261248192422,0.46082130116071,0.271075243296689,0.0836614442057721,0.413142387602637,0.473046274693642,0.219267594727098
-0.708796969331246,-2.75886177314689,1.39597627181937,0.565099608832129,0.680610145591137,0.400364654024466,0.123563792684569,0.61019076129477,0.698665823562488,0.323847333434318
-0.716749618337809,2.20890256961795,-0.459441709711993,0.124569736197568,0.150032710985051,0.0882558022606487,0.0272382228154404,0.134509564290396,0.154012878386702,0.0713884353549124
-2.11817059272743,2.62145624269977,0.252449903570301,0.601623222944156,0.724599456377735,0.426241090495384,0.131549988766985,0.649628714448397,0.743822112001255,0.344778289415704
1.45186725839898,-0.632681132049117,-0.552175626779085,-0.560718839676787,-0.675333914841695,-0.397260944342444,-0.122605900583337,-0.605460436190708,-0.693249621459501,-0.321336801862228
-1.40971585372642,-0.560050767706988,1.06960949465772,0.576010142460642,0.69375087293428,0.408094604555541,0.125949472827116,0.621971882210203,0.71215515684804,0.33009994300388
1.89593242132282,0.0690212793013563,-1.00611772234017,-0.851372550351624,-1.0253993922322,-0.603184768207322,-0.186159784336768,-0.919306360374518,-1.05260186833117,-0.487904655889531
-1.8916391087926,1.42914658058218,0.58569158564901,0.604040222497675,0.727510508504305,0.427953498670682,0.132078486092203,0.652238574328957,0.746810390452021,0.346163423732001
-1.84408962042142,2.16577525751393,0.435886645277014,0.399300294497042,0.480920225964886,0.282898309890118,0.0873103750860618,0.431161775510548,0.49367839712378,0.228831047821198
2.03942834420121,-1.31054978169453,-0.741722756745781,-0.652982249281433,-0.786456647298597,-0.462628195510468,-0.142780072779847,-0.705085846058996,-0.80732029156549,-0.374211124737399
1.88106866179129,-0.944106182636207,-1.15859195324849,-0.332405716412773,-0.400351901694966,-0.235504497910366,-0.0726833117348609,-0.358929459490915,-0.410972702837951,-0.190495097140616
-0.87371317785131,-2.9355682528094,1.45004355248841,0.730534546904822,0.879861207753818,0.517572843005374,0.159737536341984,0.788826296038731,0.903202750235363,0.418654802267001
1.40303263463383,1.90507347767013,-1.29364833433922,-0.90906052554857,-1.0948792159376,-0.644055839201034,-0.198773746364382,-0.981597448446099,-1.12392489894505,-0.520964485779283
1.99716993355293,-2.02518922182144,-0.541042551678965,-0.500923800287968,-0.60331632745005,-0.354897049759753,-0.109531211209768,-0.540894154359936,-0.619321503678851,-0.287069455440437
0.0157276841275864,2.52031311801747,-0.528650548680216,-0.562977226425898,-0.67805393253431,-0.398860977708827,-0.123099715881927,-0.607899027030624,-0.696041797587974,-0.322631038338651
1.27930397878818,-0.0859790981488265,-0.333838292282488,-0.793639656159128,-0.955865467756547,-0.562281872774463,-0.173536000392155,-0.856966769073306,-0.981223301725884,-0.454819083817865
2.19748221689038,-2.56374033880478,-0.963019360651422,-0.135471714990559,-0.163163134821061,-0.0959796918182058,-0.0296220323710915,-0.146281447751902,-0.167491634826841,-0.0776361423185826
1.70210565573999,-1.28419643081329,-0.68784297347486,-0.41842503126288,-0.503954200278706,-0.296447900969092,-0.0914921599819401,-0.451812537790893,-0.517323432006275,-0.239791053645746
1.73198823002104,-2.44852678379045,0.0389064530001685,-0.567229348432361,-0.683175219706798,-0.401873542802449,-0.124029478199693,-0.612490439807575,-0.70129894566789,-0.325067844791369
-1.88300833827791,-1.14684559619334,1.29738963134853,1.02445147100332,1.23385692351054,0.725808604965679,0.224004949216059,1.10619581615524,1.26658949944692,0.587092738929579
-1.6537136566564,0.987245648279964,0.742845296318011,0.447739761340316,0.539261077852383,0.31721695049919,0.0979020728066514,0.483466386393035,0.553566953877386,0.256590741731788
1.00073041175679,2.37615977025922,-1.57037997658875,-0.530671504117886,-0.639144681811373,-0.375972854743057,-0.116035797394986,-0.573015525111302,-0.656100336420171,-0.304117272162559
1.71559489159619,-0.43697013632365,-0.771766324262521,-0.687984316677851,-0.828613395974995,-0.487426638801323,-0.150433569847808,-0.742880843290813,-0.850595402469296,-0.394270112593442
-1.73958645394015,2.16420139467604,0.402235001998976,0.337377396754853,0.406339830245206,0.23902685936482,0.073770411547852,0.364297846524695,0.417119483133672,0.193344268147473
-1.23077654353749,-1.37548988469793,0.924182571209235,0.849180121542304,1.02275881476977,0.601631465058642,0.185680391297671,0.916938990474885,1.04989123987607,0.486648218595033
-0.984906809358538,-1.29618570018828,0.922552208876224,0.611140179234118,0.736061748874243,0.432983712243559,0.133630951478021,0.659905059915673,0.755588483805823,0.350232267561761
-1.56301806220061,-0.82611978302578,0.960652729198203,0.893192422728563,1.07576755561828,0.632813524755469,0.195304051930862,0.964463177622493,1.10430623180772,0.511870792022282
2.11014962763835,-1.44141437711834,-0.75964949947387,-0.649082698202995,-0.781759999157713,-0.459865421666763,-0.141927403067308,-0.700875137001566,-0.802499047623433,-0.371976369663063
2.21554840188709,-2.97527126982883,-0.658349252559656,-0.231823946187282,-0.279210474224394,-0.164243812169103,-0.0506902598733057,-0.250321939706735,-0.286617555123027,-0.13285368743066
1.73934352628791,-3.06548527277815,-0.601588798907611,0.16308339408457,0.196418845202863,0.115542155098538,0.035659558743294,0.176096353343187,0.201629574780523,0.0934598457975492
-2.0205768530033,0.782370798745375,0.794443419970395,0.797543152119058,0.960566867141857,0.565047441507935,0.174389532686284,0.86118173778727,0.986049422956536,0.457056099625233
-1.76109357302006,2.57246613493523,0.373642948134296,0.22202465492916,0.267408135405466,0.157301160302203,0.0485475622416852,0.239740730837558,0.274502116021354,0.127237908736268
0.931880650391548,-3.71798987681296,0.272650489295804,0.415213497110303,0.500086204808539,0.294172576867309,0.0907899309695213,0.448344744787931,0.513352823783334,0.237950587371676
2.51584770976706,-2.53577459705162,-0.76238390665219,-0.573685283910091,-0.69095079611271,-0.406447476908133,-0.125441122908851,-0.619461515565648,-0.709280797728869,-0.328767612861653
1.16263427867111,1.22073635596945,-1.0654735371545,-0.621641005410446,-0.748709021533779,-0.440423391148567,-0.135927045632731,-0.671243781476637,-0.768571271714193,-0.35625008194866
0.746338903098081,-2.79126403913783,0.00943332844734705,0.424672375575541,0.511478547943687,0.300874051341907,0.0928581944746449,0.458558378210233,0.525047390563428,0.243371282272841
0.0410286419591311,2.20161225430383,-0.783487632769062,-0.263444739062177,-0.317294790875696,-0.186646672835562,-0.0576044127664392,-0.284465859425512,-0.325712197820258,-0.150974934187099
-1.45588597254044,-0.333380240986771,0.757535962039083,0.772675647052288,0.930616260240958,0.5474291846433,0.168952043095727,0.834329972875322,0.955304266463991,0.442805027638683
-0.982501527334459,1.78887137055764,-0.0904789403799971,0.222465400666543,0.267938972829171,0.157613422090925,0.0486439350122011,0.240216645123868,0.275047035852792,0.127490491342136
-1.8338055116772,-1.49705000936748,1.54058205369924,0.92627006710308,1.11560651498348,0.65624854300529,0.202536757684161,1.00018019580348,1.14520206554611,0.530826931364006
0.834112606130405,2.62939862503171,-1.21820147874476,-0.76117412712144,-0.916763744627239,-0.539280529121514,-0.166437138816763,-0.821910708920858,-0.941084262115885,-0.436213735587102
0.389978647990525,-2.86143826741123,0.431208521068633,0.424621226709849,0.511416943871801,0.300837813132579,0.0928470103440286,0.458503148008676,0.524984152217809,0.2433419698764
-0.966986491871613,-1.43956549249973,0.443527128437316,1.02526160257803,1.2348326519669,0.726382571117051,0.224182091313452,1.10707059078717,1.26759111267579,0.587557009203528
0.93418765536052,1.98977755143226,-0.951618667223915,-0.8103091195699,-0.975942292694329,-0.574091939259945,-0.177180919073498,-0.874966343679305,-1.00183273800969,-0.464372021372566
1.8245103015823,-1.81077341674737,-0.508888425546909,-0.46121470341595,-0.555490397683064,-0.326763746210587,-0.100848482471509,-0.498016538322048,-0.570226815883283,-0.264312962719331
-0.27981424777398,3.37670282951893,-0.464699058785138,-0.688960843883906,-0.829789532559588,-0.488118493778547,-0.15064709575254,-0.743935290807631,-0.85180274038634,-0.394829740890408
-1.94700419402367,1.15873258141694,0.974724744600589,0.450225300828174,0.542254679982456,0.318977918196861,0.0984455569662346,0.486150255234244,0.556639972272975,0.258015154919672
1.66297690997511,0.431022105757656,-0.660814765081027,-1.06166199330517,-1.27867355159798,-0.752171705655556,-0.232141343564115,-1.14637548815761,-1.31259505280935,-0.608417348316689
0.231664752027564,-2.13804921905168,0.41454400843508,0.295835623093346,0.356306611007443,0.209595131613452,0.0646869525819751,0.319441318401385,0.365758949426269,0.169537504850973
-0.195497325948155,3.29917948597456,-1.03327374718052,-0.286423157935838,-0.344970168403168,-0.202926540275915,-0.0626288377378032,-0.309277801756964,-0.354121766143458,-0.164143408492276
0.782155733515379,-2.23364409008958,-0.307271267804928,0.428810071684419,0.51646201971939,0.303805547391804,0.0937629366054098,0.463026234671682,0.530163067188184,0.245742513522126
2.07672476564892,-0.827164201559249,-0.903840839273701,-0.742616515057644,-0.894412819496239,-0.526132737444933,-0.162379360517269,-0.801872324083849,-0.918140396798581,-0.425578737636583
-0.182452959257067,2.67865704730892,-0.520652214371138,-0.461259796583212,-0.555544708227003,-0.326795694047796,-0.10085834247262,-0.498065229621124,-0.570282567213402,-0.264338804715584
-1.93077853145413,1.64732715169413,0.582569727683184,0.556389385368607,0.670119488073447,0.394193590465149,0.121659228905969,0.600785520513879,0.687896862914769,0.318855677807254
-1.28340818189561,-0.535182337688658,0.98424328299798,0.525885949973618,0.633380925029457,0.372582360926853,0.114989395644001,0.567848115895531,0.65018367487033,0.301374766373483
1.64462100497645,-1.92288817219146,-0.1290260394436,-0.562485053152685,-0.677461155406345,-0.398512280277135,-0.122992098047221,-0.607367581636614,-0.695433294874663,-0.322348983636035
0.490371017982928,2.48788320200984,-1.01971311522148,-0.570095519635516,-0.686627257488066,-0.403904182399771,-0.124656190692163,-0.615585312217889,-0.7048425614001,-0.326710390436067
2.30770006123708,-0.650150860814983,-1.34485683371134,-0.661752520184127,-0.797019626395845,-0.468841801785855,-0.144697766437161,-0.71455592566131,-0.818163492387661,-0.379237192356175
-1.66345595996846,-0.799403861045072,1.09812494749079,0.860870878040803,1.03683924830423,0.60991419186937,0.188236673747223,0.929562590803813,1.0643452085029,0.493347958355414
-0.202967910118833,2.84214847836476,-0.754747219826406,-0.323238682568082,-0.389311058377858,-0.229009791001534,-0.0706788625159722,-0.349030957929275,-0.399638960696521,-0.185241652580213
-1.67256986346164,-0.131477529245637,0.875881983535792,0.787193432258415,0.948101588045774,0.557714819176414,0.172126479201171,0.850006179810854,0.973253456657742,0.451124881258991
0.634909041096162,-2.53790354078482,0.552414736315552,-0.00198946860971945,-0.00239613069792868,-0.00140950887095639,-0.000435014080706718,-0.00214821483958484,-0.00245969684448019,-0.00114012484549484
-1.37580934116592,-1.09283080146153,0.874766312647203,0.903112314498862,1.08771514658545,0.639841620288545,0.19747311988101,0.975174610114527,1.11657077640309,0.517555684468779
0.70367821554621,1.04439636449763,-0.31347614588178,-0.752126710393935,-0.905866969050174,-0.532870569158156,-0.164458844888797,-0.812141369118771,-0.929898409639188,-0.431028841214715
0.268142641318217,2.43691412179328,-0.699518007175367,-0.612079963118298,-0.737193631530395,-0.433649535124635,-0.133836443145717,-0.66091983224037,-0.756750393796821,-0.350770838992601
-0.0290138861868471,2.68447394562681,-0.561559522310987,-0.561933438927033,-0.676796787155928,-0.398121469816188,-0.122871482947236,-0.606771952301482,-0.694751301822057,-0.322032864507177
1.92369574073402,0.30649318354068,-1.06751529157548,-0.917699879118919,-1.10528451723215,-0.650176692496856,-0.200662813843479,-0.990926164392445,-1.13460623898305,-0.525915527281747
0.549382317591617,-3.27911051688322,0.0957267563181781,0.711028783676816,0.856368322352753,0.503753300354472,0.155472436798488,0.76776410394426,0.879086629967515,0.407476437764067
-1.50523846651589,2.87864944642163,0.112299720073591,0.0918895937699085,0.11067250590263,0.0651024082182068,0.0200924342133586,0.0992217660412223,0.113608499642666,0.0526600964637859
-1.47282827873898,-0.951011448990488,0.63434835740733,1.11939423580225,1.34820669116685,0.793074139371919,0.244764985010031,1.20871437576248,1.38397281368533,0.641502546914686
-0.321864776239818,-2.3808992026802,1.03492567346997,0.374075791687714,0.45053964834424,0.26502712544342,0.0817948249299668,0.403924526834485,0.462491863362668,0.214375387537005
1.25714990867072,-2.28379261924156,-0.121359154803848,-0.101193912520013,-0.121878696174506,-0.071694379437259,-0.0221269019339877,-0.109268506921452,-0.125111975172696,-0.057992216269835
-1.93398208730563,0.194305183502494,1.07715057491304,0.727560609892307,0.876279376035247,0.51546585293761,0.159087259946941,0.785615058831436,0.899525897306079,0.416950498182814
-1.45810125577301,2.56652974198684,0.549195405435967,-0.170553028057594,-0.205415327568863,-0.120834279486094,-0.0372928571728925,-0.184162013926481,-0.210864721805768,-0.0977405442904987
1.39602101049961,1.28167217774677,-0.991970937034596,-0.900800724480682,-1.08493105048234,-0.638203893198647,-0.196967671239188,-0.972678570742088,-1.11371282194949,-0.516230958258247
1.0456365630879,1.73883273776477,-0.945750434863887,-0.813757156153848,-0.980095133440856,-0.576534821810951,-0.177934861336011,-0.878689510418846,-1.00609574807367,-0.466348022480766
0.142300667999265,2.58702584232642,-0.875519067680404,-0.424834556311168,-0.511673879620373,-0.300988953976937,-0.0928936566595081,-0.458733499879038,-0.525247904128563,-0.243464224823051
-1.73964838685929,0.110452248588791,0.8822480522738,0.74680024191645,0.899451731047373,0.529096845595389,0.163294167659498,0.806389884239837,0.923312983941951,0.427976348192077
-1.6964381474766,2.23356877999401,0.352753508537362,0.312884425072849,0.376840314121137,0.221673953823507,0.0684148168388078,0.337850500245512,0.386837384253678,0.179307833785941
0.576353570219864,-2.85571223911523,0.32498348151919,0.347058506863405,0.417999830814101,0.245885781647908,0.0758872678749723,0.374751444182502,0.42908880794168,0.198892319578295
-1.60291119391936,1.58790802231414,0.297847824642277,0.523010242432158,0.62991740161185,0.370544964975913,0.114360597950779,0.564742946211179,0.646628268803192,0.299726755643192
1.44322753877102,1.48690409097358,-0.720467490181775,-1.23164872368271,-1.48340682605542,-0.872604771672011,-0.269310374975951,-1.32992601765353,-1.52275962754576,-0.70583335868299
-0.719652687743772,2.16255948208742,-0.125533734733396,-0.116353143328395,-0.140136585803673,-0.082434468623337,-0.0254415955270971,-0.125637342509087,-0.143854222223973,-0.0666796695921894
1.59085671375468,0.587519850880224,-0.952434190781145,-0.832118134142199,-1.00220923103805,-0.589543301174525,-0.181949643937484,-0.898515571102169,-1.02879650313905,-0.476870333358068
-0.785617411250583,-1.65916221083729,0.750783972588381,0.714727191731806,0.860822712349526,0.506373567362685,0.15628112489352,0.771757620116245,0.883659188980518,0.409595921776869
1.57894167252243,-0.601635996471035,-0.381782364766893,-0.813844940783415,-0.980200861897532,-0.576597015913186,-0.1779540561852,-0.878784299672117,-1.00620428136506,-0.466398330103984
-2.05782643467893,1.50587108969931,0.686909484065731,0.636853383452484,0.767030922083979,0.451201134357905,0.139253360316457,0.687670005090132,0.78737922781073,0.364967992892343
0.0784971576338947,2.50637283975847,-0.512673012884458,-0.62350462385004,-0.750953577356636,-0.4417437370489,-0.136334541512952,-0.673256104147978,-0.770875372604647,-0.357318084567612
1.36194100743842,1.35381420758809,-1.03605143784392,-0.864925448062622,-1.04172260240629,-0.612786794324994,-0.189123239658384,-0.933940688274894,-1.06935811146587,-0.495671551699431
1.63868530260046,1.04141903255838,-1.32543806861922,-0.754538095226073,-0.908771258764813,-0.534578999387004,-0.164986114507859,-0.814745166260902,-0.932879746280269,-0.43241075784599
2.02399640373268,0.43840908221997,-1.41846638253965,-0.778944188707269,-0.938166138141702,-0.551870353017352,-0.170322712566002,-0.841098702042497,-0.963054432539959,-0.446397404040576
0.902974008547503,-1.99675095985488,0.168098997792526,-0.136125385690851,-0.163950420643845,-0.0964428077710006,-0.0297649629794877,-0.146987276982737,-0.16829980629081,-0.0780107479808854
-1.77776304783827,2.16558709982933,0.411283867045816,0.362226088314587,0.436267778019177,0.256631787140002,0.0792037874065173,0.391129296738133,0.44784137938292,0.207584558487759
0.620203230452453,-2.95213955235746,0.390878840270478,0.295099152692675,0.35541960061354,0.209073353306485,0.0645259171211739,0.318646082610326,0.364848407831526,0.169115448329109
-0.141121480117424,-2.51041306348631,0.504867686679025,0.684388550513885,0.824282628630408,0.484879092043744,0.149647325267415,0.738998159143211,0.846149745652301,0.392209450604558
2.00994289123481,-0.769583669665616,-0.645131794577758,-0.910142653939568,-1.09618253936985,-0.644822511044548,-0.199010362858312,-0.982765923412993,-1.12526279780692,-0.521584632012586
0.937640784294482,-2.57976960519736,0.203822224238458,0.0292356544392775,0.0352116382906219,0.0207130256185283,0.00639262226990096,0.0315684632592854,0.0361457560171024,0.0167543714123854
0.594845268225583,2.7589192469715,-0.656278677318728,-1.04665481118561,-1.26059879053344,-0.741539340700291,-0.228859896698432,-1.1301708337227,-1.29404079247888,-0.599817031070271
-1.70295813650208,2.8165585481755,0.178752847497497,0.231732331892226,0.279100133290297,0.164178904805922,0.0506702276354766,0.250223015206395,0.286504286991347,0.132801185102408
1.83619550512331,-0.106249113879647,-0.462403317135096,-1.15877663763269,-1.39563914701113,-0.82097598435122,-0.253376279123743,-1.25123922868921,-1.43266358922063,-0.664071817212688
-1.20558831203486,-2.22049832484748,1.64238384013845,0.589041352489494,0.709445758608144,0.417327022722497,0.128798856739736,0.636042895256081,0.728266406872862,0.337567869991102
-0.238418124029277,2.60772958609523,-0.326242367044797,-0.538601262876927,-0.648695341870486,-0.381590970686585,-0.11776970598743,-0.581578025347434,-0.66590436273243,-0.308661659008269
-1.57259333029647,-0.672840870716334,0.885509763710304,0.901523930137557,1.08580208472077,0.638716273632252,0.19712580625195,0.973459483351909,1.1146069635627,0.516645413019573
-1.49244451154578,2.09719145140834,-0.162967835969826,0.594844074364344,0.716434599722773,0.421438164722093,0.1300676707887,0.642308635354033,0.735440652606238,0.340893294352508
-2.00303093509363,0.460896339130487,0.925247833114986,0.803177190937712,0.967352545136848,0.569039074075249,0.175621462763185,0.867265335054349,0.993015115924104,0.460284855085986
-1.9402009381058,1.33193763573518,0.660035649715456,0.624331986153026,0.75195005862948,0.442329910914553,0.13651545125432,0.674149484404548,0.771898289194512,0.357792229428833
1.35810895096935,-2.43550708367114,-0.106308573119668,-0.140819424737886,-0.169603955966256,-0.0997684645042047,-0.0307913541830842,-0.152055868811313,-0.174103322353065,-0.080700808290006
-0.934725340845916,-1.87468848015378,0.901569408196006,0.805927777735453,0.970665372205938,0.570987823843308,0.176222901751153,0.870235400200191,0.996415827869907,0.461861161609484
-2.17209091632021,-0.384285458056903,1.17420060538854,1.07516173174453,1.29493273635241,0.761736069221237,0.235093175162909,1.16095241503359,1.32928557201552,0.616153779606532
1.96557055306692,-0.24466579305975,-0.942262434037959,-0.840646923548341,-1.01248136803603,-0.595585821407187,-0.183814535630134,-0.90772490060677,-1.03934114620959,-0.481758012739602
1.19278146287159,1.38449583882905,-1.01411018256609,-0.750003102999757,-0.903309280608808,-0.531366024956805,-0.163994500232216,-0.809848312120867,-0.927272869140154,-0.429811844102848
-0.967660973463464,-1.40279458262409,0.529615983209143,0.944468407952145,1.13752473120805,0.669141796378643,0.206515978304264,1.01983064199639,1.16770174276773,0.54125603813525
-1.08207792831591,-1.89322682170115,0.729522234685193,1.07280689356198,1.29209655184048,0.760067701451194,0.234578269945411,1.15840967658381,1.3263741473172,0.614804268734168
-1.98475316877336,1.88134583918769,0.645052007678894,0.463999498772401,0.558844425793104,0.328736732232855,0.101457401449182,0.501023541639773,0.573669821878614,0.265908873486658
0.896003467641548,2.20751270123331,-1.24943838173934,-0.628164052055437,-0.756565427125566,-0.445044872516435,-0.13735336476429,-0.678287323422268,-0.776636097251372,-0.359988310092568
-0.537550433526197,2.91365013613876,-0.0461876948153584,-0.620185624684332,-0.746956150230368,-0.439392275586323,-0.135608814369591,-0.669672271145784,-0.766771899076671,-0.355416032234384
0.647830100983142,2.12146308690443,-0.818209723250372,-0.72151103552501,-0.868993223954201,-0.511179819624716,-0.157764469519789,-0.779082769070487,-0.892046453343509,-0.413483607573368
1.37055325635333,1.45942333504861,-0.872714038636454,-1.04031976464391,-1.25296881365559,-0.737051054604788,-0.227474685374108,-1.12333029302563,-1.28620840250694,-0.59618654204206
-1.33965857020861,3.03703090094948,-0.111510690750442,0.0656221727989051,0.0790358299397398,0.0464923317913181,0.014348841210477,0.0708583813404762,0.0811325449282461,0.0376067605479524
-1.97002184692568,1.48257603469853,0.637249750096084,0.609942809529284,0.734619627951848,0.432135393646053,0.133369136499454,0.658612148152286,0.75410810534181,0.349546078826208
1.80874346388573,-1.93495851803709,-0.758297392714504,-0.205337306287983,-0.247309769363992,-0.145478422397432,-0.0448987328039602,-0.221721843879921,-0.253870567177147,-0.117674721512156
1.30436790281413,-2.76769711490968,-0.0567548149293152,-0.006956513187505,-0.00837847589938955,-0.00492858595547083,-0.00152110024476001,-0.00751159620622172,-0.00860074567263649,-0.00398663918814251
1.67613712540519,-2.07509489228968,-0.705381942065111,-0.0804413058363615,-0.0968841032999039,-0.0569914667734594,-0.017589169559296,-0.0868599816398319,-0.0994543091380887,-0.0460993106098908
-2.27145311232071,0.12685421250496,1.33712661243687,0.836929397200725,1.00800395182631,0.592952009373471,0.183001667159271,0.903710740630845,1.03474495012897,0.479627572413984
2.10166289290177,0.562887312982779,-1.65694702684968,-0.706051161621358,-0.850373237559004,-0.500226729284609,-0.154384037779784,-0.762389301088292,-0.872932503582705,-0.404623861679586
2.23459910067633,-0.40247857745557,-1.29170959416172,-0.735800531785424,-0.886203598865491,-0.521303714840832,-0.16088898832301,-0.794512471136076,-0.909713396510764,-0.421672633344627
2.15402793790351,-1.13633155779153,-1.2789190510855,-0.396911645072647,-0.478043318943372,-0.281205987358945,-0.086788076755539,-0.42858252790896,-0.490725169602093,-0.227462160399388
1.54909403258484,-1.97807418816398,-0.269604437277734,-0.350267044235559,-0.421864216939779,-0.248158982575408,-0.0765888416160919,-0.378216001282097,-0.433055711069042,-0.200731068457177
1.34430736232909,0.822068531575319,-0.632293112360537,-0.962478215987222,-1.15921587711798,-0.681901477062041,-0.210453974635449,-1.03927751172332,-1.18996832580259,-0.551577100504905
-1.78046494934801,1.09224171850821,0.824317174192964,0.451666471882048,0.543990437051597,0.319998966418018,0.0987606811647666,0.487706422056473,0.558421776658454,0.258841061353733
1.49888731822361,-1.62722665476653,-0.109816331807592,-0.566586906406386,-0.682401457782354,-0.401418382198124,-0.123889002835582,-0.611796735223833,-0.700504656873218,-0.324699674058729
1.86373504065349,-0.84925062717863,-0.615085868772097,-0.778905977567098,-0.938120116362057,-0.551843280993809,-0.170314357378123,-0.841057441910041,-0.963007189863978,-0.446375505997012
0.0436125261911087,2.64401379114471,-0.651760996954517,-0.537681028577278,-0.647587004878436,-0.380938998394901,-0.117568489001175,-0.58058436253278,-0.66476662304055,-0.308134291055048
-0.110162162684295,2.19742357463034,-0.129497247322762,-0.644702223137514,-0.776484122612272,-0.456761920343025,-0.140969575271303,-0.696145129453759,-0.797083209121006,-0.369466006628016
-0.188854038951305,-2.01576432671918,0.724720254240438,0.364053437744919,0.438468651179211,0.257926436987608,0.0796033527621516,0.393102456376927,0.45010063876786,0.208631776059699
-0.115642381345677,2.05619559360519,-0.0193826282355843,-0.672185543014476,-0.809585236204342,-0.476233443030368,-0.14697903481876,-0.725821433624787,-0.831062451038643,-0.385216149995609
-2.18987698839275,-0.0847822449042872,1.44789293209818,0.761832276754836,0.917556424910158,0.539746818331686,0.166581048781635,0.822621374473569,0.94189797114781,0.436590908036781
-0.53088316286941,-2.41745651166174,0.480160466874554,0.999526540525878,1.2038371530206,0.708149663053108,0.218554903075421,1.07928204367063,1.2357733445477,0.572808757583643
0.596764475799745,-2.7355826306713,0.395877365288067,0.228371875335074,0.275052774575357,0.161798071399137,0.0499354354840335,0.246594416791428,0.282349557256352,0.130875374363652
0.0936180346395724,-2.36385527066834,0.415971305715945,0.498350847494514,0.600217444088635,0.353074151037347,0.108968613394111,0.538115897218583,0.616140411081492,0.285594947427709
2.24823475743187,-1.37361194087847,-1.03048932455978,-0.580593175704673,-0.699270712047097,-0.411341615331077,-0.12695159167622,-0.626920610718428,-0.717821429918858,-0.332726388097671
-1.64666390852596,-0.263869270398671,0.946472091387225,0.760558563183161,0.916022354870274,0.538844411241891,0.166302540573082,0.821246027115643,0.940323204279051,0.435860968151318
-0.940608971745712,-2.0598539243548,0.870799902233591,0.905739160709863,1.09087893957729,0.641702701694381,0.19804750194668,0.978011061006093,1.11981850059666,0.519061077725966
1.53109592285843,-0.414233334992568,-0.518955862492324,-0.737513527699271,-0.88826674380507,-0.522517346925643,-0.161263549318381,-0.796362152615994,-0.911831273929544,-0.422654317193303
2.35950186089512,-0.497130103078611,-0.890726391700452,-1.11936207629024,-1.3481679580129,-0.793051354836776,-0.24475795306166,-1.20867965013747,-1.38393305299254,-0.641484116938725
0.789205528080404,1.63821058536604,-0.877686958599253,-0.610540805639316,-0.735339858886626,-0.432559064981087,-0.13349989338941,-0.659257860334579,-0.75484744304117,-0.349888778489438
-1.63545161693494,0.146086378653882,0.975287012654177,0.571855868424156,0.688747434580037,0.405151363290912,0.125041105792744,0.617486125013893,0.707018983958088,0.327719211274386
1.57032858249592,-1.48239174798848,-0.486107494679856,-0.388419520131858,-0.467815340898452,-0.27518944335376,-0.0849312020572824,-0.419412788447736,-0.480225856962657,-0.222595492692877
-0.164794453916654,-2.30521849627165,0.898825694107478,0.318056567175797,0.383069680297802,0.225338339449064,0.0695457493055009,0.343435344541981,0.393232007193528,0.182271885436312
-1.33277115379031,-1.9441965331966,1.40199083382282,0.779561839453551,0.938910041265649,0.552307949369355,0.170457767107842,0.841765637168972,0.963818070420042,0.446751367384473
0.300073738600704,2.31843687970976,-0.650578954503338,-0.632223419436675,-0.761454559202763,-0.447920873829737,-0.138240979658525,-0.68267060104982,-0.781654931471443,-0.362314652707742
-1.06713479525597,3.44833949472107,0.00349835884181371,-0.413137180249532,-0.497585473435138,-0.292701537304344,-0.09033592678668,-0.446102751790304,-0.510785751347193,-0.236760691522845
-1.63246877865673,2.5456054474114,0.332421602387788,0.15517689849684,0.186896203479217,0.10994052076531,0.0339307368393418,0.167558972523155,0.191854310092744,0.0889287906120955
-0.611225864967043,-2.03798334770518,0.854336774856804,0.630247754550739,0.759075053811783,0.446521144691433,0.137808983878375,0.680537291378444,0.779212300981097,0.361182438501484
-0.386112464931996,-2.78259623318261,0.751965245729991,0.803436305525509,0.967664624661535,0.569222652900424,0.175678120351878,0.867545125245529,0.993335474501691,0.460433348496706
1.88279255492031,1.20038199132612,-1.26019108536718,-1.07381093456638,-1.29330582624716,-0.760779049544649,-0.234797811974066,-1.15949383331525,-1.32761550215848,-0.615379664641108
2.08448020288363,-1.84689591503866,-1.13001513299414,-0.182725366420706,-0.220075781860495,-0.129458199873311,-0.0399544415563862,-0.197305623117567,-0.225914098365629,-0.104716269028126
1.65197450150445,-2.54098224592992,-0.326636732155354,-0.178048618089728,-0.214443071604301,-0.126144793354838,-0.0389318311135988,-0.192255701688032,-0.220131959830779,-0.102036117684082
1.44307691792491,1.15974255469072,-0.989614460726986,-0.89605759662886,-1.07921839224062,-0.634843457778574,-0.195930546354656,-0.967556973151881,-1.10784861451586,-0.51351276613257
0.934742508459637,-3.36183884896063,0.467878587467376,0.124041546226938,0.149396555080514,0.0878815875354123,0.0271227296262594,0.133939228308474,0.153359846115825,0.0710857402001792
1.82377827320774,0.462229335886721,-0.801211079803978,-1.10050065574735,-1.3254511237042,-0.779688319378884,-0.240633744477416,-1.18831321494571,-1.36061357141585,-0.630675012398337
1.56672204915339,-0.526084104245455,-0.722508337545115,-0.565895328581025,-0.681568516337961,-0.400928409611956,-0.123737783514771,-0.611049974134008,-0.699649618604988,-0.324303344577864
1.20198245255807,1.651283179598,-0.954198725707714,-0.906608801983067,-1.09192634195435,-0.642318829580563,-0.198237656341255,-0.978950093810674,-1.12089368915962,-0.519559451823151
-1.08650280464639,3.46118859006106,-0.485926580548856,-0.01887816598628,-0.0227370026444888,-0.0133748993550599,-0.00412787011658777,-0.0203845168090343,-0.0233401849514849,-0.0108187010205547
-2.06375292869682,1.11843571652355,0.772365899701512,0.723103889894605,0.870911669529904,0.512308333215288,0.158112760553839,0.780802722518028,0.894015792717585,0.414396440695317
-1.62872874950659,-0.726801090306567,1.05289545187513,0.838975633588814,1.01046845405608,0.594401737369678,0.183449093993213,0.905920252936149,1.0372748323107,0.48080022974289
-1.84200871942191,-0.431113403217334,1.00047914146802,0.94829246018367,1.14213044797969,0.671851080414089,0.207352139557547,1.02395982790612,1.17242964305279,0.54344752632377
-1.93423522480664,0.347911378155206,0.865957857280433,0.834225870044114,1.00474780373682,0.59103660066006,0.182410518158502,0.900791490169351,1.03140242078038,0.478078234833756
0.18095289607399,-2.75375619835204,0.547895626800865,0.46992666489169,0.565983148475517,0.332936041125669,0.102753426281131,0.507423655796858,0.580997925337547,0.26930561436659
0.802459458866,-3.44849773962871,0.41682525310176,0.309527532839838,0.372797248304536,0.219295645687275,0.0676808040568818,0.334225750563808,0.382687061301882,0.177384065690377
-2.02552313583101,2.38506397570797,0.0619732377574108,0.762128986024204,0.917913783747196,0.539957032428669,0.166645926764339,0.822941759149349,0.942264810237418,0.436760946210916
-1.84638122309989,0.483662888846411,0.611102782569289,0.906955029391112,1.09234334080361,0.642564126541079,0.198313361882368,0.979323947839936,1.12132175043129,0.519757867856546
1.38265450482719,-2.82784703821468,-0.0505336958479057,-0.0553898289693398,-0.0667119194030261,-0.0392428686291514,-0.0121114529839188,-0.0598095652138894,-0.0684816975078553,-0.0317428080479035
1.87788348688466,-1.45720177326885,-0.707190844010814,-0.486621174482647,-0.586090139217832,-0.344763852456674,-0.106403821520884,-0.52545027509996,-0.601638327684388,-0.27887290538843
1.56399752297283,0.786242226181387,-0.853741506089221,-0.962387080663834,-1.1591061130609,-0.681836909043151,-0.210434047128813,-1.03917910441337,-1.1898556498517,-0.551524872665778
2.47858517952728,-2.12362173843001,-0.879926622074459,-0.607575377696387,-0.731768275554357,-0.430458103462358,-0.132851477574155,-0.65605581116346,-0.751181110374185,-0.348189350783597
0.287495231653766,2.9757705317906,-1.07863100848422,-0.537976708054371,-0.647943123426046,-0.381148482899399,-0.117633141811118,-0.580903635245779,-0.665132188937508,-0.308303739075735
0.0545827167621325,2.04447924303099,-0.451395952811907,-0.474605991696128,-0.571618964264204,-0.336251274454175,-0.103776600528874,-0.512476361444714,-0.586783251790519,-0.271987243382432
2.49041850893331,0.372626538994327,-1.51175401676107,-1.07736840974293,-1.29759047564349,-0.763299467708099,-0.235575683907306,-1.16333517111187,-1.33201381757966,-0.617418382827561
-1.52710521463977,-0.529630720970024,0.856220330299913,0.831038304633472,1.00090867639659,0.588778258054852,0.181713530113539,0.897349578452907,1.02746144652031,0.476251504568419
-0.320202275515054,-2.59340780151289,1.08980557525213,0.410946531761663,0.494947040205023,0.291149495486889,0.0898569230298746,0.443737304269814,0.508077324008027,0.235505274495121
1.60216939831082,0.199441769259143,-0.681124815720716,-0.90560400630442,-1.09071615861243,-0.64160694681165,-0.198017949296716,-0.977865122187058,-1.11965140127026,-0.51898362342743
1.12728001236371,-2.01080126006135,-0.244680584197153,0.00133208450875172,0.00160437242792456,0.000943762029104805,0.000291271505952545,0.00143837590364653,0.0016469342852409,0.000763391107206658
1.5984194489899,0.15335507854534,-0.772279607594372,-0.813528865133027,-0.979820178048054,-0.57637308102377,-0.177884943580047,-0.878443003308215,-1.00581349848159,-0.466217193442514
-0.255298332414969,-2.01152982584057,0.82769692127626,0.33839752113121,0.407568475583942,0.239749602287693,0.0739934703413505,0.365399369973119,0.418380722791962,0.193928881114622
2.14890944840158,-0.364497666527907,-0.995210682575044,-0.909314026052567,-1.09518453381827,-0.644235440531475,-0.198829176386331,-0.981871176587306,-1.12423831650123,-0.521109761870366
-0.251331252499818,-1.96107877085712,0.680958225181293,0.430490042573225,0.518485389074718,0.304995781738378,0.0941302764006885,0.46484025595142,0.532240113829596,0.246705271386552
-1.00848140613159,-1.66985945064423,0.788011700043532,0.879160831857821,1.05886780386452,0.622872351665671,0.192235926314973,0.949311960064071,1.08695815221542,0.503829566694375
1.79471277691406,1.45718108367233,-1.58665147437779,-0.841780122591444,-1.01384620133914,-0.596388676046869,-0.184062319152621,-0.908948521320717,-1.04074218671702,-0.482407426546697
-0.772677209364561,2.79993703147497,-0.518535245989609,-0.00750594763072438,-0.00904021880373371,-0.0053178520730377,-0.00164123871694199,-0.00810487182692594,-0.00928004373224539,-0.00430150912709237
1.32732578770041,-2.61114943451561,-0.198076135012688,0.0242175289534397,0.0291677708659583,0.0171577584716603,0.00529536683474208,0.0261499250712937,0.0299415528633461,0.0138785836184673
-1.9142171277294,2.9096324791648,0.0976966959196562,0.439142363236094,0.528906308031337,0.311125822026068,0.0960221792438646,0.474182973677157,0.542937485845379,0.251663744071536
-0.137510914665027,-2.44645901814132,0.616708472884895,0.569429657737998,0.685825288497237,0.403432429165367,0.124510594375734,0.614866319014191,0.704019317243253,0.326328798241388
1.67098557699891,-1.75244612900869,-0.727951108410398,-0.181694570546387,-0.21883428369074,-0.128727896353116,-0.0397290493499085,-0.196192576657334,-0.224639664907882,-0.104125540437988
-0.755773555577093,3.43162124858694,-0.240527653554979,-0.48062201729074,-0.578864709955465,-0.340513538961431,-0.105092055234097,-0.518972425466297,-0.59422121743576,-0.275434907858283
-0.233706534015505,-3.00037585604697,0.910602464236509,0.633041637000297,0.762440026483925,0.448500568783788,0.13841988982555,0.683554106878258,0.782666541883141,0.362783556900926
-1.32052345065374,-1.22030293151754,1.17760568425187,0.668015528028649,0.80456283933437,0.473279049537639,0.146067225893135,0.721318679457126,0.825906816688865,0.382826397441484
1.26388485129586,-2.63902019229874,0.362233108094594,-0.349333778448091,-0.420740184727482,-0.247497777668746,-0.0763847751851832,-0.377208267154441,-0.431901859783689,-0.200196232417772
1.548224232444,-1.55573772144029,-0.419261125116111,-0.393874208916894,-0.474385008387356,-0.279054009094205,-0.0861239157375942,-0.425302724753382,-0.48696980895397,-0.225721466220621
1.898182816506,0.0407693026043974,-1.0162647293569,-0.834556436999636,-1.00514594102131,-0.591270802423273,-0.182482799409669,-0.901148434147184,-1.03181112011518,-0.478267676173644
-0.882663459367791,2.89977358838801,-0.216790555539393,-0.188101193562334,-0.226550467803205,-0.133266893314281,-0.0411299114736439,-0.203110405150452,-0.232560549077208,-0.107797048518344
-0.200540114494361,3.20634332892291,-0.314297412804388,-0.808865182640299,-0.97420320438402,-0.573068931457042,-0.176865190092925,-0.873407190283046,-1.00004751400967,-0.463544529870201
-0.853868676456661,-2.27260479241574,0.840944123302458,0.936636650953085,1.128092105193,0.663593113222036,0.204803498622695,1.01137396340231,1.15801888178505,0.536767814146753
-0.8415347827635,-2.35902712682681,1.31971364408695,0.584800795217669,0.70433840008753,0.414322651071075,0.127871623148678,0.6314639700019,0.723023556953347,0.335137691057526
-2.30359005383329,0.962411255485873,1.09178620295333,0.736834954166146,0.887449464826364,0.522036587686788,0.161115173495681,0.795629433473563,0.910992313631292,0.422265440213374
2.03493540616945,-1.74673257924513,-0.827439888201028,-0.415476125420741,-0.500402516286744,-0.294358645112626,-0.0908473568632872,-0.448628329073211,-0.513677526582513,-0.238101094426875
1.46084407327376,-0.0337749203952733,-0.451842112320482,-0.875640703542778,-1.05462813530423,-0.620378393197205,-0.191466220587797,-0.945510949157603,-1.08260601091177,-0.501812251250591
-0.238402978570461,-2.7807867797842,0.792825512333361,0.645226763965368,0.777115883462278,0.457133549704969,0.141084270544657,0.696711525115826,0.797731729742427,0.369766610531687
1.31727237351243,-2.77969501831758,-0.000818295499438123,-0.0570816521939519,-0.0687495637992016,-0.0404415001790692,-0.0124813843923247,-0.061636384566208,-0.0705733978878796,-0.0327123582499736
-0.787389134138814,-2.26868036558776,1.08876940466929,0.684837049684283,0.824822804346143,0.485196847024247,0.149745393391413,0.739482445534404,0.846704251508182,0.392466476548499
1.96166078372449,-1.0585691376279,-0.729001162546221,-0.693098701457206,-0.834773198804234,-0.49105010422358,-0.151551873188862,-0.748403321617278,-0.856918616639039,-0.397201064671739
2.63142886075944,-1.99727850672683,-0.820222453914733,-0.832467354990766,-1.00262983520919,-0.589790718943056,-0.182026004019598,-0.898892657428397,-1.02922826537699,-0.47707046487262
-2.19799239835067,2.55941259766388,0.917967419058518,0.172787178320319,0.208106154658142,0.122417141662947,0.0377813729594458,0.186574434371218,0.21362693294319,0.0990208913191765
0.873829146594089,-2.3575788759581,-0.152227334289165,0.276996742740065,0.333616924269703,0.196248065544096,0.0605676726001804,0.299099221954943,0.342467335609331,0.158741317644426
0.277347173356272,-2.70240490096165,0.498061965482095,0.407328478358784,0.490589429945162,0.288586158552575,0.0890658051568345,0.439830554511358,0.503604112169073,0.233431840133404
-0.691303850263132,2.80794491663713,-0.0614438059298146,-0.437161806733264,-0.526520911140816,-0.30972262725007,-0.0955891138704492,-0.47204438207072,-0.540488807561878,-0.250528726577039
0.517641647999708,-2.98014094280589,0.893716162598439,-0.000205899295913541,-0.000247986633822755,-0.000145876583674654,-4.50216165725835e-05,-0.000222328676502165,-0.000254565387945853,-0.000117996786576111
1.35705703396544,-3.20189758370013,0.247705352100809,-0.123915731508798,-0.149245022904076,-0.0877924496819931,-0.0270952191776483,-0.133803374421046,-0.15320429399317,-0.0710136382904635
1.85710615385004,-1.20646646013322,-0.472303707460151,-0.748430540949431,-0.901415275252416,-0.530251888172121,-0.163650646284817,-0.80815027018335,-0.925328618351758,-0.428910640105007
0.309746662229669,-2.43322795351601,0.410247889921166,0.345602084777507,0.416245705289269,0.244853928297772,0.0755688089097378,0.373178809398349,0.427288147809918,0.198057673081463
1.06676462134035,1.541434757541,-0.813320133717079,-0.85984787084563,-1.03560713087721,-0.609189406512313,-0.188012984601091,-0.928457954506998,-1.06308040464646,-0.492761693302204
1.9121245231212,-1.92247022519295,-0.535334454406126,-0.472337993610183,-0.568887370606466,-0.334644431598835,-0.103280683630471,-0.510027392347852,-0.583979192602034,-0.270687498840252
0.0994972253532225,2.15349421453526,-0.608868909389105,-0.431305831781749,-0.519467931627054,-0.305573756239021,-0.0943086555874035,-0.465721139658338,-0.533248721923319,-0.247172783937784
-1.97986865456821,2.53581145178375,0.754588980627812,0.124131268042771,0.149504616698647,0.0879451541052575,0.0271423480575547,0.134036109322462,0.153470774464333,0.0711371579862725
-0.63217416581315,-2.14569793192001,0.710715119517139,0.801516761605539,0.965352711776762,0.567862684630419,0.175258395893979,0.865472414616183,0.990962229656447,0.459333296098551
2.1863532478682,-1.49803072260353,-1.08400075442281,-0.438605726574437,-0.528259978869697,-0.310745622946077,-0.0959048391144936,-0.473603517015009,-0.542274010434477,-0.251356208286367
-1.34249377926377,-0.713676345348141,0.751604359270108,0.826226127540607,0.995112854738615,0.585368902276194,0.180661307030438,0.892153421956093,1.02151186945607,0.473493741697624
1.67918585280335,0.601654430959067,-0.938041721772111,-0.923861422724296,-1.11270552589112,-0.654542054346817,-0.202010087288324,-0.997579357784466,-1.14222411708841,-0.52944658523198
-0.775685997617204,2.66596295255657,-0.471600336401045,0.00954124828247843,0.0114915499518385,0.00675983226297153,0.00208627435995693,0.0103025757976015,0.0117964054211056,0.00546789940325957
-0.851650189215407,-1.27344324872218,0.312488156371505,0.966206292131153,1.16370599958035,0.684542763469275,0.2112691499082,1.04330306329843,1.19457756521577,0.553713586708721
-1.1658890018447,-1.1661840656481,0.545140252135093,1.01043646574807,1.21697714759467,0.71587918253737,0.220940450184798,1.09106250763301,1.2492619256248,0.579061018487659
2.11645770464907,-1.05918333926519,-1.04466388853316,-0.577625546079167,-0.695696476992058,-0.409239093953043,-0.126302694444511,-0.623716184185254,-0.714152375182442,-0.331025698651385
1.68828619408679,-2.37783123590542,-0.30735678095108,-0.28633118286431,-0.344859392947222,-0.202861377307979,-0.0626087266131576,-0.309178487692615,-0.354008051962645,-0.164090699410211
-1.85590038137771,1.11112193325034,0.641063487991391,0.651874578475884,0.785122560393476,0.461843427246775,0.142537871221679,0.703889790564464,0.805950813116912,0.373576340654923
0.770956789978045,-2.71860293608533,0.536172552730992,-0.0358997852328227,-0.0432379666736956,-0.0254344630037807,-0.00784979063973624,-0.0387643469207254,-0.0443850121702305,-0.0205734520725319
-0.831345174289058,-1.7232894876765,1.07153826651428,0.527290136473699,0.635072137628652,0.373577206142642,0.115296432858104,0.569364347045036,0.65191975308058,0.30217947769621
-1.92354677645223,0.322656997205336,1.04102230089598,0.697898136736357,0.840553674127601,0.49445043261705,0.152601310166993,0.753585719589244,0.862852440250903,0.399951525462812
-1.76930261601721,-0.109289336972779,0.827184484568208,0.899026775555634,1.08279449328556,0.636947076813476,0.196579782354146,0.970763072610158,1.11151958474439,0.515214343452563
-1.56282240508134,1.60651263118536,0.0564048616979107,0.67061751699881,0.80769669408162,0.475122519958662,0.146636172713575,0.724128289667022,0.829123808416209,0.384317545508909
1.35433265422725,-2.56624178334174,-0.0875313448777234,-0.102339719741654,-0.123258714861038,-0.072506166783598,-0.022377442340986,-0.110505741861882,-0.126528603911488,-0.0586488555729927
1.84872085085232,-1.66293561234742,-0.728472789443057,-0.366580144041733,-0.44151183491826,-0.259716570756124,-0.0801558383915074,-0.39583077686189,-0.453224554106277,-0.210079781126074
-1.56275544328554,-1.68902494562187,1.44153435977556,0.846652122701683,1.0197140742814,0.599840415542095,0.185127623042717,0.914209274309802,1.04676572648986,0.48519947279754
0.471526238095847,2.47508823384541,-1.07773542231798,-0.503816481316147,-0.606800293860514,-0.356946471173163,-0.11016372029893,-0.544017651901219,-0.622897895064138,-0.288727193337987
0.39960360980753,2.32323941065246,-0.728775000857875,-0.657523563121373,-0.791926239252773,-0.465845648709739,-0.143773069329595,-0.709989526234953,-0.812934984487671,-0.376813661271431
-0.00787360792218552,-2.48721889683414,0.478005813539859,0.583256996095537,0.702479037014444,0.413228892392507,0.127534058457971,0.629796986081018,0.721114867461757,0.334252970521099
-0.0914287410933883,-2.49685389977984,0.677991491896181,0.501590573309553,0.604119393805441,0.355369448511987,0.109677006751154,0.541614131389283,0.620145874311876,0.287451569782177
1.6727221964619,-1.28580777335783,-0.5696396342746,-0.485259119853022,-0.584449670554815,-0.343798857043425,-0.106105996795385,-0.523979537661133,-0.599954339579157,-0.278092339001723
-1.96315042673936,2.17024004382883,0.459608187789081,0.480258835740658,0.578427291412231,0.340256230243863,0.105012642526921,0.51858026446836,0.593772194762898,0.275226775743681
0.026733825874047,1.95736917028065,-0.212209115757941,-0.604679054963629,-0.72827992304798,-0.428406101955508,-0.13221817219559,-0.652928381334036,-0.747600216535721,-0.346529525897667
-1.09543970375816,2.69843418994634,-0.0509413536225855,-0.0599759430550672,-0.0722354691043527,-0.0424920621351311,-0.013114245485028,-0.0647616203942815,-0.0741517796041394,-0.0343710187107242
0.916864208169968,1.78362078300241,-1.03894052537441,-0.648531338686827,-0.781095937681282,-0.459474791663691,-0.141806843661699,-0.700279782700025,-0.801817369483116,-0.371660396503139
1.29297838969261,2.30017226430128,-1.17868519119301,-1.05636128755662,-1.27228934241632,-0.748416234602425,-0.23098229957265,-1.1406518217003,-1.30604147908643,-0.605379619401009
-0.791121734914202,-1.17845954855349,0.759465091924211,0.528947177438066,0.637067890013508,0.37475119497936,0.115658758832128,0.571153608746407,0.653968450110186,0.303129094877525
-0.747463709637107,-1.8009905182531,0.824987124367323,0.678460929056019,0.817143357534849,0.480679460550332,0.148351200871848,0.73259755331459,0.838821079231552,0.388812448779153
-1.93472993995175,0.589618104434227,0.905463063171916,0.7114020807441,0.85681792409967,0.504017775765276,0.155554061348763,0.768167187609715,0.879548159048178,0.407690366880154
-1.75473052071321,2.23368114502656,0.389009920447319,0.334045217476722,0.402326528894119,0.236666059988948,0.0730418024618153,0.360699781725648,0.412999714258898,0.191434662554261
-1.41249670940552,1.56784783737253,0.302557207637527,0.365121408537493,0.439754923095278,0.258683078383558,0.0798368735778527,0.394255644064154,0.451421033759597,0.209243808855255
2.08005105358589,-0.878611969525587,-0.89872969630426,-0.729783213141045,-0.878956295815533,-0.51704053422708,-0.159573250881557,-0.788015010888042,-0.90227383219218,-0.418224227847703
0.998234158292224,-1.70726841948759,-0.0390016824305782,-0.165772426521042,-0.199657535744285,-0.117447294518672,-0.0362475383513297,-0.17899995250325,-0.204954183455614,-0.0950008767422873
1.16844403642728,-2.6919385781898,0.176532279741591,-0.102772151717801,-0.123779539129262,-0.0728125383963423,-0.022471997237531,-0.11097267900466,-0.127063244951806,-0.058896673727842
-2.15199973674488,-0.0280144663580398,1.6131026960785,0.578757457890164,0.697059759943308,0.410041036607954,0.126550196502848,0.624938414954618,0.71555182420925,0.331674374771391
2.0169175076492,-2.30004946514768,-0.880388596210126,-0.147339966273984,-0.177457344386376,-0.104388171039743,-0.0322171255514677,-0.15909670575719,-0.182165050677044,-0.0844376008058904
-1.88960642517807,1.09340615616913,0.842875826280375,0.529490728945459,0.637722547466462,0.375136293124538,0.115777610950805,0.571740532012528,0.654640474750845,0.303440593423095
-0.211736357039169,2.47258518837029,-0.504024400361221,-0.370630331229094,-0.4463899103021,-0.26258606803883,-0.0810414459589717,-0.400204141777767,-0.458232038313686,-0.212400862754935
2.339691484537,0.0976372706901493,-1.28797963247009,-1.01914469526247,-1.2274654035853,-0.722048833413439,-0.222844577969615,-1.10046559536103,-1.26002842103615,-0.584051531422183
0.460607176421205,-3.61012682022968,0.548944903387424,0.558581983810529,0.672760269842635,0.395747013796,0.122138659036664,0.603153073581656,0.690607701096613,0.320112212314818
-0.11703493996726,2.65280230529146,-0.678132891052405,-0.38385141240425,-0.462313478187931,-0.271953007084249,-0.0839323467981512,-0.414480176411875,-0.474578037184074,-0.219977601115348
-1.41758170920153,-0.0736504466415779,0.597048024421313,0.766366285510798,0.923017218567198,0.542959095987789,0.167572448013196,0.827517166668922,0.947503632365785,0.439189258172646
1.41008028383582,-2.27660096418148,-0.00249510045149383,-0.326892939971703,-0.3937122730038,-0.231598777931008,-0.0714778966989374,-0.352976800524514,-0.404156933667139,-0.187335834733853
-0.762137674833312,2.8491421760312,-0.247874041829929,-0.246908722455773,-0.297378690255414,-0.174931151422889,-0.053988673353692,-0.266610379782378,-0.305267749655389,-0.141498472338758
2.00243618061879,-0.357148687014252,-0.92668389060368,-0.841189480017973,-1.01313482705815,-0.595970214582935,-0.183933170175417,-0.908310749437801,-1.04001194062664,-0.482068941048845
1.87892851768541,-2.05297602744269,-0.469345442932296,-0.445853145842155,-0.536988824202214,-0.31588031152547,-0.0974895484257337,-0.481429231652346,-0.551234420373261,-0.255509559956494
1.47005401057199,-2.5439531725152,-0.181284706016104,-0.135920481950325,-0.163703633064289,-0.0962976365234861,-0.0297201590494921,-0.146766023300254,-0.168046471766439,-0.0778933217272781
-0.0695385895739709,2.38765663365072,-0.434173550588935,-0.513681817614018,-0.618682177813463,-0.363935914966789,-0.112320859235184,-0.554670175760629,-0.635094989525976,-0.294380821129557
-1.56035651726089,-0.369750732741675,0.462660690236402,1.10595917249847,1.33202540162375,0.783555597176272,0.241827295174778,1.19420728466342,1.36736225614637,0.633803179657221
-0.671243518459452,-2.91858868037539,0.918636079363703,0.967459486528943,1.16521535617555,0.685430633030066,0.211543171426427,1.04465625419024,1.19612696302517,0.554431767464213
-2.29591949377118,1.08034965585032,1.11628493221927,0.666094608109453,0.802249269185959,0.471918106392683,0.145647200561407,0.719244483033061,0.823531870614993,0.381725556485572
-0.837654028487595,2.53481938707559,-0.522375626239578,0.152032199867183,0.183108705206843,0.107712548635802,0.0332431219773649,0.164163348068842,0.187966334550723,0.0871266264453683
-1.37321252341886,-2.3108476548174,1.51860652421196,0.86284710675674,1.03921943277623,0.611314320472829,0.188668792813555,0.931696509295038,1.06678853608938,0.494480495681418
-1.77331776182831,2.20005036689878,0.531816334276102,0.251029270846647,0.302341509192812,0.177850498570046,0.0548896659913775,0.271059720253124,0.310362225549628,0.143859876572305
0.750270276444525,1.5653732111212,-0.432624061614234,-0.897626729604298,-1.08110826759387,-0.635955165114787,-0.196273650505927,-0.969251312397371,-1.10978862573765,-0.514412004995874
-1.10431957456382,2.23317296240579,0.484351880499815,-0.29322641465542,-0.353164061079856,-0.207746546307072,-0.0641164271640561,-0.316623912658695,-0.362533031847069,-0.168042219450328
-1.473463507249,-1.35418869567085,1.36633663668456,0.701608545460089,0.845022517818504,0.497079201920281,0.153412622309399,0.757592194002715,0.867439836395234,0.40207788681991
0.9465687997794,1.04208400665835,-0.437860700477926,-0.860462192200192,-1.03634702405716,-0.609624644039883,-0.188147311143368,-0.929121294578661,-1.06383992620409,-0.493113748638002
1.0416385413218,1.84060747651556,-0.945295929215909,-0.849600821836584,-1.02326550931364,-0.601929524949562,-0.18577238096309,-0.917393259826397,-1.05041137634933,-0.486889313556608
1.45482101864866,-2.47908173896012,-0.379078521742999,0.00690647074453665,0.00831820441120928,0.00489313163015822,0.00151015804279823,0.00745756071248815,0.00853887526238824,0.00395796086053345
-1.4032947604511,-1.06452406300769,1.09662952472426,0.742176938238349,0.893883389926119,0.525821303817261,0.162283243340546,0.801397671987438,0.917596922169203,0.425326824914395
2.16553862946679,-2.63654056492983,-0.317451810273991,-0.585299214486066,-0.704938699938259,-0.414675773697302,-0.127980606722879,-0.632002159779549,-0.723639781957207,-0.33542332521561
-0.49229009701314,2.93387089554885,-0.434229308848835,-0.362959986406326,-0.43715169030519,-0.257151743004413,-0.0793642604102885,-0.391921754967287,-0.448748740681109,-0.208005140870595
-2.33207044900827,2.04774761686747,0.528949089736538,0.786459445403469,0.947217568852699,0.557194800424593,0.171965986788576,0.849213625735785,0.97234598561639,0.450704248007728
-2.20187310063908,-0.0673845783971311,1.0986529368079,1.03846946082717,1.2507402940629,0.735740141916384,0.227070100848403,1.1213323473946,1.28392076326643,0.59512616976834
1.85850265804754,-3.07999753878892,-0.261904507562457,-0.198283378946496,-0.238813967137548,-0.140480819965138,-0.0433563321333301,-0.214105060524655,-0.245149382666729,-0.113632256212098
0.179040810057849,-2.08839588349574,0.620479027605236,0.160569164259628,0.193390688218752,0.113760860724469,0.035109801199677,0.173381504868735,0.198521084836779,0.0920189907487708
-2.54400549927568,0.404447711040497,1.42345448510904,0.895056784454742,1.078013006661,0.634134397263275,0.19571171033696,0.966476302889695,1.10661125166702,0.512939220603975
1.64674666882671,1.18113765720258,-1.39679056496513,-0.758982177705551,-0.914123744549802,-0.537727565615938,-0.165957850601081,-0.819543856667031,-0.93837422636303,-0.434957573023434
1.62661322411188,0.636545873744978,-0.836667526788361,-0.971770250283604,-1.17040727190299,-0.688484744928643,-0.212485756256726,-1.04931098793295,-1.20145661334126,-0.556902180335136
0.848593033102359,2.13817097982932,-0.795817386146669,-0.916072852336225,-1.10332491414954,-0.649023968260702,-0.200307050723266,-0.989169311802809,-1.13259465024839,-0.524983110630299
1.24501092542631,1.32381069964607,-0.817796196128519,-0.924723100003837,-1.11374333637535,-0.655152539862135,-0.202198500288556,-0.998509791122192,-1.14328945929843,-0.529940395322978
1.03365155305167,1.70383532347167,-1.03272634801514,-0.722186144141916,-0.869806329762204,-0.51165812402205,-0.157912087709353,-0.779811746819663,-0.892881129762414,-0.413870498878806
-1.9072103018719,1.18543202243633,0.97116849307847,0.408975802039201,0.492573478761408,0.289753262838383,0.0894260063648163,0.441609323554802,0.505640795150028,0.23437588853278
0.817579577693429,-3.15939298861038,0.24790926499523,0.318293423485096,0.383354951787353,0.225506148615526,0.0695975399339863,0.343691100393569,0.393524846554618,0.182407623070837
-0.185555458862829,2.05526696674483,-0.614007339745357,-0.14743339289983,-0.177569868105071,-0.104454362412288,-0.0322375540707,-0.159197587200141,-0.182280559499681,-0.084491141744831
1.8093333660091,-2.30111327601769,-0.514489930297563,-0.256579403198703,-0.30902612961927,-0.18178268465581,-0.0561032492121103,-0.277052715881252,-0.317224180026368,-0.147040546907815
-0.323244152430114,-2.45152125559147,1.08266176952473,0.364905247024289,0.439494576571101,0.258529931171818,0.0797896080409694,0.394022234314361,0.451153780589916,0.209119930996293
1.0161421027817,-2.65331001321811,0.205819860926586,-0.0109613038819841,-0.0132018754116712,-0.00776592049928544,-0.00239678148640941,-0.0118359422940569,-0.0135521035306541,-0.00628170499087764
0.788512644488599,1.47757878802043,-0.962440206078507,-0.482303739297134,-0.580890188369759,-0.341705013948728,-0.105459777925996,-0.520788337591042,-0.596300429086655,-0.276398669253329
1.93376470007295,0.21241081685309,-1.29994589604163,-0.708563537021451,-0.853399161060121,-0.502006709826299,-0.154933389837777,-0.76510214716725,-0.876038700792135,-0.406063653994409
0.733408369182276,-2.13875615278303,0.370569280250049,-0.0960400500708427,-0.115671346147957,-0.0680429446740739,-0.0209999664676719,-0.10370340087233,-0.118739952442014,-0.0550386403250549
1.61697862265999,-0.26626500815217,-0.296637335749611,-1.04090037966405,-1.25366811067724,-0.737462411696578,-0.227601641742255,-1.12395723722383,-1.28692625094442,-0.59651928094877
1.76845570917547,-3.20307732073226,-0.567756036616767,0.164452145984405,0.19806738010762,0.116511895427955,0.0359588478833755,0.177574322449394,0.203321843114113,0.0942442502564562
-2.11643329881889,-0.809575752294753,1.60720880103938,0.851756935379751,1.02586234840111,0.603457099273196,0.186243833363142,0.919721416745602,1.0530771061088,0.488124939295191
-0.161583663351368,-2.65394695092483,1.02187608630847,0.352353548898196,0.424377218577046,0.249637240044217,0.0770450734476841,0.380468994999737,0.43563537928276,0.201926802732396
-2.29722317619502,0.219778304794281,1.19190760667483,0.936884644214002,1.12839079010939,0.663768812752801,0.204857724439524,1.01164174485944,1.15832549041327,0.536909934146488
2.43380553889323,-2.28161241178245,-1.0825697626198,-0.350685846869025,-0.422368625926941,-0.248455698001912,-0.0766804163419783,-0.37866822155221,-0.433573501352821,-0.200971075907126
-0.464230901310782,-2.79734082266829,0.996082888083213,0.684591663864745,0.824527259851418,0.485022994826853,0.149691737713619,0.739217479574961,0.846400866612814,0.392325850821498
-1.56472655311265,2.85410978674511,0.627527852441112,-0.251043815206394,-0.30235902652719,-0.177860803032245,-0.0548928462382303,-0.271075425155071,-0.310380207595487,-0.143868211655265
1.76270501265801,0.602867998695831,-0.718499893165415,-1.16699446569841,-1.40553675987236,-0.826798193106886,-0.255173176498224,-1.26011278422745,-1.44282377252938,-0.66878129084196
1.70609314327197,-0.725581350174869,-0.440529411071937,-0.828641121756851,-0.998021491622149,-0.587079889699909,-0.181189365871759,-0.894761116486935,-1.02449766859063,-0.474877726795059
-1.70616780010738,1.93270445207921,0.475494085845371,0.340135977064194,0.409662284758748,0.24098127241676,0.0743735983845081,0.367276543010661,0.420530077927167,0.1949251555933
-1.02521621505728,2.6445369015277,-0.234072844733534,0.0441196054839262,0.0531379789377255,0.0312580831931091,0.00964712362234232,0.0476400536073619,0.054547658534721,0.0252840673835753
-2.08874042092899,1.36500679468314,0.699945937843669,0.706762184149524,0.851229598347174,0.500730478153027,0.154539508848763,0.763157058437578,0.873811582478618,0.405031334532441
2.45626935359813,-2.24319528104814,-0.977758517419865,-0.466417776518837,-0.56175701738467,-0.330450045988792,-0.101986178262055,-0.503634781704457,-0.576659680634326,-0.267294740309863
-0.909261618106487,-2.56373902388502,1.29555989089616,0.739480330219559,0.890635575297361,0.523910797209916,0.161693607267582,0.798485892764481,0.914262947356928,0.423781452554277
-0.442485210419329,3.03828773413297,-0.860954026105583,-0.111519946294666,-0.134315447573556,-0.0790102205297308,-0.02438477625675,-0.120418488821338,-0.137878656972763,-0.0639098606118388
-0.944702809518505,2.47854905362739,0.096885283794504,-0.219693983836264,-0.264601057914934,-0.155649914555138,-0.048037941362043,-0.237224087848828,-0.271620570514826,-0.125902247541763
1.47197827214756,2.27835282065971,-1.54648808481287,-0.912589970128595,-1.0991301050763,-0.646556398104447,-0.199545489171423,-0.985408518992907,-1.12828855849406,-0.522987140189021
-1.92891490451003,0.726873807466648,0.753209197118212,0.77306914411149,0.931090191007442,0.54770797144744,0.1690380845445,0.834754868356347,0.955790769980611,0.443030532967912
2.08218503829842,-2.23906480964411,-0.611096442371817,-0.436697239295585,-0.525961382685206,-0.309393488141583,-0.0954875322843709,-0.471542745272464,-0.539914435563785,-0.250262492229074
0.0196868852644642,-2.59914690597599,0.808417033832495,0.344230610915847,0.41459389203357,0.243882259498952,0.0752689245897597,0.371697901136049,0.425592514155116,0.197271708720434
1.07811200903169,1.6944367564008,-0.961659166855096,-0.811961522779647,-0.977932459333242,-0.575262642316608,-0.177542230963383,-0.876750597564394,-1.00387570111098,-0.465318980749057
-0.927939311465401,2.26141055746239,0.217724508610565,-0.245468168871258,-0.295643676870933,-0.173910540669574,-0.0536736841700401,-0.265054879699415,-0.30348670868353,-0.140672919764092
-1.27567535151031,-1.05782091083264,0.876720670200345,0.803083445234609,0.967239637119145,0.56897265664122,0.175600964475021,0.867164109073919,0.99289921260752,0.460231131290223
0.891270968005541,1.75066823402217,-0.90710944388865,-0.717268522452652,-0.86388350985297,-0.508174062317754,-0.156836808276459,-0.774501731956031,-0.88680118535297,-0.411052307809451
1.13956979240763,-2.08502597085267,-0.147718707138606,-0.0565739521927999,-0.0681380861653472,-0.0400818022919489,-0.0123703715076796,-0.0610881735156775,-0.0699456985692398,-0.0324214054887471
-1.30830014509166,-1.9264356434724,1.56158516886643,0.627178705128118,0.755378668003495,0.444346768898091,0.137137910353162,0.67722335242968,0.775417854995121,0.359423627388966
-0.264868167693484,-2.48456708617096,0.722584718065249,0.609467079296143,0.734046654942879,0.431798345863285,0.133265114074057,0.658098457842482,0.753519932124318,0.34927344730244
-0.738273302436936,2.9600711232102,-0.57745236726762,-0.0518681013991984,-0.0624703246880698,-0.0367477771122735,-0.0113413975661354,-0.0560068274425105,-0.0641275789512336,-0.0297245761028674
0.338793878739346,2.83963209411276,-0.878201701275463,-0.686293523103815,-0.826576991697584,-0.486228736743499,-0.150063863581179,-0.74105513574827,-0.84850497510673,-0.393301152463614
2.12528658045202,-1.09322263559751,-0.386746935434436,-1.08658034524556,-1.30868539884928,-0.769825986772635,-0.237589951252177,-1.1732821571821,-1.34340307427698,-0.622697559634036
-1.47390991214814,-0.691747114066485,0.968187750770258,0.760207431945329,0.91559944981218,0.538595639991028,0.166225762768252,0.820866877963922,0.939889080114702,0.435659741830719
-1.94166991166411,-0.0141693044221047,0.972234117544089,0.895790757380087,1.07889700907716,0.63465440614618,0.19587219970373,0.967268841923674,1.10751870548639,0.51335984587246
0.590086152580348,1.34958949746881,-0.171574565696432,-0.883132439212751,-1.06365123711739,-0.625686176307779,-0.193104351739728,-0.953600475004785,-1.09186848356255,-0.506105615785968
-1.51920915531043,-1.41792988292272,1.34029515726012,0.785214680483311,0.945718364782666,0.556312903023123,0.171693808446685,0.847869536937292,0.970807009665086,0.449990898018018
-0.783624572814992,-1.96141300578478,1.06519750212161,0.582665357175681,0.701766462726501,0.412809725032003,0.127404691621232,0.62915813834997,0.720383389529845,0.333913914036973
1.36118399371096,1.25849644260436,-1.22766551138881,-0.678030243547072,-0.81662463672463,-0.48037432628358,-0.148257027855078,-0.732132501995362,-0.83828859745117,-0.38856563148988
-0.0333091843822726,-2.72865158258512,0.554581099948159,0.637250730811272,0.767509490179742,0.45148264904194,0.139340243665689,0.688099058098784,0.787870491678779,0.365195704751597
2.34882638540723,-0.800353262256287,-0.879768030563128,-1.00299756147996,-1.2080176763124,-0.710608829687933,-0.219313871064198,-1.08303002877863,-1.24006477153789,-0.574797930576697
-0.227056610597925,2.26761278437313,-0.067820050276324,-0.620377127359278,-0.747186797467491,-0.439527952378523,-0.135650688043641,-0.669879054447681,-0.767008665076885,-0.355525778604152
1.94415788538192,-0.163581396894512,-1.24036205641509,-0.620327719607479,-0.747127290406045,-0.439492947722448,-0.135639884622253,-0.669825704289208,-0.766947579372591,-0.355497464005414
-0.119408909149747,2.93632838584501,-0.919229976071984,-0.301640564394763,-0.363298125215833,-0.213707846043705,-0.0659562519272653,-0.325709455021234,-0.372935939167012,-0.172864201121551
1.37801875242432,0.958312169958823,-0.701536173138009,-0.989049063866813,-1.19121800269223,-0.700726526933221,-0.216263914489473,-1.06796853476155,-1.22281942501838,-0.566804324340147
-1.53263229753225,1.28857146283281,0.321586798851835,0.55907677107284,0.67335619527839,0.396097563200025,0.12224684844212,0.603687341543534,0.691219435638114,0.320395765042536
1.7536140402813,-2.14097657917588,-0.407479369972032,-0.354075359414879,-0.42645097988943,-0.250857117143817,-0.0774215618302635,-0.38232819442858,-0.437764154712534,-0.202913538054438
0.697336288350656,2.46700087871225,-1.05695545270122,-0.708936054056422,-0.853847823330355,-0.502270632595831,-0.155014843827412,-0.765504388559054,-0.876499265473054,-0.40627713608951
-1.7064917893482,2.3108230790306,0.331990642068804,0.308148453797079,0.371136275312512,0.218318588730949,0.0673792567999527,0.332736630278049,0.380982024915186,0.176593742951497
0.291115222145446,-2.34328557146527,0.516809846285575,0.243749002367293,0.293573100027008,0.172692536813594,0.0532977739231278,0.263198535257742,0.30136120220191,0.13968769967309
0.585863699236618,-3.6811376421443,0.741401380237556,0.32874346204113,0.395941055461631,0.232909845248187,0.0718825289474314,0.35497498182333,0.406444842746263,0.18839633208384
-1.16589455187129,-0.52011039799948,0.269281737477014,0.979290132334072,1.17946427342486,0.693812469330475,0.214130041851998,1.0574309060527,1.21075388501473,0.561211675000718
-0.889061917671361,3.49858958330658,-0.324649448083836,-0.327122902345782,-0.393989241386819,-0.231761702847072,-0.0715281799103781,-0.353225112351165,-0.404441249651371,-0.187467621591376
-2.29950255637084,2.16029663675349,0.708990052528488,0.57498752873533,0.692519229405263,0.407370097966019,0.125725869716485,0.620867670779499,0.710890839461486,0.329513903440412
-1.04089598608199,3.39354407924882,-0.0233139191858602,-0.393540300705205,-0.473982846869246,-0.278817440100776,-0.0860509038926028,-0.424942172909587,-0.486556978628011,-0.225530110073356
2.14177942927986,-1.32679550195331,-0.724011794942972,-0.747632488465239,-0.900454094941961,-0.529686479876427,-0.16347614538238,-0.807288538472212,-0.924341939211657,-0.428453292117312
1.87487830700411,0.678033096663148,-1.22264771613941,-0.896856298762137,-1.08018035499323,-0.635409326340967,-0.196105189308342,-0.968419406349737,-1.10883609685526,-0.51397048642122
-1.64010071132808,-0.603504527750755,0.803068025117327,0.996884210985802,1.20065471179278,0.706277611939292,0.21797713544934,1.07642887398435,1.23250647740537,0.571294491138871
-1.0313617022371,-1.2798351891653,0.621306400292933,0.879941983313548,1.05980862845138,0.623425785834488,0.192406731665078,0.950155442158213,1.08792393562176,0.504277229039193
0.780612052474565,2.92891738120892,-1.29570158890966,-0.769535224096836,-0.926833911622199,-0.545204241765268,-0.168265363145954,-0.830938965265292,-0.951421577189016,-0.441005313775704
0.428511003122502,-2.47699666502925,-0.0648694479398337,0.632880212271776,0.762245605347787,0.44838620176853,0.138384592948014,0.683379801540848,0.782466963013978,0.362691047603335
0.44233909021121,1.89134198685136,-0.446369200958162,-0.749655842280298,-0.90289103723165,-0.531119995910546,-0.163918568748852,-0.809473342328883,-0.926843530324908,-0.429612835899258
-2.22541556311283,0.76475966020755,1.2361396179444,0.633022810883998,0.762417352170309,0.448487230760861,0.138415773336537,0.683533778564352,0.782643266050274,0.362772768028545
-1.7440685124658,-0.152606822604562,0.921244924389559,0.820576249584222,0.988308099969072,0.581366047915768,0.179425913592565,0.886052721694499,1.01452659363261,0.470255909142429
0.128680756019699,2.49468275593374,-0.445927616312468,-0.713890274767701,-0.859814723372213,-0.505780624161975,-0.156098125944962,-0.770853922800787,-0.882624459402155,-0.409116301329615
2.14942258553036,-1.21654630818095,-1.1755636775755,-0.443165791471212,-0.533752154735317,-0.313976360989764,-0.0969019357408702,-0.478527444456168,-0.547911886389104,-0.253969490677696
-0.255227777788606,-1.71405567196704,0.547198058685524,0.444010936271612,0.534770053379477,0.314575133489911,0.0970867337751864,0.479440026133982,0.548956788524536,0.254453826334096
2.28362439743724,-2.21067288060519,-0.895119485605271,-0.396698197337029,-0.477786240912978,-0.281054762818196,-0.0867414046089993,-0.428352048477975,-0.490461271634969,-0.227339837752323
-0.117381558128583,-2.06351459733226,0.669806934907076,0.364478849419744,0.438981020144635,0.258227834821454,0.0796963726106386,0.3935618130455,0.450626600197489,0.208875571019651
-1.57829086624562,1.75192144485835,0.00245407986462555,0.670394757137113,0.80742840045775,0.474964697915318,0.146587464392176,0.723887755064856,0.828848397320896,0.384189886267813
-1.60583248105446,1.54971298840394,0.621472073990732,0.287030886653701,0.345702121362753,0.203357107018601,0.0627617227444974,0.30993402314381,0.354873136837283,0.164491685719256
1.84365859243616,1.53161856750693,-1.37820853071896,-1.07482171366293,-1.29452321606182,-0.761495171476005,-0.235018827343363,-1.16058526579332,-1.32886518769868,-0.615958922014485
1.38466864853934,1.96143076246934,-1.46883442062315,-0.777996777880322,-0.937025069539309,-0.551199126560952,-0.170115553202983,-0.840075694196237,-0.961883092911838,-0.445854461760705
-2.16865498547314,2.26254165205839,0.265354526682752,0.771586446683458,0.929304419266338,0.546657502408851,0.168713880254234,0.833153861634274,0.953957624100734,0.442180828595703
-1.1166559247828,1.98683215289007,-0.20770172134062,0.352533171808982,0.424593557738409,0.249764500200493,0.0770843495111654,0.380662950612103,0.435857457633078,0.202029741045877
0.204006140617146,3.30526002219008,-1.19059577700365,-0.505346569823449,-0.608643143767763,-0.358030516085385,-0.110498287048138,-0.545669831192316,-0.62478963331766,-0.289604056594064
1.4512451652788,-1.95067955713246,0.0676724481588939,-0.541285272724535,-0.651927983168759,-0.383492551677336,-0.118356587364076,-0.584476201149784,-0.669222761686032,-0.310199811607341
1.7772428325088,-2.20505883357558,-0.402121097187212,-0.353866939034206,-0.42619995684249,-0.25070945440915,-0.0773759889572582,-0.382103143501691,-0.437506472359487,-0.202794096484387
1.63099337182543,-1.49167966125066,-0.264803788992508,-0.609489285398765,-0.734073400137005,-0.431814078556167,-0.13326996962557,-0.658122435842914,-0.753547386832716,-0.34928617317768
0.920699027671205,1.98070575265638,-0.939633719478205,-0.804747801348191,-0.969244199923784,-0.570151828152178,-0.17596488996808,-0.868961269624271,-0.994956953785576,-0.461184940637893
-0.174008075364467,-3.31560339428903,1.09417619461734,0.559192226647011,0.673495250825266,0.396179361754272,0.122272093776585,0.603812009696896,0.691362180142891,0.320461930333117
1.57626664720999,-2.47245656216684,-0.482670960567417,-0.0178620410509843,-0.0215131742621268,-0.0126549899765947,-0.00390568583458838,-0.0192873119301987,-0.0220838900369867,-0.0102363800534394
-0.0893796209234602,2.6727820754722,-0.574763299295364,-0.495824631081616,-0.597174850369396,-0.351284364344288,-0.108416234882002,-0.535388105706982,-0.613017101415323,-0.284147223104053
-1.7345710826301,1.90776565782462,0.570772152100795,0.299308119166624,0.360488910943701,0.212055343348251,0.065446243117998,0.323190896333186,0.370052200192922,0.171527523205465
2.55719582264848,-1.9981363127199,-1.1082116687632,-0.543842217555849,-0.655007586422255,-0.385304108997052,-0.11891568490388,-0.587237173001158,-0.672384062699963,-0.31166514577572
-2.60909661192817,1.81614543585095,1.12645624116566,0.643233410706382,0.774715074064061,0.455721288617881,0.140648407052645,0.694559115658061,0.79526723007799,0.36862425947105
-1.08962254311068,2.08493190865602,-0.310132010611454,0.372164253048058,0.448237377078245,0.263672828795255,0.0813768508940847,0.401860460253044,0.460128515915469,0.213279922805595
1.929013541782,-0.607643583380659,-0.526036386161758,-0.996346350874736,-1.20000690909963,-0.705896546063622,-0.217859527802443,-1.07584809624975,-1.23184148937213,-0.570986254219207
-0.567707609800966,-2.93098750195476,1.17213011254057,0.685962585629058,0.826178408156991,0.485994272472927,0.149991501312858,0.740697791686255,0.848095817677252,0.393111498786531
-2.02831835261059,1.75499235606956,0.613334179575342,0.574114073353394,0.691467233287454,0.406751267840624,0.125534881334887,0.619924519525932,0.709810935291978,0.32901334355346
0.213540283440239,2.3232091285884,-0.721952215405547,-0.504674833484808,-0.607834099556625,-0.35755460089696,-0.110351406235641,-0.544944494806555,-0.62395912624436,-0.28921909787415
1.80047406264633,0.401515139644571,-0.97193920662446,-0.923991418922947,-1.11286209427359,-0.654634154716883,-0.202038512052894,-0.997719726806459,-1.14238483902091,-0.529521083464915
0.963030354063744,1.15608914715346,-0.694987832072307,-0.71695673170727,-0.863507986774751,-0.507953163219697,-0.156768632601903,-0.774165062403768,-0.886415700149128,-0.410873626741718
0.173864942474915,2.79591812256201,-0.60749209524674,-0.741065264872616,-0.89254448230793,-0.525033699799308,-0.162040166588855,-0.800197294555308,-0.916222495120479,-0.424689747044377
-1.41248629548797,-1.20861913832856,0.914978743234062,0.947088824859319,1.14068078069884,0.670998322718502,0.20708895454846,1.02266015056888,1.17094151803551,0.542757746886436
0.360599808033342,2.34856376585183,-1.05723580239743,-0.377204077145993,-0.454307378471695,-0.267243469085529,-0.0824788509136758,-0.407302428456607,-0.466359546337293,-0.216168145642038
-2.6361412653096,1.73276457249893,1.03749001809437,0.767649692211572,0.924562963083411,0.543868370515142,0.16785307570613,0.82890298060253,0.949090383419135,0.439924752997384
-0.944158666705641,-1.7301586007139,0.913582920320245,0.749329883354458,0.90249844989217,0.530889058867712,0.163847295082216,0.809121374070543,0.926440528167748,0.429426035329424
-1.06222773954795,2.00823611769953,0.320932703971152,-0.115277857274656,-0.138841503332992,-0.081672644473835,-0.0252064751678822,-0.124476255851999,-0.142524782945377,-0.0660634445661235
-1.84921250347291,2.43687360092091,0.521019661109381,0.233502224112553,0.281231804561927,0.165432847076235,0.0510572294878376,0.252134132935821,0.288692508654226,0.133815475091395
-0.939746325791617,2.76735829526551,-0.586167982008342,0.199852408683654,0.240703718149853,0.141592454158567,0.0436994137106803,0.215799288294144,0.247089266248972,0.114531435911599
-0.380347407396818,3.35463416168448,-0.674601302287122,-0.430933355044124,-0.519019317891241,-0.305309862019558,-0.0942272104091228,-0.465318941779338,-0.532788207064375,-0.24695932493629
-1.39631202041132,-1.72026208178158,1.05270545075252,1.02113727025164,1.2298652756296,0.723460543107958,0.223280271286372,1.10261716444828,1.26249195847993,0.585193436471887
-1.08129223445384,3.22976295439467,-0.247979567857549,-0.120944211814027,-0.145666102620863,-0.0856871722478385,-0.0264454713495059,-0.130594747417212,-0.149530429735734,-0.0693107195229422
-0.354664028003144,-2.62621528215404,1.24401218205007,0.332196581999637,0.400100018662049,0.235356329294336,0.0726375827326388,0.35870363755657,0.410714137684648,0.190375246372778
-1.83103135021714,-0.488285257754167,0.810881703548106,1.10906025786247,1.33576037175661,0.78575266995681,0.242505373628604,1.19755581580647,1.37119631004752,0.635580349929837
1.55752931427967,0.295173071785311,-1.10387390944118,-0.573666488165327,-0.690928158378794,-0.406434160402986,-0.125437013060829,-0.619441220046721,-0.709257559446113,-0.328756841394593
2.37102956702695,-2.61300016394234,-0.439917178688874,-0.673220049394052,-0.810831203334054,-0.47696637538826,-0.147205238358488,-0.72693848666367,-0.832341472011885,-0.385809005002426
1.99737650335031,-0.386501192357169,-1.01707650191188,-0.754990868199507,-0.909316581880512,-0.534899782293287,-0.165085117134915,-0.815234067475901,-0.933439536089759,-0.43267023302135
1.8271001297447,0.711440914987448,-1.11400324761187,-0.953958967516454,-1.14895523129308,-0.675865716439951,-0.208591169148739,-1.03007848445664,-1.17943547875061,-0.546694888843452
-0.0469506496879226,2.15225051798424,-0.209248251468008,-0.61881717323404,-0.74530797718926,-0.438422748120931,-0.135309590925335,-0.668194626462974,-0.76508000220649,-0.354631799957127
1.84245488482249,-1.95146567916384,-0.397908706754162,-0.509492572085919,-0.613636619536242,-0.360967896921356,-0.111404845389398,-0.550146656582612,-0.629915579327756,-0.291980047934579
1.62792201343289,0.84825517402989,-1.10482561821837,-0.844089487724825,-1.01662761777456,-0.598024826839032,-0.184567281304627,-0.911442158277495,-1.04359739041492,-0.483730877720052
1.76196597118965,1.66591109709515,-1.72492514501714,-0.785572968546755,-0.946149889574424,-0.556566744778311,-0.17177215115176,-0.84825641398123,-0.971249982233118,-0.450196225772867
2.51882285677242,-2.48123074464177,-0.877802737089367,-0.506803771420055,-0.610398208141053,-0.359062921707244,-0.110816916459959,-0.547243307686894,-0.626591257204275,-0.290439149812961
2.33517909034541,-0.882292853355206,-0.70632842495456,-1.09570819380083,-1.31967904711419,-0.776292931487693,-0.239585832277241,-1.18313834673147,-1.35468836934452,-0.627928547885338
1.70581016186705,-1.86706559122803,-0.43133132876281,-0.39944470146726,-0.481094150787144,-0.283000620077147,-0.0873419508873033,-0.431317705186866,-0.493856935939235,-0.228913804580366
1.51251412595823,1.35549362238997,-0.934714598784678,-1.07280907683797,-1.29209918139422,-0.760069248269709,-0.234578747337109,-1.15841203407056,-1.32637684662949,-0.614805519926166
-0.0912161758352243,2.29140421115546,-0.541616806690707,-0.374461956889997,-0.451004748568059,-0.265300717736162,-0.0818792632064248,-0.404341505425664,-0.462969302074123,-0.214596691125027
1.7601636890208,-2.24758230558622,-0.401906903542132,-0.3232677284473,-0.38934604144947,-0.229030369574236,-0.0706852136422904,-0.349062321474526,-0.399674871822291,-0.185258298195225
0.457049662741843,-2.78438628877137,0.41953283731522,0.347293298265073,0.41828261531364,0.246052127858076,0.0759386069939992,0.375004970360702,0.429379094336235,0.199026873855374
-1.93288031207486,1.05949245029844,0.717411669160161,0.677342026050229,0.81579574248474,0.479886734440105,0.148106543298421,0.731389369365695,0.837437713754372,0.388171227746377
-0.946837856139458,-1.92709565103312,1.13048445421034,0.657249637204549,0.791596320853933,0.465651576278608,0.143713173118965,0.709693742870193,0.812596313794431,0.376656679782972
1.78189134107741,0.679915883936291,-1.07416737072942,-0.934631169768487,-1.12567668883153,-0.662172259680333,-0.204364983257521,-1.00920845829195,-1.15553938765414,-0.53561851281344
2.02410498551034,-1.04463160284962,-0.773679995366072,-0.716571389739828,-0.86304387806106,-0.507680154176575,-0.156684374332683,-0.77374897273604,-0.88593927925124,-0.410652794933191
-0.765283014906909,2.85660073523484,-0.488552885032909,-0.0588868877197649,-0.0709238028091862,-0.0417204826547755,-0.0128761143563383,-0.063585665759463,-0.0728053165543479,-0.0337469027835712
1.54898264918221,-1.16063539385762,-0.191470666379411,-0.723602881257471,-0.87151265841544,-0.512661861161924,-0.158221869221318,-0.781341530039442,-0.894632725035426,-0.414682402709351
0.302462579371709,2.42054376434005,-0.697763489117261,-0.636372309814022,-0.766451513438147,-0.450860300852072,-0.139148169510447,-0.687150545007159,-0.786784448227525,-0.364692299169384
0.751640086814135,-2.24441825528188,0.115111813684691,0.128587386282342,0.15487159844205,0.0911022474909088,0.0281167158711694,0.138847795861483,0.15898013506392,0.0736908706181669
1.65888188074341,0.424653427523722,-1.05151321265103,-0.750242394282427,-0.903597484798285,-0.531535559265624,-0.164046823288153,-0.810106697240343,-0.92756871900178,-0.429948977172126
2.10297176391701,0.857509261900859,-1.13183204739941,-1.23034702185449,-1.48183904675249,-0.871682535319427,-0.269025746899193,-1.32852044876422,-1.52115025715224,-0.705087379285013
-2.08426171856358,2.87955422293931,0.307289668068971,0.431299276732627,0.519460036677441,0.305569112084374,0.0943072222706605,0.465714061560332,0.533240617531239,0.247169027369657
-0.0983809822900722,-2.54258945624579,1.07390005883259,0.215396655072883,0.259425323390286,0.152605321147727,0.0470982942058305,0.232583861119454,0.266307530667229,0.123439533996823
-0.00846133570864143,3.3559257399904,-0.897416427665062,-0.573337393690329,-0.690531794560733,-0.406201001870287,-0.12536505377994,-0.619085866043465,-0.70885068062544,-0.328568243903973
1.87298538397075,-0.924883617505733,-0.406302776937734,-0.92112823698315,-1.1094136567832,-0.652605632968115,-0.201412453188054,-0.994628082182637,-1.13884491909049,-0.527880250907524
0.0455704488148532,2.60782234625809,-0.590607597626568,-0.573335758351483,-0.69052982494654,-0.406199843257077,-0.125364696199317,-0.619084100215565,-0.708848658760013,-0.328567306723844
-1.11715091769348,2.41718980173581,0.154259300165969,-0.0945147505720314,-0.113834264157932,-0.0669622927030217,-0.0206664468755376,-0.10205639272043,-0.116854135120854,-0.0541645215543844
-1.87589651906477,-0.0464285435013222,0.938288657612385,0.878746278423358,1.05836851264405,0.622578646733356,0.192145280712265,0.948864328050495,1.08644561546584,0.503591994375763
-1.05445092262048,-0.627219889989465,0.664968116284895,0.616072056362609,0.742001738139846,0.436477873714171,0.13470934798286,0.665230467706815,0.761686053051725,0.353058628139479
-1.93779737136561,0.35118961973906,1.17977660078248,0.590612211406821,0.711337712698564,0.418439952862825,0.129142338282748,0.637739098162027,0.730208551977939,0.338468097957335
1.44833778215496,1.06103394530793,-1.05548919359248,-0.811303931784689,-0.977140451878588,-0.574796748893447,-0.177398443149514,-0.876040535225715,-1.00306268275655,-0.464942128443943
1.9595846177263,0.0330988373250164,-0.91918783062693,-0.959732110901076,-1.15590844785546,-0.679955902519879,-0.209853515611498,-1.03631228589955,-1.18657315485996,-0.550003362361081
1.77136477051392,-1.34213583152612,-0.561354039114452,-0.554071622777266,-0.667327957677595,-0.392551490199125,-0.121152430578997,-0.598282816038408,-0.685031276946574,-0.317527414217953
-0.552710396650516,2.22686296149984,-0.236260769648309,-0.19625767427863,-0.236374193463363,-0.139045638386828,-0.0429133947330765,-0.211917718232916,-0.242644885056132,-0.11247136520322
-1.68461598489565,2.04896361404046,0.480547303930528,0.273442147186969,0.329335743113144,0.19372968755096,0.0597904303208803,0.295260993556376,0.338072580435694,0.156704249712833
0.364939878604992,-2.32009930396242,0.712009238347424,0.0194961906814187,0.0234813561552027,0.0138127606442566,0.00426300642549778,0.0210518557229737,0.0241042851664955,0.0111728786670954
-0.426664838353716,-2.56682152287773,0.936500470108887,0.611168196546005,0.736095493131758,0.43300356209163,0.133637077699423,0.659935312820828,0.755623123253413,0.350248323725316
2.23223767514989,-2.54217015574509,-0.330113265097453,-0.668157289981102,-0.804733578477682,-0.473379485768987,-0.146098223338948,-0.721471753061032,-0.826082085313568,-0.38290763839364
0.888504400790173,-2.58176659214503,-0.132199297560429,0.334520086303409,0.402898464418789,0.237002497478077,0.0731456365334304,0.361212541894551,0.413586822469019,0.191706800423143
0.292809195798814,2.34264212500576,-0.668472919676144,-0.621304280436643,-0.748303467486559,-0.440184826521143,-0.135853417878961,-0.670880188112033,-0.768154958859859,-0.356057111571114
-0.12366762333546,-2.27502748752214,0.446551519376098,0.625212956549346,0.753011105886157,0.442954065315682,0.136708082857157,0.675100750320162,0.772987484617512,0.358297096020889
-0.652595977171188,2.9846004689128,-0.501627324567389,-0.193365753516466,-0.232891142722906,-0.136996755610563,-0.0422810518824865,-0.208795041621768,-0.239069433632356,-0.110814062998985
0.542861374335384,2.26894697822276,-1.28482933313829,-0.323757925403218,-0.389936438286277,-0.229377666814568,-0.0707923993385623,-0.349591632854398,-0.400280931098499,-0.185539220309752
2.20177984388916,-1.54348880351726,-0.64825874033465,-0.775077485086421,-0.933509051721519,-0.549130851107989,-0.169477225226935,-0.836923461449104,-0.958273799838204,-0.444181473190119
-0.794202183615181,-2.36494389642595,0.767356197509568,0.978737739785062,1.17879896775603,0.693421107439025,0.214009256565051,1.05683443628924,1.21007092967526,0.560895109830242
-1.54095474360745,-0.987868075941279,1.18260600840417,0.762683181888609,0.918581261342408,0.54034967194221,0.166767106361397,0.823540176120662,0.942949995121582,0.437078544825537
0.281090017238352,-2.10631790142417,0.49229805670701,0.180895633071528,0.217872037490983,0.128161861054719,0.0395543549368023,0.195329889339218,0.22365189160186,0.103667685279764
1.71199735247506,-2.73966452271915,-0.0558336586290312,-0.364913045104943,-0.439503968637078,-0.258535455995787,-0.0797913131570344,-0.394030654629465,-0.451163421814858,-0.209124399921039
-0.866549373055019,2.69550661432512,0.0965262884555859,-0.368748448470655,-0.444123356798632,-0.261252782140696,-0.0806299564314864,-0.398172097417637,-0.455905356173541,-0.211322393218536
2.54218277501748,-1.35949482185424,-1.39975692977166,-0.547124758718137,-0.65896110325974,-0.387629740507356,-0.119633440197489,-0.590781638896184,-0.676442461057852,-0.313546304753148
-1.34552440881648,-1.56833494749889,1.08510221795421,0.894580621202144,1.07743951212019,0.633797042692672,0.195607593228209,0.96596214500839,1.10602254308215,0.512666340925378
1.82764417646009,0.902932416220909,-1.34006131559996,-0.850823042618743,-1.02473756105724,-0.602795450165121,-0.186039629839184,-0.91871300561613,-1.05192247965925,-0.487589743949735
-0.237127191808857,2.19338833328783,-0.477196526793151,-0.263345586274839,-0.317175370525776,-0.186576424562907,-0.0575827321737307,-0.284358794911849,-0.325589609407983,-0.150918111699027
-2.35612835119278,2.23933515306126,0.745769552447408,0.564165745725998,0.679485393963828,0.399703025926431,0.1233595956449,0.609182382186435,0.697511233777002,0.323312155083481
0.228585198100289,2.4307765477186,-0.996680499978361,-0.343742160540934,-0.414005598791836,-0.243536199685243,-0.0751621207981467,-0.371170475702614,-0.424988614279548,-0.196991787536703
1.40646405710033,-0.635027270775756,-0.599157324274756,-0.484488058073547,-0.583520998048613,-0.343252571259917,-0.105937397638039,-0.523146950331626,-0.59900103063193,-0.277650458849457
-0.726126619957028,-2.27680086480189,1.0239293488994,0.686562022810977,0.8269003747294,0.486418964785924,0.150122573305329,0.74134505992829,0.848836937058391,0.393455024299364
-1.69741631630887,2.39643072171574,0.46879460382104,0.160750403412027,0.19360897399346,0.113889265963849,0.0351494306680101,0.173577205687935,0.198745161441493,0.0921228552981366
-0.221561977847441,1.95484788992785,-0.225215087052088,-0.382469776006444,-0.460649425098585,-0.270974138279972,-0.083630240353985,-0.412988294711316,-0.472869838989189,-0.219185812807212
-1.53854844057495,2.3549843287069,-0.00310636664940706,0.410534207869308,0.494450434261539,0.290857370151942,0.0897667649353412,0.443292079700828,0.507567543772252,0.235268979882696
-1.64932918949073,2.4144068997584,0.286079830205143,0.255876154518223,0.308179131710712,0.181284443442664,0.0559494779604542,0.276293352680473,0.316354712394755,0.146637529092274
-1.98658047411845,2.97100238088093,0.696458875342597,0.00901002280151439,0.0108517380562192,0.00638346692388608,0.00197011743085508,0.00972896209201321,0.0111396201705864,0.00516346465799736
-1.92270990493052,2.6015707002787,0.00361566791895125,0.637635262610122,0.767972623120393,0.451755084092684,0.139424324784718,0.688514272951909,0.788345910917671,0.365416072268636
0.920433302382636,-2.97144712742413,0.405851286021753,0.0355434984817684,0.0428088522773711,0.0251820391486056,0.00777188553848426,0.0383796308804606,0.0439445139422027,0.0203692712299627
-2.23234836492727,1.31038562288906,1.03589149181429,0.587022033937174,0.707013676418723,0.415896365611912,0.128357315717475,0.633862448649007,0.725769804791846,0.336410638737882
-1.88599999534883,-0.794875474354736,1.65413882767721,0.613552315107724,0.738966943148776,0.434692674574098,0.134158385318631,0.662509668027336,0.758570749003565,0.351614614599945
-0.243892465610175,2.70317109755281,-0.321358932454662,-0.574233238616422,-0.691610756811008,-0.406835694654159,-0.12556093782409,-0.6200531933764,-0.709958266302886,-0.329081634792856
-2.08884299593173,1.15255192533733,0.7602911108439,0.740839337519181,0.892272373733599,0.524873633635257,0.16199076566869,0.799953339716843,0.915943167869166,0.424560272576839
1.47540517747135,-0.142207079734892,-0.467718272450065,-0.834174077731885,-1.00468542469317,-0.590999906578446,-0.182399193332876,-0.900735565178545,-1.03133838690403,-0.478048553690918
1.48439198833854,1.24153857138461,-0.973664882835909,-0.974904529506632,-1.17418222096501,-0.690705335063783,-0.213171092827619,-1.05269536158198,-1.20533170675914,-0.558698373347398
-0.182338554263939,-2.40732163583051,0.678480985996868,0.544280868489612,0.655535900848997,0.385614886648618,0.119011599627927,0.587710825332592,0.672926392602699,0.311916527891346
0.914244999099209,1.13313720442461,-0.658627522068096,-0.695146474687936,-0.837239552018644,-0.492500921049903,-0.151999636066401,-0.750614493394941,-0.859450398909557,-0.39837460273456
-2.10253517754305,0.98161891031064,0.876992683906364,0.726536314837859,0.875045707500991,0.514740155151444,0.158863289199523,0.784509031912827,0.898259501193603,0.416363495083098
-2.66513413529268,1.39521907128626,0.950957124452462,0.988932861345986,1.19107804751728,0.700644199178395,0.216238505828825,1.0678430600602,1.2226757570196,0.56673773098931
1.59939689526854,-2.54925335242411,-0.1175378713344,-0.293696143334216,-0.353729805772414,-0.208079342077998,-0.0642191372990086,-0.317131122530436,-0.363113784990573,-0.168311411602806
1.15230592588029,1.94439073499106,-1.20234762457715,-0.782332944420337,-0.94224758056919,-0.554271235954504,-0.171063692566419,-0.844757857695909,-0.967244150182864,-0.448339432462088
1.55386085069155,-2.7911696179424,0.312441614353695,-0.498773192486433,-0.600726119518501,-0.353373376172042,-0.109060962686531,-0.538571942503557,-0.616662580991,-0.285836984932752
-2.24373895951563,2.41379643716218,0.539706938017261,0.56309377126679,0.678194300002076,0.398943547992318,0.123125199393743,0.608024871366874,0.696185888817149,0.3226978278663
-1.3771895995149,2.65236407911267,0.0993651341116269,0.0796106407711149,0.0958836441557834,0.0564029529499496,0.0174075376411205,0.0859630350827615,0.0984273091493352,0.0456232730013829
-2.11094286509542,-0.973407198096567,1.74063277615125,0.805357352706331,0.96997834808479,0.570583686208346,0.176098173510434,0.869619459085843,0.995710577916583,0.461534262383723
-1.22084722577009,-1.1939460660194,0.94909470383642,0.751893435977768,0.905586011619185,0.532705297709615,0.164407837471437,0.811889480971324,0.929609998782871,0.430895156291821
1.64273619741651,0.492164578896731,-0.934836101144033,-0.853547398447875,-1.02801879535386,-0.604725615682709,-0.186635333204765,-0.921654746738286,-1.05529076071854,-0.48915101802744
-1.36613893032219,-0.932533790044585,0.89923238114968,0.814512688907857,0.98100510267401,0.577070105511266,0.178100064941045,0.879505329610977,1.007029857575,0.466781003257754
-2.19820088693284,0.912096755716006,0.711389568820237,0.963917914010238,1.16094986005786,0.682921481662779,0.210768776743368,1.04083208797672,1.19174830899354,0.552402162774312
2.15781146664917,-1.14777597016922,-0.510183643830176,-0.996864678713182,-1.20063118697927,-0.706263773615132,-0.217972864553294,-1.07640778316759,-1.23248232850998,-0.571283297582363
-0.739894480029905,-2.62793867763108,1.10426550782285,0.769613339753178,0.926927994696058,0.545259585544022,0.168282443792649,0.831023314026232,0.951518156161145,0.441050080302898
1.73429745246372,-0.993586280562417,-0.452203403016876,-0.74108747890415,-0.892571237051695,-0.525049438109706,-0.162045023874092,-0.800221281117325,-0.916249959631857,-0.424702477463518
-1.51785679777604,3.29724039567258,-0.194290259470205,0.182414293210664,0.219701122987143,0.129237809138354,0.0398864227769806,0.196969728355144,0.225529500292854,0.104537999165609
-1.36052313780966,1.29287371128479,0.448549944301505,0.311844841389838,0.375588231849641,0.220937424271773,0.0681875031038873,0.33672796476849,0.38555208591211,0.178712069077626
1.02080276390691,-2.60964132271825,0.314485489396492,-0.116579274979146,-0.140408940435201,-0.0825946795289929,-0.0254910411185929,-0.125881517946422,-0.144133802060052,-0.0668092611384516
-0.0146016621380353,-2.60000731302049,0.646988795381352,0.499936152174807,0.602126796762743,0.354197315785524,0.109315253624959,0.539827698562335,0.618100416331441,0.286503453973051
1.04330037372985,1.88080665994629,-1.01782408813329,-0.809660107377313,-0.975160617612656,-0.573632123790457,-0.177039007087078,-0.874265544673793,-1.0010303261323,-0.464000085408268
1.77688210511607,-2.98609560386598,0.151643905809772,-0.488149171589937,-0.587930470227448,-0.345846415643145,-0.106737930967851,-0.527100196111373,-0.603527480217288,-0.279748570104805
0.802485449136542,-3.59288003867224,0.238683627266745,0.503969387726969,0.606984455471856,0.357054803087237,0.110197154574501,0.544182759216404,0.623086942237017,0.288814820957323
1.1103804680672,-1.98080325209619,-0.173752321518764,-0.0512255928727819,-0.0616964826700021,-0.0362925693933757,-0.0112009076611427,-0.0553130510520389,-0.0633332079381614,-0.0293563672601488
1.28109960383976,-2.21029400699876,0.112096232292996,-0.332185975475488,-0.40008724408597,-0.235348814729992,-0.0726352635267314,-0.358692184703048,-0.410701024216131,-0.190369167984988
-1.70746179274089,-1.617859951366,1.16843771168571,1.1560222561056,1.39232174954197,0.819024546073954,0.252774010386219,1.24826506602011,1.42925818562815,0.662493336005365
-1.67935229413881,-0.969890130304656,0.780138113240531,1.18817369105585,1.43104517543086,0.841803358745315,0.2598041926419,1.28298196948702,1.46900889227729,0.680918683168927
2.25692578885003,-1.52260514795781,-1.18692078397135,-0.408731859765618,-0.4922796728841,-0.289580433371792,-0.0893726663305128,-0.441345916326583,-0.505339194995275,-0.234236090073222
-1.19253518038724,-1.9595569597565,0.956017032310103,1.01494380625883,1.22240582182008,0.719072566139046,0.221926018179758,1.09592950363634,1.25483461532552,0.581644085583218
1.82921271921653,0.309146015740634,-1.34838975183441,-0.618764983297796,-0.745245119244306,-0.438385772328625,-0.135298179155867,-0.668138272120428,-0.765015476724224,-0.354601890943883
0.647740547921163,2.46695741583091,-1.05541621998101,-0.667961765266016,-0.804498087065689,-0.473240959421269,-0.14605547021192,-0.721260626787212,-0.825840346628995,-0.382795587072755
-0.663336823413202,2.39797020428348,-0.569146953521733,0.0927065295686076,0.111656429416647,0.0656811950609057,0.0202710641116799,0.100103887828507,0.114618525333137,0.0531282661030155
0.277827637424605,-2.43869151827868,-0.00298203471717412,0.697947389394825,0.840612994393491,0.49448532739181,0.152612079675917,0.753638902278979,0.862913334204205,0.39997975118065
2.25930990583101,-0.132772643252509,-1.38321994832123,-0.788302614936778,-0.949437495861687,-0.558500658579471,-0.172369011343074,-0.851203867815495,-0.974624804323442,-0.451760531765672
2.02091848440479,-0.487315718567318,-0.953467920627991,-0.786222248254712,-0.946931886853586,-0.557026749778453,-0.17191412163267,-0.848957501848041,-0.972052724855467,-0.450568315044897
-1.79892287327993,0.728476303035458,0.561461181229305,0.811887341000109,0.977843114249682,0.575210085630964,0.177526010492011,0.8766704965772,1.0037839858217,0.465276468648328
1.70241569645124,-2.1627180224914,-0.600997026121754,-0.150924226025814,-0.18177425332314,-0.106927565675745,-0.0330008541578598,-0.162966965358266,-0.186596481441169,-0.0864916686990975
-1.73873867136887,-0.35193451446892,1.02309539256137,0.81256467386584,0.97865889895941,0.575689965875454,0.177674115032328,0.877401876055314,1.00462141221002,0.465664634626477
-1.8614319593238,0.968361003530383,0.937021451482137,0.479701214419949,0.577755688172128,0.339861163845562,0.104890713924969,0.517978148712342,0.593082774785995,0.274907214068261
-0.52177728727399,-2.2950283900627,0.811986049000832,0.685537613435536,0.825666568506097,0.485693186005037,0.149898577560662,0.740238909566641,0.847570399604159,0.392867955684563
-1.81005551484748,2.00656093969096,0.312041718859285,0.528041961671196,0.635977641453341,0.374109863094404,0.115460825774656,0.570176162842554,0.652849278712123,0.302610333746387
0.1319803782879,2.45799216833084,-0.664605445202171,-0.531682004668686,-0.640361736143478,-0.3766887793289,-0.116256751857908,-0.574106656817544,-0.657349677577909,-0.304696369906914
-0.178199421014666,2.36718800754566,-0.189376272381218,-0.604906754877568,-0.728554166507285,-0.428567423952269,-0.132267960701051,-0.653174250171427,-0.747881735307653,-0.346660016184335
1.75804072440436,-2.04649845095619,-0.374613751264151,-0.419636639222014,-0.505413469859815,-0.297306307157648,-0.0917570882748241,-0.45312082392562,-0.518821414060009,-0.240485402041322
0.522314193728153,2.20200162603961,-0.676538680028113,-0.756362063676309,-0.910968059847429,-0.535871253860581,-0.165384940583697,-0.816714675140102,-0.935134825561016,-0.43345603784556
1.76418826096109,-3.34135357938511,-0.432152404810214,0.114879004528743,0.138361122137849,0.0813900632454488,0.0251192626530663,0.124045577336442,0.142031657878843,0.0658348699994839
-0.795672924703338,3.07289261399392,-0.283841519376837,-0.275768348336649,-0.332137436971029,-0.19537776640985,-0.0602990738097613,-0.297772809930451,-0.340948599488993,-0.158037349271887
-2.38096692457809,1.3367065551355,0.872884560032849,0.830768149106027,1.00058329908259,0.588586856888425,0.181654458330327,0.897057866329269,1.02712743738082,0.476096683815036
0.122653745213355,-2.55158585868915,0.590832299626189,0.408665542577778,0.492199799972908,0.289533448632199,0.0893581655184053,0.441274307472671,0.505257203162447,0.234198085013393
0.011849175698896,2.64357055639247,-0.624233555528728,-0.532034655760582,-0.640786471725041,-0.376938627373725,-0.11633386199164,-0.574487447097474,-0.657785680827069,-0.304898467225614
-2.19010019569397,-0.693448168985167,1.49930816687294,0.954382484798911,1.14946531863833,0.676165772125026,0.208683774772367,1.03053579557306,1.17995909803173,0.546937598164859
-1.80964526055298,1.02512333972838,0.707002247440066,0.593851711944012,0.715239391089064,0.420735090731466,0.129850682380891,0.641237089079219,0.734213736684093,0.340324591209554
-2.39756542503584,1.24226859295548,1.00024138336969,0.781376058752247,0.941095100398095,0.553593296714309,0.170854461449521,0.843724618979835,0.966061096252367,0.447791060339423
-1.1716536177376,2.74668959574912,-0.0283389853250874,-0.031298261393381,-0.0376958573511004,-0.0221743519168684,-0.00684362866608892,-0.033795652391795,-0.0386958780907182,-0.0179364103867
-0.914930335589788,2.88246690241054,-0.105705839718495,-0.240920701299381,-0.290166673316529,-0.170688727642903,-0.052679342054935,-0.260144554765052,-0.297864407541267,-0.138066856648821
0.068605503953581,2.15668715752399,-0.595608903825542,-0.416633410430706,-0.501796358906367,-0.295178564300997,-0.0911004069854485,-0.449877957652366,-0.515108345984874,-0.238764311421973
1.46236105423929,-3.20740164993879,-0.233235185299487,0.164737935169452,0.198411586714391,0.116714372807885,0.0360213380975975,0.177882915691485,0.203675181062354,0.0944080303477101
1.59807285624671,0.872396028906648,-1.32217819296382,-0.657980765809822,-0.792476897549977,-0.466169570003117,-0.143873040551177,-0.710483210626467,-0.813500251013904,-0.377075675028261
0.53480248865906,1.54204330402329,-0.767734139249923,-0.443505804610882,-0.53416166907381,-0.314217255233717,-0.096976282479823,-0.478894588360185,-0.548332264595948,-0.254164345437625
1.19719925958826,1.9457137485635,-1.12103674396709,-0.884582924991333,-1.06539821290981,-0.626713823872621,-0.193421512681331,-0.955166699804178,-1.09366180428905,-0.506936860303282
0.584078863646342,1.33586059389853,-0.332774779969966,-0.746730156535252,-0.899367319696249,-0.529047191146939,-0.163278842900151,-0.806314206516051,-0.923226333270442,-0.427936183655668
-0.298155748607475,2.06775517856758,-0.235707769339728,-0.352293397550155,-0.42430477184888,-0.249594623710263,-0.0770319208484204,-0.380404043978217,-0.435561010639674,-0.20189233119258
-0.334689944031355,-2.62540054442402,0.490365143522344,0.904216489854721,1.08904502354513,0.640623912078207,0.197714557129641,0.976366891245967,1.117935933222,0.518188465378639
0.770349282081808,-2.04937479376026,0.197520041879537,-0.0262799556483806,-0.0316517728209689,-0.0186189570590692,-0.00574633381574471,-0.0283769195611704,-0.032491452071976,-0.0150605192898451
-2.22865064677082,1.36411748259958,1.29582665202125,0.360093057350416,0.433698739760462,0.255120566479704,0.0787373822069256,0.388826064232659,0.445204187971044,0.206362160915573
-0.247249569612615,-2.84271722007212,1.13934773760846,0.405448556390823,0.48832523803224,0.287254261845283,0.0886547443727149,0.437800627399614,0.501279854269315,0.232354494286984
0.738022545486878,-2.7771906489774,0.26634478445478,0.225473977213315,0.271562524658825,0.159744953752651,0.049301785633385,0.243465285867546,0.278766715671975,0.129214646653655
1.36420024805962,-2.43551031755669,-0.141015436732484,-0.118857506302618,-0.143152859079851,-0.084208772480667,-0.0259891956006369,-0.128341536824418,-0.146950513200888,-0.0681148701452917
0.105064847393086,2.18926148219453,-0.674972306302812,-0.398015855109931,-0.479373237673616,-0.28198830371988,-0.0870295215875557,-0.42977484648917,-0.492090369299682,-0.228094961184483
1.25388206894186,-3.29175840643312,0.0490007895576866,0.153504191174799,0.184881582417386,0.108755432547576,0.0335649852841606,0.165752794394012,0.189786243825368,0.0879701953531489
-0.921208206715526,-0.809192089431495,0.612327200134841,0.613494455906074,0.738897257098666,0.434651682191713,0.134145733916496,0.662447192050091,0.758499214275634,0.351581456643585
1.38333847420314,0.348249106733132,-0.613834092997052,-0.829051409182901,-0.998515644830563,-0.587370572228818,-0.181279078675769,-0.895204142093285,-1.02500493102355,-0.475112854349195
-1.83984442546287,-0.0687327570005499,0.56492994917479,1.14856690885522,1.38334247421031,0.813742543616544,0.251143835868948,1.24021483214395,1.42004070211688,0.65822082494868
-1.67074941154294,1.95764518518279,0.0727620143385672,0.615411936475658,0.741206684868984,0.436010188608708,0.134565007205441,0.664517674687551,0.760869908079656,0.35268032657672
-1.38702343475447,2.72581019454996,0.117946064220456,0.0453781587360313,0.0546537897766672,0.0321497494223457,0.00992231689923557,0.0489990309540622,0.0561036818103282,0.0260053191917684
0.837654237580827,1.87482553115601,-0.672968523362881,-0.902213623613274,-1.08663275664052,-0.639204911184769,-0.197276613543828,-0.974204209733647,-1.11545967209883,-0.517040662617178
1.68025092249603,0.608859509122877,-0.774360210963955,-1.05550989014698,-1.27126391308338,-0.747813032221781,-0.23079613435262,-1.13973248849703,-1.3049888464831,-0.604891700498755
1.84000586187451,0.221711555675615,-0.923791522551404,-0.926545311481051,-1.11593802134667,-0.656443549546502,-0.202596942187433,-1.00047740283373,-1.14554236633028,-0.530984668436295
-1.15378606838976,-1.65734488816781,1.20253410262436,0.673768413928102,0.811491657631887,0.477354883491119,0.147325142886012,0.727530607003641,0.833019447279972,0.386123261797735
2.47166764439471,-1.52323609544918,-1.07570202995727,-0.678009612705008,-0.816599788785963,-0.480359709639335,-0.148252516747563,-0.732110224950699,-0.838263090329883,-0.388553808365099
-0.633801331801603,-1.99442772887984,0.370092630596655,1.01144970691597,1.21819750274626,0.716597048809593,0.221162003906747,1.09215659863918,1.25051465516835,0.579641686825098
-1.75758957117888,1.28348680245869,0.261766016246661,0.799032078765772,0.962360141399981,0.566102323855158,0.174715099047722,0.862789470777828,0.987890270385187,0.457909373838631
-2.0199009559008,0.221563717864422,0.607523572634207,1.15740783029258,1.3939905453337,0.820006204743196,0.253076977861179,1.24976119971897,1.43097125234298,0.663287380982066
2.52640674286943,-1.94015306095676,-0.747158026980989,-0.822147592462464,-0.990200636945596,-0.582479320935195,-0.179769500957711,-0.887749447178191,-1.01646933708698,-0.471156414457025
0.88302066293479,-2.83075261611617,0.233092775202892,0.148677947247695,0.179068818560279,0.105336110626426,0.0325096863691847,0.160541448624086,0.183819275108096,0.0852043710597532
0.48133266309604,-2.57663281843209,-0.145090498052475,0.688774949384877,0.829565639850991,0.487986790295434,0.150606448353427,0.743734563176413,0.85157290810327,0.394723208454587
0.341788505219696,2.8249662181846,-0.931059243063762,-0.641903851515139,-0.77311374314721,-0.454779315738609,-0.140357687728652,-0.693123466575295,-0.793623417991048,-0.367862315573023
-0.585958615410988,2.30674218275734,-0.0205638991430889,-0.367177620948715,-0.442231440521046,-0.260139874243531,-0.08028648175334,-0.396475928412217,-0.453963249884422,-0.210422183244373
2.20202708926278,-0.979703262177162,-0.852361972284625,-0.831106097818635,-1.00099032700987,-0.58882628851656,-0.181728353664902,-0.897422781078815,-1.02754526321528,-0.476290355492923
1.32395000213979,-2.82458573453806,0.111696397445827,-0.133586453858412,-0.16089251237933,-0.0946440123926305,-0.0292098041337189,-0.144245755446538,-0.165160775804936,-0.0765557367034825
-1.8273576648793,2.15239768355987,0.695769897481551,0.186973275840168,0.225191995362064,0.132467780411803,0.0408832827564962,0.201892487171375,0.231166038176915,0.107150661331116
0.328093300792559,3.299879049547,-0.989443497464065,-0.766067089971708,-0.922656865248531,-0.542747120405748,-0.167507026386661,-0.827194097335799,-0.947133719354951,-0.439017795166841
-0.341125833616554,-2.82871148268131,0.939518077040687,0.636157188629202,0.766192419893166,0.450707890697494,0.139101131450134,0.686918258596969,0.786518481276905,0.364569017501904
1.14782230799371,-1.79852324802298,-0.391399203089849,0.0174860799519199,0.0210603639356437,0.0123886271389621,0.00382347877130931,0.0188813516611244,0.0216190672574273,0.0100209242337855
1.97214362338628,-0.186889783955807,-0.534563177891265,-1.1871089751544,-1.42976282372971,-0.841049023391232,-0.259571383535577,-1.28183229640936,-1.46769252149854,-0.68030851568666
0.176328499343117,2.91165645614486,-0.504407501262591,-0.867988411857676,-1.04541165863976,-0.614956858541869,-0.189792982509834,-0.937248056003896,-1.07314503343319,-0.49742687525997
1.93912619415081,-1.84504919176688,-0.356243357651106,-0.664913320650812,-0.800826517839746,-0.471081181827013,-0.145388902101527,-0.717968936771074,-0.822071375576144,-0.38104858416508
1.76608820603119,-1.17883775145541,-0.619369543339571,-0.566615395950599,-0.682435770799973,-0.401438566615762,-0.123895232314562,-0.611827498042282,-0.700539880169358,-0.324716000849227
2.04591855731694,-3.07100312078051,-0.333993817845092,-0.304672137920661,-0.366949374777119,-0.215855670722533,-0.0666191310317761,-0.328982927748478,-0.376684051501648,-0.174601535543886
-1.63553392171204,-0.201697541179276,0.939462922342642,0.732822648519224,0.882617014249816,0.519193928911125,0.160237849046336,0.791296972790565,0.906031664596364,0.419966067741033
-1.64793439430945,2.46797345121319,0.249029780744526,0.263194396842062,0.316993276855482,0.1864693091022,0.0575496733298814,0.284195541578023,0.325402685035865,0.15083146804562
-1.38024114917324,0.224361740862498,0.610960763660768,0.609877015169932,0.734540384739152,0.432088779322655,0.133354750008202,0.658541103845063,0.754026759912538,0.349508373388975
0.0443610493283154,2.53204146194159,-0.740038304810289,-0.426505910273904,-0.513686870686254,-0.302173083359766,-0.0932591122912698,-0.460538216659895,-0.527314297158374,-0.244422044498728
0.778795500989792,-2.1813237822606,0.0880325770788879,0.102569410790101,0.123535356457459,0.0726688994694934,0.02242766622479,0.110753760712936,0.126812584439911,0.0587804869391987
0.244544920570279,-3.23083110368694,0.417210165184167,0.700341056161256,0.843495944338837,0.496181204635067,0.153135475090567,0.75622356757279,0.86587276496042,0.401351513941274
2.51989562615378,-1.15675342574679,-1.30195964336042,-0.682115862118248,-0.821545385929012,-0.483268926173863,-0.149150382793263,-0.736544125481455,-0.843339887558575,-0.390907018139288
2.08346052029385,0.758065441101292,-1.04450168211101,-1.24405178891743,-1.49834516949655,-0.881392158610406,-0.272022409734716,-1.34331876417057,-1.53809426528304,-0.712941308396456
-1.58971742050393,1.85991121241286,0.157338942556833,0.517735212686078,0.623564116797342,0.366807684988013,0.113207168233677,0.559047004528852,0.640106439829573,0.296703741133262
-1.68305765364094,-0.343161506601076,1.32656080423313,0.524584729547467,0.631813725530736,0.371660465640458,0.114704872829862,0.566443066820932,0.648574899662447,0.300629062857442
-1.8338621017103,-0.129603481087553,0.953414919174004,0.862965160210598,1.03936161722861,0.611397959586132,0.188694606196312,0.931823982621434,1.06693449250534,0.494548149765118
-0.833286827674715,-2.40419553728242,1.16903605829066,0.712869268021553,0.858585015300778,0.50505725609325,0.155874874213871,0.769751446575389,0.881362128818288,0.408531182693908
1.11068557185338,-2.23029585900571,0.0560923167507899,-0.135882703785395,-0.163658132763225,-0.0962708712564508,-0.0297118985352987,-0.146725230691555,-0.167999764403169,-0.0778716718132037
2.14916856904833,-1.90787084321855,-0.440572937202725,-0.753525481105523,-0.90755165883368,-0.533861577368482,-0.164764697895097,-0.813651752336244,-0.931627791992162,-0.431830448856897
1.42658760470584,1.4617981531164,-1.12944233308228,-0.88811426961939,-1.06965139048041,-0.629215728931758,-0.19419367094989,-0.958979822010088,-1.098027812979,-0.508960603592713
-1.15380764417973,2.94618930760175,0.32345895699827,-0.397782624580988,-0.479092333100724,-0.281823063364784,-0.0869785237665068,-0.429523005730853,-0.491802012703717,-0.227961301412483
1.27542875228585,1.7204887503395,-0.70953602077104,-1.18680106098758,-1.42939196963137,-0.840830870791338,-0.259504055507601,-1.28149981276059,-1.46731182913638,-0.680132056208912
-0.141056253425151,2.78151030995117,-1.06234131598755,-0.112178627226506,-0.135108767756248,-0.0794768861569354,-0.0245288023945054,-0.121129728066541,-0.138693022880147,-0.0642873375380772
2.08928497221478,-1.12590232601488,-0.99733821143537,-0.566039582112889,-0.681742256357932,-0.401030611090198,-0.123769325765424,-0.611205738128624,-0.699827967715599,-0.324386013404568
-0.493342973579307,-2.5041058920497,0.40112715449708,1.06252119118257,1.27970837587196,0.752780434551399,0.232329214422172,1.14730324425357,1.31365732958894,0.608909737511693
-0.0804194040818918,-2.4541380526247,0.401621549934394,0.692016627610571,0.83346994106562,0.490283471023936,0.151315268621516,0.747234905547021,0.855580785213573,0.396580949696724
-0.246470801307424,-2.57526600145478,0.618403304554324,0.709946754749689,0.855065118715526,0.502986698979629,0.155235842053171,0.766595736377787,0.877748854078674,0.406856348531528
-2.17146624995161,0.227051034508686,1.43395641739814,0.637930949165629,0.768328750193298,0.451964573612134,0.139488979142416,0.688833553308132,0.788711485566089,0.365585524345821
-1.98522131001573,1.64080230949506,0.651053570832834,0.55161353880048,0.664367423167985,0.390809974322017,0.120614949798332,0.595628593473609,0.681992203411245,0.316118735236765
-0.977069649864084,3.01101417059392,-0.183169850913369,-0.176639947656287,-0.212746458522625,-0.125146771339064,-0.0386238134496716,-0.190734628817407,-0.218390337870462,-0.101228836708431
-1.9193818228958,0.297003377824843,0.843729617677261,0.858431663272253,1.03390144000849,0.608186044545183,0.187703318877986,0.926928743083305,1.06132946407753,0.491950092941738
1.91583809336326,-1.15529525775663,-0.545952222082807,-0.76032128251855,-0.915736572284049,-0.538676301426013,-0.166250657155731,-0.820989813048041,-0.940029840262576,-0.435724987327214
-0.335659294070415,2.06055939785618,-0.448605821980127,-0.151187509223664,-0.182091353552587,-0.107114097899039,-0.0330584232482787,-0.163251256786577,-0.186921993916105,-0.0866425510572328
-1.78043199951326,2.28747398519422,0.323177386863754,0.386817850302686,0.465886277918077,0.274054684141409,0.0845809834486905,0.417683316126165,0.478245618518347,0.221677607606579
-2.54556604412303,1.04388548694381,0.872678649810617,1.08273830047441,1.30405801172994,0.76710395529092,0.236749855778447,1.16913354304896,1.33865292875884,0.620495760279331
1.32916913742734,-1.75298891670891,-0.0319816823818614,-0.435119823558375,-0.524061531512457,-0.308275912592051,-0.095142617037424,-0.469839462356456,-0.537964183877334,-0.249358506679927
-0.523142752533241,2.06179594158949,-0.222277791346375,-0.169256776670904,-0.203854112817997,-0.119915904690129,-0.0370094208811156,-0.182762330387312,-0.209262090113105,-0.0969976884320289
1.16721903870402,1.8421374774734,-0.884251207419464,-1.00467491155753,-1.2100378891433,-0.711797207228794,-0.21968063779701,-1.08484122012401,-1.24213857791651,-0.575759186506391
1.49907838959587,-1.11821900167627,-0.671753647011269,-0.321830885060705,-0.387615496654786,-0.228012387440873,-0.0703710357246868,-0.347510827638351,-0.397898417985947,-0.184434871861108
-2.24578654494042,0.343436249340358,0.933589306992038,1.04790103555113,1.26209975237026,0.742422272097061,0.229132394160354,1.1315164984205,1.29558157282818,0.60053121743906
1.43982830056175,-1.39083373291761,-0.572968368599307,-0.244544176709251,-0.294530813881684,-0.173255905988394,-0.0534716454955057,-0.264057159170231,-0.302344322925791,-0.14014339825478
-1.58578136491913,-1.20372699659139,1.25500364951781,0.826656465232725,0.995631156635675,0.585673790119904,0.180755403994128,0.892618097705046,1.02204392121009,0.473740359659998
0.469146798692815,-3.66010584097,0.835221262551672,0.346566278148181,0.417406986911369,0.245537044936377,0.0757796379174025,0.374219938922581,0.428480236682157,0.198610233102967
-1.02881776933207,2.61820592925963,0.441447573842403,-0.470978320211594,-0.567249769915709,-0.333681123252298,-0.102983379581209,-0.508559226146301,-0.582298148552535,-0.269908297089635
-2.25837091853537,0.372012627355372,1.23008955793297,0.815833151359054,0.982595477409915,0.578005633485739,0.178388795186151,0.880931156094953,1.00866242282815,0.467537733995197
-0.859123401846936,2.84162587856377,-0.300033465952166,-0.120803537299985,-0.14549667319641,-0.0855875064504035,-0.026414711681268,-0.130442848021997,-0.149356505574982,-0.0692301017600866
1.57133820513476,1.35828021081703,-0.773265006490503,-1.25012491360278,-1.50565968575471,-0.885694876972787,-0.273350349637414,-1.34987648340674,-1.54560282588646,-0.716421695224236
-0.497036404481808,-2.272882180259,0.887582138165603,0.596931555687079,0.71894877765668,0.42291711414003,0.130524116175254,0.644562683662685,0.738021528322173,0.342089588332181
-1.58568565062108,-0.300866189953351,1.14160017362481,0.570277537037905,0.686846480592815,0.404033139017676,0.124695990331417,0.615781853386202,0.705067600200969,0.326814700985006
1.42056575762617,-2.78051623460182,-0.581584719277209,0.309550424637817,0.372824819355218,0.219311864185102,0.0676858095414645,0.33425046897348,0.382715363775708,0.177397184523972
-0.23234064001348,2.72736264803919,-0.518489453361291,-0.439151362659855,-0.52891714700383,-0.311132197983729,-0.0960241470437258,-0.474192691194476,-0.542948612361333,-0.251668901462094
-0.846580524133493,-1.74300924640732,1.11696903124004,0.51225198962414,0.616960082414436,0.362922903137485,0.112008215293205,0.553126257102699,0.63332720923647,0.293561415179606
-1.38741308405943,-1.21922131937298,0.958907781492175,0.895474964112945,1.07851666533215,0.634430671321087,0.195803148844054,0.966927850475304,1.10712827172991,0.513178871039206
1.21380483212436,-2.87334604702141,0.309437597141469,-0.175944318195699,-0.211908637258819,-0.1246539282297,-0.0384717082046672,-0.189983492799083,-0.217530290327728,-0.100830185316095
0.00444424287307648,2.48958632096509,-0.127824889616079,-0.855068774181631,-1.02985115153226,-0.605803487724675,-0.186967994832596,-0.923297518035039,-1.05717172685859,-0.490022888166487
1.99299583199331,-1.82630531516961,-0.638291153351671,-0.497323562311173,-0.598980174221041,-0.352346334789407,-0.108743988829807,-0.537006641578883,-0.614870318097115,-0.285006230744665
1.84414297438779,-0.306420599454026,-0.879217899638764,-0.763123081425161,-0.919111079595577,-0.54066133421025,-0.166863294102969,-0.824015176684998,-0.943493868745252,-0.437330642490558
-2.28509473009005,-0.52661198008992,1.38485023324214,1.06089089936714,1.27774484035978,0.751625397088191,0.23197273737503,1.14554286610351,1.31164170410261,0.607975449734996
2.50805021136871,-1.04347221191059,-1.34288448221944,-0.683328557305526,-0.823005964975734,-0.484128102647362,-0.149415548817745,-0.737853585597828,-0.844839213816297,-0.391601989603665
-0.908821385090357,2.04651445669623,0.00982235637325979,-0.0170426976301619,-0.0205263509902305,-0.01207449736949,-0.00372652948939609,-0.0184025904087191,-0.021070887661932,-0.00976683065391196
1.95678028003102,-0.838909628371634,-0.540649356824745,-0.920160121300695,-1.1082476510998,-0.651919737430047,-0.201200766533857,-0.993582717372493,-1.13764798083392,-0.52732544308724
-1.24126743708414,-1.58062398718341,0.90348342787233,0.952663454114916,1.14739490537698,0.674947864495471,0.208307894223636,1.02867959778888,1.17783375947232,0.545952455909577
0.546867564719717,2.07950573658078,-0.860902597525818,-0.586267960743548,-0.706105465090882,-0.415362115988383,-0.128192431257621,-0.633048205480371,-0.724837499830709,-0.335978494405886
-0.591565093714354,-2.18158091724836,0.451468300680312,0.983422490256419,1.18444131584925,0.696740183354742,0.215033616743283,1.06189299837619,1.21586296172607,0.563579847041598
1.54156004037719,-2.21186569300436,0.243576344381751,-0.655812877349441,-0.789865876665191,-0.464633653326059,-0.143399013466225,-0.708142339230757,-0.810819963232969,-0.375833301319087
-0.809976973269558,2.57046305173586,-0.0809882175366989,-0.230256114572864,-0.277322166239971,-0.163133026827785,-0.0503474402755915,-0.248629005662132,-0.284679152850268,-0.131955194351444
1.27386959805247,-2.57118711045556,0.0455083071239032,-0.136078419958505,-0.163893854768678,-0.0964095332493271,-0.029754693526237,-0.146936563700464,-0.168241739798538,-0.0779838328548698
-0.018586500363259,-2.91984218459139,0.739598630441971,0.553113083358293,0.666173485716714,0.391872379301068,0.120942837855529,0.597247791613241,0.683846178386769,0.316978094363587
0.736273052685829,2.14817152701131,-0.898585417709341,-0.744051836609437,-0.896141531381839,-0.527149641381011,-0.162693205672865,-0.803422174653028,-0.919914969101211,-0.426401291837478
1.9600408303572,-0.874782049348896,-0.711799053399041,-0.775395673018092,-0.933892279618186,-0.549356282517226,-0.169546799700195,-0.837267038640145,-0.958667194259035,-0.444363820357932
-1.95144319178702,1.48458796212769,1.05149370092907,0.269464055130574,0.324544499637903,0.190911268594473,0.0589205869614901,0.290965476478582,0.333154231671424,0.154424484367955
0.5759428278165,2.33491220603049,-0.872979636779062,-0.699129148882491,-0.842036314254951,-0.495322586383012,-0.152870481348923,-0.754914958234736,-0.864374412840251,-0.400656994011577
0.322389826564102,2.28922302240779,-0.638241571505076,-0.649679178289762,-0.782478404182866,-0.460288018921899,-0.142057828465998,-0.701519212192122,-0.803236510974223,-0.372318200523547
0.821975670885281,-2.03539088378261,0.171567536385757,-0.05521712714245,-0.0665039160462617,-0.0391205119577054,-0.0120736902737691,-0.0596230829414195,-0.0682681760998966,-0.0316438360697896
0.365610900757002,-2.55920940127323,0.354209676873155,0.390066901077594,0.46979945868547,0.276356588211193,0.0852914157868088,0.421191619325886,0.482262610744087,0.223539573909867
-1.36312251587909,1.34878461124813,0.484882083982599,0.264281880057785,0.318303049678208,0.187239774759255,0.0577874607013738,0.285369798648682,0.326747204381921,0.151454683022346
2.00724556208034,-0.161564805837534,-0.878515078681181,-0.957673726802095,-1.1534293148329,-0.678497568051481,-0.209403432578177,-1.03408965657763,-1.18402825375005,-0.548823743420951
2.18508390898993,-1.05501900262325,-0.925012035212935,-0.731117012163857,-0.880562733216865,-0.517985510963854,-0.15986489728046,-0.789455238112453,-0.903922886231814,-0.418988601508778
-1.81791930164165,0.0948557211874106,0.694713384217665,0.965939459344131,1.16338462419947,0.684353716414935,0.211210804670189,1.04301493904758,1.19424766417535,0.553560670151712
1.24885326488049,-2.72080572519827,-0.0117285717665505,-0.0128883410910027,-0.0155228132691584,-0.00913119765294594,-0.00281814441511983,-0.0139167441265772,-0.015934612769082,-0.00738605164377856
2.14330741919521,0.0813767037551744,-1.30755489519698,-0.830679065543644,-1.00047600618163,-0.58852374251164,-0.181634979458529,-0.896961674497069,-1.02701729814252,-0.476045631799286
-0.692441826659274,2.5087304442329,-0.42550616167461,-0.0371908988948057,-0.0447929935109518,-0.026349197798332,-0.00813210352470034,-0.0401584827792719,-0.0459812917922008,-0.0213133636032759
1.69909100424444,-0.906399341680188,-0.97913463437365,-0.332439990636098,-0.400393181822862,-0.235528780686976,-0.0726908060826875,-0.358966468567008,-0.411015078072497,-0.190514739015528
0.591028240117116,-2.16542057267108,0.0471933363834705,0.288047767848686,0.346926860589874,0.204077552195789,0.0629840723890523,0.311032044626777,0.356130366760035,0.16507444008374
0.312112248448137,2.76264847350256,-0.950500173042398,-0.577663439946811,-0.695742116646326,-0.409265941193727,-0.126310980258078,-0.623757101728965,-0.71419922559577,-0.331047414872381
-0.872983393932535,2.54529728089181,-0.250889577961133,-0.0342252162813313,-0.041221103451595,-0.0242480558493154,-0.00748363202358408,-0.0369561586166087,-0.0423146442610687,-0.0196137899508165
-1.58623268835304,2.55885212502294,0.443358302830793,0.0240637584658214,0.0289825685541361,0.0170488143720498,0.00526174362149591,0.0259838847317888,0.0297514373815932,0.0137904608139249
1.87520108900938,-0.771945724075216,-0.702698899705993,-0.749681939683701,-0.902922469137198,-0.531138485532059,-0.163924275166081,-0.809501522129756,-0.926875796076922,-0.429627791801491
-0.0834550500319143,2.81002519542825,-0.584849313763627,-0.545413433658154,-0.656899970708904,-0.386417292197616,-0.119259244548398,-0.588933761593045,-0.6743266494138,-0.312565578437551
-1.1461762969449,-1.78495900418577,1.00228831833322,0.872640626343542,1.05101482015157,0.618252883196585,0.190810228420593,0.942271485952297,1.07889683933494,0.500092966745904
2.23080017929353,-1.72070791408268,-1.16261003009041,-0.329839369620897,-0.397260974650677,-0.233686279441662,-0.0721221583771309,-0.356158335465688,-0.407799777628184,-0.189024374895853
-1.01111112841999,1.8549560326547,-0.21148698918101,0.316157921833062,0.380782937813915,0.223993177509684,0.069130594497668,0.341385200055938,0.390884600486282,0.181183809596634
1.19311782811208,1.55583362900356,-1.21229100249281,-0.66078862023994,-0.795858698178774,-0.468158893035544,-0.144487001589671,-0.713515112977027,-0.816971766295814,-0.378684800491548
-1.75500183750809,2.69019356038623,0.267132238551687,0.255149360442793,0.307303775554448,0.180769520667972,0.0557905583097285,0.275508565320405,0.315456134209008,0.146221017879728
1.92352804730621,0.819491682289332,-1.09146573932091,-1.09484031372028,-1.31863376593058,-0.775678051380269,-0.239396062982285,-1.18220121565089,-1.35361535824744,-0.627431183092594
0.221852063238796,2.46165732769173,-0.592012645450435,-0.666245867592742,-0.802431447225607,-0.472025271483134,-0.145680274722391,-0.719407812006959,-0.823718881594671,-0.381812240283533
-1.04759678087384,3.10674778792894,0.0547740824688419,-0.339322920214701,-0.408683033079825,-0.240405233751785,-0.0741958166511263,-0.36639860968667,-0.419524848009333,-0.194459208902621
1.29553025792522,1.03394242818963,-0.747094989354466,-0.912198637848379,-1.09865878158563,-0.646279145013968,-0.199459921069822,-0.984985961025689,-1.1278047314208,-0.522762875451523
-1.53349036341548,1.62510420837036,0.613531704570218,0.20293574376847,0.244417309715277,0.143776951130747,0.0443736109163458,0.219128652804976,0.250901374437835,0.116298433852663
1.10040009166473,1.14346657332781,-1.12897472093751,-0.48955740027881,-0.5896265512687,-0.346844124689473,-0.107045852040604,-0.52862079198918,-0.60526855602286,-0.280555597925439
2.36832134092971,-2.56181793396656,-1.03642397107132,-0.224037947515353,-0.269832959876745,-0.158727548105562,-0.0489877856356597,-0.241914670646891,-0.276991267846661,-0.128391686628291
1.92442548093142,0.0354013571770313,-0.980230576493867,-0.882991018075563,-1.0634809084545,-0.625585981538968,-0.193073428816046,-0.953447769410913,-1.09169363630777,-0.506024570148254
1.83792443564783,-1.69768409398527,-0.466180361017032,-0.54922359053738,-0.661488951815534,-0.389116731582971,-0.120092367465778,-0.593047943394714,-0.679037370059012,-0.314749103476356
-2.11593105934179,0.348672476774667,0.971630584083255,0.905764123706689,1.09090900519517,0.641720387605734,0.198052960316349,0.978038015882364,1.11984936381522,0.519075383522378
2.19082559957309,-1.18249576146351,-1.34767395840765,-0.356791858117879,-0.429722751005266,-0.252781716004596,-0.0780155471689884,-0.385261451478723,-0.441122721545487,-0.204470309369609
-1.48939084974435,1.09213199609245,0.436023459338365,0.507891305766048,0.611708042545454,0.359833423589334,0.111054715011516,0.548417619967675,0.627935839765687,0.291062394091428
1.55307948888815,1.12197048654132,-1.04324269096282,-0.933203996519406,-1.12395779082194,-0.661161128695333,-0.204052919796994,-1.0076674062053,-1.15377488957654,-0.534800628242579
-1.4135642839347,-1.21595479618382,1.01245324810386,0.874588311676626,1.05336062676229,0.619632789238531,0.191236106235672,0.944374583490469,1.08130487706141,0.501209146427557
1.07793818430878,-2.43262527058792,-0.0226985061094038,0.0308737527387005,0.0371845759898127,0.0218735938593415,0.00675080627056797,0.0333372707983072,0.0381710331179094,0.0176931329296121
-1.91171425255021,2.36994657410706,0.531935486356256,0.303671363591712,0.365744034778499,0.215146637019971,0.0664003032892444,0.327902298351251,0.375446735443015,0.174028011703603
-0.499008201827829,2.0643669758871,-0.0042424800935939,-0.361247693238938,-0.43508939175864,-0.255938608804999,-0.078989853076354,-0.390072832308276,-0.446631732109035,-0.207023859751922
-0.645205298856837,-1.27945427204286,0.634868122647984,0.540920817441736,0.651489030532427,0.383234340539114,0.118276896144505,0.584082664783817,0.668772164222631,0.309990949541882
1.24782398247075,-2.53359447677535,-0.158314414524717,0.0310775306955837,0.0374300076672283,0.0220179675059168,0.00679536403848085,0.0335573088671756,0.0384229757698675,0.0178099140190304
0.548703635587002,-2.96943765154216,0.0169963705249219,0.654846116005414,0.788701502157005,0.463948717316591,0.143187622949542,0.70709843682615,0.809624699424508,0.375279269643189
-1.99129691808377,1.81747684670808,0.765144107916124,0.400060437859437,0.481835748248858,0.283436860137787,0.0874765868394828,0.431982573206641,0.494618206990948,0.229266670846045
0.237625321769955,-3.04414014485112,0.758132407450207,0.368308164333104,0.443593075329177,0.260940847388578,0.0805336845936646,0.397696681563725,0.455361007045076,0.211070075146339
0.663606860141098,-2.83068224525424,0.311289963184569,0.274028502053359,0.330041953248038,0.194145111238304,0.05991864175479,0.295894135601989,0.338797525382077,0.157040278011134
-0.86217063645215,3.44643032085039,-0.399426591287416,-0.271582006824892,-0.327095376312556,-0.192411805816731,-0.0593836949516259,-0.293252426489772,-0.335772779696674,-0.15563824031085
-1.91543398293073,0.170797120664044,0.950498593556286,0.819810042597242,0.987385274610833,0.580823201680417,0.179258375976519,0.885225376537313,1.01357928695037,0.469816811175072
1.33899564286442,1.8284011770165,-1.32997472818718,-0.79692186291477,-0.959818581832195,-0.56460726736264,-0.174253682564932,-0.860510873878282,-0.985281286637203,-0.456700051153502
1.9688738579843,-0.0153888285521048,-0.96414797947626,-0.913945891613524,-1.10076318693452,-0.647517048276051,-0.199841972833138,-0.986872633903295,-1.12996496383243,-0.523764191792628
-0.364521374788096,-2.0278655395497,0.951074274728601,0.341015182566689,0.410721206364258,0.241604176416907,0.0745658440784344,0.368225903205779,0.421617091308313,0.195429010759847
-1.83191638172319,0.0083711392510857,0.831178133277825,0.904175103273613,1.08899517724095,0.640594590302068,0.197705507604835,0.976322202293721,1.11788476456195,0.518164747553106
0.671734954639948,1.68948114593588,-0.556153354605915,-0.781690975907906,-0.941474388947958,-0.553816410827469,-0.170923320740036,-0.844064664408911,-0.966450446820786,-0.447971533090632
-1.9415326123559,2.73230138369713,0.55949170019828,0.169020760911877,0.203569853693406,0.119748691041013,0.0369578140460321,0.182507482156261,0.208970289973666,0.0968624325001278
-1.56081430950652,-0.698293553789796,0.761776893570607,0.997988183221559,1.20198434411311,0.707059759821388,0.218218528284048,1.07762093578807,1.23387138309496,0.571927155644646
-1.04074246716784,-1.61819945092278,0.922108384515522,0.781990874729457,0.941835589305219,0.554028884674657,0.17098889614521,0.84438849314171,0.966821229341017,0.448143399133612
2.16241971499395,-1.06278837659776,-0.826378861295201,-0.786007416606584,-0.946673142028736,-0.556874544756309,-0.171867146881996,-0.848725528077625,-0.971787115876058,-0.45044519930513
0.113623205538689,-2.27472737790319,0.249490651776042,0.577468565060158,0.6955074078925,0.409127875239773,0.126268369221515,0.623546677135521,0.713958290332239,0.330935735955232
-0.624702854412335,2.76761761545182,-0.340496326489809,-0.260166672160923,-0.31334666287127,-0.184324211272543,-0.056887635807719,-0.280926224807493,-0.321659331253972,-0.149096339319577
2.60988688916022,-0.336168536037603,-1.43816008477032,-0.965652194782868,-1.16303864063868,-0.684150193752937,-0.211147991852522,-1.04270475270416,-1.19389250213287,-0.553396044551727
0.451249449184305,-2.05020105053216,0.0788467363735998,0.338098223838093,0.407207999711973,0.23953755461444,0.0739280264654396,0.365076190766682,0.41801068397665,0.193757359795611
-1.95632785441659,1.98249260711542,0.522748619950463,0.49682275707675,0.598377000695195,0.351991521741796,0.108634483544023,0.536465875451148,0.614251143183376,0.28471922923696
-0.655019108091952,2.84583161774303,-0.280452446486704,-0.311230611487711,-0.374848448815678,-0.220502251536891,-0.0680531965584555,-0.336064723446551,-0.384792677422493,-0.178360066151398
0.85332854920191,2.28315635339328,-1.20319461903118,-0.656948859580715,-0.791234062060707,-0.465438479813095,-0.143647405556265,-0.709368965212592,-0.812224444759343,-0.376484310115903
1.53927871362386,-2.55349762096804,-0.21691747043619,-0.163258600460436,-0.196629865056926,-0.115666286205621,-0.0356978690941882,-0.176285540010816,-0.201846192709424,-0.0935602530828103
-0.736529245001203,2.11609864364407,0.289915983638059,-0.409113412225683,-0.4927392174871,-0.289850757605394,-0.0894560959920043,-0.441757914109704,-0.50581093070271,-0.234454750190529
0.300662205272577,-2.6763077155799,0.472320122661807,0.39766568420086,0.478951489242579,0.281740212847637,0.0869529537667036,0.429396734293992,0.491657432446161,0.227894285209174
0.0666106228438171,-2.34822861427028,0.24552102330888,0.648621932733313,0.781205049820459,0.459538976195959,0.141826652813579,0.700377605542811,0.801929376221589,0.371712314147251
0.0232974303463255,2.41377209911773,-0.30028077331849,-0.707276928396469,-0.851849560122726,-0.501095166783347,-0.154652062017126,-0.763712875817392,-0.874447991011901,-0.405326324210665
1.39793201534306,-3.11138285747131,0.208611009283176,-0.162678501925717,-0.195931190094138,-0.115255295036059,-0.0355710256599328,-0.175659153510111,-0.201128982833196,-0.0932278101636121
0.837158250331864,-2.53601015287846,0.269119779378958,0.0468765905659076,0.0564585121476456,0.033211366050231,0.0102499616490903,0.0506170275775427,0.0579562810549752,0.0268640406363671
-2.38725951475154,1.08798169206879,1.20699481877943,0.669896317038806,0.806828075519323,0.47461156053141,0.14647847626334,0.72334954279521,0.828232146563796,0.383904240172522
-0.0633921585245944,-2.75111931112346,0.504477981234665,0.710586820829426,0.855836019032761,0.503440176261442,0.15537579789661,0.767286875430742,0.878540205351519,0.407223157656689
1.34684817000235,1.32194052118353,-0.958888290304915,-0.900253870012237,-1.08427241491868,-0.637816454954771,-0.196848096900237,-0.972088080960814,-1.11303671366416,-0.515917566851468
-0.674918408334646,-2.20470758310185,0.819150026666718,0.775610289934676,0.934150765818776,0.549508335405271,0.169593727498008,0.837498780544882,0.958932537753229,0.444486813039326
1.45086625132028,-0.455156046084259,-0.708446126882702,-0.505503153867407,-0.608831734747635,-0.358141453547745,-0.110532525469193,-0.545838909591054,-0.624983227364299,-0.28969379179172
1.82517401340356,0.38041711126951,-1.22204920328653,-0.74135503085908,-0.892893478603719,-0.525238994683795,-0.162103526364228,-0.800510181920853,-0.91658074982179,-0.424855806161336
-0.507313534673349,2.24711535994133,-0.370415122237146,-0.137686268881799,-0.165830359895684,-0.0975486702578074,-0.0301062632458422,-0.148672708166357,-0.170229617819688,-0.0789052590569695
0.412245059744416,3.17264395830165,-1.05074318024598,-0.741056273102512,-0.892533652553558,-0.525027329264149,-0.162038200462531,-0.800187585302357,-0.91621137806719,-0.424684594039977
1.12062615303289,1.60103610712104,-0.881589452452898,-0.875025588611373,-1.05388728633446,-0.619942593432263,-0.191331720523253,-0.944846752186996,-1.08184550820849,-0.501459741131706
-0.0369380965096514,2.63649166654585,-0.651796435151532,-0.466303212278367,-0.56161903536669,-0.330368878931192,-0.101961127825217,-0.503511076007237,-0.576518038137732,-0.267229085824878
-1.23361500968931,2.15558044900451,0.341994272209579,-0.0423493603180221,-0.0510058825758327,-0.0300038908661131,-0.00926004459545592,-0.0457285547696725,-0.0523590005045023,-0.0242695751285058
0.390809029624056,2.36612877300776,-0.8850771708838,-0.544215013916715,-0.655456585114662,-0.38556822966482,-0.118997199970477,-0.587639716007187,-0.672844972727886,-0.31187878794693
-1.89624546888002,-0.916869906206114,1.38387862878767,0.880203510735991,1.06012361401195,0.623611074117063,0.192463916840404,0.950437837712034,1.08824727732848,0.504427105197404
1.91887927995343,0.450417040114271,-0.966868816372288,-1.04729718573284,-1.26137247118598,-0.74199445349693,-0.229000357307746,-1.13086446544335,-1.29483499784562,-0.600185163132184
0.990486388187969,-3.08011149678828,0.320759541742161,0.0840480199250567,0.101228056405951,0.0595467699726067,0.018377807995711,0.0907544872830083,0.103913501517182,0.0481662466364399
-1.88233409651023,2.58520243507361,0.751615469581888,0.024670645311708,0.0297135075568896,0.0174787846609826,0.00539444454578623,0.0266391970709296,0.030501767219667,0.0141382555808385
0.972458717328443,1.04621377253051,-0.397198291123438,-0.915844917837214,-1.10305038815424,-0.648862480063913,-0.200257210923802,-0.988923189662034,-1.13231284144516,-0.524852485907598
1.62598467316766,-2.4078990998859,-0.366535880386833,-0.175605294059334,-0.211500314083216,-0.124413734679854,-0.0383975777196232,-0.189617416814189,-0.217111134883734,-0.100635897334267
0.816949209967952,1.50279504320799,-0.670136815809998,-0.744677891252255,-0.896895556220888,-0.527593191768508,-0.16283009779752,-0.804098184250527,-0.920688997211978,-0.426760071287139
2.06360884875675,0.538629300956413,-1.64940260466674,-0.670332081398609,-0.807352913335052,-0.474920293088329,-0.14657375981366,-0.723820078223473,-0.828770907625673,-0.384153968050089
-0.970206395891051,3.73534990973653,-0.453921921736426,-0.247521460685466,-0.298116676708073,-0.175365267330075,-0.0541226537323728,-0.267272010406444,-0.306025313902799,-0.141849620417217
-1.66810985569159,2.69141467023994,0.0770087272711794,0.329482305585848,0.396830924087764,0.233433304892356,0.0720440833161817,0.355772780119388,0.407358318398319,0.188819748607303
1.06381920130762,-2.22597058191655,0.32968838059398,-0.311631598276266,-0.375331400267551,-0.220786344702695,-0.0681408756996827,-0.336497706287015,-0.385288440931235,-0.178589863695382
0.330030631057633,2.59359299557636,-0.652115340525233,-0.761622416651504,-0.917303667850606,-0.539598135574963,-0.166535161101135,-0.822394768943825,-0.941638508781113,-0.436470641390342
-0.169539304327949,-2.62060379555644,0.758797625113667,0.552089689947126,0.66494090312829,0.391147320315733,0.120719064260014,0.596142738282988,0.682580897028816,0.316391607977682
-1.95254252763218,2.68325441923645,0.728616714126034,0.0648739703554247,0.0781346893867648,0.0459622415068045,0.0141852404396264,0.0700504773684074,0.0802074983201868,0.0371779806259649
-0.264508320420517,-2.85359552889287,0.980376251780149,0.548583768125245,0.660718344973361,0.388663426936024,0.119952464902314,0.592357067452398,0.678246320046729,0.314382433992246
1.65582953695955,-2.4439109179685,-0.297209572635562,-0.241426083642942,-0.290775359546451,-0.171046783504149,-0.0527898481642125,-0.260690263224486,-0.298489241403758,-0.138356481206632
-1.80582418859082,-0.840729792832866,1.01055739474873,1.06616119113662,1.28409241872025,0.755359320290257,0.233125131093612,1.15123369175054,1.31815767523759,0.61099574900488
-1.97669976502886,2.24024509392032,0.595117269020205,0.359068211144107,0.432464407414832,0.254394478210655,0.0785132909455077,0.387719442183972,0.443937110437164,0.2057748419617
0.160973466758857,-2.39358836135077,0.282944882050008,0.556472211660537,0.670219244671625,0.394252271659038,0.12167733957284,0.60087495578748,0.687999265922238,0.318903143905904
1.98417273046517,-2.29558807994026,-0.4007109062672,-0.496290282425278,-0.597735684289383,-0.351614271384016,-0.10851805347326,-0.535890912899637,-0.613592813510018,-0.284414078616954
-2.07630252909883,-0.815576736750013,1.56976916007487,0.84921049618529,1.02279539821428,0.601652985040677,0.185687032969387,0.916971788810325,1.0499287938305,0.486665625698101
1.94544340754822,-0.421655233513385,-0.921511173777468,-0.772137552947699,-0.929968175724278,-0.547047952986705,-0.168834384284174,-0.833748942476087,-0.954638989130825,-0.442496656621991
0.934727208596343,2.34735253450107,-0.975222459134589,-0.928936276581057,-1.11881771738501,-0.658137512699347,-0.203119746859947,-1.00305915088628,-1.14849845685767,-0.532354882925687
1.06382404836362,1.31975574646604,-0.857682650634051,-0.737957957413781,-0.888802018238056,-0.522832218757276,-0.161360727621548,-0.796842044836056,-0.912380748478192,-0.422909011013107
-0.398118921274237,-2.19863253938996,0.467827096867298,0.812697674211472,0.97881908555871,0.5757841946389,0.177703196678958,0.877545488935036,1.00478584834581,0.465740854476227
1.46729727576913,-2.48704942904724,-0.516375664228626,0.106703711479888,0.128514738765313,0.0755979899155491,0.0233316659185509,0.115217950823662,0.131924063108698,0.0611497723414138
0.720779332380798,-2.72739766259162,-0.00897998984334154,0.436396130452868,0.52559872496951,0.309180157012427,0.0954216922978706,0.471217609966939,0.539542157023347,0.250089932747059
-0.61583182572677,2.81996428299017,-0.0482954645906228,-0.516194238126872,-0.621708155648721,-0.365715927470198,-0.112870221157462,-0.557383070552043,-0.63820124251096,-0.295820639297605
-2.22711107272076,1.94811505537616,1.05680421047626,0.322547978341893,0.388479169102766,0.228520437347366,0.0705278342149838,0.348285140145967,0.398785002510237,0.184845823741638
0.24771436158179,-3.08189632361116,0.627420278779116,0.476367497257608,0.573740534581933,0.337499274901639,0.104161768567587,0.514378423316258,0.588961104534683,0.272996727144231
1.11012763508134,2.24304611581407,-1.445475292414,-0.670477420263724,-0.807527960538412,-0.47502326350901,-0.146605539381575,-0.723977014153642,-0.828950598597502,-0.384237258859668
0.138986992553404,2.5735948711125,-1.0090856696468,-0.312443935526895,-0.376309785256283,-0.221361873542596,-0.0683185000867073,-0.337374862592987,-0.386292781166745,-0.179055397998279
2.05502038402391,-0.228384089232616,-1.16618182314166,-0.747816340498274,-0.900675527689419,-0.529816736302812,-0.163516346179088,-0.807487060662371,-0.924569246274105,-0.428558654056543
0.996164608680543,-2.17177804603443,-0.111510135913353,0.0701684692286802,0.0845114229619407,0.0497133150812575,0.01534292724549,0.0757674416834648,0.0867533981187702,0.0402121525050047
2.37823761489263,-1.47605249774172,-0.947170827561346,-0.717117615809853,-0.863701756777015,-0.508067147209532,-0.156803811267022,-0.774338783976923,-0.886614610610705,-0.410965826217349
-0.976270795248577,-1.81881194227761,0.748847812175749,0.939315737092909,1.13131881634122,0.665491205839174,0.205389303389131,1.01426682261808,1.16133119326964,0.538303145066934
-1.41426891432731,1.66481811052681,0.16034358243956,0.440780059921776,0.53087876202397,0.312286105729529,0.096380275428302,0.475951347556359,0.544962266407539,0.252602275431924
1.62345608503135,0.739958262444349,-0.916207008493575,-0.946403512550392,-1.13985538548875,-0.670512789157384,-0.206939105235629,-1.0219201549416,-1.1700942261931,-0.542365008048278
-0.682127019497035,2.96966946197062,-0.386907832891826,-0.252260908304319,-0.303824902450001,-0.178723095359917,-0.0551589739029453,-0.272389634105815,-0.311884971248343,-0.144565703474662
0.635437601320543,1.91968657069838,-0.800938165192354,-0.647385077155745,-0.7797153718211,-0.458662682445881,-0.141556203916113,-0.699042057199313,-0.800400179054889,-0.371003496844287
-2.65560234780755,0.725724595983404,1.48114176803354,0.822060524014741,0.990095771063625,0.582417634237125,0.179750462707718,0.887655431253262,1.01636168925324,0.471106517263361
0.376977038978613,-2.72490489975732,0.318464127912386,0.471666025544346,0.568078047301382,0.334168352235144,0.10313375214887,0.509301805744622,0.583148399030797,0.270302407322096
0.480553976678845,-2.53201116775524,0.512792825356998,0.157958362707402,0.190246219532527,0.111911146720342,0.034538927433888,0.170562378891927,0.195293197596839,0.0905227923660431
-0.905535810765502,-0.87351157541915,0.267727764374357,0.894205211360558,1.07698736573229,0.63353107041275,0.195525506702023,0.965556779983437,1.10555840185457,0.512451201020408
-1.88611001617923,1.90173783650458,0.521701124737875,0.468805230045507,0.564632484058124,0.332141521244243,0.10250821509946,0.506212737983714,0.579611429597442,0.268662942386499
1.09402121763578,2.32571347753729,-1.28944598254881,-0.810378108589435,-0.976025383579362,-0.57414081695249,-0.177196004104126,-0.875040837559132,-1.00191803318491,-0.464411557605937
-1.50069125965747,0.432765153664978,0.513515253635066,0.708840022810832,0.853732162588388,0.502202595889,0.154993845786118,0.7654006946652,0.876380536406108,0.406222102494858
0.0733910616556702,2.52174074947421,-0.50382531370883,-0.631954264336402,-0.761130386810639,-0.447730181451056,-0.138182126627147,-0.682379969180722,-0.781322159218801,-0.362160405279251
1.69781614081707,-1.09907039416611,-0.102503230829423,-0.943217058789115,-1.13601759702723,-0.66825523413919,-0.20624236026217,-1.01847944357668,-1.1661546263304,-0.540538914847057
1.51723808328834,0.897856413620548,-0.860857400030144,-0.959719216979419,-1.15589291832091,-0.679946767368477,-0.209850696246845,-1.03629836312957,-1.1865572133476,-0.549995973111326
-2.02766427276142,2.5238693317275,0.66218322947382,0.241581505693835,0.290962551013287,0.171156897711734,0.0528238325056895,0.260858086910919,0.29868139881015,0.1384455504892
0.2403981766112,2.22556067065662,-0.343822015912965,-0.785873651290865,-0.946512034093809,-0.556779774022952,-0.171837897968208,-0.848581089188342,-0.971621733962833,-0.450368541066255
1.44982295074096,-2.05822926347957,-0.396331557316202,-0.136156725157275,-0.163988166128839,-0.0964650113160675,-0.029771815617981,-0.147021117128044,-0.168338553113099,-0.0780287080050545
1.69149446271479,-0.678695082276596,-0.284672852088667,-0.956016900970877,-1.151433821556,-0.677323731633393,-0.209041153644829,-1.03230062717559,-1.18197982270219,-0.547874249528159
1.08362400833131,1.06761435621916,-0.834477461958107,-0.676594696972985,-0.814895653820515,-0.479357262922559,-0.14794313349646,-0.730582408448621,-0.836513746940266,-0.387742948333189
-2.25694163999376,1.22230467855616,0.743900262558676,0.869904805407861,1.04771977719588,0.616314594821815,0.190212018112825,0.939317364885111,1.07551438329131,0.498525122243932
-0.819057787615462,3.15013334018099,-0.384741614164068,-0.206503307738068,-0.24871411012852,-0.146304517053771,-0.0451536888492244,-0.22298088441256,-0.255312163226173,-0.118342933725523
1.41535093553237,-0.146855452540538,-0.72140901082611,-0.582973535301877,-0.70213763473947,-0.413028064643187,-0.127472077366152,-0.629490907020305,-0.720764408240489,-0.334090524784586
-0.706941911066772,-1.75442820263028,0.564356292161394,0.830021652240397,0.999684212740185,0.588057974980409,0.18149123049845,0.896251804028706,1.02620449947879,0.475668881325753
1.77062266313586,0.296878350830877,-0.974191202784448,-0.856873304055442,-1.03202454064975,-0.607081970256451,-0.187362570499852,-0.925246037270003,-1.05940277308606,-0.491057028304974
-1.5140250645207,2.51158533437155,0.279927836901572,0.108534023322148,0.130719179876167,0.0768947385878715,0.0237318790305232,0.117194309254953,0.134186985097427,0.0621986876126416
-1.58262222551085,-1.72846617089101,1.20002205863278,1.06746043299093,1.28565723521242,0.756279813787977,0.23340922127634,1.15263660437655,1.31976400422094,0.611740318640795
-1.13559121995546,-1.33129413480798,0.879815756642124,0.786068941127543,0.946747242616514,0.556918133962818,0.171880599737092,0.848791961842036,0.971863182253442,0.450480457783002
1.15324616671635,1.13789366293091,-0.577298751313089,-0.963733158871443,-1.16072733960315,-0.682790585399419,-0.210728378474973,-1.04063259061903,-1.19151988536842,-0.552296283283154
-1.67179843780543,3.45647254855789,0.184418328711299,-0.0436905150972411,-0.0526211793045474,-0.0309540790467154,-0.00955329939249924,-0.0471767246904356,-0.05401714889764,-0.025038164227108
-2.00875687371359,1.78924241430191,0.653433260061278,0.513043014230432,0.617912798296805,0.363483332286388,0.112181179490902,0.553980400158494,0.634305199398515,0.294014735630417
-1.34060399905121,-1.41478274387969,1.09460813058344,0.824294112193031,0.992785921174255,0.58400009818553,0.180238855589772,0.890067244763002,1.01912320545268,0.472386542172642
-1.67402489383528,-1.31315121438991,1.66722344836742,0.621148391802927,0.748115714063922,0.440074381746579,0.135819331515217,0.670711860612602,0.767962224589729,0.355967774899221
0.17432441443176,1.75377740436884,-0.116953795949306,-0.726840015995806,-0.875411487420312,-0.514955322897321,-0.1589296960176,-0.784836966382923,-0.898634984765556,-0.416537540169353
1.12524006847721,1.95928141629994,-1.51728390853453,-0.518750741330096,-0.624787227002083,-0.367527171902992,-0.113429222131562,-0.560143565536373,-0.641361997514157,-0.29728572037772
1.31396817808775,1.62652414795884,-1.21333530106614,-0.789716821463695,-0.951140776655263,-0.559502602834995,-0.172678239520503,-0.852730918522663,-0.976373270881149,-0.452570985366257
-1.47205860616091,-0.600009472328572,0.750601814732831,0.893722134281242,1.07640554412749,0.633188817498919,0.195419877826784,0.965035156598489,1.10496114529982,0.512174359165389
-1.30276646287442,-1.74153164114501,1.02513401216408,0.971300535507304,1.1698415439547,0.688151959007429,0.212383049161672,1.04880379307303,1.20087587738623,0.556632996149902
-0.889267514460586,3.55354106263989,-0.169918992173585,-0.468935299364654,-0.564789140507461,-0.33223367341909,-0.102536655852443,-0.506353185960728,-0.579772241933112,-0.268737482523333
-1.18292703369412,-1.69391578302003,1.05533440359812,0.827616629728415,0.996787585850967,0.586354052360606,0.180965352054318,0.893654876877137,1.02323102894765,0.474290610813472
-0.00379453229033057,2.29878721257612,-0.276021668728579,-0.659280960498811,-0.794042861643279,-0.467090738570013,-0.144157339079239,-0.711887152116969,-0.815107758042713,-0.377820790714759
0.0943874546212036,-2.85272047269175,0.545994192214102,0.582815793951295,0.701947649890946,0.412916307246325,0.127437585890249,0.629320578969649,0.720569383347724,0.334000126357548
-1.99469434094332,1.71169137463579,0.49518626412431,0.654460427819055,0.788236976454689,0.463675462982523,0.143103288976636,0.706681973313561,0.809147850475846,0.375058239423495
1.89616141107119,-1.9902421553296,-0.476014045815072,-0.479258226722024,-0.577222150514576,-0.339547313661197,-0.104793850930883,-0.517499813572101,-0.592535083087113,-0.274653346639448
0.64228750464396,2.49093555289104,-0.85815993660494,-0.826731642683205,-0.995721700912678,-0.585727052223579,-0.180771842177345,-0.892699273811035,-1.02213686750581,-0.473783442359918
-0.923595631382631,-1.91928161118883,0.942165347473869,0.781761132705953,0.941558886314061,0.553866115873692,0.170938661115279,0.84414041924813,0.966537185789137,0.448011738554615
-0.774122801990567,2.5535917440088,0.016966036562476,-0.330884285477549,-0.398519479031517,-0.234426586758982,-0.0723506380367629,-0.357286628587988,-0.409091668449079,-0.189623195366706
1.63516504668735,-2.06465331681989,-0.689014264972414,-0.0623992364996844,-0.0751541016398796,-0.0442089294385061,-0.0136441190225861,-0.0673782763761667,-0.0771478395619867,-0.0357597599306836
-0.343869976538446,2.91371578389556,-0.390526617465258,-0.515603846657057,-0.620997083798827,-0.365297643909465,-0.112741127086189,-0.556745569809169,-0.637471306874772,-0.295482297702258
-1.28655253156636,2.36829546736138,0.00667882682094671,0.18357526445042,0.221099405329174,0.130060339965615,0.040140278924357,0.198223337300463,0.226964877197527,0.1052033286656
0.612548785203744,-2.87781330913042,0.382291565049412,0.279921751667534,0.337139826641011,0.198320390792533,0.0612072504570138,0.302257626944702,0.346083695874491,0.160417582017339
2.22492661338716,-1.04882932244164,-0.507642017050262,-1.09371299653795,-1.31727601678405,-0.774879363951318,-0.239149565578235,-1.18098394613069,-1.35222158982981,-0.626785140062787
1.17550383449407,-2.73385962799678,-0.00994765563428174,0.0530610897725247,0.063907168702413,0.0375929916016785,0.0116022545296386,0.0572950082735683,0.0656025405178733,0.0304082539845745
-1.34023987297738,1.93898992810874,-0.0908756316093129,0.469529916411445,0.565505301673497,0.332654950738159,0.10266667388174,0.506995249453233,0.5805074018982,0.269078245712704
-1.3424945663267,2.08680674305403,0.425253336818468,0.0113825984197367,0.0137092856667749,0.00806440140285264,0.00248890108817233,0.0122908533056781,0.0140729747020031,0.00652314050155439
-1.89297159919087,1.50642982025912,0.552562280416857,0.60154923820073,0.724510348605923,0.426188673406888,0.131533811379219,0.649548826219473,0.743730640319291,0.344735890232447
0.175809012538061,2.61983103450572,-0.686495610737484,-0.61366055619918,-0.739097309519347,-0.434769361774822,-0.134182053145639,-0.66262654603073,-0.758704573819797,-0.351676645414138
-2.1449104407774,0.306762346574913,1.03897258505509,0.89375505252194,1.07644519109989,0.633212139582038,0.19542707567758,0.965070701493651,1.10500184405343,0.512193223953658
-1.08907713213044,-1.41119216051865,0.855540583006288,0.796037377110845,0.958753300592616,0.563980622347596,0.174060282288591,0.859555812049153,0.984187744909391,0.456193169951348
0.532528776246697,-2.80884189583553,0.606718713662763,0.146103592991838,0.175968247267187,0.103512218988786,0.0319467821119604,0.157761678193046,0.180636449800489,0.0837290598968283
-1.84449736756827,1.46554959670895,0.440270270055747,0.663767493888504,0.799446475618289,0.470269380636402,0.145138357421797,0.716731680730763,0.820654722678077,0.380391933663555
0.052104392134616,-2.69839415955894,0.680768530035843,0.454407998914043,0.547292352471861,0.321941297477018,0.0993601391585893,0.490666704528125,0.561811287483963,0.260412175905882
-0.172587784816027,2.11084564025175,-0.331494939119264,-0.400602573324946,-0.4824887002105,-0.283820955038386,-0.0875951293286653,-0.432567967440248,-0.495288480895888,-0.229577357886208
-1.91707583914103,0.124452100962216,0.970321346995276,0.823413372863481,0.991725152216104,0.583376107491766,0.180046274511631,0.889116228351734,1.01803429571109,0.471881808000351
0.565135578737567,1.99452775886617,-0.667510371524419,-0.720550693474965,-0.867836580891132,-0.510499431589399,-0.157554482635842,-0.778045798176398,-0.890859126085075,-0.412933254667029
2.28412389330532,-1.75214968028368,-1.16674733496697,-0.359921101464213,-0.433491634820174,-0.254998738296121,-0.0786997826029944,-0.388640387421931,-0.444991588813351,-0.206263616421213
0.957893355099519,0.847970156075485,-0.316366974379823,-0.890921980679823,-1.07303301843369,-0.631204950388899,-0.194807600639394,-0.962011569551025,-1.10149915100455,-0.510569646893689
0.743229761523078,2.52710564222755,-1.37464820322597,-0.522496872865231,-0.629299095511072,-0.370181250285906,-0.114248345367788,-0.564188613201613,-0.645993559867523,-0.299432553766713
-0.593721735291606,-1.62363385552449,0.324216118640468,0.871574878603253,1.0497312256961,0.617497816800061,0.190577193694012,0.941120698701994,1.07757919283326,0.499482207937347
2.15936815272792,-1.06329425829792,-0.907602144647229,-0.71970778831327,-0.866821379684382,-0.509902245839909,-0.157370174317407,-0.777135634845411,-0.889816992946464,-0.412450202502974
-0.780442239654715,-1.1740780883065,0.631600221543542,0.618177846340194,0.744537967152977,0.437969794541309,0.135169796711122,0.667504285577978,0.764289564832559,0.354265414444681
-0.863194397674039,-2.00595452177003,0.920229472752667,0.780683524954305,0.940261007573259,0.55310264683581,0.170703033097247,0.842976825637238,0.965204876059109,0.447394183009708
0.985298401769127,-2.52199180686919,-0.0128803565288618,0.136095404368244,0.163914310917302,0.0964215664505945,0.0297584073105879,0.146954903352,0.168262738621459,0.0779935662818943
-0.153150250016059,2.85840055094405,-0.319343719540156,-0.712260297409898,-0.857851566595131,-0.504625809487314,-0.155741717656631,-0.76909388419997,-0.880609222698255,-0.408182193762324
1.45100883843698,-1.42133873768656,-0.0740451484940565,-0.632524048367209,-0.761816638908679,-0.448133864948261,-0.138306714708181,-0.682995218149395,-0.782026616668274,-0.362486937161642
-1.31051151990179,-0.734681408450157,0.394936042228532,1.08595914654478,1.30793722254271,0.769385876747727,0.23745412092018,1.17261139099819,1.34263504985245,0.622341563028063
-1.88353326896908,-0.530536367361069,1.12837054269025,0.921576675998881,1.10995376004821,0.652923345329933,0.201510508158727,0.995112303619223,1.13939935057363,0.528137242378023
1.84522373573698,0.10434009669008,-0.948130759501089,-0.867102743712398,-1.04434495337951,-0.61432937585559,-0.18959932370459,-0.936291717490516,-1.07205002990735,-0.496919316481529
2.12755656914225,-1.59749175656398,-0.842371673747007,-0.539560652142369,-0.649850837392737,-0.382270683688205,-0.117979484536992,-0.58261396743111,-0.667090512007321,-0.309211465892725
-1.52503143750064,-1.64208902776996,1.17180699967582,1.0075614889341,1.21351450427065,0.713842304295968,0.2203118122713,1.08795812698329,1.24570742299896,0.577413426522739
1.88292020827679,-2.55990366120424,-0.858445556560078,0.0487000658743945,0.058654719286695,0.0345032711402262,0.0106486798953283,0.0525860039655947,0.0602107506356263,0.0279090380262207
-2.06974010365851,1.33249580541318,1.14400137459618,0.355804825647925,0.428533961803187,0.252082418204406,0.0777997241997557,0.384195660448521,0.439902395353917,0.203904660715086
-0.638278119576353,3.16095163593122,-0.539238945968139,-0.243508889440196,-0.293283906242911,-0.172522420381939,-0.0532452712077108,-0.262939262932134,-0.30106433649304,-0.139550095735752
1.33805390979945,-1.34879403806056,-0.350703047072491,-0.347888224162798,-0.418999148462023,-0.24647362399343,-0.0760686925561553,-0.375647367348371,-0.430114636151866,-0.199367814041065
-1.64592589984777,-0.681472728160265,0.845691667606992,0.998297587843497,1.20235699332661,0.707278968386533,0.2182861822126,1.07795502882026,1.2342539181943,0.572104469272546
1.74091974694717,-0.691743006258847,-0.618986711663319,-0.731632484043087,-0.881183571358119,-0.518350715110808,-0.159977609551756,-0.790011841184721,-0.904560194379611,-0.419284008178575
-1.1341343082859,-2.53520065881482,1.5579108853721,0.714595878957595,0.860664558273719,0.50628053421845,0.156252412248606,0.771615829464807,0.883496839288349,0.409520669040698
-0.613071912688572,2.85020796155406,-0.366892484774319,-0.280970596036207,-0.338403062550765,-0.199063481402093,-0.0614365891189126,-0.30339016204789,-0.347380443745441,-0.161018653840206
-1.95622186611308,0.423469952688202,0.791779378134583,0.88205015957813,1.0623477315262,0.624919397310412,0.192867702175105,0.952431836726043,1.09053039770931,0.505485382877956
2.36614382835222,0.319778088169949,-1.27846683588057,-1.13394779427831,-1.36573510456238,-0.803385118733833,-0.247947243242479,-1.22442921043457,-1.40196623247296,-0.649842901483669
0.815935053573967,1.42252007679009,-0.77516809827498,-0.631014825726028,-0.759998920004809,-0.447064603191328,-0.137976710456479,-0.68136556968036,-0.78016067611008,-0.361622031717953
1.37551207221465,-2.16293483345297,-0.205479482357767,-0.182214302656066,-0.219460252885034,-0.129096118809873,-0.0398426931565014,-0.19675377989782,-0.225282240228702,-0.104423388561025
-1.91333450467174,2.75088090612407,0.608516622176941,0.0996157247372033,0.119977915144329,0.0705762569049213,0.0217818178727627,0.107564390355792,0.123160768960942,0.0570877882767278
-1.75577758850729,2.16766462994132,0.508796140569242,0.266493160138471,0.320966331751201,0.188806433752852,0.0582709757298517,0.287757524024493,0.329481139770573,0.152721923605093
-0.558036509902776,2.59413841377128,-0.11458082849239,-0.427208883611952,-0.514533536970352,-0.302671129496902,-0.0934128233369822,-0.461297282547765,-0.528183424367972,-0.244824904521004
0.392392602963662,-2.90747959183805,0.495585935480218,0.389821347189798,0.469503711768092,0.276182616939942,0.0852377233594734,0.420926471887467,0.481959018056064,0.223398851866294
-1.79560059942692,1.98808440012252,0.307009704121467,0.526748296013254,0.634419540973289,0.373193320248735,0.115177954874265,0.568779271355915,0.65124984390772,0.301868959717575
-0.863992990735658,-1.95429691269708,1.31966545853732,0.449287316865088,0.541124965164572,0.318313370533065,0.0982404588664576,0.485137426452251,0.555480287630099,0.25747761498777
2.00124011006128,-2.47071495144459,-0.660229846229281,-0.240955486421829,-0.290208568775106,-0.17071337238393,-0.0526869481151613,-0.260182115506586,-0.297907414430395,-0.138086791309847
-2.34940871027404,2.76773058613579,0.429677475783388,0.603726328254718,0.72713245195806,0.427731109275932,0.132009850470172,0.651899633434144,0.746422304570631,0.345983537191693
1.86187007443494,-0.703742855703688,-1.00668103077839,-0.526711249577104,-0.634374921971776,-0.37316707340064,-0.115169854358737,-0.568739268863037,-0.651204041223701,-0.301847729142694
2.33442249430086,-1.05954547504102,-0.734358783267224,-1.0054205622758,-1.21093595637957,-0.71232548965401,-0.219843680611634,-1.08564636876034,-1.24306046967687,-0.57618650408547
1.53135872275655,-2.25481350887945,-0.277764168899693,-0.223070836147079,-0.268668163796769,-0.158042364109129,-0.048776318583224,-0.240870390288454,-0.275795571282673,-0.127837454360467
0.0469517209343346,3.00006609195865,-1.1933495385285,-0.25307034585751,-0.304799795021707,-0.179296569807382,-0.0553359642466836,-0.273263659337974,-0.312885726417668,-0.145029576018697
-1.82221829328886,2.41463774013848,0.388690482386699,0.322524799234088,0.388451252014006,0.228504015294807,0.0705227659076861,0.348260111501076,0.398756344818406,0.184832540256503
0.28430834005932,1.81778926938713,-0.284196886155691,-0.714020393640724,-0.859971439504604,-0.505872811445005,-0.156126577533318,-0.770994424285742,-0.88278533300419,-0.409190869864788
-1.07203574298828,-1.17935940635247,0.976271853535777,0.598564518246591,0.720915529832763,0.424074043785629,0.130881177203101,0.646325945664253,0.740040455806208,0.343025406659129
1.36113527231735,-2.57878636255323,-0.0971068450081752,-0.0958419524824797,-0.115432755948372,-0.0679025954839693,-0.0209566507602157,-0.10348949642723,-0.118495032763154,-0.0549251145417267
-1.52812758109447,2.0454883631634,0.0203834580613682,0.501562596930145,0.604085698847304,0.355349627663967,0.109670889479984,0.541583922682742,0.620111285471512,0.28743553707621
1.96746102999033,0.639701357273366,-1.03629638410394,-1.10663127951394,-1.3328348922808,-0.784031774983707,-0.241974257038887,-1.19493302130353,-1.3681932215092,-0.634188350804645
2.21269054710452,-2.96525736252947,-0.587658904982989,-0.288496710475167,-0.347467570407393,-0.204395621358321,-0.0630822374784609,-0.311516809858869,-0.356685420886707,-0.165331720163533
-1.72624367499586,2.7719304863595,0.0281049074002756,0.386377746842741,0.465356214058066,0.273742877396683,0.0844847511175502,0.417208095366719,0.477701492772214,0.221425393077121
0.626067141734399,-2.32743161750522,0.567106672942035,-0.086380228358098,-0.104036985480317,-0.0611991049022614,-0.0188877650277342,-0.0932727902813003,-0.10679694772759,-0.04950278884997
-1.01755213871013,-1.05488735504149,0.854600314853236,0.599829256383279,0.722438789792409,0.42497009191345,0.13115772285714,0.647691601407775,0.741604125817741,0.343750202901521
-0.407902793443151,-2.4040006569295,0.757210135871433,0.673201915730417,0.810809363015545,0.476953527957729,0.147201273280086,0.726918906055498,0.8323190522989,0.385798612960878
1.53543502117389,-0.636039932493452,-0.476881821005689,-0.689352010535174,-0.830260656565531,-0.488395629523384,-0.150732627637976,-0.744357669929825,-0.852286362682811,-0.395053910709254
-1.43858585280237,-1.71608900082043,1.38489730090212,0.795723686675793,0.958375489514118,0.56375837734771,0.173991691230876,0.859217091224746,0.983799911007678,0.456013400209292
0.459117974029778,-3.03946539013228,0.272908248431268,0.557650363354434,0.671638219279605,0.395086974582104,0.121934952371328,0.602147116071763,0.689455884031033,0.319578319182061
-1.01617922894968,2.41846028999014,0.373527885629182,-0.352292254513916,-0.424303395167585,-0.249593813886116,-0.077031670913912,-0.380402809735365,-0.435559597436863,-0.201891676141272
1.72072914762008,-1.10902610393576,-0.524757660752502,-0.628711325468765,-0.757224567269537,-0.445432607576519,-0.137473030709071,-0.678878265577413,-0.777312723502853,-0.360301941588318
1.70925402611694,1.35138926501227,-1.20719595714269,-1.0254235380979,-1.23502768830392,-0.726497300020372,-0.224217499879824,-1.10724544767365,-1.26779132306629,-0.587649811225472
-1.37724038703826,-2.32570793128697,1.40134762762367,0.96363923734711,1.16061421982506,0.682724043398668,0.210707841742015,1.04053117478802,1.19140376467372,0.552242458727744
2.22587380263161,-0.79428298158567,-0.9134801433572,-0.874434060170841,-1.05317484510863,-0.619523504344716,-0.19120237784375,-0.94420802375078,-1.08111416686866,-0.501120747961081
0.14805137029482,-3.49876015720075,0.8516463788265,0.545037193952002,0.656446824825986,0.386150731971013,0.119176976565331,0.58852750048591,0.673861482175942,0.312349962953724
0.714152964577005,2.09980905024057,-0.847787970118068,-0.746489671411553,-0.899077677635814,-0.528876811019537,-0.163226258800809,-0.806054532295053,-0.922929007393061,-0.427798366419869
-0.148674001063653,-2.60287976174224,0.584737543964317,0.663685521034467,0.799347746907017,0.470211304090545,0.145120433366314,0.716643166993665,0.820553374825981,0.380344956653168
-0.886530923366566,-2.52972323017467,1.41237098137752,0.615819998529769,0.741698157822986,0.436299294494753,0.13465423341312,0.664958297352231,0.761374419154596,0.352914178814509
1.45887567480889,-1.8430103866234,-0.181250789701962,-0.394266649550805,-0.474857666787411,-0.279332047436765,-0.0862097261900733,-0.425726479513476,-0.487455006349979,-0.225946366133552
0.825204547802584,1.45141348993819,-0.56774890133636,-0.812125233798975,-0.978129634094928,-0.575378629134842,-0.177578027757676,-0.876927371623259,-1.0040781066557,-0.465412800274384
2.57295115290397,-0.633579425185443,-1.33006688699494,-0.905138846904299,-1.09015591719288,-0.641277388306592,-0.19791623827306,-0.977362846191734,-1.11907629739424,-0.518717049837577
0.355104634493894,2.55795009426795,-0.832256517874725,-0.628458404402965,-0.75691994726852,-0.445253416769408,-0.137417727386167,-0.678605163109679,-0.777000022340134,-0.360156997561728
-1.74720382702977,2.02136333526625,0.644947089862793,0.208642025089815,0.251289997114461,0.147819766434952,0.0456213374253902,0.225290257041138,0.257956385052859,0.1195685900532
1.02788184502599,-2.99938916676817,0.0593406258306716,0.225830524777497,0.271991953180409,0.159997562390041,0.0493797477636258,0.243850283532074,0.279207536358586,0.129418976963035
-1.40872881997769,-1.48282446747293,0.739773587523488,1.18566630438984,1.42802526039794,0.840026912647397,0.259255931412663,1.2802745102096,1.4659088629327,0.679481749798267
2.14776038139052,-0.857307356342708,-0.864160150392721,-0.822514595066651,-0.990642657594635,-0.58273933681267,-0.179849749170574,-0.888145734124679,-1.01692308395336,-0.471366736341648
-2.0384610871577,0.743226601124898,0.872878401288437,0.766371168390455,0.923023099543548,0.542962555435282,0.167573515695991,0.827522439169573,0.947509669356581,0.439192056453749
-2.21612767944929,0.228908306802851,0.925416722262583,1.07283842424764,1.29213452763134,0.760090040472243,0.234585164395603,1.15844372320637,1.32641313055506,0.614822338342276
-1.71963923742078,2.31818394951638,0.292856589541561,0.347113286753083,0.418065808118115,0.245924592383636,0.0758992459595892,0.374810595139368,0.429156535535434,0.198923712842281
2.07654883739475,-0.675364625299089,-1.00824879858968,-0.718826497695432,-0.865759946750541,-0.509277864566605,-0.157177472695435,-0.776184023156753,-0.8887274016148,-0.411945152398343
-1.02766952402446,2.69311452053078,-0.351097645878886,0.119151254418071,0.143506651481227,0.0844168886442166,0.0260534261020777,0.128658724066092,0.14731369124206,0.0682832113410807
-1.81096842912158,-0.224171241648894,1.13370822231852,0.738656956688214,0.889643898130564,0.523327449329546,0.161513569704754,0.797596819556733,0.913244962319625,0.423309593578657
-1.30676482835432,-0.464926962937313,0.624101468350243,0.80050900806525,0.96413896596442,0.567148706260599,0.17503804208806,0.864384249113437,0.989716284789082,0.458755772611221
0.571697250563058,-2.21300498271864,-0.0705512902788464,0.414732404345792,0.499506773127152,0.293831729810955,0.0906847359814396,0.447825264052778,0.512758020553473,0.23767488268796
2.73178611596211,-1.8976493344328,-1.07979689007051,-0.752874973000833,-0.906768182064414,-0.533400702067555,-0.164622458814886,-0.812949338054894,-0.930823530630813,-0.431457655615159
-1.00714050647961,-1.12785495063382,0.512134963158177,0.886647787751347,1.0678851488796,0.628176748375841,0.193873012328495,0.957396324740755,1.09621471534796,0.508120192035046
1.85914767832531,0.448528492734057,-1.22364589976441,-0.795012063025456,-0.957518404729963,-0.563254202593189,-0.173836088721468,-0.858448684787779,-0.982920088909134,-0.455605582865291
1.81612319191532,-2.48125589233033,-0.477658245709601,-0.222321345019681,-0.267765471143359,-0.157511360811259,-0.0486124360307725,-0.240061094804148,-0.274868931399027,-0.127407935919387
1.92914323266829,0.633833759776884,-1.06740589444989,-1.04748947198758,-1.2616040621724,-0.742130685443742,-0.229042402318122,-1.13107209484945,-1.29507273263154,-0.600295358555931
0.704645955139765,-3.25968409044538,0.710591503304838,0.0908258142237819,0.109391281954763,0.0643487362579244,0.0198598298490213,0.0980731040337537,0.112293286534981,0.0520504655881124
2.37695448763424,-2.49678704720354,-0.748269609164149,-0.48154564370035,-0.579977132429824,-0.341167914512487,-0.105294013933786,-0.519969751058499,-0.595363150992338,-0.275964219762178
-0.922156346820407,-1.88367670626804,1.03795944639694,0.69202757025374,0.833483120465929,0.490291223723597,0.15131766132268,0.747246721339602,0.855594314245767,0.396587220707631
1.06151356278634,1.76965690221069,-0.9515800478365,-0.834473298541939,-1.00504580844837,-0.591211900064589,-0.182464620485121,-0.901058661799085,-1.03170833115884,-0.478220031179009
-0.866833721482829,-1.05188895257556,0.723490170586586,0.573079086930182,0.690220687989638,0.406017995378967,0.125308572829571,0.618806948139154,0.708531320812604,0.328420213443194
-1.47115308188273,3.25480749923438,0.066354443409361,-0.0448853845278362,-0.0540602888781684,-0.0318006262371715,-0.00981456766502967,-0.0484669366744955,-0.0554944361258187,-0.0257229201052799
-1.46259057627747,-1.26005198749157,1.02895507022933,0.920211012039593,1.10830894428187,0.651955792760389,0.201211894222874,0.993637668850473,1.13771090004223,0.527354607556356
-2.03897809025425,1.90534871343916,0.84293987599262,0.346187218782169,0.416950445009274,0.24526848702277,0.0756967533919401,0.373810633165671,0.42801158333327,0.198393001728219
-1.39040662760722,-1.21154339035788,0.964277296136933,0.890887452173757,1.07299143204578,0.631180487456755,0.194800050690503,0.961974285902136,1.10145646138532,0.510549859294402
0.19476561425874,2.34542875771655,-0.776276584713695,-0.454725666096601,-0.547674953174447,-0.322166359943266,-0.099429599765666,-0.491009719417772,-0.562204038072092,-0.260594224642747
1.10855621192828,-3.12498051782909,0.303883917005057,0.0140167775511845,0.0168819104822001,0.00993067807358007,0.0030648865587072,0.0151352222354794,0.0173297650156394,0.00803273610943444
-1.05880905390344,-1.41078054952817,0.856820724507207,0.769148247347122,0.926367833964654,0.54493007450326,0.16818074741781,0.830521110370649,0.950943135113826,0.440783545106009
-2.36573061654319,1.34478608008766,0.844205500226695,0.837154157796405,1.00827465514898,0.593111248907036,0.18305081295802,0.903953435612126,1.03502283484917,0.479756378235886
1.59026472142598,-2.57144332664837,-0.168555755436663,-0.237561133025233,-0.286120384456204,-0.168308523571394,-0.051944744134058,-0.256516915512106,-0.293710776042702,-0.136141554967367
1.56359572835631,0.880098619594007,-0.992069772126716,-0.889741775440285,-1.07161157052017,-0.63036879255934,-0.194549538815843,-0.960737191861955,-1.10003999397671,-0.509893294771415
-2.56522851526649,2.45773227456639,1.00223286505815,0.457934046926981,0.551539150760055,0.324439449963252,0.100131139277607,0.494474107484612,0.566170747657669,0.262432883810655
1.75027345015903,0.605965730979998,-0.765887159913874,-1.12055574275787,-1.34960561872903,-0.793897049745891,-0.245018958296198,-1.2099685631702,-1.38540885292698,-0.642168183422773
1.10954132231546,1.54783825541698,-0.522923764473274,-1.12573322495839,-1.35584141655868,-0.797565218751019,-0.246151058420236,-1.21555917366815,-1.39181007814297,-0.645135295376729
1.63645151663333,-0.468240098900536,-0.630394740196572,-0.719301649328808,-0.866332222889677,-0.509614502420061,-0.157281368605117,-0.776697088698418,-0.889314859475435,-0.412217452338108
2.44847132851577,-0.805908907868569,-1.1408248609689,-0.881450558710625,-1.06162556780966,-0.624494589028617,-0.192736594391401,-0.951784391737412,-1.08978907595407,-0.505141763560173
-0.0112851205852123,2.56330314610415,-0.536803524049291,-0.550064493992634,-0.662501742152254,-0.38971249915327,-0.120276238094228,-0.593955945296534,-0.680077028370431,-0.315231008502309
2.21782830301428,-0.191575037003096,-0.992096064333442,-1.03640911072173,-1.24825879316764,-0.734280414561704,-0.226619587931199,-1.11910759519212,-1.28137343146732,-0.59394542414906
-1.85533488580374,-1.31141277469542,1.43176090173432,0.958734512615704,1.15470693310719,0.679249118996874,0.209635382337665,1.03523508597284,1.18533976553046,0.54943165864813
2.69334509683417,-0.969678176022346,-1.2999336731587,-0.90262858940942,-1.08713254451246,-0.639498908269194,-0.197367349312894,-0.974652287012598,-1.11597271867537,-0.51727847125206
-2.31830605799782,0.917782335597535,0.963435495863856,0.866760518014458,1.04393277421948,0.614086914047065,0.189524493171121,0.935922184480942,1.07162691618482,0.496723193748513
2.2372227494065,-0.877284425321114,-1.06731902274422,-0.732074200799704,-0.881715578284565,-0.51866366485219,-0.160074194643812,-0.790488803971075,-0.905106314739136,-0.419537147256231
-1.50325857412313,2.79534531177419,0.0574220083191244,0.164947457918487,0.198663937461934,0.116862816554113,0.036067152012737,0.178109156948325,0.203934226338127,0.0945281036631188
-1.60675981693829,3.34925388440924,0.282948563702004,-0.135058030634449,-0.162664890324976,-0.0956866026149562,-0.0295315767996909,-0.145834754163294,-0.166980172569853,-0.0773990680514697
-2.21734665638883,0.135633584984098,0.919717031000692,1.11397074453477,1.34167459819868,0.789231676607887,0.243579092929898,1.20285812632672,1.37726743301659,0.638394452063045
1.38214803674148,-1.02799385946078,-0.441785346918223,-0.436725295692203,-0.525995174016662,-0.309413365680604,-0.0954936670519784,-0.471573040381051,-0.539949123334124,-0.250278570791311
-0.295666645559878,-2.24856191003819,0.816371434686842,0.4721377792893,0.568646230998588,0.334502582735275,0.103236905081607,0.509811202269197,0.583731655882485,0.270572759999665
1.61441997204332,-1.50544300332501,-0.557329345178651,-0.361402303473184,-0.435275605467508,-0.256048147852585,-0.0790236599072785,-0.390239779400548,-0.446822885818846,-0.207112463798536
0.924258631851363,-2.64489337272679,0.0929313038431297,0.152205555505746,0.183317496019218,0.107835368523078,0.0332810276489477,0.164350536322764,0.188180664304437,0.0872259731099328
1.44990257445988,-2.3015038943108,-0.406921242997162,-0.0349913587610641,-0.0421438511168291,-0.0247908563822438,-0.00765115553457747,-0.0377834341193022,-0.0432618711892115,-0.0200528509503543
-1.17757289316544,-0.700339329434026,0.653823104673848,0.75739080280578,0.912207080858489,0.536600100207694,0.165609883065578,0.817825500741066,0.936406716144357,0.434045587756181
-1.19885405329372,-0.997709748905953,0.664154402641742,0.881025260814427,1.06111333588006,0.624193271805232,0.19264359942157,0.951325157926236,1.08926325519564,0.504898033804487
-1.88272231490139,1.88296107219946,0.169369770807884,0.748603770108771,0.901623913732282,0.530374618450752,0.163688524300652,0.808337321865858,0.925542791731786,0.429009914286848
-1.27400055372495,-0.237944351375704,0.38542376617632,0.872561673438111,1.05091972868871,0.618196946239325,0.190792964702328,0.942186233135416,1.07879922522261,0.500047720407929
-0.529608339801592,-1.54911494932082,0.310882544831302,0.79902545732819,0.962352166491617,0.566097632665277,0.174713651214582,0.862782320994009,0.987882083913158,0.4579055792246
-0.553212279313052,2.07199370875804,-0.419015510250545,0.00624707736069492,0.0075240261460608,0.0044259612413246,0.00136597612140743,0.00674555216640071,0.00772362850876628,0.00358007564223945
-0.969460007066945,2.85323902750795,-0.155396967440041,-0.144541682483625,-0.174087070706842,-0.102405628663002,-0.0316052572140269,-0.156075137719146,-0.178705368138962,-0.082833960085676
-0.865780458218853,-1.7817366311578,0.748224634658152,0.831709268401594,1.00171679011809,0.589253625888574,0.181860241996979,0.898074080622212,1.02829099841932,0.476636020543552
-1.55510673389048,-0.803584686721713,0.631835433858245,1.13497391681024,1.36697097412403,0.804112111260572,0.248171613583253,1.22553721065109,1.40323488800314,0.650430951874344
-1.49668734510071,2.62912099887857,0.16628993321285,0.137744880934928,0.165900952685681,0.0975901960242492,0.0301190792652987,0.148735997067572,0.170302083342102,0.0789388484575217
-0.257329441985565,-2.32387179658574,0.835982865228565,0.452987351531007,0.545581314263571,0.32093478997089,0.0990495026336799,0.489132699027789,0.560054857717692,0.259598031178906
1.56938678736535,0.839198261289511,-1.27312405394718,-0.65926795988206,-0.794027203604374,-0.467081527826728,-0.144154496384805,-0.711873114138339,-0.815091684616953,-0.37781334032017
-1.19247003685001,-0.107627192365445,0.288170236452614,0.829506954129613,0.999064306531366,0.587693319036872,0.181378687418147,0.895696036466408,1.02556814798635,0.475373918087245
1.72526398255622,-2.07209195405254,-0.841137970372511,-0.0171975168823804,-0.0207128164418887,-0.0121841845031953,-0.00376038202386207,-0.0185697631971936,-0.0212622997929334,-0.00985555448456351
0.259409214797159,2.89358788945588,-1.11993273471247,-0.450404045721914,-0.5424699616536,-0.319104556291141,-0.098484641043888,-0.486343262769701,-0.55686096507927,-0.258117590059067
2.39545057785489,-0.0273496100065998,-1.44243324682553,-0.898014995947659,-1.08157589844754,-0.636230246034681,-0.196358548214592,-0.969670559786571,-1.11026866221317,-0.51463451270601
1.32615629595397,-3.62486886183526,0.227245067287109,0.0799643397011103,0.0963096417612979,0.0566535433724578,0.0174848768934853,0.0863449568112319,0.0988646079022563,0.0458259708152327
0.77450237449023,2.14459604807692,-0.868708569658351,-0.798546463022426,-0.961775262209455,-0.565758272335682,-0.174608915072193,-0.862265106160514,-0.987289875131045,-0.457631077125806
1.58047664027856,-2.1510344059611,0.00102055364444324,-0.522473293040525,-0.629270695795914,-0.370164544331393,-0.114243189440362,-0.564163151865303,-0.64596440674586,-0.2994190406387
1.09269472159299,-2.79344033749601,0.0238874115911837,0.119764943996347,0.14424578374515,0.0848516785677003,0.026187614501145,0.129321381949967,0.148072431697577,0.068634904618469
-2.43321175811713,1.44178635607613,0.95657033367601,0.769593870089518,0.926904545289243,0.545245791577377,0.16827818658658,0.831002290814208,0.951494084672892,0.441038922626338
-0.703988181865757,-2.05589155004245,0.833537918375419,0.732210988693701,0.88188032663511,0.518760577037227,0.160104104469817,0.790636506620077,0.905275433643342,0.419615537674531
0.773362946300375,1.98093562583672,-0.537772396238169,-0.993819192949512,-1.19696318141599,-0.704106092323106,-0.217306943420729,-1.07311928809946,-1.22871701565899,-0.569537990333585
0.69491362492737,-2.21391714952414,0.438744740456514,-0.0879070615882666,-0.105875914707725,-0.0622808434991308,-0.0192216199831577,-0.0949214545460166,-0.108684661290873,-0.0503777865715414
0.269589172615367,-3.34582324199261,0.72838541200029,0.479665982859887,0.577713255020789,0.339836202810137,0.104883010247395,0.517940105910472,0.593039215939835,0.274887023562728
-1.15692150768718,-0.889791395056562,0.901888726509446,0.618248706558113,0.744623311723174,0.438019997950032,0.135185290895049,0.66758079996525,0.764377173480197,0.354306023024587
-2.13904695638231,1.06601217051042,1.1305796793086,0.527037928304945,0.634768376246106,0.373398520412467,0.115241285416148,0.569092014358742,0.651607933314334,0.302034942216721
-0.880831071230985,-2.30376764588487,0.989283429363475,0.855471024112548,1.03033562432213,0.606088475808025,0.187055950170548,0.92373186480814,1.0576690520644,0.490253409592207
-2.08312699755607,2.29284622661676,0.743820522430534,0.313165684451113,0.377179064995138,0.221873221902816,0.0684763165725951,0.338154202232671,0.387185121735847,0.179469017935126
-1.41919750852556,-0.484000653057923,0.814951921416906,0.754141020145682,0.908293018603164,0.534297677608156,0.164899290694594,0.814316407256634,0.932388819045987,0.432183202024064
1.06970335377681,1.75747239002789,-0.916043882777779,-0.864567221037995,-1.04129115113013,-0.612532995814899,-0.189044910299961,-0.933553877140261,-1.06891521436371,-0.495466258924712
-1.18756080180535,-1.80035694637153,1.1369641443695,0.808395724040327,0.973637784976393,0.572736327032938,0.176762539012984,0.872900272040605,0.999467094780472,0.463275492494519
0.916794671729758,-2.50637861041812,0.341525686232974,-0.0887616093753361,-0.106905138378529,-0.0628862778752482,-0.0194084740597668,-0.0958441895056681,-0.109741188890778,-0.0508675108923679
2.05581162448747,-0.273172884411138,-1.29946791699896,-0.627153174858037,-0.755347919157513,-0.444328681082089,-0.137132327944415,-0.677195785015558,-0.775386290423331,-0.359408996499547
-1.60090996660758,-1.26999031114472,0.979168765539907,1.08052367225708,1.30139069713642,0.76553492419239,0.23626560865167,1.16674220237769,1.33591485387228,0.619226600946141
1.54181399840473,-0.719936636145809,-0.176990985740354,-0.897217172928456,-1.08061499450641,-0.635665000311514,-0.196184097486609,-0.968809075850187,-1.10928226677411,-0.514177296220131
-0.881557918176928,-2.23516089262516,1.05873042979369,0.775571256853833,0.934103754087711,0.549480681049007,0.169585192585872,0.837456632886411,0.958884278863739,0.444464443957931
-2.24005209103072,2.85679004932913,0.620627405976039,0.327421281654388,0.394348611631458,0.231973100141975,0.071593423061238,0.353547300324094,0.404810153508537,0.187638616831744
1.83203962923514,-1.83941472769795,-0.312613055771313,-0.610148559412642,-0.734867434632084,-0.432281164373158,-0.133414125445712,-0.658834315494115,-0.754362486002242,-0.349663989987424
-2.0764397995079,-0.970013510095018,1.65424487565329,0.842280306654413,1.0144486267215,0.596743049003758,0.18417168861403,0.909488616711688,1.04136059364002,0.48269407207341
-1.09421820027517,2.21206485221593,-0.389850552808605,0.389830532258603,0.469514774332849,0.276189124424351,0.0852397317521883,0.420936389863058,0.481970374095886,0.223404115646331
1.0410589324594,1.47826541005273,-0.709958083399258,-0.894682723995009,-1.07756248547857,-0.633869381000293,-0.195629918864491,-0.966072394918202,-1.10614877875945,-0.512724854002876
-2.21559917039972,1.59951082063325,1.0500822957352,0.451215645487674,0.543447458410105,0.319679562633999,0.0986621041736299,0.487219622744467,0.55786439351894,0.258582701724072
-2.17322833367638,0.635277901201952,1.22449571245109,0.647236934216692,0.779536947370364,0.45855772538059,0.141523811213795,0.698882093448943,0.800217021241822,0.37091859907577
-1.40876248122405,2.48072752603332,0.129297662510292,0.148625485607951,0.179005633373621,0.105298942336239,0.0324982151894565,0.160484800897927,0.183754413702843,0.0851743063386436
-1.89263340899129,1.98305977310534,0.511517521342752,0.45124158929339,0.543478705321463,0.319697943433839,0.0986677770054295,0.487247636691589,0.557896469369115,0.258597569602528
1.89419689048677,-2.08462295346135,-0.541243437041502,-0.39052050111133,-0.47034577791871,-0.276677957077378,-0.0853905992575709,-0.421681413595043,-0.482823423096786,-0.223799523057018
0.0792810834892856,-2.07388940810203,0.127200423560785,0.625549170418355,0.753416044354985,0.443192267832972,0.136781598853556,0.675463791797243,0.773403165562982,0.358489773494453
-1.01403088924082,-1.80015495798798,0.91944665454006,0.830887871417583,1.00072749351951,0.588671678362543,0.181680636622886,0.897187141676996,1.02727545710352,0.476165294287852
1.53649068105137,0.905063700323311,-0.901432693558573,-0.947111968628058,-1.14070865522497,-0.671014719733859,-0.207094015128573,-1.02268514105488,-1.17097013203558,-0.542771010119456
-1.3436470528182,-1.54276626181052,0.985980284576922,0.960723158453338,1.15710207285234,0.680658044946066,0.21007021651232,1.03738241238865,1.18779844513351,0.550571311979326
1.0466715355152,-2.82459140264688,0.2175183665639,0.0193827527874463,0.0233447307172704,0.0137323915863707,0.00423820227381496,0.0209293662471347,0.0239640352382055,0.01110786966886
1.62021992285406,-0.294519685344095,-1.03032824241144,-0.459153470880712,-0.553007833982825,-0.325303393667537,-0.100397776603591,-0.495790833277796,-0.567678393084403,-0.263131711397101
-2.09653044444547,0.716638876713285,0.699184095846165,0.961714265047275,1.15829576895946,0.681360229202401,0.210286930323102,1.03845260263056,1.18902380840375,0.55113929543318
-1.21168592783242,-1.96373917496589,1.23899282468291,0.811550071573838,0.977436904459886,0.574971135267078,0.177452263689119,0.876306315316478,1.00336699982882,0.465083186255915
1.14645314662223,-2.72594684572906,0.161572516466747,-0.0593858229395509,-0.0715247240755819,-0.0420739708248755,-0.0129852107476596,-0.0641244126579562,-0.0734221794592021,-0.034032832623123
-1.75436384725127,-0.403622492792908,0.733746077680375,1.07185249915594,1.29094707216381,0.759391527233049,0.234369583563959,1.15737912791576,1.32519417348024,0.614257324304179
-0.567500462412784,-1.79320957307328,0.867758431559891,0.489056534655543,0.589023305010085,0.346489268857266,0.106936333550291,0.528079960653977,0.604649306446848,0.280268561810091
-0.577818136624796,2.80731057256738,-0.355334852718972,-0.303586621640734,-0.365641970946404,-0.215086598610186,-0.0663817737473747,-0.327810794561878,-0.375341963993795,-0.173979447778898
-0.54644571171791,3.15660237722661,-0.70809554544734,-0.187876992316924,-0.226280438166136,-0.133108050072049,-0.041080887981547,-0.202868314151835,-0.232283355914586,-0.107668563248944
-1.4454070836358,2.43165296478485,0.606904999008422,-0.174935208009931,-0.210693257492635,-0.12393898869677,-0.0382510577567792,-0.188893862399662,-0.216282668159909,-0.100251884362255
0.734454932902428,-2.91983167945832,0.354007102937146,0.214461146195571,0.258298589584001,0.151942527045328,0.0468937373044203,0.231573704918452,0.265150906118207,0.122903412487293
2.13526096464892,-1.02962235029318,-1.17841044015529,-0.500322537702074,-0.6025921623476,-0.354471064175235,-0.109399740077331,-0.540244915058951,-0.618578127443608,-0.286724883824933
-1.892687545245,1.20382579354786,0.945570122142236,0.409618510936652,0.493347562107831,0.290208612517174,0.0895665400826246,0.44230331630457,0.506435413893574,0.234744212204149
-0.917448198672544,-1.87690389613637,0.820918878242146,0.855151330720972,1.02995058323842,0.605861977802874,0.186986046515791,0.923386662031606,1.0572737963551,0.4900701996753
-1.66086069516802,2.75585068844156,0.152422619581842,0.239729948723181,0.288732522112769,0.169845097182453,0.0524189739673189,0.258858788132711,0.296392210221879,0.137384460057927
1.14537151875991,1.47465598162099,-0.823728487364113,-0.893017312754573,-1.07555665187135,-0.632689461947679,-0.195265762659051,-0.964274095048961,-1.10408973306612,-0.511770439983016
-1.20307816807731,-0.35770662505259,0.517833322469021,0.75449335458947,0.908717372811405,0.534547301312515,0.164976331590548,0.814696855622065,0.932824430804501,0.432385117878038
-0.835972910843667,3.35970512950058,-0.161900180980854,-0.446448728226178,-0.537706148027547,-0.316302272771587,-0.0976197775341526,-0.48207233750951,-0.551970773841446,-0.255850876361411
-2.28576202074603,2.44341757892597,0.550693940658116,0.578908379415009,0.69724153094331,0.410147962259883,0.12658319676637,0.62510137900326,0.715738417351064,0.331760864892098
-1.52743096950472,2.56462792511068,0.382893948469081,0.019149469968487,0.0230637631658966,0.0135671141845769,0.00418719301911322,0.0206774690264094,0.0236756139930236,0.0109741799304931
-1.1957780341786,3.15712763488651,-0.247581554250998,0.00382193916813762,0.00460317178248012,0.00270778696151694,0.00083569921416292,0.00412690423808267,0.00472528778073506,0.00219027723396854
2.09961002802277,-0.876074234954971,-0.662634609079772,-0.931993480831378,-1.12249983678023,-0.660303496364583,-0.203788230338394,-1.00636029949757,-1.1522782579617,-0.534106905805824
2.12988441570969,-1.47627348502865,-0.712453634104608,-0.68944455525392,-0.830372118108797,-0.488461196077887,-0.150752863320787,-0.744457599095413,-0.852400781151924,-0.395106946244796
-0.782743523642732,-1.38856512318477,0.596722208104942,0.729359960064909,0.878446526682324,0.516740665728246,0.159480703028868,0.787557985059831,0.901750539564841,0.417981669937677
1.93639172998441,-0.61168625216209,-0.764996023908563,-0.81422039071742,-0.980653056573039,-0.576863016597989,-0.17803615147793,-0.879189707988594,-1.00666847216125,-0.46661349298512
2.0112070049871,0.0321740334341783,-0.810615441260326,-1.08816060893926,-1.31058868012188,-0.77094558005691,-0.237935489228816,-1.17498851530239,-1.34535684705924,-0.623603177290337
1.26047720837204,-2.98373514030439,-0.455679695268031,0.424838251133491,0.511678329691688,0.300991571703507,0.0928944645635526,0.458737489523361,0.525252472254325,0.243466342252152
-0.266363685459046,2.81033056812737,-0.525709047319653,-0.436284188639242,-0.525463901421804,-0.309100847905177,-0.0953972152767657,-0.471096735948607,-0.539403756787024,-0.250025781122679
2.02613637523176,-2.22001657899729,-0.395997968808428,-0.56452380621449,-0.679916644662632,-0.399956706448155,-0.123437888588793,-0.609569013496469,-0.697953924980761,-0.323517352419657
1.52143412467352,-2.08819890840252,-0.31593068778995,-0.248451357851908,-0.299236651728309,-0.176024085618926,-0.0543259835859003,-0.268276107119747,-0.307175000364206,-0.142382525966989
-1.72226189801562,0.0761530062439835,0.570465964191273,0.988922064446596,1.19106504365186,0.700636549736029,0.216236144995767,1.06783140164077,1.22266240817899,0.56673154350126
-1.98087468143583,2.38246368242686,0.215865388513869,0.604831607294008,0.728463658202221,0.428514183008863,0.132251529048488,0.653093106315539,0.747788825938162,0.346616950600552
1.65773526660704,-1.0798674186552,-0.454132638897128,-0.641526449552606,-0.772659197434114,-0.454511932070675,-0.14027516560843,-0.692715950471526,-0.793156813787388,-0.367646034023205
-0.0546832745395915,2.52351048618936,-0.285820717266808,-0.694222406898655,-0.836126597943347,-0.491846232787925,-0.151797580855326,-0.749616691203936,-0.858307919649378,-0.397845037884764
2.30795314390488,-0.800902587637321,-1.43475778489463,-0.534069456762094,-0.643237201090701,-0.378380253568906,-0.116778788381918,-0.576684611549174,-0.660301424769,-0.306064571162176
2.05941423880916,-1.45218831191792,-0.297400959407193,-0.963289322259942,-1.16019277950782,-0.682476133772431,-0.210631329858778,-1.04015333882761,-1.19097114410784,-0.552041929358874
0.869053267508956,-2.82684524388351,0.089039289745854,0.271700671630441,0.327238297081423,0.192495878063599,0.0594096420115824,0.293380559949617,0.335919491962619,0.15570624474803
0.194309424074182,2.25437688114074,-0.220583951369951,-0.854069497817264,-1.02864761569325,-0.605095515307704,-0.186749494632647,-0.922218506129904,-1.05593626282152,-0.489450222779879
1.64142013970759,-1.85983804605247,-0.184639685429174,-0.540367885656936,-0.650823075404034,-0.382842596607141,-0.118155992949108,-0.58348561275717,-0.668088542194296,-0.309674075346112
-1.63580241173109,2.16768209174327,0.372036616455175,0.271434274860893,0.326917446843212,0.192307139921143,0.0593513921124676,0.293092906507505,0.335590129996195,0.155553578063953
0.781333430667014,-2.73942390117897,0.212009339027018,0.216712572383359,0.261010223925113,0.153537628957712,0.0473860306176071,0.234004779791013,0.26793447649606,0.124193660004622
1.87671682603918,-0.250107662169274,-0.714960777019377,-0.940770782740852,-1.13307128407401,-0.666522084003526,-0.205707461384605,-1.01583797113377,-1.16313015163035,-0.539137002754583
-0.11665393600549,2.74130395536457,-0.564739209633597,-0.50665850183925,-0.610223244384227,-0.358960000373465,-0.110785152041641,-0.547086446569457,-0.626411651892706,-0.290355898708841
-1.30054075536917,2.07219163403433,-0.0579753857069738,0.359160664644441,0.432575759093969,0.254459980138273,0.0785335066826445,0.387819272852534,0.444051416127599,0.205827825221787
-0.577870170025946,2.91719256426574,-0.480977752161676,-0.247281117878599,-0.297827206055082,-0.175194988032028,-0.0540701007518066,-0.267012489858205,-0.305728163980073,-0.141711884740361
1.04197819051964,1.03408017473424,-0.715998296467156,-0.721022893798259,-0.868405302450593,-0.510833978483631,-0.157657733216698,-0.778555676913264,-0.891442935067784,-0.413203863269753
-0.951528221332,2.52176984201647,-0.114358222021147,-0.0652249083415694,-0.0785573616910991,-0.046210875841727,-0.0142619759883463,-0.0704294178482558,-0.0806413835561294,-0.0373790961978704
1.77721136992089,-0.115616120639932,-0.826911718916187,-0.820029445684549,-0.987649525310818,-0.580978645499115,-0.179306350310903,-0.885462286517044,-1.01385054786842,-0.469942546715606
2.34475464249735,-1.71666004508677,-0.678895809928299,-0.806496879942539,-0.97135080311045,-0.571391024278564,-0.176347340745683,-0.87084991294019,-0.997119442340684,-0.462187302752277
-1.8852337792817,1.49413446175693,0.678304671410774,0.50134550723959,0.603824234419466,0.355195822852403,0.109623420989299,0.541349510693282,0.61984288474168,0.28731112729729
1.2873248087943,0.741211326603954,-0.354569918049906,-1.10030728193174,-1.32521822285143,-0.779551316911401,-0.240591461662689,-1.1881044111987,-1.36037449201458,-0.630564193715114
-1.79957446609684,2.5467653407704,0.298005480843405,0.323701600800297,0.389868600518218,0.22933776167252,0.0707800834893746,0.34953081392655,0.400211293685074,0.185506941801366
-1.31237892893003,-1.27536343959007,0.95073890269726,0.859527411844152,1.03522116768728,0.608962366083953,0.187942913539275,0.928111925030036,1.06268420236869,0.492578044629508
0.553161448699146,2.09542309135745,-0.811134734603651,-0.636615998267374,-0.766745013612492,-0.45103295049081,-0.139201454044817,-0.687413678161996,-0.787085734569424,-0.364831952169622
-2.0216957608614,1.82357456404149,0.439768070527025,0.67799902177687,0.816587032993834,0.480352206124532,0.148250200951855,0.732098788937644,0.838249996143629,0.388547738915072
-1.49670392880374,1.98886739850267,0.239196898340611,0.325383364725161,0.391894129419427,0.230529266358429,0.0711478153471009,0.351346771314579,0.402290557162234,0.186470727219053
-1.62335140446191,-1.34139564936394,1.27449461562344,0.895955470915063,1.0790953912761,0.634771103231814,0.195908215706519,0.967446698492201,1.10772235050006,0.513454239919543
-0.00742668488562665,2.80577278869879,-0.90730805850106,-0.356274989035681,-0.42910023006243,-0.252415521960155,-0.0779025293874864,-0.384703339716076,-0.44048368595363,-0.204174101990612
-0.0483338278921558,-2.80152695877544,0.777052485009366,0.503907451218411,0.60690985868317,0.357010921993651,0.110183611634844,0.544115880590551,0.623010366495177,0.288779326377562
-1.46038112446955,-0.116148046559389,0.519783916967175,0.879404216457524,1.05916093807529,0.623044786028626,0.192289144409182,0.94957476511978,1.08725906288521,0.503969045562137
-1.8486764655531,2.24106952373007,0.215081763239153,0.547087931078692,0.658916747778595,0.387603648673466,0.119625387523705,0.590741872658519,0.676396928885045,0.313525199566302
1.07055645054901,-3.19087237746681,-0.176108934618666,0.446825271139021,0.538159659094845,0.316569047815613,0.0977021118159183,0.482478926017193,0.552436315951538,0.256066665606955
-1.72719335491469,0.843952719042207,0.800442629488744,0.519917382330572,0.626192338045829,0.368353719671255,0.11368431801991,0.561403296651228,0.64280438427688,0.297954299104682
-2.15848928712877,-0.173679656167683,1.52228778993962,0.710943580291697,0.856265702765969,0.503692935025472,0.155453806360154,0.767672101901403,0.878981288020177,0.407427609400644
0.219182726585149,-2.55682736367661,0.267066972132497,0.581776038466315,0.700695360699887,0.412179655975455,0.127210234589379,0.628197857982012,0.719283872597294,0.333404263192945
1.57750660870424,-3.04878457142127,0.338966593654709,-0.441183749903261,-0.531364969221388,-0.312572114067252,-0.0964685456454484,-0.476387249286389,-0.545461372032405,-0.25283362212195
-1.57702432291632,-0.561139664847248,1.28795354010671,0.547921709748394,0.659920956970935,0.388194368439346,0.119807700257739,0.591642181264763,0.677427778405787,0.314003021519524
1.0110569374761,0.859267385773682,-0.339258136237045,-0.92253317318886,-1.1111057723334,-0.653601009339173,-0.201719654331612,-0.996145122859243,-1.14058192420583,-0.528685391871618
-0.697545733883307,-2.39251756065216,0.862852874630555,0.832432567626967,1.00258793705111,0.589766072614065,0.182018397469282,0.898855094266667,1.02918525571675,0.477050528927121
1.29865547833805,1.0187237958367,-1.22354497547555,-0.53648243911521,-0.646143414871413,-0.380089815617567,-0.117306407312407,-0.579290133683726,-0.663284736519057,-0.307447403300913
1.13878832660594,-2.12611632715716,0.13323277658325,-0.259898306564497,-0.313023441363415,-0.184134078245576,-0.0568289554080121,-0.280636445439344,-0.321327535111287,-0.14894254434002
0.940806578669073,2.14181058697097,-1.1219816069509,-0.74081137792909,-0.89223869899664,-0.524853824682218,-0.161984652068645,-0.799923149139294,-0.915908599786421,-0.424544249492495
0.286472991579722,-2.5375379805398,0.325120027001365,0.471808066248771,0.56824912217563,0.334268985958112,0.103164810546151,0.509455180343035,0.58332401229293,0.270383808021456
-1.76950420668943,2.23403828889049,0.354958552910483,0.373094173984161,0.449357380726836,0.264331663924556,0.0815801859450487,0.402864582632666,0.461278231764703,0.213812841977286
-2.3673724341982,0.0980692211104587,1.56093445930794,0.754463105734705,0.908680940867154,0.53452587044956,0.164969717423487,0.8146641931119,0.932787032369435,0.432367782861694
-1.46889759008955,2.55129552477532,0.515342465223498,-0.129083089483127,-0.155468627040872,-0.0914534458236969,-0.0282251055542935,-0.139383052847571,-0.159593002033931,-0.0739749482519858
0.105536516100942,1.79179537417709,-0.377883808749408,-0.478856610990468,-0.576738441559104,-0.339262774898646,-0.104706034265967,-0.517066151603209,-0.592038541979213,-0.274423188660754
1.15104485597065,-2.7597456784244,0.0307974770277305,0.0518839194294159,0.0624893760405766,0.0367589839510262,0.0113448563117723,0.0560239076452744,0.0641471357106728,0.029733641101013
2.02892739067283,-1.93172247295062,-0.673839784589055,-0.459793125381085,-0.553778238590832,-0.325756579351502,-0.100537642451732,-0.49648152791012,-0.568469235497517,-0.263498284654324
1.19119769372508,-3.56274330176392,0.305341472554107,0.109887849461255,0.132349738084387,0.0778539042381773,0.0240279045272127,0.118656161624998,0.135860799836734,0.062974538415281
0.294142490864329,-2.9013301076726,0.601090684882801,0.388495001399016,0.467906251094507,0.275242920707024,0.0849477066725765,0.419494292612932,0.480319178884771,0.222638749504085
-1.67399905039463,2.30672738289122,0.329235443927646,0.284245750874507,0.342347683245045,0.201383879811892,0.0621527293305221,0.306926652239894,0.351429709957329,0.162895579862434
1.01159850204024,-2.79898893851579,-0.282560267206897,0.430450282340641,0.518437501556722,0.304967612205939,0.0941215824906958,0.464797323119384,0.532190955919718,0.246682485588973
-0.0205976311739263,2.60385539117004,-0.593151346377966,-0.513581551374583,-0.618561416413608,-0.363864877829912,-0.11229893517679,-0.554561908948872,-0.634971024487502,-0.29432336054426
0.0807776683702269,-2.17204450930045,0.46365114823662,0.398694643948074,0.480190775967278,0.282469215499133,0.0871779444885133,0.430507798116513,0.492929595792169,0.228483961551431
-0.0435292013237665,-2.71652605188415,1.15609034687814,0.17095808253119,0.205903178170665,0.12112125454615,0.0373814257477405,0.184599389025927,0.211365514432341,0.0979726729437831
1.87762727261087,-0.12309000558898,-0.99086156510689,-0.774337297873788,-0.932617564771818,-0.54860643949512,-0.16931537705387,-0.836124212269458,-0.957358662930618,-0.443757286637329
2.20272244815588,-1.9299574494894,-0.57611349058998,-0.684627155740593,-0.824570006529013,-0.485048140292135,-0.149699498311433,-0.739255803464068,-0.846444747302663,-0.392346190508824
0.257853146126184,2.95765011307854,-0.828925583632679,-0.701110513603944,-0.844422684569955,-0.496726353769863,-0.153303723446152,-0.757054422550213,-0.866824090371887,-0.401792474680073
-1.50439117030804,2.52309210310196,0.160043519426823,0.189690696341449,0.228464876698562,0.13439303235293,0.0414774696541849,0.204826739573109,0.234525744683201,0.108707960910527
2.19949719375864,-0.652556915013783,-1.07470011773233,-0.780097983618278,-0.939555777260347,-0.552687799522608,-0.170574999548609,-0.842344562036245,-0.964480936928076,-0.447058620929458
1.4308133524392,0.631714120281319,-0.416898288484703,-1.13171166152253,-1.36304188974382,-0.80180085199019,-0.24745829396711,-1.22201464930716,-1.39920157026299,-0.648561418327701
-1.34624244169152,-2.17371757774848,1.63714482834213,0.694833484606365,0.836862584451055,0.492279172240024,0.151931198146878,0.750276528807519,0.85906343089597,0.398195234351139
0.696115411202118,2.1070824521992,-0.851820388539196,-0.730781921340333,-0.880159147352318,-0.517748104107558,-0.159791626847422,-0.789093409292341,-0.90350859377341,-0.418796567630218
1.84717218958039,-1.22792018354474,-0.288050682794907,-0.875864347307852,-1.05489749350786,-0.620536841472923,-0.191515122182119,-0.945752438192698,-1.08288251482872,-0.501940417039111
-1.84612882648529,0.0333058749667437,0.50304571940584,1.16331157460629,1.40110105862036,0.824188919635694,0.254367881317916,1.25613602316773,1.43827039804858,0.666670699291601
-0.24867638550653,2.93903340059818,-0.731281158339686,-0.339749788502595,-0.409197156400797,-0.240707663574291,-0.0742891550003389,-0.36685953919625,-0.420052610335219,-0.194703838618519
0.342809373171218,2.94141594459648,-0.761581094109181,-0.819788548628542,-0.987359387116066,-0.580807973523809,-0.17925367613909,-0.885202167494306,-1.01355271269495,-0.469804493409603
-1.14579520143885,2.82282286997949,0.218379241946905,-0.275290422995629,-0.331561820157905,-0.195039163425851,-0.0601945714055239,-0.297256749357905,-0.340357712330753,-0.157763459775503
-1.0462289313966,-2.33232043633585,1.46335172150769,0.636289522235762,0.766351803466998,0.45080164708624,0.139130067308645,0.687061151536318,0.786682093084038,0.364644855256767
0.510944947623598,-2.63367914676896,-0.0926193544838628,0.644368749634945,0.776082484661038,0.456525659334531,0.140896658479125,0.69578504700595,0.796670916251453,0.369274899603891
0.983459322366352,-3.36200365980672,0.537661056016036,0.0281243043875601,0.0338731200742223,0.0199256506637385,0.00614961621354536,0.0303684349394571,0.0347717287004776,0.0161174788271922
0.227097350155688,2.1079661559554,-0.547411170977936,-0.570439406888295,-0.687041437837022,-0.404147821395146,-0.124731384538602,-0.615956639363216,-0.705267729400432,-0.326907465373076
0.246013937587402,2.42546709874527,-0.804792309411725,-0.506575799489047,-0.610123637062381,-0.358901406990443,-0.110767068475673,-0.546997145127301,-0.626309402121672,-0.290308503638728
2.1003085397187,-0.760041132094266,-0.956631486182742,-0.747032595005026,-0.899731578824602,-0.529261464297057,-0.163344973620815,-0.806640777543941,-0.923600255706875,-0.428109505120475
-1.29641438846238,-1.39990844452999,0.981024667287473,0.869861390586126,1.04766748806369,0.616283836067407,0.19020252509611,0.939270485852261,1.07546070699831,0.498500242074081
2.23248164950162,-0.627524343794654,-0.661314583522032,-1.1409477847964,-1.37416594488007,-0.808344507730297,-0.24947785017204,-1.23198775317027,-1.41062073172196,-0.653854456664238
-0.987734374879026,-1.87523170955249,1.36996652299441,0.484937087171092,0.58406181201252,0.343570701685908,0.106035581635074,0.523631808934591,0.599556191667854,0.277907788484094
-0.114150767652656,-2.37227815638377,0.666156578953854,0.482561814076533,0.581201015541527,0.341887856085144,0.105516208151819,0.5210670050041,0.596619502088073,0.276546566770561
-1.08120720058635,-1.1439915419721,0.750977113960438,0.76901578170826,0.926208291370141,0.544836224571595,0.168151782689322,0.830378074863706,0.950779360067404,0.440707631686062
-0.87737592811667,2.84962000958988,-0.228113226230593,-0.164579285333772,-0.198220507679699,-0.116601971762864,-0.0359866479737696,-0.177711606664722,-0.203479032956124,-0.0943171112859518
-1.57840637343785,2.04574234429829,0.281678604132864,0.339888845634496,0.409364637838245,0.240806183480574,0.0743195610143388,0.367009692153095,0.420224534831473,0.194783529491875
-1.91914140283871,2.71123190978812,0.454533809980073,0.240107813293899,0.289187624994581,0.170112808601395,0.0525015972407194,0.25926680375769,0.296859386375198,0.137601006719283
-0.488065779027966,3.1732962289708,-0.787428083923241,-0.181850487595476,-0.219022071337062,-0.128838361259549,-0.0397631419269135,-0.196360934839493,-0.224832434309606,-0.104214893394166
-1.97590141628768,0.25969131564104,1.16579986952809,0.668893930864969,0.805620794202807,0.473901384860759,0.146259296077337,0.722267172938701,0.826992837686696,0.38332979261603
-0.0896710567748372,2.06273136919165,-0.226873064396482,-0.534514700605771,-0.643773456066872,-0.378695702198925,-0.11687614470129,-0.577165382860442,-0.660851905873334,-0.306319731543194
1.0299216896339,1.77137164575776,-0.965578168967109,-0.797326497357298,-0.960305926545473,-0.564893944836942,-0.174342159296447,-0.860947795431001,-0.985781559954707,-0.456931939095345
-1.1126350182169,1.98750133999813,0.414044372695081,-0.137312446598594,-0.165380125574829,-0.0972838227393468,-0.0300245238526786,-0.148269057376279,-0.169767439383745,-0.0786910289500957
0.462530049314047,1.35704764895652,-0.314667771715353,-0.66565569145543,-0.801720634723772,-0.471607140482272,-0.145551227735385,-0.718770543778676,-0.8229892121867,-0.381474022090956
-0.962884756419229,3.23491672902213,-0.165527045417735,-0.288044869877907,-0.346923370252448,-0.204075499026666,-0.0629834387233145,-0.311028915417398,-0.35612678382862,-0.165072779314392
2.36230094671131,-1.34052980735211,-0.797677170309699,-0.872247506739674,-1.05054134399508,-0.617974363813926,-0.190724269505609,-0.941846998045005,-1.07841080248851,-0.499867677728811
-1.74576909230054,2.68449183769404,-0.0744344677953555,0.516565838534894,0.622155713926682,0.365979200823192,0.112951474718889,0.557784322176224,0.638660673912166,0.296033596092053
0.615465292070269,-3.03061957698214,0.0880010128520944,0.565947253343738,0.681631054905954,0.400965197532765,0.123749137301811,0.611106042143956,0.699713816237648,0.324333101625438
-1.6940761693201,0.708835189747682,0.355600505493274,0.891233828955159,1.07340861080141,0.63142589024607,0.19487578889336,0.962348301223745,1.10188470733605,0.510748360930693
-2.25562071183356,1.16996959938985,0.812296524422266,0.835296358406534,1.00603710783262,0.591795025716739,0.18264458946207,0.901947396311583,1.03272592839153,0.47869171039846
1.74621436075134,-1.81663371479038,-0.517768934267659,-0.385472188670912,-0.464265553102835,-0.273101302922914,-0.0842867431903479,-0.416230279736291,-0.476581898038797,-0.220906435720519
1.86095065950054,-2.71706245932688,-0.0729648632095954,-0.486778390262809,-0.586279491065458,-0.344875237494724,-0.106438198076385,-0.525620035643208,-0.601832702783587,-0.278963002621526
0.661968297683039,-1.89998254103051,0.160313564281993,0.0378669417318585,0.0456072245006057,0.0268281640767227,0.00827992598937365,0.0408884692930861,0.0468171232423219,0.0217007902916776
-0.443560365953706,2.6915945418697,-0.372750900095982,-0.359886793106749,-0.433450313580868,-0.254974431335983,-0.0786922807914505,-0.388603341488025,-0.444949171376765,-0.206243954984706
-1.81383344993617,-0.336380762312324,0.937485780540697,0.937401819182498,1.12901367946394,0.664135223513127,0.204970809105643,1.01220018691606,1.15896490419032,0.537206316822831
1.02583285694938,1.92023016059752,-1.23753947458887,-0.638068738850027,-0.768494705107606,-0.452062195550744,-0.139519108018336,-0.688982337683678,-0.788881843042582,-0.365664488870251
1.38125993973337,-1.97947372555955,-0.252270870009361,-0.220610648794632,-0.265705095965964,-0.156299358021701,-0.0482383778817408,-0.238213896512745,-0.272753897220523,-0.12642756997657
-1.65678297907856,0.641870712473321,0.62961378161543,0.670853768111656,0.80798123666809,0.475289900352453,0.146687831010754,0.724383392031545,0.829415899537392,0.384452936317396
1.67431341392581,-2.33361935226016,-0.341477689691223,-0.264665099646273,-0.318764602183001,-0.187511280128507,-0.057871254894547,-0.285783596585873,-0.327221001258103,-0.151674298537756
1.44828293923171,1.12981180265985,-1.23990968887028,-0.693329717694251,-0.835051436467597,-0.491213775785856,-0.151602386836323,-0.748652771398079,-0.857204235575929,-0.397333455477143
-0.812600514590451,-2.18508123923803,0.937743041100092,0.792421364145902,0.954398147851286,0.561418731033162,0.173269610574504,0.855651265541874,0.979717055783653,0.454120904923983
2.33684222343234,-0.0553268572072728,-1.21823510956624,-1.01281311142711,-1.21983959721655,-0.717563000593785,-0.221460123795217,-1.09362879367099,-1.25220031221135,-0.580423026802022
1.75252564638405,-2.24819748559738,-0.30243979640604,-0.394317473372457,-0.474918879373853,-0.279368055357234,-0.0862208392470703,-0.425781358734662,-0.487517842824569,-0.225975492253725
1.12681866386956,1.69844007018609,-1.1794067325694,-0.684629812296957,-0.824573206105133,-0.485050022422742,-0.149700079189874,-0.739258671995783,-0.846448031759264,-0.392347712928379
0.301854768916692,-1.93786454996876,0.108091847516241,0.39930785712354,0.480929334448136,0.282903667898324,0.0873120287180908,0.431169941583834,0.493687747242923,0.228835381811855
1.03205543098133,1.77177331836288,-1.05943454584373,-0.725903260913019,-0.874283252674943,-0.514291645876909,-0.158724866622858,-0.783825464537622,-0.897476819459542,-0.416000704484281
2.0941551082174,-1.77642684551616,-1.12920644964413,-0.218507775308594,-0.26317237959681,-0.154809503485374,-0.0477785668689396,-0.235943227849562,-0.270153991269417,-0.1252224550546
-0.264078154221865,2.3335729643127,-0.602862267624026,-0.195733771772503,-0.235743201412762,-0.138674461266317,-0.042798839034148,-0.211352011826361,-0.241997153629338,-0.11217112710902
2.26170767227702,-0.173256836681789,-1.55757825318816,-0.638533651006441,-0.769054648745008,-0.452391578887319,-0.139620764980071,-0.689484346706908,-0.789456641236686,-0.365930920769659
1.5356182499469,-2.43945491527976,-0.378361276730182,-0.0774809668084796,-0.0933186490945296,-0.0548941106752265,-0.0169418664782106,-0.0836634274449934,-0.095794268195548,-0.0444027992599318
1.0963881309986,-1.64187052580072,-0.12893881227654,-0.203874834350675,-0.245548357353407,-0.144442282817703,-0.0445789509877208,-0.220142676506859,-0.252062427258898,-0.116836607965947
1.44001578069724,-2.10801813169509,0.0457982370320263,-0.454517442873863,-0.547424167585981,-0.322018836892059,-0.099384070002905,-0.490784881380698,-0.561946599476976,-0.260474896059983
-1.69261571020957,2.91998849909775,0.373535989540829,0.0311109651215371,0.037470276336964,0.0220416552985999,0.00680267475753365,0.0335934111357085,0.0384643127136186,0.0178290746227907
-1.3036729129402,2.09027373672806,0.483460572990735,-0.0684592464249332,-0.082452822384053,-0.0485023561887409,-0.0149691912724455,-0.0739218343824861,-0.084640185617527,-0.0392326309505967
-1.57309601072032,1.7475316707836,0.626860760482638,0.179403703614231,0.2160751466256,0.127104851260934,0.0392281319855205,0.193718913933966,0.221807331622189,0.102812690215414
-1.50064097954036,-0.934588370498437,1.06143952371176,0.802800551904909,0.96689891830196,0.568772230931663,0.17553910746398,0.866858642756979,0.992549454975263,0.460069010756006
1.22156055743502,1.47460304700665,-1.2093154341682,-0.656257193479537,-0.790401014296269,-0.464948444684827,-0.143496166933203,-0.708622108803133,-0.811369297350538,-0.376087930045925
-1.34167601058325,2.61304231688136,0.0281196987007527,0.12015505470192,0.144715635962293,0.0851280661907438,0.0262729154951539,0.129742620869092,0.14855474846639,0.0688584692958629
-1.95536500961348,0.758421565348991,0.950244002051115,0.629429760816686,0.758089856112607,0.445941608317297,0.137630122653571,0.67965402723967,0.778200967303035,0.360713662580569
-0.592126668023241,-2.70110815412913,1.06448087885022,0.703062758800984,0.84677398311453,0.498109490407489,0.153730598313921,0.759162443798852,0.869237765725873,0.402911267528962
1.95689132575429,-1.97584972410787,-0.373245384437595,-0.616743364758074,-0.742810266933059,-0.43695348571123,-0.134856135221974,-0.665955342002408,-0.76251603103375,-0.35344334161368
0.805067605116334,-2.64524556263889,0.30371758466692,0.0888408183555757,0.107000538259772,0.0629423962576955,0.0194257937709471,0.0959297188304072,0.10983911960343,0.0509129039817167
0.167763849296005,2.57150100364682,-1.00144393241377,-0.342082487860785,-0.412006676749039,-0.242360346317099,-0.0747992193772837,-0.369378372292219,-0.42293666350521,-0.196040662171476
-1.94637817664006,0.192440706810679,0.952729188801368,0.836101689183199,1.00700705417232,0.592365590574218,0.182820681824505,0.902816987074038,1.03372160611192,0.479153229430643
-2.07494059934597,0.211938593048372,0.654175242840958,1.17139553733439,1.41083744307954,0.829916286793976,0.256135507907977,1.26486503181372,1.44826507578114,0.671303457361436
0.370484698678573,-2.23831696881671,0.11795336515413,0.448053946787234,0.539639485126831,0.317439546207608,0.097970772102883,0.483805641727928,0.553955399791331,0.256770795155288
-1.70167502292851,-0.13048702544181,1.11436958042911,0.625072852192227,0.752842363162916,0.442854803465932,0.136677447858536,0.674949466576561,0.772814265375238,0.358216805003612
-1.4697314873873,-0.252700935989822,0.733770299761915,0.772202509864363,0.930046410314812,0.547093973994436,0.168848587661523,0.833819082518322,0.954719299180537,0.442533882137495
0.106408108697425,2.47764340546596,-0.467892292833875,-0.671270593523158,-0.808483264274505,-0.475585214946653,-0.146778973400392,-0.724833477310664,-0.829931245265574,-0.384691810660809
-0.0138247721609058,2.64479658741583,-0.297285644258061,-0.766333270352422,-0.922977454866432,-0.542935705239939,-0.167565228970533,-0.827481517122702,-0.947462813787155,-0.439170337842786
1.96353368053085,0.28101724117084,-1.13960187868603,-0.88546418722908,-1.06645961166246,-0.627338185039052,-0.193614208097756,-0.956118280848204,-1.09475136053274,-0.507441894143848
1.02475626617056,2.42809517197727,-1.07872123492874,-0.955390285124651,-1.15067912079941,-0.676879783641641,-0.208904138808319,-1.03162401159442,-1.1812051007427,-0.547515148463999
1.39282259465315,1.33146039785222,-0.878961165856894,-1.00547279131188,-1.21099886141666,-0.712362493147966,-0.21985510093061,-1.08570276532262,-1.24312504350056,-0.576216435506051
1.13390231905587,1.64620285415476,-1.01281308493867,-0.800959574665983,-0.964681631708531,-0.567467925984694,-0.175136562273128,-0.864870767902016,-0.990273346730466,-0.45901398335832
-1.64161509533192,3.41319285424395,0.22606863890371,-0.0853809407082195,-0.102833436048957,-0.060491124489673,-0.0186692623601125,-0.0921937661901459,-0.105561469737575,-0.0489301169958595
0.632404260797357,-2.42432494408149,-0.26917669157408,0.599182726693369,0.72166010465531,0.424512035260125,0.131016353690856,0.646993482991978,0.740804783204159,0.343379689610075
-1.98780548288643,3.00306861124015,0.0809570986816501,0.479088300014491,0.577017489532077,0.339426923120472,0.104756695023972,0.517316327854869,0.592324992722144,0.274555965026979
0.726794855177799,2.11320284167013,-0.968790199514541,-0.667736956010595,-0.804227325136869,-0.473081685413003,-0.14600631377331,-0.72101787926347,-0.825562401747901,-0.382666753364925
-1.83710318471964,-0.548669100938179,1.45059337090927,0.6370740359489,0.76729667758153,0.451357463364343,0.139301607844674,0.687908264173426,0.787652033446621,0.365094444444358
-0.997417376274881,-1.03818354511347,0.462762747359285,0.882726131378443,1.06316187695868,0.625398313260331,0.193015509106996,0.953161746534863,1.09136614133254,0.505872768856617
1.58676742324639,1.71549230013412,-1.11262161033492,-1.13436950634955,-1.36624301769791,-0.803683895453658,-0.248039454141459,-1.22488457229605,-1.40248761986548,-0.650084576274475
1.97309237724845,-0.193395110392693,-0.946051711158562,-0.863668157586902,-1.04020831246456,-0.611896022754014,-0.188848322498192,-0.932583074465652,-1.06780364943484,-0.49495102356324
-0.46438164432352,-1.80559524467075,0.418086283598277,0.757747036344075,0.912636131164974,0.536852486362422,0.165687776531412,0.818210159322552,0.936847148582327,0.434249738103578
2.06225091783969,-1.04240662740326,-0.797879219403429,-0.730926856346456,-0.880333708144924,-0.51785078840016,-0.159823318108166,-0.789249909138284,-0.903687785430658,-0.41887962699625
-1.09759182526413,3.10929164606208,-0.196643824599671,-0.101198990715933,-0.121884812391205,-0.0716979772634136,-0.0221280123243297,-0.109273990323291,-0.125118253644454,-0.0579951264827986
1.75615675208395,-3.17970660129706,-0.0752760382308146,-0.219114892059546,-0.263903595498923,-0.155239636658621,-0.0479113180639104,-0.236598788438648,-0.270904605352621,-0.125570381575529
1.69433160551567,-3.17629308935841,0.0175150553854208,-0.24041928262128,-0.289562760954583,-0.170333479979586,-0.0525697026345201,-0.259603126244954,-0.297244474191094,-0.13777950358876
-2.03181857511977,2.44409668620444,0.869428021537005,0.113539101953012,0.13674733357227,0.0804407622323625,0.0248262816608705,0.122598759536593,0.140375057658395,0.0650669985137665
1.46650182010725,-3.45666038971874,0.215770715230364,-0.0946414592037974,-0.113986872970548,-0.0670520638809274,-0.0206941527858977,-0.102193211849786,-0.117010792441407,-0.0542371357481994
-1.80976552049786,0.582118546765162,0.85981546565311,0.643729424212849,0.77531247639734,0.456072706797622,0.140756864586722,0.695094707710139,0.795880480697132,0.368908514934876
1.68862463026389,1.00665964247554,-1.539063000416,-0.616667162627116,-0.742718488523315,-0.436899497636704,-0.134839472983734,-0.665873059453324,-0.762421817865398,-0.353399671689782
2.16646901530531,-1.41037820906736,-1.15770052687158,-0.397563972617131,-0.478828987059373,-0.28166815170586,-0.0869307136715962,-0.429286906809177,-0.491531680443679,-0.227835996325842
1.93341222326202,-0.198070081923653,-0.709234682458083,-1.0133279395754,-1.22045966004351,-0.717927748666963,-0.221572695309319,-1.09418470164692,-1.2528368244768,-0.58071806456244
0.990942809415851,-2.52098993674476,-0.313178433657718,0.365731124343707,0.440489269318759,0.259115052948736,0.0799701930781637,0.39491401109565,0.452174861207412,0.209593224843001
-2.31373199864847,1.04084744943955,1.07687380943566,0.727147707499646,0.875782073341718,0.515173317743815,0.15899697535844,0.785169209601707,0.899015401836412,0.416713872043383
1.47100904134139,0.830833338011221,-0.931288542140845,-0.839737865494868,-1.01138649179748,-0.594941767319415,-0.18361576242431,-0.906743305827655,-1.03821722436701,-0.481237049670521
1.51156137618425,-0.440703703511122,-0.59197873900192,-0.653693270554693,-0.787313006575348,-0.463131943489804,-0.14293554357443,-0.705853602053243,-0.808199368909888,-0.374618596871093
1.40801164245503,0.787908833734833,-0.788093384224528,-0.881753739759978,-1.06199072130635,-0.624709388285303,-0.192802887483349,-0.952111764597742,-1.09016391648524,-0.50531551058255
0.21422289203733,-2.82746444136866,0.606213696796754,0.424205399153537,0.510916118089552,0.300543205503915,0.0927560861438388,0.458054140206887,0.524470040196583,0.243103667383928
-1.28590129995643,2.58936414595429,0.153539500099745,-0.0162832868311868,-0.0196117110110557,-0.0115364661320902,-0.0035604779171416,-0.0175825837296848,-0.020131983505929,-0.00933162744657378
-1.47360203585741,1.23825458844629,0.181747764840347,0.637467276439236,0.767770299334574,0.451636068393264,0.139387593192502,0.688332882613113,0.788138219752088,0.365319802739079
-1.82152502363301,0.528622277672756,0.649497490975484,0.838623746881387,1.01004463910483,0.594152430879862,0.183372150998588,0.905540288033434,1.03683977411494,0.480598570477709
-0.986204711172525,-1.82136084161213,0.91173067382238,0.821368879205013,0.989262748942766,0.581927614193532,0.179599228740211,0.886908597834167,1.01550656816831,0.470710149395089
-2.09823710762039,1.8621663532949,0.576277235757276,0.621578468411828,0.748633701510427,0.44037908461672,0.135913371390861,0.671176254445652,0.768493953551237,0.356214243240002
2.39330990954351,-2.19650745016508,-1.13146503732873,-0.310544752086554,-0.374022394683661,-0.220016330369079,-0.0679032276192972,-0.335324137072764,-0.383944709177837,-0.177967013785577
-0.637576921944775,2.22770147985234,-0.054377941691197,-0.266655650359347,-0.321162036174208,-0.188921555653569,-0.0583065055862732,-0.287932979873391,-0.329682035970491,-0.152815043515137
2.00610321664583,-0.495598598948369,-0.910877730908856,-0.803766232896913,-0.968061991626185,-0.569456401527818,-0.175750261752587,-0.867901378604729,-0.993743383081091,-0.460622423303672
1.39060806114527,1.66383538149303,-0.820415042428926,-1.17636685006721,-1.41682492887847,-0.833438387802746,-0.257222527340105,-1.27023302190549,-1.45441140157995,-0.674152417698746
-2.04325399704536,0.761256133181341,0.913611639905292,0.731705548488318,0.881271570715982,0.518402480181743,0.159993585708565,0.790090735681837,0.904650528242885,0.419325879957262
-1.55485076665765,1.75424593342979,0.107487594415274,0.56744967798978,0.683440586254234,0.402029643011419,0.124077655114576,0.612728350183509,0.70157135203534,0.325194111273475
-2.0704006876363,0.5447713538276,0.531204511762513,1.13652096777025,1.36883425373469,0.805208173817831,0.248509889315721,1.22720770588467,1.40514759793282,0.651317535974307
0.276720954175653,-2.76474017705637,0.420983405394735,0.491949690968064,0.592507843856523,0.348539027002551,0.107568946564381,0.5312039714041,0.60822628545407,0.281926572083633
-0.302388582444519,2.74864411826172,-0.485932968208187,-0.413192509330224,-0.497652112188867,-0.292740737133724,-0.0903480249565409,-0.446162495759936,-0.510854157938038,-0.236792399517265
-1.8748842358856,-0.280025121362862,0.58417564913076,1.24403754489161,1.49832801388657,0.88138206693032,0.272019295158408,1.34330338356718,1.53807665455764,0.712933145428889
-0.315693801008836,2.88724384207223,-0.160115542316155,-0.70961072671152,-0.854660404062735,-0.502748628120719,-0.155162366690252,-0.766232895559597,-0.87733340288678,-0.406663777553917
1.79432184646503,-1.218496318033,-0.582661552707673,-0.604167348170443,-0.727663619604187,-0.428043565315925,-0.132106283192094,-0.652375843776386,-0.74696756338485,-0.34623627692371
1.04537038437706,0.588657369493218,-0.344326377976753,-0.844342865719054,-1.01693278810355,-0.598204341373128,-0.184622684538784,-0.911715754133479,-1.04391065650509,-0.483876083603227
1.62451894039745,0.217246017380593,-0.867392050188165,-0.785755241261009,-0.946369420178669,-0.556695882280867,-0.171812006617104,-0.848453230833579,-0.971475336691035,-0.450300682635952
-1.31008855815401,2.72681290911687,-0.172025360813509,0.206334732495047,0.248511076859868,0.146185084005518,0.0451168284514205,0.22279885799763,0.255103743756125,0.118246326610455
-1.80575676107032,-0.499246845713387,0.99890304807212,0.944740154349392,1.1378520245774,0.669334324652625,0.206575397944567,1.02012407193055,1.16803771879295,0.541411770584439
1.54157966465268,-2.71135115498549,-0.113470545059456,-0.185790471616496,-0.223767417212836,-0.131629781240704,-0.0406246526431567,-0.200615303116696,-0.229703667872406,-0.106472819782787
-0.0890779620953761,2.59790053851694,-0.397655355124585,-0.605958497104989,-0.729820892619534,-0.42931256765158,-0.132497933004191,-0.654309914363024,-0.749182065971507,-0.347262748712348
-0.863037607151169,2.72976324775931,-0.614738745857797,0.171347853430362,0.206372621122467,0.121397401421421,0.0374666524402155,0.185020261024383,0.211847411078551,0.0981960428848947
-0.37726007432406,-1.99651495529004,0.85258060511895,0.416882344385766,0.502096176801741,0.295354930299549,0.0911548384929819,0.450146754864709,0.515416117648501,0.238906970514791
0.992812477348749,-2.97760384979356,-0.151255299022055,0.411993631602017,0.496208174991977,0.291891350124125,0.0900858802359519,0.444867955643043,0.509371915016195,0.236105346563546
-0.909040719166443,2.59446765918235,0.101799768550487,-0.298144336764015,-0.359087242816355,-0.21123082085399,-0.0651917722861687,-0.321934251913104,-0.368613347682572,-0.170860582684021
-2.2369337903753,-0.610065127363154,1.19357136073637,1.20140556534019,1.44698174261716,0.851177944547795,0.262697453485377,1.29726965844791,1.48536823530223,0.688501606845298
1.82260521171396,-0.425390107521369,-1.13266703222241,-0.50117345688032,-0.603617015695118,-0.35507392773606,-0.109585800728036,-0.541163731871172,-0.619630168781387,-0.287212528662297
2.02718488203021,-1.71456396202223,-0.770166000762144,-0.465963757358256,-0.56121019335196,-0.33012838017748,-0.101886903145676,-0.503144534864949,-0.576098350090501,-0.267034550969463
-2.03449452988534,2.57831637499008,0.606317729230979,0.270268092164599,0.325512887784409,0.191480916854565,0.0590963964361919,0.291833670266426,0.334148309861838,0.154885261981992
-2.06233161896547,1.85080732669609,0.732908280140355,0.472918421067356,0.569586441725889,0.335055655805055,0.103407598986393,0.510654134016814,0.584696809144403,0.271020130258359
-0.851417272380453,-2.58526584117517,1.11272813382096,0.841496605295384,1.01350473101226,0.59618780826644,0.184000325706075,0.908642381249091,1.04039165763852,0.482244948429783
0.341420272321663,-2.11233002498917,0.348425633124626,0.244406561923935,0.294365069617124,0.173158407963177,0.0534415548627441,0.263908563649539,0.302174181687301,0.140064533961532
-1.7143339906898,2.18434435693005,0.333886911898317,0.36165841323961,0.435584065963127,0.256229597806584,0.0790796604664517,0.390516325005798,0.447139529359358,0.20725923520596
1.68539908836119,-2.76181316621049,-0.546767370462684,0.0500444196962485,0.0602738689660037,0.0354557257948762,0.0109426341900084,0.0540376281911041,0.0618728541929905,0.028679460432457
-1.93420190182518,1.74118771396303,0.181144880835865,0.837329008250199,1.00848524632787,0.593235127848633,0.183089045483553,0.904142237957492,1.03523901273072,0.479856581549295
-1.44201021116639,0.183178889438101,0.64539575177167,0.651196027871027,0.784305309029744,0.461362684252256,0.142389500412437,0.703157096179822,0.805111881166223,0.373187476814728
1.0236036499379,-2.4769194687965,0.124149349359774,-0.0208392791180132,-0.0250989817951523,-0.0147643187923019,-0.00455668403302503,-0.0225021135939808,-0.0257648242537723,-0.0119425759062361
2.51834315801763,-2.19476087395537,-0.786600498374091,-0.68716809790964,-0.827630336057799,-0.486848359964043,-0.150255096734247,-0.741999495748232,-0.849586263285715,-0.393802353870108
2.1443062030766,-2.01266432262886,-0.921480521466751,-0.333307905379415,-0.401438504754568,-0.236143685352454,-0.0728805829569502,-0.359903637076217,-0.412088132025189,-0.191012123672814
-2.22341852214991,1.54612740821601,1.04224896382357,0.484385308166918,0.583397245301632,0.343179774481834,0.105914930504877,0.523036001672718,0.598873994889887,0.277591574923946
0.829963368183267,-3.26649400078431,0.00708247462598742,0.537001570613011,0.646768660684324,0.380457612549757,0.117419919790151,0.579850688387543,0.663926569268151,0.307744907225243
-1.78795394960173,2.19954443350664,0.40890186763559,0.359777241633225,0.433318368976449,0.254896815749085,0.0786683264383574,0.388485048542877,0.444813726458248,0.206181173216643
2.53913691035502,-0.804564634671501,-1.52174813089194,-0.661177531214202,-0.79632710543066,-0.468434430666827,-0.144572040252317,-0.713935056434343,-0.817452599766372,-0.378907677626818
1.01246465677098,-2.65472555235505,0.489506796575371,-0.229122064578458,-0.27595630804482,-0.162329569301784,-0.0500994706854298,-0.247404466096686,-0.283277060261778,-0.131305292881103
0.707249082835059,-2.77922622868554,0.162494228601586,0.333617740962691,0.401811673021094,0.236363199247286,0.0729483311188314,0.360238195457572,0.412471199947331,0.191189684276076
1.55885933435251,0.757605138628284,-0.982901143252782,-0.84608136553953,-1.01902665013678,-0.599436042595829,-0.185002822178311,-0.913592974560439,-1.04606006590097,-0.484872383232952
0.914177000316898,0.767517594001263,-0.479180133282639,-0.695707673883204,-0.837915464477309,-0.492898522319025,-0.152122347000783,-0.751220472515872,-0.860144242422834,-0.398696214818647
1.3794700636131,-2.57989108350168,-0.151848106620768,-0.06820153396307,-0.0821424315902037,-0.0483197707489016,-0.0149128402704059,-0.0736435581974708,-0.0843215605705516,-0.03908494107033
-1.44775888621665,0.514581716628543,0.525470293309366,0.623232896716551,0.750626307188697,0.441551222423004,0.136275126084832,0.672962695014691,0.770539420396335,0.357162363158099
0.0761986977339561,-2.58835079656301,0.529115926820307,0.510463250307607,0.614805711560834,0.361655607980294,0.111617092364397,0.551194788405404,0.631115685802032,0.292536324295071
0.14142510352597,-2.758900347966,0.290786527838222,0.706540101136102,0.850962119924368,0.500573135646602,0.154490948525944,0.762917254691631,0.873537008210565,0.404904063179615
0.943789596698516,1.5662859535237,-0.678153525282949,-0.870495278563862,-1.04843094742922,-0.616732936255994,-0.190341130045471,-0.93995495383218,-1.07624441992093,-0.498863510652005
0.165555591878754,2.70726024239916,-0.757536644013296,-0.58279961117013,-0.701928159229702,-0.41290484198696,-0.127434047388743,-0.629303104911262,-0.720549375625274,-0.333990852327897
1.63180887781416,0.689503932527219,-0.964121249050067,-0.896759840568631,-1.08006418003204,-0.635340987147898,-0.196084097911288,-0.968315251440392,-1.10871683992754,-0.513915208151218
1.37572468205204,-1.69078199750481,-0.312811433521281,-0.278871546921649,-0.335874952282887,-0.197576336375984,-0.0609776143371709,-0.301123622915339,-0.344785266089325,-0.15981573058938
-0.745896050800434,3.20409514824689,-0.0292190639894452,-0.567315583309527,-0.683279081630229,-0.401934638928197,-0.124048334182457,-0.612583555648616,-0.701405562909405,-0.325117264282345
1.84003113734285,-1.72558733211031,-0.897371497351634,-0.203184873997034,-0.244717364003909,-0.143953456186152,-0.0444280853407351,-0.21939766195213,-0.251209388765918,-0.116441205425917
1.99475368334497,-0.263087108593392,-1.04074719037056,-0.781407146228352,-0.941132542384086,-0.553615321727989,-0.170861258988207,-0.843758187027687,-0.96609953152423,-0.447808875952958
-0.814900697618833,-1.35157546002271,0.707982368567414,0.655563983470883,0.789566107038253,0.464457315721112,0.143344590721757,0.707873585292751,0.810512241118276,0.375690665193315
-0.428610758952361,-2.48791817801936,0.650080458085728,0.80663927500417,0.971522304775136,0.571491909058334,0.176378476626154,0.871003670171134,0.997295493715435,0.462268906526696
-1.31723475464399,-1.00390778875409,0.927766620706002,0.777898279377387,0.936906437214361,0.551129341839049,0.170094015675074,0.839969336174478,0.961761313429783,0.445798014229997
-0.58357262129198,2.94932418168093,-0.0586392910847298,-0.584956395685899,-0.704525806441526,-0.414432891684686,-0.127905646502609,-0.631631986342175,-0.723215934947568,-0.335226862587518
1.72544701910496,0.236648279140974,-0.992485835754627,-0.781150900674123,-0.940823918344633,-0.553433775570355,-0.170805228737886,-0.843481494799681,-0.965782720101285,-0.447662026728247
-0.240948547500046,2.69517416951054,-0.643592832465318,-0.321710871335511,-0.387470951237127,-0.227927359504533,-0.0703447937120798,-0.347381237624134,-0.397750037971449,-0.184366094384938
-2.47696920853385,0.864701747564243,1.22662086071153,0.816124666941796,0.982946580932394,0.578212167933123,0.178452537525497,0.881245932662805,1.00902284065806,0.467704795770944
0.765672318663282,-2.65504077109675,0.0644017490396087,0.313205360522013,0.37722685114818,0.221901331807956,0.0684849920799263,0.338197044187486,0.387234175591695,0.17949175550132
-0.134118347237234,-2.50724551558586,0.621011772136129,0.586406528816916,0.706272357502618,0.415460289403981,0.12822273033485,0.633197830355097,0.725008819675185,0.336057905009535
-1.99826771582092,1.14250355797453,0.572124752259378,0.814816668077781,0.98137121743301,0.577285470224487,0.178166532548783,0.879833564276538,1.00740568486948,0.466955207667138
-1.33575795778448,2.74737228735934,0.112821491272156,-0.00243405515020415,-0.00293159401327677,-0.00172449181145593,-0.000532226675194861,-0.00262827639928125,-0.00300936528628722,-0.00139490853914191
-1.13577362814738,2.84027576621418,-0.238549630244355,0.0668153182577719,0.0804728631490691,0.0473376575734883,0.0146097325220577,0.0721467317914453,0.082607700708962,0.0382905284522549
1.79380089141727,-2.14816041165952,-0.341630617428617,-0.436983448418643,-0.526306095068421,-0.309596263041337,-0.0955501143215786,-0.471851791960798,-0.540268292706043,-0.25042651297844
1.42578368935018,-2.4897328836303,0.364196570733383,-0.545540103160914,-0.657052532394256,-0.386507035653204,-0.119286941902872,-0.589070538471163,-0.674483258356866,-0.312638170207312
0.562260349567935,-2.67839858729351,0.0978190136834958,0.468919896144098,0.564770588754777,0.332222760466803,0.102533287808435,0.50633655366665,0.579753198027211,0.268728655244345
2.06540136861682,0.0926957224971932,-0.822728368982436,-1.14788417351126,-1.38252018271587,-0.813258835796718,-0.250994550031229,-1.23947761910614,-1.41919659632756,-0.657829562917835
-1.56655096549929,-0.60516416195646,0.841061825403626,0.905284695425858,1.09033157823023,0.641380719811271,0.197948129281653,0.977520332445508,1.11925661848425,0.518800632721115
-1.24546113928421,2.62287823666687,0.206006706626056,-0.104493287591061,-0.125852487896122,-0.0740319375211286,-0.0228483381036396,-0.112831149958067,-0.129191186280308,-0.0598830224251724
-1.78516234663066,2.0513955519772,0.488071850623788,0.352103483263096,0.424076037677868,0.249460072267217,0.076990394488771,0.380198975806889,0.435326208456658,0.201783495096282
-1.24848970097765,3.63183346636214,-0.377867399947644,-0.0308712106364613,-0.0371815142630868,-0.0218717928177772,-0.00675025041848602,-0.0333345258533871,-0.0381678901676634,-0.0176916761014377
1.86982983250653,-1.9305012010866,-0.524183425321381,-0.442034283752486,-0.532389358475784,-0.313174704628206,-0.0966545220407145,-0.477305650022922,-0.546512936965293,-0.253321046134924
2.08834529259297,-0.48653146395053,-1.00230815807181,-0.805650931153248,-0.970331936136127,-0.570791682164266,-0.176162366912419,-0.869936463120573,-0.996073546186584,-0.461702506345852
2.06620581540426,-1.43788544381647,-0.933782810502205,-0.476911667055458,-0.574395936708482,-0.337884811096394,-0.104280755880683,-0.51496601420826,-0.589633893604133,-0.27330858001975
1.26176537071161,1.35073097859818,-0.997584014161499,-0.808667635199024,-0.973965276785653,-0.572928972037953,-0.176821994679767,-0.873193879883075,-0.999803274509953,-0.463431319365214
-2.31251282933424,2.06940568180735,1.04532562175044,0.357779761435987,0.430912589063298,0.253481630787728,0.0782315605565101,0.386328182844911,0.442344124417756,0.205036457089869
-1.91069787166832,0.150865095248599,1.24707495787587,0.591493032823073,0.712398580522547,0.419064001713795,0.129334937309838,0.638690203209965,0.731297563208135,0.33897287917188
1.71107864172277,-2.8791776867341,-0.188475990333493,-0.207106525665258,-0.249440630258478,-0.146731887968467,-0.0452855875335165,-0.22363223507794,-0.256057956964659,-0.118688625908188
-0.678531502098633,-2.52133347541711,1.28234436468348,0.537468082309943,0.647330530820148,0.38078812913696,0.117521926504903,0.580354424583879,0.664503345068106,0.308012255789471
-0.888760622031442,-0.880221272590196,0.647155199024512,0.585816645432939,0.705561897595062,0.415042365814495,0.128093747360828,0.632560878239897,0.724279512215348,0.335719854588065
-1.93114207177872,0.472072350941371,0.923143392531854,0.739439885937592,0.890586863905232,0.52388214303868,0.161684763784426,0.798442221300516,0.914212943716637,0.423758274741617
1.93170770994201,-1.52973135351348,-0.600222328242134,-0.588307930374309,-0.708562419591811,-0.416807404080384,-0.12863848781225,-0.635250950983211,-0.727359634052431,-0.337147560380951
-2.05334146331747,0.647847076603553,0.961412806504051,0.746235290737804,0.898771299672196,0.52869658610194,0.163170636322325,0.805779853752461,0.922614501631342,0.427652585921028
-1.39542601775838,2.76013841893475,0.197199227463056,-0.0225669232305595,-0.0271797691335119,-0.0159883289076628,-0.00493444798051133,-0.0243676121004472,-0.0279008121006044,-0.0129326543459078
-1.06426500621142,-1.25294114339444,0.590938615340752,0.921383092986113,1.10972060723684,0.652786194649379,0.201468179601278,0.994903273982521,1.13916001252963,0.528026303808073
0.644502075779075,2.24661661826439,-0.687351800569556,-0.868825444944398,-1.04641978747601,-0.615549884013723,-0.189976006849581,-0.938151878707774,-1.07417990658076,-0.497906562254783
-1.88449254368418,-0.340130550280473,0.881151982628134,1.04295175870394,1.25613880675485,0.738915783184967,0.228050193060359,1.12617230252999,1.2894624912885,0.597694885429019
2.1657413642517,-0.137662764292027,-0.827303613956589,-1.14158810735114,-1.3749371540977,-0.808798166720831,-0.249617862095901,-1.23267916916322,-1.41141240008991,-0.654221412770118
1.56904188118035,0.909954331911399,-0.606796736471838,-1.2070417157445,-1.45376996382152,-0.855171073142087,-0.263929845278279,-1.303355535791,-1.49233653894712,-0.691731572413744
1.20223665362989,-2.54857439328417,-0.165873123303499,0.0814654215712736,0.0981175558603847,0.0577170375144063,0.0178131010969859,0.0879658149304113,0.100720483547295,0.0466862109451518
-1.9452627887325,-0.0118414865294619,0.665249030071972,1.1380013319923,1.37061721534526,0.806256989814739,0.248833583430832,1.22880619322659,1.40697785913315,0.652165903232624
-1.25334893533662,-1.74234857332892,1.39903566487286,0.637232060045204,0.767487002971092,0.451469421082337,0.139336161145312,0.688078897531014,0.787847407914523,0.36518500490734
1.68227306410999,0.25308926135384,-0.987787922596248,-0.75440420149692,-0.908609996167798,-0.534484137674643,-0.164956837515392,-0.814600588711657,-0.932714205601977,-0.432334026015933
1.69062702073621,1.166227130087,-1.60900242264847,-0.624649491355202,-0.752332464241697,-0.442554858620114,-0.136584876443021,-0.674492324388867,-0.772290839516785,-0.357974185337967
-0.0525774858145052,2.3039186222297,-0.764990833921392,-0.237423887982202,-0.285955085511984,-0.168211287503078,-0.0519147343485635,-0.256368719236649,-0.293541091938306,-0.136062902566059
-1.75350434790841,2.35426108909948,0.275324981496297,0.375826075425458,0.45264770301452,0.266267175395949,0.0821775392223315,0.405814471456147,0.464655841907312,0.215378440295072
0.880856440907439,1.12000427452139,-0.721417397912732,-0.612646676250139,-0.737876185015025,-0.434051042935673,-0.133960359748808,-0.661531765272971,-0.75745105451361,-0.351095611003943
2.04934982703548,-3.12979634663037,-0.436708777455065,-0.204807293618111,-0.246671418187016,-0.145102916316937,-0.0447828410662263,-0.221149539759602,-0.253215281396185,-0.117370981804781
-2.00869340065519,1.54380217838176,0.797501350162024,0.494115561665444,0.595116434532637,0.350073514124583,0.108042532448444,0.533542664032877,0.610904078556143,0.28316778945301
1.7228279902985,-2.4212389991517,-0.25382617778826,-0.340967536485162,-0.41066382107151,-0.241570419877974,-0.0745554258611007,-0.368174455287031,-0.421558183660406,-0.195401705739263
1.83502362631696,-1.13809817473349,-0.458804766461073,-0.766336402765451,-0.922981227567836,-0.542937924507903,-0.167565913899045,-0.827484899481247,-0.947466686573288,-0.439172132966319
-1.6489020865225,1.29136822311178,0.742736592621872,0.327532644441329,0.394482737795145,0.232051999017445,0.0716177734732775,0.353667549113301,0.404947837860175,0.18770243662746
2.21781384434618,0.003094645958877,-1.13361549774622,-1.00011738075149,-1.20454876535529,-0.708568264550636,-0.218684095270931,-1.079920028977,-1.23650383500702,-0.573147356352
-1.07286650698413,2.12585825091774,0.451238487797048,-0.253068008602607,-0.304796980014626,-0.179294913897104,-0.0553354531861984,-0.273261135585831,-0.312882836732211,-0.145028236584452
2.11693560609066,-0.562654718062349,-1.24732894991573,-0.609276699748184,-0.7338173604082,-0.431663464789823,-0.13322348598119,-0.65789288728556,-0.753284554711937,-0.349164344574384
0.381805656068409,-2.53808873833619,0.301006628699149,0.409831693385077,0.493604320624369,0.290359649105899,0.0896131542218834,0.442533509280227,0.506698983870566,0.234866382820406
1.60811966521523,-2.7444185949603,-0.680323568106595,0.213527004891948,0.257173502893576,0.151280701848514,0.0466894794345247,0.230565025414334,0.26399597238083,0.122368074707013
2.01267944585477,-0.537207216155296,-0.902791465929398,-0.799781514925615,-0.963262767850061,-0.566633288209334,-0.174878969581054,-0.863598706908536,-0.988816842309217,-0.458338860778899
1.18647391492188,-2.52982124264156,-0.363912916964562,0.242556328777632,0.292136635140438,0.171847545343726,0.0530369857897262,0.261910694327971,0.299886629820797,0.139004202187633
-1.30053921531085,2.25066196722172,0.0735803285223043,0.18809841173062,0.226547117344528,0.133264922427955,0.0411293032026916,0.203107401347255,0.232557109735337,0.107795454305981
1.97465015360343,-1.01378001374663,-0.713347270256149,-0.733494864034503,-0.883426635584837,-0.519670183589058,-0.160384834634843,-0.792022826588039,-0.906862764103873,-0.420351301067537
0.246306924416697,2.39119663144901,-0.783805273150502,-0.510141233385725,-0.614417872000056,-0.361427463788536,-0.111546680650153,-0.550847076696455,-0.630717557375801,-0.292351782809212
1.42563059532855,2.3255485037213,-1.34430625616859,-1.04931804137489,-1.26380640465764,-0.743426199612696,-0.229442234427634,-1.13304657178959,-1.29733350032092,-0.601343275260927
-1.03329829533746,-1.76487945062551,0.934015898335621,0.822396336907632,0.990500226593853,0.58265555266881,0.179823891027309,0.888018039759024,1.0167768744484,0.471298964945497
-0.837311599152214,-1.25029812721207,0.714918802712421,0.630494620801197,0.759372381348451,0.446696045752079,0.137862963264868,0.680803855897249,0.779517516220129,0.361323912633967
0.522308181136106,-3.11678403932434,0.972064843667544,-0.0132275506612172,-0.0159313597826602,-0.00937152257991131,-0.002892315446838,-0.0142830203416952,-0.0163539974758313,-0.00758044589405314
-0.520635723653757,2.57311481982092,-0.187400702609678,-0.394029171876438,-0.47457164692118,-0.27916379804241,-0.0861577996948784,-0.425470052716062,-0.487161398758776,-0.22581027240708
1.93034831816827,-1.91895295353516,-0.532047266715388,-0.491744332185406,-0.59226050822086,-0.348393533364465,-0.107524043135587,-0.53098222637018,-0.607972388334396,-0.281808885054441
1.65933610556142,-2.46694580536576,-0.387462985300021,-0.165032363430865,-0.198766198288588,-0.116922970844714,-0.0360857173186852,-0.178200837350198,-0.204039200007907,-0.0945767613216053
-0.956806909175628,-1.71858479159048,0.807942131825588,0.83826529032644,1.00961291138066,0.593898469750954,0.183293771451426,0.905153229053502,1.03639659323097,0.480393146163734
0.593154068171671,1.60095762298058,-0.222967015293437,-0.941599286193023,-1.13406913975536,-0.667109066356375,-0.205888620647861,-1.01673258359557,-1.16415447908995,-0.53961180158568
-1.74183377902374,-0.532460586445921,0.976341318875778,0.920731950768677,1.1089363667375,0.652324870089018,0.20132580186697,0.994200174990487,1.13835496717746,0.527653147168947
-2.16417799949488,0.631504863701395,1.2483866803306,0.622303448651108,0.749506873069024,0.440892722315521,0.136071894431023,0.671959083237631,0.76939028918486,0.356629714979168
-0.451692640333142,2.93793956190774,-0.910165476946379,-0.0268701274820075,-0.0323625801394145,-0.0190370850108357,-0.00587537986171395,-0.0290141831423641,-0.0332211161590499,-0.0153987350160657
1.92919566562408,-0.631042701705955,-0.563070874576356,-0.958601671248601,-1.15454693798281,-0.679155002867348,-0.209606335453031,-1.03509164475707,-1.18517552594916,-0.54935552990581
2.6268404899893,-2.05913039296865,-1.19362053492017,-0.512956808012791,-0.617808970891117,-0.363422256465486,-0.112162329774784,-0.553887315263816,-0.634198617590452,-0.293965332563643
1.51879015166222,-2.3199283130094,-0.181527121488414,-0.262758833854193,-0.316468681573598,-0.186160719214296,-0.057454433811232,-0.283725223589821,-0.324864172941932,-0.150581855570298
-0.546439183645991,-1.49040185636378,0.356916786378845,0.754903443378448,0.909211286779862,0.534837843110018,0.165066000960889,0.815139666741439,0.933331447650747,0.432620131597224
-0.946402031145437,2.57850467324294,0.0576479638347597,-0.225759934533969,-0.271906933769363,-0.159947550254152,-0.0493643126118746,-0.243774060661335,-0.279120261496138,-0.129378523100077
1.5292456382982,1.44287057430024,-0.917018239067544,-1.13425585803581,-1.36610613882885,-0.8036033773165,-0.24801460397972,-1.22476185561036,-1.40234710978287,-0.65001944668886
2.02368212497666,-0.597078655448787,-0.703914567318036,-0.941769637424478,-1.13427431203761,-0.667229757665975,-0.205925869380506,-1.01691652771088,-1.16436509431876,-0.539709426484355
0.904714750248808,-3.2008059498011,0.295430941875498,0.222883967938336,0.268443098344995,0.15790997076719,0.0487354582742739,0.240668611252028,0.275564535145116,0.127730363910997
0.318093655657998,-2.94758866092281,0.373292735080909,0.563934672547985,0.679207087720342,0.399539314022329,0.123309069546816,0.608932870921159,0.697225544440651,0.323179731646342
-1.24247653451676,2.7882109108091,0.0635678449663596,-0.0588227743827389,-0.0708465842322033,-0.0416750593106508,-0.0128620954347875,-0.0635164366088538,-0.0727260494716699,-0.0337101607067604
-1.64291620581043,2.50377113330726,0.474796704075889,0.0687130472457137,0.082758501968471,0.0486821702891487,0.0150246869611913,0.0741958868037386,0.0849539744729784,0.0393780791472484
1.20508516240155,1.56227094574042,-1.28199352757217,-0.618918064339386,-0.745429491182237,-0.438494227965997,-0.135331651615928,-0.668303568000743,-0.765204739803376,-0.354689618640635
0.320187121014411,2.35970711176057,-0.595490422945455,-0.708166919012885,-0.852921471399156,-0.50172571187603,-0.154846665967119,-0.764673881706068,-0.875548338662585,-0.405836360111245
1.82663787717278,-0.170301760246663,-0.535457700197627,-1.06905334587293,-1.2875757512609,-0.757408368833717,-0.233757525104621,-1.15435662100539,-1.32173341593734,-0.612653185295039
0.62805262766939,-3.39277037719295,0.573316404410187,0.314130169043681,0.378340697367038,0.222556544867794,0.0686872092583816,0.339195646216346,0.388377570662811,0.180021744850098
1.12861429854529,-1.96611915828032,0.0948044745869353,-0.282333641927729,-0.340044725096937,-0.200029179109628,-0.0617346305921807,-0.304861969844654,-0.349065657405952,-0.161799788299369
-0.70448541688418,2.69690423884143,-0.738130186263329,0.14560330743686,0.175365699647107,0.10315777412632,0.0318373904584676,0.157221473211685,0.180017917396959,0.0834423562070665
-2.58358548789742,2.24795071588278,0.756930591552315,0.745507544072375,0.897894796209496,0.528180988431426,0.163011508379766,0.80499403779211,0.921714745702652,0.427235528798121
-0.023575575209484,2.47905291381475,-0.312175826391976,-0.683072019583319,-0.822696989047009,-0.483946349493067,-0.149359454682433,-0.737576577888801,-0.844522041168926,-0.391454972943303
-0.229649895250625,-1.81523911624491,0.368489220732969,0.600668892307002,0.723450053504784,0.425564961456543,0.131341316329137,0.648598234637564,0.742642217005512,0.344231381530393
2.37752461168299,-0.126343313492512,-1.55764327754708,-0.754863773363259,-0.909163507920363,-0.53480973749526,-0.16505732677769,-0.81509683132554,-0.933282401281931,-0.432597397501437
1.09648512087581,-1.95172274777879,-0.0307606918501195,-0.162336215640184,-0.195518937961966,-0.115012790302127,-0.0354961818784766,-0.175289555078461,-0.200705794202664,-0.0930316527090526
1.71295764244358,-1.61826275560068,-0.363311232880846,-0.553773554602551,-0.666968962164914,-0.392340313337948,-0.121087255460185,-0.597960964025764,-0.684662757762504,-0.317356597282223
-1.07027969166862,2.78855622626045,-0.0706267414214116,-0.100406146098233,-0.120929904473644,-0.0711362586635424,-0.0219546501657978,-0.108417882031404,-0.124138013295451,-0.0575407630196902
0.860618241683952,-2.84646290175369,0.265609857093072,0.148298344992974,0.178611622799011,0.105067168084257,0.0324266831365301,0.160131556659596,0.183349950554026,0.0849868285662962
-0.296620148081519,-2.33763459693977,0.629407730569586,0.653177507804125,0.786691818106504,0.462766533264841,0.142822767701664,0.705296684900058,0.807561701140779,0.374323023508723
1.77997536145283,1.05839121627565,-0.933170007125162,-1.18786585528398,-1.43067441575197,-0.84158526168707,-0.259736881755639,-1.28264957048858,-1.4686282968394,-0.680742268617761
-0.5484295105377,2.75060041492628,-0.323786804843822,-0.33157040935418,-0.399345851699749,-0.234912695303727,-0.0725006648057128,-0.358027500540614,-0.409939963680291,-0.190016399298154
2.20389299905183,-1.14140939213165,-0.9049743708398,-0.729766170836991,-0.878935769938569,-0.517028460008554,-0.159569524438126,-0.787996608722614,-0.90225276179112,-0.418214461242599
-1.65377891012704,2.73182534446455,0.170997258865284,0.228365183329603,0.275044714674506,0.161793330212959,0.0499339722206305,0.246587190808878,0.282341283537099,0.130871539308569
-1.81067001586233,1.62214502214661,0.50237740761589,0.526613139722304,0.634256757737513,0.37309756403015,0.115148401812019,0.568633330500923,0.651082742250153,0.301791504338493
-2.28182880247352,1.61110747061662,0.8447216820557,0.663667300323751,0.799325801748358,0.470198394988454,0.145116449254334,0.716623492392639,0.820530847491579,0.380334514726671
-0.0843641410806781,-2.56456026797241,0.618739997292015,0.567786264195411,0.683845973168042,0.40226810932366,0.124151252525516,0.613091793707174,0.701987493322437,0.325387002125744
1.67825370130332,-0.45659890139332,-0.987604730288861,-0.479966746071003,-0.578075496455231,-0.340049289064453,-0.104948774658633,-0.518264868005317,-0.593411067155634,-0.275059384970155
2.04223725500336,-0.919365187352407,-1.03376218418259,-0.576478313788978,-0.694314741942434,-0.408426296966868,-0.126051842434263,-0.622477410465379,-0.712733984547738,-0.330368242669819
-0.528994859922007,1.9977840269007,0.0445073368527782,-0.348435193189393,-0.419657922000363,-0.246861143400049,-0.0761882919442115,-0.376237980828767,-0.430790886072157,-0.199681271098839
-2.13263954164554,-0.263431612865034,1.14356392163507,1.01940350113842,1.22777711129516,0.722232193520867,0.22290116805586,1.10074505220723,1.26034839793515,0.584199847916289
2.10768736846721,-1.32712918438187,-0.811967341745624,-0.649746900162101,-0.78255996890645,-0.460335998859532,-0.142072636424212,-0.701592337814919,-0.803320239500966,-0.372357010580091
-1.81109895884473,-0.100445283441023,0.905330913656572,0.870072308804227,1.04792151952449,0.61643326848268,0.190248644142323,0.939498233927224,1.07572147757441,0.498621115105025
2.06843724123813,-1.182190952725,-0.427098488963663,-0.972706271239532,-1.17153462246055,-0.689147901831113,-0.212690425128442,-1.050321697073,-1.20261387100314,-0.557438595306724
0.543250269043859,-2.8615196833312,0.391081580245635,0.325733409690795,0.392315726163258,0.230777268001624,0.071224355629359,0.351724747516879,0.40272333830449,0.186671331018686
1.50972387616071,1.00240153590804,-1.00084539062835,-0.883813886633889,-1.06447197742806,-0.626168971653477,-0.193253355962267,-0.954336297352187,-1.09271099701728,-0.506496139733892
-1.92108361011713,1.6961862658293,0.561076532542627,0.546285741989489,0.657950585310491,0.387035309654749,0.119449982117714,0.589875674269079,0.675405135417307,0.313065480972645
1.97114812375105,-2.07828137252491,-0.493086954382426,-0.496015458156252,-0.597404683908511,-0.351419562483732,-0.108457960830349,-0.535594159500203,-0.613253032131208,-0.284256582300736
0.19500941720789,3.19573775926449,-1.29135560376535,-0.377062518439155,-0.454136884118904,-0.267143176850671,-0.0824478979092302,-0.407149574315951,-0.466184528997076,-0.216087021165898
2.59026236430815,-1.21120696547734,-1.29421097523779,-0.727187495791793,-0.87582999465486,-0.515201507156036,-0.159005675403892,-0.78521217273227,-0.899064594437975,-0.416736673921339
1.70349926385847,-0.248016034831716,-0.655691501958704,-0.840663292829478,-1.01250108331922,-0.595597418799004,-0.183818114911431,-0.907742576046574,-1.0393613845129,-0.481767393648674
0.821486844070247,-2.11998682647789,0.316556091860965,-0.135851615503579,-0.163620689806829,-0.0962488456719364,-0.0297051008204372,-0.146691661773701,-0.167961328135158,-0.0778538557379318
-1.53399780318547,3.1685301416383,-0.146497252100672,0.207942936857551,0.250448010080484,0.147324472837383,0.0454684758908048,0.224535386264393,0.257092061227637,0.119167956507688
1.86176107327265,-2.54688588028153,-0.614095973551414,-0.129354662500615,-0.155795711590361,-0.0916458512607023,-0.0282844872836508,-0.139676295567435,-0.159928763699582,-0.0741305813406867
-0.533178330288854,2.39833874604452,-0.13123428101831,-0.360505848531691,-0.434195908510175,-0.255413022881889,-0.07882764247812,-0.389271793377081,-0.445714545943546,-0.206598723321973
-0.491608490386626,-2.32160183897694,0.7698750581191,0.702973084558184,0.846665978793709,0.498045957542429,0.153710990284871,0.759065614153905,0.869126896194698,0.402859877006027
1.16829886683084,1.34693382824235,-0.843340986791882,-0.848370716529584,-1.02178396139005,-0.601058013665616,-0.185503408069181,-0.916065000379708,-1.04889052493844,-0.486184364699293
2.22720567171351,-2.33596216338096,-0.785477309788764,-0.386599326095528,-0.46562308574784,-0.273899862996203,-0.0845332012888592,-0.417447355155316,-0.477975444211418,-0.221552375734759
2.20595399255126,-0.286021080197032,-0.776112452256958,-1.15911548893102,-1.39604726201932,-0.821216055447893,-0.253450371816294,-1.25160511804475,-1.43308253097482,-0.66426600614448
-0.318777308856688,-2.25726786017358,0.744538996310133,0.551279646705107,0.663965281060484,0.390573416746757,0.120541941477308,0.595268059032102,0.681579393010833,0.315927388325439
-0.910582915591229,3.06112349505118,0.199117219764466,-0.551234226152718,-0.663910576211477,-0.390541236962063,-0.12053200989068,-0.595219014224766,-0.681523236915259,-0.315901358711289
-1.19920256554012,2.81661766385898,0.0534975841794646,-0.0985894245926205,-0.118741831664696,-0.0698491385422661,-0.0215574086954861,-0.106456198354325,-0.121891893837812,-0.0564996360997811
-1.62449553378428,-0.507806990110452,0.7374971323957,0.99832620393721,1.20239145876139,0.707299242462607,0.218292439362695,1.07798592828601,1.23428929795102,0.572120868586043
-1.02239961922822,2.12147512227334,-0.147803968300911,0.174123642340314,0.209715801801777,0.123364006510521,0.0380736020824465,0.188017539241683,0.215279281875304,0.0997867922370709
-1.30440124192244,-1.62437502730945,1.07216672470103,0.891149004632256,1.07330644775996,0.631365793477003,0.194857241340174,0.962256708489722,1.10177983404558,0.510699749800277
-0.466805696650221,-1.4687896449173,0.291745937327875,0.729909403692952,0.879108280648938,0.517129938353124,0.159600843509389,0.788151270598247,0.902429848980187,0.418296545140267
1.6976961651206,-2.49115138397166,-0.397081657309635,-0.180872244360757,-0.217843867954862,-0.128145290501582,-0.0395492407980492,-0.195304634366452,-0.223622974765576,-0.103654281675343
-0.155193361130322,2.53678282596831,-0.303548701972564,-0.599987792144405,-0.722629731434865,-0.425082412138348,-0.131192388037605,-0.647862787257601,-0.741800132886902,-0.343841056589424
-1.28754004915121,-1.80524118654007,1.18789941509295,0.855425551670668,1.03028085697703,0.606056259260401,0.187046007237845,0.923682763970881,1.0576128318148,0.490227350241223
-0.437059316001995,-2.76884884589567,0.804434771513125,0.800465113478504,0.964086098999714,0.56711760759983,0.175028444166682,0.864336852033552,0.989662015334425,0.458730617497596
-1.2079204279494,2.48299458381479,-0.273273520548847,0.291812538219734,0.351461177850599,0.206744835916267,0.0638072711638569,0.315097218381821,0.360784973400532,0.167231955018455
0.167658891357987,-2.05419940029014,0.594267522269588,0.177674805935228,0.213992849482534,0.125879953012414,0.0388500939351622,0.191852061834861,0.219669793917549,0.101821893381768
1.48224066134979,-2.71230912365734,-0.0783956721869441,-0.162407078305921,-0.195604285480332,-0.115062995445092,-0.0355116765976398,-0.17536607210887,-0.200793405876681,-0.0930722626917531
-2.333124630188,0.45944238410424,0.866994920850812,1.12989560157886,1.36085461372496,0.800514200575689,0.247061197152892,1.22005367998021,1.39695626873321,0.647520670535764
-1.51786035362813,2.84895742814191,-0.0177439796872653,0.215651558088251,0.259732330466011,0.15278591613658,0.0471540308987132,0.232859103683018,0.266622682230559,0.123585613839245
0.968610167877704,2.13823123624151,-0.928759503796102,-0.914168762439276,-1.10103161420431,-0.647674948935775,-0.199890705417762,-0.987113288323702,-1.13024051211912,-0.523891914625013
0.238509709719343,-2.79343428299994,1.02467662990656,0.0633413220457831,0.0762887564346594,0.0448763830127615,0.013850113968061,0.0683955340199418,0.0783125952327465,0.0362996503981388
1.04221212638048,1.38031963658075,-0.548143251499015,-0.984769508929644,-1.18606367509524,-0.697694526016888,-0.215328153730177,-1.06334750009031,-1.21752835999564,-0.564351796621091
-1.0982395797405,-1.65484092349544,0.99142718159725,0.790665850006024,0.952283793646018,0.560174975418643,0.172885752610626,0.853755673167124,0.977546610585773,0.453114854726601
0.454598711641763,-3.20569209535906,0.39152149113585,0.532256403168619,0.64105354594224,0.377095732108735,0.116382348931512,0.57472688845898,0.65805984016648,0.305025546249676
-2.04293884695319,1.44110379749476,0.739124989227569,0.608114619209959,0.732417742018897,0.430840148041124,0.132969387276353,0.656638080527207,0.751847806316441,0.34849837935753
-1.37150494813875,0.869396568655774,0.443036386063632,0.48729761105923,0.586904844430285,0.345243097693656,0.106551730080025,0.526180686771073,0.602474645937806,0.279260557721116
-1.40111173228106,2.48705763727739,0.0525220496819192,0.199737298907356,0.240565079084491,0.141510900596961,0.0436742439878347,0.215674993531001,0.246946949274407,0.114465468790894
-0.764828073241127,-2.94009401172268,1.43780826024825,0.649268028835681,0.781983212741519,0.459996725658972,0.141967927172293,0.701075255773695,0.802728182765438,0.372082578958311
-1.99927772326763,-0.456140927770833,1.44884531779679,0.740951325190631,0.892407252512807,0.524952975232091,0.162015252716994,0.800074263252144,0.916081624802209,0.424624450481423
-1.49061088374458,-0.102145976955254,0.604363719443035,0.833615641827014,1.00401284036188,0.590604263059402,0.182277086615231,0.90013256984002,1.0306479598089,0.477728525193534
1.4739326336124,1.17982424880933,-0.975953486295218,-0.940643133907185,-1.13291754287527,-0.666431646706581,-0.205679549891174,-1.01570013678072,-1.16297233188298,-0.53906384974978
2.17047886226937,-1.42757848187895,-0.96135131637382,-0.547935153493044,-0.659937148716356,-0.388203893132147,-0.119810639845824,-0.591656697729922,-0.677444399696584,-0.314010725861889
-1.91222809706271,-1.63670478759843,1.50772840050495,1.0719873050094,1.29110943333008,0.759487035171892,0.234399060000094,1.15752469037071,1.32536084187136,0.614334578854512
-1.95104309521102,0.443555019850256,0.95108250655264,0.745406998982401,0.897773698959992,0.528109753733097,0.162989523348351,0.804885469879415,0.921590435904886,0.427177908409133
-1.8477979359496,0.755913499695809,1.03385991654548,0.473562310582229,0.570361947016661,0.3355118419337,0.103548390856152,0.511349401589343,0.585492887554582,0.271389130518063
-0.118097368366708,-2.9019998941038,0.922377044666904,0.487966995644903,0.587711056172766,0.345717346700139,0.106698096661911,0.526903483749778,0.603302245400839,0.279644168698233
-1.87019831060894,2.56857342990314,0.420248558675346,0.279818756034145,0.337015777938904,0.198247419920701,0.061184729593625,0.302146412951689,0.345956356326027,0.160358557270715
1.49711463767037,1.26263551553171,-1.08339172722365,-0.90798049503877,-1.09357841920898,-0.643290653675096,-0.198537588589858,-0.98043123875723,-1.12258959381688,-0.520345541799921
2.11619533614968,0.510084975293802,-1.00220998439619,-1.2101988921163,-1.45757249037875,-0.857407885566007,-0.26462018850375,-1.30676463362745,-1.49623994145432,-0.693540887326032
-1.70393795470175,1.79993586478205,0.89037286714812,0.0645570381843455,0.0777529739374363,0.0457376997852387,0.0141159405490049,0.0697082561392169,0.0798156564699011,0.0369963531095424
-0.574332207835392,2.80051327175399,-0.304103984582012,-0.344012596854115,-0.414331314286255,-0.243727799784181,-0.075221253977526,-0.371462491016803,-0.425322970570928,-0.1971467692028
-1.50184134456841,-1.32422750460945,1.188914068942,0.8530195130765,1.02738300631092,0.604351616761506,0.186519906618778,0.921084739660593,1.0546381050416,0.488848497432474
-1.32783659411093,2.40219974547094,0.0847574890616178,0.144663069556857,0.174233270195028,0.102491629595967,0.0316317995207583,0.156206210665347,0.17885544610427,0.0829035246002593
-1.7236887216389,0.175485374718069,0.398826623343018,1.08639389308394,1.30846083448775,0.769693888193889,0.237549181915438,1.17308082739057,1.34317255252292,0.622590707612891
0.0219751950287231,-2.1481850204078,0.414641823715531,0.477888750039193,0.575572742675821,0.338577059833824,0.10449440331089,0.516021061850083,0.590841918661753,0.273868526821838
-0.854867794142337,-1.9935874865712,0.978472992384878,0.72333650772501,0.871191836164148,0.512473139482599,0.158163624403188,0.78105390168858,0.894303391798376,0.414529749341985
1.68660587473223,-0.515183336391993,-0.887354096672783,-0.543073030689484,-0.65408117207526,-0.38475915156155,-0.118747495712088,-0.586406610190232,-0.67143307181789,-0.311224340098824
-1.37343525547564,-1.04273341847643,1.12481025865453,0.68643164248526,0.826743343701451,0.486326592267555,0.150094064548138,0.741204276128472,0.84867574020704,0.393380305930857
1.64128308485243,1.26643496847045,-1.46352905991038,-0.734742845238515,-0.884929713370916,-0.520554359679722,-0.160657716244309,-0.793370388308231,-0.908405716535734,-0.421066494245481
-1.6765652676179,0.957224375745738,0.378487879783489,0.763544438136952,0.919618564733552,0.540959859163198,0.166955427299609,0.824470154831729,0.944014816786015,0.437572113631939
-0.776685859980804,-2.47592993242142,0.640421453139088,1.10550974077849,1.33148410273841,0.783237181498283,0.241729023140953,1.19372199131146,1.3668065973247,0.633545619287684
-2.19830327405007,2.09340115937933,0.903374205847715,0.362520272575593,0.436622095717481,0.256840212306179,0.0792681132748595,0.391446954926846,0.448205096656446,0.20775314962988
-0.165727358835652,-2.0621378624404,0.448721967216756,0.577927988225406,0.696060740548372,0.409453369707881,0.126368825969065,0.624042759182965,0.714526302164303,0.3311990222231
1.32210613399325,-2.57363263799767,0.430260366188336,-0.477005097909069,-0.574508465519129,-0.337951005464248,-0.104301185324352,-0.515066900216323,-0.589749407653805,-0.273362123381539
1.52384433479555,0.0549811221354948,-0.797567301547101,-0.69277146469287,-0.834379072426624,-0.490818261851209,-0.151480320112068,-0.748049973557514,-0.856514034615124,-0.397013531798108
1.58771701066258,0.377252111413726,-0.815460982412447,-0.856213771794122,-1.03123019511954,-0.606614701474993,-0.18721835821173,-0.924533878764947,-1.05858735463006,-0.490679063498762
-1.20068463534984,-2.36861209672071,1.38654178792534,0.841519969704222,1.01353287127895,0.59620436160202,0.184005434531006,0.908667609980794,1.0404205444289,0.482258338107252
1.79704960880306,-2.15870954709402,-0.148003992662357,-0.587120004032758,-0.707131672325953,-0.415965775965078,-0.128378737704662,-0.633968236100058,-0.72589093097287,-0.336466783448859
1.05232707173705,0.884227462142412,-0.83147042484364,-0.582270484446815,-0.701290875093306,-0.412529963586401,-0.127318349370691,-0.628731757430083,-0.719895185192054,-0.333687620338852
1.93692113259971,0.101011241820671,-1.04351996411486,-0.869193481316907,-1.04686305320326,-0.615810632300653,-0.190056481104601,-0.938549281910353,-1.07463493155562,-0.498117476571447
-2.24535336163786,1.71896428775552,1.27245710065982,0.25698277412045,0.309511952538781,0.182068466944463,0.0561914496641558,0.277488273092721,0.317722891178949,0.147271710751058
0.297389910925286,2.31611450931003,-1.09492549746623,-0.281599625597671,-0.339160670403819,-0.199509139475131,-0.0615741317346044,-0.304069383942557,-0.348158149922788,-0.161379138156507
0.260759582166103,2.20796342399902,-0.689064072173746,-0.52649856372399,-0.6341187615583,-0.373016388642294,-0.115123348804229,-0.568509612107661,-0.650941085216647,-0.301725843115321
-1.32079672042053,1.75774790639264,0.428678246746369,0.115988863852042,0.139697844909923,0.0821763820413628,0.0253619427490879,0.125243995977739,0.143403842120403,0.0664709082779041
2.42817222803611,-2.15187085475776,-1.20800893343728,-0.297383126695047,-0.358170435783101,-0.210691514860605,-0.065025327288364,-0.321112302394418,-0.367672218983439,-0.170424348350876
-0.134107527330516,1.87387369714769,-0.20143969478623,-0.444466440668828,-0.535318666242168,-0.314897851569251,-0.0971863336510753,-0.479931876722031,-0.549519955353611,-0.254714866834038
1.87955118328801,-1.75710999472292,-0.603319626387456,-0.454668995559233,-0.547606698760383,-0.322126209711817,-0.0994172082749957,-0.490948526952234,-0.562133972959601,-0.260561747886218
0.866993225432578,-3.2602614911431,0.124256263308637,0.411517607527771,0.495634848078608,0.291554094159311,0.0899817935597205,0.444353948045587,0.508783378505691,0.235832546645291
-0.829242784274855,-1.64831395348156,0.574908687127004,0.885193016519167,1.06613301165519,0.627146064630971,0.193554914336341,0.955825472537358,1.09441609626357,0.507286491609608
-1.37186561023767,0.221285265168897,0.558630740203527,0.644851709680272,0.776664165309241,0.456867829331523,0.141002261763896,0.696306544018383,0.797268028110216,0.369551674389062
2.04530097293011,-2.22704850194327,-0.731120664550304,-0.316080996524575,-0.380690288403809,-0.223938677074652,-0.0691137741305654,-0.341302136624616,-0.390789493211092,-0.181139725234093
0.407271825274379,2.72548803774618,-1.03251102004323,-0.580231857737508,-0.698835538016901,-0.411085626934242,-0.126872586457157,-0.626530462004806,-0.717374711302968,-0.332519323965331
-0.786669446073823,2.7474572167687,-0.168369567799681,-0.249369808358658,-0.300342840307008,-0.176674794119917,-0.0545268105308023,-0.269267843806813,-0.308310534648199,-0.14290887166402
-0.482552426727639,-3.13113724209064,1.23528236412021,0.640665587869534,0.771622369260299,0.453902024393304,0.14008693094524,0.691786397809389,0.792092479947165,0.367152691334304
1.4269149606947,-3.44581158185963,0.0251298086695325,0.083936935481669,0.101094265481298,0.0594680682993984,0.0183535184458357,0.0906345390473002,0.103776161298021,0.0481025863538722
-2.2476823907693,-0.734897389697728,1.52364071498072,1.00014358449158,1.20458032533353,0.708586829510109,0.218689824939573,1.07994832359951,1.23653623222933,0.573162373193671
0.307982353600178,2.84401797355438,-1.1007079302897,-0.487788661517629,-0.58749626923179,-0.34559099962778,-0.106659102401808,-0.52671091975719,-0.603081760449241,-0.27954196896092
-1.69144312223356,-0.992558326644409,1.33641079524236,0.772138250960747,0.929969016416352,0.54704844751855,0.16883453691061,0.833749696185887,0.954639852125337,0.442497056639369
-1.45135227463889,-0.0321925742159652,0.777218010953884,0.638350847928202,0.76883447936646,0.452262065629781,0.139580793546171,0.689286957171092,0.789230631058637,0.365826159965536
0.743490827472332,-2.89750180588945,0.0786142990230501,0.413590003193626,0.49813085673587,0.293022355614095,0.0904349403402418,0.446591706963286,0.511345602938344,0.237020195335396
0.424995564334255,2.84279548312376,-1.15816266564061,-0.541867859680141,-0.652629655204055,-0.383905305856024,-0.118483974912533,-0.585105274630646,-0.669943048143098,-0.310533680590999
-2.11106198199623,1.02209898832472,0.846499903967273,0.742161661417407,0.893864990410064,0.525810480417217,0.162279902934879,0.801381176178814,0.917578034538565,0.425318070072508
-0.670176388566144,-2.07162179702536,0.761112951071536,0.766110375040849,0.92270899810573,0.542777787232376,0.167516491031878,0.827240836262671,0.94718723522721,0.439042600978064
-1.45080400706133,-2.3412027702408,1.48436019938489,0.96718465085911,1.16488434206346,0.68523591605248,0.211483076290634,1.0443594884803,1.19578716755087,0.55427426461442
1.74130641188606,-1.58032674254726,-0.763751487744742,-0.279245146982723,-0.336324918957764,-0.197841026453376,-0.0610593051395924,-0.301527033751453,-0.345247169779,-0.160029833345175
-1.67055265764884,2.6947536473503,0.458768090534122,0.0317680032055018,0.0382616178615322,0.0225071569925597,0.00694634167275353,0.0343028764448115,0.0392766474717222,0.0182056100656244
-1.86891303464748,2.63945691614987,0.123180455696638,0.483933526040941,0.582853115569934,0.342859693576213,0.10581614453497,0.522548170368147,0.59831543012328,0.277332667583534
0.458994871435496,2.10169013661372,-0.260428605493967,-0.989582030495172,-1.19185991163864,-0.701104125849296,-0.216380452135129,-1.06854402854639,-1.22347836295165,-0.567109756902311
0.68263084316051,-3.37859460586344,0.31078374261787,0.467603210447049,0.563184762769482,0.331289908266379,0.102245383382458,0.504914805296431,0.578125302196947,0.267974088889501
-0.0791457854793754,-2.0975396066313,0.0329878764859748,0.842933241325818,1.01523502606565,0.597205643491052,0.184314458283507,0.910193651183477,1.04216785510827,0.483068255932214
1.87070730306979,-0.238015772299364,-0.802702661001023,-0.871672869603805,-1.04984924678143,-0.617567241964085,-0.190598620252246,-0.941226508726089,-1.07770034486032,-0.499538364628545
0.586995443319342,-2.82668067670266,0.634048331876361,0.0852472616922855,0.10267243205413,0.0603964148984288,0.0186400323165007,0.092049420486792,0.105396194521842,0.0488535082136737
1.0928785382043,1.80035789857937,-0.637629752905144,-1.11835925270561,-1.34696014987559,-0.792340869267092,-0.2445386772321,-1.20759680796772,-1.38269320331879,-0.640909418710815
1.41109637123494,0.487189245801497,-0.8927026140067,-0.687675749136729,-0.828241754947811,-0.487208023295466,-0.150366098954032,-0.742547654132858,-0.850213902302117,-0.39409327867989
0.456403164146475,-2.90415387284306,0.335081858724469,0.459640819666386,0.55359480046234,0.325648673021683,0.100504339523432,0.496317069222573,0.568280931000521,0.263411001281975
1.60129069831279,-2.89720562817648,-0.0866176570314149,-0.186535353463186,-0.224664558414493,-0.132157518931862,-0.0407875273375299,-0.201419621530658,-0.2306246090317,-0.106899696736874
-2.24950684700265,1.8405545684889,0.811710588374215,0.574334182609613,0.691732334502496,0.406907211969475,0.125583010079056,0.62016219202211,0.71008306928812,0.329139483785335
1.98797349006665,0.0589244770955886,-1.1902651055114,-0.781765399563301,-0.941564025348589,-0.553869138878556,-0.170939594099604,-0.84414502657203,-0.966542461155386,-0.448014183805598
-0.656337015076739,-2.63670222832819,0.83085090048793,0.915725104597921,1.10290608420328,0.648777594168847,0.200231012749127,0.988793816131148,1.13216470930315,0.524783823325907
-0.914737237551546,2.47336618839138,0.325018421345675,-0.421575120002729,-0.507748190439635,-0.29867969191137,-0.0921809534369437,-0.455213982449981,-0.521218071657981,-0.241596306777295
-1.83666356852193,2.58147055928315,0.071993034798643,0.518700017319146,0.624726134628387,0.367491234696918,0.113418130899016,0.560088794090111,0.641299284441398,0.297256651457072
-0.424566736199415,-2.22455185999416,0.533966111281644,0.793367283648388,0.955537420291477,0.5620889009084,0.17347644384686,0.856672663066,0.980886551599787,0.454662992555501
-1.72229332522982,0.59686389969995,0.909354752639776,0.52499834553356,0.632311887681468,0.37195350640457,0.114795313451582,0.566889686584056,0.64908627738957,0.30086609794306
-0.314887004268397,-2.44933354808369,0.737398055967978,0.62694246611102,0.755094139985234,0.444179397073958,0.137086254700819,0.676968263126064,0.775125778828622,0.35928824351231
-2.03557468725499,-0.802043170440949,1.68226314808707,0.721452580032383,0.86892281972683,0.511138404779057,0.157751687733606,0.779019649222251,0.891974181386035,0.413450107894522
1.48671498178033,1.03449168355814,-0.866814808749412,-0.981319990894892,-1.18190905007842,-0.695250593880058,-0.214573887535959,-1.05962273369014,-1.21326351832706,-0.562374946522935
-1.16274306914487,1.63935507855343,0.341366486790989,0.0951372777531738,0.114584040496067,0.0674033439364742,0.0208025676909636,0.102728593388509,0.117623802023653,0.0545212794859993
-1.91010503170156,1.89699317603046,0.641394148595843,0.397422784723154,0.478658939316333,0.281568122186389,0.0868998417485083,0.429134453069757,0.491357121561174,0.227755084355169
1.90640768825108,-0.492348633425525,-0.798026345827841,-0.808500629752703,-0.973764134191749,-0.572810651167275,-0.176785477531243,-0.873013548524075,-0.999596795871728,-0.463335611869376
-0.122026593763126,2.43816137341594,-0.3181640175391,-0.579072290604511,-0.697438946791431,-0.410264090895702,-0.126619037329559,-0.625278369204533,-0.715941070377918,-0.331854799130966
2.25176592243054,-2.06129405882012,-1.16892265434972,-0.212592065855784,-0.256047455408183,-0.15061831147008,-0.0464850471336849,-0.229555484523977,-0.262840052359876,-0.121832279762099
1.26624004546424,1.38197394025497,-1.40510925850688,-0.505746471252286,-0.609124788004369,-0.358313840289999,-0.110585728866314,-0.546101642068648,-0.62528405493246,-0.289833232140005
0.876649416290525,-2.8011691680881,0.212341683324475,0.15901686393106,0.191521086229801,0.112661079067791,0.0347703776485266,0.171705341402253,0.196601884804563,0.0911293983402128
1.36585597652466,-2.22267451808374,0.123924626741564,-0.408755974895052,-0.492308717324229,-0.289597518581731,-0.0893779393068296,-0.441371955681342,-0.505369009945601,-0.234249909973715
-1.40753104986545,1.99718526524837,0.0402183977832891,0.401989853076277,0.484159550196541,0.284803822074561,0.0878984697396474,0.434065942796031,0.497003656300058,0.230372380287877
-1.41818661037347,-2.36649063275296,1.58772785141767,0.868290944897157,1.04577603166856,0.615171198693214,0.189859133908961,0.937574729147519,1.07351907279171,0.497600250920792
0.695553166038743,-2.82461858016456,0.614865800890328,0.00717426959505587,0.00864074332610547,0.00508286312609367,0.00156871451873546,0.00774672811221413,0.00886997070383393,0.00411143104929655
-1.65542306051155,2.34895554546927,0.207513578320602,0.347499324054669,0.418530754297389,0.246198094060641,0.0759836562694818,0.375227435624233,0.429633816115747,0.199144943132961
-1.62445571345897,0.594019807636036,0.829250600815326,0.505550513092145,0.608888774547947,0.358175006852917,0.110542880962872,0.545890047763769,0.625041780354318,0.289720932420391
1.38195416939795,-3.58906125298661,-0.0733102426791801,0.253866921060378,0.305759196083616,0.179860931471266,0.0555101421291073,0.274123795890662,0.313870579108137,0.145486077405881
-1.93272970400275,3.24649825403181,0.345516288179341,0.132385771610756,0.159446401805877,0.0937933469078856,0.0289472648397418,0.142949266821666,0.163676301849752,0.0758676496155988
1.46546411741844,1.23270952942445,-0.983580802814947,-0.947686779804791,-1.14140096205472,-0.671421964889058,-0.207219702437438,-1.02330581830195,-1.17168080484071,-0.543100422959076
1.93942037156497,-1.81047883353333,-0.565071854173325,-0.515079773901017,-0.620365886697973,-0.364926346169427,-0.112626534160682,-0.556179679567901,-0.636823364958015,-0.295181962041223
2.56575798049346,-0.869286042055184,-1.33288362046109,-0.806760565692342,-0.971668388176443,-0.571577841703919,-0.17640499785748,-0.871134639041395,-0.997445452514233,-0.462338415804921
-0.918542546539724,2.23788301301187,-0.232025144103413,0.107213124926143,0.129128280085113,0.0759589017529975,0.0234430534624102,0.115768012040703,0.132553880860115,0.0614417070439098
1.10513909341101,-2.88677382650514,-0.340144985196048,0.429501285037036,0.517294522190116,0.304295261754462,0.0939140762311832,0.463772602206287,0.531017654837362,0.246138634130919
-1.27269712959705,-0.602879637739694,0.810799038889602,0.678270874961378,0.816914454978552,0.480544810055697,0.148309643942093,0.732392334179974,0.838586104196216,0.388703532561913
0.436180376439429,2.76198057994899,-0.74341023558886,-0.844811522056196,-1.0174972412599,-0.598536377405968,-0.184725160197195,-0.912221806097905,-1.04449008384964,-0.484144661218055
-2.13509007786935,-0.428037281690505,0.93596687009361,1.24671031692303,1.50154712027597,0.883275686095723,0.27260371929182,1.34618942485111,1.54138115953932,0.714464857859273
1.06725292135184,1.63550410562322,-1.26200872944264,-0.545355637853473,-0.656830361014571,-0.386376344731039,-0.119246607008545,-0.588871354071421,-0.674255193067265,-0.312532456812732
-1.14763452549279,-1.68881724938559,1.02811062503306,0.816953939100892,0.983945362450051,0.578799694903377,0.178633864873002,0.882141375169172,1.01004811851516,0.468180035132673
-0.195374626876141,-2.25167463281954,0.505054570296913,0.631501914308008,0.760585573093072,0.447409698195033,0.138083216480589,0.681891524658936,0.780762892321096,0.361901172485271
-2.33447408754708,1.69467265889647,0.614474601918543,0.856532419631318,1.03161397692982,0.606840458720443,0.187288033247209,0.924877952558885,1.05898131765909,0.490861674229274
0.809468794958062,1.98967307947862,-1.00531774395261,-0.66225608144588,-0.797626119301376,-0.469198567437769,-0.144807874351552,-0.715099667728841,-0.818786074739794,-0.379525773288263
1.13143056044229,-2.1739285750919,0.388133116944958,-0.434693214211973,-0.523547720062534,-0.307973666225736,-0.0950493353079515,-0.46937881245016,-0.537436741696018,-0.249114025358243
-1.51114550821735,2.62018866536873,0.197665174079915,0.128914953209306,0.155266122469968,0.0913343237785826,0.0281883411408051,0.139201500428633,0.159385125287276,0.0738785927014253
-1.03683666227555,3.09347394924505,0.29366455158073,-0.530197704543278,-0.63857403410181,-0.375637174803096,-0.115932197124351,-0.572503919513612,-0.655514550189172,-0.303845747060752
1.06092969992384,-2.05396531726924,0.0351750566213274,-0.144603045441677,-0.174160976707061,-0.102449103404599,-0.0316186747420322,-0.156141397029016,-0.17878123476664,-0.0828691259750632
0.730345262342155,1.46378477714215,-0.768112166996675,-0.579539180949743,-0.698001272974067,-0.410594875749585,-0.126721126838953,-0.62578251426276,-0.716518314322998,-0.332122364690995
-1.12631688654369,2.93014204422186,-0.169509757863642,-0.0295461779229219,-0.0355856350694366,-0.0209330268805229,-0.00646052084699611,-0.0319037644308371,-0.0365296744308564,-0.0169323262376503
-0.45368318300049,-2.19093654569863,0.539845796196644,0.800677512014138,0.964341913365892,0.567268088798021,0.175074886896801,0.864566198545442,0.989924616114009,0.458852338869041
-0.166502380674096,3.25259101248875,-0.949052587224315,-0.35912717950353,-0.432535429342763,-0.254436256414797,-0.0785261848743386,-0.38778311582233,-0.444010016481968,-0.205808635554294
-1.23546023626095,-1.01790950209629,0.715679112104601,0.879572699083718,1.05936385979555,0.623164153459236,0.192325984555536,0.949756691527682,1.08746736784764,0.504065599600346
1.32781871718064,-3.01363117306514,-0.310481435043883,0.265477080141383,0.319742557492749,0.188086556212437,0.0580488012739703,0.286660367669632,0.32822490041582,0.15213962839117
-0.876972393038883,-2.36984629431722,0.948649116002418,0.909212504748141,1.09506226080886,0.64416351419975,0.198806977897398,0.981761554564805,1.12411279975223,0.521051582032314
0.0117135378885514,2.70126712291124,-0.175963618782752,-0.904487362884427,-1.08937126502416,-0.640815821584297,-0.197773785800769,-0.976659378123727,-1.11827082945166,-0.518343697318281
0.776752965004415,-3.26974417190621,0.309126260770736,0.347295646266771,0.41828544326424,0.246053791382299,0.0759391204043618,0.375007505717162,0.429381997308587,0.199028219448393
1.06920338492492,-3.02008855510649,0.139068672554491,0.136269123637888,0.164123539689639,0.0965446439650735,0.0297963924931716,0.14714248425232,0.168477517953628,0.0780931213361907
-1.66853132116876,-1.07910550812388,1.34607214779453,0.778175004786953,0.93723972734295,0.551325397669082,0.170154524018389,0.840268142412693,0.962103445300259,0.445956600052002
1.82783220520417,1.28565194948897,-1.6122045958957,-0.784414403233441,-0.944754504947985,-0.555745918514091,-0.17151882108048,-0.847005402939121,-0.96981757991656,-0.449532275061414
0.294473346685289,-3.19445817800879,0.416848448206611,0.644282119974988,0.775978147258296,0.456464283511056,0.140877716173775,0.695691504881104,0.796563810916795,0.369225253870759
0.406029361465264,2.25778223918688,-0.577851478341245,-0.755989657667802,-0.91051953129829,-0.535607409751645,-0.165303510870935,-0.816312553633929,-0.934674398148634,-0.433242619377515
-2.03693444351242,1.84043673896222,0.509977592925874,0.629610517609328,0.758307560929659,0.446069671811976,0.137669646649878,0.679849207210047,0.778424447538064,0.360817250699164
1.5232366409169,-0.602825602340934,-0.466392911503825,-0.699874762390163,-0.842934336674503,-0.495850842445075,-0.153033516027137,-0.755720066691312,-0.865296258594974,-0.401084290266005
1.34178083916018,1.53274019824423,-1.08289615430605,-0.879522887021162,-1.05930386577924,-0.623128862355013,-0.192315092728193,-0.94970290479717,-1.08740578227022,-0.504037053299164
-1.88354185036804,-0.510753291603397,1.35745981528456,0.734889680800008,0.885106563206456,0.520658390487489,0.160689823077504,0.793528940361094,0.908587257961166,0.42115064278195
0.419873148794349,-3.23281701638058,1.02109045869188,0.0798518634605627,0.096174174545858,0.0565738556316967,0.0174602830154295,0.0862235057223006,0.0987255469225543,0.0457615129214265
1.01951529535539,1.77551986380614,-1.03803807816532,-0.733405298171506,-0.883318761797452,-0.519606727509473,-0.16036525030395,-0.791926113970876,-0.906752028569012,-0.420299972654908
0.0652435897905542,-2.09905300560348,0.71861590932308,0.184642284400351,0.222384532043332,0.130816307703717,0.0403735918302994,0.19937549827419,0.228284096606679,0.10581481655217
0.644271780906658,-3.24617359107649,0.91472573455684,-0.0226342927248349,-0.0272609094503525,-0.0160360591906886,-0.00494917888829077,-0.0244403572277795,-0.0279841049616599,-0.0129712624616009
0.791890272329899,2.62705473732385,-1.42847949927542,-0.559959379346045,-0.674419215206093,-0.396722878012525,-0.122439838180544,-0.604640376027604,-0.692310656064466,-0.32090157026922
-1.27609134994999,3.65731184118526,-0.407611206046434,0.00611596280834163,0.00736611081012434,0.00433306853432206,0.00133730681937342,0.00660397555359325,0.0075615238899182,0.00350493650306752
-0.0205190137412779,3.05223468155352,-0.972776864522092,-0.388122467525774,-0.467457568544135,-0.274978986007828,-0.0848662490011115,-0.419092033039277,-0.47985859338571,-0.222425257759307
-1.46196593015407,-1.2614469145063,1.17789295818779,0.803751627503179,0.968044400782021,0.569446053823948,0.175747068160139,0.867885607798693,0.99372532557533,0.460614053243349
-1.51884130348629,1.91479298144185,-0.018489004704519,0.574001735522797,0.691331932773982,0.40667167816125,0.125510317721334,0.619803217891135,0.709672045436623,0.32894896497964
0.383342666179004,2.31400443026514,-1.00621457166168,-0.423228859012874,-0.509739965926421,-0.299851341362715,-0.0925425574108453,-0.456999678723366,-0.523262686287724,-0.242544031674395
0.377169756429669,-2.9798160483173,0.679935099788318,0.286250155917244,0.344761803493296,0.202803970923119,0.062591009388207,0.309090995339509,0.353907873590871,0.164044264480274
1.80664902437009,0.611716989848968,-0.686893541989284,-1.2324467707637,-1.48436799985822,-0.873170176139622,-0.269484874696935,-1.33078774353034,-1.52374630000557,-0.706290703574222
-1.67627862732308,1.87556067823463,0.45900457441562,0.349455123964061,0.420886334163793,0.24758374915901,0.0764113084050689,0.377339295227389,0.432051886369313,0.200265773116716
-1.90966214280525,2.01119341190099,0.895906022520426,0.15439716574681,0.18595708759199,0.109388091728343,0.0337602417011959,0.166717022337894,0.190890280715544,0.0884819412992631
1.51544245861494,1.06844198219428,-1.03461054789932,-0.887506032942677,-1.06891882573143,-0.628784802307794,-0.194060674873711,-0.958323052132688,-1.09727581426582,-0.508612035264631
1.50917709209805,0.82938281873087,-0.919951059594112,-0.880495549158885,-1.06047534724697,-0.623817978988905,-0.192527773503156,-0.950753178839169,-1.08860834157637,-0.504594466602431
1.83556157113421,0.0218644609734525,-0.637622590794418,-1.07017650449667,-1.28892849180872,-0.758204109985861,-0.234003113204783,-1.15556940014196,-1.32312204288484,-0.613296845137723
0.309204006789518,-2.75491620812523,0.454611554357316,0.434286868960546,0.523058314838372,0.307685776668816,0.0949604844936508,0.468940043577484,0.536934353205029,0.248881156985886
1.80852260383177,-0.512528842546666,-0.658580812470235,-0.826616860423356,-0.995583456310548,-0.585645730702498,-0.180746744068731,-0.892575332697954,-1.02199495545906,-0.473717662932369
0.0178867841292787,2.67159736869981,-0.6145052414706,-0.555482962934262,-0.669027786194054,-0.393551403674264,-0.121461032000483,-0.599806771658592,-0.686776199642863,-0.318336225159013
0.873005549800402,1.66226459346641,-1.13301740358319,-0.491315292490636,-0.591743769641399,-0.348089565132538,-0.107430229989959,-0.530518952190043,-0.607441941370706,-0.281563010948501
-1.38298335280194,0.991409263514259,0.489656417854134,0.413981374537327,0.498602227274891,0.293299636380471,0.0905205169834031,0.447014307110993,0.511829478308086,0.237244482459398
0.271900268525051,-2.08817916235334,0.352065460094659,0.291431512875939,0.351002268110331,0.20647488513669,0.063723956760781,0.314685789775308,0.360313889397888,0.167013596980986
-0.780351361636738,-1.95595308939894,0.956060754530975,0.66313565584285,0.798685485206119,0.469821732794156,0.145000200707364,0.716049426253735,0.819873544206839,0.380029839860889
-1.47834844837661,2.23992602913535,0.528688843196254,-0.0125142967340375,-0.0150723114810263,-0.00886619279853515,-0.00273635646365692,-0.013512853542745,-0.0154721597703123,-0.00717169427085512
1.02199400107102,1.10826772701532,-0.82616033405149,-0.646239840759651,-0.778336040641076,-0.457851299520939,-0.141305788324932,-0.697805438632474,-0.798984256061235,-0.370347184669884
-1.52447268529107,1.63733646820898,0.110641670946733,0.583828779641689,0.703167697343545,0.413633992516545,0.12765908374989,0.630414394112928,0.721821797029444,0.334580648285919
-1.77043834628419,-0.393678170857385,0.981056934305306,0.888334106409682,1.06991616353547,0.629371480022559,0.194241740117087,0.959217200299388,1.09829961010952,0.509086587679791
-1.47893705888363,1.89078410443161,0.443160252647631,0.188267997989356,0.22675136828798,0.13338507176578,0.0411663846676034,0.203290519450163,0.232766779183472,0.107892640814024
-2.0700790983818,-0.836669604034985,1.4718015838879,0.92858464917213,1.11839421473478,0.657888389918654,0.203042860563125,1.00267946597234,1.14806371924787,0.532153372259313
-1.27004079618731,2.62135698288106,-0.0898481695165075,0.14832558770076,0.178644434117622,0.105086469136862,0.0324326399842157,0.160160973152447,0.183383632313089,0.0850024408196653
2.50196343660212,-0.975120678970286,-1.29125533832843,-0.74464174111402,-0.896852016727208,-0.527567579934132,-0.162822193265086,-0.804059149574117,-0.920644302673693,-0.426739354362746
1.27852986932334,-2.72011054806201,-0.139982907099301,0.0619059360768801,0.0745599669646162,0.0438594334381208,0.0135362547271204,0.0668456138936001,0.0765379432874616,0.0354770592810807
-1.82154091598553,0.0113050669001979,1.14226844594579,0.650978140917987,0.784042884373076,0.461208314592099,0.14234185759359,0.702921823311687,0.804842494733973,0.373062610140554
-1.64464427848596,1.22228344067354,0.580669588193287,0.477037220862831,0.574547154642064,0.337973764098422,0.104308209278956,0.515101586365994,0.589789123147489,0.273380532406701
-0.475760224353675,2.48371653810878,0.12190003653903,-0.639876125020844,-0.77067153437033,-0.453342701726396,-0.139914308239007,-0.690933941128961,-0.791116420677735,-0.366700265895677
-0.77305747415954,-2.01355647331158,0.837627771128883,0.771552911353203,0.929264029066717,0.546633743126974,0.168706547471605,0.833117650409955,0.953916162403072,0.442161610165697
-0.847246230614018,3.11585118499893,-0.18661091290479,-0.3243689959948,-0.390672416223269,-0.229810601224996,-0.0709260150741136,-0.350251462774034,-0.401036433547004,-0.185889412698016
-1.76502177067102,1.69116140953843,0.652059692435215,0.344393800811798,0.414790439150409,0.243997877109037,0.0753046074360339,0.371874112489392,0.425794275404407,0.197365229600331
1.20796021072891,-2.70384996120319,0.0285384473829365,-0.0160904391568249,-0.0193794438466957,-0.0113998364278423,-0.00351831014763311,-0.0173743481064536,-0.019893554603972,-0.00922111028442214
1.00622181386457,-2.19877129440439,-0.347196019791419,0.256226259868641,0.308600801182423,0.181532487867578,0.0560260314463542,0.276671394085858,0.316787568194265,0.146838167497224
-1.61863910430358,-0.476441801477916,0.907208384557784,0.848658370460773,1.02213041391085,0.601261812190406,0.185566306025865,0.916375607162156,1.04924616838182,0.486349213439429
0.690662113443634,-2.8643379547543,0.102126251575333,0.427443022072779,0.514815535063116,0.302837013108211,0.0934640196849905,0.461550103684831,0.52847290349343,0.244959084610687
2.17210573294341,-0.62162042263138,-1.01848224944741,-0.81259234836026,-0.978692230325034,-0.575709572842456,-0.177680166293801,-0.877431758788472,-1.00465562781225,-0.465680494328168
1.86840834170476,-1.82575642582295,-0.317352534784431,-0.642578225067808,-0.773925963638413,-0.455257099353883,-0.140505145190224,-0.693851650607046,-0.79445718560688,-0.368248785627783
-1.03706019702846,3.23071502095478,-0.0445243956891068,-0.318000509246209,-0.383002163713075,-0.2252986232411,-0.0695334917666853,-0.343374813566207,-0.393162699484001,-0.182239759753103
0.785805380019396,1.84306019060581,-0.836215425901542,-0.718349560533394,-0.865185520107488,-0.508939961692694,-0.157073186364862,-0.775669029613235,-0.888137736200253,-0.411671829207657
0.0830475754281764,2.91067056495787,-0.682197677813486,-0.649291427720128,-0.78201139453089,-0.460013303420006,-0.141973043535606,-0.701100521731927,-0.802757112180034,-0.372095988393064
0.112912560840016,1.65223186533015,-0.336094164677128,-0.464478571944707,-0.559421425062712,-0.329076148438218,-0.101562154836405,-0.501540841632829,-0.574262128168061,-0.266183420782296
-2.0540104961483,1.40228162136394,1.10551310479232,0.345864473691165,0.416561728436224,0.245039826934038,0.0756261824573801,0.373462135184597,0.427612554628804,0.198208042943135
0.457282178337675,2.01719753791703,-1.03025740176185,-0.35387799034879,-0.426213267127457,-0.250717284100891,-0.0773784054203433,-0.382115076636937,-0.437520135748533,-0.202800429772719
-2.39872598225969,0.805976404742481,0.923281088926265,1.00924375454169,1.21554063740224,0.715034164416614,0.220679653826182,1.08977462608495,1.24778730673592,0.578377499444807
-0.426973285003634,-2.26084059573234,0.668116480746137,0.704380283515588,0.848360819618771,0.499042937039351,0.154018686198159,0.76058509813459,0.8708666988828,0.403666314708061
1.05492758477951,1.62552098776214,-0.833574473097596,-0.866075824981721,-1.04310812487021,-0.613601819233903,-0.18937477926825,-0.93518285754394,-1.07078038998992,-0.496330809805209
-1.60416279328088,2.43998649980248,0.190936647513746,0.28210339351939,0.339767412212142,0.199866051542553,0.0616842848369381,0.304613349160131,0.348780987780771,0.161667837521307
-0.855063981994649,2.7501304860245,-0.343920975575004,-0.0549774322824567,-0.0662152257852746,-0.0389506917203654,-0.0120212789722483,-0.0593642620418616,-0.0679718272719315,-0.0315064717183841
2.30387464751399,-2.28471405542013,-0.40383084724094,-0.769783711236295,-0.927133191369559,-0.545380291201622,-0.16831969695349,-0.83120728000915,-0.951728796428281,-0.441147716807397
1.32004719545958,1.04241596876378,-1.00546477026645,-0.734246929791081,-0.884332429140661,-0.520203010973345,-0.160549280151666,-0.792834902139637,-0.907792587152731,-0.420782294977334
-1.12045817390702,-2.03264280337606,1.13662596458267,0.840370107153016,1.01214796832352,0.5953897011151,0.183754007392016,0.907425996122743,1.03899890184807,0.481599374775471
1.95386560977205,-1.33785543214543,-0.674987251228647,-0.621995841283117,-0.749136388481456,-0.440674787078023,-0.136004633487196,-0.671626930868171,-0.769009976136095,-0.356453431321718
-0.151597495406878,-2.66902362614277,0.654654760180008,0.63677212971212,0.76693305947853,0.451143567293372,0.13923559350124,0.687582267847148,0.787278769041087,0.364921427991683
-0.12943524905642,1.85373799269194,-0.315425419328492,-0.351614051787256,-0.423486562790924,-0.249113317358116,-0.0768833761711704,-0.379670490987263,-0.434721095588413,-0.201503011663145
1.38233617584391,-3.56136150805632,-0.0293234440392352,0.208563124070713,0.251194968143889,0.147763866238383,0.0456040850525085,0.225205060250767,0.257858835090642,0.119523373450247
0.883836761527131,-2.76589721167286,0.155180743348406,0.184126651864877,0.22176350040651,0.130450989734208,0.0402608444301615,0.198818721726389,0.227646589830135,0.105519317813478
-0.464661832075808,-2.47154087867183,0.710140454143658,0.784065003930476,0.944333685845045,0.555498374313278,0.171442421977807,0.846628123919033,0.969385597044969,0.4493320412782
-1.05655224270809,-0.83206444290106,0.543533933591563,0.791082132444835,0.952785167292112,0.560469905324781,0.172976776274709,0.85420517214798,0.978061285004939,0.453353417903177
-0.121403460888935,2.68969678765061,-0.554885485621969,-0.490607497845049,-0.590891296538866,-0.347588103170838,-0.107275464724714,-0.529754680286682,-0.606566853295537,-0.281157387930878
-1.97603832964246,-0.501638364422642,1.26416149759265,0.882992344482803,1.06348250598919,0.625586921278737,0.193073718846169,0.95344920165654,1.09169527622291,0.506025330285832
1.32794555387617,1.39139797664947,-0.573689478746768,-1.21192829179204,-1.45965539213041,-0.858633139471743,-0.264998336319928,-1.30863202777927,-1.49837809980701,-0.694531971844018
0.28894053564829,-2.69711231190997,0.400426957987745,0.471796022919932,0.568234617101363,0.334260453439051,0.103162177170787,0.509442176037463,0.583309122418419,0.270376906229508
-0.830211720890813,-2.61405108788104,1.24017141821789,0.734814565966074,0.885016094345284,0.520605172746705,0.160673398585923,0.793447831868032,0.90849438908196,0.421107595966326
1.22774763447047,-2.56397153689776,0.0654468699296764,-0.115218059960934,-0.138769483006376,-0.0816302789679207,-0.0251933999812064,-0.124411687114358,-0.142450852015704,-0.0660291759163263
-2.32862949074945,0.401510638786497,1.00301514052013,1.04184891306495,1.25481053131599,0.738134433479898,0.22780904656553,1.1249814572179,1.28809897847663,0.597062866553419
1.20644068347128,2.18134037115079,-1.03145122431548,-1.05252034738338,-1.26766328568287,-0.745694985711873,-0.230142445628564,-1.13650440030457,-1.30129269924754,-0.603178453069372
1.11054159404915,-2.37171470733789,0.119916482289352,-0.131632800448861,-0.158539517773197,-0.0932598780574194,-0.0287826213484144,-0.142136213619489,-0.162745359395144,-0.0754361368360436
0.617131757932689,-2.63805117510928,0.566438042354621,0.0404227947035491,0.0486855127103019,0.0286389478301623,0.00883878478486794,0.0436482621617743,0.0499770743260986,0.0231654987370485
0.000102120129117179,3.19659872010065,-1.0394618671015,-0.408668280769162,-0.492203097870849,-0.289535388600001,-0.0893587642470316,-0.441277264153332,-0.505260588549215,-0.234199654216352
0.907968481344839,2.03593422829673,-0.954719806991145,-0.803231254179823,-0.967417659305234,-0.569077377076853,-0.17563328414677,-0.867323712179986,-0.993081957484395,-0.460315837653521
-2.29098826478838,0.709986870978243,1.23998954090932,0.706683719056762,0.851135094409507,0.500674886803776,0.154522351794849,0.763072332357539,0.873714571477728,0.404986367750194
1.78115306631885,-1.5986014631295,-0.363238076196638,-0.619315964392668,-0.745908724947333,-0.438776134225846,-0.13541865581647,-0.668733217805197,-0.765696687000077,-0.354917647238098
2.29500717251304,-1.85691915410318,-1.00595180977466,-0.454875118484396,-0.547854954734927,-0.322272244733483,-0.0994622787899886,-0.491171097102097,-0.562388814833517,-0.260679872830264
-1.16929738552239,3.10204905458307,-0.388365963870914,0.11244145769373,0.13542532271358,0.0796630976273245,0.0245862724915566,0.121413530639361,0.139017975617628,0.0644379604453049
1.22028400476338,1.19325081119561,-1.09881573683109,-0.634075256950659,-0.763684925991741,-0.449232873119788,-0.138645899540059,-0.684670202756832,-0.783944466911904,-0.363375903912811
-0.758082975499583,-2.46645285532551,1.14216209952246,0.693740363822158,0.83554602169918,0.491504712449687,0.151692178073518,0.749096184328285,0.857711941493015,0.397568788596171
-1.29988379848925,2.37923257730609,0.363180539572938,-0.0880358136461729,-0.106030984637888,-0.062372062414014,-0.0192497727058674,-0.0950604801531915,-0.108843845019133,-0.0504515718121883
1.26588988174526,2.29362354513862,-1.45506903836936,-0.814713992982025,-0.981247554788799,-0.577212726448794,-0.17814408177365,-0.87972269639791,-1.00727874162051,-0.466896366614249
-1.2374626282384,2.57289294218285,0.0990822249748376,-0.0085848426938833,-0.0103396479920351,-0.00608223315194699,-0.00187714821648683,-0.00926985546814037,-0.0106139450410736,-0.00491980240459357
1.24891078005961,0.49566974280616,-0.29591912407836,-1.0196946350686,-1.22812775515247,-0.722438457573101,-0.222964826943658,-1.10105941666921,-1.2607083439056,-0.584366690974556
0.237843255003635,-2.28545214780517,-0.00956784068535869,0.678536771866962,0.817234703176912,0.480733194051982,0.148367784541739,0.732679447872337,0.838914848151475,0.388855912783906
-1.52226295826753,-0.651162187840863,0.806112484257184,0.912539332758795,1.09906911705385,0.646520522282338,0.199534416883695,0.985353841101178,1.12822595254084,0.522958120920691
-0.736419037660375,-2.04551827411809,1.0905757947828,0.554827213986262,0.668237997314369,0.393086815313929,0.121317646965707,0.599098698349843,0.685965458719237,0.317960428494331
-2.36772207183885,0.100342273057917,1.1007416424321,1.11373767609744,1.34139388885013,0.789066551092281,0.243528130551545,1.20260646059383,1.376979276824,0.63826088518252
0.86085763884902,1.33299362763522,-0.386872832114514,-0.938622275774835,-1.13048360640428,-0.664999898826481,-0.205237672226763,-1.01351802774547,-1.16047382632879,-0.537905736193901
-1.2824189965833,-1.20619945859172,0.942128860386358,0.814364318935864,0.980826404783122,0.57696498759652,0.178067622596061,0.879345120711964,1.00684641906778,0.46669597538118
2.71786566879045,-1.71131303178469,-1.32035188635589,-0.62413724361015,-0.751715509271476,-0.442191938724192,-0.136472869155839,-0.673939202715025,-0.771657517555362,-0.357680626355267
2.15849067079393,-0.243708811898712,-1.49902487490675,-0.56965566751101,-0.686097496338316,-0.40359255372246,-0.124560013317635,-0.615110362848762,-0.704298746394727,-0.326458319941945
1.81310865728077,-0.291694416932188,-0.847794857874171,-0.766938670751227,-0.923706603581334,-0.54336462240326,-0.16769760487064,-0.828135224406271,-0.948211305843433,-0.439517280756476
1.83596459310984,0.783201187661923,-0.96203848004707,-1.10774164365084,-1.3341722230541,-0.784818451432535,-0.242217047516657,-1.19613198503916,-1.36956602988145,-0.634824678381686
0.571232393867476,-3.69710234203668,0.796513162164971,0.304187021094351,0.366365096485959,0.215511972678345,0.0665130561486633,0.328459101858429,0.37608427308793,0.17432352475048
0.102937975310451,2.57972693989375,-0.666208268914948,-0.552253255716686,-0.665137902950081,-0.391263204226669,-0.120754829294221,-0.596319355502129,-0.682783122992717,-0.316485344263259
1.00638681089709,1.87240713137761,-0.801357673630717,-0.944335576103625,-1.13736474754791,-0.669047686992891,-0.206486933500948,-1.01968721105872,-1.16753751495481,-0.54117991484784
-1.94208439317008,0.599341290355912,0.69456933236157,0.878846444863512,1.05848915384491,0.622649613163929,0.192167182948705,0.948972487099658,1.0865694571166,0.503649397768079
0.0120592238079868,-2.45150773341768,0.591045832343373,0.464276116450594,0.559177586169232,0.328932711736814,0.101517886236124,0.501322231550377,0.574011820554469,0.266067397569958
-0.255705423175561,-1.88995631775824,0.563490199035197,0.498887064698651,0.600863268052539,0.353454052937934,0.10908586180556,0.53869490095332,0.616803367892436,0.285902242830126
2.4811576117158,-0.134991353683441,-1.60389666801029,-0.803490096661668,-0.967729411103501,-0.569260763119014,-0.175689882237204,-0.867603208552985,-0.993401979641417,-0.460464175125738
-0.25165343763659,2.86631573907889,-0.507119980475711,-0.484716298320327,-0.583795892288783,-0.343414276074445,-0.105987304291829,-0.523393402616788,-0.599283217449075,-0.277781258790117
1.80966683658127,-0.167690058218823,-0.737040643806255,-0.897997245849731,-1.0815545200984,-0.636217670354739,-0.196354667006065,-0.969651393350072,-1.11024671672499,-0.514624340478331
1.29955221141317,-2.82997243640113,-0.157306959735726,0.0995583282341018,0.11990878637177,0.070535592337565,0.0217692676435656,0.107502413997331,0.123089806294392,0.0570548954836922
-2.14164700673789,1.89153257251991,0.568110226949683,0.653646828055372,0.787257070885904,0.463099039670933,0.14292538853049,0.705803453754475,0.808141949321324,0.374591981599505
0.719981100358541,2.21683239095848,-0.888572974324251,-0.764265798091228,-0.920487375994134,-0.541470931944008,-0.167113158733941,-0.825249074464282,-0.944906676448741,-0.437985510657857
-1.3094263945302,-1.38026165239163,0.688389871176157,1.10224062010379,1.32754674963536,0.780921058203495,0.241014202350076,1.19019201676876,1.36276479150353,0.631672151324459
-0.0298033402211677,2.2662612013878,-0.411464279179696,-0.518834298639572,-0.624887864043197,-0.367586371011922,-0.113447492641582,-0.560233790157809,-0.641465304321536,-0.297333605407969
-1.97837701005369,2.29107653196389,0.108861970422514,0.721297215762111,0.8687356978514,0.511028331508181,0.157717716026349,0.778851887926944,0.891782095417216,0.413361071724877
1.65611383188542,-1.96118266483431,-0.0532023597473512,-0.616913207111134,-0.743014826318408,-0.437073816488069,-0.134893272684069,-0.666138736634247,-0.762726017106333,-0.353540674884281
1.05242272475061,0.591257776283763,-0.257009895344416,-0.919608396779444,-1.10758315000855,-0.651528848826313,-0.20108012731681,-0.992986968940916,-1.13696585141639,-0.527009260750172
1.77457047018849,-1.97361054617094,-0.397976878174268,-0.443269503248522,-0.533877065966453,-0.314049839238893,-0.0969246131951634,-0.478639431736574,-0.54804011134834,-0.25402892583214
1.50183034442378,0.995914062879738,-0.854677844315837,-0.988919917012771,-1.19106245726669,-0.700635028311157,-0.21623567544126,-1.06782908285616,-1.22265975318048,-0.566730312849695
1.27417428797522,1.15978117359098,-0.763716881263959,-0.929128100761457,-1.11904875184567,-0.658273417273371,-0.203161690833874,-1.00326628134761,-1.14873562035396,-0.532464813543829
-0.648162990642984,-1.87298210581322,0.787120434035264,0.65116238282131,0.784264786683191,0.461338847235774,0.142382143638723,0.703120766481164,0.805070283815948,0.373168195506683
-0.703991197919768,-2.00591225183962,0.930834668258278,0.637036238975083,0.767251154626903,0.451330684771491,0.139293343217758,0.687867451255017,0.78760530282882,0.365072783751285
-2.50693406212357,0.828732521019587,1.46624066172288,0.667971485830867,0.80450979458584,0.473247846296649,0.146057595695359,0.721271122987835,0.825852364734017,0.382801157734913
1.16288190582061,-2.23896450516472,-0.319900573705712,0.117063518583664,0.140992167011581,0.0829377589085509,0.0255969250644006,0.126404400937447,0.144732500858402,0.0670867715058362
-0.140770909354884,2.65005050626242,-0.536217513235869,-0.473592199298673,-0.570397945207657,-0.33553301764402,-0.103554926275934,-0.511381675224568,-0.585529840729497,-0.271406259146307
-1.99387336666521,1.7100770685668,0.675594218390339,0.513310080292608,0.618234454636004,0.363672544612699,0.112239575736491,0.55426877629829,0.634635388850709,0.294167785872772
1.28021469380941,-2.54058952798906,-0.430054881846794,0.21870128014467,0.263405438251596,0.154946598778907,0.0478208783323962,0.236152173071598,0.270393232658984,0.125333348823045
2.5219911693726,-0.723778824401505,-1.1198444778521,-0.991736188118511,-1.19445439500181,-0.70263031443287,-0.216851476856824,-1.07087007347651,-1.2261416744926,-0.568344261742187
-1.61181912151663,-1.28864012917147,0.788713732637928,1.24584893444202,1.50050966484926,0.882665409440767,0.27241537075177,1.34525930983485,1.54031618180602,0.71397121671144
-1.45190999586904,1.25602957944471,0.13978641410056,0.645046778887096,0.776899108103718,0.457006032958425,0.141044915290203,0.696517178437443,0.797509203623183,0.369663464667232
1.65649571310167,0.452773766523182,-0.708709327971818,-1.02701244663795,-1.23694138149335,-0.727623018049498,-0.224564928124985,-1.10896114044096,-1.26975578397965,-0.58856038307108
1.08466621054613,-2.83842610231981,-0.0855381109038316,0.229343355432989,0.276222832385602,0.162486350575436,0.0501478577960291,0.247643414474783,0.283550655137285,0.131432110263442
-0.595809811045486,3.28648852603473,-0.87949794605828,-0.0615132732696443,-0.0740870409773672,-0.0435812376890703,-0.0134503956945713,-0.0664216192322438,-0.0760524712055277,-0.0352520320450419
1.61632948242517,0.372394049571701,-1.15166973175548,-0.615783961116121,-0.741654754095632,-0.436273762524067,-0.134646353528867,-0.664919384395072,-0.761329863984335,-0.352893526490332
0.765148425185196,1.12008473656356,-0.59262496945182,-0.615022877824745,-0.740738099754248,-0.435734546350718,-0.134479936252051,-0.66409757176998,-0.760388892027785,-0.352457364810903
1.11711903458516,-2.54884525447245,0.0446608393116521,-0.0106988536973262,-0.012885778469471,-0.0075799784534285,-0.00233939454134655,-0.0115525503477958,-0.0132276209588345,-0.00613130001601587
2.0125445861772,-1.077448924097,-1.14974072901425,-0.400145659601064,-0.481938389944356,-0.283497238472099,-0.0874952212916217,-0.432074595070732,-0.494723571633514,-0.229315509729217
-0.645471130953061,-1.09737333602676,0.281412307777406,0.747959026366332,0.900847379603515,0.529917827114602,0.163547545646836,0.80764113190414,0.924745657189914,0.428640424486334
1.62601052848835,-2.54052987490129,-0.256793051324895,-0.210763496581662,-0.253845113059273,-0.149322797381322,-0.0460852150489239,-0.227581007706053,-0.260579284810443,-0.120784363121972
1.8514156410477,-1.19110034613874,-0.604486812230012,-0.646104235089433,-0.778172716169588,-0.457755224923837,-0.141276137002121,-0.697659012540767,-0.798816598809695,-0.370269471760491
-2.01731504098229,0.00119351270921573,1.04824341587613,0.89479147730587,1.07769346876998,0.633946431100835,0.19565369869259,0.966189826012668,1.10628323686261,0.51278717835981
-0.394916805431093,-1.70849351688136,0.519820447688375,0.582042980868685,0.701016868102303,0.412368780690636,0.12726860379571,0.628486100594781,0.719613909161611,0.333557242568327
0.186281950573315,-2.34783495954565,0.669748098246207,0.215016481684125,0.258967439750962,0.152335973965601,0.0470151660899046,0.232173352448267,0.265837499986616,0.123221664197821
-1.21744421766237,-1.51422334166962,0.929731921111067,0.886515526447567,1.06772585238777,0.628083043212538,0.193844092279596,0.957253509873462,1.09605119293299,0.508044395715466
0.014767665740969,-2.89725307578723,0.459244152012906,0.735349717062309,0.88566063428095,0.520984319325726,0.160790413883892,0.794025684426617,0.909156027801113,0.421414280403532
2.59547566349806,-2.5131056527761,-0.933243340404923,-0.516435638031625,-0.621998899478219,-0.365886955706349,-0.112923005281392,-0.557643732547477,-0.638499699385865,-0.295958980776211
2.0218533392624,-0.356893390681737,-1.31438585187175,-0.554631599313168,-0.668002397556284,-0.392948225232302,-0.121274874168603,-0.598887474939969,-0.685723608814296,-0.317848325620303
0.649979486436481,-1.92429656884236,0.0634673150483178,0.133077251691132,0.160279225525488,0.0942832502431873,0.029098462787788,0.143695922367113,0.164531219270119,0.0762639230807593
1.24712377239362,-3.02234495066727,0.0781659775388431,0.0335039696533168,0.0403524286820008,0.0237370633584728,0.00732592536899517,0.036177361352992,0.0414229247102539,0.0192004578699225
1.9196259240623,1.20281623945132,-1.20089362351926,-1.15242043837181,-1.38798369364195,-0.816472711869308,-0.251986442579074,-1.24437584742806,-1.42480504690009,-0.660429205982312
0.448646877126952,3.10286931900254,-0.978876658807537,-0.801537037087657,-0.965377131717284,-0.567877049507437,-0.175262829299046,-0.865494307945564,-0.990987297425369,-0.459344915573623
1.97999384166789,-0.658507477478443,-0.885504096189932,-0.739165846678357,-0.890256808995955,-0.523687990306139,-0.161624842790522,-0.798146315549382,-0.91387413289152,-0.423601228298879
-0.166071961624718,2.33229682490398,-0.781462182974593,-0.138905660640255,-0.167299004342227,-0.0984125911522197,-0.0303728935320574,-0.1499893991953,-0.171737223441513,-0.0796040681929441
0.67838871423499,2.712297135537,-1.09533554132227,-0.756542528721228,-0.911185413281367,-0.535999110656345,-0.165424400786905,-0.816909540083247,-0.935357945091206,-0.433559458769344
-1.21106644770776,3.0436613907704,-0.0344412539131219,-0.106491394078967,-0.128259022118382,-0.0754475662000934,-0.0232852409292203,-0.114988691920489,-0.131661562640723,-0.0610280974666566
2.00007036322118,-1.98195774067254,-0.556951852709333,-0.507467502109286,-0.611197610288869,-0.359533165012329,-0.110962046769732,-0.547959999626203,-0.627411866423194,-0.290819520654608
1.24937377124106,-2.42010101863186,-0.244369478553742,0.0536858841798125,0.0646596757044751,0.0380356491310779,0.0117388710931718,0.0579696570772077,0.0663750105254657,0.0307663112183479
0.742562634817385,-2.42308557342029,0.525306201456042,-0.116178903224224,-0.139926729734382,-0.0823110221053545,-0.0254034964596537,-0.125449199215143,-0.143638798953499,-0.0665798160579962
1.72723756739796,-1.94546624109513,-0.378710166225702,-0.428851006704991,-0.516511322160722,-0.303834549244031,-0.0937718873926983,-0.463070436031895,-0.530213677557424,-0.245765972567309
-1.54076777427607,-1.62694517691441,1.03863851618771,1.11928317456762,1.348072928195,0.792995454141769,0.244740700534946,1.20859445258744,1.38383550216051,0.641438899932595
0.79672408249802,-2.97393895805007,0.384548703979092,0.158318121533556,0.190679515721764,0.112166030488998,0.0346175917336266,0.170950844055559,0.195737988555159,0.0907289629857151
0.590549783575287,2.08191976618045,-0.591615214679592,-0.83489267989227,-1.0055509144464,-0.59150902550337,-0.182556321752328,-0.901511506963781,-1.03222683694426,-0.47846037028007
-0.802614064930748,2.28534994379269,-0.265335054233067,0.0165724294710839,0.0199599565436329,0.0117413193848209,0.00362370139253266,0.017894798009794,0.0204894675272828,0.00949732933602709
-0.941510111538366,2.8287751312029,0.000169522910541563,-0.280599043213089,-0.337955561584413,-0.198800241762293,-0.0613553459623263,-0.302988961805567,-0.346921071176244,-0.160805724315719
0.900650445404809,1.96675933154979,-0.914582285793578,-0.801964619580617,-0.965892115232113,-0.56817998533359,-0.175356323815216,-0.865956008648976,-0.991515942764908,-0.459589954586222
2.35004054031265,-0.93508570475248,-1.03017283993543,-0.834941553108691,-1.00560977770949,-0.591543651449094,-0.18256700829305,-0.901564279934544,-1.03228726177108,-0.478488378547227
-0.782483980529602,-2.09891314426363,0.885328068099303,0.774881146673152,0.933272580285418,0.54899174826723,0.169434294177941,0.836711456549451,0.958031055130793,0.444068955555008
-1.90902212941802,-0.106214001494422,1.0256662103328,0.861425156622266,1.03750682552448,0.610306889986715,0.188357871431063,0.930161097092451,1.06503049565502,0.493665604373534
-1.95587293173728,1.14750868783647,0.610306436451248,0.74700850141184,0.89970256032289,0.529244394345231,0.16333970535358,0.806614761443879,0.923570467383078,0.428095697561977
1.5677260517643,0.00935289483942639,-1.06646710834276,-0.502376146754319,-0.605065544268576,-0.355926015594159,-0.109848779006435,-0.542462388317481,-0.621117124882886,-0.287901766280861
0.701822360031151,-2.46510204088759,-0.05374669743132,0.387296369564394,0.466462610053667,0.274393707909367,0.0846856157186923,0.41820001801028,0.478837239975602,0.221951837467083
-0.348879884868882,2.01578507986378,0.00618018337074926,-0.478458956551617,-0.576259503613844,-0.338981042652961,-0.104619083771091,-0.516636767011568,-0.591546898450053,-0.274195300820031
-2.31891713320372,1.98155445493566,0.996357870079797,0.435081144716477,0.524014946429395,0.308248509208802,0.0951341595826198,0.469797697202818,0.537916362954249,0.249336340605817
2.26664580895503,0.300582200739461,-1.04596587055648,-1.22383327552352,-1.47399384252765,-0.867067643085485,-0.267601461359687,-1.32148694923519,-1.51309693013931,-0.701354480965878
0.0926823633264256,2.67059547067323,-0.805023441876939,-0.469708868850059,-0.565720833313221,-0.33278173587489,-0.102705803340829,-0.507188481094251,-0.580728651304409,-0.269180799791934
0.702981719592104,2.63710558441064,-0.911053370720365,-0.892817842407775,-1.07531640831136,-0.632548140178675,-0.195222146786392,-0.964058708308525,-1.10384311616541,-0.511656127499163
1.00160727729019,-2.81753566117601,-0.0871472291889911,0.29322789499556,0.353165844012462,0.207747595106007,0.0641167508529056,0.316625511120034,0.362534862078496,0.168043067803786
1.62422856532584,-2.06984551516028,-0.355453569170587,-0.311944659628307,-0.37570845367382,-0.22100814400664,-0.0682093292030944,-0.336835747831812,-0.385675497060687,-0.17876927292249
-1.96581240875203,1.63656107928739,0.345072994500436,0.775994815518863,0.934613891274442,0.549780766053019,0.169677807258149,0.837913988687456,0.959407949308569,0.444707176994866
0.804847909873237,-3.58148534287359,0.791812011601638,0.0650908476936139,0.0783958980558444,0.0461158958698811,0.0142326624976763,0.0702846600612088,0.0804756365063221,0.0373022687099721
-1.79707320213238,1.59898664784476,0.164998390746203,0.787715171950118,0.948729975186697,0.558084463975126,0.172240561982495,0.850569550824923,0.973898514070084,0.45142387988731
-1.35753887578339,2.60399957739178,0.0223776391275076,0.141585165466283,0.170526219759212,0.100310980402297,0.0309587898477618,0.152882710505613,0.175050052572445,0.0811396390538532
-0.630767676819006,2.81156503234206,-0.487443405629022,-0.156898131688618,-0.18896926945722,-0.111159988838816,-0.0343070989849647,-0.169417548560444,-0.193982371741843,-0.0899151950807308
-1.85397894104074,-0.639078750634398,1.58177190695931,0.583390095383936,0.702639342781144,0.413323191255429,0.127563161739271,0.629940705798475,0.721279425926304,0.334329247072979
-1.90441979955584,2.81984958050129,-0.0330122043253267,0.567325978577049,0.683291601767265,0.401942003820368,0.124050607195322,0.612594780388651,0.701418415188952,0.325123221603169
-0.808607746240151,1.99473026929268,-0.264480851916997,0.132042212117964,0.159032616213472,0.093549940125579,0.0288721426607867,0.142578293589371,0.163251539078335,0.0756707625113116
-2.02434612353056,1.84842791823959,0.210569932763751,0.849976432077934,1.0237178970645,0.602195639209731,0.185854511308372,0.917798841241668,1.0508757653429,0.487104568306692
-1.2593469288353,2.22717045853325,0.211823585617178,0.0539580020932438,0.0649874165306653,0.0382284406187414,0.01179837196862,0.0582634881720508,0.0667114458779631,0.0309222565760638
-1.50254717342538,2.7381859650516,0.0837033704626573,0.165632037681382,0.199488450388169,0.11734783111728,0.0362168411482032,0.178848361577313,0.204780612490872,0.0949204226937315
-2.02577320488307,1.7153490998387,0.865213769405352,0.390141494257902,0.46988929926316,0.276409436368155,0.0853077262144277,0.421272164540868,0.48235483467229,0.223582321776186
1.27043734874981,-2.81128824151139,0.510169365966975,-0.404760508054384,-0.487496547530391,-0.286766789849435,-0.0885042968044065,-0.437057677428215,-0.500429179715456,-0.23196018748594
0.885381325801766,1.89136887078073,-0.897953745679755,-0.773181131889293,-0.931225069914742,-0.547787313119624,-0.16906257161606,-0.834875792006489,-0.955929227045144,-0.443094710933446
1.88783897938995,-3.09836571964111,-0.367422261914612,-0.133694707896058,-0.161022894342388,-0.094720708765538,-0.0292334747915213,-0.144362647429141,-0.165294616627303,-0.0766177749368792
-2.25259317710527,1.2417874902807,0.89158349880403,0.743283729818241,0.89521641788536,0.526605449162675,0.162525252648613,0.802592778100013,0.918965313579481,0.425961105130154
0.450513957223874,1.70905053669223,-0.742024077532863,-0.455767682665513,-0.548929965631705,-0.322904613158416,-0.0996574454715957,-0.492134881908648,-0.563492344333336,-0.261191383589528
1.90866224633957,0.310923283193575,-1.06522785826657,-0.908401263849413,-1.09408519627446,-0.643588762108838,-0.198629593236957,-0.98088558209225,-1.12310981500094,-0.52058667602686
-1.96192493296129,2.44840445316119,0.652876904279016,0.221807894244949,0.2671470672353,0.157147588586732,0.048500165691011,0.23950667410694,0.274234122061381,0.127113687504333
-0.87594309629446,-0.824093570074647,0.254640169945953,0.860400207796757,1.03627236958353,0.609580729013491,0.188133757731092,0.929054364236241,1.063763291247,0.49307822661064
-2.24888029025785,0.154706022289439,1.23505023179001,0.886916605608283,1.06820891509336,0.628367201822642,0.193931791618775,0.957686592456765,1.09654707064686,0.508274246196096
-0.829512746954588,-2.059628178185,0.913621208045481,0.77772619860708,0.936699181862735,0.55100742517694,0.170056388764181,0.839783524514733,0.96154855987054,0.445699398167044
-1.31091675471831,-1.55577102056405,1.12220077706851,0.831351098262673,1.0012854073555,0.588999867681154,0.181781925077095,0.897687330912381,1.02784817164829,0.476430760368899
-1.61496584030823,-1.74660267047749,1.49202572236963,0.873554407258298,1.05211538463915,0.618900283361215,0.191010034319845,0.943258180445297,1.0800266003282,0.500616636392744
-0.316225035149764,2.62151217259629,-0.440923043547671,-0.388049797071579,-0.467370043711987,-0.274927500073672,-0.084850358993764,-0.419013563971035,-0.479768746636685,-0.222383611769038
-1.48747561029228,2.38971853970675,0.680961678718087,-0.181058444936479,-0.218068129304491,-0.128277210835471,-0.0395899551234119,-0.195505692497227,-0.223853185469231,-0.103760989517622
0.256493905399481,2.07786314779756,-0.970392811372578,-0.253178635445408,-0.304930219801751,-0.179373291367113,-0.0553596426778482,-0.273380589707499,-0.3130196111929,-0.145091634625235
2.3752734229211,-0.339127197912416,-1.133417344168,-1.00336941407796,-1.20846553832982,-0.710872281713767,-0.219395179769088,-1.08343155271586,-1.24052451473636,-0.575011031896197
2.19280040026887,-0.624740477507412,-0.867643520955086,-0.94694043595741,-1.14050206000862,-0.670893191392191,-0.20705650806429,-1.02249992122947,-1.17075805612412,-0.542672708161504
-1.14940967342639,2.65159806211327,0.0555396084003659,-0.0794629245144221,-0.0957057336044355,-0.0562982981827542,-0.0173752382364972,-0.0858035320611381,-0.0982446788687214,-0.0455386197560309
-0.0777163762206177,2.39411520581976,-0.228588337981777,-0.669954137190434,-0.806897714537298,-0.474652525247435,-0.146491119126858,-0.723411976606503,-0.82830363301189,-0.383937375750092
-1.24593353814151,2.58761885601759,0.559053395357932,-0.366682873942402,-0.441635563569914,-0.259789353360282,-0.080178301150197,-0.395941703918496,-0.453351565113777,-0.210138653586567
1.55421748778565,-1.94626431608412,0.0267243136988353,-0.598489710131906,-0.720825430386522,-0.424021043350863,-0.130864819778269,-0.646245168364575,-0.739947966142017,-0.342982535618199
1.62041164978883,-1.87664420685691,-0.394407188036066,-0.352060326649875,-0.42402405953393,-0.249429496449696,-0.0769809579315242,-0.380152375585858,-0.435272851401997,-0.201758762900589
-1.3881792293373,3.38449433141343,-0.390330318225957,0.192129509818398,0.23140220167574,0.136120895367995,0.0420107367776303,0.207460153981643,0.237540992968205,0.110105596351978
-0.421310382404127,2.84364771268256,-0.391667676980119,-0.422107384839476,-0.508389254143041,-0.299056793618543,-0.0922973376299482,-0.455788718444961,-0.521876141925075,-0.24190133715666
-1.99922130206367,0.79067287428887,0.44351876225708,1.05062076533472,1.26537541502344,0.7443491601303,0.229727086002085,1.13445324436976,1.29894413443576,0.602089840422179
-0.60825076269625,-2.05865598882515,0.861390578946932,0.630101714194894,0.758899161727803,0.446417677275021,0.137777050923598,0.680379597983297,0.779031742715094,0.361098745681537
1.6985618079035,0.511567933790969,-0.965622590464412,-0.884345118537042,-1.06511179705861,-0.626545341542588,-0.193369514295634,-0.954909917992412,-1.09336779020793,-0.506800578159583
2.35386735407619,0.208157538613455,-1.59757002131266,-0.831341221505396,-1.00127351171603,-0.588992870145766,-0.181779765440865,-0.897676666056225,-1.0278359604334,-0.476425100195971
-2.31900576915978,2.0346720186371,0.707356726186863,0.640844109330713,0.771837381827614,0.454028504188943,0.140125966167481,0.691979164083868,0.792313196510667,0.367254998428947
0.422711273883788,2.76770553013072,-0.516144417341318,-1.01325845075357,-1.2203759671929,-0.717878516871935,-0.221557500992705,-1.09410966808393,-1.25275091136666,-0.580678241902323
1.39960894632699,1.28586292597332,-1.11011550855286,-0.813069407706812,-0.979266804128021,-0.576047562282276,-0.177784479341048,-0.877946884266009,-1.00524544429068,-0.465953887540367
1.56533017245112,0.892008200664638,-1.00915163731776,-0.882409647774711,-1.06278070176718,-0.625174089342048,-0.192946307299406,-0.952820009665681,-1.0909748540724,-0.505691398405209
-1.80837727471583,1.04833359840397,0.841427568357663,0.478792102219964,0.576660746719117,0.339217071395793,0.104691928879553,0.516996495466186,0.59195878599891,0.274386219968891
-1.28839255736692,-0.641177366611882,0.621566158447363,0.854216530117733,1.02882470248267,0.605199685502104,0.186781644484477,0.922377270620192,1.0561180474869,0.489534484063538
1.066184263679,2.12941021570684,-1.39104287870499,-0.632265415806878,-0.761505139941435,-0.447950627632365,-0.138250162518856,-0.682715948448235,-0.781706854049544,-0.362338719991264
-1.57706926515028,-1.10936329453498,1.4757182377031,0.610608162526021,0.735420984018816,0.432606786331838,0.133514621540438,0.659330591848342,0.754930720314746,0.349927379379983
1.69772076113168,-2.68559742909897,0.0888969436181449,-0.4866064491182,-0.586072403880055,-0.344753419755341,-0.106400601695828,-0.525434374750354,-0.601620121851791,-0.27886446657528
1.41689220389395,-1.27676501013947,-0.605020605028738,-0.243567489402307,-0.293354484470397,-0.172563937582075,-0.0532580845833644,-0.263002538777549,-0.301136787066619,-0.139583678207183
2.39377345918172,-1.87362261456516,-1.10622479881553,-0.4540459698702,-0.54685632201566,-0.321684805292951,-0.0992809784566174,-0.490275787998684,-0.561363689722229,-0.260204704269657
-0.825056187794635,3.5656768395876,-0.746169977274682,-0.0775611624189904,-0.0934152372805634,-0.0549509280705222,-0.016959401924416,-0.0837500221264714,-0.0958934187371302,-0.044448757767443
0.0085534320957131,-2.57729625634455,0.539323201720572,0.555763057301635,0.669365133920325,0.393749846360711,0.121522276994818,0.600109215674815,0.687122496753667,0.318496741663654
0.742867976481441,-3.74297460703917,0.673271036951116,0.272175761211664,0.327810498484489,0.192832471954028,0.0595135243530376,0.293893558487784,0.336506873104533,0.155978509126941
-0.556792654037848,2.62857683569403,0.0141687499039634,-0.542100011911866,-0.652909261067808,-0.384069782253606,-0.118534736954806,-0.585355951050871,-0.670230071576905,-0.310666722412335
2.0871320895607,-0.258358837156818,-0.947684683560862,-0.934514374945655,-1.12553602028367,-0.662089512288361,-0.204339445085048,-1.00908234402688,-1.15539498735761,-0.53555158002612
0.0623598611747504,2.90838349791381,-0.646175735370036,-0.65899817188443,-0.793702268945995,-0.466890387049698,-0.144095504965085,-0.711581798870925,-0.81475812987615,-0.377658730190806
0.118529893287312,-2.81360877768387,0.833672626815045,0.322399247847853,0.38830003699646,0.228415064008119,0.0704953130388156,0.348124541957669,0.398601118268444,0.184760589257058
0.0456865266119688,-2.64459159450607,0.599657910717187,0.50273057507954,0.605492420363091,0.356177122782318,0.109926277747214,0.542845097642016,0.621555325429948,0.288104882096591
0.470295422736038,-2.49661051924797,0.0158617912393308,0.541726105148322,0.652458924998209,0.383804874882084,0.118452979089305,0.58495220903949,0.66976778869296,0.310452443891461
-0.410887102609823,-2.33312807406089,0.769187504626746,0.639293604904302,0.769969942836496,0.452929994902189,0.139786935305475,0.690304939820471,0.790396216857728,0.366366435216155
0.0610592005377938,-2.57157963206048,0.562283655456817,0.490989878703047,0.591351838870457,0.347859014312034,0.107359075522396,0.530167572568324,0.607039613199971,0.281376522786544
-0.177705176586807,-2.38302889811772,0.311655711478765,0.817897550049827,0.985081854451282,0.579468229202816,0.178840193360665,0.883160279932682,1.011214760131,0.46872079977812
0.354763821413167,-2.85743599202041,0.622928856191249,0.303113168301802,0.365071740245649,0.214751163973043,0.0662782491840885,0.327299562827145,0.37475660583429,0.173708121097863
1.42789027289622,-1.19954777079319,-0.47821452372022,-0.3815762568916,-0.459573264072569,-0.270341093298719,-0.0834348648680694,-0.412023478773742,-0.471765128848739,-0.218673754794444
-2.00707707768841,-0.757761179527152,1.45592205423763,0.857293620340296,1.03253077268984,0.607379758082414,0.187454476198373,0.925699891970716,1.05992243478592,0.491297903198394
1.83572310869732,-0.0694701960235377,-0.821327691785653,-0.891768448036458,-1.07405250997436,-0.631804659900435,-0.194992687861779,-0.962925579316177,-1.1025456882939,-0.511054740480732
0.970158374049639,1.85757026051356,-0.995258472267213,-0.75624890509008,-0.910831770809809,-0.535791082688071,-0.165360197505007,-0.816592487258889,-0.934994920957289,-0.433391188913031
-1.14339737176409,-0.782379806643815,0.321574693201043,1.01948523289265,1.22787554962404,0.722290099251103,0.222919039392838,1.10083330560637,1.26044944770141,0.584246686757178
1.93567605764125,-2.88888992716449,-0.509947923167779,-0.142951943224884,-0.172172376993676,-0.101279322082061,-0.0312576473252224,-0.154358547947378,-0.176739880159324,-0.0819229121717285
-1.36990500919394,-1.85432327644905,0.962114061274238,1.12074953193726,1.349839019849,0.794034346492422,0.245061331933715,1.21017781542423,1.38564844586687,0.642279240142707
-2.50517635377071,0.108279791604979,1.73447964450838,0.732005773709372,0.881633164191217,0.518615185278115,0.16005923248374,0.790414916858626,0.905021714309984,0.419497933053297
2.02006118577978,-0.934915532512996,-0.853255111064451,-0.692831604702799,-0.834451505499085,-0.490860870152281,-0.151493470232158,-0.748114912336217,-0.856588389240238,-0.397047996840277
1.53812591835387,1.04642935788851,-0.628056644848492,-1.21628156561681,-1.46489850730048,-0.861717369121674,-0.265950216335371,-1.31333266361008,-1.50376030781854,-0.697026746389645
-2.41481932737271,1.49923034548037,1.25635879963855,0.497591447263828,0.599302816837986,0.352536127287423,0.108802564132702,0.537295901951117,0.615201519991686,0.285159750276847
1.57924644470391,1.57697315358844,-1.37709691012594,-0.868243971098169,-1.04571945607787,-0.615137918456446,-0.189848862691872,-0.937524007154941,-1.07346099632617,-0.497573331171945
-1.44217078549337,-0.918977943334305,0.853260599784662,0.909915182905144,1.09590857157473,0.644661351205514,0.198960624399287,0.982520301718166,1.12498156201217,0.521454272892211
-1.83154415754223,-0.122435244044473,1.00976973868238,0.814189360351597,0.980615683371094,0.576841032046094,0.178029366426889,0.87915620160804,1.00663010749818,0.466595710100351
1.62064290889305,-2.14464810986965,-0.288929584355352,-0.33233342140087,-0.40026482904829,-0.235453277971482,-0.0726675038211351,-0.358851395822739,-0.410883320270275,-0.190453666308849
1.40701713419238,1.00399825308699,-0.811752018584998,-0.944973870245363,-1.13813351372993,-0.66949990888303,-0.206626501895208,-1.02037643678493,-1.16832667547667,-0.541545708510618
-1.43349789227118,2.46479172161072,0.184578085700344,0.132515623663496,0.159602796577948,0.0938853451527209,0.0289756580855938,0.143089480195872,0.163836845566206,0.0759420652413816
1.28795716963764,-3.01728661645578,-0.412388777176525,0.38044605761844,0.458212043714547,0.269540363951353,0.0831877372705657,0.410803097191229,0.470367797133002,0.218026060095772
0.748342152205497,-3.28592734869993,0.712884007457102,0.0619143692442677,0.0745701239337482,0.0438654082115779,0.0135380987102527,0.0668547199710914,0.0765483697074165,0.0354818921613875
-1.67326895628748,2.43225262997726,0.298643404044046,0.259584634767317,0.312645652732509,0.183911846450345,0.0567603684256253,0.280297744739987,0.320939724252671,0.148762785278958
1.56033276960177,0.346597970353649,-0.838786992356467,-0.802982183933659,-0.967117677259848,-0.568900914518084,-0.175578822838038,-0.867054767801424,-0.992774017316075,-0.460173100454986
2.2836767439338,-1.18259017997618,-1.05446722539162,-0.664960207359676,-0.800882988538446,-0.471114400361726,-0.145399154275627,-0.718019564724322,-0.822129344367044,-0.381075454004312
2.30664294941604,-2.84403761403172,-0.555695224307907,-0.439676099559299,-0.52954914400391,-0.311503966259475,-0.0961388851897863,-0.474759298573329,-0.543597375397573,-0.25196961773049
1.59563139374638,-2.29644632743244,-0.371622517657728,-0.188409381223788,-0.226921651300509,-0.133485239681052,-0.0411972993035284,-0.203443184116894,-0.232941579576851,-0.107973664730423
1.64714244442187,-2.68364648401149,-0.476965982758752,-0.00188116543815618,-0.00226568955761713,-0.0013327776874004,-0.000411332679359104,-0.00203126980250818,-0.0023257952749656,-0.0010780584544284
-0.311518773847108,2.36735480107442,-0.664810264299759,-0.11987224033257,-0.144375012245537,-0.0849276964234178,-0.026211075749459,-0.129437239813007,-0.148205088457449,-0.0686963940122505
0.457793409707747,1.73875085202873,-0.484113187852053,-0.674976435179968,-0.812946607356253,-0.478210748551011,-0.14758928691512,-0.728835020235956,-0.834512994876936,-0.386815554722795
-1.21429714279219,3.03169771760088,-0.00256300779609246,-0.124100860888263,-0.149467994097016,-0.0879236110892936,-0.0271356992769203,-0.134003275881299,-0.153433180314003,-0.0711197322514982
-2.22696822914721,0.740178397873029,0.694488913903099,1.06727645966746,1.28543565638187,0.756149471429128,0.233368993958457,1.1524379512178,1.31953654720001,0.611634887192433
-0.407560122651385,2.63940495898149,-0.464449529383087,-0.298846144718199,-0.359932505503513,-0.21172804133402,-0.0653452285108763,-0.322692059427306,-0.369481034059679,-0.171262774848009
0.460752094347536,2.27612518040903,-0.767163760825327,-0.66148606878709,-0.796698710363881,-0.468653024940637,-0.144639504593286,-0.714268213232801,-0.817834062882064,-0.379084494366171
-0.214891201585175,-2.4082026363024,0.318683195925232,0.853632834196189,1.0281216948006,0.60478614563757,0.18665401445127,0.92174699968536,1.05539638995013,0.489199979553583
-2.06138418927354,1.35592399879978,0.688801837545792,0.695691201443131,0.837895624948736,0.492886851840639,0.152118745162916,0.751202685685743,0.860123876578071,0.398686774791244
-1.87257778860535,2.37134056972423,0.340038784643296,0.419921697636541,0.505756796321169,0.29750826679755,0.0918194186999121,0.453428628086612,0.519173848513751,0.240648763342541
0.302019130290239,2.70089172746139,-0.37608560752265,-0.994647806704885,-1.19796116994733,-0.704693152824131,-0.21748812680271,-1.07401401966591,-1.22974147949292,-0.57001285237725
-2.44811718089377,1.33097669613951,0.725562770423888,1.0052394731388,1.21071785128452,0.712197190698303,0.219804083945432,1.08545082992675,1.242836578545,0.57608272550694
-1.43514505653434,-1.08949192663981,0.881603717736501,0.94693130729224,1.14049106537682,0.670886723868917,0.207054512004705,1.02249006415814,1.17074676981943,0.542667476705267
2.26668742866114,-2.08665044464503,-1.0571726272869,-0.302970897993496,-0.364900388834789,-0.214650367579146,-0.0662471405819838,-0.327145940304004,-0.3745807086994,-0.17362658881709
-1.50130805743469,2.68458518075897,0.143429515258223,0.138356312600299,0.166637365502612,0.098023386250078,0.0302527739526774,0.14939621687226,0.171058032207332,0.0792892477699842
-0.295600729236701,2.64196763270798,-0.582944069426026,-0.302345547096095,-0.364147211591922,-0.214207315784792,-0.0661104023371967,-0.326470690606079,-0.373807550670409,-0.173268212669914
1.81050791482046,-2.9725699040881,-0.586039513397954,0.054926020032597,0.06615330449155,0.0389142669072776,0.0120100372504637,0.059308747439849,0.0679082632890018,0.0314770083817215
-0.989250523997373,-1.66041158695541,0.958013081458365,0.726270889844728,0.874726027677479,0.514552105498102,0.158805251787513,0.784222427788361,0.897931340691416,0.416211385304735
-0.536518592187098,-2.32790501311649,0.838860658588419,0.689616477144367,0.830579182104345,0.488583000175983,0.15079045549126,0.744643239197752,0.852613338278668,0.395205471256865
-1.34316095813313,2.67081388966616,0.0679300817512048,0.0682139773521785,0.0821574185000165,0.0483285867047038,0.0149155611223195,0.0736569944854358,0.0843369450630615,0.0390920721288526
-0.428888231094196,2.53971339576715,-0.490195167572021,-0.22249242891603,-0.267971525852622,-0.157632571203021,-0.0486498449667721,-0.24024583004609,-0.27508045246447,-0.127505980693725
0.824100623992371,1.18045328148807,-0.708811971844938,-0.597352269587245,-0.719455488587584,-0.423215183670518,-0.130616108815715,-0.645016967705742,-0.738541681617186,-0.342330691091019
1.98965874309361,0.851281022810694,-0.969295742087913,-1.25873460568763,-1.5160292625369,-0.891794715548033,-0.275232931382692,-1.35917317108032,-1.5562474936885,-0.72135573831999
1.38433195440015,-1.89183830239193,-0.0266517762512917,-0.433128580142921,-0.521663263225383,-0.306865146297673,-0.0947072148804835,-0.467689331093562,-0.535502292736324,-0.248217364728606
-1.00938089464878,-1.04177716241302,0.299263498184318,1.02211693958416,1.23104519661453,0.72415462423497,0.223494484243541,1.10367500481214,1.26370318119239,0.585754865458963
-1.2684144079776,-1.38851942496929,0.698527571908641,1.06260444919709,1.27980865244001,0.75283942161431,0.232347419488826,1.14739314569832,1.31376026636039,0.608957451021962
0.437649150355941,2.2514895155373,-0.853128751293072,-0.565213309034375,-0.680747086955093,-0.400445208923856,-0.123588654192167,-0.610313534009321,-0.698806397797897,-0.323912492756202
1.22099461367688,1.27212129212242,-0.489677902145916,-1.14112765237789,-1.37438257872464,-0.808471941232122,-0.249517179734833,-1.23218197297642,-1.41084311257303,-0.653957535193627
-1.65976632700944,1.57120738382011,0.604819236982706,0.337688833783299,0.406714927304132,0.239247507859696,0.0738385098792182,0.364634134135786,0.417504531016499,0.193522746507073
-1.23807476997794,2.18283498915433,-0.316442713725182,0.465890275410469,0.561121691150933,0.330076319312205,0.101870835698414,0.503065189551378,0.576007500044306,0.266992439928375
-1.58981820603508,-0.0725508464906457,0.716473879214711,0.818979629063289,0.986385118412861,0.580234866063081,0.179076799057781,0.884328701582044,1.01255259794452,0.46934091771414
-1.7837084076378,2.27982826428332,0.487963534233299,0.263670624862741,0.317566849403442,0.186806709560023,0.0576538046007194,0.284709769395467,0.325991473697317,0.151104384841514
0.0711236718625144,-2.46363595393716,0.827684114315134,0.233661240854295,0.281423325500992,0.165545508068733,0.0510919998387685,0.252305838145285,0.288889110387962,0.133906604419711
0.0833955331723476,-2.50699086551735,0.494122060774555,0.500621824202256,0.60295262522048,0.354683104201855,0.109465181593276,0.54056808261125,0.618948152914981,0.28689639895873
1.84414189673054,-1.61211086825835,-0.920859222939002,-0.231671374205574,-0.279026715401948,-0.164135717193075,-0.0506568987234791,-0.250157193505861,-0.286428921424495,-0.13276625146599
-0.235472868140765,2.08197176508745,-0.285227269971896,-0.372290468833333,-0.448389392302906,-0.263762250798765,-0.0814044490394056,-0.40199674721007,-0.460284563900971,-0.2133522545589
-1.71407639417792,-0.694740620619355,1.06014895118817,0.8936077751432,1.07626780913639,0.633107795753334,0.19539487223732,0.964911672369492,1.1048197563834,0.512108822220521
-1.69081990506782,-0.0864336246722645,0.729459241293708,0.899991654145021,1.08395660019014,0.637630678919331,0.196790761190658,0.971804942028952,1.11271252079275,0.515767296159266
1.45179943648046,0.200313166232853,-0.741204924854092,-0.731128244881454,-0.88057626198496,-0.517993469176927,-0.159867353408843,-0.789467367125453,-0.903936773900055,-0.418995038755564
1.71679128812847,-2.29379747252975,-0.350850806087678,-0.308661711018591,-0.371754446103643,-0.218682223825904,-0.0674914848176713,-0.333290841977791,-0.381616594951623,-0.176887880445055
-1.87114219363601,1.46388172632964,0.922436611430116,0.310027545569554,0.373399467331856,0.219649897257108,0.0677901360548316,0.334765660950285,0.383305256395523,0.177670613029414
0.455318136536388,2.36253481573118,-0.83633218937285,-0.635796851534216,-0.765758427232673,-0.450452597233985,-0.139022340707041,-0.686529169022536,-0.786072975370876,-0.364362515487879
-1.54212312793076,-1.1078724685283,1.02403158319762,0.933525359113231,1.12434484230517,0.66138880930541,0.204123188436893,1.0080144113752,1.15417220901858,0.534984794746058
1.07132501593317,1.62179882391712,-0.907242900681827,-0.820988345144565,-0.988804430907793,-0.581658011480887,-0.17951602176038,-0.886497699712112,-1.01503609156811,-0.470492072902324
-0.139238206215574,2.3948748460349,-0.400493604994617,-0.483524148534892,-0.582360058275894,-0.342569655712068,-0.105726630692637,-0.522106127287301,-0.597809292677879,-0.277098061486432
0.119763625074083,-2.76808131707245,0.29596854690414,0.724410384290301,0.872485221036525,0.513233965030534,0.158398436565873,0.782213466389511,0.895631088443652,0.415145166618288
1.69383228568193,-0.757668081271236,-0.867231143923242,-0.47230056531911,-0.568842291696061,-0.334617914212215,-0.103272499619145,-0.509986977530594,-0.583932917808354,-0.270666049431918
1.53699391021996,-0.950190597949879,-0.568637005804854,-0.498896208893313,-0.600874281388176,-0.353460531463622,-0.109087861260799,-0.538704774793286,-0.616814673397156,-0.285907483186005
1.48122109001151,0.931765149393284,-0.945328782222203,-0.876005315862189,-1.05506727707662,-0.620636715593527,-0.191545946144746,-0.945904655090649,-1.08305680252875,-0.502021203310605
0.980901287328919,0.711687417941145,-0.559542137049934,-0.668259095114722,-0.804856193333068,-0.473451613189468,-0.146120483889527,-0.721581681560391,-0.826207952977272,-0.382965980888552
2.04781221950413,-1.37307547749849,-0.983199731398252,-0.447397096098697,-0.5388483693027,-0.316974177280516,-0.0978271461632527,-0.483096378767148,-0.553143296721195,-0.256394367105041
-0.845696867160677,2.62211964816821,-0.399185232778502,0.0291847479425438,0.0351503261297003,0.0206769591239956,0.00638149113530028,0.0315134947661006,0.0360828173264553,0.0167251979127687
-0.346604867968445,-2.55589225990164,0.353033737275935,0.995172739904665,1.19859340337299,0.705065060175739,0.217602907871493,1.07458083900855,1.23039048522679,0.570313681141459
0.634446749346631,2.18535928809743,-0.859967562645528,-0.701895514573991,-0.845368145540309,-0.497282515262226,-0.153475370525011,-0.757902061324057,-0.867794633158792,-0.402242343104896
-0.775891059781214,2.29956738160752,-0.286291486005222,0.00480970684248348,0.00579284647016241,0.00340760564306468,0.00105168294203284,0.00519348913704787,0.00594652294865792,0.00275634721948954
2.01138590024143,1.3389620991466,-1.50585577038388,-1.04398140367009,-1.25737891876229,-0.73964527130387,-0.228275333611064,-1.12728410624731,-1.2907355018109,-0.598284954456601
-1.04195816781884,2.80734070105245,-0.395231905804096,0.122164077526899,0.147135317901608,0.0865514289318937,0.0267122052698492,0.13191195021895,0.15103862133523,0.0700098002727552
-1.87848447671467,0.891782552036337,0.702344415802887,0.706962029787192,0.851470293910262,0.500872065810022,0.154583206781934,0.763372850414575,0.874058663373462,0.405145862088019
-1.27206035667133,1.2993519932748,0.266102002676524,0.376831866091114,0.453859084726146,0.266979763098334,0.0823974638291668,0.406900517460051,0.465899359957526,0.215954838898035
0.858485069088924,1.4068347542662,-0.521248712371826,-0.859744560751549,-1.03548270343632,-0.609116212849766,-0.187990394978221,-0.928346400961443,-1.06295267631178,-0.49270248834442
0.372321207555059,2.5517541095676,-0.779504399648444,-0.681976074899993,-0.821377025170163,-0.483169889012275,-0.149119817139728,-0.73639318418227,-0.843167060413699,-0.39082690886798
1.33466639733809,-2.35535415971667,-0.246049207920908,-0.0422468612031249,-0.0508824318842682,-0.0299312717702364,-0.0092376323000206,-0.0456178769139923,-0.0522322748310018,-0.024210834926743
1.29582327214271,0.640714431016159,-0.793999362781999,-0.725523065218282,-0.873825342170133,-0.514022282891329,-0.158641733629542,-0.783414931780588,-0.897006761200738,-0.415782821902167
0.842421365310828,-2.84821430399024,0.15009278441603,0.254764771121397,0.306840573333217,0.180497044863361,0.0557064646129096,0.275093288354821,0.314980643851615,0.146000617397663
0.754787125040912,-2.21872882261067,0.104926215972635,0.124061035884011,0.149420028567542,0.0878953956670919,0.0271269912040562,0.13396027310925,0.153383942323107,0.0710969093345651
-0.277777028292886,-2.40190663056481,0.716368386189754,0.593718092536127,0.715078458886612,0.420640423371636,0.129821465371081,0.641092807740236,0.73404853516529,0.340248016587554
0.435493230271071,1.9625381586705,-0.641593968513265,-0.618384247978461,-0.744786558811643,-0.438116027027058,-0.135214928169084,-0.667727156680379,-0.764544751295849,-0.354383699113658
-1.9413918577798,2.31742159716664,0.770349947576913,0.162542269002365,0.195767110154339,0.115158776039457,0.0355412371829371,0.175512050114683,0.200960550071781,0.0931497377879386
0.400815979209284,-2.21024914043002,0.327836622460654,0.247427624671588,0.298003659919406,0.175298785912208,0.0541021356969966,0.267170686909046,0.305909298929702,0.141795844866147
-2.1187373457396,0.901989291987149,0.672925650981147,0.930304702012769,1.12046585908914,0.659107021730963,0.203418964615022,1.0045367674744,1.15019032155956,0.533139100292214
-1.87386047009647,2.03373280561236,0.490664634771671,0.43222696983961,0.520577357112175,0.306226368829934,0.0945100701880093,0.466715778345038,0.534387578984537,0.247700669816841
1.79217966122354,-1.42764541153868,-0.391326782157371,-0.672046193076166,-0.809417402108691,-0.476134715675105,-0.146948564780171,-0.725670964497548,-0.830890164528634,-0.38513629132073
-2.29309442889577,0.402180937648903,0.90934939791238,1.08462602277372,1.30633159841958,0.768441378416758,0.237162622170763,1.17117189290609,1.3409868306662,0.621577576340321
0.321510022570088,2.95842972472334,-0.920552939236786,-0.683875399714606,-0.823664586015003,-0.484515532347357,-0.149535120519815,-0.738444062357482,-0.84551530719192,-0.391915374099462
-0.395695761946058,2.31038506970701,0.031663678892393,-0.571150884202056,-0.687898346372323,-0.404651892472383,-0.124886955050284,-0.616724887786932,-0.706147370574476,-0.327315198854501
-1.82713173311455,1.61083825126055,0.773752048509874,0.332727148093961,0.400739036387525,0.23573222746781,0.0727535954812938,0.359276539260893,0.411370107696752,0.190679303236687
1.74315686528262,-2.12625512247917,-0.757040356644024,-0.077472876558672,-0.0933089051378654,-0.054888378853766,-0.0169400974768976,-0.0836546916476013,-0.0957842657447298,-0.0443981628988619
2.42204852007808,-0.942705661036174,-0.913661101454918,-0.98434981721072,-1.18555819528698,-0.697397180686582,-0.215236384598261,-1.06289431979169,-1.21700947048331,-0.56411127965397
-0.147499941238035,-2.38092541765991,1.00083785541694,0.252513300619183,0.304128885619482,0.178901911554867,0.05521416161,0.272662165631841,0.312197018685236,0.144710344484619
-1.58531575012304,-1.12902496751865,1.51231136326731,0.596517151262686,0.718449665905033,0.42262351477913,0.130433503154854,0.644115212549182,0.737509175802492,0.341852101408274
2.38990112561223,-1.96501234248737,-1.05072905854219,-0.459229781383727,-0.553099742916676,-0.325357458522052,-0.100414462538295,-0.4958732328463,-0.567772740239493,-0.263175443426867
-2.14444611653275,-0.0593470082255941,1.20877039677602,0.900473898461553,1.08453741880929,0.637972341833136,0.196896207975296,0.97232566620224,1.11330874775399,0.516043660774516
1.97511086594486,-0.202415031745537,-0.968154879764344,-0.84465418172538,-1.01730773940254,-0.598424904125635,-0.184690756407643,-0.912051911065697,-1.04429555476116,-0.48405449260746
1.51452278857463,-2.13197031783432,-0.516647404888285,-0.0689018786067509,-0.0829859318553776,-0.0488159544952408,-0.0150659765299378,-0.0743997856388231,-0.085187437770973,-0.0394862946402073
-2.06146435708268,1.64665877944056,0.823946695737028,0.478996912376686,0.576907421585648,0.339362176340576,0.104736712346661,0.517217648097507,0.59221200482013,0.274503592591484
-1.0977645355358,-0.588917340994241,0.558908645920452,0.721190693866968,0.868607402093575,0.510952862332432,0.157694424116105,0.77873686630018,0.89165039614432,0.413300026147858
2.26473348764066,-1.98571532918522,-0.608524573346415,-0.690694497036134,-0.831877557229754,-0.489346761208999,-0.151026173627203,-0.745807277834777,-0.853946157561723,-0.395823262991068
-1.35388457405988,-1.43459114024271,1.01482993425692,0.905534705281441,1.09063269194815,0.641557848069313,0.198002796043905,0.977790291408007,1.11956572034686,0.518943908391098
-2.05539958970877,-0.3881277638141,1.27980237710623,0.894855814021053,1.07777095638527,0.633992012705056,0.195667766457658,0.966259296365511,1.10636278012082,0.512824048450195
-1.99127514353704,-1.34873562615908,1.5484097401129,0.997344729388415,1.20120936356063,0.706603882366757,0.218077831679772,1.07692613866174,1.23307584334369,0.571558405065465
-1.46796674099638,1.84569874884041,0.561483353759185,0.103646495398099,0.124832605120183,0.0734319978678932,0.0226631798530536,0.111916789436831,0.128144247376731,0.0593977426808973
1.68277962514567,-3.16609088205123,-0.220698454359528,-0.0482270473905674,-0.0580850123286415,-0.0341681445914465,-0.010545250416776,-0.0520752417844819,-0.0596259301130172,-0.0276379605519871
-1.71650829728787,2.28835507359919,0.35101893368768,0.310369153451413,0.373810902389629,0.219891921352143,0.0678648314976062,0.335134526846205,0.383727606275765,0.177866381704337
1.80712188722122,-1.56226326136558,-0.383838633233565,-0.639167925202187,-0.769818573274355,-0.452840952705612,-0.139759454379256,-0.690169231722439,-0.79024083166331,-0.366294410681434
-1.74243216818175,2.08210511148168,0.511542830111612,0.28569179957258,0.344089314984909,0.202408383771296,0.0624689200670716,0.308488085909562,0.353217544860698,0.163724281577261
-1.4257067720351,2.73830690869204,0.0204132225023995,0.149753361464095,0.180364055391017,0.106098025577265,0.0327448347522459,0.161702673670356,0.185148872841716,0.0858206695332888
-0.545428861378517,-2.25030243932536,0.603332948903429,0.851709926561743,1.02580573063325,0.603423794225972,0.186233554488848,0.919670656939721,1.0530189863472,0.48809799947764
1.07552706649424,-2.57452882806496,-0.201879054883857,0.227252672494342,0.273704798401828,0.161005132860322,0.049690712349169,0.245385909082778,0.28096582107563,0.130233981501441
2.14683413559662,-1.7109643905178,-1.08370830048117,-0.323879706321038,-0.390083112123795,-0.229463946780555,-0.0708190277627325,-0.349723131071339,-0.400431495996992,-0.185609010528826
1.32400653721851,-2.03798313850884,-0.215532102914544,-0.178311539257198,-0.214759735801681,-0.126331069085,-0.0389893210430234,-0.192539602198369,-0.2204570247063,-0.102186792569815
0.220236149194152,1.8680820719742,-0.374586418321786,-0.608089297692754,-0.73238724459642,-0.430822208123423,-0.132963850513182,-0.656610738523038,-0.751816499838086,-0.348483868100227
-0.302548673911773,3.58225978859116,-0.973683102776346,-0.350177384944748,-0.421756230627244,-0.248095460303609,-0.0765692368564197,-0.378119187782208,-0.43294486002389,-0.200679686502929
-0.879325083044821,2.05219541446096,0.0537332867076088,-0.0786240666973147,-0.0946954070494204,-0.0557039799166063,-0.0171918149040707,-0.0848977390256471,-0.0972075496998437,-0.0450578870445675
-2.10876024942207,0.590494520457487,0.890924667275482,0.870378404761164,1.04829018375742,0.616650132907964,0.190315574603385,0.939828754285181,1.07609992197696,0.498796532602896
0.448157044986148,1.7078628019741,-0.333560756666691,-0.772706442363461,-0.930653350341346,-0.547451002662478,-0.168958776750088,-0.834363225445444,-0.955342340515196,-0.442822675818313
0.637654006135537,-2.58776674401313,0.0413425493132445,0.414359970120776,0.499058210593839,0.293567865711042,0.0906033000988989,0.447423112078607,0.512297558255362,0.237461448049595
1.63667002350915,1.76893629975966,-1.22658415815466,-1.10809945764711,-1.33460317687585,-0.785071957318194,-0.242295286562949,-1.19651835018855,-1.3700084163324,-0.635029734458079
-0.66912127669632,2.1699375434863,-0.300349518854699,-0.0254324362320921,-0.0306310141718813,-0.0180185021789418,-0.00556101655164884,-0.027461773789072,-0.0314436140595057,-0.0145748227883627
1.44397842234188,-2.40951746458497,-0.149757701642951,-0.189772433935374,-0.228563322060817,-0.134450942220502,-0.0414953422680611,-0.204914999277918,-0.234626801669408,-0.108754803098029
0.317923147885366,1.94311665391533,-0.189217927303159,-0.864750881959998,-1.04151235370205,-0.612663116841965,-0.189085069308631,-0.933752192970011,-1.06914228514437,-0.495571511342016
0.921839164263501,-2.58853583678347,-0.111520260062644,0.292598809406262,0.35240816867907,0.207301897338083,0.0639791959862555,0.315946228726887,0.361757086630647,0.167682551379049
-1.59222029024203,-0.758870329937467,1.16242640074662,0.734545863579489,0.884692467204871,0.520414801108927,0.160614644544209,0.793157688836131,0.908162176545829,0.420953607979034
-2.2505643000837,0.527725378090829,1.1419967760772,0.81858445072643,0.985909162703142,0.579954888098769,0.178990389983476,0.8839019906687,1.01206401576563,0.469114448878164
-2.12396557762434,1.36965832746952,1.06320390338118,0.450881699682895,0.543045251614598,0.319442967006425,0.0985890841085923,0.486859030307903,0.557451516714435,0.258391324032955
-1.25732308336644,-1.51338133083334,0.574035155378318,1.1982303794522,1.44315752526551,0.848928372649954,0.262003172327388,1.29384111405686,1.48144256657282,0.686681971037888
-0.322471872502356,1.85065491921273,-0.116085290747044,-0.342209026079412,-0.412159080314812,-0.242449996759835,-0.0748268880253748,-0.369515007410613,-0.423093110133995,-0.196113178704915
1.06978132024205,1.43958160312043,-1.19244207007674,-0.527042605945245,-0.634774010030657,-0.373401834450933,-0.115242308221628,-0.569097065243314,-0.651613716555663,-0.302037622879235
-2.25480922306784,-0.648747856067132,1.37019416639879,1.09327221822313,1.31674514012384,0.774567079081966,0.239053185684387,1.18050799666748,1.35167662972097,0.626532538787438
2.04863550443729,0.882259245686344,-1.47104479863822,-0.928366529194588,-1.11813150942168,-0.657733855164109,-0.202995166791507,-1.00244394148592,-1.14779404471375,-0.532028372043437
-0.109024852720977,3.53799135374903,-0.857851994341559,-0.58835093194696,-0.708614211003742,-0.416837870053972,-0.12864789046857,-0.635297383792477,-0.727412799421336,-0.337172203725981
0.249236652985796,-2.88930180130714,0.0713455416572605,0.836305521869742,1.00725255176654,0.592510002995942,0.182865251559519,0.903037084239626,1.03397361642937,0.47927004188454
-0.872052679667543,3.11551420335674,-0.224600598485535,-0.273446430900443,-0.329340902449314,-0.193732722498138,-0.0597913669909387,-0.295265619081407,-0.33807787664216,-0.156706704623727
0.661445846976219,-2.91849261508872,0.365876440451375,0.266733261178795,0.321255511218781,0.188976541762905,0.0583234758461255,0.288016783514843,0.329777990783128,0.152859520730358
1.2540823699973,-3.28571100941118,0.416101919905116,-0.136029922567926,-0.163835444153016,-0.0963751735706146,-0.0297440891630035,-0.146884196543922,-0.168181779627271,-0.07795603996602
0.00717523545790059,-2.32920698533915,0.477797645330898,0.510252198811238,0.614551519578702,0.361506081139354,0.111570944175767,0.550966896417462,0.630854750446176,0.292415374885005
-1.65394042456429,1.04908859516519,0.679804769087798,0.473597320639132,0.570404113387958,0.335536646037438,0.103556046100193,0.511387205213591,0.585536172543382,0.271409194084547
-1.36333133601022,0.923139150364269,0.346882623469677,0.535001831815472,0.644360160496277,0.379040827403735,0.11698266004631,0.577691383868145,0.661454174787503,0.30659889673961
-1.8866763530969,-1.61887333008829,1.58319703571667,0.984440215458055,1.18566707160422,0.697461226498069,0.215256150937006,1.06299193121187,1.21712123514379,0.564163085089488
0.496413416989778,2.47845145407635,-0.736616758555913,-0.792994404996334,-0.955088322486955,-0.561824721938551,-0.173394910786601,-0.856270031202499,-0.980425539830437,-0.45444930322485
1.37566602307901,-2.36123133868734,-0.231911210991519,-0.0859101370844754,-0.103470804075869,-0.0608660522383022,-0.0187849756083666,-0.0927651888821016,-0.106215746286814,-0.0492333889016174
1.86880184198975,0.794309437215756,-0.933767971451713,-1.16200689211061,-1.39952968937951,-0.823264571524618,-0.254082601493093,-1.25472723577372,-1.43665734248088,-0.665923011732452
-1.24715098870992,-1.19083683753283,0.892472978915742,0.817341353101533,0.984411966735844,0.579074171951152,0.178718576209747,0.882559702204428,1.01052710118934,0.468402054382168
-1.49968618166548,-0.807428541747631,0.508916367197706,1.18544571719295,1.42775958354762,0.839870629904702,0.259207698162738,1.2800363216363,1.46563613803045,0.679355335668112
1.52282039790457,-2.9977048963627,-0.113192116375732,-0.0606484214581061,-0.0730454070633349,-0.0429685030651257,-0.0132612885561596,-0.0654877580561931,-0.0749832041352201,-0.0347564026929682
1.64943860968294,-2.85594144557662,-0.320784581798275,-0.0601265645149394,-0.0724168787038827,-0.0425987751954976,-0.0131471801368144,-0.064924260434781,-0.0743380017580094,-0.0344573368701694
-1.50400075361877,-1.18903278101918,0.993006007361402,0.956388334922143,1.15188117935221,0.677586887054255,0.209122370809082,1.03270169906088,1.18243904830313,0.548087110929555
0.591455650785896,2.04176896896452,-0.680636584644712,-0.750711701040755,-0.904162721326714,-0.531868056112185,-0.164149441166639,-0.810613451525197,-0.928148950500239,-0.430217927530385
-1.77599327305539,2.3402399719764,0.402548276558517,0.30081946989197,0.362309192927868,0.213126112821111,0.0657767126932401,0.324822842693205,0.37192077182651,0.172393648211814
-1.60664446373102,2.47734774232481,-0.019277138625957,0.434313541174793,0.523090439050349,0.307704673535249,0.0949663165981156,0.468968844055246,0.536967329629437,0.248896442300768
1.93543979930576,-1.67547363345076,-0.618275527409954,-0.521677469147774,-0.628312199617463,-0.369600714959534,-0.114069175838229,-0.563303826572232,-0.644980482944199,-0.298962969812385
-2.3930302803253,-0.198105343910478,1.26634332143469,1.11979408201652,1.34868826890263,0.793357424457834,0.244852414755077,1.2091461270185,1.38446716703511,0.641731690818258
-0.942501760280907,-1.89505081525373,0.535183027406453,1.10681302154317,1.33305378372407,0.784160536503825,0.242013996465477,1.19512926512575,1.36841791985006,0.634292503542705
1.11322985757335,2.07863874971576,-1.45111362953954,-0.605887540498239,-0.729735431957916,-0.429262295952806,-0.132482417744033,-0.654233295895739,-0.749094338152699,-0.347222084893923
1.98060624931461,0.457094942091521,-1.11130385716953,-0.989382381511269,-1.1916194529268,-0.700962677518564,-0.216336797201961,-1.06832844891481,-1.2232315251914,-0.56699534204509
1.38822102645706,-0.439217219358453,-0.291174551115482,-0.784622336405775,-0.945004941197601,-0.555893236068909,-0.171564287421275,-0.847229927781718,-0.970074659905334,-0.449651437422067
-2.0261663281393,1.29682690525537,0.571143225074589,0.78033553435361,0.939841885121745,0.552856100679569,0.170626942019199,0.842601067724397,0.96477463484884,0.447194756525714
-1.68952108224884,2.11624726727573,0.060942240138423,0.580012066426386,0.698570819737285,0.410929908064756,0.126824527234364,0.626293132823609,0.717102970401016,0.33239336594146
2.46444716646287,-1.18624158908253,-0.968566152770532,-0.884407746777738,-1.0651872269746,-0.626589712718087,-0.193383208488355,-0.95497754354598,-1.09344522117882,-0.506836469157258
1.17079532262807,0.736904362224303,-0.644795121830136,-0.772659678625447,-0.930597027749646,-0.54741787125078,-0.1689485514646,-0.834312730275295,-0.955284523760377,-0.442795876451227
-1.38353271614786,-1.12662322145789,1.13249701787606,0.721058200270533,0.868447825826753,0.510858992593242,0.157665453274458,0.778593800604837,0.891486586532309,0.413224096705983
-1.34034220607092,0.415673517212243,0.284167187198729,0.758395771464398,0.913417472538763,0.537312105530339,0.165829627933646,0.818910659147293,0.93764921789901,0.434621515283278
-0.0900403778418963,2.91571675347843,-0.803803167770195,-0.40898875554905,-0.492589080064411,-0.28976244020713,-0.0894288387589297,-0.441623310667715,-0.505656810334759,-0.234383311931341
-1.97428856887204,2.06488021959756,0.330635338965023,0.630833938462409,0.759781058047549,0.446936447259906,0.137937157931594,0.6811702488283,0.779937034566124,0.36151836882904
0.551876705476064,3.02170047688617,-1.43195382060652,-0.503997094695038,-0.607017825948984,-0.357074433061336,-0.110203212936611,-0.544212677014391,-0.623121197988325,-0.288830699269017
2.48260798447447,-1.36705334328888,-0.820300735940574,-0.946695626703272,-1.14020720993352,-0.670719747682794,-0.207002978457381,-1.02223557784147,-1.17045538407041,-0.542532412852653
1.40014384776298,-2.53849208356046,0.360516492453077,-0.502235742505867,-0.604896440353998,-0.355826541275869,-0.109818078434046,-0.542310780753235,-0.620943534867351,-0.287821303401834
2.03597792859379,0.401896550035248,-0.920990132165087,-1.16417811799017,-1.40214472987661,-0.82480285271344,-0.254557358332878,-1.25707171089223,-1.43934175650908,-0.667167298050099
1.40274644101014,-2.65232846333504,-0.123592541979662,-0.082405568670845,-0.0992498759758397,-0.0583831177281758,-0.0180186721847884,-0.0889809794526486,-0.101882842602806,-0.0472249905275009
1.00720699951279,2.74723128195591,-1.19630430437911,-0.970466394629842,-1.16883689851666,-0.687560982622747,-0.212200657227858,-1.04790309335728,-1.19984458004677,-0.556154966622625
-1.94564350797881,-0.935393824365693,1.45387103374986,0.87454423532242,1.05330754087551,0.619601561798224,0.191226468569307,0.944326990139301,1.08125038287697,0.501183887146619
-1.81254122136565,0.375293051316479,0.751332122141406,0.809942831774671,0.975501132966481,0.573832429813967,0.177100827159639,0.874570828578726,1.00137987490359,0.464162109130723
-2.37792145642535,0.533450145819493,1.45831784553819,0.677317306178047,0.815765969687976,0.47986922077894,0.148101138090005,0.73136267701378,0.837407151125082,0.388157061279857
-1.32756290961671,2.50398316606552,0.317141137391395,-0.0761713102299413,-0.0917412890315215,-0.0539662385005475,-0.0166554990282438,-0.0822492690697214,-0.0941750628771803,-0.0436522611529406
0.721856675172472,2.1588222373584,-1.00969659142749,-0.648983089667491,-0.781640029901334,-0.459794850503322,-0.141905622821422,-0.700767580374096,-0.802375895742943,-0.371919285994793
1.77829636107232,-0.252059545854402,-0.672121349561682,-0.889855983640116,-1.07174912372017,-0.63044970736745,-0.194574511401394,-0.960860513108885,-1.10018119627936,-0.509958745216599
-1.854162706964,0.957944223082006,0.739993220161663,0.63156716886923,0.760664166168911,0.447455930079499,0.13809748494043,0.681961986095765,0.780843570366248,0.361938568574944
-0.777443343545443,2.81847624498471,0.0911779603325729,-0.487300582706581,-0.58690842350432,-0.345245203061533,-0.106552379855766,-0.52618389553592,-0.602478319959894,-0.279262260713041
-2.28308367995051,0.369496874080598,0.861697425057282,1.1258653706593,1.35600057381757,0.797658842011416,0.246179953191594,1.21570186370825,1.39197345763133,0.645211025446609
-1.49610666945782,-1.22054172785387,0.97680501249553,0.974385097217162,1.17355661287639,0.690337325025176,0.213057514579242,1.05213448208534,1.20468950212364,0.558400697045352
1.59453013587069,1.0535677522799,-1.02237941204653,-0.958619181368789,-1.15456802730098,-0.679167408526636,-0.209610164188402,-1.03511055206721,-1.18519717473877,-0.549365564607025
1.66389216776814,1.07292739719519,-1.22801212359827,-0.864187222468719,-1.04083347804468,-0.612263772489771,-0.188961820409788,-0.933143557237975,-1.06844539982268,-0.495248489311275
-1.30132029158498,-1.3872987181875,0.996160267632995,0.857378639108338,1.03263316992245,0.607439992612965,0.187473066268627,0.925791694665294,1.06002754848032,0.491346625761446
0.751287260558662,-2.7625921586022,0.132225843816116,0.313493485981035,0.377573871580593,0.22210546440319,0.0685479931401452,0.338508160122519,0.387590402012613,0.179656874464668
0.352952534271879,2.55258878968245,-0.836142059302639,-0.621542129682059,-0.748589934875708,-0.440353339168051,-0.135905425621298,-0.671137016129369,-0.768449025846165,-0.356193418237556
1.73497579244074,-3.07214373757837,-0.0645329817803725,-0.250608029752592,-0.301834163305693,-0.177552055530542,-0.0547975580755296,-0.270604866949649,-0.30984142045386,-0.143618471689147
-1.99894966257473,1.50169797739155,0.674072071006956,0.59843497168469,0.720759502996117,0.423982261976502,0.130852850755396,0.646186062157002,0.739880289786014,0.342951166104063
-1.75206223000914,1.2392865568927,0.516760120129353,0.611830133642096,0.736892735062741,0.433472534662696,0.133781815824938,0.660650068050315,0.756441514947831,0.350627666694449
-0.966802687268828,3.59768530548121,-0.580202755704441,-0.0990700851406248,-0.119320742781327,-0.070189679379664,-0.0216625091757855,-0.106975212384997,-0.122486162693031,-0.0567750930888241
0.0475394835008101,-2.91271951904249,0.897696486298603,0.370554016409838,0.446297996169736,0.262532000126323,0.0810247590804852,0.400121737548615,0.458137685822175,0.212357128251616
1.23211924403465,-2.45149293870372,0.0183385465609746,-0.125075007575537,-0.150641263567194,-0.0886137795044255,-0.0273487046611558,-0.135055152929929,-0.154637575055916,-0.0716779963205521
-1.26383303289191,-1.51064198342797,1.02781172386331,0.847889113157336,1.02120391472893,0.600716804851287,0.185398101432414,0.915544968293752,1.04829509041426,0.48590836739645
0.143889993426453,2.42284136220455,-0.458353945836938,-0.689653125886104,-0.830623322119769,-0.488608965263512,-0.150798469047552,-0.744682812262875,-0.852658649269737,-0.395226473920997
-1.55849022480042,2.76581314631158,0.318282349626052,0.0192050700738911,0.0231307283437918,0.0136065060309273,0.00419935045081202,0.0207375056467049,0.0237443556676332,0.0110060432437787
1.8288726552654,1.21612657317127,-1.31301455742573,-0.992684427197299,-1.19559646115684,-0.703302127693361,-0.217058817324089,-1.07189397566354,-1.2273140381371,-0.568887678676696
1.4563455859204,-2.62985060676776,-0.313836486442506,0.0122017856348588,0.0146959208033714,0.00864478334054586,0.00266802327767162,0.0131754061572919,0.0150857839507796,0.00699260038270537
-0.68379373811718,-1.97390688295347,0.664534569786227,0.815869762188904,0.982639571763982,0.578031571713261,0.17839680045269,0.880970688223075,1.00870768694652,0.467558714932782
1.95797568540239,-0.0467811893969928,-0.830766186809308,-0.996984036916095,-1.20077494288105,-0.706348337123701,-0.217998963230429,-1.07653666535325,-1.2326298980638,-0.571351699391766
0.759799420010892,2.61581486583056,-1.3068346879437,-0.623504008795403,-0.750952836580286,-0.441743301291853,-0.136334407026071,-0.673255440016114,-0.77087461217649,-0.357317732092046
2.49549795116346,-2.19218025101,-0.81863534737164,-0.643683925847427,-0.775257677829742,-0.456040471883553,-0.140746915985618,-0.695045578880813,-0.795824228396739,-0.368882440727626
0.103763123991323,2.68166526572193,-0.723472834969358,-0.547126410439202,-0.658963092604799,-0.387630910727124,-0.119633801360222,-0.590783422413495,-0.676444503177578,-0.313547251321601
1.3160655671901,1.35156533643508,-0.979361171312771,-0.869396240873282,-1.04710725831157,-0.615954284425641,-0.190100816190659,-0.938768220317194,-1.07488561509924,-0.498233674035813
-0.0491804557266084,-3.22233075840893,1.10515119212775,0.408856142632661,0.492429360087756,0.289668485931531,0.0893998418269697,0.441480116131488,0.505492853200484,0.234307314109577
-1.61514432832114,2.05962368650571,0.462804539333725,0.224185163464647,0.270010267854163,0.158831848412419,0.049019975643853,0.242073633439945,0.277173279567864,0.128476053157435
0.410875298954883,-2.75002613538071,0.676091110804643,0.172802771042761,0.208124934648298,0.122428188874497,0.0377847824396385,0.186591271288159,0.213646211141399,0.0990298271979222
0.191681454224887,-2.70129601037555,0.53899454117638,0.447722050943175,0.539239747319167,0.317204402946664,0.0978982002790359,0.483447262825179,0.553545057473618,0.25658059225584
1.58214325463881,1.52147226629354,-1.16125485247595,-1.01827707795518,-1.22642043888774,-0.721434139476951,-0.222654866132246,-1.09952874802124,-1.25895573482108,-0.583554317219559
-1.5827437678356,3.43603569997037,0.200030897632498,-0.123795275506753,-0.14909994480491,-0.0877071083990935,-0.02706888045748,-0.133673306839258,-0.153055367165835,-0.070944607354238
-2.18533259558699,1.59504460989788,0.35598013783028,0.969942839513965,1.16820632486544,0.687190051623052,0.212086177488735,1.04733776206038,1.19919727811893,0.55585492761086
1.08036009419161,1.21030816703192,-1.10469230868325,-0.517048373047714,-0.622736882060389,-0.366321069336744,-0.113056984957391,-0.558305359701515,-0.639257259660108,-0.296310127013018
-1.71299322846558,0.0359704073098521,0.524806334324114,1.03209945467556,1.24306821157248,0.731227087458083,0.225677245310697,1.1144540575456,1.27604515067626,0.591475646083811
-0.970039462109799,-1.75460863189136,0.86066357075549,0.822053261774952,0.990087024368347,0.582412489048427,0.179748874757775,0.887647589535525,1.01635271051982,0.471102355418345
-1.66435353202131,2.36409508499532,0.606518367952422,0.037306330684043,0.0449320204110785,0.0264309795013081,0.00815734365838935,0.0402831252498231,0.0461240068902691,0.0213795152631847
-1.44111175284362,-0.333206997916918,0.630255826601628,0.859576076978656,1.03527978033497,0.608996844606737,0.187953554581132,0.928164473315341,1.06274436993162,0.49260593364906
-1.97123761438504,1.59805866579739,0.831990195596198,0.414575242392909,0.499317486109498,0.29372038290873,0.0906503711957267,0.447655561631865,0.512563712004099,0.237584816302206
-1.12923128631745,-1.53308919865121,1.04123536992731,0.731544595752769,0.881077718051667,0.518288447566474,0.159958392036269,0.789916939999266,0.904451532926343,0.419233641149445
-0.309886527787202,-2.43055772594026,0.721609225123552,0.627863547495016,0.756203497211933,0.444831969512283,0.137287656909207,0.677962840616706,0.776264565820613,0.359816096912704
1.20475425989394,-2.7589178751269,-0.00827357723419822,0.03646077378618,0.0439136254336876,0.0258319150362476,0.00797245551548924,0.0393700985919364,0.0450785952545482,0.0208949434419338
1.68621557286182,-1.17098403905228,-0.166233634918391,-0.856044313718294,-1.03102609856053,-0.606494642952849,-0.187181304775091,-0.924350899073082,-1.05837784366198,-0.490581950449792
0.934638807751896,1.82272791260075,-0.921255088461529,-0.770607533488726,-0.928125408979349,-0.545963956994196,-0.168499832632966,-0.832096837742913,-0.952747336245808,-0.441619832936137
2.17949578722637,-1.07787659790894,-0.962861948326562,-0.688036345666188,-0.828676060073101,-0.487463500564434,-0.150444946424659,-0.742937023842891,-0.850659728962215,-0.394299929370646
-1.20723390677955,-2.20158167161657,1.30055619420469,0.850503130875262,1.02435225698889,0.602568797460898,0.185969678439942,0.918367567064676,1.05152695398867,0.487406408899698
2.50308786092273,-0.0168009756889233,-1.22480399758433,-1.16372211643235,-1.40159551823002,-0.824479782403218,-0.254457649748632,-1.2565793234735,-1.43877797501116,-0.666905972637315
0.449363865293503,2.59935608402152,-1.19227159408936,-0.442896538547385,-0.533427864523781,-0.313785599304552,-0.0968430613195479,-0.478236706957852,-0.547578993191459,-0.253815187188474
1.904557141503,-0.674346497894385,-1.21563416804613,-0.410841457296593,-0.494820487742676,-0.291075051793782,-0.0898339476124164,-0.443623845568318,-0.507947414277908,-0.235445058411455
1.83401196158052,-2.28891926358566,-0.629002267007105,-0.192675398530902,-0.232059674075803,-0.136507649388174,-0.0421300999459044,-0.20804960094614,-0.23821590723276,-0.110418434303258
-0.770863196536084,2.53568639044627,-0.154335890699199,-0.192865011721082,-0.232288045603508,-0.136641987508567,-0.0421715604681832,-0.208254343995081,-0.238450337152026,-0.110527097846931
1.72714968115047,-0.30222821919856,-0.904110672586954,-0.645804286299449,-0.777811455629978,-0.45754271567476,-0.141210550670929,-0.69733512985239,-0.798445754510557,-0.370097577081598
-1.13829225487933,-1.27188164073357,0.832734029392316,0.802479603432247,0.966512365589319,0.56854484372026,0.175468929375164,0.86651208475232,0.992152647535531,0.45988508157712
-1.20822489200381,2.84459062313296,0.277790747032926,-0.276992810239576,-0.333612187937048,-0.196245279426085,-0.0605668127258014,-0.299094975667333,-0.342462473628098,-0.158739064006701
-1.2207047220522,-1.42241994046277,0.897456507932812,0.879447857147721,1.05921349924511,0.623075704807472,0.19229868681394,0.949621888043877,1.08731301843266,0.503994055172706
-0.228490922527349,-2.65661223577611,0.655987205149693,0.696354986608189,0.838695092707642,0.493357133741036,0.152263887384288,0.751919436447684,0.860944553148653,0.399067176851903
0.422894728570308,-2.97786901434033,0.666074902151217,0.257473396555938,0.310102861826328,0.182416065630732,0.0562987283951221,0.278018043902574,0.318329476500529,0.147552876699455
0.998274265601083,2.40315921556149,-1.1029073380894,-0.904437998400929,-1.08931181007538,-0.64078084758317,-0.19776299184036,-0.976606074686075,-1.11820979724251,-0.518315407515745
1.96608811802021,-0.784817553245538,-0.697549828655014,-0.826053006462022,-0.99490434643201,-0.585246248571168,-0.180623452647372,-0.891966486978459,-1.02129782970263,-0.473394529454712
0.109656732338777,2.39492964033168,-0.553360031662382,-0.575597105879746,-0.69325340862345,-0.40780197429138,-0.125859158897226,-0.621525888084919,-0.71164449547358,-0.329863239963844
2.45255612076686,0.129757027257669,-1.46901806930013,-0.98580113270111,-1.18730617039044,-0.698425416089878,-0.215553726963344,-1.06446144050832,-1.21880381703123,-0.5649429996626
-1.1255199705441,-1.9736577947187,1.21097605284711,0.763997886449735,0.920164701232955,0.541281120537348,0.167054577595306,0.82495978527362,0.944575441557192,0.437831975830833
1.8063308263999,0.839952022037531,-1.12523827948863,-0.976620466964405,-1.17624890872184,-0.691921051188642,-0.213546297016364,-1.05454821932126,-1.20745322098137,-0.559681742936324
-0.984733383786413,2.74819752627857,-0.0791104471919911,-0.151074555957909,-0.181955311804461,-0.107034072193025,-0.0330337250646405,-0.163129290609031,-0.186782343162133,-0.0865778197897787
-1.05596623019579,-0.995469916554101,0.418324093161697,0.950926665118215,1.14530310387255,0.673717375365927,0.207928130670147,1.02680422469794,1.17568646526831,0.544957136718892
-0.00354175153347949,-2.35070179196398,0.16651680883384,0.770980369896348,0.928574455904362,0.546228106034493,0.168581356456123,0.832499423991159,0.953208295785885,0.441833498057344
-2.03450437306831,-0.12120086802815,1.09149427514469,0.922349791940744,1.11088490660278,0.65347108645689,0.201679556475994,0.995947109019477,1.14035519920242,0.528580299729851
-0.754948723618018,2.44135450805965,-0.48525552637828,0.0884104901758795,0.106482247819542,0.062637515153394,0.0193316988872288,0.0954650533529029,0.109307079610178,0.0506662914707218
-1.23165953110183,-1.45035759436846,0.964276328637518,0.847185709869767,1.02035673061045,0.600218454101321,0.185244296374614,0.914785438149277,1.04742543163282,0.485505260978664
1.77633395241271,-2.3872027526071,-0.335283888831127,-0.335762239029181,-0.404394522342597,-0.237882544178741,-0.0734172436970011,-0.362553810063094,-0.415122568811041,-0.192418653416265
-0.159429034608538,-3.01936271751183,0.755475124808799,0.698454265917409,0.841223480223672,0.494844441856633,0.152722912500032,0.754186224142884,0.863540015407945,0.400270232022707
2.00050526494288,-2.42732679843219,-0.760988445287097,-0.178121153859488,-0.21453043422152,-0.126196183867077,-0.0389476916710593,-0.192334025324925,-0.220221640061529,-0.102077686489383
1.31272400802612,-3.04010368793462,-0.0910494579083635,0.116840005406182,0.140722966088611,0.0827794031521957,0.025548052024156,0.126163052909956,0.144456158394556,0.0669586805544645
-1.27600935271583,2.63367417550447,0.130667305434919,-0.0237379648358534,-0.0285901802982259,-0.0168179944388789,-0.00519050609819537,-0.0256320949588213,-0.0293486395894245,-0.0136037549718645
-1.32322647602007,2.23901235660543,0.444748227526467,-0.078397179203584,-0.0944221420750206,-0.0555432335074597,-0.0171422040411363,-0.0846527474341401,-0.0969270353707134,-0.044927862339744
-1.76371470226038,-0.459293042125166,0.987049743910842,0.903002994959564,1.08758348132433,0.639764169023591,0.19744921624229,0.975056567610399,1.11643561823847,0.517493035617602
0.941213812629832,1.07679497488874,-0.627372741320453,-0.72098444486129,-0.868358994266727,-0.510806737984599,-0.157649326032545,-0.778514160009424,-0.891395398389661,-0.41318182894958
0.0502861826889474,-2.14925105733032,0.565623379356403,0.336169537577779,0.404885075724917,0.238171109132504,0.0735063029577635,0.362993608299651,0.415626135919289,0.192652068104248
-0.52609198666433,-1.41858856307013,0.650210412083946,0.480827540338239,0.579112243432916,0.340659148978709,0.105136994580782,0.519194347872288,0.594475317645702,0.275552689024384
1.80276451683883,-0.888020029981487,-0.480313085989005,-0.817646672237628,-0.984779695360004,-0.579290486010442,-0.178785336812383,-0.882889383756459,-1.01090458516267,-0.468577026699483
1.32593629340722,-2.52972842868116,-0.189536106967701,-0.0123891513456072,-0.0149215854502373,-0.00877752915524359,-0.00270899236962861,-0.0133777223930408,-0.0153174351792735,-0.00709997594066808
2.24015147755412,0.303907011404063,-1.4094767064978,-0.918335069133706,-1.10604954478072,-0.650626715159296,-0.200801703494216,-0.991612038303225,-1.13539156169053,-0.526279542031178
-0.253551130549174,-2.4424113163888,0.691770745413844,0.607834092597725,0.732079873693719,0.430641399115631,0.132908047768035,0.656335169775886,0.751500974795937,0.348337615141966
2.20154952225028,-2.47406537792269,-0.382525435792875,-0.62710791830951,-0.755293411835971,-0.444296617491688,-0.137122432218613,-0.677146917298491,-0.775330337095362,-0.359383060872744
1.83862102968679,-2.07517289112104,-0.445846394479074,-0.421481610668019,-0.507635567105772,-0.298613441940826,-0.092160506832721,-0.455113011698554,-0.521102460577519,-0.241542718439551
-2.11210383234161,1.37025561592974,1.07156359033974,0.43403300492898,0.522752559122416,0.307505917784509,0.094904974983334,0.46866592290165,0.536620486198373,0.248735672564392
-2.0095775597937,0.0502878598164983,1.05056810775796,0.867637674261345,1.04498922768639,0.614708366180143,0.189716290778036,0.936869331903621,1.07271139595094,0.497225874527476
1.28170705054481,1.41020689019722,-0.981344480751004,-0.861043543672245,-1.03704720806693,-0.61003652289688,-0.188274428542933,-0.929749033992682,-1.0645586851603,-0.493446909590638
0.179103349358869,1.80385601545718,-0.349296962608903,-0.568357286633157,-0.684533716812553,-0.402672670213732,-0.124276111394666,-0.61370837989934,-0.702693481887116,-0.325714243714492
-1.87237965974654,-0.234235235518132,1.07839064125271,0.837963259372405,1.00924914306727,0.593684485319667,0.183227729837513,0.904827098058371,1.03602317463017,0.480220058238084
-0.12749923643615,-3.31057298303848,0.721739382589096,0.808958465563016,0.974315555025605,0.573135021018061,0.176885587190257,0.873507916556324,1.00016284516369,0.46359798845574
0.475302375954707,3.01081797619086,-1.3821882397713,-0.47365725743448,-0.570476301707274,-0.335579110364005,-0.103569151785702,-0.511451924562554,-0.585610275922377,-0.271443542668486
-1.9670676658739,1.92658553628442,0.868053596301716,0.257304335024581,0.309899242868409,0.182296288054438,0.0562617616662746,0.277835492396765,0.318120455803661,0.147455990902224
1.68710705646753,-2.32904122138395,-0.70602941991153,0.00776949121628248,0.00935763264605967,0.00550456877714303,0.00169886474332794,0.0083894444201337,0.00960587813979189,0.00445254070823803
-2.69321448674769,1.47322395535293,1.02712577050971,0.923439392491733,1.11219722955975,0.654243052214437,0.201917806820689,0.997123652374531,1.14170233633437,0.529204728109257
-1.78804423344561,-0.404385594771824,1.0518409535073,0.852042767459707,1.02620660667082,0.603659607043529,0.186306332956697,0.920030056305328,1.05343049709054,0.488288743968663
-1.47324873133276,-1.75687971329309,0.931460927845325,1.19533890733411,1.4396750148753,0.846879807731334,0.261370927576607,1.29071892188857,1.47786766983405,0.685024925942638
-1.39390420989115,-0.184668855344465,0.392363884147645,0.948708863229302,1.14263196688553,0.672146095768363,0.207443189593328,1.02440945711741,1.17294446658525,0.543686158617713
-1.55519608976515,2.11067851822277,0.161357374197127,0.389431114937066,0.469033713158652,0.275906143202547,0.0851523957881535,0.420505101722536,0.481476551011362,0.223175217532644
-1.81607730517282,2.11151450235967,0.454414405007741,0.381731777819458,0.459760574627553,0.270451277559162,0.0834688708298283,0.412191409226857,0.471957408502529,0.218762880741432
0.931701775218422,-1.92172245970669,-0.185859305528401,0.0875618477852497,0.105460136651858,0.0620362646626758,0.0191461360753277,0.094548695000655,0.1082578531986,0.0501799514150054
-2.13888224909173,0.318725791564052,1.07947341963159,0.852389938165552,1.02662474163492,0.603905572316483,0.186382244757825,0.920404928901216,1.05385972461667,0.488487700587243
-0.627615695200981,2.87028808287219,-0.333551886006522,-0.302349874143556,-0.364152423119865,-0.214210381433453,-0.0661113484825965,-0.326475362922858,-0.373812900453227,-0.173270692414652
-0.339123466498776,2.28616609337268,-0.490914942655742,-0.201360955243821,-0.242520622776754,-0.142661236922175,-0.04402927013157,-0.217428206735442,-0.248954370928517,-0.115395953906721
-1.42574535103066,2.29557566573709,-0.0349695746459482,0.362255121251061,0.436302745502452,0.256652356542962,0.0792101357027954,0.391160646307895,0.447877274506815,0.207601196685542
-0.902637563005598,-1.87132035564799,1.13901189363485,0.591695914446736,0.712642932649607,0.419207740321637,0.129379299086937,0.638909273424243,0.731548397670709,0.339089146590577
2.53951511915468,-2.2492793417308,-1.18699224895165,-0.371250807133026,-0.447137216066801,-0.263025665972939,-0.0811771182453455,-0.400874127490495,-0.458999169102039,-0.212756445140426
-1.25535745841663,1.83350999653099,0.31870207033577,0.117406598013793,0.141405374412966,0.0831808255736122,0.0256719422736079,0.126774855801302,0.145156670100163,0.0672833834957699
0.53201023103693,-3.06958849835044,0.530217767396536,0.305992340444989,0.368539436455183,0.216791014542691,0.0669078044416813,0.330408473565167,0.378316295391951,0.175358117322416
1.751677315851,-0.0424080227262044,-1.06572732575722,-0.639554099786508,-0.770283684797971,-0.453114551645388,-0.139843894707176,-0.69058622044428,-0.790718281974329,-0.366515719646116
-1.79493051281274,-0.740781077610932,1.44746533835103,0.677072871317585,0.815471570535391,0.479696042321885,0.148047690347429,0.73109873789356,0.837104941956251,0.388016980528567
1.74610320164702,-2.75584052281633,-0.583714790923527,0.0250487281343595,0.0301688733029431,0.0177466507081673,0.00547711554181165,0.0270474483628798,0.0309692132106642,0.014354927318032
0.0124996207637202,2.64950218222001,-0.606338655617373,-0.548846847935015,-0.6610352002407,-0.388849815061893,-0.120009989520215,-0.592641139263626,-0.67857158106104,-0.314533199792722
0.784765618759039,2.58975869920328,-0.720694071372134,-1.09310218386101,-1.31654034948137,-0.774446612269573,-0.239016006237895,-1.18032439470555,-1.35146640625632,-0.626435095480271
-0.501168360215816,2.79583438149415,-0.392001362509182,-0.335690356041594,-0.404307945941052,-0.237831616152946,-0.073401525875865,-0.362476191296006,-0.415033695653216,-0.192377458707429
1.96281072028537,0.422137938196743,-1.32337357551249,-0.795070716149479,-0.957589046986049,-0.563295757457748,-0.173848913721422,-0.858512018037069,-0.982992605209906,-0.455639195802755
-1.32466774502375,-0.244920374840715,0.396036533697757,0.910000641911425,1.09601149903353,0.644721897638298,0.198979310731342,0.982612579779036,1.12508721999896,0.521503247747032
1.36815957139141,-2.61921809586656,-0.0893676952210833,-0.092416386952663,-0.111306979505527,-0.0654756333400429,-0.0202076219830972,-0.0997905937809797,-0.114259804982687,-0.052961991147201
-0.810695730201488,2.38839641309857,-0.277683339142135,-0.00627456112534521,-0.00755712779534118,-0.00444543307912723,-0.00137198567820834,-0.006775228950835,-0.00775760830058324,-0.00359582604049779
-0.163298507415079,-3.16010886717057,0.783017331056556,0.733984704002686,0.884016602462978,0.520017227908897,0.160491942272738,0.792551752494953,0.907468382015185,0.420632018599502
1.14322339423523,-1.74385574225304,-0.0119526711772952,-0.296198857746627,-0.356744093508561,-0.209852477953845,-0.0647663769006126,-0.319833536739797,-0.366208037753732,-0.16974566739796
0.6851335291578,2.40295089555762,-0.969342734347674,-0.742598126016559,-0.894390671599241,-0.526119709083284,-0.162375339598435,-0.801852467720823,-0.918117661347462,-0.425568199243304
-1.81754082849432,2.21629262037016,0.412412006504362,0.375784979627391,0.452598206931585,0.266238059635262,0.0821685532796886,0.405770096489475,0.464605032759416,0.215354889111509
-2.05857871495994,1.34512749791581,0.714854295536739,0.677059881682587,0.815455925722991,0.479686839359007,0.148044850054247,0.731084711772953,0.837088882107878,0.388009536427402
0.415018182600429,-3.05458055742427,0.985684142113494,0.0435627440642669,0.0524672909280634,0.0308635551733813,0.00952536117915992,0.047038758387392,0.0538591780680993,0.0249649411923153
1.77828772198852,1.15633644422027,-1.0004485014608,-1.1712468247694,-1.41065833256711,-0.829810926157192,-0.256102990652146,-1.26470445298508,-1.44808121370608,-0.671218233151635
-1.99601092441893,1.29918574844278,1.15102541037598,0.30036272172004,0.36175908205372,0.212802513545916,0.0656768408555265,0.324329649085576,0.371356067245735,0.172131894929351
-2.1672947138501,1.67181333081867,1.18665315416483,0.275735099164233,0.332097391422022,0.195354209866538,0.0602918035979558,0.297736907697442,0.340907491585066,0.15801829483324
-0.875287031692191,-1.71809718335765,0.753267633112871,0.811531527808339,0.977414570211659,0.574957997285486,0.177448208938488,0.876286291883069,1.00334407308282,0.465072559193154
1.82864680698432,-1.53539453364667,-0.590652325491927,-0.506015368324459,-0.609448649625542,-0.358504349859615,-0.110644525477673,-0.546391995320738,-0.625616508169813,-0.28998733169773
0.840605550420174,1.73105393925696,-0.964336084531872,-0.621955378910982,-0.749087655301395,-0.440646120090172,-0.135995786048472,-0.671583239870565,-0.768959950129866,-0.356430243141943
2.33790861583332,-1.70984497122372,-1.31725079355757,-0.304122030257307,-0.366286821041469,-0.21546592763853,-0.0664988453543371,-0.328388925189195,-0.376003921100461,-0.174286279795882
2.00197091263991,-1.50400591287139,-0.62377384915001,-0.639451981098957,-0.770160692295914,-0.453042202076619,-0.139821565595386,-0.690475953371493,-0.790592026645492,-0.36645719745969
1.648854937176,-2.10269800096075,-0.260443707782493,-0.394619508308019,-0.475282652482618,-0.279582042609375,-0.0862868817315776,-0.426107494029021,-0.487891266347964,-0.22614858246111
1.13249526946565,-2.37979107169389,0.310144587516861,-0.295957777961878,-0.356453735233962,-0.209681676517948,-0.0647136627736205,-0.319573220407792,-0.365909976661982,-0.169607509373754
-1.99173248089131,0.789215269927704,1.12890658769923,0.50887531387575,0.612893189185691,0.360530578675341,0.111269876678887,0.549480145313994,0.629152426763114,0.291626309545312
-1.22190512043609,2.57312498973001,-0.429429959901302,0.391368971918152,0.471367682429588,0.277279086003525,0.0855761245512263,0.422597586672248,0.483872437369229,0.224285764781471
-1.33568623501065,3.12597264410074,-0.0871669772662602,0.00922619298395601,0.0111120950216896,0.0065366202776506,0.00201738486334013,0.00996238120278896,0.0114068840585536,0.00528734748512657
1.50566284378774,-0.127551749758204,-0.923040817854822,-0.509458156577883,-0.613595169243995,-0.360943514046634,-0.111397320148478,-0.550109494948238,-0.629873029414627,-0.291960325092213
1.78439491948729,-2.92980583832945,-0.305976632548745,-0.158209021893801,-0.190548115309276,-0.112088735019594,-0.0345937361777954,-0.170833038997479,-0.195603102265258,-0.0906664401545875
-2.17371543234971,0.417016138901239,1.17212233026553,0.771999522532522,0.929801930872041,0.546950160493924,0.16880420277044,0.833599898161063,0.954468334024736,0.442417554139544
-1.65384113516234,-0.168697384433324,1.07119969477157,0.632765581512776,0.762107543214398,0.448304987583544,0.138359527966338,0.683256024017366,0.782325238276621,0.362625354997905
-1.8495933749219,1.49136122105794,0.689733670361788,0.463170408780469,0.557845863678926,0.328149334325323,0.101276113934063,0.500128295836286,0.572644769245472,0.265433738521303
-0.517852894349136,2.90101493568287,-0.319600373351596,-0.418308808977148,-0.503814221298758,-0.296365559211126,-0.0914667469995293,-0.451687041747537,-0.517179739570979,-0.239724448968036
0.786961601004075,2.02741642101817,-0.86934743325589,-0.763865465133607,-0.920005212021069,-0.541187302007679,-0.167025622558358,-0.824816797626067,-0.944411721309568,-0.437756087811362
-2.02974651783364,1.52601903431144,0.705882693554815,0.590448355813591,0.711140363811004,0.418323863616137,0.129106509876153,0.637562167993235,0.73000596768802,0.338374195579584
-1.42867130325412,0.182935463116871,0.712876881393739,0.587183061405161,0.707207619091339,0.416010451173999,0.128392525730648,0.634036325027162,0.725968892504488,0.336502920373371
1.35365707477224,2.42107361662611,-1.60935974902131,-0.817375035857906,-0.984452534496573,-0.579098035682238,-0.178725941228339,-0.882596072618481,-1.01056874515857,-0.468421357299147
1.10046089341645,-2.64453751103124,0.108931497563153,-0.0102310284775708,-0.0123223263170496,-0.00724853125487463,-0.0022371006137575,-0.0110473958183396,-0.0126492211734954,-0.00586319869801244
-1.84488889458779,1.92040612874202,0.648699392371929,0.327324495607107,0.394232041800756,0.231904528669391,0.0715722599761922,0.353442791400445,0.404690491235946,0.187583150675272
-0.87315187874807,-1.43319483740752,0.817079179497276,0.650961290077812,0.784022589096623,0.461196376022878,0.142338173015351,0.70290362788767,0.804821661050948,0.373052953259587
-1.80989258793218,-0.204978103033817,1.05425501029577,0.792537010843227,0.954537433588302,0.561500664995317,0.173294897699658,0.855776140068734,0.979860036585207,0.454187179743437
1.95893634475102,-0.423422956420707,-0.875276127352825,-0.819085756953876,-0.986512939628687,-0.580310056092472,-0.179100004815607,-0.884443297765336,-1.01268381008645,-0.469401737494994
0.534854982144986,-2.50588147370908,0.401449364058192,0.18887783695926,0.22748586285072,0.133817133590598,0.0412997310986937,0.203949019472986,0.233520758905789,0.108242127384429
2.65859429175927,-0.310102560437275,-1.49300123441228,-0.97413500606843,-1.17325540124841,-0.690160139172148,-0.213002830041558,-1.05186443534304,-1.20438029975354,-0.558257374787884
-0.685781309980282,2.88564015566047,-0.0734150193006621,-0.462182146166297,-0.556655592882059,-0.327449164986282,-0.101060021983428,-0.499061176504622,-0.571422922154384,-0.264867384895623
-1.78124423713373,1.52922197031626,0.658745505203022,0.414831790610073,0.499626474678427,0.293902143498545,0.0907064676258495,0.447932580673275,0.512880897627,0.237731838977018
-1.43533801055754,1.98503369294383,0.523168488135583,0.0526306890694355,0.0633887909144732,0.0372880591156335,0.0115081437880691,0.0568302644857915,0.0650704108596929,0.0301615999118673
1.71230807644205,0.718365173276559,-1.03269516390816,-0.922598579940892,-1.11118454870898,-0.653647349048561,-0.201733956069256,-0.996215748630687,-1.14066279041342,-0.528722875178814
1.94836184420026,0.264758059543012,-1.22832085632892,-0.796980743513599,-0.959889498060618,-0.56464898338971,-0.17426655730417,-0.86057445275334,-0.985354084178433,-0.456733794452248
2.24364663894266,-1.36948262219891,-1.09623794831216,-0.526858726093487,-0.634552543778123,-0.373271558315397,-0.115202101342121,-0.568898513014685,-0.651386375099294,-0.301932244997648
-1.03117310736535,-1.50873708298025,0.908668062372208,0.742541240567625,0.894322158344099,0.526079406590191,0.162362901115539,0.801791043195219,0.918047330527184,0.425535599325235
1.593870590225,-1.19381540585567,-0.685489836362857,-0.36278812998714,-0.436944705163713,-0.25702998529173,-0.0793266825556592,-0.391736185560377,-0.448536264500329,-0.207906653378802
2.05669533930614,-0.279298364050229,-1.03579453773614,-0.831742240829619,-1.0017565023541,-0.589276986362607,-0.181867451696291,-0.898109684028486,-1.0283317641679,-0.476654916385499
0.276227055295423,-3.34828432004427,0.667503957953978,0.522569475779101,0.629386538997152,0.370232688368747,0.114264220606874,0.564267009340265,0.646083323112478,0.299474161050967
1.68559695515982,1.27055847391182,-1.15635956753331,-1.01417945931587,-1.22148523671261,-0.718531037717174,-0.221758887278015,-1.0951041669422,-1.25388960832491,-0.581206053570053
-0.631095446880462,-2.19411741861267,0.380681495448588,1.07716869806084,1.29734994141748,0.763157974956634,0.23553201526465,1.16311952377921,1.33176690230196,0.617303932039257
-1.83768649962103,2.01246525058161,0.484501265764799,0.414421035144903,0.499131757760237,0.293611129370892,0.0906166524811403,0.447489049681427,0.512373056529836,0.237496443198982
-0.773010028409433,-2.044509036639,0.848001498297279,0.775227510650148,0.933689743619327,0.549237141984814,0.169510029581007,0.837085458044948,0.958459285250684,0.444267449853349
0.991381803682504,-3.07018598773417,0.11999364442444,0.236482458177199,0.284821220496628,0.16754429851162,0.0517088827864066,0.255352169657704,0.292377146998763,0.135523387890769
-0.185116641320462,2.74717598197543,-0.375234073045023,-0.598884824528046,-0.721301309085567,-0.424300976014129,-0.130951214871396,-0.64667181023516,-0.740436469267246,-0.343208967811022
1.78505875704732,-0.0671040262195852,-0.505046299249041,-1.09691774510918,-1.32113583964989,-0.777149880569808,-0.239850310866096,-1.1844444121085,-1.35618380864014,-0.628621717655302
-0.437057653374477,-1.50490575188885,0.39070135933161,0.641042406565217,0.772076212482488,0.454168994825364,0.140169325529249,0.69219328410553,0.792558363023773,0.367368638625503
1.96388159380939,-1.56544697546403,-1.04512823416051,-0.254120058295427,-0.306064076440475,-0.180040275431069,-0.0555654927192395,-0.2743971317765,-0.31418354753359,-0.145631145314763
-0.0855663747072006,-2.76967972460403,0.693137767188149,0.58900708806413,0.709404490280983,0.417302746887597,0.128791364534316,0.63600589675976,0.72822404375211,0.337548233731207
-1.05268970617459,-2.18284652712563,1.22996748041731,0.767163356075493,0.923977216246554,0.543523808608148,0.167746734210659,0.828377838109983,0.948489097501164,0.439646043441829
1.90723747308265,-2.95297384759679,-0.62467056744774,-0.00458370086456727,-0.0055206431999249,-0.0032474837747397,-0.00100226482996154,-0.00494944940039523,-0.00566709848928302,-0.00262682769382634
-1.68782444617021,0.225564678880583,0.469678559280844,0.981368603077231,1.18196759895012,0.695285034887023,0.214584516999379,1.05967522479806,1.21332362042212,0.562402805196657
-1.79144709385913,1.20806574978766,0.588870445030789,0.600853909587416,0.723672889684798,0.425696043443336,0.131381771917007,0.648798015054014,0.742870964731706,0.344337411249693
-1.73274443451861,-0.187713998171978,0.44606461418312,1.19592897985715,1.44038570258334,0.847297865323028,0.261499951907479,1.29135607823486,1.47859721113761,0.685363084755938
-2.2142472462741,-0.814883776905621,1.60029205482926,0.942345110506971,1.13496741607155,0.667637471771545,0.206051701420644,1.01753791967934,1.16507658547684,0.540039218648986
1.00772349013012,1.43939476170201,-0.68998317414457,-0.867111565294044,-1.04435557815765,-0.614335625814763,-0.189601252617773,-0.936301242975114,-1.07206093654666,-0.496924371954313
0.81614786567105,-2.88262845273915,0.223500338169319,0.23284836943299,0.28044429715315,0.164969600776868,0.0509142586508231,0.251428105045406,0.287884109725884,0.133440763994235
-2.10495998090073,-0.417855812937168,1.11721996618786,1.07547643208452,1.29531176376788,0.761959029723726,0.235161987044851,1.16129222634657,1.329674654522,0.616334128104999
1.9713334264811,-0.970307714847188,-0.869063760750303,-0.625523734210841,-0.753385408798653,-0.443174246658896,-0.136776037012382,-0.675436325951248,-0.773371717286265,-0.358475196510418
-1.00834243811747,-1.78154298662863,0.878521572288025,0.850941898748344,1.02488071225821,0.602879657962229,0.186065618733757,0.918841345666401,1.05206942847036,0.48765785803092
1.26880235705126,2.21973639933,-1.3670933672531,-0.85775064787846,-1.03308122003474,-0.607703555284424,-0.187554409121868,-0.926193387236129,-1.06048748476357,-0.491559816580083
2.12852765301442,-0.744172897675896,-0.93647292250573,-0.792847607116008,-0.954911518034891,-0.56172071782733,-0.173362812192712,-0.856111519837507,-0.980244044992445,-0.454365176282707
1.72671627593299,-3.36125923134496,-0.123055836622106,-0.0873571519752045,-0.10521359950531,-0.0618912407308093,-0.0191013776110844,-0.0943276658401083,-0.10800477575089,-0.0500626443222163
1.45972370107354,-2.26008036061347,-0.280964050213882,-0.157659452703172,-0.189886210114156,-0.111699373435495,-0.0344735682419566,-0.170239617877428,-0.194923637609516,-0.0903514929945805
-0.491121657357329,-2.47179345327084,0.671790070927513,0.83664289717847,1.00765888908195,0.592749028375971,0.182939021514502,0.903401379831512,1.03439073333096,0.479463384956081
-0.472448630254632,-2.10365716492843,0.93004518343667,0.47816674712464,0.57590756442024,0.338774016627273,0.104555189716855,0.516321241235372,0.591185622779781,0.274027841415969
-0.0915166878888443,-2.35753388374495,0.982573463416964,0.210266128574096,0.253246079354858,0.148970419557731,0.0459764613417644,0.227043953072787,0.259964359542067,0.120499331420537
1.62019147700961,0.586759663835805,-0.660183192811959,-1.0852895692598,-1.30713077871177,-0.768911491216658,-0.237307712202966,-1.17188838594407,-1.34180721214395,-0.621957841618812
2.09672282825442,-2.65136236067193,-0.346939485585712,-0.49807797981469,-0.59988880023826,-0.352880828351364,-0.108908948575921,-0.537821256531027,-0.615803048748785,-0.285438572393803
1.84467392937874,-2.55581546087558,-0.807237928398147,0.0396095348681173,0.0477060165536145,0.0280627653526739,0.00866095866689971,0.0427701096549302,0.0489715934448314,0.0226994357191707
1.29513397135949,-2.72552406260102,-0.175076658486814,0.0773006643198152,0.0931014914445466,0.0547663690481476,0.016902441819298,0.0834687380290004,0.0955713496432003,0.044299471493901
0.20849767163371,-2.25871480051928,0.460201095206424,0.325933520046578,0.392556740554801,0.23091904320746,0.0712681114453772,0.351940825334719,0.402970746485883,0.186786010278944
-1.28051207729972,2.61117151753234,0.0553258944514797,0.0476007094830184,0.0573306463234568,0.0337243935151071,0.0104082963539006,0.0513989263196298,0.0588515517854327,0.0272790187689486
0.645636524793948,2.00264500622772,-1.00135479361566,-0.531037706974576,-0.639585739238616,-0.376232304011346,-0.116115870736318,-0.573410948495816,-0.656553094511774,-0.304327135727816
2.130260846702,-2.02128755567404,-0.324564209611427,-0.784829342131692,-0.945254260423897,-0.556039896541757,-0.171609550968094,-0.847453451173905,-0.970330593237652,-0.449770068281647
1.84272502169975,-1.74206818670534,-0.549989267568245,-0.470811876953179,-0.567049304425073,-0.333563200683377,-0.10294698535981,-0.508379501834025,-0.582092364980224,-0.269812911772492
-1.28265537828869,2.83643900144754,0.346515741232199,-0.264344123698481,-0.318378016379112,-0.187283873451384,-0.0578010707980624,-0.285437008913754,-0.326824159849256,-0.15149035361342
-0.228084862250643,2.89585234479584,-0.61847260888132,-0.428965796939482,-0.516649576367571,-0.303915876415027,-0.0937969872450345,-0.463194385755942,-0.530355599463694,-0.245831756564968
-2.05173762874181,1.78151551598958,0.637658423000825,0.56486833058471,0.680331592360543,0.400200796831745,0.123513221746331,0.609941028596928,0.698379880686791,0.323714792475985
1.24479486005744,-1.81087083495532,0.189265470940207,-0.514280611982073,-0.619403370176102,-0.36436015185574,-0.112451790670985,-0.555316749896571,-0.635835314158594,-0.294723978258564
-2.5843227358829,2.34279467492386,0.975774807380553,0.538771149490538,0.64889995456357,0.381711332821364,0.117806853127467,0.581761467771518,0.666114403526931,0.30875901764371
0.0393487717350527,-2.60638523714202,0.484732843750501,0.583385250545751,0.702633507622224,0.413319758759753,0.127562102374565,0.629935474374749,0.721273435968412,0.334326470592686
-2.49389725240965,0.894397859020987,1.03355390817745,0.970136524340312,1.16843960030184,0.68732727443701,0.212128528308582,1.0475469016347,1.19943674204104,0.555965924528145
-1.3778676541065,-1.24729177510164,0.994465320652573,0.870281741133179,1.04817376136942,0.616581648167628,0.19029443828635,0.939724377549066,1.07598041105853,0.498741136602485
1.73064420011238,-3.13356928941838,-0.118151571581731,-0.181528905106649,-0.218634755010667,-0.128610524857139,-0.039692825205119,-0.19601369222844,-0.224434842998467,-0.104030600873241
2.2778377764509,-0.894911882671687,-1.31349274818403,-0.56737121666826,-0.683346086858679,-0.401974054334036,-0.124060498885277,-0.612643628175632,-0.701474345697058,-0.325149146652451
-1.04394721282505,-2.03779028873946,1.22894921644253,0.705103246936352,0.84923156210624,0.49955514585228,0.154176768243954,0.761365749179484,0.871760541005284,0.404080630648694
-0.0842972756361726,-2.03859517437358,0.355535458371133,0.572575779115877,0.689614500338085,0.405661409290793,0.125198520333602,0.618263479742475,0.70790905181243,0.328131777756791
-0.539775278243387,-2.4213855906081,0.556185862588314,0.949139233088411,1.14315030752475,0.672451006401907,0.207537293590601,1.02487416760007,1.1734765581092,0.54393279501435
-0.859891740682171,-1.79828328159363,0.847019966169187,0.755772968472982,0.910258549230476,0.535453888685343,0.165256129952018,0.816078574097074,0.934406492575193,0.433118439114727
0.715664481737291,-2.80060691066681,0.13505532553873,0.356088873792095,0.428876071487457,0.252283662082812,0.0778618337207148,0.384502373726369,0.440253580751105,0.204067443050481
1.17720179433071,-1.88019807631629,0.0565426499146622,-0.32654861587594,-0.393297566517926,-0.231354829438888,-0.0714026073330978,-0.352605001679068,-0.403731225572179,-0.187138509450828
-0.976205922018549,2.70331837492034,-0.347766033398241,0.0688981906521314,0.0829814900555759,0.048813341634336,0.0150651701275746,0.0743958034102006,0.0851828781361562,0.0394841811468503
1.70419532083484,1.19276670369395,-1.53840580988397,-0.701527085212103,-0.844924406493748,-0.497021488548175,-0.15339481033955,-0.757504233774187,-0.867339122308094,-0.402031203573844
-0.463100657007176,-2.98071067673472,1.22541989625879,0.574365282793915,0.691769791794334,0.406929245986724,0.125589810396496,0.620195773792189,0.710121520271873,0.329157306681685
-1.12034648475095,-2.15015086745324,0.876600238195141,1.08849969777516,1.31099708122208,0.771185819445412,0.238009633860958,1.17535466114941,1.34577608249507,0.623797502350179
-1.37659834239515,2.14560231759953,-0.084992249337906,0.416893456095754,0.502109559827377,0.295362802780533,0.091157268162031,0.450158753214506,0.51542985570793,0.238913338414526
-2.73092416130988,1.59941936505841,1.18324211604327,0.785203973200431,0.945705468852027,0.55630531707272,0.171691467209032,0.847857975285169,0.970793771622634,0.449984761887405
0.313531194357499,-2.64250200398974,0.247317500256114,0.549748851872398,0.662121580449694,0.389488871413507,0.120207220284097,0.593615117055576,0.679686781485741,0.315050120288336
-1.54840328917842,-1.35867682564566,1.07424991190859,0.995425621600716,1.19889797595679,0.705244223089969,0.21765820258587,1.07485389896509,1.23070313771437,0.57045860260603
-0.233401583486729,2.64529086618741,-0.640706854046232,-0.311323367201685,-0.374960164483155,-0.22056796757837,-0.0680734783771519,-0.336164880443369,-0.384907356757394,-0.178413222604104
0.71374799393487,2.56707356504208,-0.701245453937768,-1.03927021839793,-1.25170473239962,-0.736307466725614,-0.22724519324082,-1.12219700004004,-1.28491078686388,-0.595585067987286
-1.00877480339409,2.69125309785211,0.0283694466149636,-0.192922604313334,-0.23235741054729,-0.136682791002165,-0.0421841535739259,-0.20831653208929,-0.238521542255104,-0.110560103014754
-0.154677132880388,2.00742416442021,-0.499639873876157,-0.244831987226954,-0.294877454996445,-0.173459815452396,-0.0535345776911506,-0.264367935033745,-0.302700159966267,-0.14030833673153
2.20363111633064,-1.74105941193283,-0.855390297993297,-0.539196090828761,-0.649411757052114,-0.382012397428735,-0.117899770132892,-0.582220316573788,-0.666639783451806,-0.309002543063121
-0.101684197779633,-1.86343405896139,0.212777180904166,0.632058531858882,0.761255967385366,0.447804053437359,0.138204925599806,0.682492556551029,0.781451071278419,0.362220158920186
1.31269887129577,-3.27136684299154,0.349877469655502,-0.139556551107635,-0.168082941631943,-0.0988737373514165,-0.030515216219093,-0.150692226349315,-0.172541957540305,-0.079977080559126
1.24413935284729,-2.25341347403117,-0.512753026289189,0.204307619589832,0.246069607094211,0.144748904712027,0.0446735831282008,0.220609995100662,0.252597505059016,0.117084628568793
-1.46063903386668,2.3123264071787,0.343211475316091,0.0898008364844793,0.108156791189823,0.063622554799709,0.0196357098268057,0.0969663399566244,0.111026046379139,0.0514630712552997
0.219188720516704,2.84277693826704,-0.38334199679233,-0.97277241218948,-1.17161428310952,-0.689194761708785,-0.212704887404649,-1.05039311562642,-1.20269564494271,-0.557476499368126
-1.03181507068214,2.87633180091135,-0.00508525962309272,-0.217892819225845,-0.262431721945539,-0.15437381626234,-0.047644101537994,-0.235279202402667,-0.269393684960063,-0.124870035968717
2.17192064207972,-0.865998496569373,-0.525018223754908,-1.10492302988626,-1.33077746380335,-0.782821505571931,-0.241600733858991,-1.19308846483152,-1.36608121220266,-0.633209386958059
1.89520904211466,0.544201942138902,-1.09874129440058,-0.959892165603285,-1.15610121892178,-0.680069298891904,-0.209888512921234,-1.03648511189175,-1.18677103988515,-0.550095086523873
-0.596754330691352,2.83986975825355,-0.364983835784895,-0.29238450184764,-0.352150055071496,-0.207150063625546,-0.0639323358321687,-0.3157148208648,-0.361492125613864,-0.167559735984543
1.94912016497283,-0.731853501554389,-0.403757954638731,-1.06159486624072,-1.27859270326542,-0.752124147130452,-0.232126665665661,-1.14630300480438,-1.31251205967852,-0.608378879132703
0.52778978247955,2.17620006657976,-0.498312632872396,-0.890521483310916,-1.07255065644246,-0.630921203969623,-0.194720028513898,-0.961579115182608,-1.10100399259405,-0.51034012982636
2.02431165788178,-0.740509208104279,-0.67585094442036,-0.909445838080176,-1.09534328919856,-0.644328827389306,-0.198857998197209,-0.98201350632921,-1.12440128344969,-0.521185300718719
2.76789241204782,-1.4380454649965,-1.32542349354424,-0.767111651877623,-0.923914943328488,-0.543487176954245,-0.167735428651981,-0.828322008264471,-0.948425172565769,-0.439616412795575
-1.35333637939615,2.68621508595747,0.0876846771021315,0.0555324437928692,0.0668836857505668,0.0393439091069516,0.012142636917181,0.0599635597422543,0.0686580205871426,0.0318245377634905
-1.39188960206956,1.12745571367081,0.289295736597832,0.526241949300155,0.633809693249568,0.372834581146039,0.115067237897459,0.568232521576733,0.650623817738552,0.301578782498785
-0.042212193658352,-2.65375945370193,0.603048787277649,0.578304624319533,0.696514363843898,0.40972021076946,0.126451180625704,0.624449448307174,0.714991959479888,0.331414864868984
-2.57689977934126,1.16783619274809,0.907315344948501,1.03493088426297,1.24647840629498,0.733233113138235,0.22629636125605,1.11751141619263,1.27954581330925,0.593098282000313
1.18722594569339,-2.30091566768905,-0.228216431773389,0.0483474887525617,0.0582300727952229,0.0342534755020885,0.0105715859357739,0.052205293558042,0.0597748388399984,0.0277069830982912
0.662684910157962,-2.1725689259801,0.473331363043083,-0.103353025480185,-0.12447914778198,-0.0732240788031557,-0.0225990101818498,-0.11159990259099,-0.12778141328751,-0.0592295609145786
-2.10625347388227,1.4099963303391,0.729951526481245,0.680997270075481,0.820198145405066,0.482476420376306,0.148905793214522,0.735336277308343,0.841956906543237,0.390265975313228
-1.07215193958655,-0.490330149759345,0.306413108146157,0.859186234108569,1.03481025070086,0.608720646741145,0.18786831215161,0.927743523603174,1.06226238430354,0.49238252246285
1.01770020686599,1.24913612900981,-0.64780526667269,-0.835877919979473,-1.00673754488945,-0.592207053427083,-0.182771752801964,-0.902575362591129,-1.0334449471078,-0.47902499175573
-1.70776580876677,-0.977112033558466,1.16975707802296,0.910426470723711,1.0965243704024,0.645023591007821,0.199072421790451,0.983072386869838,1.12561369716012,0.521747281760157
-1.95462920554905,0.167981471044677,1.33204782868844,0.555854850694172,0.669475690560753,0.39381488061179,0.121542348393821,0.600208333563412,0.687235986314078,0.318549346629107
0.620384807210475,2.05772804209354,-0.920132518851431,-0.594129278118797,-0.715573693841498,-0.420931742231131,-0.129911374564607,-0.641536803170071,-0.734556908041972,-0.340483658857365
-1.63223374803724,-1.07273832687662,1.33732536266066,0.751725165879736,0.905383345869412,0.532586080852041,0.164371043796157,0.811707784049902,0.929401956581487,0.43079872404927
-0.946392987388159,2.76848531188744,-0.121586584232916,-0.158205376571381,-0.190543724856011,-0.112086152362968,-0.0345929390973221,-0.17082910280282,-0.195598595339133,-0.0906643510928954
-2.22834885293575,-0.379406037070955,1.58377445598271,0.800857601533133,0.964558814513631,0.567395679539262,0.1751142649881,0.864760657998217,0.990147271359451,0.458955544586396
1.57049393057427,0.702718795871551,-1.20004824211364,-0.665203201712482,-0.801175652732963,-0.471286558240568,-0.145452287039062,-0.718281948394052,-0.822429772551687,-0.381214709229347
1.32762718309305,1.99866398678273,-0.979887484704853,-1.12606230730159,-1.35623776576512,-0.797798368688523,-0.246223015048406,-1.21591451457158,-1.3922169419644,-0.64532388591486
1.49013103650957,1.30370037517172,-1.0993312949824,-0.905270285659902,-1.09031422300161,-0.641370510706767,-0.197944978464868,-0.977504772877033,-1.1192388028446,-0.518792374771176
2.04038340039604,-1.25490639342888,-0.960886389624587,-0.503680765279138,-0.606636836462449,-0.356850318382835,-0.11013404484349,-0.543871106636194,-0.622730101359656,-0.288649417179585
-1.3772946295536,2.92717613937444,-0.0758778558146793,0.111727860641273,0.134565861149326,0.0791575247468011,0.0244302384811414,0.120642993336041,0.138135713686184,0.0640290121838428
0.29378097747922,-2.17782396561502,0.599827601402136,0.113346445776881,0.136515297049795,0.0803042682017581,0.0247841557640643,0.122390730691865,0.140136865516943,0.0649565910954377
1.98144471612293,-1.67943160072684,-0.630827616101286,-0.549458845056176,-0.661772294096765,-0.389283405904725,-0.120143807849269,-0.593301969643677,-0.679328229032462,-0.314883923156639
-2.00003744174755,1.59183538682666,0.43334015119394,0.753158522822765,0.907109691565697,0.533601592892079,0.164684459373488,0.813255513247737,0.93117409992296,0.431620152372002
-1.79412908841942,1.08601501041595,0.919112525951992,0.391536665444731,0.471569653752441,0.277397894368814,0.0856127921542982,0.422778661015688,0.484079766721475,0.224381866602403
0.417860425769186,2.33135979525162,-0.682089279673665,-0.712652072327927,-0.858323423202057,-0.504903376180089,-0.155827382544721,-0.769516920124525,-0.881093597030634,-0.408406712166739
-0.100180461411247,2.42035913971513,-0.357550503634222,-0.560043530059607,-0.674520566947475,-0.39678249753941,-0.122458238443369,-0.604731241402787,-0.692414696532156,-0.320949795367535
1.51593463773091,-0.566924961052881,-0.649145603272656,-0.564481864527469,-0.679866129784789,-0.399926991387747,-0.123428717685401,-0.609523725144587,-0.697902070010688,-0.323493316473977
-1.17262585978606,-2.61325140778581,1.33502972186482,0.951420806469919,1.1458982513688,0.67406746715191,0.208036178841805,1.02733779520988,1.1762974012326,0.545240319288102
0.00737564213795138,-2.10302411056892,0.25108244783287,0.600938908620275,0.72377526314821,0.425756263991804,0.131400357671996,0.648889796438674,0.742976054026347,0.344386122502905
1.73714747398609,-1.635113543074,-0.867416681619288,-0.1737156546364,-0.209224418395701,-0.123074953300484,-0.0379843921320654,-0.187576996859846,-0.214774862723877,-0.0995529826078984
1.84837985087291,-0.979348531142085,-0.538757762402943,-0.775828050935343,-0.934413038777476,-0.549662615830048,-0.169641342776307,-0.837733917410491,-0.959201768463167,-0.444611607532704
-1.04863358383077,-1.70312919096308,0.64049144002179,1.04135899334268,1.25422046838145,0.737787332655478,0.227701921488733,1.12445244519306,1.28749326196066,0.596782103315977
-2.39469248555093,2.4739143798738,0.48156915735416,0.713909387054441,0.859837742351623,0.505794164932396,0.156102305007555,0.770874560119613,0.88264808904434,0.409127254200577
0.589410575625721,2.21753358759204,-0.784082670568633,-0.735241629568661,-0.885530452904714,-0.52090774094676,-0.160766779642339,-0.793908972277105,-0.909022392886868,-0.421352337613184
0.0585714104273246,2.52232957593381,-0.797954350128007,-0.389588109054947,-0.469222798034589,-0.276017371196173,-0.0851867238753286,-0.420674622916342,-0.481670652056469,-0.2232651877355
-1.137468784353,3.45202296867173,-0.152753597492361,-0.232573190667337,-0.280112869813921,-0.164774640721005,-0.0508540884942367,-0.251130968862896,-0.287543890062081,-0.133283064523059
-1.43926066079151,-1.35650522002637,1.02209814260645,0.942593717939492,1.13526684070077,0.667813606433741,0.206106061531272,1.01780636431484,1.16538395344149,0.540181690618238
1.62232973520838,-1.79897455249227,0.0564754499231041,-0.735933383903175,-0.886363606938036,-0.521397838587033,-0.160918037558364,-0.794655923960328,-0.909877649383727,-0.42174876824793
1.24258753585468,-2.68167310263497,-0.177286256928118,0.106943154147639,0.128803125284099,0.0757676314784423,0.023384022076112,0.11547649940773,0.132220100136587,0.0612869921664667
1.68344760459152,-1.634785317698,-0.456660411207863,-0.449380022388622,-0.541236620382313,-0.318379051015366,-0.0982607297105913,-0.48523752925377,-0.555594904911612,-0.257530742677334
1.81522593663282,0.458717442889558,-0.975155095251198,-0.955873673612721,-1.15126131746722,-0.677222257183935,-0.209009835775707,-1.03214597123645,-1.18180274231038,-0.547792168781175
2.28964107227679,-0.465251288907923,-1.36048850114334,-0.70482552052399,-0.848897066362485,-0.499358380826679,-0.15411604102294,-0.761065862065173,-0.871417171536281,-0.403921471171919
2.22926693709132,-1.15192396889109,-0.642751836345937,-0.952362839289916,-1.14703284265987,-0.674734883370508,-0.208242162258273,-1.02835499592036,-1.17746209171499,-0.545780179539278
1.95659334010786,-1.84699932816172,-1.05229426813934,-0.134742892394326,-0.162285335499349,-0.0954633318667464,-0.0294626691671938,-0.145494470008698,-0.16659054866173,-0.0772184686011565
1.60290381616113,0.707348854700141,-0.917842284730158,-0.915193669235127,-1.10226601952444,-0.648401080131612,-0.200114809927594,-0.988219975796569,-1.1315076645634,-0.524479268301547
-1.48980066872694,-1.04652389957432,1.01178739333785,0.875179796616198,1.05407301559524,0.620051847506297,0.191365439403325,0.945013264954641,1.08203616461846,0.501548114668648
-0.396481021894205,2.80054829447794,-0.478363466730164,-0.358955581487819,-0.43232875542434,-0.254314681777127,-0.0784886635218072,-0.387597825437755,-0.443797859780575,-0.205710296148388
2.09658386423288,-0.609672962360091,-0.842436217500786,-0.890614748861904,-1.07266298616141,-0.630987281223031,-0.194740421812755,-0.961679822698009,-1.10111930227038,-0.510393578456506
-1.98440064900253,0.353300402119312,0.936609559784562,0.819566547202814,0.987092006958082,0.580650688821049,0.179205133656109,0.884962451846204,1.01327823929855,0.469677268813059
1.4119018438073,-0.522389966673902,-0.544491097378878,-0.574894185881277,-0.692406806581934,-0.407303965944541,-0.125705459514661,-0.620766879792767,-0.710775434210833,-0.329460410509418
-0.535705819548789,-2.8063185101,1.07057833181282,0.690531277095157,0.831680973926464,0.489231122312462,0.150990484211331,0.745631034039017,0.853744359166003,0.395729724892965
1.55694476880659,-1.5152039508613,-0.666298971752018,-0.223604810550061,-0.269311286514384,-0.158420677018511,-0.0488930765872956,-0.241446972261569,-0.276455755186872,-0.128143464458201
-1.12923186057944,2.29331413455173,0.316904572501627,-0.164093051237322,-0.197634883740124,-0.116257482149427,-0.0358803287901232,-0.177186574353881,-0.202877873195736,-0.0940384602072762
-1.96641812185699,2.03720012718072,0.721009576895041,0.329468027163899,0.396813727050835,0.233423188843125,0.07204096121887,0.355757362375289,0.407340665146973,0.188811565927999
1.62266624768214,-2.92648181479453,-0.0141793107263898,-0.250163443541822,-0.301298700387456,-0.177237072823641,-0.0547003455531363,-0.270124805745976,-0.309291752419699,-0.143363688184453
-0.392341162425715,3.19754884054733,-0.48559695609699,-0.508508107331245,-0.612450922909426,-0.360270418309189,-0.111189583872754,-0.54908363815412,-0.62869842775334,-0.291415870786554
-0.255378719994351,2.73921456761019,-0.488781877981709,-0.447324918209519,-0.5387614377195,-0.316923040321338,-0.0978113638593981,-0.483018441567304,-0.55305405895922,-0.256353003393976
-0.137905919145798,-2.73990430643897,0.292445220125151,0.93544388346932,1.12665552721967,0.662748055229594,0.204542689958556,1.01008602108632,1.15654419331714,0.536084262852455
1.25942662079531,-2.94635391768839,0.00903583372792405,0.048066043397121,0.0578910979289365,0.0340540756607213,0.0105100455365095,0.0519013907539786,0.059426871423328,0.0275456923692898
-0.82694203483767,-1.99614916302714,0.884273193542326,0.774234780666706,0.932494092289893,0.548533807581201,0.169292960802426,0.836013514877959,0.957231914888688,0.443698536067296
-1.00232317144677,-2.09774583804106,1.08845301768934,0.802487455289671,0.966521822424435,0.568550406644268,0.175470646249973,0.866520563135218,0.99216235524785,0.459889581320262
0.186629887257507,1.98465627499486,-0.758884841820781,-0.323561796633767,-0.389700219346741,-0.229238712503331,-0.0707495141299564,-0.349379854326732,-0.400038445586049,-0.185426822817339
-0.6844479816808,-2.12775111031481,0.610054859677088,0.917808260595704,1.10541505268385,0.650253479158495,0.200686512366923,0.991043193982973,1.13474023736591,0.525977638547976
1.17563552842234,1.50721871436296,-1.24272157300795,-0.603556670137345,-0.726928114467535,-0.427610909027334,-0.131972753292764,-0.651716437738763,-0.746212546279446,-0.345886309502897
1.93456059078598,-0.0943369829869355,-1.007770896385,-0.820500267331831,-0.988216586382699,-0.58131221562193,-0.179409299432627,-0.885970676568813,-1.01443265231304,-0.470212365226559
0.284275154483331,-2.14110409010825,0.186797399336262,0.430364325543305,0.518333974554695,0.304906713095608,0.0941027873124304,0.464704507547077,0.532084682484624,0.246633225460011
-1.43476086820942,-0.735833716793985,0.885788971654508,0.808203252360228,0.973405970662302,0.572599963715024,0.17672045345779,0.872692442413453,0.999229130742297,0.463165190807193
-1.34733162862462,-2.09428498597329,1.38908956644388,0.859374879389448,1.03503745647145,0.608854299112217,0.187909561032361,0.927947221510154,1.06249561753971,0.492490631316976
-2.32524738256733,1.19009078225326,0.991141502253463,0.746950745960577,0.899632999230512,0.529203475468449,0.163327076637342,0.806552397495604,0.923499060927841,0.428062599062897
-2.13614256701408,0.569685385760254,0.905244828210041,0.89040942543277,1.07241569310579,0.630841812632391,0.194695526114308,0.961458115838588,1.10086544886035,0.510275911687715
1.63103576324104,-1.23812147137517,-0.622673582531875,-0.426572257634159,-0.513766779937325,-0.302220089476065,-0.09327361970083,-0.460609858093778,-0.527396326295129,-0.244460066849766
0.825017998747121,1.21724871731765,-0.537720858487023,-0.745975231575785,-0.898458082495334,-0.528512338060002,-0.163113772194516,-0.805499043616382,-0.922292975221189,-0.427503551193629
2.31052781284708,-0.280730050422605,-1.3829139671721,-0.775549298866224,-0.934077307725142,-0.549465124141915,-0.169580391286798,-0.837432922798904,-0.958857130914499,-0.444451860272464
-1.27910908698157,0.114743128424693,0.432690737541071,0.705186310414611,0.849331604373387,0.49961399508915,0.154194930773615,0.76145544056529,0.871863237260136,0.404128232674106
0.148035022407138,2.36122936873367,-0.765998317081243,-0.42907433050889,-0.516780295000749,-0.303992770832023,-0.0938207190248127,-0.463311579575063,-0.53048978588759,-0.245893954992451
1.49217661709963,-0.650002190090131,-0.636261512038579,-0.522616988716524,-0.629443763930158,-0.370266350577066,-0.114274609711128,-0.564318313490904,-0.646142066146513,-0.299501389769316
-2.04058783487109,0.36480871968577,0.965284418442714,0.840511821292663,1.01231864988073,0.595490103471788,0.183784994383156,0.907579018098703,1.039174111359,0.48168058832706
-2.07935610515446,0.922837480487493,1.33355161262093,0.372287187541145,0.448385440290341,0.263759926052134,0.0814037315572106,0.401993204092809,0.460280507046793,0.213350374115684
1.10459386006718,-2.23392620570792,-0.0907644349741201,-0.0144830087192293,-0.0174434427469594,-0.0102609959102451,-0.00316683193345348,-0.0156386555186072,-0.0179061939812614,-0.0082999239081436
-1.83767686537824,-1.38464831504829,1.42159341460613,0.979656349356401,1.1799053479133,0.694071928634907,0.214210118290766,1.05782634473318,1.21120666062014,0.561421546684021
-2.20774020953813,1.24080714262382,1.15787731438894,0.497301519313978,0.598953625472297,0.35233071765429,0.10873916894267,0.536982839698596,0.614843065045532,0.284993598341897
-0.347504590420645,2.41107080163997,-0.463193546777707,-0.263637482654057,-0.317526932682345,-0.186783228798922,-0.0576465577774356,-0.284673982661178,-0.325950498038932,-0.151085391701652
-0.819171223721848,-2.44557455872,0.910244158587638,0.919041313092012,1.10690015022403,0.651127078482159,0.200956129688616,0.992374635784878,1.13626473255997,0.526684276380799
-2.18368639800361,0.143977377524751,1.29491236965282,0.788785702477626,0.950019330066437,0.558842918905141,0.172474642505815,0.851725502496735,0.975222073812403,0.452037379615986
-1.79900203765666,2.23883271699507,0.45288439434574,0.319765644574182,0.385128105748397,0.226549195324048,0.0699194534844374,0.345280794835227,0.395345039921586,0.183251323661803
0.692661027918631,-2.72740519954506,0.230709914491881,0.272877826984461,0.328656071690291,0.193329875094705,0.0596670369519581,0.294651644392793,0.337374878237929,0.156380849041643
-1.04764648179024,-1.22360324565028,0.427700677704377,1.02368924920412,1.23293889794193,0.725268582176501,0.223838282994912,1.10537277417705,1.26564711988631,0.586655924793988
-0.668048959518252,1.98983708505322,0.0043802798765312,-0.195811850466954,-0.235837239969447,-0.138729778858122,-0.0428159115988135,-0.211436320676099,-0.242093686903311,-0.11221587245409
-0.644398454600366,3.63846096232652,-0.418904418641042,-0.514852011686063,-0.620091568202867,-0.364764980033325,-0.11257673203258,-0.555933743458294,-0.636541769159681,-0.295051436051085
0.557117363122179,-2.89347228787387,0.208716842528621,0.468753084926383,0.564569680091241,0.3321045772042,0.102496813129634,0.506156432034394,0.579546959525214,0.268633059057054
-0.781844961916618,2.19660285627232,-0.171238694084968,-0.0407523539760483,-0.049082436333909,-0.0288724356649662,-0.00891084569764848,-0.0440041180502497,-0.0503845278032106,-0.0233543625938612
-0.468960499756501,2.14608462786594,-0.469347120897183,-0.0543279703109796,-0.0654330089865823,-0.0384905575892343,-0.0118792686378827,-0.0586629773681266,-0.0671688593064921,-0.0311342779947599
0.606919273773012,2.48838546453526,-1.3912095055355,-0.378874908190765,-0.456319739731316,-0.268427227988771,-0.0828441922050171,-0.409106580594159,-0.468425292852924,-0.217125665643843
-1.51627553955308,-0.979615937023273,1.07438178833561,0.823175848169786,0.991439075719446,0.583207824784917,0.179994337735264,0.888859750783165,1.01774062998713,0.471745687328038
-0.272425946879278,2.84025360884307,-0.500022262657521,-0.462649598089728,-0.557218595433628,-0.327780347709951,-0.101162234286629,-0.499565927951215,-0.572000860411561,-0.265135272284936
1.69296095835124,-3.60069987194344,-0.057684488686555,-0.0182910805308806,-0.0220299125827922,-0.0129589580562869,-0.003999498933233,-0.0197505858783165,-0.0226143367350158,-0.0104822540362397
2.00015763464977,-0.527447656474221,-0.890209386846188,-0.802704260353322,-0.966782944045526,-0.568704009801911,-0.175518052504585,-0.866754667786459,-0.99243040407673,-0.46001382798517
2.37968334795379,0.602827944561965,-1.54212220247729,-1.04744366980161,-1.26154889768109,-0.742098235277342,-0.229032387284094,-1.13102263795673,-1.29501610469996,-0.600269110235175
-1.45245276154658,-2.11934610818638,1.1710093380407,1.12884072298401,1.3595841101486,0.799766834806783,0.246830539056578,1.21891462916014,1.39565206039417,0.646916140618032
-1.31368225359335,-1.47278250033696,1.01347409379814,0.887011443407015,1.06832313843911,0.628434392990154,0.193952528702854,0.957788997674718,1.09666432418539,0.508328595850118
2.04897460636844,-0.84992683209528,-1.33268247724744,-0.374997865899247,-0.451650201339764,-0.265680401285264,-0.0819964442284639,-0.404920176373632,-0.463631877845634,-0.214903809907091
2.08302632395272,-1.73471465241378,-0.953454442654766,-0.362413515979942,-0.436493517284629,-0.256764576848616,-0.0792447700453712,-0.39133167987205,-0.448073107209532,-0.207691969550673
1.73975635480093,-1.77262112570602,-0.444241351534383,-0.454293546037229,-0.547154504581092,-0.32186020931891,-0.0993351130723528,-0.490543119080632,-0.561669782672796,-0.26034658524119
1.61798682396637,-0.560566220693532,-0.606727745210077,-0.686834374094875,-0.827228396628706,-0.486611921613086,-0.150182125209197,-0.741639143014995,-0.849173660940498,-0.393611103397047
0.204339779836455,2.4188264214675,-0.777017096826088,-0.490330032157661,-0.590557114814196,-0.347391522864997,-0.107214794513414,-0.529455074701445,-0.606223806176126,-0.280998377870393
-1.19083325438114,-1.56239194176472,0.937279364776586,0.876396565898859,1.05553850151255,0.620913910415678,0.191631496263103,0.946327124251839,1.08354052791949,0.502245420915964
1.59105152251814,0.702453831164706,-0.988690486501087,-0.847848259985777,-1.02115471086715,-0.600687860987867,-0.185389168542102,-0.915500855313553,-1.04824458123976,-0.485884955257307
-0.0432781019414371,-2.42121159742188,0.468012198419087,0.595948134092229,0.717764337419265,0.422220374591058,0.130309082754299,0.643500791631162,0.736805666467491,0.341526008998279
-0.30878607109245,-2.03578430361885,0.661371064800064,0.52319255423831,0.630136979298666,0.370674130174497,0.114400461963896,0.564939805274697,0.646853671592717,0.299831234909065
0.0738246587994048,-2.00321576741811,0.411291353531572,0.381040352738462,0.458927817149602,0.269961413190101,0.0833176849078603,0.411444813069371,0.471102559081125,0.218366638795321
0.600885491199958,-2.70546844259123,0.32455358328617,0.26913364685173,0.324146553464779,0.190677179251322,0.058848340406316,0.290608703838759,0.332745728517922,0.154235133962511
1.4387553053261,0.0835326037273319,-0.439430243903307,-0.911390359932599,-1.09768528568979,-0.645706492152332,-0.199283184290578,-0.984113187962216,-1.12680540997929,-0.522299667472597
1.40501366748814,-0.095150706235544,-0.445856189454354,-0.809409014910467,-0.974858199989734,-0.573454228518462,-0.176984103602749,-0.873994416714924,-1.00071988577383,-0.463856189315326
-1.36060627105771,-1.99779307192235,1.61550477462757,0.656746737715758,0.790990624992648,0.465295279482977,0.143603209906811,0.70915071538066,0.811974549631063,0.376368478099791
1.56928669643583,0.461290664993584,-1.19827876121932,-0.573313604521089,-0.690503142709472,-0.40618414759829,-0.125359852077567,-0.619060178658334,-0.708821268678839,-0.328554610804777
-2.13961502292246,2.29790773168759,0.743859631794022,0.359221560786081,0.432649102857049,0.254503124147396,0.0785468221373063,0.387885028097178,0.444126705602738,0.205862723587983
0.5452722916932,-2.84198610641112,0.382600761176769,0.323182472213478,0.389243358211316,0.228969966802717,0.0706665716481421,0.348970262365993,0.399569464534998,0.185209439545262
-0.283909091963053,2.71920916857957,-0.677462569435685,-0.267889367466819,-0.322647934176986,-0.189795625844341,-0.058576268230799,-0.289265139317964,-0.331207352862351,-0.153522062223383
1.51483887672433,-2.2773833075795,0.273946452285372,-0.631811485696787,-0.760958423161794,-0.447629024912,-0.138150906874117,-0.682225797764849,-0.78114563360407,-0.362078581683927
-2.23527107746953,2.21561742305515,0.912971411446093,0.339744605962942,0.409190914511733,0.240703991822155,0.0742880217943601,0.366853943124748,0.420046202857177,0.194700868608239
2.20630020158022,-1.51855137977243,-0.647150309230524,-0.789315277228499,-0.950657153810534,-0.55921811472655,-0.172590438488869,-0.85229733375506,-0.975876818168396,-0.452340868360703
-1.44189501004572,0.752288686835353,0.235268885044282,0.75434464842318,0.908538270005622,0.534441945209117,0.164943815733848,0.814536283702708,0.932640576640534,0.432299897335207
0.514422516200157,2.60050704018417,-0.900590564974164,-0.726721348684689,-0.87526856363372,-0.514871248875296,-0.15890374840978,-0.784708830217582,-0.89848826940183,-0.416469534296282
1.81754470262283,-0.708255001219727,-0.670857779728967,-0.749901853625444,-0.903187335114041,-0.531294291283514,-0.163972361203093,-0.809738983726675,-0.927147688594311,-0.429753820102529
-1.00740333242741,2.55343454996211,-0.438219557257892,0.223417746424327,0.269085985098739,0.158288144872303,0.0488521734394442,0.241244981675294,0.276224476825639,0.128036261732605
-2.07886556822834,0.40688087226234,0.962533469179353,0.85912747401752,1.0347394796129,0.608679016092043,0.187855463762414,0.927680074851609,1.06218973575316,0.492348848224714
-0.23259963672539,2.07567777761579,0.0172714063130215,-0.608865714373386,-0.733322366585155,-0.431372287774624,-0.133133620564803,-0.657449108038841,-0.752776429364002,-0.348928817039718
-1.92211256938589,-0.580145118700433,0.841933171887215,1.19730634297837,1.44204460890677,0.848273706574505,0.2618011239637,1.29284334568007,1.48030012602976,0.686152424134351
-1.37166010657525,-0.212544160999554,0.469417368834647,0.8801983674875,1.06011741944545,0.623607430202131,0.192462792225769,0.950432284066865,1.08824091842841,0.504424157704107
1.6348936043494,-1.94612868166826,-0.643563916581461,-0.142995120743197,-0.172224380315862,-0.101309912710529,-0.0312670884535441,-0.154405170741587,-0.17679326306018,-0.0819476563477136
-2.44253883679625,0.238818208784603,1.22543766784697,1.02692368684156,1.23683447853855,0.727560133056095,0.224545520047349,1.1088652982091,1.26964604503225,0.588509516599173
-1.3328076737156,3.31448878801411,-0.110211634352857,-0.047231088491501,-0.0568854720693636,-0.0334625225492169,-0.0103274756085773,-0.050999812056092,-0.0583945676530632,-0.0270671963386843
1.31032938812658,0.428463580496107,-0.638312455589248,-0.778494766506177,-0.937624850720978,-0.551551944083354,-0.170224442613562,-0.840613418968962,-0.96249878548704,-0.446139849126124
-0.762507157741506,-2.11828207857056,1.27859514885711,0.457785973843818,0.551360810444269,0.324334542389818,0.100098761849869,0.494314219164163,0.56598767621154,0.262348026075158
-0.627630872603335,-1.96664060795355,0.717229673300293,0.724144700522456,0.872165229542834,0.513045732039163,0.158340342570591,0.781926582841847,0.895302608003094,0.414992908541289
0.690564612383773,2.32065697280028,-1.08492149457526,-0.625395174217989,-0.753230570193061,-0.443083163819243,-0.136747926286315,-0.675297507734629,-0.773212771019307,-0.358401521338429
-1.59322128981604,1.81229222866349,0.254808473779614,0.462692631700985,0.557270425433091,0.327810836382413,0.10117164394846,0.499612395355551,0.572054065391673,0.265159933990653
-1.46094277598027,-0.213111072714497,0.640713917740707,0.822369445832176,0.99046783878382,0.582636500742473,0.179818011066996,0.887989002956401,1.01674362743303,0.471283554205614
2.08679195007812,-1.729870071227,-1.04083442320633,-0.299139319146831,-0.360285606952242,-0.211935751049004,-0.0654093335708581,-0.323008627205806,-0.369843502818153,-0.171430787275305
0.632191444022078,2.03443973651711,-0.851358837741799,-0.649045179449504,-0.781714811293703,-0.459838840188867,-0.141919199275612,-0.700834624503596,-0.802452660985755,-0.371954868412519
2.09635305721836,-0.972790967655638,-0.868447266953215,-0.731336012325713,-0.880826498630458,-0.518140669315873,-0.159912783511798,-0.789691713015989,-0.904193648989481,-0.419114106140758
1.42238878468131,-0.668899228376041,-0.292682850310293,-0.724729991555862,-0.872870158389419,-0.513460402016686,-0.158468321388451,-0.782558576167751,-0.896026237670301,-0.415328327178091
0.959760733562668,-2.78879123079465,0.238913233524364,0.0628570510335205,0.0757054968481898,0.044533284215225,0.013744224029319,0.0678726214342187,0.0777138625485934,0.0360221243239217
-2.45867034051193,1.19865870225537,1.32116881003535,0.599036259740089,0.721483698774226,0.424408265605785,0.130984327456954,0.646835328959787,0.740623697510701,0.343295752315633
-1.81233370586812,2.07177608251979,0.441936065569817,0.403490336246549,0.485966743217054,0.285866892046556,0.0882265630323705,0.435686154443091,0.498858791737272,0.23123227731481
-1.99355743814114,-0.0953433032908815,1.18852468686772,0.801788443058873,0.965679926927186,0.568055166892606,0.175317801333748,0.865765774424346,0.991298125387702,0.459488991329676
0.53354572854431,-2.62534664785072,0.620874152963998,0.0640588307767168,0.0771529292533823,0.0453847272592094,0.0140070032999465,0.0691702951274019,0.0791996934019472,0.0367108403646456
-0.225685083746533,3.52564347133079,-1.00092902922904,-0.372581734622729,-0.448740194972432,-0.263968608271285,-0.0814681367593306,-0.402311254052745,-0.460644672896701,-0.213519173183054
1.10892255126152,0.739879867278143,-0.303691906225626,-0.98792285272815,-1.18986158567287,-0.699928623119729,-0.216017658931193,-1.06675245953987,-1.22142702406746,-0.566158915161942
0.162012411234071,-3.2314255675101,0.80788449259636,0.46524282121528,0.560341892532842,0.329617607660663,0.101729264381258,0.502366072860991,0.575207014410569,0.266621396821362
-2.33103289047666,1.23275867007731,0.629032053510176,1.01871605152583,1.22694914190074,0.721745145711948,0.222750851403569,1.10000274873382,1.25949846361875,0.583805884231963
1.38591433132304,1.30638146083274,-0.97663364414923,-0.913643119419473,-1.10039852586618,-0.647302538687255,-0.199775769140848,-0.986545702522172,-1.12959062879308,-0.523590679077083
-1.44147964336445,-1.34287427555967,1.50756536178356,0.559662777430505,0.674061985666799,0.396512739974129,0.12237498367166,0.604320107271767,0.691943949702699,0.320731593617427
-0.333830476280909,-1.61848586209333,0.285449636016495,0.678987933865819,0.817778086022923,0.481052835606777,0.148466434915624,0.73316660956781,0.839472646218515,0.389114464741814
1.39852924526625,-1.6965858286566,-0.154527837825685,-0.419809296610932,-0.505621419695158,-0.297428632345453,-0.0917948412682368,-0.453307258214267,-0.519034880526694,-0.240584348552919
-1.25052977174819,2.75436672507265,0.0201462344116467,-0.00509189831732145,-0.00613271996816573,-0.00360753409890925,-0.00111338648659253,-0.00549819759582413,-0.00629541283654414,-0.00291806553466067
1.88374755765158,-1.60594248074858,-0.512387650508284,-0.587099610039081,-0.707107109649233,-0.415951327124387,-0.128374278386044,-0.633946214802692,-0.725865716681149,-0.336455096057172
-1.44685105365001,2.56750099336695,0.197651737116898,0.094400187943599,0.113696284081502,0.0668811267875272,0.0206413967911847,0.101932688763877,0.116712494617318,0.054098867993226
-1.01880568924122,2.10444645297781,-0.0326986728247654,0.0875688042824994,0.105468515108562,0.0620411932373395,0.0191476571720875,0.0945562065796515,0.108266453924567,0.0501839380450598
1.14887197604106,0.591499440861871,-0.371001754062852,-0.912556667600743,-1.09908999526561,-0.646532803759604,-0.199538207293002,-0.985372559147059,-1.12824738462368,-0.522968055173436
-1.91027174171201,-0.75788734660379,1.65174865408078,0.621921936843419,0.749047377428048,0.440622426883522,0.135988473658516,0.671547129350673,0.768918603738345,0.356411078158928
1.97841157465313,0.435813353318757,-0.895617367660618,-1.14804038583789,-1.38270832599664,-0.813369509902886,-0.251028707173156,-1.239646296127,-1.41938973079824,-0.657919085091689
-1.59537906247976,1.85098695895129,0.379666005911802,0.352110305561605,0.424084254504617,0.249464905764073,0.0769918862418452,0.380206342478987,0.435334643264845,0.20178740481971
0.203020157507327,-2.80249071189808,0.4757902037043,0.526170755443715,0.63372394684267,0.372784141359395,0.115051670760657,0.568155646928827,0.650535796594023,0.301537982717286
2.09996914806494,-0.604696650132513,-0.570484352297744,-1.10804559264145,-1.33453830146491,-0.785033794764159,-0.242283508525434,-1.1964601871173,-1.36994181986347,-0.634998865495905
-0.456808569061698,-1.56538134694219,0.503584384993724,0.592671268607253,0.713817656409485,0.419898764213574,0.129592568495375,0.63996245429437,0.732754285282685,0.339648102638504
-1.19435401624481,2.69954011099183,0.0951788963775104,-0.0905696853713258,-0.109082798471788,-0.0641672727817574,-0.0198038251165267,-0.0977965378195375,-0.11197661939729,-0.0519036832428637
-0.0854537283970736,-2.31954556568938,0.798223878354795,0.334748494178719,0.403173560552001,0.237164321054922,0.0731955798406125,0.361459175183874,0.413869216535159,0.191837696428375
-1.50860009011122,0.998081195010772,0.337231729837701,0.637406588823963,0.76769720672219,0.451593072121964,0.139374323333888,0.688267352533838,0.788063188090338,0.365285023875191
-1.57074267942038,2.50969682390152,0.218800488605954,0.205269452159392,0.24722804535,0.145430348758214,0.0448838959268027,0.221648575447711,0.253786675134235,0.117635835662187
-1.02816999651613,-1.24745775624999,0.707282152811533,0.797629285400118,0.960670606702186,0.565108465654355,0.174408366454204,0.861274743925518,0.98615591458882,0.457105460893503
0.548528225356059,-1.89789800516574,-0.0238161800766193,0.277485216463725,0.334205245632841,0.196594141900045,0.0606744814971939,0.299626672600199,0.343071264352327,0.15902125220886
1.1405304715226,2.24727950220441,-1.16062485135253,-0.920677976646594,-1.10887135990593,-0.652286630227627,-0.20131399997023,-0.994141894096058,-1.13828823580149,-0.527622215674326
0.981770989664056,-3.2613207593488,0.190589450470488,0.262480945289964,0.316133990532935,0.185963839306513,0.0573936711343461,0.283425161385014,0.324520602995056,0.150422603167516
-1.80488015355593,1.33559256785837,0.350409583217372,0.750010252851464,0.90331789194305,0.531371090520222,0.163996063607557,0.809856032482708,0.927281708921589,0.429815941540492
-0.0681698746519328,-3.01902176091583,0.405219180137881,0.894625862428014,1.07749400098702,0.633829095427198,0.195617485603582,0.966010996180155,1.10607847746582,0.512692267771071
1.35247187894202,-1.70761381825234,0.151397974438788,-0.615659726256414,-0.741505124712368,-0.436185743976811,-0.134619188529619,-0.664785236428167,-0.761176265133415,-0.352822329966027
1.82498510377153,-0.783856149970124,-0.662839775761572,-0.733610227663276,-0.883565580391997,-0.51975191700136,-0.160410059864672,-0.792147395459379,-0.907005394931157,-0.420417413666041
0.597575465083943,-2.79449767363871,0.281355422535868,0.339743182961313,0.409189200638054,0.240702983646701,0.0742877106430595,0.366852406577149,0.420044443516719,0.194700053114341
1.25198777078669,-1.2654352301222,-0.20575181986589,-0.419917971473944,-0.505752308503397,-0.297505626866862,-0.0918186039430526,-0.453424604601272,-0.519169241640169,-0.240646627952953
0.186787042828047,-2.69024433327926,0.395426856448598,0.55992221442106,0.674374453495751,0.396696547216855,0.122431711756434,0.604600245591278,0.692264706885744,0.320880271790748
0.642767886142162,-2.46237073391439,0.407662040269727,0.0756582689344842,0.091123378303328,0.0536027563859864,0.0165433182245772,0.0816952905254828,0.0935407598028022,0.043358247402305
-0.70993733925767,2.93979767965727,-0.34647613683041,-0.248821113869462,-0.299681988608758,-0.176286052248751,-0.0544068338558046,-0.268675367183492,-0.307632151437192,-0.142594425777986
1.64726906575305,-2.60637341998763,0.141164292791304,-0.51485836032154,-0.620099214546358,-0.364769477946978,-0.112578120215239,-0.555940598672232,-0.636549618350451,-0.295055074327661
2.26158254961265,0.669974343787337,-1.24978314500995,-1.20129551188716,-1.44684919342491,-0.851099973315892,-0.262673389370233,-1.29715082346866,-1.48523216975698,-0.688438537402772
1.85442572990993,-1.63396869441299,-0.276835943055066,-0.735653333550908,-0.886026312223882,-0.521199427084632,-0.160856802188302,-0.79435352747132,-0.909531406691381,-0.42158827696747
-2.1779783154236,2.41663427273485,0.313655310414206,0.682866548796251,0.822449518512407,0.483800776501526,0.149314526762932,0.737354711913272,0.844268005571625,0.391337221726614
1.78521391727357,0.582929780622161,-0.899197124631084,-1.03721564428348,-1.24923018815059,-0.734851831574496,-0.226795943292731,-1.11997848471383,-1.28237059626153,-0.594407632473425
1.85676693629755,0.0966615376760034,-0.78822222998087,-0.999021520521931,-1.20322890319519,-0.707791863904081,-0.218444476194754,-1.07873672646308,-1.23514895866695,-0.57251934067545
-2.23010216240138,1.70815711814152,0.803993769975431,0.614459990934672,0.740060154623485,0.435335749374969,0.134356856288974,0.663489770287536,0.759692961918334,0.352134785542529
1.16858098169075,-3.75742846855847,0.255159317873236,0.242741022668517,0.292359081827713,0.171978398213856,0.0530773706657495,0.262110125550581,0.300114977721531,0.139110046578834
0.0381045951145941,2.61271749978109,-0.751460994149155,-0.443080786489864,-0.5336497741075,-0.31391613622688,-0.0968833486851932,-0.478435656648369,-0.547806789739996,-0.253920776015524
-2.04439221668334,0.98935142311277,0.805844458069567,0.729788606520358,0.878962791641441,0.517044355355973,0.159574430189404,0.788020834622791,0.902280500343672,0.418227318685993
-0.0718983152935976,3.03669261804097,-0.312444158510797,-0.854850940274908,-1.02958879076496,-0.605649155647044,-0.186920363612774,-0.923062302445961,-1.05690240601062,-0.489898051892101
1.43765813110718,0.601669875162114,-0.718706892942551,-0.890052854315883,-1.07198623621716,-0.63058918730826,-0.19461755883407,-0.961073092742007,-1.10042459905415,-0.51007156788075
0.401622415073829,2.53458462048606,-0.918254534422836,-0.591829639153013,-0.712803991674222,-0.419302482283809,-0.129408539121127,-0.639053668463723,-0.731713729376097,-0.33916578155699
1.28877050960107,-2.39393799512466,0.278216106628722,-0.398435447568778,-0.479878597932305,-0.2822855787259,-0.087121269015419,-0.430227919607423,-0.49260913609095,-0.228335421267631
0.0825178187073566,-2.06481078860475,0.0696625521442923,0.664320285847643,0.800112262339623,0.470661025503978,0.145259230043135,0.717328581774602,0.821338171831739,0.380708727728023
0.226809114299756,2.58052411230403,-0.731702017043952,-0.606647988293778,-0.730651320903417,-0.429801061886823,-0.132648696064327,-0.655054422316697,-0.750034524408437,-0.347657882383343
-0.540544944300775,3.00397717074291,-0.407150858267456,-0.369899298098387,-0.445509448596329,-0.262068141956629,-0.0808815994030787,-0.399414777114288,-0.457328219135023,-0.211981922224218
0.75606598555131,-3.47444237889392,0.2642946739926,0.478150371700642,0.575887841738545,0.338762414883331,0.10455160909237,0.516303559162549,0.591165376881686,0.274018456986546
-1.75686087377288,-0.0668693017197223,0.631984789341883,1.0248774348395,1.23436995750319,0.726110393997621,0.224098089799281,1.10665576904393,1.26711614354605,0.58733685032221
1.23430387901324,-3.07863873767469,0.0344762402206745,0.100074374489516,0.120530316295946,0.070901203421488,0.0218821055070557,0.108059637277144,0.123727824577187,0.057350631317044
-0.617069087610657,-1.46131161076167,0.255009953425779,0.883516406522696,1.06411369018343,0.625958211426544,0.1931883094285,0.954015080326583,1.09234320489067,0.506325659805656
-2.12854727101198,-0.0988564433714662,1.31427276539838,0.819557282400612,0.987080848361833,0.580644124846716,0.179203107829015,0.884952447775028,1.01326678467965,0.4696719593394
-1.47594977164401,-0.400856105119862,0.565023078174098,0.966048270902182,1.16351567764423,0.684430807782743,0.211234597234527,1.04313243303697,1.19438219429292,0.553623027888952
2.00997624508261,-0.506983775398081,-0.82516635276494,-0.869730196296903,-1.04750947669208,-0.616190886868021,-0.190173838358938,-0.939128823140117,-1.07529850379608,-0.498425057239297
-1.956915575238,0.309634200323911,0.944543474401613,0.806681991413791,0.971573752734606,0.571522172998163,0.176387816929173,0.871049795063276,0.997348306520542,0.462293386450472
-2.35422797060091,1.96408026108297,0.736388722049134,0.675057326836195,0.813044033864892,0.478268059084327,0.147606974557588,0.728922366502922,0.834613005980702,0.386861912120246
1.16984231689494,-2.76162945249469,-0.0263051987683455,0.0812751884341195,0.097888437663962,0.0575822601708188,0.0177715050180758,0.0877604024668928,0.100485287151188,0.0465771921222127
-0.0787040538464313,-2.47745267649377,1.03547751806495,0.203825638160249,0.245489105098044,0.144407428049709,0.0445681938260105,0.220089554790935,0.252001603120352,0.116808414608819
0.42870565462404,1.7821152843467,-0.667666331918068,-0.523289416165016,-0.630253640519108,-0.370742755406523,-0.114421641640618,-0.565044396132438,-0.646973427679496,-0.299886744550524
0.856801630105601,-2.83603352323423,0.214226888363405,0.187736591721028,0.226111338650723,0.13300857834154,0.0410501882078206,0.202716710531594,0.23210977041492,0.107588102463124
0.121470956174504,-2.9859993446005,0.932707689973227,0.308327492006,0.371351910254628,0.218445434634665,0.0674184050134428,0.332929954533269,0.38120338036426,0.176696346183981
0.265345396108706,2.6797412972251,-0.755695402399686,-0.658555875032667,-0.793169563348667,-0.466577026319546,-0.143998793030336,-0.711104209701728,-0.814211292310938,-0.377405258672173
1.12132146418172,0.817416104973337,-0.819793553912093,-0.624525347751394,-0.752182944767711,-0.442466904726303,-0.136557731397644,-0.674358274959468,-0.77213735349089,-0.3579030411106
-1.51378431258823,-0.9392754225916,1.19965600699,0.70768675123796,0.852343153782064,0.501385520161018,0.154741673235807,0.764155399768457,0.874954679051655,0.405561185520641
-1.03838315523235,2.0079196585373,0.0437669517809995,0.0813014084916767,0.0979200172950793,0.0576008366909726,0.017777238254669,0.0877887147088975,0.100517704547733,0.0465922183150992
0.0914662598730669,-2.78597621319109,0.48700573448934,0.605922647110628,0.729777714621353,0.429287168464667,0.132490094100745,0.654271203779952,0.749137742518715,0.347242203794432
1.623339605263,-1.83708024689745,-0.139296538354776,-0.569149028281579,-0.685487296305763,-0.403233607376301,-0.124449232379668,-0.614563297212409,-0.703672358570444,-0.32616797508787
-2.24674116105016,1.6987231381969,0.712941184012293,0.70340759021534,0.847189300618668,0.498353798327275,0.153805998609247,0.759534790443507,0.869664101048595,0.403108883546171
2.05936042208796,0.391549084973084,-1.45663231627142,-0.761258728587878,-0.916865639258716,-0.539340468000095,-0.166455637640504,-0.822002061015967,-0.941188859875819,-0.436262219002915
-2.02225245352047,0.572190743005011,0.867053066139311,0.82249819835752,0.990622909276968,0.582727719988528,0.179846163891915,0.888128029068312,1.01690281173921,0.47135733971414
1.60596057814452,-2.45764329276476,0.159416385493202,-0.550842317765468,-0.663438558853236,-0.390263575708333,-0.120446315818419,-0.594795834181043,-0.681038697567047,-0.315676763818322
2.4083860501442,-0.762908938536411,-1.50362718230554,-0.580112155698094,-0.698691367995901,-0.411000819822634,-0.126846412597273,-0.626401208546802,-0.717226716643899,-0.332450725110076
-1.37653975978215,3.41127225252465,-0.128923684627335,-0.0324025563832468,-0.0390258783988611,-0.0229567284654424,-0.0070850920737037,-0.0349880627032315,-0.0400611828201711,-0.018569259856428
1.94656383662338,-1.76750241572413,-0.684339330778554,-0.444312524369573,-0.535133288313733,-0.314788804164268,-0.0971526785548858,-0.479765678936101,-0.549329659596372,-0.25462666046775
-1.40825381065744,2.65097201927542,0.237711942077754,-0.00162952943125036,-0.00196261729103027,-0.00115449732537164,-0.00035631034541424,-0.00175955493273453,-0.00201468290600438,-0.000933850869502119
-2.04572376089812,0.835255442020665,0.863149760804159,0.744989245680818,0.897270553795905,0.527813781742599,0.162898178067726,0.80443438267082,0.921073942971721,0.426938502310391
1.55041574762403,0.0433213625823674,-0.795778907665072,-0.712303154917074,-0.857903184493539,-0.504656173392659,-0.15575108881182,-0.769140161448304,-0.880662209950555,-0.408206754546299
2.6732302619373,-0.367176646991487,-1.5926234383541,-0.886870495143303,-1.06815337930853,-0.628334533245156,-0.193921709176943,-0.957636802686448,-1.09649006157185,-0.508247821206778
1.80631892151467,-2.03915957161392,-0.498026474221164,-0.366979915685919,-0.441993322841274,-0.259999803010247,-0.080243251831176,-0.396262447597629,-0.453718815260694,-0.210308882295016
-1.58779061141806,2.2810084623253,-0.0313453715124127,0.502741634019431,0.605505739832034,0.356184957876475,0.109928695877637,0.542857039011017,0.621568998246609,0.288111219754834
1.22473816361777,-2.67879743203556,-0.251677839266564,0.179188309636857,0.215815724527249,0.126952247836896,0.039181034276816,0.193486332964208,0.221541027402118,0.102689252215953
-1.73190917927763,2.2907832242623,0.359255498210234,0.316093108301481,0.380704875917435,0.223947258088149,0.0691164224726758,0.341315214839953,0.390804467711968,0.181146666252266
2.07198236945562,-2.28857793673554,-0.446272358132442,-0.537989059570026,-0.647957999682793,-0.381157233764228,-0.117635842574127,-0.580916972329406,-0.665147459841474,-0.308310817483411
0.43166155268522,2.32211777381406,-0.629561726914425,-0.761926821877134,-0.917670295754247,-0.539813802142304,-0.166601721869545,-0.822723463661475,-0.942014862833279,-0.436645089963767
0.530990959411022,-2.76852517274567,0.278368050821968,0.38875875341618,0.468223915973399,0.275429785081817,0.08500537827429,0.419779090269188,0.480645270988549,0.222789900533234
1.06378258193407,-1.75836331106512,0.137766041607801,-0.340195063410861,-0.409733448791388,-0.241023134213108,-0.0743865181122446,-0.367340344050852,-0.420603129846528,-0.194959016802034
1.92822660937071,-0.475830361011444,-0.473145835289607,-1.08739927226154,-1.30967172060012,-0.770406184363117,-0.237769016546942,-1.17416642907244,-1.34441556182629,-0.623166870400243
1.8243010925518,0.395986263876147,-1.04526873757304,-0.884794506513043,-1.06565304325839,-0.626863726228619,-0.193467776764469,-0.955395164109923,-1.09392339494636,-0.507058113460317
1.79634899845653,0.190594920645618,-0.986541339861638,-0.828476391850869,-0.997823089705847,-0.58696318101566,-0.181153346289311,-0.894583242241106,-1.02429400333653,-0.474783323366078
-2.03120109574209,1.28557306424358,0.777441276086315,0.627601650489967,0.755888066523342,0.444646419385937,0.137230390921528,0.67768004599007,0.775940767177221,0.359666008954061
-1.46659000058569,-0.649367546968589,0.969805325619497,0.736527173287272,0.887078771261005,0.521818529519413,0.161047874612236,0.795297093748217,0.910611786060834,0.422089057120292
-2.09531990196094,-1.27427111981945,1.61573189474087,1.00469872609589,1.21006657154932,0.711814079474435,0.219685845046555,1.08486693490255,1.24216802122844,0.575772834144126
0.675642573829312,3.03937364648879,-1.25597759122231,-0.753566905629076,-0.90760155083602,-0.533890926026278,-0.164773755716338,-0.813696482258488,-0.931679007562676,-0.431854188426491
-1.72262945795275,0.757036139990691,1.02813404064566,0.371205115986582,0.447082185312315,0.262993294476388,0.0811671274910457,0.400824790497516,0.458942678455149,0.212730260454211
2.04762685321037,-1.03994036696689,-0.729432970977655,-0.772958545193456,-0.930956984853112,-0.547629613761711,-0.169013901158836,-0.834635444387654,-0.955654030044949,-0.442967150930256
-1.98669779346145,2.14708077388565,0.790800573297533,0.250150816797201,0.301283492642908,0.177228126963189,0.0546975846089942,0.27011117147196,0.309276141234003,0.143356452048537
-0.0710998029600401,-2.84083325183361,0.770687532226731,0.543256318690042,0.654301925497834,0.384889008379327,0.118787573178341,0.586604523341911,0.671659681533872,0.311329378802273
0.883612594235798,-3.33988556858406,0.664768041195984,0.00516203715525193,0.00621719570297307,0.00365722642065715,0.0011287229347049,0.00557393304183079,0.00638212959974922,0.00295826070605867
-0.868446230702553,2.64896234563927,-0.161566689609069,-0.147537165351194,-0.177694852412488,-0.104527883648082,-0.0322602447918868,-0.159309639995983,-0.182408859473814,-0.0845506116703681
-1.99370913592971,-0.614730580466482,1.22619881286172,0.970910299064342,1.16937154029852,0.687875482301318,0.212297720674123,1.04838241838351,1.2003934051609,0.556409359414914
2.24538506376888,-0.96389698668776,-0.984069610932492,-0.771015820949671,-0.928617153415009,-0.546253222577624,-0.168589108127748,-0.832537703800379,-0.953252126004451,-0.441853814350095
-0.491494499698038,1.95284946138042,-0.130531996954371,-0.226273936860524,-0.272526001970513,-0.160311713244929,-0.0494767035530912,-0.244329076920497,-0.279755752749684,-0.129673087598499
1.4760272552463,-1.71660470721865,-0.0824057157828152,-0.53443686510711,-0.643679710416994,-0.378640556907714,-0.116859125313433,-0.577081336611885,-0.660755673276595,-0.306275125568789
1.42308429429166,0.931137030249065,-0.989218261884243,-0.792024103841217,-0.953919684604129,-0.561137278025662,-0.173182746260386,-0.855222306533658,-0.979225899545702,-0.453893242953702
1.99577893809652,-1.64949801270196,-0.638036658529775,-0.567444555660747,-0.683434416883287,-0.402026013917611,-0.124076535074157,-0.61272281912703,-0.701565018999223,-0.325191175768703
0.98300418490936,1.54035571683629,-1.03242666220783,-0.616901501317172,-0.743000727773641,-0.437065523107439,-0.134890713113551,-0.666126096796566,-0.762711544546007,-0.353533966526849
1.74024497970491,-2.39039228677533,-0.52902067009176,-0.152372695060834,-0.183518800134714,-0.107953784407819,-0.0333175741214839,-0.16453101249151,-0.188387308749206,-0.0873217574608347
-1.34456196067841,-0.869530478741674,1.1692957652995,0.560922342794684,0.675579015501004,0.397405123269692,0.122650398255389,0.605680177490285,0.693501224311884,0.321453425446896
1.25320994869899,1.42763906435978,-0.665138544757868,-1.09073474037653,-1.31368898305061,-0.772769313830899,-0.238498344764877,-1.17776804513542,-1.34853939688315,-0.625078360760365
1.57181459346463,0.30194672554686,-0.927035943747131,-0.726676232178117,-0.875214224979743,-0.514839284502534,-0.158893883305331,-0.784660113716877,-0.898432489215952,-0.416443678924735
-2.34350142515613,-0.194172749899043,1.17531669778117,1.14736495077695,1.38189482701703,0.812890974224818,0.250881017603853,1.23891696588575,1.41855465077741,0.657532006707677
1.82136335296774,0.644846359697126,-1.35781886785626,-0.732986505654043,-0.882814364994077,-0.519310019250006,-0.160273677790013,-0.791473904623954,-0.90623425079224,-0.420059971002239
0.364018834787728,-2.51232118060693,0.315449327402676,0.403813347296028,0.486355780112457,0.286095740562905,0.0882971921209927,0.436034939604339,0.499258149261815,0.231417388515399
-0.140841855153114,2.58743754420761,-0.201969273332211,-0.710972196761231,-0.856300168653383,-0.503713209367809,-0.155460063592425,-0.767703001772961,-0.879016668241543,-0.407444008929516
-0.125029496839537,-2.58836593453729,0.697092264073675,0.550184482763925,0.662646257515247,0.389797509410142,0.120302474650454,0.594085508365693,0.680225377532954,0.315299771677893
-1.50046556014293,0.94967798506006,0.585413889159297,0.454920752581108,0.547909916778293,0.322304575811149,0.0994722570698836,0.491220372493158,0.562445234946473,0.260706024822413
-1.46477705475558,2.8465788666401,-0.184520821861174,0.301844786979747,0.363544092406619,0.213852534702665,0.0660009069168601,0.325929973196538,0.373188431538795,0.17298123701848
-0.902208246786291,2.81303135739818,-0.179560021759772,-0.167455225335512,-0.201684311074185,-0.118639532408449,-0.0366154964963915,-0.180817027358123,-0.207034726427554,-0.095965255234601
0.927989936977674,-2.85716632508515,-0.171184046555446,0.436664574901448,0.525922041447481,0.30937034590497,0.0954803899392653,0.471507474479113,0.539874050655577,0.250243772915215
0.340215660023593,2.4833942731819,-0.729025374407722,-0.668035528073546,-0.804586927536266,-0.473293219271488,-0.146071599071532,-0.721340275371246,-0.825931543918579,-0.382837859068969
-1.92695169457489,1.9937269380258,0.546600546638551,0.448906693610328,0.540666539703311,0.31804370462758,0.0981572323835385,0.484726432018778,0.555009700753737,0.257259487379521
1.73400709867919,-2.93787466074316,0.125490650454355,-0.449675430634628,-0.541592412257198,-0.31858834335668,-0.0983253232135708,-0.485556509093264,-0.555960135469654,-0.257700035260887
-1.43245522066293,2.14071124007524,0.220518634542618,0.227353186251069,0.273825857913337,0.161076345359512,0.0497126905293056,0.245494443162042,0.281090092134263,0.130291583933969
-0.604216511720813,2.52791775353053,-0.633809174431775,0.043359284372203,0.0522222425711486,0.030719407012689,0.00948087300253243,0.0468190639787375,0.0536076289056228,0.0248483424941275
-0.303203686695481,2.74226920282551,-0.461291035617172,-0.429332463157429,-0.517091191870536,-0.304175653967862,-0.0938771619042107,-0.463590309474827,-0.530808930436022,-0.246041885673335
2.22324931625194,-1.04481430963093,-0.828542553550488,-0.842894385003104,-1.01518822722338,-0.597178114365289,-0.184305962021026,-0.910151694387245,-1.04211981475523,-0.483045988147382
-1.49057690294009,-0.989384260886698,0.976142599304865,0.8818795584275,1.06214225823945,0.624798528936801,0.192830398795526,0.952247622749687,1.09031947349075,0.505387614755578
-2.21015222944895,-0.255498116109091,1.39227620110572,0.887786114947309,1.06925615856792,0.628983236235424,0.19412191716483,0.958625482799707,1.09762209609185,0.508772544684431
-1.53089086478282,2.79193679442775,0.140864879099246,0.124492186362672,0.149939309390724,0.0882008593579599,0.0272212658903745,0.134425826499653,0.153916998972848,0.0713439930887233
-1.05869918286889,1.75624720882945,0.284765900799968,0.00628512300961071,0.00756984860681457,0.00445291601677876,0.0013742951232289,0.00678663360251045,0.00777066657819206,0.00360187884605979
0.0580432313823033,-2.70361557073872,0.468156101054995,0.61760584218547,0.743849041121281,0.437564538119384,0.135044723181279,0.666886639334414,0.763582362513542,0.353937610253481
-0.498170726670235,3.33121745157052,-0.450224026189729,-0.49727550748814,-0.598922296637001,-0.352312288663207,-0.108733481237697,-0.536954752303803,-0.614810905098086,-0.284978691482462
1.17368432816256,-2.47505918803205,-0.0670615271310705,0.000383072629447975,0.000461375506239287,0.000271401250962006,8.37620593404132e-05,0.000413639251807505,0.000473615182092608,0.000219531296110408
-0.862923590292771,-2.06738703713297,0.797278310354988,0.900067131482972,1.08404750565383,0.637684153488811,0.196807264946798,0.971886441951417,1.11280583785696,0.515810550718724
0.435340940040209,2.84477661143846,-1.24405861594659,-0.484253438166451,-0.583238420098404,-0.343086346551098,-0.105886096017745,-0.522893609332113,-0.598710956266183,-0.277516002852503
0.839660435374175,1.95558907669082,-0.870542881084916,-0.780285486262658,-0.939781606831091,-0.552820642352744,-0.170615998582258,-0.842547026132009,-0.964712757455658,-0.447166074961358
0.833026946567269,1.73904883252208,-0.354614075262992,-1.09533715446548,-1.3192321645963,-0.776030055646329,-0.239504701399084,-1.18273770094979,-1.3542296316304,-0.627715912630466
-2.25714178094008,2.11944576914832,0.932398285488146,0.379892206179013,0.457544980947323,0.269147968457777,0.083066632984932,0.410205052127692,0.469683038081657,0.217708658864247
-1.48702835907271,-0.0264237457291674,0.414080666666149,0.950428569524702,1.14470319385825,0.673364482058533,0.207819217870187,1.02626638442225,1.17507064044271,0.544671688052438
0.807562271812092,1.50145778553623,-0.40725563241003,-0.94174595899055,-1.13424579355678,-0.667212981848297,-0.205920691891343,-1.01689095989699,-1.16433581928073,-0.539695856845361
-1.72117302010497,2.96880273862883,0.296788940063976,0.0967481637943325,0.116524203550275,0.0685446326977144,0.0211548015019896,0.104468017313868,0.119615435011929,0.0554444461998711
-0.784678587820531,2.79649746748182,-0.321517594115613,-0.150046501874139,-0.180717115867506,-0.106305711190585,-0.0328089323737765,-0.162019204715812,-0.185511299541012,-0.0859886624652084
1.37749473935765,0.618397382020132,-0.678862761412892,-0.876455372104039,-1.05560932814072,-0.620955573735956,-0.191644354735542,-0.946390622797134,-1.08361323348349,-0.502279121581191
0.820158680380335,1.83567087817977,-0.381171693972675,-1.10054943235836,-1.32550987061501,-0.779722876881109,-0.240644409894549,-1.1883658836026,-1.36067387680372,-0.630702965302854
-0.9432868677001,-2.3792227441975,0.834551393586259,1.05838723248411,1.27472940546098,0.749851586401103,0.231425289507697,1.14283942342278,1.30854627374411,0.606540648097897
-0.996205203808922,2.46171854617968,0.321405664228869,-0.345043887698599,-0.415573408601736,-0.244458453983365,-0.0754467544134025,-0.372576071942496,-0.426598015989351,-0.197737781450484
0.636206194520827,-2.84240722591749,0.306305420032663,0.30569940025608,0.368186617126508,0.216583470783061,0.0668437506001894,0.330092158717147,0.377954116237799,0.175190239133242
1.87992027780304,0.365449466505061,-0.881474190242427,-1.04848700459362,-1.26280549781599,-0.742837422433916,-0.229260521230615,-1.13214922385605,-1.29630604075781,-0.600867024629364
-2.3926751260765,-0.184665581763429,1.55461325343714,0.88894551472469,1.07065254822905,0.629804653705004,0.194375429698712,0.959877394890511,1.09905553010532,0.509436973610626
-2.34166601553108,1.46594574420182,0.917119687785891,0.713388183446778,0.85921000087428,0.505424899941239,0.155988339445524,0.770311767965488,0.882003694424169,0.408828562791346
-0.856809696920968,2.82299970807359,-0.242352030022011,-0.160757323225492,-0.193617308267942,-0.113894168548599,-0.0351509437435513,-0.173584677656028,-0.198753716813145,-0.0921268209054449
2.46578655083316,-0.398991389677129,-1.35909753728746,-0.88097139684261,-1.06104846171429,-0.624155109983664,-0.192631821610114,-0.951266995971325,-1.08919666000491,-0.50486716543479
-0.734134927202622,2.07593845828025,-0.118052148093908,-0.0767950878901079,-0.0924925714558359,-0.054408175679759,-0.0167918932714488,-0.0829228199966497,-0.0949462758206132,-0.0440097357091845
1.82243781494225,-1.36840967138311,-0.491509799142704,-0.64206422957837,-0.773306903671937,-0.454892941207102,-0.140392755744001,-0.693296641730557,-0.793821702806463,-0.367954225047577
1.55682052382624,-1.82170487320404,-0.573025764678693,-0.17932323765307,-0.215978232827244,-0.12704784232623,-0.0392105374248666,-0.193632027329673,-0.221707846830226,-0.102766576775329
-1.33756379042002,2.8518730590143,-0.0322687457718576,0.0726252191493496,0.0874703507245053,0.0514538857994822,0.0158801163235408,0.0784202237434315,0.0897908222822002,0.041620066965197
-2.3003925674037,1.95601670942748,0.695851431171439,0.664070873454246,0.799811868209581,0.470484320538993,0.145204693921027,0.717059267947757,0.821029808646707,0.380565794451721
-2.46554231276727,0.678345989300118,1.11301882733234,0.966445746701557,1.16399440043478,0.684712413465021,0.211321508668376,1.04356162473491,1.19487361695961,0.553850813354948
-1.71206087663025,0.149509970621197,0.692313158916749,0.856943414370972,1.03210898203197,0.607131642370504,0.187377900711301,0.925321741917713,1.05948945458535,0.491097207130753
1.9234151893251,-2.146064000714,-0.708653799432406,-0.260977176208716,-0.314322839936957,-0.184898441315545,-0.0570648593494915,-0.281801401633358,-0.322661404993188,-0.149560823050433
1.91000417832445,-1.85378835909539,-0.419293826361074,-0.587515542341371,-0.707608061588313,-0.416246008964015,-0.128465225489825,-0.634395335708484,-0.726379958205977,-0.336693458577479
1.24171780888837,0.503590412672677,-0.517714276223256,-0.84317450468965,-1.01552560544425,-0.597376574989995,-0.184367212551613,-0.910454165742943,-1.04246614316962,-0.483206519161937
2.00122384186801,-3.00958974769435,-0.286837610709645,-0.327016171358974,-0.393860693797446,-0.231686085532993,-0.0715048422804791,-0.353109864948625,-0.404309291866173,-0.187406456188088
-1.40211237977015,-0.760659374783354,1.01742339111533,0.687003431454559,0.827432010562231,0.486731696233812,0.150219091025873,0.74182169001626,0.849382676479682,0.393707986803575
-1.93744695311944,1.64084327139677,0.769567066054225,0.418313832271975,0.503820271392176,0.296369118140674,0.0914678453852846,0.451692465867545,0.517185950165293,0.239727327718277
1.67617593332064,-1.73859619505054,-0.866308987063106,-0.0832104243644178,-0.100219250121956,-0.0589533459963617,-0.0181946606663008,-0.0898500572235722,-0.102877932950083,-0.0476862372990243
-1.03604571804734,2.73237248313281,-0.137413844993243,-0.0558173338992039,-0.0672268095002907,-0.0395457495030076,-0.0122049305402642,-0.0602711821651915,-0.0690102469515857,-0.0319878026106367
0.334465896984035,1.57232099234502,-0.49903507704045,-0.494876784275924,-0.59603325667098,-0.350612829003442,-0.108208980188556,-0.534364627093802,-0.611845222761082,-0.283604030973444
-1.01876665240524,-1.87513025049768,1.40206901905667,0.486176409516842,0.58555446100571,0.344448743104494,0.106306569912196,0.524970020877802,0.601088438644882,0.278618019442785
0.676439383858076,-2.41823963930043,0.200127778663636,0.192452725050964,0.231791484490761,0.13634988854502,0.0420814105126056,0.207809159618417,0.237940602936287,0.110290824565828
0.931303771322194,2.05643519544841,-1.11305817385727,-0.707089719549354,-0.85162408440358,-0.500962532104197,-0.154611127224725,-0.763510728961941,-0.874216533723127,-0.405219038548127
-1.5752454809118,2.39655765417385,0.282446563344912,0.202558697187223,0.24396319202603,0.14350981924516,0.044291166503238,0.218721520439533,0.250435209612925,0.116082355964785
-1.50391837734082,1.40703022832953,0.180679044577235,0.599587573527608,0.722147705174735,0.424798863210789,0.131104876863608,0.64743063388384,0.741305319114004,0.343611699269378
-0.186380739359701,2.78476809956507,-0.889230341049377,-0.21025650538742,-0.253234489117699,-0.148963601673337,-0.045974357150884,-0.227033562020462,-0.259952461831399,-0.120493816563872
-1.53843996461209,3.49475596496094,-0.0535901594468196,0.0144236903349188,0.0173719992464672,0.0102189697186842,0.0031538614687305,0.0155746039257278,0.0178328551801387,0.00826592972325596
2.06527983735234,-1.707464331992,-0.860287214608395,-0.430591014400463,-0.518607000289738,-0.305067318773702,-0.0941523547418037,-0.464949284652147,-0.532364951227697,-0.246763136330169
-0.543059193490517,2.8127057443207,-0.256503121419621,-0.412477650854211,-0.496791131356759,-0.292234270553404,-0.0901917151252328,-0.445390596379935,-0.509970336434594,-0.236382728359081
2.24579343711222,-0.115343828273662,-1.06636599918784,-1.0312342573328,-1.2420261614981,-0.730614108030417,-0.225488062618972,-1.11351982326726,-1.27497545640542,-0.590979818714676
-0.660923955119197,-1.48600929971479,0.676565276565211,0.600600660179843,0.723367874226522,0.42551662001097,0.131326396799406,0.648524558045038,0.742557857620776,0.344192279056971
-0.281691849667072,2.12302311343353,-0.603822106360463,-0.0995611243473351,-0.119912154031214,-0.0705375733421343,-0.0217698790372924,-0.107505433221616,-0.123093263293343,-0.0570564978805093
-1.77077146568489,2.97121307665619,0.629444520676408,-0.122127862900338,-0.147091700737711,-0.0865257714084994,-0.0267042866364993,-0.131872845908478,-0.150993847066241,-0.0699890463913867
-2.08935921912153,0.770874935263108,0.991607519916298,0.706235753288928,0.850595561127763,0.500357509731042,0.154424400303818,0.762588621930852,0.873160725098752,0.40472964748864
-0.511970482386248,-2.70695357932055,1.08689557105165,0.61962847883804,0.746285119655167,0.438997546054564,0.135486989734128,0.669070668803846,0.766083066956704,0.355096743043884
1.32006964384579,-2.58111175989548,-0.476996951373676,0.237009878741844,0.285456449722909,0.167917968124178,0.0518242077384836,0.255921674840212,0.293029228007848,0.135825642114253
-0.622162532360787,2.58438715228565,-0.613287179569389,0.020991765877039,0.0252826379747696,0.0148723533893296,0.00459002654819391,0.0226667677719755,0.0259533525864982,0.012029963031484
1.15672778104903,2.23997757496239,-1.24972224808925,-0.861987968422817,-1.03818468021687,-0.610705633762656,-0.188480934975183,-0.930768817493733,-1.06572633292689,-0.493988140609598
-1.60157927933689,2.2024334026425,0.39515978011395,0.210982086181728,0.254108383989212,0.149477664856429,0.0461330115074657,0.227817039287726,0.260849539966463,0.120909632469166
-1.06921689211335,3.08696032283838,-0.344476774693365,-0.00119058211051077,-0.00143394589362322,-0.000843509688048575,-0.000260330813856247,-0.00128558256463477,-0.00147198656264836,-0.00068229890040156
-0.695376955027818,-1.7635585347175,0.706885492372583,0.712228781225752,0.857813608270007,0.504603480740374,0.155734826377319,0.769059853236054,0.880570257389472,0.408164132464748
-0.211939887461292,3.02955703310398,-0.716721057130107,-0.416952710694127,-0.502180926503615,-0.295404783780708,-0.0911702246794212,-0.450222735931758,-0.515503115646753,-0.238947296044963
0.840821228729791,1.58601951668185,-1.12206737246051,-0.443385387036349,-0.534016637257023,-0.314131941176137,-0.0969499521621541,-0.478764562272166,-0.548183385278803,-0.254095336523441
0.444455186723515,2.18134085107937,-0.695916866719193,-0.667127275017105,-0.80349302084209,-0.472649735512121,-0.145873001885094,-0.720359549822518,-0.8248086173411,-0.382317357327657
-1.86294971326073,2.52819659315891,0.727854809984525,0.0485528427475982,0.058477402664639,0.0343989657482157,0.0106164883177134,0.0524270334223205,0.0600287300404552,0.0278246673837929
-2.37517316457349,0.443756312068492,1.08344165401489,1.0023848617894,1.20727973627655,0.710174741085149,0.219179899112423,1.08236843976887,1.23930725493867,0.574446804584247
0.172305898498612,-2.58823421635458,0.864127168029399,0.166757450635702,0.200843906068405,0.118145169429056,0.036462922176749,0.180063574924898,0.206172026599623,0.0955653744483829
-1.82177112918314,2.55728127458242,0.157447769801031,0.448461452543792,0.540130288071949,0.317728257965123,0.0980598766714122,0.484245663706248,0.554459223082945,0.257004328590027
2.34736375948165,-2.31728283988886,-1.06265617322576,-0.279143874774976,-0.336202945962239,-0.197769276602936,-0.0610371611177469,-0.30141768070187,-0.345121961002841,-0.159971796259469
-1.85547756004313,1.42627080191248,0.472189237274491,0.66315082374612,0.798703753540925,0.469832479027652,0.145003517297264,0.716065804453788,0.819892297176164,0.380038532284226
1.01471301266771,1.94789231092042,-0.977015933252705,-0.84290046370428,-1.01519554845601,-0.597182421034512,-0.184307291180275,-0.910158258127939,-1.04212733021038,-0.483049471729985
-1.60030479026232,0.667422527546525,0.312930458994458,0.860707869527322,1.03664291964578,0.609798702766063,0.188201030561755,0.929386575306043,1.06414367150741,0.493254541422199
-0.733640898647169,2.53751331598134,-0.649849422205752,0.162259047050735,0.195425995542471,0.114958117506157,0.035479308315941,0.17520622895399,0.200610386144937,0.092987428927037
0.155436780318206,2.90867183817947,-0.73993612121573,-0.664917377221446,-0.8008314036034,-0.471084055846872,-0.145389789104889,-0.717973317028792,-0.82207639095258,-0.381050908904935
-1.34042987558269,-0.652624460027121,0.800938123186349,0.76256803773141,0.918442580868434,0.540268094022248,0.166741929120878,0.823415844233253,0.94280763563989,0.437012558001822
2.09903717152071,-0.267822983384432,-1.05894280039804,-0.854020907243476,-1.02858909284704,-0.605061089610075,-0.186738869894119,-0.922166038354757,-1.05587618744238,-0.489422376489587
2.08277784931217,-1.23243492744445,-0.674998158411005,-0.771855437149274,-0.929628393371506,-0.546848078146472,-0.1687726972869,-0.833444315732193,-0.954290192806132,-0.442334981675465
-1.71701962130618,2.49624932485473,0.430269016328412,0.169400508465772,0.204027224454073,0.120017736525482,0.0370408490495758,0.182917531013823,0.209439794169636,0.0970800582616483
-1.24423812560404,-1.54173969469604,0.979885022707682,0.880589674991535,1.06058871309551,0.623884665739055,0.19254835490985,0.950854815280929,1.08872471486943,0.504648408242868
-0.234514551124565,-2.33480764895129,0.604047645851825,0.619131682632788,0.745686774633686,0.438645573344394,0.135378361056364,0.668534231598877,0.7654688486411,0.354812039030969
0.605549755791788,2.04008693528263,-0.692064171578961,-0.753114642602213,-0.90705684190374,-0.533570504409544,-0.164674864593398,-0.81320813168037,-0.931119848230071,-0.431595005491357
-0.653427679347938,-1.48127305505797,0.398647936573331,0.809734722961004,0.975250485173146,0.573684987819882,0.177055322413385,0.874346114079798,1.00112257775912,0.464042846113519
2.09268916095168,-0.365431363903809,-0.758430604447498,-1.04631366600165,-1.26018791275244,-0.741297644419825,-0.228785302428453,-1.12980246744487,-1.29361901465922,-0.599621527558301
-1.37846156747399,1.330590006337,0.271049075908874,0.451479370293288,0.543765090515205,0.319866407729814,0.0987197698253084,0.487504391017872,0.55819045197948,0.258733837158822
2.00395208310961,-0.295232621292341,-1.07967814686599,-0.746502357829514,-0.899092957251373,-0.52888579915766,-0.16322903279303,-0.80606823100394,-0.922944692356409,-0.427805636753387
1.77176868631673,0.238405037896406,-0.7708717545962,-0.994490336718022,-1.19777151193128,-0.70458158768442,-0.217453694662771,-1.07384398463197,-1.22954679010305,-0.569922609463356
1.38195047016373,-2.05482273510515,-0.632701077988063,0.1050681516604,0.126544858430117,0.0744392201499511,0.0229740369779183,0.113451884318219,0.129901924479669,0.0602124655764907
0.120903725955085,-2.65059178142123,0.543360558781101,0.485102608282587,0.584261166862589,0.343687970927475,0.106071774221277,0.523810537518818,0.599760835135789,0.278002645337199
0.978879792025622,-2.2452752148274,-0.291651283516984,0.253805328599987,0.305685013669085,0.179817294130681,0.0554966744184812,0.274057288765708,0.313794428733245,0.145450779993273
0.826515769310715,-2.75743596083643,0.202862017515562,0.192338035966235,0.231653352109434,0.136268633037123,0.0420563327775176,0.207685319115205,0.237798806087407,0.110225098535085
1.26330437844124,-1.86839475409408,-0.136888428580169,-0.253001610380448,-0.304717009505101,-0.179247871745902,-0.055320934655254,-0.273189439231605,-0.312800744711897,-0.144990185085469
-1.33458432223516,3.5712382757016,-0.336716817480812,0.0332929354736768,0.0400982575562653,0.0235875487861772,0.00727978096681393,0.0359494880635378,0.0411620107640865,0.0190795183837296
-0.682757516726023,3.40118814982799,-0.60136834880606,-0.248906844543642,-0.299785243266385,-0.176346791154195,-0.0544255795903361,-0.268767938589535,-0.307738145302953,-0.142643556320271
-1.9430500583828,1.20814356210214,0.627356930409253,0.699607327898198,0.842612236595742,0.495661369091747,0.152975039221268,0.755431292723504,0.8649656136314,0.400931028883874
1.48189111905971,-0.50539227817846,-0.374355374305081,-0.773923527090396,-0.932119216182075,-0.548313289059429,-0.169224902584415,-0.835677425357251,-0.956847093818506,-0.443520162840461
-1.93345182324853,-0.184996479287668,1.25972444049234,0.729273850678475,0.878342815900859,0.516679658510812,0.159461874485709,0.78746500472284,0.901644077474886,0.417932322362941
1.68811166544439,-2.34469457716411,-0.341755034007803,-0.271946389694492,-0.327534241733895,-0.19266996565128,-0.0594633703374397,-0.293645884664452,-0.336223287631384,-0.155847060877745
-1.99112312087283,1.78909843523549,0.630028611058588,0.516408762680672,0.621966530606893,0.365867914920587,0.112917128759374,0.557614712724066,0.638466471811623,0.295943579047728
2.12392741431386,-0.472753871742546,-1.04673559241766,-0.80642366552729,-0.971262623127588,-0.571339152956107,-0.176331331796666,-0.870770856506457,-0.997028923060672,-0.462145345028759
-0.695218672531133,2.13746317344883,-0.0985580666185398,-0.14862896440618,-0.179009823263921,-0.105301407012958,-0.0324989758580121,-0.160488557280884,-0.183758714745335,-0.0851762999686384
1.94636252733614,-0.774567304591521,-0.415465993166981,-1.03377508738698,-1.24508635599491,-0.732414248270616,-0.226043636526926,-1.11626339449055,-1.27811683377429,-0.592435917825165
2.31124623633388,-0.323295135573384,-1.16026891654282,-0.933992758169233,-1.12490778118282,-0.661719954573293,-0.204225389180185,-1.0085191057359,-1.15475008191265,-0.5352526518381
2.42201186940794,-1.55259549891455,-0.702146466542362,-0.916679614417312,-1.10405570288465,-0.649453850155634,-0.200439724366682,-0.989824489421757,-1.13334482583242,-0.52533083389699
2.60250221862802,-0.0937353360638858,-1.46514060017953,-1.03090818666304,-1.24163343957342,-0.730383091818684,-0.225416764518586,-1.11316773434859,-1.2745723160927,-0.59079295410663
-1.9590520329997,2.25446516224791,0.336879237340541,0.540560718225388,0.651055324374723,0.382979215609076,0.118198157415582,0.58369383206914,0.668326952419929,0.309784583851367
-1.3475221172246,-0.371585836296978,0.872784583540166,0.60503541421227,0.728709124760935,0.428658577174143,0.132296093149051,0.653313175656709,0.748040804396772,0.34673374828716
-0.995741745265444,2.86352299495388,-0.349744407097732,0.0258401720458114,0.0311220941995454,0.0183073769285289,0.00565017142411568,0.0279020441815692,0.0319477217842958,0.0148084880642803
1.45063085788436,-1.30325920289513,-0.65063430920639,-0.226458100318383,-0.272747809800331,-0.160442190311161,-0.0495169724454622,-0.244527935385088,-0.279983444844925,-0.129778628009094
1.67635891507859,-2.50635886418562,-0.276503701206406,-0.251208296492134,-0.302557129003436,-0.177977335572756,-0.054928811457767,-0.271253030942433,-0.310583565465792,-0.143962472604936
0.827674560226168,1.08799634102014,-0.598957456815109,-0.650963993049405,-0.784025844575587,-0.461198291037982,-0.142338764042872,-0.702906546538237,-0.804825002893419,-0.373054502278784
-1.72800860783168,0.83465192157198,0.819613682673817,0.509173432729614,0.613252245736714,0.36074179144194,0.111335062879122,0.549802052049642,0.629521008604791,0.291797155524253
-1.41623343527526,2.20100087963203,0.203106471718345,0.204142442587936,0.245870666692286,0.144631879266984,0.0446374657844625,0.220431638083669,0.252393287033982,0.116989968918047
-1.66902917626389,2.37220131797559,0.644280757831196,0.00865564687215146,0.0104249250676627,0.00613239685741191,0.00189263014687216,0.00934630934417392,0.0107014844036005,0.00496037886929068
-1.36247729912548,2.73462402910454,0.303814236142621,-0.12419498900985,-0.149581362702366,-0.0879902994611206,-0.0271562811841093,-0.134104914794639,-0.15354955643701,-0.0711736752036798
2.25682820500283,-1.8570009533906,-0.849257860977488,-0.5449141488774,-0.656298628428694,-0.386063556368778,-0.119150071722625,-0.588394637240967,-0.673709354326198,-0.312279448271569
0.802473007112357,2.16993248410941,-0.998453238408904,-0.730551728524636,-0.879881901423713,-0.517585015927041,-0.15974129324798,-0.788844848636381,-0.903223992880678,-0.418664648711192
-1.58715424780359,3.12515423835716,0.195332945108959,0.00241191433134834,0.00290492744740155,0.00170880537114967,0.000527385398527498,0.00260436889182202,0.00298199129204182,0.00138222007672846
-0.822104338882984,-1.83395835694609,1.16247888292472,0.490609205632637,0.59089335341086,0.347589313112902,0.107275838146865,0.529756524344246,0.606568964733596,0.281158366629939
-0.872362865072364,3.28389523281475,0.0782092018153917,-0.574300094594231,-0.691691278644822,-0.406883061118419,-0.125575556447165,-0.620125384012103,-0.710040924273386,-0.329119948622488
1.92982268684555,-1.80076596958019,-0.597160262775982,-0.485540572493516,-0.584788654195273,-0.343998262046143,-0.106167538787588,-0.524283448331547,-0.600302316002766,-0.278253633905643
-1.51860965092294,1.64005976003697,0.0999667005773798,0.586151330639122,0.705964994931084,0.415279485296947,0.128166929102215,0.632922269077128,0.724693303185218,0.335911656015403
0.573259989382711,-2.95304291674372,0.738627055695952,0.0634304454401765,0.0763960973095876,0.0449395256099321,0.0138696015494644,0.0684917688624794,0.0784227837176955,0.036350725240821
-1.25250397778889,3.03642082447609,-0.236279705754896,0.0893278732017516,0.107587150716382,0.0632874673600859,0.0195322924184391,0.096455637381288,0.11044129410489,0.0511920254157171
2.12546539576949,-2.19780948504169,-0.59983888904948,-0.498055809877027,-0.599862098601478,-0.352865121280817,-0.108904100932181,-0.537797317581275,-0.615775638753248,-0.285425867243981
-1.31465611775381,3.3744681854023,-0.318544853624988,0.0773261350464322,0.0931321685759411,0.0547844146784938,0.016908011208365,0.0834962411484899,0.0956028405979108,0.0443140682601465
2.24958826819203,-2.50599922986161,-0.361816660863426,-0.671937173146468,-0.809286097699584,-0.476057476679089,-0.146924726653616,-0.725553245509853,-0.830755376788957,-0.385073814169849
1.30194075014737,1.1850888650596,-0.84507503442543,-0.898784452037117,-1.08250263704881,-0.636775394210733,-0.196526796274282,-0.970501413302785,-1.11121998595156,-0.5150754726693
1.84285639098921,0.729241191776864,-1.27532686905189,-0.848008299074951,-1.02134746312902,-0.60080124629829,-0.185424162437916,-0.915673664446905,-1.04844244696164,-0.485976670472578
-1.60139345544242,3.03275782913098,0.571746188603067,-0.244514490013342,-0.294495059005714,-0.173234873406614,-0.0534651542492167,-0.264025103675423,-0.302307619520725,-0.140126385400483
0.133162175098206,-2.18091277104639,0.749547766693762,0.133995434356761,0.161385091514362,0.0949337689827344,0.0292992311669714,0.144687369841136,0.165666422406409,0.0767901152833769
0.547490659813391,-2.48431714955023,0.710893430587396,-0.0720717180005633,-0.086803709849919,-0.0510617384816068,-0.0157590886319085,-0.0778225569213762,-0.0891064963157414,-0.0413028664782639
2.10643024516532,0.65425203348017,-1.37778432691323,-0.963303419118732,-1.16020975786874,-0.68248612118687,-0.210634412255775,-1.04016856052103,-1.19098857288199,-0.552050007987947
-1.44908117240512,2.77969011920845,-0.367298172578196,0.456981158889884,0.550391485365274,0.323764342985059,0.0999227822764214,0.493445185383627,0.56499263623307,0.26188680265071
-0.0816505928153253,3.46828385087311,-1.03443562119133,-0.446908476448472,-0.538259872184528,-0.31662799753777,-0.0977203053581658,-0.482568770551368,-0.55253918756062,-0.256114348913
1.38221362658934,-2.8420967738238,0.0222050498766734,-0.106448134036693,-0.128206919403728,-0.0754169171046288,-0.0232757817563391,-0.114941980017461,-0.13160807771065,-0.0610033059978329
-1.42486022357618,2.9554802114832,0.365193712123457,-0.20354542311314,-0.245151612024205,-0.144208899863465,-0.044506922444033,-0.219786980465543,-0.251655156806103,-0.116647828945024
-1.94553569386437,1.02724513096321,0.346925638557708,0.990121692374412,1.1925098843947,0.701486468250875,0.216498453753824,1.06912675181816,1.22414557861666,0.567419026379437
-1.43330354756144,-0.739713359759011,0.920959535185698,0.780945278409533,0.940576265369385,0.553288095259246,0.170760267696548,0.843259465259741,0.96552849722343,0.447544188702806
-1.09367715525099,-1.11137731539029,0.917235800639244,0.637149660980424,0.76738776092845,0.451411042572518,0.139318143895258,0.687989923574418,0.787745533113062,0.365137783644062
-0.418832647425386,-1.55157553941108,0.508355415010183,0.551382253323908,0.664088861230544,0.390646112007548,0.120564377279378,0.595378852969776,0.681706251597721,0.315986190135549
2.54088657048428,-1.46925514836112,-1.35025172152198,-0.542795064276468,-0.653746387272943,-0.384562216499061,-0.118686716012909,-0.586106463924827,-0.671089405621989,-0.311065043082453
2.04531681067532,-0.132968169111951,-1.17547373499939,-0.768758920329125,-0.925898925626621,-0.544654242111189,-0.168095617783695,-0.830100717672103,-0.950461787263974,-0.44056042954436
-1.74549371097266,0.181110032607604,0.81720804656168,0.77562956297514,0.93417397841116,0.54952199006731,0.169597941710757,0.837519591444499,0.958956366144681,0.444497858035047
-1.69951106197344,0.972891235241007,0.542978016210059,0.648442124403522,0.780988487339076,0.45941158467308,0.141787336206669,0.70018344971625,0.801707068626869,0.371609269573831
-2.33388718421071,1.00093012366878,0.966091204515017,0.846159561726808,1.01912083020269,0.599491443429552,0.185019920433774,0.913677410278143,1.04615674443823,0.484917195910822
-1.83000979351058,2.01066785544927,0.689729707775118,0.248104317841061,0.298818674174233,0.17577821294143,0.0542501003623351,0.267901375647439,0.306745934423975,0.142183644247109
1.27860613781539,-2.15639434336232,-0.545203314766727,0.163311899003224,0.196694058215794,0.115704047429146,0.035709523269821,0.17634309141926,0.201912088827045,0.0935907974163895
-1.67449868247731,-0.759157947774144,0.791855780400969,1.09436666948056,1.3180633053075,0.77534248149276,0.239292496676932,1.18168977778276,1.35302976406608,0.627159747010117
1.71508979220294,0.0899178172771561,-0.500694962662581,-1.10083599877894,-1.32585501333,-0.779925904920837,-0.240707070057873,-1.1886753160984,-1.36102817569389,-0.630867190812317
-2.65870750323818,1.59088444595246,1.28375944592896,0.648474669910144,0.781027685387799,0.45943464267966,0.141794452556018,0.700218592135661,0.801747306547462,0.371627920755622
1.6659888290023,0.71667091419007,-1.02387105233312,-0.88947526384041,-1.07129058197946,-0.630179973061308,-0.194491263808109,-0.960449414426827,-1.09971049003881,-0.509740562280364
-1.17575667281862,-1.49678378117944,0.928821852283638,0.84512516025794,1.01787498942821,0.598758585399333,0.184793739833656,0.912560470521136,1.04487785317225,0.484324401026242
0.721864910205644,1.45317991311209,-0.721088198064208,-0.605048241033804,-0.728724573479595,-0.428667664786107,-0.132298897841696,-0.653327025972431,-0.748056662949301,-0.34674109908317
2.04381315495957,-1.99272599712502,-0.670171862103831,-0.45200685331918,-0.544400394970275,-0.320240121595236,-0.0988351084350638,-0.488073963645616,-0.558842610213074,-0.259036127177604
1.17937452417177,1.23865288041248,-0.726873242482201,-0.907484656189055,-1.09298122723358,-0.642939359237062,-0.198429169245952,-0.979895835298338,-1.12197655913614,-0.520061386428402
1.82247135508596,-0.121993051233947,-0.936170759256468,-0.770633700500327,-0.928156924721523,-0.54598249593208,-0.168505554270613,-0.83212509270625,-0.952779688058522,-0.441634828729441
0.188708888742818,-2.75590051568084,0.929349697155736,0.165876207089745,0.199782529828285,0.117520821505479,0.036270230847441,0.179112014064141,0.205082493465689,0.0950603513197096
-0.993309729339156,-1.63921605253148,1.24418959125871,0.497848513875076,0.599612429764581,0.352718255151723,0.10885877391406,0.537573480750977,0.615519346535628,0.285307070032987
-2.38282543529413,1.24233294841482,1.09686019704429,0.693270344012455,0.834979926366404,0.491171710416849,0.151589404280339,0.748588660095346,0.857130828407278,0.397299429602367
-1.06675040070098,2.71379038352484,0.00761511200078166,-0.136020096952949,-0.163823610109715,-0.0963682122687848,-0.0297419407094688,-0.146873586910877,-0.168169631642609,-0.0779504091017263
-0.193256150231706,-2.73409227920134,0.761052377611752,0.613850927757648,0.739326594431424,0.434904237187848,0.134223679491537,0.662832107960653,0.758939941354301,0.351785743563576
-0.305313887394534,2.71177304071381,-0.513768648869347,-0.374851693824085,-0.451474150612064,-0.265576840547677,-0.0819644824721482,-0.404762340748851,-0.463451156727306,-0.214820041601426
-2.07885385233561,1.10232620776947,0.948012210980697,0.604750528837557,0.728366006710011,0.428456740130371,0.132233800560576,0.653005558342945,0.74768858388231,0.346570486151611
-0.843976408824173,2.95835078829823,-0.207415995440814,-0.250701094095073,-0.301946250687626,-0.177617990230721,-0.0548179073784506,-0.270705357201457,-0.309956481364304,-0.143671805010705
0.0834441140595387,-2.70026098319722,0.636731873295649,0.462913711468216,0.557536695538769,0.327967468103858,0.101219984903042,0.499851115803,0.572327399287558,0.265286630403064
1.11998276169486,-2.65707081294004,0.0581823949087044,0.0176453372616174,0.0212521746165317,0.0125014585702732,0.00385830172445136,0.0190533166342499,0.0218159664194495,0.0101121914268066
0.51766444628919,2.21457707210634,-0.821072289548527,-0.644196802819754,-0.775875390645944,-0.456403837577625,-0.140859060858647,-0.69559937999004,-0.796458328308784,-0.369176360307948
0.188046432303177,-2.84498350058356,1.03570239445556,0.117314917258995,0.141294953434265,0.0831158711246947,0.0256518955037962,0.12667585953818,0.145043319800403,0.0672308430807628
1.40869707958008,-2.09909176855833,0.190950097718146,-0.544805007109294,-0.65616717727651,-0.385986231052065,-0.119126206955075,-0.588276786692978,-0.673574415950545,-0.312216901297523
1.11509252620654,-2.44000118208062,0.118666374797058,-0.108432533832254,-0.130596945184419,-0.0768228347962687,-0.023709687498105,-0.11708472158557,-0.134061507682594,-0.0621405260068647
1.05076547708168,1.68706208109825,-1.14999463201115,-0.638628358407486,-0.76916871503882,-0.452458677670012,-0.139641473551597,-0.689586611122315,-0.789573733556897,-0.365985195695364
0.597462795826298,2.25725938425206,-1.23514030624352,-0.404562956682461,-0.487258615197923,-0.28662682764554,-0.088461100531779,-0.436844362783956,-0.500184935356049,-0.231846974728377
2.48214105179456,0.16075640986693,-1.53257394824131,-0.973098507145957,-1.1720070342853,-0.689425795127299,-0.212776190815531,-1.05074523076973,-1.20309881528253,-0.557663377894408
0.00164743021918178,2.09656515220869,-0.612902519686565,-0.323217822102238,-0.389285933878614,-0.228995011672262,-0.0706743011992831,-0.349008432938397,-0.399613169677875,-0.185229697862616
-0.845399252467223,-0.928361752138814,0.622573044112384,0.586571045732592,0.70647050289182,0.415576847187771,0.128258703345172,0.633375474615424,0.725212221596871,0.336152186378012
0.656325824562927,-2.54963676321172,0.0765041475194652,0.356423579257898,0.429279193224316,0.252520795918904,0.0779350198920384,0.384863786439802,0.440667396769133,0.204259256088204
0.550186702134599,2.43729764497627,-0.893326277255788,-0.700444249163976,-0.843620230754023,-0.496254315340128,-0.153158039110423,-0.756334994683879,-0.866000348528173,-0.401410651796331
0.744367163306842,2.07437222528125,-0.808886200615047,-0.792874677206667,-0.954944121452159,-0.561739896583273,-0.173368731296208,-0.856140749939545,-0.980277513334819,-0.454380689612638
-0.780955464919458,-2.63436589394572,0.891594381258359,0.973272299327029,1.1722163508727,0.689548924298439,0.212814191940813,1.05093289039932,1.20331368475938,0.557762974732792
-1.87177378692872,0.248107351343761,0.770157422666747,0.894172220853798,1.07694763172211,0.633507697130202,0.195518293049644,0.965521157055868,1.10551761375418,0.512432294817899
-2.11249193582419,1.75668953435389,0.67542461025347,0.596470108560878,0.718393007327277,0.422590185725739,0.130423216871582,0.644064416155801,0.737451014148356,0.341825142172592
-2.18125414157046,-0.138124839130623,1.11443977249807,1.03562591467014,1.24731550605441,0.733725531827172,0.226448335512973,1.11826190535709,1.28040512020706,0.59349659008706
2.3098287173077,0.377018827959878,-1.32355349622157,-1.07269010237987,-1.29195588767752,-0.759984956638618,-0.234552732569011,-1.15828356624996,-1.32622975152191,-0.614737338033271
0.713964874568841,1.89974300380255,-1.18452496598287,-0.406576707713094,-0.489683991823073,-0.288053540249955,-0.0889014241684944,-0.439018797618515,-0.502674653983132,-0.233001015345781
1.16068051399615,-2.93546435927427,0.0341021441538266,0.108248714604619,0.130375551948027,0.0766926016120212,0.023669493874574,0.116886234818461,0.133834241179388,0.0620351828677558
-1.45907146625195,-1.45402521485589,1.24951656334779,0.818867265873116,0.986249787356128,0.580155258416826,0.179052229899142,0.884207372564148,1.01241367673563,0.469276524607253
1.30469525564389,-3.00331350433016,0.0537615700223403,-0.00362625489917672,-0.00436748820261953,-0.00256914757225514,-0.00079291119933579,-0.0039156056790597,-0.00448335183033799,-0.00207813447593513
-1.81421746466092,-0.446641497046095,1.15137497049429,0.812607894505525,0.978710954217295,0.575720587054771,0.177683565589501,0.877448545411691,1.00467484842436,0.465689403514462
1.29744748511273,-2.98259016718177,-0.191718824321913,0.186569281735525,0.224705421876466,0.132181556607352,0.0407949460402575,0.201456257051201,0.230666556546732,0.106919140354164
-1.94156145960101,2.75356203816388,0.53964847131782,0.176438157482439,0.212503420945789,0.125003806007155,0.0385796903272743,0.190516737143306,0.218140852831373,0.101113194777889
-2.1143976443831,2.88852081900903,0.331931598850398,0.434223100532564,0.522981511672391,0.307640597687611,0.0949465409893698,0.468871186857344,0.536855512553653,0.248844612569581
1.95486542972565,-2.04085305935898,-0.526039428465812,-0.470707446760753,-0.566923527929461,-0.33348921344784,-0.102924150817996,-0.508266738813802,-0.581963251802201,-0.26975306490865
2.00756812081769,-1.22179681592915,-0.718801185774572,-0.677732846450581,-0.81626644946352,-0.480163624871327,-0.148191999473175,-0.731811374608476,-0.837920907960507,-0.388395199135717
-1.22546358219382,2.56798159108984,0.0210681379079145,0.0440941443092179,0.0531073133107205,0.0312400443301479,0.00964155632188061,0.0476125608019593,0.0545161793895962,0.0252694760913385
-1.66753764477334,-0.757830396086678,1.06595595505026,0.873610370345578,1.0521827869951,0.618939932374817,0.191022271120591,0.943318609010984,1.08009579077861,0.500648707723715
-0.452705513922872,-2.14126460044371,0.633013397264381,0.708015289824875,0.852738848084409,0.501618284855291,0.154813510967081,0.764510153527495,0.875360870595254,0.40574946444287
-0.886183945332214,2.82144054733121,-0.339295544656304,-0.0593859961555975,-0.0715249326982686,-0.0420740935458639,-0.0129852486228082,-0.0641245996954796,-0.07342239361637,-0.0340329318897902
1.32208181607581,2.1948471211244,-1.32461111521919,-0.926752358244683,-1.1161873899991,-0.65659023909396,-0.202642214707495,-1.00070097053816,-1.14579835039993,-0.531103322813772
-0.387652479984907,2.80433073784448,-0.452859885613919,-0.387848361962185,-0.467127433777404,-0.274784786299639,-0.0848063135092024,-0.418796055693147,-0.479519700584627,-0.222268173318864
1.17174690219271,1.68482349859704,-0.970047414040613,-0.881328159457256,-1.06147814924424,-0.624407870981104,-0.192709830762951,-0.951652225845899,-1.08963774657104,-0.505071618985308
0.533836574672352,-2.8271839551116,0.13494539322546,0.520901306963914,0.627377384146521,0.369050815615505,0.113899461434472,0.562465731860334,0.644020868067583,0.298518166719926
-2.01955553094872,1.68063056334497,0.523806408692759,0.665083478562264,0.801031457285953,0.471201736172269,0.145426108563123,0.718152672140743,0.822281751792091,0.381146098275911
2.10792408296652,0.326819582404329,-1.19449319323594,-0.98278881705402,-1.18367811516073,-0.696291235331282,-0.214895058756359,-1.06120876230924,-1.2150795143428,-0.563216701547142
1.40696312341321,-2.40589237776202,-0.363156482325498,0.00717540730893809,0.00864211359711425,0.00508366917942966,0.00156896328946559,0.00774795660802105,0.00887137732630206,0.00411208305046804
-1.70141782546942,2.12675417848531,0.0922965428745467,0.561593534979229,0.676387404328926,0.397880652933046,0.122797160084005,0.606404926302109,0.694331058615527,0.321838072322933
0.607416302197121,2.5911292813029,-0.611546018536162,-1.0282092932944,-1.23838287245241,-0.728470966075015,-0.224826628734614,-1.11025348742021,-1.27123551576823,-0.589246272058018
0.197867092347602,2.82744367151594,-0.907941646797503,-0.538579748056112,-0.648669429261278,-0.381575727756565,-0.117765001590511,-0.581554793788454,-0.665877762696315,-0.308649329292868
-1.96045076276273,1.40784451479951,0.980652488181932,0.361838176818086,0.435800574545695,0.256356957623823,0.0791189672881091,0.390710432510189,0.447361781625399,0.207362254133293
-1.99368773209103,1.76576050539199,0.206381948762436,0.858774833859565,1.03431475720026,0.608429175793751,0.18777835601948,0.927299296378075,1.06175374602227,0.492146757172038
-1.34187664381869,-1.07477325789768,0.848809046635312,0.88766376162222,1.06910879531886,0.628896550727414,0.194095163578985,0.958493366501242,1.09747082349264,0.508702426430149
-1.22238532053782,-1.25942035623019,1.12378847957978,0.641616888241916,0.772768122459962,0.454576006534699,0.140294940790154,0.692813605560679,0.793268628448664,0.367697862635214
0.750990908083917,1.46239548889137,-0.884340721852199,-0.50567475485507,-0.609038412245498,-0.358263030291,-0.110570047471567,-0.546024203184723,-0.625195387740091,-0.289792132900794
-1.89072830520473,1.52213549671688,0.609064598253401,0.549459503313924,0.661773086907261,0.389283872270532,0.120143951782874,0.593302680425971,0.679329042875161,0.314884300391047
-0.2894592927794,2.41112901491809,-0.458360066771269,-0.316783481833157,-0.381536366901612,-0.224436377450182,-0.0692673784645217,-0.342060675541548,-0.391658017041211,-0.1815423055764
-1.84754035228068,-0.732713769567668,1.21776936671525,0.898323810294412,1.08194783672925,0.636449036398651,0.1964260730745,0.97000401544359,1.11065046752065,0.514811488058955
2.08150490229619,-2.19230472340851,-0.846062093805462,-0.270255148412495,-0.325497298233707,-0.191471746399035,-0.0590935661756918,-0.29181969368986,-0.334132306741181,-0.154877844175401
0.234486241128901,-2.25192640280398,0.515132639651708,0.258293406659103,0.311090488055366,0.182997030572344,0.0564780305160282,0.278903485303169,0.319343303134106,0.148022808161358
-0.864881086463519,2.04679273311952,-0.297538109882429,0.185836614609399,0.223822992174537,0.13166247286374,0.0406347421974935,0.200665128010446,0.229760717163601,0.10649926341321
1.16607682157257,-3.13703342350723,0.373519523112666,-0.0847274148640375,-0.102046324691943,-0.0600281111652739,-0.0185263634257256,-0.091488093373965,-0.104753477367719,-0.0485555943477087
0.709840892642064,-3.71377859344314,0.454454567221221,0.460199202126863,0.554267320424805,0.326044278676169,0.10062643455501,0.496920006852199,0.568971292019207,0.26373099915144
-1.96374631759953,-0.817242683236196,1.46848499333466,0.833361868058961,1.00370719335997,0.590424468125449,0.182221596841792,0.899858546630121,1.03033420440033,0.477583092500262
0.573108479224321,2.3753974502728,-0.581619146224728,-0.940016746851948,-1.13216311767625,-0.665987860809836,-0.205542585081742,-1.01502376824652,-1.16219789279123,-0.53870487980118
-0.0511446184840855,2.77159030849697,-0.815994322070286,-0.377452081307133,-0.454606076516399,-0.26741917633894,-0.0825330791139313,-0.407570221683722,-0.466666168442108,-0.216310271888475
-1.42544025004729,-1.63501180363975,1.46320926815054,0.692334226951081,0.833852460058741,0.490508485425104,0.151384714394357,0.747577847181281,0.855973451924595,0.396762959554662
1.95310787180313,-2.11012036666463,-0.61365425881675,-0.374237040949881,-0.450733858147405,-0.265141368143379,-0.0818300834403065,-0.404098642704505,-0.462691225292477,-0.214467796278322
0.63278327733762,2.34327344503663,-1.20449304978559,-0.491418352286429,-0.591867895621178,-0.348162581462476,-0.107452764882998,-0.530630235465187,-0.607569360246915,-0.281622072465321
-1.95550553754472,0.921040966190584,0.349145441877661,1.03744069253015,1.24950123792223,0.735011274904497,0.226845151988792,1.12022149029871,1.28264883662153,0.594536603142378
-0.460185713168597,-3.05774312096484,1.25862582668002,0.575355282483407,0.692962154737556,0.40763064601775,0.125806282173292,0.621264768806115,0.711345515011164,0.329724655790642
-2.40233396803694,2.56659584541109,0.944737910457711,0.322819986623239,0.388806777887261,0.228713151162329,0.0705873111184524,0.34857885286082,0.39912130231815,0.185001706271388
2.02980153866403,-0.889135045945506,-0.496415563613834,-0.997633268618554,-1.20155688234204,-0.706808308112664,-0.218140923214533,-1.07723770138405,-1.23343258133413,-0.571723761152801
1.92343451856652,-2.20521978669498,-0.19795491983932,-0.637729705209691,-0.76808637048535,-0.451821995267476,-0.139444975455169,-0.688616251436461,-0.788462675848271,-0.365470195441887
-0.5717407063078,-1.82268099926889,0.222270550428337,1.00865841359073,1.21483564843459,0.714619459073246,0.220551664093427,1.08914257885841,1.24706361535271,0.578042052201248
-2.68387384214174,1.80657352120366,0.92785374881461,0.865755153496113,1.04272190576283,0.613374628263702,0.189304661744988,0.934836598628042,1.07038392500554,0.496147039362088
-1.29472494455018,2.28062063416221,0.580975604472261,-0.225046778791632,-0.271048003722278,-0.159442290035274,-0.0492083750976369,-0.243003999881718,-0.278238545182304,-0.128969827744657
-1.96668021822975,1.4092908593636,0.641060302775993,0.63212388860633,0.761334683535052,0.447850357719244,0.138219216403527,0.68256312832786,0.781531875662404,0.362257613570751
1.8043799544259,-0.0168175340434316,-0.490036638674059,-1.14429331470732,-1.37819532583197,-0.810714765830606,-0.250209378486469,-1.23560023389292,-1.41475700676788,-0.655771713239263
-1.26525284343542,-1.20844509306173,0.81796197030693,0.897721205772859,1.08122205538957,0.63602210007271,0.19629430851652,0.969353327129495,1.10990543217156,0.514466147406846
-1.53049185978844,1.21067381623131,0.239201045722405,0.651442195757493,0.784601795451657,0.461537090532416,0.142443327095757,0.703422906609879,0.805416232976849,0.373328550728712
-0.262609013997531,-1.9200370520487,0.673690958737785,0.430078284493428,0.517989464600061,0.304704057273199,0.0940402420258402,0.464395642343034,0.531731033141106,0.246469301030038
1.74106476961218,-0.0311248890460238,-0.568706324932587,-1.02348704129194,-1.23269535723796,-0.725125320883208,-0.223794068530507,-1.1051544314319,-1.26539711837279,-0.586540043465926
-0.72427025934699,-1.5315405483363,0.849023051896326,0.536995616064963,0.646761488982644,0.380453393841176,0.117418617778029,0.579844258706563,0.663919207310805,0.307741494792324
1.11622571877328,-2.56378323775042,0.109860938689461,-0.0552147574281502,-0.0665010619448442,-0.039118833050428,-0.0120731721157631,-0.0596205241398382,-0.0682652462829811,-0.0316424780337107
1.71953642171174,-3.3902994739988,-0.208235564401205,-0.00355168486330129,-0.00427767550025575,-0.00251631581277909,-0.000776605832442273,-0.00383508545528075,-0.00439115651695658,-0.00203539987322984
-0.529626418388411,-2.52249911888756,0.887319444870123,0.720217517096417,0.867435300798265,0.510263381088848,0.157481630812336,0.77768603656111,0.890447200567394,0.412742317918764
-0.439729560173103,2.52841581984179,-0.675600755783158,-0.0639824263988131,-0.0770609072559219,-0.0453305958957342,-0.0139902968387069,-0.0690877941934238,-0.0791052301838215,-0.0366670545370497
-0.330906010708026,2.94599402566386,-0.62336069066644,-0.356894019357499,-0.429845794757349,-0.252854095720872,-0.0780378855851463,-0.385371764498948,-0.441249029483945,-0.204528855941778
-1.45880544458626,-1.03698083986373,0.589757574662454,1.17518895296299,1.41540626090018,0.832603865252673,0.256964970209796,1.26896113652543,1.45295509823532,0.673477388322863
-0.365823841309758,-2.22029837906844,0.804939883640545,0.529918003240577,0.638237159785533,0.375439010597112,0.115871038076919,0.57220189992598,0.655168739047297,0.303685455813648
-0.806596424222326,2.37641575512433,0.159968159944842,-0.347401463852618,-0.418412890746743,-0.246128761565405,-0.0759622583114414,-0.37512176683548,-0.42951282580255,-0.199088861399779
1.29859177843851,-2.19328283738513,-0.601881610027831,0.204736164176262,0.246585749361528,0.145052522167071,0.0447672880142175,0.22107273466614,0.253127339891197,0.117330218938002
-1.94065437531412,0.247758970891353,0.848198257322613,0.891836932882206,1.07413499362876,0.631853180393363,0.195007662650559,0.962999528792536,1.10263036012947,0.511093987782145
0.110548119599852,3.19201466365386,-1.07485953412558,-0.473127716599077,-0.56983851881122,-0.335203938571202,-0.103453363218552,-0.510880129925925,-0.584955573498071,-0.27114007336005
0.641779953540411,-2.79479358937289,0.0800572293339533,0.459682348608156,0.553644818226753,0.325678095658231,0.100513420176596,0.496361911894906,0.568332275669408,0.26343480069157
-1.29132767614367,-1.35762558050291,1.00490551000549,0.830707851709641,1.00051067645272,0.588544137081393,0.181641273796362,0.896992757605728,1.02705288816959,0.476062128577822
-1.50858490704794,1.04976897264439,0.672804822586058,0.355244386085346,0.427858964251746,0.251685355123727,0.0776771793654638,0.383590501573864,0.43920949101913,0.203583483961367
-1.1028541441442,-1.88072866902538,0.656122455183677,1.14308797722337,1.37674360845752,0.809860802180302,0.249945821285838,1.23429871857517,1.41326677727075,0.655080958328156
-1.72301211636418,2.11238260903695,0.264647573000155,0.450672861861365,0.542793725798805,0.31929500852113,0.098543419958625,0.486633528631182,0.557193318254748,0.25827164323586
0.912499791731496,0.843806217428044,-0.578953762840409,-0.64541333091704,-0.77734058607781,-0.457265729610762,-0.14112506498121,-0.696912978856891,-0.79796239341818,-0.369873528336729
-1.98260360527838,1.07161412809509,0.779463197690572,0.666459247182892,0.802688443181096,0.472176447743834,0.14572693196835,0.719638217854925,0.823982695309552,0.381934523877787
1.53408053673208,0.189811438669818,-0.665963864653368,-0.855897149383453,-1.03084885274794,-0.606390379214063,-0.187149126052833,-0.924191992012966,-1.05819589575475,-0.490497613499863
2.37193022568008,-0.620714595162267,-1.34994906042581,-0.723619924824947,-0.87153318581408,-0.512673936275567,-0.158225595941007,-0.781359933569105,-0.894653796998529,-0.414692170038496
-1.77383739301651,-0.829180865181644,1.57658043296351,0.591957189028606,0.712957613687121,0.419392849470433,0.129436428976541,0.639191395962512,0.731871426775782,0.33923887785089
2.27625683502136,-0.108310259064274,-0.854069913138588,-1.22582264032488,-1.47638984819802,-0.868477078409765,-0.268036452741821,-1.32363505198321,-1.51555649863942,-0.702494546320869
0.120247530130006,2.73230049481341,-0.686833574950953,-0.609136850650984,-0.733648925121893,-0.431564383787924,-0.133192906797302,-0.657741879169906,-0.753111651062487,-0.349084199841485
-0.316614470932253,3.33075087253925,-0.809067448348187,-0.370841870027327,-0.446644689194197,-0.262735940125881,-0.0810877007002615,-0.400432559950987,-0.458493576149445,-0.212522091427995
-1.65089755387549,2.50443379331121,0.28003411421497,0.227538580423572,0.274049148024969,0.161207694368736,0.0497532285278073,0.245694630544039,0.281319305834275,0.130397829642622
-0.863594026736231,-1.4877285870165,0.511411238912468,0.902688672284681,1.0872049087715,0.639541476091204,0.197380486940007,0.97471716409767,1.11604700266154,0.517312903551488
-1.70937076085037,0.327719001822211,1.11155484110148,0.458740605801771,0.552510576230218,0.325010884909956,0.100307500174049,0.495345024339171,0.567167943747879,0.26289510664142
0.309129138183704,-2.38839377737889,0.704533220783711,0.0988812224386386,0.11909327514715,0.0700558729689764,0.0216212127540762,0.106771279708166,0.122252660646381,0.0566668596349913
1.47214367773354,1.92000839291143,-1.43269828155552,-0.864788676566322,-1.04155787380525,-0.612689893757483,-0.189093333417874,-0.933793003332017,-1.0691890128351,-0.495593170678326
-0.659230257609361,-1.62747267567827,0.623819028253889,0.694457119771826,0.836409287862582,0.492012523361822,0.151848902803435,0.749870132587591,0.85859810895454,0.397979547158724
-1.23918191414,-0.867936927541686,1.09040407637794,0.532419041949003,0.641249429291415,0.37721095926165,0.116417911271722,0.574902504721436,0.658260920039239,0.305118751296215
-0.259715229932966,3.18179174928519,-0.560383156889879,-0.556753887151746,-0.670558496715132,-0.394451834548168,-0.12173893029323,-0.6011791070906,-0.68834751786927,-0.319064566521131
0.345233195430501,2.25812047723944,-0.482488652162526,-0.779004711385636,-0.938239032102857,-0.55191323243331,-0.170335946359771,-0.841164054024007,-0.963129260280527,-0.446432088382407
-1.57413965846872,-0.267266572557542,0.918524965593352,0.722056995442593,0.869650782114188,0.511566624092633,0.157883848257654,0.779672292921751,0.892721455643083,0.413796486330862
-1.41228347421477,-0.888531013350538,0.809863096170969,0.906809083892129,1.09216756296593,0.642460726329341,0.198281449668844,0.979166356870592,1.1211413094424,0.519674229397177
1.40412982178259,2.09554114393338,-1.60766744251351,-0.737222860820323,-0.887916662467715,-0.522311413772253,-0.161199992555274,-0.796048292472798,-0.911471905401964,-0.422487741792801
-1.06826465481516,-2.13086260324042,1.19032064027652,0.791542810795391,0.953340011702446,0.56079628907298,0.173077507479106,0.854702609536087,0.978630848696292,0.453617423492752
1.50801000926131,-2.43833541576783,-0.145039326403708,-0.236884107757874,-0.285304970220228,-0.167828861255767,-0.0517967068527173,-0.255785868176647,-0.292873729956315,-0.135753565267719
-2.24556929188231,2.6784148648447,0.80468598850563,0.256342754544167,0.308741108230651,0.181615022609655,0.0560515039890893,0.276797184253883,0.316931597401054,0.146904928276101
-1.64185215417099,2.58941560757626,-0.226057474772854,0.583114708444994,0.702307664716467,0.413128083711893,0.12750294606384,0.629643344831846,0.720938948885642,0.334171428301836
0.768301555905795,2.42813942192371,-1.04181239140483,-0.766256070826972,-0.922884475187389,-0.542881010526273,-0.16754834864358,-0.827398157593746,-0.947367367481435,-0.439126096331964
-1.46744712482161,2.47160840014303,0.209115691826097,0.139584170367742,0.168116206472953,0.0988933051857315,0.0305212554031176,0.150722049440833,0.17257610485311,0.0799929086071325
-1.98828001778572,1.7325268529645,0.626220383256812,0.538585035861317,0.64867579793295,0.381579474087775,0.11776615781369,0.581560503524991,0.665884300320339,0.308652359628739
0.949617693467113,-2.86466092231635,0.157562295681524,0.164080617046513,0.197619907908811,0.116248672710483,0.0358776099494953,0.177173147998178,0.202862500075624,0.094031334420116
-0.906911685892305,1.92388453894324,-0.147111501139869,0.150903153041723,0.181748872865348,0.106912635780461,0.0329962463722645,0.162944210891612,0.186570427673736,0.0864795921915247
-0.497927489928986,-1.71040341810602,0.56568854344015,0.63447562446903,0.764167131590028,0.449516527541893,0.138733443272641,0.685102516913513,0.78443946478056,0.363605346565384
1.3517111188579,-2.38644934882782,-0.322468111729314,0.0149000056464474,0.0179456769281713,0.0105564320207743,0.00325801182644858,0.0160889259992445,0.0184217517643927,0.00853889654379802
-1.30811393737749,-2.29745753166742,1.24003026327136,1.02022220659823,1.2287631662021,0.722812234142102,0.223080184905501,1.1016290848627,1.26136061156156,0.584669031713066
0.110326435667545,1.95746368085356,-0.0257306396045976,-0.821593208139097,-0.989532932369017,-0.582086547901286,-0.179648280152512,-0.887150826710156,-1.01578391919993,-0.470838707840326
-1.38204698966868,-0.537132795465585,0.521368430967469,0.972426986147008,1.17119824943088,0.688950032503838,0.212629357088873,1.05002012690632,1.20226857444634,0.557278542581384
0.823131920727041,-2.66620549672887,0.703359543386553,-0.231005440563757,-0.278224660001755,-0.163663913128902,-0.0505112867195543,-0.249438122833149,-0.285605588565958,-0.132384618156082
1.45058632572854,-2.64042161888034,-0.134897130744684,-0.118784091634706,-0.143064437911201,-0.0841567592821801,-0.0259731428646871,-0.128262264159203,-0.146859746336751,-0.0680727976609601
-0.423948127437167,2.34753878828704,-0.586559038901586,-0.0779129272004188,-0.0938389053832483,-0.0552001481775855,-0.0170363182588937,-0.0841298553743126,-0.0963283261886234,-0.0446503471592621
1.61661419873526,-2.26217418471507,-0.174622026198066,-0.373385549241997,-0.449708315240961,-0.264538098953836,-0.081643897601171,-0.403179207678628,-0.461638476102693,-0.213979823335624
-0.414067023966675,-2.30659717689326,0.594247424716236,0.76865336039361,0.925771788460081,0.544579454469505,0.168072536214032,0.829986734762883,0.950331277318242,0.440499935247249
1.67731816152349,0.108346637103738,-1.06503962719896,-0.634480872024401,-0.764173451784502,-0.449520245356696,-0.138734590694854,-0.685108183188549,-0.784445952641351,-0.363608353834877
-1.81379110043263,1.34139843016309,0.394655945869642,0.720768824935252,0.868099300034136,0.510653974479299,0.15760217891826,0.778281335061815,0.89112881481599,0.413058261463438
1.58836286642446,-2.03385073767945,-0.533485349165396,-0.155997264349957,-0.187884258176126,-0.110521737750463,-0.0341101167479735,-0.168444798060158,-0.192868576560872,-0.0893989259472123
0.322160592074674,2.561411854275,-0.791650321724876,-0.633527258926735,-0.763024913121413,-0.448844624683892,-0.138526075153064,-0.684078478172033,-0.783266944781802,-0.363061857157157
1.27635199276801,0.552195542901645,-0.723271212715715,-0.730454066598285,-0.879764276677785,-0.517515823907185,-0.159719938644593,-0.788739393944396,-0.903103247707369,-0.418608680605866
-1.80711625102569,0.481863327858896,0.812603136964696,0.716701155642185,0.863200169072973,0.507772091385148,0.156712748741027,0.773889093085642,0.886099716454918,0.410727161187905
-2.09925636915849,1.40787080946852,0.853430682495615,0.579307167023505,0.697721833686466,0.41043049733938,0.126670395038341,0.625531987183871,0.716231461884384,0.331989402129781
0.27600320668584,2.44915317291691,-0.781316481755479,-0.559476648050402,-0.673837810065701,-0.396380870081275,-0.122334284913819,-0.604119126017543,-0.691713827022367,-0.320624926575939
-1.24647511597996,-0.547916284745061,0.676828508485155,0.739736392247027,0.890943978295826,0.524092213341574,0.161749597388229,0.798762386821524,0.914579531874963,0.423928196603455
-0.0987052638373866,-2.65383570804433,0.649123867938079,0.590330233690127,0.71099809665245,0.418240175851441,0.129080681478208,0.637434620517859,0.729859926371797,0.3383065021427
2.04443766586269,-1.1133053503434,-1.17188390522424,-0.396242827497869,-0.477237790113004,-0.280732140071234,-0.0866418341553635,-0.427860343184811,-0.489898271167919,-0.227078874364925
0.605642543167787,1.47042048885698,-0.565015670905371,-0.634875438426925,-0.764648670475985,-0.449799789774648,-0.138820865964559,-0.685534233339309,-0.7849337782499,-0.36383447198347
-1.08641453326283,2.89147963491438,-0.164230943635677,-0.0528223959884343,-0.0636196841446424,-0.0374238806117016,-0.011550062121802,-0.0570372683290452,-0.0653074293788205,-0.0302714633298354
-0.628972783714076,-1.95104262172331,0.455846945522213,0.923712775261066,1.11252649378773,0.654436739833663,0.201977584267542,0.99741884925228,1.14204033550248,0.529361398330705
0.673133000953112,2.31866555491073,-0.857907682654509,-0.787328186386899,-0.948263886914103,-0.557810290468882,-0.172155944327204,-0.850151686413517,-0.973420061098241,-0.451202106166771
-1.5211895927263,2.9114753727749,-0.105897223031642,0.263525398841094,0.317391938109588,0.186703819087258,0.057622049706979,0.284552955312916,0.325811922240492,0.15102115870028
-1.60248710015209,1.43007237536269,0.464140431556893,0.452925132678798,0.545506377418104,0.320890708841034,0.0990358979572029,0.489065515529159,0.559977932897819,0.259562374793621
0.706657878361618,-2.76167091351066,0.22001256183668,0.282436414674033,0.34016850535219,0.20010199206928,0.0617571027194295,0.304972943165689,0.349192721386026,0.161858685313842
-0.583191649539915,-2.20968737513454,0.804599975128204,0.710913558109686,0.856229543828056,0.503671664756786,0.155447241757001,0.767639684150955,0.878944169833945,0.407410404285941
1.58345178610316,-1.74683455560173,-0.366402504379742,-0.392137741208245,-0.472293593844635,-0.27782374759246,-0.0857442224364463,-0.423427698587122,-0.484822911977241,-0.224726331153721
-0.19172137380953,2.64400989966445,-0.632829618587379,-0.352425791336039,-0.424464227903136,-0.249688422735164,-0.0770608698656485,-0.380547001898797,-0.43572469685004,-0.201968203435017
0.575245778507127,-2.60652999399229,0.126402816790389,0.408069833998172,0.491482324156683,0.289111397978393,0.0892279088162587,0.440631065350365,0.504520693671255,0.233856696288301
-1.81014287538651,1.60179431264327,0.619370440482551,0.442458581447517,0.532900385755711,0.313475313223964,0.09674729830813,0.477763803823597,0.547037521116302,0.253564202695238
0.762051713841403,2.05119976936699,-0.860455812441874,-0.758729715356894,-0.913819677031102,-0.537548699803089,-0.165902647580547,-0.819271249518986,-0.938062092339247,-0.434812891878504
2.47350483543319,0.379920923494555,-1.44567416008066,-1.1174480865021,-1.34586273456555,-0.791695321586424,-0.2443394430615,-1.20661293682236,-1.38156667504656,-0.640387247502923
0.273535055803329,-2.12077287767616,0.271911574711203,0.365171469327858,0.439815216681198,0.258718545707727,0.0798478197916274,0.394309699369282,0.451482926853809,0.209272497697392
2.20108220331793,-2.04757606732556,-0.844514507066411,-0.428416983703527,-0.515988581649847,-0.303527050413552,-0.0936769846050569,-0.462601780910668,-0.529677069439096,-0.245517242627531
1.47156158087516,0.992961910275389,-0.953620061418953,-0.884693040175312,-1.06553083645127,-0.626791838839978,-0.193445590294467,-0.955285601440088,-1.0937979461559,-0.506999965122583
-0.204213997251185,3.28327971897574,-0.526312951048982,-0.669353881944775,-0.806174762682874,-0.474227253348467,-0.146359868257855,-0.722763825024737,-0.827561502210521,-0.383593381421219
0.236527210585134,-2.69956114929033,0.514422473646358,0.428149882648252,0.5156668831647,0.303337813295151,0.0936185807079315,0.462313366985559,0.529346836722879,0.245364172331328
-1.0249233303256,3.26560326903337,-0.355630186849872,-0.0983805769810363,-0.118490294057688,-0.0697011731208627,-0.0215117424048408,-0.106230686106368,-0.121633683274106,-0.0563799496922017
1.56864141820583,-2.52610967164965,-0.188509334174794,-0.220898050164454,-0.266051244299994,-0.156502977610525,-0.048301220613753,-0.238524230581126,-0.273109228407453,-0.126592273978816
-1.06152310721112,2.89436018312334,-0.0750194891514375,-0.144841716324272,-0.174448433682101,-0.102618198169208,-0.0316708621422637,-0.156399112244659,-0.179076317591229,-0.0830059035054114
2.05718409544323,-0.403261637065919,-0.975368102468751,-0.832042961398039,-1.00211869242937,-0.589490042405208,-0.181933206783343,-0.898434400078033,-1.02870356266203,-0.476827253355246
-2.05969526576351,1.89569811116948,0.605093607454434,0.553469147275001,0.666602331729705,0.392124645281428,0.121020694232173,0.597632267038475,0.684286401111612,0.31718214750423
-0.234093173073629,-2.45314924675013,0.766193867366098,0.537200899302539,0.647008733631251,0.380598833956696,0.117463504688254,0.58006592216741,0.664173011029659,0.307859138528134
-0.714745241713504,-1.93311312345064,0.7991178492106,0.721357928869144,0.868808821166247,0.511071345840012,0.157730991458951,0.778917445532049,0.891857158595925,0.413395865197585
2.22099267133782,-0.312992635758994,-0.97645958688015,-1.00493371893091,-1.21034959865667,-0.711980568397127,-0.21973722821068,-1.08512067858712,-1.24245855666686,-0.575907503858642
-2.05809010079497,0.674502665573026,0.746140617931666,0.908418490502445,1.0941059441827,0.643600966935869,0.198633359989846,0.980904183316466,1.12313111332347,0.520596548278692
1.57045074752094,-3.67022450116456,0.0198038010772495,0.0518276333906752,0.062421584719501,0.0367191061311257,0.0113325488949677,0.0559631303587701,0.0640775459764078,0.0297013846929907
-1.40819848595867,-1.07623659598592,0.984547820673123,0.838462636569647,1.00985059665458,0.594038286624209,0.183336922870931,0.905366322201151,1.0366405839777,0.480506241366115
-1.6490306677017,-0.770079987595354,1.06248724113924,0.865270388790483,1.04213805156842,0.613031179691769,0.18919866385603,0.934313152955538,1.06978458193929,0.495869230362033
1.84973032241258,-1.85578599860663,-0.640688837631855,-0.362394630589297,-0.436470771580553,-0.256751196830698,-0.0792406405955221,-0.391311287554103,-0.448049758092311,-0.207681146709344
1.49316329386994,1.40083051051364,-1.25283871045302,-0.824925851227038,-0.993546792336067,-0.584447675879499,-0.180376990654473,-0.890749392327919,-1.01990426151001,-0.472748579233705
1.50120607783475,-2.61199703300076,0.120136875185324,-0.372099371147883,-0.448159232838125,-0.26362686093559,-0.0813626639197232,-0.401790401213109,-0.460048298613048,-0.213242740280547
1.05650238582963,-3.18383512035716,-0.102313111847352,0.398379422442977,0.479811120856702,0.28224588575893,0.087109018649428,0.430167424052958,0.492539868938671,0.228303314383619
1.41449439129051,-1.72204885699791,-0.578838114984953,-0.0918644625116799,-0.110642237629472,-0.0650846030961563,-0.0200869390519161,-0.099194629477418,-0.113577428392654,-0.0526456942401142
-1.12951050692725,1.73226934237334,0.100767184213388,0.219520444103712,0.264392045378397,0.155526964240013,0.0479999954367575,0.237036700811453,0.271406013154903,0.125802795376599
-0.834116668976983,-1.5809348577522,0.767583219311578,0.712930461276383,0.858658716909181,0.505100610602642,0.155888254634836,0.76981752264086,0.881437785631908,0.408566251329757
-2.32246806691046,1.47084548603686,1.08967978930376,0.560263243762344,0.674785191754979,0.396938161424512,0.122506280696435,0.604968486782972,0.692686341482305,0.321075708915587
1.43988157305546,1.14897436339795,-1.00020159199534,-0.880948270253422,-1.06102060787934,-0.624138725139763,-0.192626764786454,-0.951242024035683,-1.08916806724493,-0.504853912047028
-1.00262044131031,-0.800503697757792,0.615140678487715,0.677183173509466,0.815604419310548,0.479774189781554,0.148071808851418,0.731217841459346,0.837241315031947,0.388080192518373
1.09132041374704,-2.78186044792401,0.181937719394082,-0.00707808198990737,-0.00852489426353145,-0.00501471564084536,-0.00154768228810632,-0.00764286538236023,-0.00875104832038648,-0.00405630784809465
1.72756840890743,0.537440495750519,-0.999681038488393,-0.892257347879055,-1.0746413445583,-0.632151038155303,-0.19509958993329,-0.963453490081799,-1.10315014387276,-0.511334919245444
0.999240362213156,0.906684914068605,-0.537147557537881,-0.775866813332411,-0.934459724495002,-0.54969007841089,-0.169649818501153,-0.83777577278644,-0.959249692690413,-0.444633821490618
-0.303179113216471,-2.38674051057556,0.493191779030179,0.78402958657119,0.944291028915747,0.555473281641871,0.171434677673666,0.846589880492409,0.969341808484321,0.449311744294831
2.09547958216221,-1.27179926373272,-0.815062237822814,-0.658089973714295,-0.792608428357292,-0.46624694217646,-0.143896919780001,-0.710601132588061,-0.813635271157832,-0.377138259903743
1.92296790199682,-2.32123969234319,-0.425781264613211,-0.41485527813711,-0.499654763229588,-0.293918784061534,-0.0907116033716119,-0.44795794234718,-0.512909936635635,-0.237745299211074
-1.74893713417943,2.14936391379968,0.410613005204271,0.344444488227031,0.414851487447951,0.24403378838759,0.0753156906666178,0.371928844419844,0.425856943231733,0.197394277548702
1.96151760176356,-2.4351567406989,-0.69600779447838,-0.192797404601289,-0.232206619088738,-0.136594088871402,-0.0421567776015814,-0.208181342281312,-0.238366750500592,-0.110488353552785
-1.79274688944552,1.72911995976524,0.802653854772633,0.235702880144104,0.28388229095162,0.166991979089297,0.0515384214784225,0.25451038653475,0.291413308907193,0.135076627243131
-1.03964196054642,2.82266338191257,0.16831400652681,-0.326321923815235,-0.393024536924506,-0.231194221491128,-0.0713530392032417,-0.352360221114829,-0.403450952868372,-0.18700859674478
-2.02571567441479,1.95328272300455,0.902452549644269,0.270062123870977,0.325264818049237,0.191334991387042,0.0590513597326889,0.291611267086662,0.333893659167975,0.154767225654204
-1.79527478223357,-0.292908409081777,0.979362587859549,0.872269427612091,1.05056774565583,0.617989894425457,0.190729062689134,0.941870668055778,1.07843790455006,0.4998802401443
1.3823976979735,1.00241808448775,-1.01901032243914,-0.761376387633879,-0.91700734868335,-0.539423827681307,-0.166481364782658,-0.822129108463408,-0.941334328662186,-0.436329647059325
0.296033286377956,-2.68618440913956,0.469671475180383,0.407445594635071,0.490730485653943,0.288669133689531,0.0890914136178155,0.43995701587971,0.503748909897379,0.233498957139299
-0.563650399551891,2.45239028618888,-0.320044075802011,-0.20761503305877,-0.250053080321659,-0.147092157881046,-0.0453967769613068,-0.224181317945318,-0.256686654509876,-0.118980041369899
-1.33421385274032,2.2382518077176,0.0183486458794783,0.264655145748979,0.31875261363553,0.187504227940567,0.0578690783910024,0.285772848434445,0.327208694670482,0.151668594157421
-1.97363831804487,0.50063389569221,0.908284753667162,0.776271499625313,0.934947131657255,0.54997679262041,0.169738306570189,0.838212750326846,0.959750030113579,0.444865739146879
-1.83613020721083,2.57213060744624,0.784279476567475,-0.0351541107539041,-0.0423398708199236,-0.0249061637444977,-0.00768674262964526,-0.0379591726278079,-0.0434630910331766,-0.0201461208766975
-0.773891105952442,2.85380306530795,-0.190955968504503,-0.283204867925788,-0.341094036128326,-0.20064642974976,-0.0619251315002029,-0.305802713824487,-0.350142805257285,-0.162299070570813
1.30224872023308,-3.08763717957922,-0.188783121801945,0.220329476473087,0.26536644994372,0.156100151620781,0.0481768971836391,0.237910288528849,0.272406267371688,0.126266435717858
0.438830418856582,1.58096997082207,-0.199649687731722,-0.821004769667089,-0.988824212724116,-0.581669648010403,-0.179519613120672,-0.886515434801194,-1.0150563981696,-0.470501485469134
-2.08659713266722,-0.617431996255432,1.69304494077115,0.685858072677337,0.826052531985471,0.485920226603663,0.149968648675027,0.740584939303101,0.847966602179053,0.393051604494984
-1.37023995126697,2.55776199417399,-0.0227072385328879,0.205303125415852,0.247268601668964,0.145454205758753,0.044891258868159,0.221684935603821,0.253828307358163,0.117655133134955
-2.10205948029835,0.801016757801595,0.810103348433904,0.847441808213242,1.02066517734818,0.600399895962329,0.185300294436063,0.915061971420101,1.04774206105047,0.485652025839824
1.68842999279569,0.184194629512227,-0.852678838786211,-0.838962320798952,-1.01045242003358,-0.594392305456395,-0.183446183039497,-0.905905877875091,-1.037258372927,-0.480792600448107
0.620089392102527,-3.04531471640255,0.446025780361157,0.287675186818216,0.346478121242988,0.2038135840864,0.0629026044062618,0.310629734133064,0.355669722957724,0.164860921314093
-1.01658951277374,2.64164016027569,0.260114099559442,-0.34853454879959,-0.419777586631632,-0.246931535369677,-0.0762100168858475,-0.376345264349189,-0.43091372524624,-0.199738209820652
-1.83649594402485,0.415359603368467,0.753888715408559,0.812998617132357,0.979181543436926,0.575997408214911,0.177769000385251,0.877870445079282,1.00515792174735,0.465913318871745
1.56949362379772,0.579889751836035,-0.610825359342666,-1.07816162164141,-1.29854582591673,-0.763861446520929,-0.235749126374875,-1.16419167599108,-1.33299451201945,-0.61787295677197
1.40126378410554,-2.56495567200733,-0.101292382933904,-0.131966838660276,-0.15894183586394,-0.0934965391537186,-0.028855661618942,-0.142496905836117,-0.163158350447398,-0.0756275674835639
1.64206266892019,-1.658349627309,-0.433291842825125,-0.423468036234916,-0.510028032740433,-0.300020794861277,-0.0925948555264648,-0.457257940680941,-0.523558395129499,-0.242681099377798
2.22219129853704,-2.55080318923462,-0.723344814076517,-0.348832525092096,-0.420136471480702,-0.247142647133677,-0.0762751719138402,-0.376667017148042,-0.43128213083094,-0.199908974100518
0.0344868319876265,-2.84182459524377,0.839114736084864,0.400369663385368,0.482208181757809,0.283655941816078,0.0875442016071834,0.432316472852174,0.495000520663377,0.229443881837589
1.43686335785656,-1.31177196479767,-0.2739666256847,-0.506035457042643,-0.6094728446262,-0.358518582417167,-0.110648918045231,-0.546413686983677,-0.625641345031518,-0.28999884414211
1.89890113680131,-1.49418437486405,-0.641888983922376,-0.541420134790765,-0.652090412038107,-0.38358809944209,-0.118386076091607,-0.5846218243029,-0.669389499576303,-0.310277098372094
-0.707361932163632,2.5614766849136,0.201965024793585,-0.535309553151056,-0.644730782347257,-0.379258843385576,-0.117049945910113,-0.578023659299046,-0.661834628741095,-0.306775245709619
-0.781267537431157,-2.57653909222795,1.19924368306253,0.710877535976683,0.856186158504825,0.50364614361221,0.15543936521399,0.767600787693734,0.878899633556044,0.407389760718798
1.18996497991757,0.943279473069736,-0.583830462530275,-0.915480445075745,-1.10261141446647,-0.648604256542314,-0.200177515882373,-0.988529634422716,-1.13186222237185,-0.524643613825461
0.680554446000115,-1.91720961219198,0.170662669378876,0.0205567097908958,0.024758653209071,0.0145641226337466,0.00449489786787954,0.0221969971328517,0.0254154672049291,0.0117806410514476
1.03431681602359,2.24582981494325,-1.54234143955084,-0.531350275868914,-0.639962199525189,-0.376453754416345,-0.116184216559702,-0.573748458288095,-0.656939541786856,-0.304506262737221
0.246114966132395,-2.72413338088143,0.0296025642491476,0.808491019486703,0.973752559516347,0.572803842436987,0.176783376165577,0.873003171423409,0.99958491413565,0.463330104417293
0.760230329865995,-3.41655256225596,0.281998314477139,0.438647933583786,0.528310813303713,0.310775525983402,0.0959140680328497,0.473649091860158,0.54232619343812,0.251380396282989
-0.696595997257665,2.17451695384233,-0.231978240985538,-0.0572885859252884,-0.0689987963146934,-0.0405881096448301,-0.0125266321969218,-0.0618598302191306,-0.0708292422090708,-0.0328309478508927
2.38956615024409,-0.937978240462709,-1.18168168847418,-0.748965309424322,-0.902059354356109,-0.530630763669621,-0.163767577919405,-0.80872770958998,-0.92598978401368,-0.42921710526954
-0.0988145332735279,-2.13563629466492,0.455583768103328,0.543762842306571,0.654911986285354,0.385247872815469,0.118898328836573,0.587151464140229,0.672285926419138,0.311619657400897
-1.94113132350148,2.35912722773923,0.317630519920895,0.500387603710185,0.60267052832868,0.354517162472631,0.109413967308445,0.540315172897398,0.61865857236948,0.286762171858574
-1.88905587563689,-1.08047861821088,1.37312678772759,0.945012047911115,1.13817949519273,0.669526957190446,0.206634849763623,1.02041766077193,1.16837387676626,0.541567587370658
1.25878574035014,1.43221698838112,-0.973858604080186,-0.855821526101274,-1.03075777150795,-0.606336801245272,-0.187132590384757,-0.924110334500904,-1.05810239825113,-0.490454275302673
-1.84090448450961,3.27308013862471,0.503124084808665,-0.0790721327977922,-0.0952350611725417,-0.0560214280735225,-0.0172897883336805,-0.0853815577908481,-0.097761520125956,-0.0453146648047607
-0.837778919366495,2.81721093247402,-0.195347963953635,-0.211478171385419,-0.254705872675157,-0.149829133832584,-0.046241484718745,-0.228352708757985,-0.261462879229093,-0.121193929021244
0.516963991033646,1.89660012313514,-0.388557257106709,-0.860309262511078,-1.03616283440927,-0.609516295633487,-0.188113871777802,-0.928956162127733,-1.06365085025089,-0.49302610767834
-1.35683344944216,-0.446421014779168,0.441469042526624,0.978810030566766,1.17888603530783,0.693472324380877,0.214025063553808,1.05691249538967,1.21016030701289,0.560936538237767
-0.740565426992577,2.17044272269665,-0.237441870998128,-0.0140812466408102,-0.0169595575302434,-0.00997635346312175,-0.00307898326856253,-0.0152048355253558,-0.0174094719361427,-0.00806968206097625
-0.55465759269628,2.52378390564081,-0.21648138243262,-0.323518919989522,-0.389648578399506,-0.229208335039658,-0.0707401387902857,-0.34933355641432,-0.399985434673468,-0.185402251066291
-1.8024481777993,1.46530453537028,0.699448995565288,0.425451441843784,0.512416861115325,0.301426008186458,0.0930285438809306,0.459399608732939,0.526010595930067,0.243817749638233
0.616491585118014,1.7754270261542,-0.512752098430844,-0.801505037518782,-0.965338591200019,-0.567854378289617,-0.175255832323588,-0.865459755026066,-0.990947734479666,-0.459326577257884
1.77564276354872,-2.50123770763963,-0.390766674719545,-0.248218656724942,-0.29895638477107,-0.175859220337243,-0.0542751015230558,-0.268024838006128,-0.306887298298986,-0.14224916958472
-1.73591140304795,2.71763787321998,0.102050172655898,0.357519674777019,0.430599338768908,0.253297363264611,0.0781746904162616,0.386047343017812,0.442022564011511,0.204887406604518
1.92300370338384,-0.138052143825409,-0.942144172162975,-0.845289244187141,-1.0180726133253,-0.598874836418656,-0.184829618167836,-0.912737647245577,-1.04508071976734,-0.484418434258792
0.0199094684792907,-2.74603782477744,0.418973535492499,0.704690474500217,0.848734415933313,0.499262702730747,0.154086512071542,0.760920040275938,0.871250206208499,0.40384407898476
-1.10478074306062,2.75464855369017,-0.0341212132369849,-0.086666450083933,-0.104381713042409,-0.0614018887308948,-0.0189503498206453,-0.093581850578028,-0.107150820451401,-0.0496668168217362
2.04369821877474,-1.95315249836694,-0.527444216547473,-0.57863502035932,-0.696912295276211,-0.409954291441421,-0.126523424504706,-0.624806207731345,-0.715400447501525,-0.331604208260468
-2.02659893451087,0.58076913842685,0.914961004799043,0.785454015817962,0.946006622028673,0.556482468542114,0.171746141134959,0.8481279696238,0.971102913990762,0.450128056332609
0.26350917627445,2.46934184686065,-0.678265694016337,-0.637149485814849,-0.767387549957737,-0.451410918470318,-0.139318105593829,-0.687989734431807,-0.787745316545577,-0.365137683260159
-2.27973058867911,0.765430690665728,1.29886672571352,0.629890355018929,0.758644599174092,0.446267932447671,0.137730835458231,0.680151373764995,0.778770426956889,0.360977619946422
-1.49308178783622,-1.0809752071599,0.975064198671251,0.919848076944832,1.10787182257125,0.651698658652744,0.201132535405232,0.993245773973337,1.13726218207655,0.527146616680391
1.89614139912654,-2.3517465833194,-0.35329047682425,-0.4370776302807,-0.526419528399191,-0.309662989487487,-0.0955707079795745,-0.471953488902736,-0.54038473527155,-0.250480486728215
0.914322809026496,1.05497974769579,-0.818144901323627,-0.540615589139212,-0.65112141130889,-0.383018090834056,-0.118210155403395,-0.583753081313266,-0.668394792552177,-0.309816029279478
-1.23229562917964,-0.800643300651608,0.886544127981277,0.660260318567569,0.795222407739835,0.467784599171288,0.144371483975963,0.712944656380316,0.816318595921517,0.378382041322772
-1.97636375497564,0.741924533134841,1.28454908374594,0.392175636235358,0.472339234895376,0.27785059565461,0.0857525085035408,0.42346861738282,0.484869763824088,0.224748048039184
2.07107182456782,-2.78889618469386,-0.702262071941939,-0.145878956489528,-0.175697693403492,-0.103353067373525,-0.0318976634472737,-0.157519117206953,-0.180358718504208,-0.0836003251903657
-0.296064059192996,-2.53711215133944,0.823840328355829,0.576887144204779,0.694807140316936,0.408715947225723,0.126141236650702,0.622918862801851,0.713239445593346,0.330602535240394
1.15805761329076,-2.27788651921113,0.393893714185941,-0.422112155962044,-0.508395000518326,-0.299060173887802,-0.0922983808761134,-0.455793870271058,-0.521882040744021,-0.241904071392001
2.04984379846311,-2.7172959436316,-0.824639133727346,-0.0594984498078442,-0.0716603727081919,-0.0421537652831503,-0.0130098375617415,-0.0642460263937152,-0.0735614266688293,-0.0340973768386909
-1.24875594830735,2.74824160544546,-0.424608192606662,0.343514382565022,0.413731261314114,0.243374822382736,0.0751123152237773,0.370924522574429,0.424706998995015,0.196861252514273
0.19512834788185,-2.67868485514209,0.5031539165669,0.4641778100593,0.559059185224963,0.328863063123147,0.101496390715045,0.501216080969476,0.573890278591314,0.266011060134606
-1.88913456647392,-0.359267179573229,0.921538740627562,1.0226295702005,1.23166261271776,0.724517815389493,0.223606575248756,1.10422853990783,1.26433697652006,0.586048643857572
-2.09853605394866,1.83044555810271,0.696658488655232,0.539821142585139,0.650164574007323,0.382455237286131,0.118036442967973,0.582895243261247,0.667412571635188,0.309360747778534
0.729444116864513,-2.65553777238897,0.279084833002667,0.176322268496404,0.212363843394461,0.12492170038706,0.0385543502236519,0.190391600994725,0.217997572474062,0.1010467811076
-1.55767925022052,1.52538914227251,0.163088893283696,0.613820564902739,0.739290025184556,0.43488272555749,0.134217040397383,0.662799322353899,0.758902401974165,0.35176834321602
-1.71412713576071,1.71954894557992,0.868935612409393,0.12069655604801,0.14536782418582,0.0855117118271814,0.0263913193287806,0.13032733038481,0.149224238372264,0.0691687929348134
0.882205125255755,2.21889938803259,-0.710705926582166,-1.04204441612941,-1.25504599665182,-0.738272944488471,-0.227851794958466,-1.12519256011352,-1.28834069039326,-0.597174905466762
1.47805107598197,0.835092836101374,-0.859915330003568,-0.903161781963068,-1.08777472556496,-0.63987666724997,-0.197483936359019,-0.975228024750056,-1.11663193593334,-0.517584033287508
-0.130916259589135,2.07101687614843,-0.555364669079743,-0.245755364109397,-0.29598957693844,-0.174114014217172,-0.0537364818296223,-0.265364991188189,-0.303841785017759,-0.140837505636375
-0.675560985274658,-1.48641699644345,0.460373002279343,0.782250004105259,0.942147686640689,0.554212473976913,0.171045556967425,0.844668299300878,0.967141606201883,0.448291901019043
1.18390334393784,1.31039265401975,-1.26624770539187,-0.516983950322037,-0.622659290853429,-0.36627542679537,-0.113042898385404,-0.558235796475119,-0.639177610062077,-0.296273207631732
-2.2084269290505,0.300283293342295,1.31091085878009,0.737584917766649,0.888352726529873,0.522567925724814,0.161279159358359,0.796439239131153,0.911919537661176,0.422695229419383
1.45584221389613,-2.95378253044208,-0.246599517767176,0.0838247709608916,0.100959173703453,0.0593886014074505,0.0183289927279352,0.0905134245512827,0.103637485715772,0.0480383071004592
0.207373477017207,-2.54626488250089,0.571822427612233,0.349477006471355,0.420912689617314,0.247599252589423,0.0764160931997359,0.377362923811759,0.432078940997808,0.200278313545917
1.8400389825917,-2.12937755277317,-0.45784314333613,-0.392595212890328,-0.47284457611976,-0.278147859463819,-0.0858442524757534,-0.423921673436154,-0.485388511076096,-0.224988499065446
0.000429531793581497,-2.49062686997354,0.598882583670516,0.48298156961132,0.581706572210084,0.342185246628038,0.105607991237611,0.521520254210657,0.5971384704997,0.276787120309283
0.847927939450147,-2.79994059882619,0.447623676840335,-0.00101423822356991,-0.00122155601281454,-0.000718572671315712,-0.000221771736577483,-0.00109516762018894,-0.0012539622620223,-0.000581239730193915
0.761867962605877,-2.90617676384521,-0.0962024063723563,0.537979419307867,0.647946388879795,0.381150403782109,0.117633734649548,0.580906562839089,0.665135541019383,0.308305292841126
1.24971839759628,1.16104940146412,-0.913201542067407,-0.791933847367153,-0.953810979039671,-0.561073332658425,-0.173163010921562,-0.855124848199303,-0.979114310167833,-0.453841518765623
0.232785245852284,-2.67807526372082,0.857874188266295,0.154560773699942,0.186154138219986,0.109504005525712,0.0337960159591962,0.166893685106572,0.191092558833471,0.0885757017594051
-1.96255475162436,0.0700069245860929,1.02782959501435,0.837909494872975,1.00918438870678,0.593646393972802,0.183215973776533,0.904769043513074,1.03595670242299,0.480189246874031
1.20126959732489,-2.87155482348187,0.25593600439885,-0.124137189618558,-0.149511748688292,-0.0879493494534834,-0.0271436428600134,-0.134042503400216,-0.153478095656136,-0.0711405515234445
2.127443743817,0.66663615464395,-1.35084558979809,-1.0069634348795,-1.21279420354701,-0.713418591908074,-0.220181042711276,-1.08731235223284,-1.24496801365933,-0.577070693652634
1.93923181099784,0.0126195135897486,-1.09321785391246,-0.798523245943422,-0.961747299387903,-0.565741823381095,-0.174603838462173,-0.862240036514577,-0.987261170493192,-0.457617771880133
-1.12605445190255,2.37958519993504,-0.0416659244435483,0.0806253386499178,0.097105753780758,0.05712185128015,0.0176294098851891,0.0870586990355832,0.0996818397101087,0.0462047761508382
0.055930569349864,2.7436147934064,-1.00299051838921,-0.31156654471537,-0.37525304927799,-0.220740255223966,-0.0681266511902577,-0.336427461888988,-0.385208011394586,-0.178552582794993
-1.73449770269515,2.13604879112192,0.289612887234569,0.431872640266797,0.52015059995579,0.305975331606385,0.0944325930402768,0.46633317565269,0.533949500530875,0.24749761059415
-2.12832931406442,1.9754735367254,0.636109628279554,0.557080729657896,0.670952148245269,0.394683397594488,0.121810397162149,0.601532029433023,0.688751612448642,0.319251873453246
-1.57078020080365,2.13596786296823,0.544025148029671,0.0937909075769621,0.112962462304666,0.0664494607248014,0.0205081725034074,0.10127479191711,0.115959205529016,0.0537497015472307
-0.348319740560147,-2.06954233340555,0.336202815124168,0.823962596165273,0.992386640820152,0.583765224018777,0.18016636681596,0.889709275983343,1.01871333272416,0.472196556938353
1.53963705471767,2.00067183313251,-1.41937221798974,-0.963405565296239,-1.1603327834799,-0.682558490231863,-0.210656747378475,-1.04027885727729,-1.19111486219828,-0.552108545928319
-0.920384830003371,3.34323060496513,-0.624836060373627,-0.00640475052109115,-0.00771392886582178,-0.00453767032645642,-0.00140045268695203,-0.00691580658575301,-0.00791856909400144,-0.00367043499083997
2.06200243659989,-0.0348643660508477,-1.49223403367747,-0.572738315124631,-0.689810259908351,-0.40577656363154,-0.125234060201929,-0.618438985032816,-0.70811000462259,-0.328224923906956
0.641137227409561,-3.22459900473598,0.802126710306559,0.059833317962779,0.072063690389043,0.0423910143820683,0.0130830593064151,0.0646076147777798,0.0739754438289827,0.0342892831103159
-1.21338106586293,-0.71419326913824,0.97395275667198,0.542800676619892,0.653753146820844,0.384566192760765,0.118687943199105,0.586112524095552,0.671096344491667,0.311068259404715
-2.21527149423082,0.378459525053454,1.33919367065586,0.691417590848351,0.832748456761654,0.48985906240233,0.151184284184188,0.746588069675486,0.854840160894816,0.396237653656447
1.78225531180672,-1.8800120760917,0.0409884799499649,-0.828812426657819,-0.998227812511008,-0.58720125667015,-0.181226823132281,-0.894946090368179,-1.02470946289706,-0.474975898222743
-1.79308564420865,1.73247912907909,0.941803791956887,0.125899642151295,0.151634459545202,0.0891980208159744,0.0275290179619737,0.135945587804962,0.155657119196462,0.0721505779756142
1.98083504725768,-1.63255271491095,-0.814262845368997,-0.423416048598431,-0.509965418446805,-0.299983962395338,-0.0925834879915446,-0.457201804780316,-0.523494119762303,-0.242651306298518
1.83373674037067,0.944293176154398,-1.14852655353573,-1.0215756112293,-1.23039321674293,-0.723771101160245,-0.223376118235906,-1.1030904820912,-1.26303390516574,-0.585444640957844
0.692621320818269,-2.31680065038147,-0.0354485306018567,0.324145697224517,0.390403473533915,0.229652397372948,0.0708771889158104,0.350010346261997,0.400760356167368,0.185761444619141
-0.999133250017372,-1.0638478008702,0.322169120222205,1.0039274159759,1.20913759993996,0.711267617745368,0.21951719158746,1.08403407941661,1.24121440524325,0.575330811672852
1.48689747987602,-0.727368028913874,-0.560195108393356,-0.548048392399699,-0.660073534492493,-0.388284121210483,-0.119835400487252,-0.591778972340592,-0.677584403605171,-0.314075620824455
1.69395053870897,0.864028068905882,-1.17615684074166,-0.850469750630449,-1.02431205357532,-0.602545148054746,-0.185962379568052,-0.918331523300574,-1.05148568403225,-0.487387279346071
2.42167689871343,-0.593165502035148,-1.14155358711476,-0.939389679152453,-1.13140787270425,-0.665543592686776,-0.205405471443707,-1.01434666475723,-1.16142261217901,-0.538345519788909
2.24361742494067,-0.38484140258683,-0.879076961175578,-1.07286232815468,-1.29216331767364,-0.760106976034257,-0.234590391186361,-1.15846953448459,-1.32644268435873,-0.614836037195417
-1.55468559383089,2.52150773248162,0.224447114210863,0.18269117286787,0.220034598892731,0.129433974250542,0.039946964847842,0.197268701148926,0.225871822868745,0.104696673383866
1.20041275930154,2.17894508160637,-1.44996255862387,-0.719227613109863,-0.866243053120371,-0.509562048861928,-0.157265179961795,-0.776617144886575,-0.889223324151266,-0.412175023655256
-1.01284338970881,-1.82490551437258,0.953181686712265,0.81295632055433,0.979130601125732,0.575967441719511,0.177759751881948,0.877824773518475,1.00510562800469,0.465889079545096
0.651078738741003,1.34812870284183,-0.303445697010925,-0.831307929054007,-1.00123341404151,-0.588969282939947,-0.181772485765748,-0.897640717090873,-1.02779479902114,-0.476406020955007
2.72717035796807,-0.709375220106858,-1.59151363696909,-0.802842492759902,-0.966949432177702,-0.568801945402592,-0.175548278185442,-0.866903930210442,-0.99260130891665,-0.460093046224867
-1.48450784612773,-0.564702767524138,1.19226331899703,0.54545955533199,0.656955519993763,0.38644996871641,0.119269329441141,0.588983563466609,0.674383672346981,0.312592009850442
1.90576875013479,-1.14324688017476,-0.782647638021928,-0.571281903282649,-0.688056146721366,-0.404744717539066,-0.124915603476613,-0.616866361309974,-0.706309357155982,-0.327390283280708
-2.0313697173455,-0.413666005534071,1.05966569529878,1.05632088199748,1.27224067766225,0.748387607865735,0.230973464556567,1.14060819204899,1.30599152332144,0.60535646377963
0.755689215754513,1.34999018018037,-0.308206168162284,-0.917225987495635,-1.10471375865848,-0.64984094734178,-0.200559193445625,-0.990414459401213,-1.13402033894687,-0.525643949428677
0.584675193928932,2.24310667658342,-0.843902091773405,-0.69421172974851,-0.836113738304795,-0.491838668186115,-0.151795246206449,-0.749605162088937,-0.858294718861795,-0.397838919022621
-1.56487603427593,0.125893653071362,0.582574447928509,0.826655014104883,0.995629408886577,0.585672762017447,0.180755086692794,0.892616530786951,1.02204212709554,0.473739528047527
-1.67861149463488,2.405038416425,0.27012491832206,0.296824475147165,0.357497591729776,0.210295718561701,0.0649031734185568,0.320509074206019,0.366981525276197,0.170104196272777
-2.35895700457489,0.0147133835949212,1.32207125572208,0.96593656958094,1.16338114374732,0.684351669060766,0.21121017279911,1.0430118187007,1.19424409139145,0.553559014085969
-1.65789202188574,2.10553255301405,0.492243024789225,0.219964364740008,0.264926706673818,0.155841475397316,0.0480970624256818,0.237516043332279,0.271954858300266,0.126057197453815
1.50240743833675,-0.244780247181187,-0.325483987284918,-0.929156121264245,-1.11908249994633,-0.658293269382148,-0.203167817752993,-1.00329653769828,-1.14877026374665,-0.532480871536027
-0.708424275913526,-1.34049928125217,0.305933569251309,0.875196803275763,1.05409349854172,0.620063896471234,0.191369158052787,0.945031628631389,1.08205719095014,0.501557860846604
-2.08421963840326,1.40723716308148,0.587589102083308,0.774640283237253,0.932982482582974,0.548821100111271,0.169381627357449,0.836451373829481,0.957733261523829,0.44393092151602
0.449660225016114,2.26038161174804,-0.703607898749125,-0.695738684971121,-0.837952814460803,-0.492920493212812,-0.152129127836548,-0.751253958080273,-0.860182583251496,-0.398713986655632
-0.506051430635934,-2.31693818041646,0.801714293479895,0.688572522036721,0.829321834856708,0.48784337353502,0.150562185907496,0.743515983485775,0.851322635288175,0.394607201372136
0.389215779786696,2.69853915095767,-1.15987128366971,-0.454996743280965,-0.548001440538856,-0.32235841408989,-0.0994888730769313,-0.49130242674036,-0.562539186710142,-0.260749573579357
-0.545425837940756,-1.74929893852055,0.473910361045232,0.761481018752094,0.917133367175468,0.539497957269771,0.166504243258589,0.822242088441949,0.941463690256559,0.436389609069736
0.972276333688206,-2.29580150975219,-0.303677404773381,0.288128223499622,0.347023761970518,0.204134553825852,0.0630016646952885,0.311118920098159,0.356229838804862,0.165120547615241
-0.634504625593013,-2.09427690837471,0.797920825312369,0.715660351754838,0.861946617178355,0.50703469733682,0.156485168198143,0.772765240040173,0.88481290950309,0.410130697204782
1.21429566260282,-2.69109119197216,0.0388029099895782,-0.034377434660722,-0.0414044363927961,-0.0243559003033699,-0.00751691585528356,-0.0371205230000764,-0.0425028407802951,-0.0197010232730396
-1.61287214190662,-1.43378698017637,1.45893263628878,0.77812820845808,0.937183365498579,0.551292243167245,0.170144291606635,0.840217612051153,0.962045588251447,0.445929782007744
0.891723535215338,1.73940631696114,-0.89321701043309,-0.724213328062915,-0.872247885059797,-0.513094353629168,-0.158355348560772,-0.782000686398998,-0.895387456260506,-0.4150322376182
1.35294559607735,0.401797838205356,-0.449443942723549,-0.952219018519967,-1.14685962386155,-0.674632988497635,-0.208210714634661,-1.02819969921916,-1.17728427765334,-0.545697758719811
0.981947424126516,-2.61855365512692,0.0839847779187365,0.100095972675049,0.120556329310236,0.070916505414169,0.0218868281323731,0.108082958852787,0.123754527681997,0.057363008807105
-2.15382438099436,1.19075941943581,0.913030215735802,0.662047576059785,0.797374993873277,0.469050844478027,0.144762282891394,0.714874525013668,0.818528287289553,0.379406283003297
-0.00374042209800757,2.66512166237089,-0.76879120318213,-0.413980143348955,-0.498600744422516,-0.293298764101852,-0.090520247773688,-0.44701297768206,-0.511827956117619,-0.237243776889858
1.57432557647896,1.1699509772853,-1.29980362515979,-0.768981323317507,-0.926166789429632,-0.544811811315106,-0.168144248071735,-0.830340866924861,-0.950736757135854,-0.440687884268464
-1.34544414954801,-1.71170100978802,1.38422340762322,0.715394383977643,0.861626283621704,0.506846263129056,0.156427012101822,0.772478049821122,0.884484077925098,0.40997827636768
-1.96350087613773,1.89986021603665,0.0963758758079895,0.86789382593585,1.04529773865641,0.614889845825392,0.189772300500764,0.937145922760933,1.07302809130487,0.497372669951587
1.80884377698504,-0.402807165717054,-0.792228409848,-0.764308124473803,-0.920538354202147,-0.541500919555486,-0.167122413754259,-0.82529477820784,-0.944959007040513,-0.438009767064899
-0.586758897916892,-1.38898054306638,0.325088066380007,0.775315577744303,0.933795812278441,0.549299536209003,0.16952928619346,0.837180552301586,0.958568167769633,0.444317919351398
-0.0563385874125699,-2.74016252560007,0.571140799419686,0.648277412073251,0.78079010659109,0.459294888440962,0.141751320467299,0.700005594448556,0.801503425102646,0.371514876217141
-0.432698201080469,-1.61342968465326,0.426510072460808,0.650801739057227,0.783830424668171,0.461083336501778,0.142303285839847,0.702731345767501,0.804624398756911,0.372961517746704
-1.95558343089032,3.30496545364793,0.284925002498012,0.176853142035192,0.213003231408322,0.125297816380357,0.0386704301976304,0.190964834675515,0.218653922597806,0.101351014161809
-0.849255808926034,2.75638794025782,-0.205557459925983,-0.170498629119448,-0.205349809085692,-0.120795738648851,-0.0372809623865393,-0.184103274318521,-0.21079746520476,-0.0977093693422507
0.683440597157292,2.74736272838502,-1.19276068319158,-0.698054113150828,-0.840741533274028,-0.494560939582971,-0.152635415724739,-0.753754141873744,-0.863045283049534,-0.400040912440109
-0.0747826873075062,2.8527669327203,-0.335813020246823,-0.763849824376263,-0.919986374177322,-0.541176220764116,-0.167022202574929,-0.824799908841361,-0.94439238372299,-0.43774712440477
0.641228613933931,-3.32522038589024,0.427484233223558,0.391152046209012,0.471106415502178,0.27712539737035,0.0855286919164602,0.422363351748819,0.483604239379247,0.224161448977035
-1.97742733720018,-0.636900057573248,1.16146673111894,1.01615685000788,1.22386682067718,0.719931989563368,0.22219126042021,1.09723934012738,1.25633437253063,0.582339256801407
-1.21622764301377,2.11115556891199,0.138477430607938,0.118983050640957,0.143304065608858,0.084297718774025,0.0260166469284254,0.128477098757553,0.147105731037121,0.0681868171057272
1.81276973149276,0.177921716198714,-0.533525508670695,-1.19182718588254,-1.4354454716035,-0.844391805400391,-0.26060306008099,-1.28692698865681,-1.47352592242928,-0.68301242830491
-0.324476471689183,-2.43779867439603,0.747469243303005,0.622811992641903,0.750119367210242,0.44125301815673,0.136183091861118,0.672508205622508,0.770019031977446,0.356921151414053
1.87332046321741,-1.19579455920366,-0.815381218534076,-0.498023891625165,-0.599823656023025,-0.35284250767489,-0.108897121737373,-0.537762852467341,-0.615736176344542,-0.285407575529402
1.55617051080733,-3.17625934322179,-0.1898765828552,0.0391874276296474,0.04719762747576,0.0277637086627561,0.00856866136127472,0.0423143210945341,0.0484497174838716,0.0224575344658956
-2.48340424622022,0.723674035086836,1.2335595752148,0.870054484922448,1.04790005230954,0.616420640527979,0.190244746800335,0.939478987819419,1.07569944086292,0.49861090059329
2.1784649387421,-1.8112105066034,-0.540655034612257,-0.737104336224742,-0.887773910568769,-0.522227440862059,-0.161174076153409,-0.795920310410734,-0.911325366485833,-0.422419817707161
-1.77619347755923,-0.232498186390615,1.00597262293436,0.812158762812741,0.978170016686924,0.575402383941581,0.177585359159152,0.876963576027076,1.00411956054391,0.465432015084536
-0.419903624035776,2.19503289292999,0.0576606131333898,-0.526825237856935,-0.634512210298505,-0.373247832398707,-0.115194778856927,-0.568862352641829,-0.651344971626342,-0.301913053556106
-0.776989115067588,-1.84431640142121,1.15331199932128,0.463382507030672,0.558101316379112,0.32829960277576,0.101322491004242,0.500357318101986,0.572906998764548,0.265555287805148
0.276712590791585,1.54572534741357,-0.200564771233045,-0.669006481898819,-0.805756351499852,-0.47398112559146,-0.146283906309578,-0.722388704788937,-0.827131991137748,-0.383394293372388
-0.629720956222687,-2.30011115687496,0.807651295476209,0.782632005639771,0.94260777211227,0.554483116373069,0.171129084822829,0.845080781991569,0.967613897126421,0.448510818491973
1.66714693766719,0.659543931429185,-0.998178813526885,-0.888722133349459,-1.07038350604969,-0.62964639132858,-0.194326585478141,-0.959636189182206,-1.09877935059634,-0.5093089581925
1.76175713427898,0.0361524817113653,-0.463399241969078,-1.14912795404628,-1.38401820118516,-0.814140035775979,-0.251266513129011,-1.24082064497217,-1.42073435522572,-0.65854234877602
-0.147129153969371,2.74631186249709,-0.59076757070101,-0.462312252676153,-0.556812294124161,-0.327541343510193,-0.101088470868473,-0.499201664639913,-0.57158378047111,-0.264941946345712
1.41399838517586,0.339428155702036,-0.935563813004528,-0.600169765330153,-0.722848901284764,-0.425211337429421,-0.131232178008517,-0.648059280681082,-0.742025117020142,-0.343945341798686
0.756101735919122,-2.05876832079098,0.278494765891434,-0.0738968204592536,-0.0890018767406996,-0.0523547963832798,-0.0161581626682536,-0.0797932902952865,-0.0913629776377193,-0.0423487963554987
0.529450988331893,2.5378902615495,-1.31922541909445,-0.388222093450165,-0.467577558743818,-0.275049569491035,-0.0848880330492245,-0.41919960844315,-0.479981766765101,-0.222482351392802
-0.481287469982306,2.58149232114803,-0.40461041512786,-0.260833795735535,-0.314150151435317,-0.184796858386373,-0.0570335080004792,-0.281646580361642,-0.322484135296284,-0.149478654556276
-1.4081229730938,3.66219856223535,-0.279032798152155,0.0159473751836144,0.0192071365399593,0.0112984777341845,0.00348702800400724,0.0172198685892804,0.0197166762145642,0.00913912317009646
-1.8893237185385,0.744751957250127,0.730528075307034,0.7503170939917,0.903687453680247,0.531588482896771,0.164063157009228,0.810187357484586,0.927661074637997,0.429991786088073
-0.22370227661665,2.68821571772939,-0.515539008404255,-0.433844312250548,-0.522525296265865,-0.307372231832976,-0.0948637157387081,-0.468462173815112,-0.536387194361825,-0.248627536547673
-1.77413790371623,1.31436322135021,0.326455949757465,0.750718241222738,0.904170598370233,0.531872689733685,0.164150871232556,0.810620513569765,0.9281570365112,0.430221675578449
-0.853356472632862,2.9628287377158,-0.29723765224792,-0.174202417795626,-0.209810679542393,-0.123419817747016,-0.0380908269997472,-0.188102600449118,-0.215376676595636,-0.099831936881916
1.81317294388734,-1.71426220165195,-0.435277844545668,-0.546012163103713,-0.657621084878411,-0.386841483089945,-0.119390161788349,-0.589580265626113,-0.675066893778926,-0.312908698360769
1.29519976606505,0.366610656784398,-0.641588212224953,-0.739438324080808,-0.890584982793377,-0.523881036486417,-0.161684422271275,-0.798440534818054,-0.914211012701397,-0.423757379672594
1.90972706953395,-0.96791823180219,-0.752694335978873,-0.665059825249502,-0.801002969061239,-0.471184978152564,-0.145420936566914,-0.718127131452525,-0.822252507812831,-0.381132543033357
1.65746718486997,-2.31661678191724,-0.31099901299776,-0.280673305195274,-0.338045003264635,-0.198852855270319,-0.0613715839706839,-0.303069149395041,-0.347012885624763,-0.160848282378988
-0.867373358550039,-1.92564758915608,0.783362307018798,0.860574389571157,1.03648215540001,0.6097041342057,0.188171844044239,0.929242444546091,1.06397864240095,0.493178046717204
1.98560851132952,-0.246429830476159,-0.717825196237314,-1.03250490955341,-1.24355654442413,-0.73151434619859,-0.22576590143731,-1.11489186499887,-1.27654643834613,-0.591708004200802
-2.15158326472298,0.44215745518956,1.47957813429561,0.503164998181418,0.606015642757863,0.356484905077979,0.110021268020183,0.543314184788983,0.622092428215907,0.288353841325949
-0.829999538103796,-2.30394151149214,1.21790988454717,0.633552129750279,0.763054867725112,0.448862245291848,0.138531513368267,0.684105333520214,0.783297694041122,0.363076110130897
0.952648459667176,-3.41480624299566,0.478063736407437,0.121093728312838,0.145846181397123,0.0857931024597544,0.0264781643922424,0.13075619432818,0.14971528576137,0.0693964044512051
1.17516805279976,-2.00293413847056,0.210143177631146,-0.398030960163399,-0.479391430311656,-0.281999005425228,-0.0870328244348167,-0.42979115682443,-0.492109044564107,-0.228103617589851
1.15943699052024,2.36015224522067,-1.48621655283069,-0.725282716869551,-0.87353586484248,-0.513851999666954,-0.1585891794372,-0.783155405248281,-0.89670960442628,-0.415645083049379
0.916841997014305,1.00794455876691,-0.30961084020854,-0.922431617750554,-1.1109834582129,-0.653529058824103,-0.201697448379017,-0.996035463979207,-1.1404563652551,-0.528627192472119
2.15949173430391,-0.193769673365738,-0.920297371719927,-1.04212140654244,-1.25513872447431,-0.7383274910491,-0.227868629561225,-1.12527569384428,-1.28843587816102,-0.597219027139418
-0.571376228070072,-1.85512110223784,0.863459320204009,0.519368687850812,0.625531486358943,0.367964977806775,0.113564341346976,0.560810820038095,0.642126001077539,0.297639853224055
-1.7657778941202,1.96081250413075,0.453010942002921,0.397651276213473,0.478934136156079,0.281730005003223,0.0869498033388168,0.429381176646005,0.491639619005457,0.227886028278498
-1.54246662808865,2.53345598515208,0.23051090208234,0.162996998676715,0.196314789935084,0.115480945239188,0.0356406676591412,0.176003064162186,0.201522759065492,0.0934103343096315
1.48017419113694,-1.44907940597469,-0.291878719338558,-0.476384031625032,-0.573760448696265,-0.33751098925463,-0.104165383946392,-0.514396277015125,-0.588981546943867,-0.273006202660965
-2.04374150586641,2.07578966392462,0.847557099976296,0.28150260785203,0.3390438215139,0.199440403847711,0.0615529179867593,0.303964624832576,0.348038201187912,0.161323539218319
-1.36281863743576,-1.94613247849276,1.46751356713977,0.754609643995709,0.908857432631787,0.53462969062436,0.165001759249423,0.814822424141693,0.932968206224819,0.432451761021173
1.97632784387536,-1.28948316147965,-0.58000185761302,-0.733846890392988,-0.883850618732862,-0.519919589019568,-0.160461808165349,-0.792402942285028,-0.907297994958438,-0.420553040363958
-1.58526554877697,-1.92278586365627,1.73157487883501,0.728309374918039,0.877181194166443,0.515996341803268,0.159250983731143,0.78642357027604,0.900451639467605,0.417379600509488
-2.17004540720773,1.34816459196602,0.857009356853798,0.659499585455287,0.794306175156739,0.46724563109461,0.144205143268758,0.712123221876256,0.815378056911938,0.377946080324007
0.365868715836215,2.17186350436535,-0.175374139213947,-1.0037360361552,-1.20890710066941,-0.711132027993575,-0.219475344776528,-1.08382742877191,-1.24097779113496,-0.575221135708409
1.7772917989925,-0.113086456650985,-0.77650549757025,-0.860479308714076,-1.03636763931299,-0.609636770834969,-0.188151053813404,-0.929139776875365,-1.06386108835512,-0.493123557771282
-1.49367082051964,-1.32906506136357,1.13759235118922,0.888052939278294,1.06957752376429,0.629172277298788,0.194180260553857,0.958913597919787,1.09795198667758,0.508925456395454
0.62317872230899,-3.43494682163803,0.789052421091058,0.165694736713345,0.199563965565682,0.117392252447339,0.0362305508200309,0.178916063570816,0.204858130985167,0.0949563542604727
-1.35288438429899,3.02912246771342,-0.106415732350241,0.0759031630371004,0.0914183305705583,0.0537762602092667,0.0165968663843217,0.0819597255322965,0.093843536759671,0.0434985913361292
-1.67870641375586,3.04718564717208,0.172532404798379,0.127860006434201,0.153995536776803,0.0905869097049788,0.0279576681363029,0.138062375987976,0.15808083265298,0.0732740237109442
-0.796307995631315,2.84531175369467,-0.417670871134704,-0.0836250914584865,-0.100718678234903,-0.0592471314548144,-0.0182853311216397,-0.0902978119660265,-0.103390610223707,-0.0479238747536929
-0.928152493421232,3.10045742026881,-0.552667443140878,0.0365274788673664,0.0439939655264931,0.0258791745924983,0.00798704114374644,0.0394421262904787,0.0451610666626937,0.0209331707957155
1.3671594064424,-2.93721107099957,-0.0524148425978834,0.00104025422744827,0.00125288988017282,0.000737004622478095,0.000227460355113879,0.00112325952640208,0.00128612737502432,0.00059614898398027
-0.273398625469334,-2.39200640106101,0.641089597061146,0.645077186316658,0.776935731036627,0.457027576169261,0.14105156413098,0.696550012175607,0.79754679811358,0.369680890559634
-0.304155229652688,2.79627891857064,-0.777019063157511,-0.202277848533353,-0.243624935831525,-0.143310842157965,-0.0442297565778014,-0.218418261949817,-0.250087979933438,-0.115921407193571
-1.71977712078677,3.11571908210042,0.279622240237321,0.0528498621132811,0.063652764548413,0.0374433399519662,0.0115560678215112,0.0570669260661381,0.0653413873615127,0.0302872036190735
1.37099958869026,-2.27981356256023,-0.283007486364492,-0.0730975021413597,-0.0880391718507782,-0.0517884912632668,-0.0159833849806078,-0.0789301917454211,-0.0903747334730949,-0.0418907229437155
0.0474410847370914,-3.25995395308628,1.01894779746929,0.408500071428478,0.492000505297677,0.289416214788103,0.089321983856858,0.441095632837287,0.505052621465709,0.234103256792627
1.28564339384017,2.24476664297201,-1.31969388606364,-0.918694793094975,-1.10648279897843,-0.6508815742267,-0.200880360170454,-0.992000465819988,-1.13583630954334,-0.526485692670479
-0.600419185198777,3.20788487460131,-0.398235113336395,-0.403882743064788,-0.486439360889263,-0.286144906431216,-0.0883123660907677,-0.436109872689248,-0.49934394732498,-0.231457157848652
1.2702215803218,-1.69966211077703,0.110232904741292,-0.51658825072542,-0.622182707334604,-0.365995079526285,-0.112956375333259,-0.557808522708991,-0.63868838341914,-0.296046440072168
0.0581875749103204,-1.97499092290172,0.539484063271164,0.283309269823513,0.341219778545593,0.200720396938923,0.0619479598551421,0.305915446292283,0.350271883452909,0.162358901219526
1.5112973201067,-3.02013844677132,-0.0573909456331724,-0.0859145527368646,-0.103476122320243,-0.0608691806622357,-0.0187859411279809,-0.0927699568738872,-0.106221205617107,-0.0492359194240762
0.369903724049681,-2.71754843381013,0.429271033437189,0.388223222232662,0.467578918257799,0.275050369216618,0.0848882798670319,0.419200827294907,0.479983162345173,0.222482998275574
-1.58211554329769,2.23616154036467,0.627819537051255,-0.000378478715392892,-0.000455842562197298,-0.00026814653129394,-8.27575613102724e-05,-0.000408678774272662,-0.000467935456436298,-0.000216898615440486
0.628417647933289,-2.41690306039918,0.138133819987434,0.281241169808514,0.338728943601971,0.199255178888774,0.0614957523548884,0.30368232578952,0.347714969985609,0.161173714281391
2.28348140561739,-0.354365268288359,-0.998163276942387,-1.0252761897665,-1.23485022088451,-0.726392905922767,-0.224185280925167,-1.10708634193529,-1.26760914767332,-0.58756536883078
1.14409525806084,1.637152679018,-0.985431948760351,-0.827577174930539,-0.99674006620079,-0.586326099224107,-0.180956724930199,-0.893612273851446,-1.02318224866463,-0.474268000054442
1.52983831308877,-2.42355716178245,-0.265469909624296,-0.166916734960185,-0.201035749286099,-0.11825801999994,-0.0364977510369014,-0.180235569068406,-0.206368959161609,-0.0956566571230393
1.17779023945202,-2.64202523972637,-0.142714082211894,0.119844688033484,0.144341828052874,0.0849081760299881,0.0262050512070259,0.129407489025549,0.148171023932485,0.0686806043382714
2.17645736767088,-0.0261196985203604,-1.34605150913266,-0.787684366515902,-0.94869287289404,-0.558062638783922,-0.172233826114645,-0.850536287324007,-0.973860427503167,-0.451406225906366
1.52660222811086,-2.38699545350788,-0.355276281342117,-0.107911842284207,-0.129969820435462,-0.0764539325917205,-0.0235958339022257,-0.116522482349978,-0.13341774615179,-0.061842128048803
2.07585782696159,0.519883579289526,-1.04300195215766,-1.14775485182406,-1.38236442671998,-0.813167213307967,-0.250966272754273,-1.23933797841708,-1.41903670833316,-0.657755451233983
2.1664288941734,-0.571267109623977,-0.828255532830305,-0.975752894523341,-1.1752039980615,-0.69130638903921,-0.213356594989374,-1.05361142042773,-1.20638059023705,-0.559184554445643
-2.48801753946056,-0.00227601200424947,1.52226482251296,0.925601706562799,1.11480153660884,0.655775019519712,0.20239061501843,0.999458504582107,1.14437573217052,0.530443907246913
1.12806799179408,0.694222281774707,-0.261885850751684,-1.01944319025904,-1.22782491316538,-0.722260312671543,-0.222909846416624,-1.10078790825305,-1.26039746792514,-0.584222592961021
2.486610803828,-1.17193533773668,-1.15976071749958,-0.759211493901301,-0.914399934670864,-0.537890032724282,-0.166007992520183,-0.819791470754662,-0.938657743439056,-0.435088989569023
1.80596761858734,-0.967730988446404,-0.819011556670895,-0.525069111804606,-0.632397119101358,-0.372003643253333,-0.114810787093234,-0.566966099528126,-0.649173769885173,-0.300906652683883
2.27295644970512,-1.43982808734438,-1.11119051502955,-0.513204654322654,-0.618107478818576,-0.363597851883618,-0.112216523459527,-0.554154938044182,-0.634505044534465,-0.294107368348656
-1.32952350371751,-0.968936967178528,1.18231111654565,0.575942967831548,0.693669967314504,0.408047012331593,0.125934784528251,0.621899347496984,0.712072104910249,0.330061446561542
-2.07771846030815,2.30373958523614,0.208377166537371,0.723093360066011,0.870898987326518,0.512300872988603,0.158110458118061,0.780791352479852,0.894002774072285,0.414390406260223
-1.09215813250492,3.10239595386094,-0.459280590004731,0.102184321836668,0.12307155247571,0.0723960696830276,0.0223434632792149,0.110337944248036,0.126336476358097,0.0585598001279624
-2.11313885591197,0.837195126131192,1.0959250187191,0.619539963814463,0.746178511506546,0.438934834479053,0.135467635178132,0.668975090876029,0.765973630636313,0.355046016846403
0.134639414787358,-1.96350840352031,0.289625028021289,0.409306541558028,0.492971823882416,0.289987586860127,0.0894983253484048,0.441966453865333,0.506049707834968,0.234565428765262
1.89128462111007,0.183399773656875,-0.94477772330514,-0.939088750387571,-1.13104543187563,-0.665330389140082,-0.205339670832742,-1.01402172389854,-1.16105055627937,-0.538173063505914
2.0043804200736,1.13521462708023,-1.53555784961657,-0.936951024502696,-1.12847073901972,-0.66381584219841,-0.204872239049165,-1.01171342184923,-1.15840756026139,-0.53694797536816
1.17527538797757,-2.50137241742161,0.178383089546213,-0.182839890088861,-0.220213715012878,-0.12953933818603,-0.0399794831217461,-0.197429285005074,-0.226055690700287,-0.104781900261926
-1.39002152291568,1.02205652661248,0.138057593915069,0.683185772744302,0.822833994194859,0.484026941912934,0.149384327769905,0.737699407787841,0.844662680880332,0.391520162614785
1.76814303501089,-2.94443992746674,-0.475678370053961,-0.00610422919787808,-0.00735197876295755,-0.00432475544611553,-0.00133474116654319,-0.00659130567984071,-0.00754701693841837,-0.00349821220455306
-0.593499052786074,-2.173534679647,0.799627926555588,0.709750204324892,0.854828391931174,0.502847445931861,0.15519286464607,0.76638350254951,0.877505847248963,0.406743709396832
-0.0050900108129543,-2.15348700916341,0.266694021368074,0.618609844993757,0.745058269524278,0.438275859151459,0.135264256858031,0.667970754821941,0.764823670130726,0.354512984270986
1.48326605246299,-2.28180482848449,-0.265543572878185,-0.181430080618791,-0.218515730067067,-0.128540509179774,-0.0396712163978591,-0.19590698221035,-0.224312660482113,-0.103973966527064
2.01302853536006,-2.14294041727984,-0.719244053136524,-0.330069854207232,-0.397538571989996,-0.233849574337329,-0.0721725557746831,-0.356407211173624,-0.408084739254088,-0.189156461022822
-1.03457656455301,3.11654092508235,-0.209286569077821,-0.147652113864624,-0.17783329725166,-0.104609322957348,-0.032285379253247,-0.159433760628565,-0.182550977069628,-0.0846164863745349
-1.63891303013204,-0.990532842295257,1.1184899766262,0.897110842782656,1.08048692969291,0.635589666987317,0.196160847503975,0.968694261273074,1.10915080457218,0.514116360530842
-1.82252496457627,-0.186273790027722,1.00887670751859,0.831612446101037,1.00160017662367,0.589185028731084,0.181839070984849,0.897969532552519,1.02817129132467,0.47658053361105
1.54998778541458,-0.103640861794069,-0.659568029258474,-0.762296263122601,-0.918115253520868,-0.540075545760795,-0.166682503311879,-0.823122383836435,-0.942471624735053,-0.436856809385149
-1.29550600306543,2.567756384265,0.0235054684333308,0.10181730979713,0.122629520462664,0.0721360471207469,0.0222632130032327,0.109941647113319,0.125882717826232,0.0583494728361275
-2.19428468196199,1.33648716441184,1.19238202456658,0.422323919938905,0.508650050617228,0.299210205510556,0.0923446848546083,0.456022531590648,0.522143856981338,0.242025429110449
0.921183013177646,1.89013960861014,-0.913969119261159,-0.790623261142679,-0.952232499304226,-0.560144801843451,-0.172876440196675,-0.853709685998595,-0.977493955473615,-0.453090447897057
2.06797045745722,-1.99987291987341,-0.36426453493663,-0.709015145208084,-0.853943081297988,-0.502326667498486,-0.155032137774381,-0.765589790653286,-0.876597050507318,-0.406322461653647
-2.34483738717748,2.13260533444447,0.695223777755853,0.634871628859097,0.764644082204337,0.449797090752597,0.138820032970442,0.685530119793561,0.784929068257534,0.363832288796005
0.905190709380978,-2.06287895488739,-0.304417834948658,0.256739525135589,0.309218981663535,0.181896128662604,0.0561382612232751,0.277225614473007,0.317422148177746,0.147132309601461
1.70478997134486,0.182383739717295,-0.925500533842808,-0.795235377780299,-0.957787366671241,-0.563412417770061,-0.173884918374931,-0.858689818559837,-0.983196186051422,-0.455733560104599
-0.137827784592601,2.74697865721499,-0.673176381954815,-0.406034884418677,-0.489031415842602,-0.287669666517924,-0.0887829499381524,-0.438433740465156,-0.502004766033641,-0.232690507204655
2.07869062998274,0.786596803310451,-1.39504697996115,-0.976790991065254,-1.17645428920926,-0.692041864973632,-0.213583583548359,-1.05473235009979,-1.20766404993877,-0.559779466903008
-1.45724016465527,0.0826942744567163,0.762738974898621,0.610780988137008,0.735629136462062,0.432729230702472,0.133552411317023,0.659517207782049,0.755144394764252,0.350026422296299
2.11120358221257,-0.637568620084444,-1.36101783863002,-0.486881604019874,-0.586403802477332,-0.34494836290393,-0.106460766634354,-0.5257314851647,-0.601960312011157,-0.279022152370485
-0.350110615021161,-2.74381070992081,1.29698322714754,0.331837130909597,0.399667093112462,0.235101663552132,0.0725589857219955,0.358315504684326,0.410269727198554,0.190169252110545
-0.479266064960427,2.59144409914406,-0.612752831037745,-0.10359855897158,-0.12477487013378,-0.0733980356238597,-0.0226526981493401,-0.111865028005511,-0.128084980758264,-0.05937027126938
0.919522976169583,1.11137429884215,-0.34054690829622,-0.940039723311422,-1.13219079069386,-0.666004139289071,-0.205547609078274,-1.01504857807311,-1.16222629993703,-0.538718047152592
-1.48404281158785,-0.00918007223896495,0.767341115796411,0.6650714130333,0.801016925473692,0.47119318792475,0.145423470333515,0.718139643863624,0.822266834470262,0.381139183761513
2.14971724073565,-1.21374225450638,-0.886803624870525,-0.670282392128572,-0.80729306721096,-0.474885088980776,-0.146562894835936,-0.723766424083498,-0.828709473863854,-0.384125492118855
1.95120970398159,-0.991172786940152,-0.707835416937985,-0.726516103465066,-0.875021364774215,-0.514725835694928,-0.158858869812501,-0.784487207808264,-0.898234512686803,-0.416351912347803
-1.66833485239331,2.83506936281842,0.55380813189228,-0.0980465668505738,-0.118088009787853,-0.0694645319195006,-0.0214387082744504,-0.105870024211365,-0.121220726939983,-0.0561885351373166
0.936602009269753,2.1684221470198,-1.4782191370612,-0.468846606689987,-0.564682318394555,-0.332170835980429,-0.102517262451539,-0.506257416206457,-0.579662585972248,-0.26868665451755
-1.57724153956822,1.97440046389079,0.184328438388066,0.442280105582317,0.53268542810453,0.313348865732398,0.0967082730558345,0.47757108678335,0.546816860925786,0.253461921730742
0.396095430482014,-2.70692744187941,0.349847041534921,0.424004781905234,0.510674493192911,0.300401071172281,0.0927122194914985,0.45783751504991,0.524222005314209,0.24298869763366
1.58149264641132,-1.74416479639642,-0.234936287281729,-0.494291823276792,-0.595328725320114,-0.350198392850284,-0.108081073535471,-0.53373299013669,-0.611122001134624,-0.283268801472713
-2.09096708632542,0.215703696652009,1.10983443849325,0.82728022564132,0.996382418282069,0.586115715076635,0.180891794465131,0.893291630003844,1.02281511282439,0.47409782432971
-1.62116059375993,2.0600964514177,0.257273033706313,0.389833447773902,0.469518285801024,0.276191190023506,0.0852403692541833,0.420939538016891,0.481973978718621,0.223405786470095
1.91104544991977,-0.760908838991057,-0.919515441832943,-0.614831467060682,-0.740507563215272,-0.43559893467601,-0.134438082675091,-0.663890887712836,-0.760152239662392,-0.352347671113431
-1.70787449065053,1.67937503152047,0.74957864667671,0.224061870611942,0.269861773031095,0.15874449726309,0.0489930166223761,0.241940502645873,0.277020845375506,0.128405396478585
0.953960938347036,2.7148388259964,-1.55365979361573,-0.633392557979278,-0.762862678304706,-0.448749191069388,-0.138496621655511,-0.683933028993886,-0.783100406092129,-0.362984662726365
-1.95462374456157,-0.133781612264463,1.10167059276468,0.851292998132758,1.02530357895182,0.603128406645421,0.186142389573569,0.919220460423016,1.05250351325245,0.48785906609696
1.29106425032866,0.532163895354564,-0.982208078611232,-0.532832471234218,-0.641747366578231,-0.377503867750971,-0.116508311069721,-0.575348922886206,-0.658772066937105,-0.305355679387278
0.103216534202516,2.66622945656435,-0.486932516153097,-0.725725620943889,-0.874069301783166,-0.514165790605254,-0.158686024146284,-0.783633650092335,-0.897257192736412,-0.415898902555179
-0.529396160179665,3.00486943342418,-0.319680525092005,-0.448114851195924,-0.539712838846808,-0.317482696073813,-0.097984089365205,-0.483871405899277,-0.554030699487509,-0.256805698259166
1.21087283499459,-1.46061694692628,-0.0419359877764254,-0.438484586635204,-0.528114077031526,-0.310659797103869,-0.0958783508456942,-0.47347271092244,-0.542124238015442,-0.251286785399358
-1.88991283682822,1.98540925567471,0.511076285946492,0.448376145573551,0.540027543726477,0.317667819247608,0.0980412235833182,0.484153549812871,0.554353753067238,0.256955440864032
-0.288217797984793,-2.62002259320372,0.371819456376457,0.955352025408742,1.15063304051479,0.676852677202911,0.208895772998945,1.03158269901021,1.18115779800968,0.547493222582648
-1.18278287207499,-1.39351033423194,0.611689520072428,1.05961880667121,1.27621272251463,0.750724138364716,0.231694583584621,1.14416926895633,1.3100689412177,0.607246438741148
1.61837845951352,-1.14247122374604,-0.265255047277276,-0.731841111462881,-0.881434843764507,-0.518498524529608,-0.16002322769561,-0.790237115671062,-0.904818132707279,-0.419403568398624
-0.702909997902533,3.35695875748481,-0.68692171432066,-0.147977595679676,-0.178225309955381,-0.104839921974296,-0.0323565485955878,-0.15978521370588,-0.182953389346709,-0.0848030135216756
-1.14981149365696,-0.607845072504554,0.313420526169155,0.964626232653806,1.16180296426744,0.683423314869242,0.210923656585188,1.04159692568959,1.19262404491817,0.552808086084745
-2.03188048849755,-0.340196862864249,1.06005358065791,1.02838005142377,1.23858853480551,0.728591945665724,0.224863966438917,1.11043787090116,1.27144663406883,0.589344130141786
-1.60346646653054,-0.0444706659514385,0.353228478756967,1.10389110225459,1.32953460253669,0.782090400218519,0.241375094184231,1.19197419630732,1.36480537948686,0.632618009780323
-0.163107569195312,2.28107811538348,-0.102613911157892,-0.652678166762932,-0.786090408065807,-0.46241275757632,-0.142713582574072,-0.704757499798336,-0.806944336495093,-0.374036861101004
-1.93584526719253,1.89594501145939,0.464444318930995,0.558070199871408,0.672143873483706,0.395384422499671,0.122026753164558,0.602600452722342,0.689974952565693,0.319818919130062
-1.72042286651839,2.86582152036535,0.20472272837562,0.20744921145341,0.249853363554557,0.146974675744052,0.0453605186695877,0.224002264889834,0.256481639523735,0.118885012309743
1.96088596850409,-0.390394272962135,-0.917332049988187,-0.800477564269665,-0.964101094824612,-0.567126428799876,-0.175031166637116,-0.864350296314203,-0.989677408978526,-0.458737752798087
-1.4130145742147,-1.03387776498687,0.737761434553579,1.01934553957349,1.22770730195796,0.722191128615627,0.222888494271133,1.10068246569881,1.2602767366495,0.584166631297574
1.6861028296842,-1.82696515642,-0.50074946155383,-0.343732227345826,-0.41399363517823,-0.243529162164493,-0.0751599488213096,-0.371159749905267,-0.424976333287255,-0.196986095020379
1.09779588894449,1.56728103190372,-0.977614285002874,-0.767633958320713,-0.92454401306897,-0.543857223287871,-0.167849635358273,-0.82888599125288,-0.949070930686124,-0.439915736217829
1.17276190677454,2.53895168166171,-1.39185042337949,-0.87871666184059,-1.05833284221286,-0.622557663825691,-0.192138804796805,-0.948832348263385,-1.08640899874576,-0.50357502170191
2.13855179476697,0.08586586992915,-1.36562201654428,-0.782946231735135,-0.942986228344006,-0.554705740880306,-0.171197793007186,-0.845420081218381,-0.968002393296426,-0.448690895210287
-2.20507902375747,0.227531607735334,0.823811174929196,1.14342203007931,1.37714594418623,0.810097473652027,0.250018864758514,1.23465942660486,1.41367978642889,0.655272397368161
1.34161661204964,1.97210112146767,-1.57422502045642,-0.663065578404999,-0.798601083422021,-0.469772083973449,-0.144984877684897,-0.715973757107121,-0.819786903356156,-0.379989679876653
2.17177461416604,0.438799213770293,-1.07031099289256,-1.17695798381425,-1.41753689473254,-0.833857197255831,-0.257351783716548,-1.27087132415432,-1.45514225493705,-0.674491184678387
1.51230740551607,-0.370232381526708,-0.31124488443601,-0.900772432078597,-1.08489697490415,-0.638183848453269,-0.196961484866996,-0.972648020796385,-1.11367784239173,-0.516214744445977
-0.863542720878394,2.41275318642039,-0.135776581985236,-0.0816192431764843,-0.0983028197386129,-0.0578260178300694,-0.0178467354875245,-0.088131910466349,-0.100910662228728,-0.0467743630441685
-1.93932726806506,2.68566736194872,0.804544581486765,-0.00665374276446607,-0.0080138169640717,-0.00471407762141028,-0.00145489693971665,-0.00718466673742688,-0.00822641282289328,-0.00381312748752993
0.916531332122792,1.35505891839327,-0.616919884788761,-0.814496981524069,-0.980986184584881,-0.577058977063861,-0.178096630389183,-0.879488368883486,-1.00701043761423,-0.466772001668875
1.20540575993942,0.593179252311468,-0.36658784809166,-0.964709240998411,-1.16190294013121,-0.68348212504474,-0.210941807059411,-1.04168655754244,-1.19272667300805,-0.552855656514158
0.213627150379787,-2.45726703249331,0.559397239042533,0.31987151546688,0.385255617434066,0.226624203274263,0.0699426030475095,0.345395113513924,0.39547593432194,0.183311996162284
0.858820632863295,-2.36046732735332,0.181140763920512,0.0301833145295773,0.0363530071076396,0.0213844286743007,0.00659983613645318,0.0325917402584392,0.0373174038241412,0.0172974565401207
1.80931282441914,-2.09970745124261,-0.457138987948882,-0.378362165819833,-0.45570218903003,-0.268063957657783,-0.0827320767637175,-0.408552924826615,-0.467791359356487,-0.2168318232009
0.991290051782578,-2.65672627961248,0.0600891676145637,0.125424218421224,0.151061855690796,0.0888611901860647,0.0274250625560566,0.135432228455114,0.15506932492671,0.0718781221026525
1.63930642205285,-2.46306799416169,-0.480998542353172,-0.0763470835235584,-0.0919529916855137,-0.0540907712604112,-0.0166939333404828,-0.0824390678913294,-0.0943923817197806,-0.0437529933274762
-2.49850897513402,0.807344938706055,1.2158702917102,0.864757348969584,1.0415201426162,0.612667698621911,0.189086483374788,0.933759176003517,1.069150280688,0.495575217456437
0.550225953618486,-3.55470697600976,0.544997238940652,0.464308732163925,0.559216868775433,0.328955819483801,0.101525017936761,0.501357449778519,0.574052145275737,0.266086088985816
-1.90520413790416,3.16414720267443,-0.00191757235311837,0.412126185982038,0.496367824466997,0.291985262927579,0.0901148643684415,0.445011086972092,0.50953579977852,0.236181310839284
0.913951126510158,-1.92567986407391,-0.175234864725152,0.0958559951741743,0.11544966907004,0.0679125445218275,0.0209597213131203,0.103504659631383,0.118512394567346,0.0549331621287158
-1.52716736323727,3.00811760790396,-0.090515099959888,0.219653198830145,0.264551936152118,0.155621018985916,0.0480290233766789,0.237180048473212,0.27157014561726,0.125878874466876
-1.60072694180257,-1.43689757873594,1.32688854295222,0.872243440598972,1.05053644670516,0.617971483013816,0.190723380409672,0.941842607453592,1.07840577528004,0.499865347504541
-0.232901708494361,3.56061509247634,-0.927757289139579,-0.437025489473604,-0.526356729625746,-0.30962604850245,-0.095559306952609,-0.471897187609514,-0.540320270530534,-0.250450605869907
1.9615034145231,-0.861847205918779,-0.815664087124408,-0.700364442524731,-0.843524111047857,-0.49619777352518,-0.153140588716064,-0.756248820010962,-0.865901678894604,-0.401364916200507
2.09624259347302,-1.09682824780198,-0.822056730707066,-0.720123746884843,-0.86732236326238,-0.510196946290933,-0.157461127165188,-0.777584784116599,-0.890331266949549,-0.412688580077685
1.32282040540901,-1.5864639914247,0.0023527062730223,-0.520197702667364,-0.62652995793134,-0.36855232245367,-0.113745612424365,-0.561705984667712,-0.643150960766945,-0.298114945107897
1.2772700230826,-3.35190925994683,0.0883508673780868,0.125835453766944,0.151557150580667,0.0891525443019384,0.0275149826306929,0.135876277618756,0.155577759328371,0.0721137928906763
-0.204885563946856,-3.20321052165605,1.06013150547036,0.569118195106593,0.685450160601918,0.403211762531175,0.124442490446065,0.614530003757196,0.703634237705984,0.326150305209242
1.15589782548975,1.11522878583092,-0.801191523375621,-0.782255318623268,-0.942154087485459,-0.554216239233746,-0.171046719031584,-0.844674037881721,-0.967148176852514,-0.44829494666349
-1.85143457525088,-0.157181497122855,0.87481516085596,0.949901500436885,1.14406838795325,0.67299106146207,0.207703969771481,1.02569725876206,1.17441899398506,0.544369635253325
-2.52643450447473,1.60901542260303,1.11802472100041,0.658697488545291,0.793340123709953,0.466677357383487,0.144029758018528,0.711257123021305,0.814386377410766,0.377486414556418
1.79714735984259,0.255191822144373,-1.23818748337806,-0.65706317470902,-0.791371744046153,-0.465519470378436,-0.143672401522629,-0.70949240192017,-0.81236577926394,-0.376549821839667
0.658312490033632,1.2906372043395,-0.253355935157799,-0.854657958887716,-1.02935636255588,-0.605512431209248,-0.186878166605828,-0.922853922440514,-1.05666381179164,-0.489787458101789
0.368048145514021,-2.39449889644017,-0.0327125591606002,0.627613201854478,0.755901979072137,0.444654603355602,0.137232916724745,0.677692519075868,0.775955048807351,0.359672628811049
2.66685804406899,-1.15508225304877,-1.04785647038463,-1.00638188632079,-1.21209378216461,-0.713006573418113,-0.220053882217052,-1.08668440000597,-1.24424901103331,-0.576737419753557
1.00155763792648,-2.17606549888327,-0.163743403155904,0.108065634205541,0.13015504856221,0.0765628918767993,0.0236294618021345,0.116688545833465,0.133607888133304,0.0619302631365811
1.47243188412597,0.365132777871565,-0.939919070408681,-0.656259882842463,-0.790404253384854,-0.464950350058394,-0.143496754985075,-0.708625012759153,-0.811372622367816,-0.376089471266267
-2.20131332777769,-0.280351800181109,1.51920206912137,0.790519335428722,0.95210733040621,0.560071172023393,0.17285371596333,0.853597467710834,0.97736546601194,0.45303089013978
-1.55707852966532,1.52973992780894,0.0138932408784597,0.72831042432764,0.877182458083124,0.515997085294337,0.159251213193398,0.786424703421479,0.900452936914307,0.417380201905235
-1.97400429429979,1.13586418195287,0.8649373985956,0.567763567644665,0.68381863727457,0.402252029155588,0.124146289733386,0.613067286124152,0.701959432244228,0.32537399518445
-0.884624740492146,-2.09328387062812,1.04602105706578,0.733906789028753,0.883922761092495,0.51996202631064,0.160474905506944,0.792467620429531,0.907372051158501,0.420587367079401
0.106971521997569,-2.07697409239627,0.0780841847211187,0.641594423210642,0.772741065410254,0.454560090394724,0.140290028621708,0.692789347970829,0.793240853611571,0.36768498837312
-1.89317426370385,1.77269686582763,0.451961154409569,0.578648517021572,0.696928550755983,0.409963853625554,0.12652637566367,0.624820781336574,0.71541713421746,0.331611942928856
-0.406609967360031,-2.6236413956321,0.726503180088634,0.780036311864929,0.939481499344791,0.552644106004144,0.170561514499909,0.842277969291287,0.964404688518643,0.447023278075635
0.625206503636393,-3.36634753953156,0.699516566205564,0.207772097736793,0.250242250180752,0.147203435865481,0.0454311204770515,0.224350915329491,0.256880842792629,0.119070052009368
-1.34365858258046,2.66651646188221,-0.177979639802592,0.26256708583044,0.31623773883656,0.186024868596122,0.0574125064895982,0.283518175361931,0.324627103602584,0.150471968596014
-1.52982561676761,2.84309691669901,0.2856078413705,-0.00914224054650014,-0.011010982085516,-0.00647714122643343,-0.00199902795525698,-0.00987172992481412,-0.0113030887312548,-0.0052392360149
1.99078884306815,-1.48010905826588,-0.213444225756325,-0.959932371525885,-1.15614964323212,-0.68009778418908,-0.209897304285105,-1.03652852597687,-1.18682074882777,-0.550118127737525
2.14175547300126,-1.7265361506529,-0.900967350279103,-0.456506070283329,-0.549819285136107,-0.323427749785168,-0.0998189001480858,-0.4929321878979,-0.564405256296195,-0.261614538830362
1.46553762535732,-0.246057409920622,-0.514180333904162,-0.749774828311953,-0.903034344887615,-0.531204295741325,-0.163944586047604,-0.80960182264652,-0.926990639741549,-0.429681024424723
-1.21759800692682,-0.921346183258393,0.570741333688734,0.940825774639735,1.13313751672347,0.666561044944617,0.205719485826821,1.01589735101675,1.16319814134353,0.539168517516822
0.444370646612797,2.10064379238906,-0.749585445893267,-0.594256049808952,-0.715726378602105,-0.421021558084965,-0.129939094263216,-0.641673690389452,-0.734713643325313,-0.340556309188687
-2.1642600862188,-0.0660972273484722,1.37640036971729,0.788819355354468,0.950059861840037,0.558866761467024,0.172482000990996,0.851761840647069,0.975263680839813,0.452056665409601
-0.536064150417357,2.52824506401886,-0.707928200763194,0.0432550462560496,0.052096697413618,0.0306455558603299,0.00945808045981448,0.0467065083611836,0.053478753202772,0.0247886057053723
-1.9574442802075,0.0900730333060665,0.988985576556331,0.856271973414754,1.03130029358161,0.606655936456126,0.187231084486661,0.924596724483909,1.05865931271068,0.490712417688624
-0.940147225372771,2.90262143642619,-0.528390178334392,0.10333157925975,0.124453317795576,0.0732088844754824,0.0225943207849819,0.111576745106239,0.127754898066072,0.0592172705126891
-0.469388435223915,-2.24395233839523,0.755232993200469,0.665864145359931,0.801971698147059,0.471754826968072,0.145596807938658,0.718995630904368,0.823246935987223,0.381593482872846
1.57430963831996,0.620603349094332,-0.453370796605064,-1.22093285406289,-1.47050055348313,-0.865012737690999,-0.266967259759725,-1.31835509362694,-1.50951096880294,-0.699692307180619
1.32533729995598,1.51390335110371,-0.745042336335876,-1.12253028943044,-1.35198377733556,-0.79529598664668,-0.245450709569569,-1.21210066540229,-1.38785010090448,-0.643299756803214
-0.0496970296757775,2.25463747760001,-0.367969421224648,-0.531492026111213,-0.640132924564705,-0.376554182351224,-0.116215211444991,-0.573901519247455,-0.657114795933608,-0.304587496978521
-1.41408323709565,-0.824774267592724,0.730492884784839,0.946041531664536,1.13941941303438,0.670256331092533,0.206859955063807,1.02152929041283,1.16964668797191,0.542157564010437
-0.525820516853027,2.87254337452012,-0.442106529497513,-0.30486370300842,-0.367180097184695,-0.215991391733281,-0.066661018352913,-0.329189778443312,-0.376920894666487,-0.174711317681195
1.22093077243733,-2.6708100806257,0.194409221495493,-0.169442822940933,-0.204078188320708,-0.120047715700734,-0.0370501014662377,-0.182963221899835,-0.209492110039573,-0.0971043078447882
0.755250250945707,2.04996295179842,-0.867439329973364,-0.747014493588905,-0.899709777345236,-0.52924863971341,-0.163341015593603,-0.806621231756418,-0.923577875863386,-0.428099131559335
-0.627138204176685,2.66464404566308,-0.283516452883105,-0.263306518335458,-0.317128316810831,-0.186548745509889,-0.0575741896394824,-0.284316609613364,-0.325541307420837,-0.150895722640898
-1.68822946768303,1.96487487698347,0.808372462692195,0.0523018091176502,0.0629926854697549,0.037055052569435,0.0114362314144886,0.0564751421232594,0.0646637972666626,0.0299731253602289
-2.05763162878915,-0.521154142425502,1.39881752874331,0.854517746545742,1.02918748977489,0.605413092853837,0.186847507995408,0.922702522095593,1.05649045904135,0.489707105200543
-1.82841057158253,0.215982994424835,0.639617832056436,0.97165844651179,1.17027261461387,0.688405533621962,0.212461309419627,1.04919026297124,1.20131838377413,0.556838107819771
2.04957931625947,-2.1128695923413,-0.454920982280649,-0.579317673295323,-0.697734487517896,-0.41043794087644,-0.126672692323231,-0.625543331785599,-0.716244451405059,-0.331995423064956
-0.981511605596607,-1.66927863789376,0.682655514790998,0.938394744252554,1.13020956575714,0.664838696132701,0.205187920541557,1.01327234073626,1.16019251574935,0.537775342409139
1.14659399110178,1.85319038631977,-0.776846137839989,-1.07534972113008,-1.29515915215781,-0.76186925690024,-0.235134280626619,-1.1611554047092,-1.32951799432978,-0.616261512580105
1.50573823775446,0.471796295096505,-0.77144650193593,-0.857064922457347,-1.03225532726928,-0.607217729039477,-0.187404469478576,-0.925452945533093,-1.05963968216631,-0.491166840995558
1.9438312067494,-1.22371491426725,-0.815836110104248,-0.54694123559649,-0.658740066655589,-0.38749971710979,-0.119593311320028,-0.590583471862333,-0.676215560647864,-0.313441131306485
1.15355459785679,-2.47473914864087,-0.133013426032493,0.068943860399223,0.0830364950365232,0.0488456979697642,0.0150751562027256,0.0744451172963022,0.0852393423257697,0.0395103535695225
-0.487567236275827,3.17846568259768,-0.280578262133744,-0.580578589639652,-0.699253144482578,-0.411331281321313,-0.126948402310157,-0.626904860783407,-0.71780339631032,-0.332718029114248
1.47284905505303,-0.192804690097978,-0.524852445827361,-0.767992516376029,-0.924975863040935,-0.544111256328278,-0.167928037099347,-0.829273159832228,-0.94951423706096,-0.440121218699644
1.26491332233799,-2.49038835643215,0.368810643678638,-0.412141905824211,-0.496386757561098,-0.291996400201566,-0.090118301644435,-0.445028061152066,-0.509555235142316,-0.236190319567816
0.365433927730632,3.22637317247919,-1.05280085291048,-0.72018252510779,-0.867393156188534,-0.510238589786215,-0.157473979519076,-0.777648252446866,-0.890403937917465,-0.412722264706851
-0.162643378522847,2.25386464760584,-0.463457223110549,-0.360514894567897,-0.434206803623042,-0.255419431863774,-0.0788296204701854,-0.389281561226206,-0.445725730089203,-0.206603907425196
0.0167259928875394,-2.62536571226009,0.585797290185915,0.530842151104237,0.639350210303005,0.376093755590595,0.116073110796932,0.573199788580763,0.656311317308132,0.304215066552476
0.712745722863472,1.10258894802011,-0.507410690327494,-0.630423410350487,-0.759286614955292,-0.446645594208642,-0.137847392499589,-0.680726963330962,-0.77942947455913,-0.361283103342624
1.3165026434472,1.34740179288971,-0.980647700818708,-0.867170959442425,-1.04442711290895,-0.614377705684039,-0.189614239648949,-0.936365376377528,-1.07213436901935,-0.496958409558081
-1.37733949509697,-2.22384579965096,1.68231347955814,0.705103042229811,0.84923131555617,0.499555000820746,0.154176723483143,0.761365528138737,0.871760287914569,0.404080513335452
-0.31495722988422,2.7024529004716,-0.554875225551286,-0.330949663594629,-0.398598220918946,-0.234472906180932,-0.0723649335131334,-0.357357223439603,-0.409172499253593,-0.189660662263781
0.153019961301632,1.93221873952717,-0.750177715111432,-0.281762749605464,-0.339357138164473,-0.199624710404437,-0.0616098001738774,-0.30424552415031,-0.348359829710681,-0.161472621277212
2.232164787939,-0.611967743584631,-0.778313054652051,-1.05513595682758,-1.27081354502972,-0.747548106035837,-0.230714370680459,-1.13932871781083,-1.3045265307666,-0.604677406759254
-1.7930038425727,-0.798111057739478,0.923117346566576,1.10735187285006,1.3337027802208,0.78454230462697,0.242131820845695,1.19571111314694,1.36908413335688,0.634601308496958
2.25927481023961,-1.41603646822521,-0.629457384846562,-0.887353628072386,-1.06873526817921,-0.628676825727715,-0.194027350264205,-0.9581584863776,-1.09708738717695,-0.508524695068187
0.460167718925636,2.32808379867894,-0.770173315439869,-0.678488785582753,-0.817176908141539,-0.480699196484518,-0.148357291936221,-0.732627632605019,-0.838855519891019,-0.38882841279994
2.18006318756944,-1.26219065784704,-0.847893328611868,-0.707993599605179,-0.852712724223493,-0.501602917657777,-0.154808768217718,-0.764486732573982,-0.875334053703206,-0.405737034209863
0.424122314889197,2.66043047162329,-1.30445856280572,-0.3570504305073,-0.430034177502222,-0.252964910690298,-0.0780720862014368,-0.385540656207738,-0.441442409771388,-0.204618492057236
0.813184700621263,-1.85790088494225,-0.0233136731629386,0.0368256863146225,0.0443531287800527,0.0260904501261957,0.00805224671567368,0.0397641286886772,0.0455297580375829,0.0211040675457659
1.92082668412205,-1.24142778490363,-0.836272135515081,-0.504637365932408,-0.607788973359588,-0.357528055694275,-0.110343213639496,-0.54490403759518,-0.623912802909597,-0.289197625965932
0.934866395265127,-3.20264125719403,-0.0643730233875889,0.479300549457103,0.577273124329517,0.339577298688478,0.104803105153645,0.517545513377116,0.592587409169271,0.274677600956182
-2.15273481122458,-0.011458703915535,1.22340871081429,0.877776158005262,1.05720009244222,0.621891330869953,0.191933155705722,0.947816798540275,1.08524619863689,0.503036037681403
-1.95120320902954,2.69211947596088,0.00366060171652382,0.62722458362469,0.75543392440386,0.444379273129417,0.137147942073146,0.677272891722068,0.775474577273974,0.359449919441809
0.52808478437513,2.54070060358099,-0.91732846507759,-0.702396129972964,-0.845971090426936,-0.497637193814248,-0.153584834301673,-0.758442622468749,-0.868413573367819,-0.402529235821684
-0.925624136465103,-1.46312843927981,0.349254737294962,1.0728185533732,1.29211059500329,0.760075962253735,0.234580819461414,1.15842226676963,1.32638856302636,0.614810950739805
-0.786518678560529,-1.21353870127335,0.790696098048023,0.514016518802167,0.619085294398283,0.364173045772227,0.112394044471163,0.55503158385508,0.63550880025529,0.294572631715842
-1.37930608206769,-1.07891463962446,0.887146473540527,0.891087066026497,1.07323184844539,0.631321910897581,0.194843697941946,0.962189827599324,1.10170325571085,0.510664254018652
-1.93481636651061,0.759345316373902,0.930250087511043,0.62724258739431,0.755455608277058,0.444392028531973,0.137151878749127,0.677292332071555,0.775496836391361,0.359460237043683
2.06554017999444,-0.257517450953455,-0.99315538143531,-0.880924980713679,-1.06099255778554,-0.624122224847821,-0.192621672332282,-0.951216876147127,-1.08913927301961,-0.504840565275548
0.461696664706441,2.28655213233813,-0.836979890163117,-0.611680636910055,-0.736712680093723,-0.433366618455241,-0.133749127104372,-0.660488642483371,-0.756256683361011,-0.350541993094128
2.16345787680083,-1.15683136273557,-0.666307170476941,-0.876124582034094,-1.05521092213557,-0.620721213899498,-0.191572024698525,-0.946033437901845,-1.08320425829923,-0.502089552378869
1.1158011143336,0.61356035388793,-0.67767475160807,-0.65307072465237,-0.786563207689285,-0.462690878992674,-0.14279941866546,-0.705181381170159,-0.807429678860994,-0.374261828210742
-0.340293911246578,2.16009865793849,-0.619978825260999,-0.0512760516821981,-0.0617572556330096,-0.0363283187081136,-0.0112119409051379,-0.0553675361354658,-0.0633955931266941,-0.0293852841990784
-1.09878899855876,2.73501092943694,-0.0456643708592521,-0.0752305860651862,-0.0906082738944941,-0.0532997494446924,-0.0164498017602747,-0.0812334814363755,-0.0930119903621027,-0.0431131508660254
1.29287359217385,1.44753662365868,-0.709568276160072,-1.09731374569657,-1.32161278568423,-0.777430441086371,-0.23993689973241,-1.18487201088244,-1.35667340741564,-0.628848657706685
-0.754057165024524,-1.01540979457978,0.381138991918427,0.730969672682692,0.880385276456747,0.517881123136507,0.159832680260982,0.789296141930513,0.903740721780905,0.418904164185978
1.88659482901215,-1.54492747405075,-0.411719953861882,-0.691549903178781,-0.83290781471036,-0.489952803717256,-0.151213215390494,-0.746730939641015,-0.855003746397023,-0.396313479218385
-1.39212274512203,3.0254560433257,0.0257206607328039,0.00733704458933392,0.00883679073230196,0.0051981867845238,0.00160430664326156,0.00792249145751804,0.00907121898582743,0.00420471415730587
1.9786067898889,1.41876893720249,-1.45352102980895,-1.08753214673735,-1.30983175560086,-0.770500323949664,-0.237798070671072,-1.17430990603876,-1.34457984234182,-0.6232430181165
-1.85276893675942,0.206943202223972,0.986082849438678,0.72490259238398,0.873078040102517,0.513582687132008,0.158506062014369,0.782744949382427,0.89623963420755,0.41542724127582
1.69601953560059,0.578079368935043,-1.03497653813887,-0.85336617574726,-1.02780052939381,-0.604597222099172,-0.186595707333753,-0.92145906368361,-1.05506670445413,-0.489047162906263
1.34437147929049,-0.795576407822201,-0.175387717153108,-0.701724092329867,-0.845161683322485,-0.497161065156106,-0.153437887606418,-0.757716960736461,-0.867582693774131,-0.402144104430185
0.970403791335125,-2.28791416499098,0.153594269752322,-0.0708552723282474,-0.0853386136912972,-0.0501999048453337,-0.0154931025322601,-0.0765090470564549,-0.087602533113176,-0.0406057456855927
-1.47797516361323,0.633091037448261,0.212833503434308,0.848103674191525,1.02146233362435,0.600868818147488,0.18544501701107,0.915776649857054,1.04856036481777,0.486031328052757
2.00345236678613,-1.22193785294447,-0.557838043722514,-0.800044617025231,-0.963579649963455,-0.566819692127226,-0.174936499072817,-0.863882802788189,-0.989142130881773,-0.458489639353242
-1.84231023721797,2.64909660459541,0.0152995224295498,0.541992349216882,0.652779591322223,0.383993504838165,0.118511195599061,0.585239697596102,0.670096961866188,0.310605023065643
1.46181127640255,-2.20899913953092,-0.414370079904338,-0.074635368874024,-0.0898913899101422,-0.0528780469322777,-0.0163196525043532,-0.0805907699120096,-0.0922760884032935,-0.0427720437458656
-1.96031331999166,-0.606340697220789,1.06529770676934,1.06513082465706,1.28285143771672,0.75462932098985,0.232899832777917,1.15012110894788,1.31688377266579,0.610405266492327
1.96029722043451,-2.02402373535431,-0.533603099623618,-0.475840919350604,-0.573106320258741,-0.337126202299465,-0.104046627869706,-0.513809828029809,-0.588310065352711,-0.272694955831061
-0.978079344965386,2.76506636029594,-0.252621167293575,-0.0275005546009165,-0.033121871220985,-0.0194837332325028,-0.00601322806512111,-0.0296949141101716,-0.0340005502187176,-0.0157600202447093
1.30125103658436,-2.68271258349508,-0.0354767560512846,-0.0534167896672026,-0.0643355762845804,-0.0378449996778539,-0.0116800313097973,-0.0576790906302603,-0.0660423131809085,-0.0306120985114401
-1.48753211613381,1.51550442605934,0.59729945132114,0.218436277473761,0.263086267076089,0.154758848334567,0.0477629332646996,0.23586602496783,0.270065594298554,0.125181481069138
1.15451892406591,-2.19616774339567,0.358987683112614,-0.423033118319232,-0.509504214388258,-0.299712661997407,-0.0924997570582861,-0.456788319237352,-0.523020680576182,-0.242431856580501
1.32438990029942,-2.2689208883021,-0.0244191557614347,-0.239838695908724,-0.2888634980268,-0.169922142943299,-0.0524427524560658,-0.2589762126131,-0.296526660751945,-0.137446780904564
2.03193538682736,-1.87367238441546,-0.275441921796996,-0.796056048739585,-0.958775788840274,-0.563993850918389,-0.174064364997598,-0.85957597354843,-0.984210829740218,-0.456203870289985
1.27269407354831,-2.91412859539682,-0.0883417821928021,0.100618485674588,0.121185647828832,0.0712866980899629,0.022001080003974,0.108647164879462,0.124400541180218,0.0576624506027472
0.0648733154421692,2.56071506125447,-0.531593456396239,-0.617891800573092,-0.744193451516883,-0.437767135376817,-0.135107250393071,-0.667195415280308,-0.76393590965686,-0.354101487311361
0.916483752919775,-3.20623652672133,0.355802231013461,0.167747037854386,0.202035772228737,0.11884627723066,0.0366793037633253,0.181132124555616,0.207395511377037,0.0961324871785331
-0.274158324569072,-1.52187915533776,0.336502554261032,0.551427760367013,0.664143670249607,0.390678353069625,0.120574327777931,0.595427991169205,0.681762514626843,0.316012269315806
1.81240802633012,-1.21538973030379,-0.472880771132743,-0.706572003559049,-0.85100054343836,-0.500595738037979,-0.154497924259627,-0.76295170271361,-0.873576451049055,-0.404922345822958
-1.39942921549558,-1.30222863067739,1.36391050085245,0.620715835656844,0.74759474024451,0.439767922161285,0.135724749467869,0.670244789391961,0.767427430030829,0.355719885585054
-1.60184569520054,1.89346036879531,0.63664975664261,0.140431600400636,0.16913685746802,0.0994936967390558,0.0307065531227809,0.151637098697343,0.173623832355643,0.0804785538847714
-0.164350985997778,-2.09398741576234,0.451085449766861,0.587079175311555,0.707082497912366,0.41593684942437,0.128369810160627,0.633924149521189,0.72584045202778,0.336443385321728
-2.17844595617634,0.93796353644336,0.781835766381736,0.882155756058542,1.06247491270769,0.624994210843612,0.192890791735617,0.952545859096199,1.09066095283765,0.50554589811822
-1.68643586872796,2.29872185313472,-0.0314773818290944,0.579934985441995,0.69847798282997,0.410875297335664,0.126807672827412,0.62620990129449,0.717007670654565,0.332349192364159
1.20261754109933,1.39961222882941,-1.1010449781757,-0.696162242983545,-0.838462950861531,-0.493220577754463,-0.152221742366127,-0.751711313176639,-0.860706252889471,-0.398956719318573
1.2860969996977,-2.74241740100845,-0.0292464365641461,-0.0225935959168482,-0.0272118939140188,-0.0160072261085296,-0.0049402801881919,-0.0243964130879154,-0.0279337891086244,-0.0129479399313075
1.21138282994295,-2.26384490729583,-0.194723095705463,-0.0125425431155069,-0.0151063316316401,-0.0088862049389926,-0.00274253277305338,-0.0135433537956972,-0.0155070824300762,-0.00718788170962702
2.02593510872242,-0.787429432103061,-0.845474352538564,-0.760261927408193,-0.915665084550435,-0.538634249214596,-0.166237678660548,-0.820925721798624,-0.939956456054886,-0.435690972095361
-0.1886106089863,-3.29049888825162,0.850098338163993,0.752869334564753,0.906761391090325,0.533396707319593,0.164621225923311,0.812943249709493,0.930816559501253,0.431454424339716
0.0894757503580597,2.73037680828874,-0.532676963076511,-0.702784897985374,-0.846439325494509,-0.497912630159189,-0.153669841704505,-0.758862411556817,-0.868894230086245,-0.402752031028362
-1.70350838085209,-0.264924160500282,0.93947763859725,0.814754324842223,0.981296130779318,0.577241300970882,0.178152900674839,0.879766246469603,1.00732860626717,0.466919480000232
-0.326203576771076,-1.87233568358614,0.283770455585439,0.770810499042561,0.928369862192528,0.546107755065315,0.168544212762104,0.832315998584427,0.952998274476181,0.441736148453545
1.46135502389426,-2.55420216514463,-0.174096580441293,-0.130230184170952,-0.156850196361192,-0.0922661453206467,-0.0284759274766249,-0.140621677985337,-0.161011222542753,-0.0746323253763772
2.28190896880599,-0.703109813653428,-0.681115680613919,-1.13860214779954,-1.3713408423442,-0.806682658863238,-0.24896495687135,-1.22945495009899,-1.40772068298971,-0.652510218808178
-0.436817645069638,2.31171858907289,-0.168052065659897,-0.380535851589405,-0.458320192236854,-0.269603981642034,-0.0832073714791887,-0.410900056117843,-0.470478814691136,-0.218077519232534
0.779126206598505,-3.42964978836822,0.171904480974955,0.513676287514744,0.618675517321023,0.363931996973841,0.112319650032365,0.554664204396583,0.635088152339569,0.294377651939779
-1.45834257680337,0.210217097906186,0.755602963786014,0.56857308821971,0.684793629838411,0.402825562422801,0.124323298230553,0.613941401002751,0.702960290058346,0.325837915306657
1.0272960838816,2.62427207856871,-1.06798632733481,-1.04090048168349,-1.2536682335502,-0.737462483975827,-0.227601664049664,-1.12395734738373,-1.28692637707704,-0.596519339414076
1.61999556876211,1.09730645380947,-1.38166579707446,-0.716036891355875,-0.862400124256889,-0.507301470034481,-0.156567501755755,-0.773171824971791,-0.885278447518602,-0.410346484552396
0.183571933313974,2.43611331118293,-0.629605527718897,-0.594548297589233,-0.716078363988711,-0.421228611283398,-0.130002996703725,-0.641989257579288,-0.735074966414027,-0.340723790572264
-0.124561420971459,1.97735176622585,-0.288843730916059,-0.423774156700225,-0.510396726491422,-0.300237676650378,-0.0926617913464879,-0.457588487502874,-0.523936869833183,-0.242856530920929
-2.1057989002911,1.22085572241433,0.791315830375306,0.704895770495705,0.848981675947644,0.499408151885058,0.154131401771391,0.761141717512694,0.871504025700709,0.403961730031876
-1.07572768324358,-1.72110334224129,1.01830305197289,0.775831162733012,0.934416786649588,0.549664820492337,0.169642023197096,0.837737277508709,0.959205615761319,0.444613390841985
0.499971743334058,2.65617254375929,-0.809146236533879,-0.807210436345936,-0.972210215716676,-0.571896568359835,-0.176503365867839,-0.871620406350928,-0.998001654015309,-0.462596227718572
-0.499380598692371,-2.25636486784422,1.00561035084511,0.500321605460682,0.602591039549178,0.354470403696098,0.109399536234893,0.540243908430959,0.618576974858843,0.286724349575955
-0.149847746856209,2.7395352433092,-0.628904704897579,-0.427590737546533,-0.514993444671487,-0.302941667320707,-0.0934963189184178,-0.461709605861043,-0.528655532806052,-0.245043737407353
-1.7876342651249,0.446111095452227,0.825493297726685,0.70372066066526,0.84756636498249,0.498575604076931,0.153874454101987,0.759872841812132,0.870051168426289,0.403288297987093
1.81537567809926,0.345884818320817,-1.08571064201562,-0.826440446698485,-0.995370982316419,-0.585520744206631,-0.1807081697208,-0.89238484234298,-1.0217768448137,-0.473616563739433
-1.78983697312653,-0.0658673152491479,0.825271613231538,0.901387704360848,1.08563801338844,0.63861975969894,0.197096019337628,0.973312387673379,1.1144385396371,0.516567344739499
-0.843832122239987,-2.96139746566618,1.27644652401655,0.850745220326438,1.0246438313132,0.602740314230417,0.186022613339008,0.918628973627706,1.05182626339031,0.487545145543629
-0.646759887012749,2.99122384538071,-0.23340595897209,-0.410592300866805,-0.494520401897097,-0.290898528175201,-0.0897794674589087,-0.443354808129259,-0.507639367555714,-0.235302271822801
-0.705394272872639,-2.26959970156793,1.08988890234454,0.614609199076848,0.740239862012736,0.435441461120804,0.134389481906934,0.663650884237082,0.75987743670456,0.352220293757745
1.59219840054719,-2.71265432162385,-0.249199828417666,-0.122190525943134,-0.147167172569604,-0.0865701672407685,-0.0267179884389922,-0.13194050904112,-0.151071321065015,-0.0700249573334527
-1.03255006242828,2.48991781660028,0.0245108864424789,-0.0927661592178597,-0.111728247806935,-0.0657234417790405,-0.020284102637106,-0.10016827552318,-0.114692248969382,-0.0531624386676432
0.256366033069556,-2.83363813190798,0.419221961346653,0.536955870339391,0.646713618936999,0.380425234586738,0.117409927040117,0.5798013415391,0.663870067336797,0.307718717308424
0.253083110549276,-2.75665640781536,0.512605017603665,0.437312338985989,0.526702213298599,0.309829277108502,0.095622029016341,0.472206925785942,0.540674919423715,0.250614993613645
1.35156478820794,0.2727684664376,-0.548332098471686,-0.824419346641553,-0.992936754469677,-0.584088824926569,-0.18026623915754,-0.890202472079194,-1.01927804015394,-0.472458311541394
-1.26776515674064,2.48489035884688,-0.281815315956079,0.348641336470278,0.419906202491488,0.24700719284344,0.0762333669101546,0.376460572958602,0.431045753113047,0.199799407708344
0.174659059123059,2.13140166614548,-0.534381893621143,-0.54500431262695,-0.656407222315063,-0.386127436042078,-0.119169786786453,-0.588491995452014,-0.673820829063308,-0.312331119321076
-1.56766944413556,-1.29357566880671,1.05114868373574,1.00499324730842,1.21042129507453,0.712022743365746,0.219750244592188,1.08518495692925,1.24253215509492,0.575941618386456
1.45269396033816,0.928079860460737,-0.719982604776726,-1.02655483260343,-1.2363902277679,-0.727298805323557,-0.224464866959117,-1.10846701188072,-1.26919000888211,-0.588298133580007
0.341541410529264,2.49403803086196,-0.416762537132637,-0.917402028359688,-1.10492578357629,-0.649965669671311,-0.200597686264395,-0.99060454714358,-1.13423798860251,-0.525744834942501
2.07325248639807,-2.04944944566786,-0.572079075689984,-0.532063047690636,-0.640820667175446,-0.376958742633186,-0.116340070126461,-0.57451810451281,-0.657820783437093,-0.304914738075381
-0.952627408386587,3.06442978421178,-0.407554893154111,-0.0423708245163765,-0.0510317342149751,-0.0300190979308744,-0.00926473792334741,-0.0457517316668597,-0.0523855379530972,-0.0242818758331829
2.03721123927505,-2.26739826053374,-0.893753813485177,-0.166616424246373,-0.200674052842755,-0.118045254333222,-0.0364320855680135,-0.179911295577111,-0.205997667394794,-0.0954845550328068
0.571045958821477,-2.70580459307647,0.325185947894163,0.294134161536601,0.354257358132808,0.208389671448809,0.0643149136710069,0.317604091642779,0.363655332610359,0.168562431112678
-0.825935758535414,-2.15031617773046,1.0805742540449,0.678788030257652,0.817537320639737,0.480911206878547,0.148422724306715,0.732950754994658,0.839225493651339,0.388999903964499
-2.06973821484764,1.38418537348644,0.74138890136276,0.650874360826614,0.783917890863976,0.461134787943472,0.142319165201851,0.702809762266214,0.804714185314049,0.373003135836679
-1.62716306303267,-1.1143441352402,1.33190388343468,0.767550996095488,0.924444092751726,0.543798445787268,0.167831494968441,0.82879640919942,0.948968359616342,0.439868192218515
1.94921907127163,-1.67625171907921,-0.527104937191516,-0.604384376051142,-0.727925009587777,-0.428197326336126,-0.132153738167532,-0.652610189023977,-0.747235887695528,-0.346360651280631
1.77890805195457,-2.29942821529685,-0.210961296688775,-0.468701670864101,-0.564507756614622,-0.332068151107038,-0.102485571011548,-0.50610091547534,-0.579483393301481,-0.268603594681729
-0.763672119774924,-1.53878602385135,0.30329324737192,0.999990645915308,1.20439612498188,0.708478474807294,0.218656383630755,1.07978318155229,1.23634714528842,0.573074727140957
0.128877947415564,-2.52952963789723,0.436653822173223,0.515506139108883,0.62087940410564,0.365228419567227,0.112719762507206,0.556640065855047,0.637350505296526,0.295426303451974
0.0489849483069247,1.83852689288308,-0.0764106962139517,-0.684373419732907,-0.824264405005965,-0.484868372110839,-0.149644016794617,-0.738981821027559,-0.846131038579446,-0.392200779455266
-1.14721248691765,-1.53830787831579,0.943847895751447,0.824976119948764,0.993607336356055,0.58448329051994,0.180387982334193,0.890803672155934,1.01996641168197,0.472777387237164
0.39813486934016,3.17953991719758,-1.30032451110232,-0.536537006137676,-0.646209135796583,-0.380128475540047,-0.117318338851814,-0.579349054788006,-0.663352200932578,-0.307478674574938
1.50866344205433,1.02046230114384,-0.97532001079923,-0.909772691840968,-1.09573695428387,-0.644560398409372,-0.19892946752705,-0.982366440824319,-1.12480539194384,-0.521372614100645
0.960594939065988,1.85671131261976,-0.958197037991093,-0.776770880077738,-0.93554858916513,-0.550330596231201,-0.16984750031538,-0.83875197798455,-0.960367443485684,-0.44515192414039
-1.61702363587537,0.200909532795101,0.667995782118076,0.775528049389975,0.93405171469889,0.549450069204567,0.169575744909705,0.837409977757204,0.95883085893945,0.44443968262075
1.98959787826627,-2.43777979106977,-0.620808515536902,-0.274467937709846,-0.330571212800628,-0.194456444854229,-0.0600147280650752,-0.296368635271748,-0.339340825483588,-0.157292109835728
2.00119892150308,-0.0362113570992713,-1.20159499014984,-0.747798637038943,-0.900654205512152,-0.529804193665621,-0.163512475168484,-0.807467944585917,-0.924547358447958,-0.428548508556515
0.281827697278352,-3.0197509756648,0.484153130609191,0.535649903358706,0.645140702652916,0.379499976437171,0.11712436635182,0.578391167166804,0.662255423684873,0.306970293636495
-1.17757202792167,2.19724237465886,-0.0697100686805591,0.216020506862563,0.260176695096734,0.153047310846595,0.0472347046580785,0.233257492090933,0.267078835261331,0.123797051035215
1.02885455622687,-3.07049572710781,0.101150817351425,0.21947933460884,0.264342532798929,0.155497838775344,0.0479910064991926,0.236992311055062,0.271355187072842,0.125779236343669
1.72679486183371,-3.26489800136665,-0.0846523021508403,-0.154271980821331,-0.185806313942487,-0.109299400073642,-0.0337328689620586,-0.16658184849635,-0.19073550724253,-0.0884102003111806
1.39857507336006,0.0272549603671706,-0.825035619665922,-0.554207627182189,-0.667491762388109,-0.392647847293824,-0.121182169088512,-0.59842967268117,-0.685199427177239,-0.317605355634265
-0.979700376534968,-1.7615074874974,0.886299682833029,0.812855917569298,0.979009675028469,0.575896307700416,0.177737797922976,0.877716359049741,1.00498149389961,0.46583154059362
1.13745406602581,1.36570308741791,-0.754625785505761,-0.898691592325446,-1.08239079612574,-0.636709604488435,-0.196506491715613,-0.970401144009951,-1.1111051780382,-0.515022256617584
0.593458646476045,-3.02396635136669,0.647440888038866,0.144661279399507,0.174231114116286,0.102490361296155,0.0316314080877647,0.156204277665468,0.178853232827638,0.0829024986967284
1.10687682777523,1.70830383163251,-1.02258342266743,-0.79407344597239,-0.956387927413828,-0.562589206394574,-0.173630852191231,-0.857435172399479,-0.981759621539947,-0.455067680122127
-2.50125282468509,1.1728715783839,0.893171825076241,0.979759002187621,1.18002898374194,0.694144656636508,0.214232564197571,1.05793718857071,1.21133357634216,0.561480374977548
-1.31009757194829,-1.87986338708811,1.44966129503991,0.698430367111051,0.841194696324656,0.494827509908372,0.15271768682458,0.754160418372331,0.863510467910539,0.400256536092661
-1.85215299668859,0.265588532013578,0.628402249371622,0.981658114611707,1.18231628878206,0.695490149496067,0.214647821136679,1.05998783740806,1.2136815605295,0.562568718492248
2.22827556434943,-0.456915141970649,-0.903790458339226,-1.01295705188707,-1.22001296017041,-0.717664980265249,-0.22149159759006,-1.09378421961267,-1.25237827425279,-0.580505516213452
-1.60623668391968,-0.557445936277767,0.901187331258162,0.873773992158492,1.05237985431592,0.619055855991635,0.191058048409149,0.943495286745362,1.0802980860322,0.500742476126623
-1.81135488659116,1.31210166398373,0.741026084665187,0.459049083031248,0.552882108485389,0.325229436431358,0.100374951320422,0.49567811597922,0.56754933225747,0.263071888799167
-1.12044617353768,-1.4608451363232,0.832953628856908,0.85933777789043,1.03499277115181,0.6088280132529,0.187901448476873,0.927907159560761,1.06244974677824,0.492469369186662
-0.252063195446498,-2.49719027686665,1.02651556505669,0.36574731023372,0.440508763724322,0.259126520410674,0.0799737322594456,0.39493148851095,0.452194872773513,0.209602500654271
-2.01778179845238,0.559493936456697,0.893368606529233,0.802971679648116,0.967105025820702,0.56889347238827,0.175576525987464,0.867043425344462,0.992761030251149,0.460167080658105
0.652055445164174,2.28891375070626,-0.877717050663079,-0.742552500233175,-0.894335719568509,-0.526087383895487,-0.162365363136319,-0.801803201306438,-0.918061251512762,-0.425542052015357
-1.32232735144932,2.10723995146427,-0.0397950909593062,0.350073850980303,0.421631533555235,0.248022108032245,0.076546598282408,0.378007392502938,0.432816854905137,0.200620353249496
1.33798882416688,1.08886148961724,-0.954491063080023,-0.807104073954202,-0.972082112065935,-0.571821212189874,-0.17648010883436,-0.871505556954873,-0.997870151945841,-0.462535273549781
1.91741127058054,-1.82404704487844,-0.559426999937045,-0.495599573482062,-0.596903789333068,-0.351124914387904,-0.108367024140854,-0.535145090022915,-0.612738849491797,-0.284018247075145
1.77344274411886,-2.0878101461705,-0.415744042104111,-0.384783485297076,-0.463436073669104,-0.272613366842829,-0.0841361523925915,-0.415486622459911,-0.475730413623747,-0.220511753530586
-1.93023200081636,-0.730458092234944,1.20188615931625,0.980177819111708,1.18053340994083,0.694441382187705,0.214324142048222,1.05838942427174,1.21185138429427,0.561720390617167
-0.597246624107459,2.6376024361289,-0.639740845457832,0.000163156053428243,0.000196506356653435,0.000115593633161067,3.56754463212275e-05,0.000176174810414366,0.000201719407792979,9.35014854205955e-05
-1.15411998974118,2.26419040219601,0.0198104619296924,0.100503666023891,0.121047358192888,0.0712053500780232,0.0219759737195366,0.108523183391995,0.124258582904966,0.0575966497472469
1.39981270093055,0.587523750464625,-0.789694160172448,-0.796967228146535,-0.959873220052633,-0.564639407953497,-0.174263602055241,-0.86055985895078,-0.985337374336641,-0.456726049064504
2.12659592582831,-1.98082956031619,-0.701692769717672,-0.5022782386225,-0.604947622990964,-0.355856649141397,-0.109827370568147,-0.542356667774488,-0.620996075311304,-0.287845657080084
0.74981041261869,-2.82369942258135,0.387657185000423,0.138363878769172,0.166646478252325,0.0980287467680038,0.0302544283592765,0.149404386770579,0.171067386706122,0.079293583790706
-1.70403094502191,1.28922157748728,0.42685752941926,0.622218143532112,0.749404130953206,0.440832284909585,0.136053241747719,0.671866971343216,0.769284821457957,0.356580828314085
-1.64732287415333,-1.16687388174325,0.992981029298737,1.06977916142381,1.28844992887497,0.757922598338345,0.233916230792706,1.15514035176123,1.32263078431574,0.613069135734652
1.24526348329744,1.11376204910374,-1.10327681836445,-0.621450197349565,-0.748479210894971,-0.440288206480084,-0.135885323841902,-0.67103774821434,-0.768335364506129,-0.35614073364838
1.95942147762857,-1.88134921148977,-0.556394118479799,-0.51178943659056,-0.616402980122012,-0.362595191204292,-0.111907074173563,-0.552626795444457,-0.632755327764431,-0.293296335246519
0.872479440804735,-2.0433817068553,0.163366862498827,-0.0886846345080174,-0.1068124292794,-0.0628317423285215,-0.0193916428562079,-0.095761072561052,-0.109646020343094,-0.050823398128648
-1.49214256023692,-0.0841856411157474,0.500400550321425,0.909348842237398,1.09522646668861,0.644260107279738,0.19883678923861,0.981908770869793,1.12428136179461,0.521129714332626
0.789618929095301,-2.60474610266917,0.475325432503029,-0.0476887079776798,-0.0574366323608337,-0.0337867391375764,-0.0104275379664959,-0.051493946502994,-0.0589603494908,-0.0273294489539937
1.57000358187294,-2.4912568543587,-0.122440722928124,-0.287034967080047,-0.345707035858402,-0.203359997939877,-0.0627626149641116,-0.309938429160766,-0.354878181707937,-0.164494024130344
1.31632959728536,0.506093920041365,-0.975393432859001,-0.549678152115782,-0.662036429140276,-0.389438781689227,-0.120191761186386,-0.593538775933341,-0.679599371225834,-0.315009603665608
-0.925400042468658,3.45845942260172,-0.290200827558782,-0.307835579537988,-0.370759447242375,-0.218096921979573,-0.0673108442059915,-0.332398790754962,-0.380595200099732,-0.176414440943632
1.43052681831308,1.88007482680323,-1.46774407357998,-0.786748158766132,-0.947565297360602,-0.557399349540799,-0.172029116398882,-0.84952537648522,-0.972702938897095,-0.450869703886946
1.69994147640651,0.0473596699634883,-0.904147311850446,-0.756219566001714,-0.910796434594931,-0.535770296381056,-0.165353782266037,-0.816560807108369,-0.934958647319835,-0.433374375265695
-1.95927154869374,2.31593128771575,0.173251934233459,0.645209500979894,0.77709509179498,0.457121319136944,0.141080495847374,0.696692884660083,0.79771038649997,0.369756717458456
-1.90027504678991,0.99385962904743,0.979954749917479,0.469407425130128,0.565357772268932,0.332568167490216,0.102639890130603,0.50686298419056,0.580355958735609,0.269008048398455
1.45007603430608,-0.279298842897732,-0.437423748072625,-0.783949263485469,-0.944194287197628,-0.555416373932288,-0.171417114353932,-0.846503148164055,-0.969242500337651,-0.449265712733815
-0.350425666506591,1.9631096112,-0.264344065620013,-0.24548287994251,-0.295661394993881,-0.173920963244392,-0.0536769008697688,-0.265070764615325,-0.303504896844611,-0.140681350386096
-1.7759848071075,-0.547733130748203,1.32025643543502,0.68667617610008,0.827037861794516,0.486499840690602,0.150147533884187,0.741468321882985,0.848978071471682,0.393520443276303
1.2502155780563,-2.741611386384,-0.00830138556250965,-0.00877670721721774,-0.010570731042031,-0.00621816630833887,-0.00191910101173617,-0.0094770294914968,-0.0108511584156942,-0.00502975614246807
1.73090030547539,-1.1859849591587,-0.632551308537176,-0.52366391068079,-0.630704684481837,-0.371008079191744,-0.114503528023099,-0.565448772794729,-0.64743643723603,-0.300101359900497
1.3621293440442,-3.28034782199391,0.114290469727508,0.00607046563083044,0.00731131367325518,0.00430083446187064,0.00132735847801581,0.00655484800696535,0.00750527305820849,0.00347886297658564
2.01805693722965,-1.06335945343464,-0.466908073981793,-0.944153273479395,-1.13714518091987,-0.668918528299562,-0.206447071495535,-1.01949036190978,-1.16731212351743,-0.541075440843944
0.735367393429161,-3.04516964697706,0.277626616937025,0.321301091080558,0.386977408869331,0.22763703629879,0.0702551918053048,0.346938759657728,0.397243402583932,0.184131257480459
-1.93543539105275,0.0884413199794053,0.967597504319665,0.854910016505882,1.02965994261419,0.605691010276573,0.186933281128629,0.923126092563295,1.05697544542335,0.489931907303734
-0.597299091387647,3.12110717547971,-0.386844892457802,-0.382284886112482,-0.460426742343756,-0.270843146544582,-0.0835898126202369,-0.4127886518459,-0.472641248758344,-0.219079856090551
-1.97045763518508,0.146831785365683,1.10652937132072,0.753734851932031,0.907803826604609,0.534009913479864,0.164810478591095,0.81387782954816,0.931886649437196,0.431950435108531
-0.772271355471162,-2.35442465601162,0.897008188781531,0.854694253098815,1.02940007557199,0.605538145117102,0.186886102641008,0.922893112685836,1.05670868445566,0.489808257591472
1.9221350510406,-1.03825075802817,-0.917698185146354,-0.519710499083376,-0.625943166333809,-0.368207145972756,-0.113639081254096,-0.561179905510741,-0.642548602372196,-0.297835738435218
-1.58334476133252,0.203219675556584,0.402603752260114,0.953537188982522,1.1484472381094,0.6755668926323,0.208498943717132,1.02962305082919,1.17891400918637,0.546453175964202
1.49094088370479,-1.02533551792613,-0.413154522960201,-0.552613438341199,-0.665571709565194,-0.391518388250149,-0.120833586261043,-0.596708278280382,-0.68322843791783,-0.316691757753332
1.33789235579093,-1.95457718749893,-0.389529800433804,-0.0859275574353552,-0.103491785275224,-0.0608783942973728,-0.0187887847149222,-0.0927839992599522,-0.106237284089361,-0.0492433721578288
1.49073108690014,0.115449116390567,-0.53116968772082,-0.896034573432226,-1.07919066293243,-0.634827146186758,-0.195925512138651,-0.967532112858825,-1.10782014958616,-0.513499571997023
-2.0576098148489,0.18243707702977,1.1019508172901,0.817798614677148,0.984962695957185,0.579398134965209,0.178818560307504,0.883053450181908,1.01109244052123,0.46866410188606
0.397142077391356,-3.34222212501715,0.903934018604616,0.232587967378824,0.280130666994452,0.164785109800951,0.0508573195467559,0.251146924656691,0.287562159378037,0.133291532762176
1.86038329036161,0.238372399408947,-0.673061143698842,-1.14629163193273,-1.38060211386804,-0.812130543813952,-0.250646327391581,-1.23775800340828,-1.41722764367544,-0.656916909050214
0.977207909995376,2.50267989669806,-1.02379529295743,-0.986416578729587,-1.18804741813597,-0.698861450432162,-0.215688299425053,-1.06512599499532,-1.21956472908925,-0.565295699526624
-0.886159891108523,2.93692806203649,-0.125819495578794,-0.270459627146012,-0.325743573931681,-0.191616616535416,-0.0591382771743226,-0.29204048845263,-0.334385115804435,-0.154995026865954
-0.984767946910346,1.83559169155337,-0.00680129545841666,0.141109388234561,0.169953190144803,0.0999738993217331,0.0308547571457287,0.152368969447056,0.174461821247845,0.0808669805961335
-2.10874747386894,0.94869650156863,0.919562961228972,0.711109011060465,0.856464948806589,0.503810140260562,0.155489979192158,0.767850732934159,0.879185819792093,0.407522414480131
1.55748369421529,0.868549398563982,-0.982402583650206,-0.887692333140057,-1.06914320706612,-0.628916793222144,-0.194101410982189,-0.95852421783426,-1.09750614813758,-0.508718800198099
-2.03945440926394,0.202036679391282,0.969590749287468,0.898374341755383,1.08200869719432,0.636484837185933,0.19643712220437,0.970058578975677,1.11071294253256,0.514840446633044
-2.18856081840512,0.981830387399563,0.750730858229982,0.898315711963197,1.08193808303928,0.636443298851634,0.196424302306119,0.969995270919948,1.11064045507831,0.514806847066591
-0.951976865176425,3.30182547998673,-0.58661877583104,0.00638818564627104,0.00769397800815561,0.00452593435942926,0.0013968306374476,0.00689791994520457,0.00789808896673275,0.00366094199092396
0.859168407089106,2.41483783561703,-1.16568861894313,-0.741554985689904,-0.893134305679852,-0.525380659702514,-0.162147248173402,-0.800726091803886,-0.916827965718544,-0.424970396293336
0.279625704037988,2.47053087767587,-0.761326542151842,-0.586355358434533,-0.70621072751587,-0.415424035950397,-0.128211541499428,-0.633142576919961,-0.724945554727217,-0.336028580282307
0.909840042430776,1.62961329739474,-1.17893335409222,-0.474248772052338,-0.571188726284973,-0.335998189658395,-0.103698491442762,-0.512090638073139,-0.586341600172431,-0.271782527917611
1.59521716334213,0.466436632291425,-0.689810679170667,-0.994917772394785,-1.1982863186196,-0.704884419493486,-0.217547157076342,-1.07430552680424,-1.23007525392511,-0.570167564338516
-0.327268217640484,-2.76590898975338,0.649635645531877,0.827053078306743,0.996108840353434,0.58595478457412,0.180842126785806,0.893046357837937,1.02253427723877,0.473967650715272
1.56653683993089,1.31770644517739,-1.0533884476193,-1.01149914545143,-1.21825704688378,-0.716632075275438,-0.221172814059244,-1.09220998203765,-1.2505757789323,-0.579670019065343
-1.8701125042041,1.48420301261813,0.667751305587641,0.500537784748321,0.602851407481016,0.354623563500759,0.109446805658306,0.540477337373466,0.6188442500041,0.286848237621092
0.596765195324678,1.52992134422902,-0.564580219957741,-0.650403920921535,-0.783351289565225,-0.46080148827932,-0.142216299551277,-0.70230178441711,-0.804132552839735,-0.372733536094581
-2.020920056846,1.42766361729346,0.528793660743672,0.758999517765687,0.914144629046392,0.537739850790212,0.165961642151388,0.819562580347475,0.938395664897416,0.434967510266618
1.66810946241569,0.172981583402726,-0.778892206869608,-0.875100632777763,-1.05397767008312,-0.619995761106146,-0.191348129562781,-0.944927784373719,-1.08193828971727,-0.501502747449168
-0.220731100068969,2.62795887921486,-0.490227591381331,-0.433138803962278,-0.521675576868982,-0.306872389721373,-0.0947094504047624,-0.467700370705021,-0.535514933044439,-0.248223223795901
-1.80620653186109,0.00110854439428448,0.919693688789077,0.815879777764776,0.982651634597588,0.578038667599555,0.178398990442775,0.880981502974617,1.00872006979099,0.467564454659882
-1.61840982968162,2.28586240631448,0.782322710709908,-0.109328001945715,-0.131675453598775,-0.0774572606140045,-0.0239054891489962,-0.118051642038756,-0.13516862748446,-0.0626537009519313
0.634431579068333,-3.01929464320166,0.281532369630385,0.394165870040994,0.474736287200922,0.279260646655474,0.0861876899007846,0.425617658475815,0.487330406725205,0.225888611403223
2.59956937048241,-0.700924115587597,-1.36744985777774,-0.87280385644932,-1.05121141569742,-0.618368529294733,-0.190845920059084,-0.942447740723941,-1.079098650298,-0.500186510669252
-0.92981331002251,-1.80554434784285,0.939851509781855,0.745398343359519,0.897763274063818,0.528103621353236,0.16298763072345,0.804876123595975,0.921579734450142,0.427172948044012
-0.42514308447305,2.47937103836538,-0.362173780916182,-0.302725827673827,-0.364605224330438,-0.214476738908709,-0.0661935538908954,-0.326881315019201,-0.374277713875044,-0.173486143896782
1.65182888220889,-1.65931143419331,-0.626784913676439,-0.280101688014679,-0.337356543307441,-0.1984478730138,-0.061246595055997,-0.302451921003542,-0.346306161744582,-0.160520699954956
1.49411000844149,0.431869118356911,-0.591601151291065,-0.972553375606962,-1.17135047383061,-0.68903957755327,-0.212656993209626,-1.0501566013961,-1.20242483715604,-0.557350973864189
-0.42704765573136,3.1134630354751,-0.533362284888391,-0.409526021950466,-0.493236167689272,-0.290143085448359,-0.0895463165862073,-0.442203447318625,-0.506321064329897,-0.234691208607827
1.90199323103778,-1.84193741045419,-0.142863437688613,-0.801387147684155,-0.965196603811856,-0.567770855098102,-0.175230054717555,-0.865332458374615,-0.990801980355769,-0.459259016941107
2.1517696517559,-0.453813467806333,-0.916172147172743,-0.939422773354176,-1.13144773160541,-0.66556703943566,-0.205412707769864,-1.01438239965393,-1.16146352848357,-0.538364485416937
2.10123542895571,-0.80137776287792,-0.939436709929465,-0.745471665282858,-0.897851583530218,-0.528155568843574,-0.163003663180017,-0.804955296116222,-0.921670386648718,-0.427214967378275
1.67111352155345,-2.79566752633457,-0.707767901006599,0.201017624551266,0.242107112753045,0.142417992241427,0.0439541979817151,0.217057480560106,0.248529891036265,0.115199197923294
-2.04754242432645,2.93102624871473,0.208106950657827,0.457972880189121,0.551585921827996,0.324466962750941,0.100139630497699,0.494516039380189,0.566218759499564,0.262455138379931
-1.69583784577813,1.71412774627262,0.170340093253175,0.653484080796679,0.787061056884652,0.462983735662752,0.142889802470584,0.70562772035787,0.807940735330464,0.374498714386207
0.751220694680023,-2.57839346002353,0.254262006619543,0.147744159486216,0.177944157678626,0.104674535908954,0.0323055058042589,0.1595331508724,0.182664778475628,0.0846692358874368
1.25038357755765,1.66965804396571,-0.889986323785892,-1.00498598762357,-1.21041255145644,-0.712017599987185,-0.219748657200904,-1.08517711797032,-1.24252317952032,-0.575937458005625
-0.266506111426913,2.8425737000515,-0.391160678400357,-0.553692384909492,-0.66687120078666,-0.392282805819679,-0.12106950702262,-0.597873317536494,-0.684562402905479,-0.3173100805474
-1.87660854417175,2.95779098804592,-0.0814862987433834,0.528881923081562,0.636989297184233,0.374704963239935,0.115644490417051,0.571083147530632,0.653887772318139,0.303091698905172
2.00841877221526,-2.28791093045475,-0.657043866025397,-0.319396677929015,-0.384683719593885,-0.226287787952799,-0.0698387758174592,-0.344882387130483,-0.394888864796027,-0.183039876224403
1.38351641709781,-2.578135634314,0.226227901684849,-0.367947027309793,-0.443158119229097,-0.260684987187768,-0.0804547189395008,-0.397306728232061,-0.454914512140696,-0.210863114709319
2.18976139883956,0.000755601184955938,-0.944710382376593,-1.12308987433343,-1.35265774552868,-0.795692444213776,-0.245573067525338,-1.21270490142127,-1.38854194857345,-0.643620443768543
-1.03970678832608,3.03675918363234,-0.286046500049636,-0.0527851053944704,-0.0635747710776535,-0.0373974607814321,-0.0115419082191102,-0.0569970021962001,-0.0652613248281613,-0.0302500928329731
-1.99839416071089,-1.07278202354351,1.36059764280712,1.04481672176586,1.25838498205077,0.740237081730185,0.228457982953584,1.12818607711548,1.29176825461447,0.59876365862425
-1.32809969970267,1.92844948824459,0.246053609483522,0.199776540071223,0.240612341432288,0.141538702376948,0.0436828243990772,0.215717365876124,0.246995465429156,0.114487957120528
1.66786756262836,1.10249020960758,-0.775864983216655,-1.23241688638156,-1.48433200688749,-0.873149003500088,-0.269478340224883,-1.33075547457526,-1.5237093521894,-0.706273577429878
1.63238655736658,-1.1977371202512,-0.289232256259683,-0.703884023979053,-0.847763120965059,-0.498691344550973,-0.153910174867534,-0.760049240420897,-0.870253144082239,-0.403381918249301
-1.25545071845337,2.6992612764044,0.0142061125652368,0.0247914166870613,0.0298589654939999,0.017564349381173,0.0054208522249868,0.0267696051906978,0.0306510839615392,0.0142074672512274
-1.66421959555859,2.55220343175704,0.0795244343052141,0.37739909841321,0.454542263527355,0.267381638747933,0.0825214939575831,0.407513011110801,0.466600662579709,0.216279908446974
2.11509474240064,-2.10759027969626,-0.567257238806473,-0.549188556678599,-0.661446756777079,-0.389091910615958,-0.120084707017256,-0.593010114069358,-0.678994055642553,-0.314729026269491
-1.5244150630876,-0.672504107606937,1.16552800232529,0.641479877996402,0.772603106307606,0.454478936816925,0.140264982345115,0.692665662818003,0.793099234638223,0.367619344791688
-0.236468294905394,-2.59378703046689,0.77852739585065,0.583311948098345,0.702545221612782,0.413267825067823,0.127546074176575,0.629856322884484,0.721182807849076,0.334284462419692
-0.583148025809231,-2.13030105571712,0.425582987637236,0.97691460648979,1.17660317254023,0.692129444660298,0.213610613102886,1.05486582920476,1.20781688294562,0.559850308441352
-2.52562008303633,1.51920816216317,1.25550547033492,0.584816993846429,0.704357909835735,0.414334127558225,0.127875165115394,0.631481461172413,0.723043584269109,0.335146974169118
-0.49057104635911,-2.14076579637197,0.895650803477884,0.534645922559731,0.643931500758098,0.378788670998366,0.11690483748759,0.577307075444783,0.661014143279094,0.306394932232088
0.250824752444281,2.4327960114084,-0.700271974795239,-0.595195001432048,-0.716857258876856,-0.421686791321462,-0.13014440395001,-0.642687564044221,-0.73587452434307,-0.341094403667272
1.22596055116946,1.47533467757829,-0.963552175383033,-0.852450724483068,-1.02669795312501,-0.603948638516851,-0.186395536198516,-0.92047056555851,-1.0539348783098,-0.488522536015421
0.95242393300217,1.31551649279519,-0.913633346457438,-0.597886670645519,-0.720099125171986,-0.423593798858818,-0.130732960111562,-0.645594010378375,-0.739202393020372,-0.342636945696405
2.55536939192985,-1.25468156001836,-0.914171186347584,-0.978084395720698,-1.17801207533598,-0.692958222902919,-0.213866397378354,-1.05612895975768,-1.20926316205046,-0.560520691356485
-0.869184804563807,2.77167080924391,-0.598454863990474,0.147828058256514,0.178045205977677,0.104733976937789,0.0323238509775656,0.159623744200938,0.182768507451069,0.0847173166020837
-0.771210454146093,-0.985213792718314,0.54702236140663,0.604302303003404,0.727826160202471,0.428139178804526,0.132135792203852,0.652521567098394,0.747134415968078,0.34631361685123
-1.01202628715159,-1.39450472450314,0.441862502692033,1.04763431353292,1.26177851040015,0.74223330352077,0.229074073142877,1.13122849377706,1.29525180873773,0.600378364361448
-1.60424355498354,0.256557307594759,0.614944840783752,0.78488429275918,0.94532044336579,0.55607882824268,0.171621566385972,0.847512786492309,0.970398531924582,0.449801559392071
-0.197378890136904,2.66663127728227,-0.400582358567397,-0.537864492035395,-0.64780796962339,-0.381068979521745,-0.117608604832703,-0.580782465142353,-0.664993449685013,-0.30823943030973
-1.35617649609549,-1.2792176624781,1.17803456417129,0.720499432335858,0.867774841596315,0.510463113836029,0.157543273955698,0.777990446742761,0.890795748929241,0.41290387792893
1.6816463091608,-0.564507503990625,-0.21214100733521,-1.04799075709019,-1.26220781365504,-0.742485838470816,-0.229152012531131,-1.13161337913563,-1.29569250083449,-0.600582635066539
1.47107990529591,0.0142084733409627,-0.755994131352845,-0.664845684610437,-0.800745056492812,-0.471033262700046,-0.145374112911196,-0.717895903829053,-0.821987753168495,-0.381009823297124
-0.293555001148877,-1.88024180827592,0.591030455903341,0.50581615156387,0.609208711486656,0.358363207752661,0.110600965053776,0.546176882400986,0.625370204792623,0.289873164539085
-1.80003882685384,1.993275321773,0.459801612250399,0.409062840625509,0.492678308678069,0.289814928380085,0.0894450380853591,0.441703307235574,0.505748406064341,0.234425768613462
-1.94290252937043,0.211279064453273,1.02940478289066,0.765992960981045,0.922567583744281,0.542694601120234,0.167490817458021,0.827114053349677,0.947042069331659,0.438975313318364
-1.55806755165758,1.54329500422037,0.308021426162773,0.493979642656338,0.594952732673478,0.349977217531548,0.108012812611444,0.533395899599944,0.610736033905341,0.28308989697534
-1.13934155845769,-1.40296956223293,0.962313650183742,0.752134588796151,0.905876457856034,0.532876150888754,0.164460567567849,0.812149876164557,0.929908150170391,0.431033356170149
0.0412790874380435,-2.56701009473759,0.589646736311692,0.48466251332733,0.583731113245687,0.343376170208194,0.105975543749758,0.523335325942676,0.599216719904501,0.277750435681609
1.8651508909579,-1.80926166948692,-0.200061461133478,-0.737826795813302,-0.888644046237009,-0.522739292717377,-0.161332048032045,-0.796700417420999,-0.912218585690984,-0.422833844911591
-2.42042686214311,1.61031529979865,1.11244306370518,0.572448405722797,0.689461090882029,0.405571167139401,0.125170669067577,0.618125942808318,0.707751572608437,0.328058782601504
-1.61067726459805,2.79002466464887,-0.305117571390754,0.54178322588858,0.652527721639962,0.383845344075574,0.118465469020632,0.585013887631086,0.669838410417717,0.310485178650302
0.827666928772566,1.4448490551886,-0.708780596293894,-0.701431159444264,-0.844808872789965,-0.49695352657076,-0.153373835361856,-0.757400653774501,-0.867220523649485,-0.40197623042639
-1.2409673705207,-0.303253666017705,0.59494770614314,0.705597787515018,0.849827190434391,0.499905520484618,0.154284903709952,0.76189975077402,0.872371970557311,0.404364042006927
0.911977402884772,2.87866659243487,-1.34944843028011,-0.819981370897244,-0.987591623681662,-0.580944585228526,-0.179295838353437,-0.885410375684678,-1.0137911101864,-0.469914996012277
1.85437800143788,-1.61077978841253,-0.456084028032479,-0.604310687708174,-0.727836258802868,-0.42814511924294,-0.132137625590225,-0.652530620846277,-0.747144782470853,-0.346318421958575
-0.301714033009386,2.71920197918431,-0.554018197111726,-0.349277473143364,-0.42067237020231,-0.247457886199181,-0.0763724635557083,-0.377147469064654,-0.431832246229754,-0.200163964968797
0.950518015358483,-3.16233952227273,0.262641471388214,0.194888669092922,0.234725353499227,0.138075718608142,0.0426140502099038,0.210439475630324,0.240952303570347,0.111686815591222
-2.20257780762037,1.55776354226497,1.17906434826536,0.355240387899594,0.427854148807276,0.251682522468687,0.0776763051284486,0.383586184359749,0.439204547827351,0.203581192680726
-0.279905632824945,-2.43223372451004,0.677926234328701,0.637174937483554,0.767418204135641,0.451428950598417,0.139323670815723,0.688017216972691,0.787776783937872,0.365152269104695
-0.093641096834927,-2.80335377147217,0.527282159415813,0.738427973100201,0.889368108604718,0.523165217868828,0.161463500513137,0.797349564616701,0.912961856466071,0.423178367643938
1.40351024479242,-3.14902319769415,0.238564866266894,-0.176460891717607,-0.212530802226657,-0.125019912874079,-0.0385846613594203,-0.190541285417713,-0.218168960501046,-0.101126223315375
-1.6213751495049,-1.49797870259579,0.931479460967808,1.22232334612893,1.47217527240475,0.865997880604292,0.267271302570396,1.31985653761858,1.51123011578038,0.700489170495886
-2.00561907053134,0.441848017068398,0.979428885514187,0.770288863193388,0.927741600120316,0.545738183837488,0.168430152686824,0.831752739698824,0.952353345450455,0.441437209335311
2.7230392369482,-1.2930698213165,-1.36305201395678,-0.754952116890904,-0.909269909518016,-0.534872327568457,-0.165076643834655,-0.815192224073202,-0.933391625571833,-0.432648025418014
-0.349496769798925,2.82944816480515,-0.485473352334155,-0.404379606435267,-0.487037786805041,-0.286496926726949,-0.0884210094547745,-0.436646382418778,-0.499958248680897,-0.231741900352621
-1.87652141028103,0.63604290028524,1.0734938769454,0.512789696105379,0.617607700074688,0.363303860168712,0.112125789347646,0.553706868948846,0.633992007328131,0.293869564057075
1.93389059678622,-2.6271855042897,-0.789046939644035,-0.023188124429963,-0.0279279484494403,-0.0164284407028076,-0.00507027885885352,-0.0250383809823521,-0.0286688396143311,-0.0132886523837914
-2.12409252782756,2.6887051619084,0.60738934901537,0.303418981760504,0.36544006423561,0.214967828252535,0.0663451178745292,0.327629778145406,0.375134700967681,0.17388337670162
0.926453314327119,-2.75018056384481,0.162769631255034,0.135959118919217,0.163750167715193,0.0963250102403339,0.0297286073484106,0.146807743239702,0.168094240919468,0.0779154638048023
-2.03015540646655,1.31622040466362,0.990776013139681,0.448186501293834,0.539799134754304,0.317533459100742,0.0979997562630503,0.483948773193657,0.554119284710153,0.256846759503565
-0.374401915269621,2.66929855969803,-0.303723547728099,-0.464134914530765,-0.559007521533351,-0.328832672280236,-0.101487011246165,-0.501169762665935,-0.573837244330977,-0.265986477561348
-1.5593774491719,2.21371076302828,0.187743066893121,0.332986042051323,0.401050850183286,0.235915649979609,0.0728102048272831,0.359556091216811,0.411690193495978,0.190827670208498
-1.19483685677004,3.17032276001119,0.0873522548411946,-0.263919956469936,-0.317867146233985,-0.186983357289188,-0.0577083230582438,-0.284978995989914,-0.326299737001623,-0.151247271820852
2.07951990608177,-0.201799590804765,-1.02267362689161,-0.891016626357472,-1.07314701038739,-0.631272005441485,-0.194828295714579,-0.962113767317923,-1.1016161670125,-0.510623886446944
1.5599141153634,-2.95646399998791,-0.296787432086745,0.0356221632041931,0.042903596650479,0.0252377719324994,0.0077890862431058,0.0384645725192676,0.0440417717569652,0.0204143524159951
1.15149784766597,1.46651902633893,-0.979254865205633,-0.773503056972811,-0.931612798864714,-0.548015392245268,-0.169132963249071,-0.835223404548988,-0.956327241926212,-0.443279199788567
1.47734362866833,-3.20540802274716,-0.304132028777595,0.206677015053439,0.248923324503043,0.146427586098826,0.0451916714179058,0.223168452404737,0.255526927778574,0.118442481929064
1.63040903892987,0.63163773401129,-1.08104326749475,-0.782033133077279,-0.941886485571672,-0.554058824084525,-0.170998136289156,-0.844434123421798,-0.966873475817429,-0.448167616551291
1.58028715685622,0.97978823724399,-0.707744501567078,-1.1643483755581,-1.40234978934982,-0.824923477663829,-0.254594586585204,-1.2572555538703,-1.43955225593618,-0.667264869272075
-1.43452023736963,-0.369039719086108,0.670569542047289,0.836140775044513,1.00705412947258,0.592393282324659,0.182829228277535,0.902859191724507,1.03376993025701,0.479175628759476
1.0444321904384,1.6348785149426,-0.947494607792344,-0.771649735058224,-0.929380644252678,-0.546702341279504,-0.168727718790833,-0.833222199996178,-0.954035871234136,-0.442217097903069
-0.858758133673243,2.2831672297759,-0.0803281762671456,-0.0795309310734151,-0.0957876412067306,-0.0563464798166415,-0.017390108443847,-0.0858769650866726,-0.0983287593702893,-0.0455775929608282
-0.188059022272786,3.15598015678209,-0.334248151632626,-0.78463174675533,-0.945016275092157,-0.555899903161373,-0.171566345073525,-0.847240089013949,-0.970086294472972,-0.449656830306016
1.75941728123442,-2.89819750409824,-0.452674002535229,-0.034343354285564,-0.0413633897370639,-0.0243317548652986,-0.00750946389399245,-0.0370837232399316,-0.0424607052116184,-0.0196814924886524
2.56207143273395,-1.77155027651203,-1.09709707786104,-0.643253945767561,-0.774739806643521,-0.455735837402795,-0.140652897216861,-0.694581289279167,-0.795292618779744,-0.368636027705712
0.533932164076818,2.01259051007531,-0.594684904281688,-0.757871852159891,-0.91278646025607,-0.536940916508426,-0.16571506856161,-0.81834493460196,-0.937001465703393,-0.434321267562261
-1.07183626432144,-2.11792706345954,1.52476587021003,0.528118456899644,0.636069772871867,0.374164058824136,0.115477552101133,0.570258761876339,0.65294385425411,0.30265417163862
-1.64851330810706,2.46513999996857,0.185646649913393,0.314331334996836,0.378582983127858,0.222699067948641,0.0687311958896628,0.339412863861137,0.388626283941209,0.18013702905219
-1.53402062011983,1.56694806976884,0.558031643690671,0.269005360127832,0.323992043986336,0.190586290018651,0.0588202894328095,0.290470180696121,0.332587120109416,0.154161615395519
2.23425503846631,-0.265787494546166,-1.14796936348165,-0.900133239845377,-1.08412712705412,-0.637730990278695,-0.196821720097464,-0.971957825317028,-1.11288757150664,-0.515848436104855
0.629373619179723,1.71488275107294,-0.794897467990805,-0.568700360592001,-0.684946917624282,-0.402915733002469,-0.12435112740753,-0.614078828855339,-0.703117644364407,-0.325910852568942
-0.467110501627363,2.84731453050523,-0.286955897041031,-0.466452747897831,-0.561799137172008,-0.330474822689807,-0.101993825048846,-0.503672543564559,-0.576702917803356,-0.267314781710807
-1.58156134353118,2.621291732238,0.132410106425879,0.239379827524057,0.28831083355276,0.169597041528967,0.0523424170159658,0.258480729614001,0.295959334827684,0.137183812570399
0.0196310355957936,-2.68070896228223,0.593466744523844,0.543521511965853,0.654621326239294,0.3850768938644,0.118845559923406,0.586890877259572,0.671987555550333,0.311481355788054
-0.517988345528383,-1.55744250788824,0.618139096085618,0.552071203432137,0.664918637833002,0.391134222895275,0.12071502202769,0.596122776668295,0.682558041064987,0.316381013724049
-2.20350383574097,0.550041460320916,1.0495388497955,0.842348773038306,1.0145310881403,0.596791556416737,0.18418665936597,0.909562546253061,1.04144524265011,0.482733308794701
0.405832040162162,-2.82461742444374,0.423476395865883,0.403121551284315,0.485522575882809,0.285605613394958,0.0881459250918969,0.435287942918357,0.498402841236989,0.231020933996281
1.59396419141767,-0.113338319928251,-0.579446569581191,-0.858625903832114,-1.03413538477444,-0.608323661088057,-0.18774579121365,-0.927138482734941,-1.06156961508561,-0.492061408338834
1.57635230690508,-0.0795695723482455,-0.846695228031281,-0.647582747537108,-0.779953447489417,-0.458802728966191,-0.141599426211157,-0.699255500349164,-0.800644570552653,-0.371116777803789
1.53717737725588,-1.74349008880658,0.0567546720985617,-0.684963792509394,-0.824975454341477,-0.485286642427629,-0.149773106778436,-0.739619301585504,-0.846860951103976,-0.392539110337839
0.714076098233067,2.63613066035362,-1.21160124818305,-0.666864495056626,-0.803176526715454,-0.472463559825007,-0.145815542831768,-0.720075801786541,-0.824483727048071,-0.382166763364839
-0.580659883565057,-2.60228052481217,0.751210073737575,0.900514734024867,1.08458660146357,0.638001273221378,0.196905137015417,0.972369760169175,1.11335923515838,0.516067062822725
-0.907319911933495,2.41638919576785,-0.0201410236132614,-0.136214326369907,-0.16405754145507,-0.0965058209170765,-0.0297844106086425,-0.147083314530481,-0.16840976887406,-0.0780617181130459
-0.634365637730518,-2.60980778131427,0.98116909056377,0.769230517394389,0.92646692061765,0.544988361606093,0.168198736457097,0.830609945015,0.951044850403361,0.440830692431918
0.0213669347909745,2.66304542281022,-0.506329490819752,-0.63976140914061,-0.770533369716298,-0.453261427234283,-0.139889224644856,-0.690810071692142,-0.790974590699999,-0.366634524508963
-0.4538078682764,2.71797232955782,-0.382953699956753,-0.353276022393607,-0.425488252473023,-0.25029079877274,-0.0772467800529666,-0.381465075682933,-0.436775887423826,-0.202455453924122
2.09619436130848,-1.44650209711576,-0.35582975379004,-0.951040546540704,-1.14544026349951,-0.67379805865716,-0.207953031803078,-1.02692719309289,-1.17582726355694,-0.545022399894488
1.69995301485232,-2.4059947939765,-0.432324761680837,-0.187769964331794,-0.22615153286979,-0.133032222339084,-0.0410574854104616,-0.202752746052502,-0.232151030932925,-0.107607227641831
1.36164987454943,-2.7538581525232,-0.0422375138856767,-0.0722913022400654,-0.0870681787309466,-0.0512173106439361,-0.0158071025767468,-0.0780596625080302,-0.0893779812028927,-0.0414287058335129
-1.55007988496511,-0.541155205186165,0.465999489889471,1.16010397604173,1.39723780320148,0.821916383839384,0.253666512854989,1.25267247978627,1.43430465562415,0.664832488424654
-0.5916253301885,2.77943697461995,-0.324217319211321,-0.305531180988603,-0.367984012597431,-0.216464289938178,-0.0668069680394387,-0.329910516682217,-0.377746136881214,-0.175093836020669
0.520223602618709,2.32005556284941,-0.634464022453722,-0.83259203589139,-1.00278000180743,-0.589879053503656,-0.182053266549453,-0.899027287027288,-1.02938241569449,-0.477141917014094
2.46440630492797,-0.564495581799666,-1.22064384210048,-0.92482405420379,-1.11386492635994,-0.65522406440879,-0.202220574775317,-0.998618800789095,-1.14341427490288,-0.529998250164749
-0.668905432185678,2.62788353942266,0.219592220242637,-0.607158199432546,-0.731265822969976,-0.430162538877533,-0.132760258030379,-0.655605344876756,-0.750665328393941,-0.347950274227535
-0.38856436910392,-2.78295922615028,0.589211549180927,0.932923935149147,1.12362048283764,0.660962709386848,0.203991682017755,1.00736499781913,1.153428633262,0.534640130647927
-1.68277516447742,1.5659687215629,0.842457398638571,0.173430084254281,0.208880475316795,0.12287263093917,0.037921949760948,0.187268639879687,0.214421795294543,0.0993893279082462
-1.23198327328918,-2.0142196905883,1.05317074261773,0.993395657296995,1.1964530719457,0.703806023623116,0.217214333780332,1.07266195714717,1.22819337366589,0.569295270484662
-1.30286600095555,2.92254014026689,0.0248896235940462,-0.0285671728598074,-0.0344065141354867,-0.0202394163784876,-0.00624645313793181,-0.0308466413406126,-0.0353192729936544,-0.0163712779301429
-2.57694715328157,1.65772001859293,1.23053272359758,0.595053590100871,0.716686942024399,0.421586603500064,0.130113483170495,0.642534869038814,0.735699689212036,0.341013363649188
-1.55552225874474,-1.37697697261307,1.48674092451842,0.685924104122645,0.826132060746246,0.48596700889893,0.149983087007121,0.740656239614148,0.848048240731614,0.393089445801458
2.04843460068905,-1.82877039944971,-0.804176614050737,-0.413796668099519,-0.49837976547601,-0.293168774621034,-0.0904801293638896,-0.4468148623403,-0.511601114894856,-0.237138630877806
1.02967858473723,1.98381301888352,-1.23792695613065,-0.665329291160107,-0.801327515795625,-0.471375890735735,-0.145479857559591,-0.718418098932533,-0.822585664338535,-0.381286968581061
2.11361353879396,-2.59795441660614,-0.51483661127298,-0.401556869396301,-0.483638061452148,-0.284497059587873,-0.0878037942084099,-0.433598409927165,-0.496468333155906,-0.230124245962549
2.49304012126998,-2.20260318856947,-0.595854100861624,-0.811814906055181,-0.977755873066635,-0.575158766551615,-0.177510171980749,-0.876592281810282,-1.00369443024661,-0.46523495762373
0.701962571289414,1.85761563366078,-0.666717748238166,-0.785174362564981,-0.945669805583835,-0.556284338378641,-0.171684992594003,-0.847826001919933,-0.970757162255577,-0.449967792621842
1.83503335648907,-0.786172920969065,-1.08297166697492,-0.412746645185851,-0.497115110117953,-0.292424849029903,-0.0902505330031937,-0.445681054652144,-0.510302909919536,-0.23653688365427
-1.65103113579653,2.43255052783396,0.290937463638613,0.246592095079768,0.296997341903526,0.174706825644092,0.0539194401090826,0.266268487668861,0.304876284641148,0.141317019494324
-1.64934362833349,-0.654523297198579,0.993139812817474,0.875609459526008,1.0545905047795,0.620356257276795,0.191459388820175,0.945477212078191,1.08256738209949,0.501794345926717
1.40993829178869,0.909299857254815,-0.933747071264353,-0.815880431307005,-0.982652421728679,-0.578039130624487,-0.178399133345293,-0.880982208665126,-1.00872087780362,-0.467564829191919
-0.717558354562866,2.92807578708476,-0.569754351059374,-0.0632722278177102,-0.0762055388356853,-0.0448274307815351,-0.013835005932699,-0.0683209265366416,-0.0782271699820376,-0.0362600538718496
-1.70496888094524,-0.482308480609107,1.15083509039791,0.733785915479077,0.883777180095875,0.519876389201465,0.160448475486466,0.792337101982615,0.907222608092515,0.420518096854942
-1.53110658703772,-0.366264078776285,0.812937861983211,0.805863859500922,0.970588388611843,0.570942538726394,0.176208925490407,0.870166381719945,0.996336802003898,0.461824531342028
0.768768054872115,-3.28632919105291,0.52676266345454,0.190240681310045,0.229127282659739,0.134782688509525,0.0415977285033809,0.205420609647417,0.235205723389655,0.109023146344608
0.334030428460545,-2.78509640502436,0.529532965470535,0.366128986508842,0.44096845745109,0.259396932365399,0.0800571889941428,0.395343619988737,0.452666761560772,0.209821231727521
-0.177866898958703,3.54764903406539,-0.809843975918134,-0.571058152336256,-0.687786659427763,-0.40458619332698,-0.124866678446192,-0.616624756541212,-0.706032720724473,-0.327262056068708
0.41667108939059,-2.2965677365232,0.618330993879608,0.039779716627894,0.0479109847229217,0.0281833365941141,0.00869817034313358,0.0429538707758611,0.0491819991458642,0.0227969634970022
-1.56633579672679,-0.667081660102166,0.9154228116995,0.870613496042912,1.04857332943474,0.616816691578701,0.190366979293718,0.940082604271876,1.07639057913086,0.498931258735276
1.83396348179886,-0.694343286678146,-1.07671546791215,-0.451816222779486,-0.544170798139296,-0.32010506269787,-0.0987934254607386,-0.487868122069504,-0.558606922484875,-0.258926880611182
-2.42312388763985,1.97633500404809,0.926872608525732,0.579995183555686,0.698550485883031,0.410917946802385,0.12682083565238,0.626274902813246,0.717082097116772,0.332383690704437
1.3918380315548,-2.19128745804585,-0.539454532895599,0.075890633424547,0.0914032398125912,0.0537673831654383,0.0165941266789251,0.0819461961408349,0.0938280456640539,0.0434914108646673
0.0999313223655737,-2.71557564179125,0.767405621847229,0.352569722135076,0.424637579221304,0.249790395562005,0.0770923415480478,0.380702417408675,0.435902646947108,0.202050687309963
0.0180928487749822,-1.86001902817112,0.109172473697714,0.609944633409825,0.734621824647052,0.432136685838245,0.133369535306307,0.658614117566242,0.754110360312404,0.349547124055829
2.08278124087469,-1.96839840611984,-0.583977620281625,-0.56182810154262,-0.676669918031581,-0.398046839848644,-0.122848450040248,-0.606658209701447,-0.694621067029319,-0.321972497749671
1.19971085866182,-3.05820330148499,0.236680637875436,-0.0364391750357984,-0.0438876117390893,-0.0258166126433796,-0.00796773276666286,-0.0393467764063741,-0.0450518914513825,-0.0208825656281692
-1.11324477073309,-2.44138617504522,1.32651773616386,0.841929158510715,1.01402570130185,0.59649426577534,0.18409490711259,0.909109449305126,1.04092644857396,0.482492836064395
-1.31158505649292,2.58134605529597,0.146573047349478,0.0140614540962855,0.016935719243329,0.00996233074019459,0.00307465546187124,0.0151834636687437,0.0173850012513208,0.00805833934782263
1.07279038110718,-3.0787252955088,-0.0433891088680865,0.298296360241174,0.359270341015867,0.211338527222717,0.0652250135008524,0.322098405842451,0.368801303232726,0.170947704311656
1.12056949516462,1.15822572678354,-1.08889625750626,-0.543681878960674,-0.654814473433146,-0.385190511491089,-0.118880625518554,-0.587064040463238,-0.672185826681223,-0.311573258919523
2.22577865969221,-0.564874441705465,-0.904423762530748,-0.969089195333262,-1.16717818950483,-0.686585257438584,-0.211899520993275,-1.04641600280881,-1.19814186770063,-0.555365721128849
-1.0353754234818,1.8769284676855,-0.20014736461823,0.319522577804358,0.384835354334288,0.226376986138827,0.0698663048864105,0.345018332970086,0.395044522203532,0.183112026936016
1.86802655967112,-0.238599395785607,-0.976390872642583,-0.733356205184343,-0.883259633840861,-0.519571945859453,-0.160354515708503,-0.791873103693142,-0.906691332026718,-0.420271838441515
-1.19076971669478,-1.49404310087572,0.775321225834521,0.976869721398773,1.17654911260486,0.692097644242008,0.213600798599399,1.05481736258501,1.20776138887238,0.559824585689451
0.161395689251584,-2.06293000075328,0.356561711885387,0.372208076205154,0.448290158012553,0.263703876849182,0.0813864331967683,0.401907780203673,0.460182697057457,0.21330503698431
1.01860959778638,0.640716587104609,-0.353695573719626,-0.834158590220633,-1.00466677142015,-0.590988933907456,-0.182395806857997,-0.900718841867939,-1.03131923878459,-0.47803967810661
-1.0249242632375,-0.768924912648399,0.519645503839534,0.758749780672366,0.913843843845361,0.537562915780168,0.165907035030905,0.819292915911834,0.938086900266806,0.434824390911256
-0.113483526647676,2.18083328514542,-0.42723233731464,-0.402727062827966,-0.485047451070274,-0.285326124200709,-0.0880596668657807,-0.434861976933352,-0.497915111997872,-0.230794860517087
-1.96860743148314,0.0534988614249548,1.0704259601988,0.8160543656338,0.982861909517439,0.578162360503755,0.178437165551935,0.881170021782713,1.00893592302357,0.467664507491187
-1.05340778545884,-0.831691350197399,0.38868361082193,0.909351041861868,1.09522911593258,0.644261665680904,0.198837270205041,0.981911146009518,1.12428408131948,0.52113097489361
-1.44228227358029,-1.03641445688127,1.03456081506784,0.81311418050329,0.979320728815019,0.576079283141558,0.177794269290387,0.877995229630864,1.00530079952759,0.465979545938503
1.32578037773733,-2.5774896283138,-0.446440807005073,0.206877965667661,0.249165350908061,0.146569956615248,0.0452356109635143,0.223385437527994,0.255775374820806,0.118557642724702
-1.86522248990751,0.268593136916163,0.451653348917103,1.12982851385694,1.36077381277683,0.80046666992418,0.247046527857013,1.21998123910878,1.39687332424386,0.647482223898198
-1.85442000684002,-0.367397186713767,1.0434722014176,0.900879788827949,1.08502627616656,0.638259909110788,0.19698495932515,0.972763943893116,1.11381057384391,0.51627626846132
-0.141432361749373,2.86726436504087,-0.43664956221977,-0.63388160963268,-0.763451695730698,-0.44909567687995,-0.138603556921734,-0.684461103683795,-0.783705049363595,-0.363264928490825
-2.01502033862481,0.247070185412339,1.23713951817318,0.651187530479049,0.784295074708041,0.461356663976633,0.142387642386057,0.703147920753049,0.805101375341637,0.373182607128587
0.200727787877811,-2.31857951864116,0.406187374704884,0.397648125892665,0.478930341886413,0.281727773047864,0.0869491144946182,0.42937777495076,0.491635724078886,0.227884222892373
0.868657325594564,1.56330863493939,-1.02863685021423,-0.531428853987697,-0.64005683959223,-0.376509425842848,-0.116201398327707,-0.57383330641287,-0.657036692528451,-0.304551294292431
-1.21105608525807,2.56189631918117,-0.290409270887099,0.27772992150759,0.334499970196315,0.196767511778017,0.060727988317649,0.299890903462643,0.343373807564762,0.159161487796878
-0.492862135441909,2.5245778306884,-0.0812595990098518,-0.482090621819024,-0.580633508103949,-0.341554023390504,-0.105413177993044,-0.520558214769896,-0.596036939436279,-0.276276535870266
-0.393740743477737,2.53231107360952,-0.506467572077229,-0.236818782860717,-0.285226292431269,-0.167782579539339,-0.0517824230133317,-0.255715330791547,-0.292792964950716,-0.135716128869922
1.81434717873224,1.05982064285452,-1.03749300574479,-1.1360565300849,-1.36827488155374,-0.804879126636933,-0.248408336101082,-1.2267062091921,-1.40457338635514,-0.651051375984816
2.13543533015593,-1.34491652305227,-0.491880335226297,-0.916829765151802,-1.10423654553905,-0.64956022971408,-0.200472556090395,-0.989986621176151,-1.13353046600086,-0.525416882293092
-0.261347891657853,-2.36950481032137,1.01894730211193,0.330771013483841,0.398383053405089,0.234346335238961,0.0723258701605711,0.357164318250139,0.408951623633025,0.189558281442608
0.974195465019605,-3.11247602689239,0.616963301762403,-0.121352257152533,-0.146157555442468,-0.0859762662911257,-0.0265346939021764,-0.131035352032495,-0.15003492014419,-0.0695445621813518
0.87838053290207,1.92719591931695,-0.892034461746895,-0.785547437054722,-0.946119139256714,-0.556548656096573,-0.171766568475822,-0.848228845247653,-0.971218416150556,-0.450181594183172
0.517518097110269,1.73198038971122,-0.244541663039423,-0.910493355443423,-1.09660492685317,-0.645070977835291,-0.199087046698186,-0.983144608540853,-1.12569639066592,-0.5217856120612
2.28227805330711,-2.559633045667,-0.660915086542565,-0.445355078486472,-0.536388948197758,-0.315527438224158,-0.0973806418002137,-0.480891421867681,-0.55061863045975,-0.255224127472578
0.38038961369343,2.36519618093046,-0.801333019178032,-0.600484537871808,-0.723228015660452,-0.425434349085714,-0.131301005677962,-0.648399169956929,-0.742414288793778,-0.344125731674489
1.34729077208134,1.30902462846593,-1.37857974587488,-0.567519127482515,-0.683524231736592,-0.402078846942365,-0.124092840831551,-0.612803341279204,-0.701657216520608,-0.325233911394868
0.972269006952983,-2.81542889007195,0.146685873287807,0.134518531517235,0.162015113600706,0.0953043755278481,0.0294136107702847,0.145252206640865,0.16631315813709,0.0770898918500192
-1.12254752836875,-1.61102488052451,1.15263786790235,0.668530368621552,0.805182917149706,0.473643806427634,0.146179800128355,0.721874600870659,0.826543344340313,0.383121442333658
-2.71304293423114,1.89855232892449,1.15808849281855,0.67537660114044,0.813428570196716,0.478494260172347,0.147676786575368,0.72926711675177,0.835007743547728,0.387044881866549
1.41810323161093,0.519898801413907,-0.808670845637166,-0.771838515440652,-0.929608012740572,-0.546836089368012,-0.168768997212677,-0.833426043784903,-0.954269271504284,-0.442325284181203
-1.54272037687736,0.327366925088524,0.4624458100451,0.824773937416368,0.993363826219683,0.584340047207845,0.180343773419292,0.890585356815709,1.01971644154697,0.472661520453751
-0.0855334894891962,-2.30045426850578,0.335993287722241,0.688961009587151,0.829789732133801,0.488118611176827,0.150647131984952,0.743935469732882,0.851802945254991,0.394829835851638
-0.170447308290484,2.56061197035062,-0.483743711604513,-0.455222542349947,-0.548273394606445,-0.322518389366318,-0.0995382459466203,-0.491546243058136,-0.562818355355855,-0.260878974529631
-1.47451152572824,2.44339255380824,-0.231291709704476,0.500745294247468,0.603101333455515,0.354770580889436,0.109492179359389,0.540701404736603,0.61910080618084,0.286967157183078
-1.81174116782317,0.994596846416366,0.367063447726296,0.873110993952806,1.0515813343767,0.618586131640229,0.190913078263077,0.942779385736864,1.0794783824257,0.50036252505671
1.74330451213943,1.27048697351928,-1.09027991978144,-1.11487996853695,-1.34276967430708,-0.789875848267841,-0.243777902421804,-1.20383990029613,-1.37839156003128,-0.638915510234023
-0.802018929401019,-2.0068387996957,0.850473835794325,0.783561335306685,0.943727063631881,0.555141532596959,0.171332290587802,0.846084265922694,0.968762881954844,0.449043398819066
1.52152811469343,-0.305333565685169,-0.734227047884375,-0.602658915360416,-0.725846851978796,-0.426974863142597,-0.131776451643631,-0.650747048161724,-0.745102599341282,-0.345371824116528
0.118035483614296,2.58809184054913,-0.664399250809181,-0.569698317585093,-0.686148864402773,-0.403622770664549,-0.12456933911583,-0.615156416112235,-0.704351477185315,-0.326482761850145
-1.37521697521427,2.61950685978899,-0.0198900790082849,0.183739204221943,0.221296855601692,0.13017648885137,0.0401761257372456,0.198400358364411,0.227167565562012,0.105297279284255
-0.733482380193701,-2.50968958335017,0.812043249819264,0.947482749906063,1.14115522693668,0.671277412745439,0.207175089580317,1.02308550818797,1.17142855069825,0.542983497486802
-2.24100882533347,2.46003978094059,0.394566274099245,0.656595963203622,0.79080903105584,0.465188457987362,0.143570241788857,0.708987910075354,0.811788138249693,0.376282072229141
0.912764653416559,-3.21209019375308,0.0905834034674775,0.380532014632359,0.458315570977429,0.26960126321513,0.083206532496189,0.410895912997401,0.470474070835871,0.218075320348854
2.04864820482164,-0.150095145934662,-1.42906404648134,-0.566753024631764,-0.682601531800798,-0.401536074485981,-0.123925325985768,-0.611976108567619,-0.700710038588103,-0.324794873105911
-0.56952869377658,-2.66893942893576,0.626473381702771,1.01405907432773,1.22134024414312,0.718445746746571,0.221732564085637,1.09497417604075,1.25374076929625,0.581137063330486
0.593672631522517,2.17881515321493,-0.429057034247738,-1.00168173452563,-1.20643288460317,-0.709676585893929,-0.219026154409553,-1.08160920767303,-1.23843793742166,-0.574043856350203
2.24901952039729,-0.0451203304671036,-1.45582625646808,-0.756271531913291,-0.910859022722921,-0.535807113455222,-0.165365145050623,-0.816616919550585,-0.935022895827252,-0.433404155894863
-2.07634085424731,0.171246454359323,0.645478261088242,1.19493446834544,1.43918790556809,0.84659326873318,0.261282493582727,1.29028221138562,1.47736763816763,0.684793150011511
2.06201353235479,-1.2570038986436,-0.550538044210197,-0.842137256141964,-1.014276335627,-0.59664169984685,-0.184140409413713,-0.909334151729356,-1.04118373189295,-0.482612092673179
0.77058078883489,2.17500748317289,-0.889343317765182,-0.790697339221738,-0.952321719490164,-0.560197285058851,-0.172892637993064,-0.853789675010709,-0.977585542551901,-0.453132900569107
1.31862375417501,0.993342577286106,-0.795669653938802,-0.878334889510917,-1.05787303279728,-0.622287183817748,-0.192055327058971,-0.948420113066539,-1.08593699120062,-0.503356235581709
1.82105249397248,0.207024510087911,-0.975948773384037,-0.864037177421178,-1.04065276268043,-0.612157467808954,-0.188929011795417,-0.932981539603638,-1.06825989032122,-0.495162501482259
-1.04538830704574,-1.72487443026249,0.947431596722258,0.806898224559233,0.971834185533179,0.571675370960275,0.176435098129049,0.871283282161076,0.997615648253363,0.462417305360442
1.6276557115802,0.362887299035581,-0.748207836686039,-0.937265296518982,-1.12884925055895,-0.664038499239936,-0.204940957274519,-1.01205277066115,-1.15879611320613,-0.53712807840284
-1.61821551493896,1.75561939855716,0.17703603316606,0.566408076771938,0.682186074048875,0.401291684066314,0.123849900228659,0.611603636185928,0.70028355929701,0.324597190356122
-2.12500262024123,1.4484709150563,0.761475471904092,0.657585174065624,0.792000443929403,0.465889299145864,0.143786541081873,0.710056053318656,0.813011157715246,0.376848969276771
-0.810961641055209,-1.85101965742121,0.924060618219828,0.674085908746638,0.811874050737971,0.477579823840026,0.147394565804242,0.727873435775775,0.833411984764342,0.386305211756211
-0.691508387203071,2.17486675468778,-0.111952634173419,-0.155600734024044,-0.187406674120796,-0.110240801922048,-0.0340234120498662,-0.168016627278115,-0.192378322838533,-0.08917168231323
1.85945047299416,-0.305430598390367,-1.25819344934188,-0.480175887189615,-0.578327387564273,-0.340197462431214,-0.104994505127064,-0.51849069718019,-0.593669640599311,-0.275179239580768
-1.56365740993333,1.18433085192622,0.125614547069762,0.778520027623358,0.937655275397218,0.551569841208537,0.170229966169759,0.840640695753591,0.962530017289298,0.446154325769375
1.16853276123187,1.7109040603969,-1.22397489122279,-0.69000338041814,-0.831045171266922,-0.48885711538138,-0.15087505515327,-0.745061014753568,-0.853091689511238,-0.395427197818961
0.712979323589623,2.13390662205623,-1.10383526914301,-0.558305142233259,-0.672426839800804,-0.395550875662879,-0.122078125292302,-0.602854141906333,-0.690265425601184,-0.319953559919415
-1.53599669763873,-0.964547395707486,0.956456883192558,0.926394148057705,1.11575595900233,0.656336452513089,0.202563889030765,1.00031417758471,1.14535547411515,0.530898039688375
-2.5692178008547,1.19768674909381,1.12065376419331,0.850175796605709,1.02395801317528,0.602336886007534,0.18589810404281,0.918014113719434,1.05112225141333,0.48721882014777
1.59030351140558,-2.26024261856578,-0.50337523133373,-0.0946896996890825,-0.114044974167576,-0.067086241546067,-0.0207047009746234,-0.102245301601719,-0.117070434985578,-0.0542647814097412
-0.934507515838998,2.79082005124909,-0.140384165749752,-0.162144363258434,-0.195287869535384,-0.114876865747867,-0.035454231738087,-0.175082394165505,-0.200468595839396,-0.0929217059292783
0.954335418256795,1.9836092594782,-1.12427498912475,-0.69007198363899,-0.831127797493168,-0.488905719741304,-0.150890055825764,-0.745135092050567,-0.85317650770089,-0.395466512958788
2.25103117438134,-0.791383863865977,-1.1906352842753,-0.680207726524262,-0.819247213316375,-0.481917040532858,-0.148733152862001,-0.734483733485867,-0.840980747496532,-0.389813503625589
1.1185753372259,-2.70086391270055,0.00511942341745623,0.0770670057807224,0.0928200713730672,0.0546008254542367,0.0168513504102222,0.0832164351081991,0.0952824638731588,0.044165566437807
-1.58276243037741,-0.739737537410641,0.92572951330294,0.904279466730647,1.08912087335996,0.640668530256573,0.197728327554393,0.976434893253515,1.11801379523109,0.518224556172223
0.104427673383391,-2.06512064258011,0.375092898221366,0.40698315309243,0.490173517642029,0.288341500746007,0.0889902968766064,0.439457674608634,0.503177166268133,0.233233941099449
1.77617455311865,1.1136930637412,-1.31346213176747,-0.908397166482847,-1.09408026137589,-0.643585859185668,-0.198628697313221,-0.980881157783357,-1.1231047491861,-0.520584327907669
-0.710361326166468,2.32499378394761,0.29377873350487,-0.514195667544939,-0.619301062468185,-0.36429996998753,-0.112433216853811,-0.555225027464009,-0.635730292363853,-0.294675298293075
-0.144942025857396,2.69102033748286,-0.548645538087195,-0.47598240673652,-0.573276728712087,-0.337226444004512,-0.104077565279231,-0.513962605158613,-0.588484994514685,-0.272776039434602
-1.85903007327188,-0.687940450110699,1.45634097280776,0.704433756446004,0.848425222811388,0.499080821813913,0.154030378505117,0.760642837845624,0.870932810606085,0.403696958979718
-0.481666210416252,-1.55370812392123,0.669414762597668,0.479672141169574,0.577720672134493,0.339840565880804,0.104884356813717,0.517946755611901,0.593046829819658,0.274890552767384
-2.05369560282715,0.881960788558697,0.84899415617959,0.744989428357139,0.897270773812616,0.52781391116605,0.162898218011443,0.804434579923484,0.921074168825181,0.426938606998553
-1.32555413055417,3.26840738748123,-0.396465730655123,0.18804506211191,0.22648286266944,0.133227125017899,0.0411176378588777,0.203049794787373,0.232491150469554,0.107764880701808
1.85289365750153,0.6099512029747,-1.17037498365489,-0.893028295719329,-1.07556987983528,-0.632697243214585,-0.19526816417687,-0.964285954380522,-1.10410331195026,-0.511776734101423
-0.672481309932895,2.79677104395258,-0.275858652940058,-0.281232620418381,-0.338718646653307,-0.199249121773233,-0.0614938829586733,-0.30367309421549,-0.347704399872651,-0.161168814796144
-1.74415177460167,1.77303115982877,0.214898807635868,0.637206862104531,0.767456654385104,0.451451568716768,0.139330651403191,0.688051688963954,0.78781625422109,0.365170564469286
1.39461154931119,-3.46579501850895,0.199977493661979,-0.0176879449674193,-0.0213034916523177,-0.0125316454950658,-0.00386761825846444,-0.0190993241487374,-0.0218686448276432,-0.0101366090545876
1.49446346228361,-1.95105340689013,-0.0898331667711617,-0.45472139290874,-0.547669806515404,-0.322163332453329,-0.0994286653971216,-0.491005105258228,-0.56219875487906,-0.260591775763873
1.68919532214918,-2.86084907583644,0.218373532064266,-0.513640982872254,-0.618632996148668,-0.363906984160604,-0.112311930374702,-0.554626082680798,-0.635044503137313,-0.294357419552162
-1.83389493252894,2.6372380684949,0.721624139200702,-0.0129380625358838,-0.0155826981448699,-0.00916642455589598,-0.00282901642814418,-0.0139704330087326,-0.0159960863105491,-0.0074145460137756
1.48777974488065,0.698897258991375,-0.819246821890378,-0.89119388702607,-1.0733605044468,-0.631397591984364,-0.194867055253894,-0.962305172197043,-1.10183532478411,-0.510725471006464
-2.28632143645624,2.69737149964465,0.797094570826719,0.289679064056637,0.348891605799821,0.205233301256132,0.0633407690550842,0.312793507313124,0.358147234035803,0.166009303457789
1.6328185690865,0.472228448245928,-0.950382702250082,-0.82534246406199,-0.994048563913713,-0.584742839866379,-0.180468086562457,-0.891199248068307,-1.02041934441732,-0.472987331753729
-1.18097021445982,2.94973171423395,-0.0703493198019996,-0.0681085327425903,-0.0820304202328757,-0.0482538807697205,-0.0148925047696426,-0.0735431361043763,-0.0842065777015437,-0.0390316439227338
1.74198471839192,0.774814904653639,-0.930835646531141,-1.04904408744642,-1.26347645252137,-0.743232107335727,-0.229382332092021,-1.13275075817804,-1.29699479499523,-0.601186277719549
-1.32297211562742,-0.775052591500605,0.486519160423245,1.04036422095181,1.25302235716141,0.737082551236628,0.227484406120552,1.12337829664825,1.28626336645045,0.596212019066895
-2.0689520980544,1.25343688936377,0.706564176160335,0.727394654150382,0.876079497713075,0.515348275766859,0.159050972325132,0.785435860936192,0.899320716479027,0.416855392251664
1.91292840980307,-0.0635155100933804,-0.957399045999642,-0.853275371932156,-1.02769116460775,-0.604532888948963,-0.186575852314197,-0.921361014334078,-1.0549544383664,-0.488995125047932
1.63163745233246,0.487610794832755,-0.876237132926621,-0.888193637658962,-1.06974698193388,-0.629271960005372,-0.194211025440734,-0.959065523086025,-1.09812594034604,-0.509006087835798
-1.86821016711168,1.66378420125574,0.675450809210529,0.42428406788962,0.51101086729674,0.300598941131426,0.0927732877260806,0.458139086179615,0.524567302973667,0.243148750870108
-1.6962898825052,-0.640984948042267,0.983906281010683,0.917565684232614,1.10512289191924,0.65008161741914,0.200633471000462,0.99078126165573,1.13444032596649,0.525838622864523
0.756700502178156,2.10616165656521,-0.914678635514941,-0.732781664252885,-0.882567652496517,-0.519164892169005,-0.160228887491046,-0.791252718255103,-0.90598099334169,-0.419942580474082
-0.166356929475461,-2.13314459775025,0.440112388264724,0.61232628284933,0.737490300835027,0.433824048984409,0.133890303031131,0.66118580663117,0.757054933341799,0.350911999925683
-0.709702624149781,2.26072114457204,-0.538109621473694,0.160293846751856,0.193059093777488,0.113565802371882,0.0350496007059566,0.173084218873416,0.198180693637948,0.0918612117672488
0.333711857251462,-2.95788778999175,0.834336282068789,0.19408176324,0.233753510126038,0.137504037832601,0.0424376134437691,0.209568184111109,0.239954678490701,0.111224393914199
2.15480508003218,1.23672288490364,-1.60952963963283,-1.04577007394913,-1.25953320646664,-0.740912517549032,-0.228666441444244,-1.1292155003984,-1.29294693989025,-0.599310005777129
-1.55868716060043,0.916718473820607,0.40153253047519,0.660793582627859,0.795864674915461,0.468162408813455,0.144488086657618,0.713520471330165,0.816977901587342,0.378687644337253
-1.58750000514944,2.55061062967184,0.475346357262778,0.00327715982172343,0.00394703551113444,0.00232181891068503,0.00071657861813512,0.00353865515963586,0.00405174509060836,0.00187807503830439
-1.3758635591812,-0.214945709257398,0.760053751972484,0.657427415885753,0.791810438811558,0.4657775298257,0.143752045926103,0.709885707095845,0.812816112015441,0.376758561205202
0.0496766491096392,-2.38914107198442,0.599482176337925,0.401871226673448,0.484016675680193,0.284719777035449,0.0878725310767694,0.433937850803186,0.49685699151365,0.230304397858531
-2.11993535192962,0.913645206319919,0.875881860171168,0.768168771939923,0.925188146544813,0.544236130769448,0.167966576864047,0.829463479406041,0.949732152162618,0.440222227253672
1.57184782149099,-2.53346780763158,-0.308993757727928,-0.126600057050709,-0.1524780444269,-0.0896942543374539,-0.0276821695835139,-0.136701891107983,-0.156523083258171,-0.0725519718076533
1.18493358334936,-3.48242091078116,0.373213922065124,0.0314501035358059,0.0378787371497189,0.0222819298126378,0.00687683023040452,0.0339596105171143,0.0388836094460946,0.0180234280950097
-1.88645742196206,2.3655908452977,0.347419541826863,0.428146309725777,0.515662579910463,0.303335281932807,0.0936177994583162,0.462309508967873,0.529342419309055,0.245362124760602
1.55117588194622,-2.49860060952233,-0.0187133430630318,-0.34933278768831,-0.420738991449078,-0.247497075730202,-0.076384558547206,-0.377207197338685,-0.431900634849203,-0.20019566463307
-0.4647342686068,-1.50044844770468,0.366196822704856,0.682028397966463,0.821440043458145,0.483206959125361,0.149131258019242,0.736449682277939,0.843231750492678,0.390856894175505
0.857269171045161,-2.69702142086632,-0.320536123406572,0.552379882388604,0.665290413049652,0.391352917337244,0.12078251728337,0.596456086131793,0.682939678981499,0.316557911487517
-1.886386855293,2.09988888789855,0.509274921224663,0.403045905666597,0.485431467741724,0.28555201960177,0.0881293845399672,0.435206261288529,0.498309316118627,0.230977582999038
-1.61254016155881,1.22272833036127,0.635728812665162,0.406522232071398,0.489618380957579,0.28801494506939,0.0888895126102635,0.438959975186577,0.502607302549023,0.232969796440256
-1.28228331405048,1.20674467454202,0.313129293552203,0.384133808530107,0.462653598169133,0.272153080532292,0.083994095091381,0.414785105851446,0.47492718009403,0.220139436711942
1.12852523017176,-3.31880701361642,0.570603366598908,-0.137460101402885,-0.16555796211245,-0.0973884339684313,-0.0300568098202163,-0.148428494042012,-0.169949993687147,-0.0787756469783001
2.18953545833011,-0.894889729906734,-1.09694954230747,-0.661639043121198,-0.79688295378253,-0.468761404977346,-0.144672953720856,-0.714433393891094,-0.818023194032489,-0.37917216091099
-1.41144187581599,2.57964122137873,0.0729895994290119,0.15713928257024,0.189259713361417,0.111330840645788,0.0343598286578872,0.169677941662375,0.194280520734831,0.0900533938491387
-0.667851782694146,3.14850562342395,-0.256939210305982,-0.434355972660558,-0.52314154384542,-0.307734735610771,-0.0949755946001322,-0.469014661288521,-0.537019790166453,-0.248920758940355
-2.07724402705066,1.5202005361206,0.680108041843049,0.653203494552839,0.786723116738727,0.462784944489155,0.142828449923312,0.705324745216741,0.807593830083904,0.374337915996958
1.10913080930044,-3.74945594121773,0.230214083926047,0.309739150714019,0.373052122436291,0.219445573798457,0.0677270760887944,0.334454254122707,0.382948696903879,0.177505339680289
-2.13264634562699,0.288849052146529,0.928405154150279,0.976631568844056,1.17626227990774,0.691928916704979,0.213548724535927,1.05456020705633,1.20746694688698,0.559688105202489
-0.399562666371851,3.33461217765396,-0.659147007781671,-0.419032733390371,-0.50468612121265,-0.296878448872896,-0.0916250391744252,-0.452468730465633,-0.518074769824861,-0.240139315634313
-0.200625435053522,2.68261607664921,-0.891305896099258,-0.157492998909192,-0.189685731934408,-0.111581443402283,-0.0344371717168672,-0.17005988218892,-0.194717841011467,-0.0902561016397151
-1.61026253954388,-0.232016041925121,0.88193591924588,0.767906834406052,0.92487266704301,0.544050551929037,0.1679093020144,0.829180641016657,0.949408303411065,0.440072116068769
0.727493862884381,-2.97692554335789,0.35077391910701,0.244721839717154,0.29474479252153,0.173381777582676,0.0535104930097017,0.264248998492631,0.302563978133109,0.140245213386945
2.02557125068074,-0.0575983253798346,-1.32677318498058,-0.662463238304166,-0.797875620552615,-0.46934533498565,-0.144853170944737,-0.715323354312744,-0.819042194925933,-0.379644490758794
2.08181192658676,-2.58871006850723,-0.692563053085475,-0.239082069697164,-0.287952211825289,-0.169386084544598,-0.0522773097573208,-0.25815921271285,-0.295591199344847,-0.137013173488826
0.705007651030126,-2.82281183387877,-0.19178307799916,0.629202408213525,0.757816030956972,0.445780532385049,0.137580410090539,0.679408533426126,0.77791987793181,0.360583371330793
1.26420682671968,1.61990601208585,-1.05697283446663,-0.86715301976125,-1.04440550622435,-0.614364995687192,-0.189610316986447,-0.936346005230314,-1.07211218913827,-0.496948128684019
-1.15172026902564,-1.10491509314378,0.399562451883528,1.08881541245752,1.31137733031899,0.771409498594357,0.238078667537409,1.17569556774246,1.34616641909257,0.623978432148059
0.70048961235501,2.20407871595895,-1.21086050147266,-0.490811686413748,-0.591137222760188,-0.347732767729768,-0.107320112276362,-0.52997516173143,-0.60681930361099,-0.281274404333752
2.0436706965218,-2.36151275419421,-0.520292117827587,-0.428174327275561,-0.515696324454505,-0.303355131949425,-0.093623925731736,-0.462339762129909,-0.529377059050773,-0.245378181060492
-1.72696795044307,2.23217514550331,0.312058746620097,0.371191364664428,0.447065623118276,0.262983551869509,0.0811641206485471,0.400809941912235,0.458925676888226,0.212722379845304
1.45622384983451,-1.28676900903091,-0.167801108134581,-0.615062818386733,-0.740786204462312,-0.435762843643854,-0.134488669592588,-0.664140699320495,-0.760438272889493,-0.352480253951673
-0.915697427579986,-1.42435900391247,0.668952611931215,0.799580088023705,0.963020167800632,0.566490580250181,0.174834925891128,0.863381207493034,0.988567806404553,0.458223427032271
1.27349534787151,-2.75751087234871,0.362290231870497,-0.312274364550383,-0.376105552718855,-0.221241735031999,-0.0682814219633827,-0.337191760991723,-0.386083130612923,-0.178958220248175
1.1243429592605,1.54441694328318,-1.05228636194007,-0.723075961326017,-0.870878032155474,-0.512288546240523,-0.158106653736908,-0.780772565437291,-0.893981262988546,-0.41438043538878
-1.2266111909835,-0.450714703546802,0.490104972742219,0.831718154339918,1.00172749240788,0.589259921443494,0.181862184982293,0.898083675598719,1.02830198462656,0.476641112897867
0.94653119179573,-2.8242215786423,0.11286504086852,0.186203862778575,0.224265308583864,0.131922662720352,0.0407150441052114,0.201061680116361,0.230214767636402,0.106709726026239
-1.73939669320118,0.780176458796631,0.592575418164418,0.717200513282763,0.863801599106092,0.508125878834085,0.156821937498215,0.774428296111268,0.886717101623398,0.411013333108401
1.59166757463961,-2.39850891686632,-0.30251227171777,-0.20008324677886,-0.24098174125787,-0.141755999510003,-0.0437498884059269,-0.216048545718584,-0.247374664938648,-0.114663724627463
2.14046120577429,-0.512932456563537,-1.26802898873771,-0.632087790142205,-0.761291206278052,-0.447824782495205,-0.138211323170072,-0.682524149448805,-0.781487245011854,-0.362236926259761
-1.69240443369141,1.413007032153,0.27757690624723,0.68176679349549,0.821124965099758,0.483021616255051,0.149074055996605,0.736167203527634,0.842908313526339,0.390706973862316
1.26990888134611,-2.21075917536205,0.0437279734435393,-0.269034745789904,-0.324027436294927,-0.190607109322443,-0.0588267148555127,-0.290501911136614,-0.332623451328676,-0.154178455733318
0.739465197326774,-2.25663948339288,0.375123084895618,-0.059707889157082,-0.0719126230084034,-0.0423021499418656,-0.0130556332408126,-0.0644721775960151,-0.0738203688325376,-0.0342174023593369
1.90766435719169,-1.4469197635117,-1.0327882678103,-0.261266950362598,-0.314671846069645,-0.185103741986526,-0.0571282209107383,-0.282114297818025,-0.323019669792357,-0.149726886847976
-1.96888463860339,1.30020066300346,0.695684814095295,0.632966589399885,0.762349638599304,0.448447398676952,0.138403480035146,0.683473070983501,0.782573756128686,0.362740548615494
2.05453620152804,0.780820310183397,-1.42800991296966,-0.928274980054868,-1.11802124696115,-0.657668993962513,-0.202975148800441,-1.00234508733987,-1.14768085713743,-0.531975907054409
-1.7749049793813,-0.0880127644864634,1.20656844554997,0.599002095407309,0.721442550999313,0.424384060684989,0.130976857137621,0.646798438542766,0.740581458140287,0.343276173416804
0.390492775292404,2.11102861879039,-0.323226070581995,-0.885812394937298,-1.06687899559988,-0.627584885012739,-0.193690346648194,-0.95649427319229,-1.09518187016579,-0.50764144504784
2.13059729688576,-0.0843235424613583,-1.28523191981217,-0.774017367295259,-0.932232238018396,-0.548379773446547,-0.169245421536186,-0.835778753380047,-0.956963113973165,-0.443573940793302
-2.10302294721389,1.53560353065836,0.852021498389265,0.534805803286492,0.644124062287105,0.378901944111379,0.116939796756128,0.577479713579466,0.661211813208233,0.306486556693015
1.68985470704294,-1.83325639918198,-0.170847317617588,-0.602483484548781,-0.725635561812634,-0.426850573026115,-0.131738092217964,-0.65055761914986,-0.744885703929263,-0.345271288211597
-2.04034876619263,1.35246856374803,0.717820214682879,0.656438497786862,0.790619378544051,0.465076896085502,0.14353581064821,0.708817879976186,0.811593454510113,0.376191831934282
-1.96168880545041,-0.879161250350545,1.30953277365878,0.979563190324353,1.17979314648655,0.694005926848581,0.214189748283173,1.05772575223621,1.21109148263943,0.561368159097757
0.673096610452638,-2.86335992421948,-0.102703130565552,0.602167220373366,0.725254650902221,0.426626504569526,0.131668938390225,0.6502161192179,0.744494687961236,0.345090043510189
1.85609543057314,-2.1398860011286,-0.599062818526706,-0.291803484898817,-0.351450273963972,-0.206738421773274,-0.0638052915789282,-0.315087442666715,-0.360773780248359,-0.167226766740509
-0.0227484415024609,2.30902859264265,-0.214047513920342,-0.695541812707084,-0.837715700050892,-0.492781012146738,-0.152086080056584,-0.751041376732148,-0.859939178513039,-0.398601163081276
-1.0484963218859,2.66333686854385,0.105618957733691,-0.208893845789365,-0.251593291826234,-0.147998177648968,-0.0456764001439386,-0.225562171340789,-0.258267725768181,-0.119712903481804
2.10828277566354,-0.608374484157582,-0.987541634801,-0.787591538059358,-0.948581069614874,-0.557996871205416,-0.172213528390173,-0.85043605178025,-0.973745658232356,-0.451353027766341
0.617827870832235,-2.52265190619904,0.186648415351836,0.292713183057491,0.352545921149959,0.207382929366045,0.06400420474915,0.316069728627126,0.361898493490573,0.167748096641136
-1.66648469504497,2.55501178555097,0.421981781829852,0.110468523643641,0.13304910636148,0.0782653032455352,0.0241548738316826,0.119283169706187,0.136578721419969,0.0633073112266946
-2.04204403464216,0.787004238433042,0.893191883804394,0.736806043177167,0.887414644217552,0.52201610468181,0.16110885186425,0.795598215581886,0.910956569278244,0.422248871901272
1.81637330064797,0.305062772643223,-1.43980557729982,-0.534807825046054,-0.644126497309264,-0.378903376497908,-0.116940238830897,-0.577481896661858,-0.661214312828277,-0.306487715323162
-1.79268087977938,1.08032314329391,0.678331643029526,0.580757949180212,0.699469166438894,0.411458354883707,0.126987620785519,0.627098532010372,0.718025149040565,0.332820816495496
-1.78996774990319,2.85634996123095,0.751826854953123,-0.157617578691551,-0.189835776745064,-0.111669706322099,-0.0344644121363605,-0.170194402600988,-0.194871866310513,-0.0903274958323251
-2.05827987924811,1.1267415852648,0.786317997128445,0.704367894075404,0.84834589768544,0.499034159305558,0.154015977142633,0.760571720100311,0.870851381090512,0.403659214566592
-1.95130683434495,-0.0491617873256444,1.05752452144689,0.850660851732097,1.0245422171546,0.602680540338247,0.186004165434715,0.918537872986323,1.05172195354382,0.487496795582179
0.108575995535639,-2.96417960791137,0.746395109626612,0.456638751123139,0.549979086920233,0.323521752183499,0.0998479119320744,0.493075455777381,0.564569297408183,0.261690575577687
-1.79192175576636,0.49223927736672,0.326447739041813,1.07996698351974,1.30072021710662,0.765140518515513,0.236143883966932,1.16614109361893,1.33522658690295,0.61890757371568
-0.205546295316102,-1.57228605274427,0.259841189155687,0.572305699166165,0.689289214050462,0.405470061670064,0.125139465076099,0.617971849227166,0.707575136114129,0.327977000315503
-1.80382023535806,-0.652565585265839,1.19621523664482,0.847387836302424,1.02060017317988,0.600361657667586,0.185288493022834,0.915003692913381,1.04767533240842,0.485621095612434
0.806012267479224,1.29338808067177,-0.731173557787707,-0.607640944555512,-0.731847244764098,-0.430504556605235,-0.132865814320564,-0.656126609817467,-0.75126217453157,-0.34822692584498
0.844600060210587,-2.42573997931929,-0.0122982000902469,0.218470940640553,0.263128015650373,0.154783406671829,0.0477705126582939,0.235903454022467,0.270108450406745,0.125201345839806
-1.4704162882074,0.360715355466983,0.820861472181279,0.470304629908241,0.566438372335031,0.333203823708986,0.102836071517859,0.507831779882572,0.581465225677945,0.269522218591453
-1.3200446934383,-1.83470344523137,1.56151103409431,0.602170861969138,0.725259036867085,0.426629084585878,0.131669734655836,0.650220051388551,0.744499190279888,0.345092130436214
2.0728513611661,-0.565000743299475,-0.819479627640406,-0.905459337696739,-1.09054191867208,-0.641504451258376,-0.197986316286238,-0.977708909996364,-1.11947253897704,-0.518900716729041
-0.599385639649501,-2.13601550333928,0.724439505128109,0.759212002509623,0.914400547242487,0.537890393065701,0.16600810373168,0.819792019946512,0.938658372261386,0.435089281042325
0.478886334818382,2.34793334173034,-1.03737621788439,-0.493047551146003,-0.593830114769239,-0.34931684458274,-0.107809002946129,-0.532389433448847,-0.609583634447749,-0.282555733890778
2.28932222404376,-2.25371692916087,-1.02965896946706,-0.279892679554201,-0.337104811972837,-0.198299793633351,-0.0612008935943852,-0.30222623507203,-0.346047752313945,-0.160400921368078
1.58384365376813,0.714333072641985,-0.74537881393108,-1.03651633004119,-1.24838792890846,-0.734356377852187,-0.226643032339147,-1.11922336989297,-1.28150599300684,-0.594006869406064
-0.0678721815301772,2.23805380395381,0.0180772328535837,-0.811572485838298,-0.977463900365667,-0.574987015439521,-0.177457164756973,-0.876330518088664,-1.00339471189992,-0.465096031424559
2.42709490056789,-1.60427176353223,-0.773315565658358,-0.845605395040456,-1.01845338774974,-0.599098824588225,-0.184898747216743,-0.913079024813094,-1.0454715956286,-0.484599614017561
2.05768939080588,-1.26850687753193,-0.766996631752688,-0.664807261525784,-0.800698779445667,-0.471006040516995,-0.145365711379869,-0.71785441484037,-0.821940248453109,-0.380987803792399
-0.942103861029825,2.69341935333398,-0.420139056403222,0.100282157674901,0.120780571900171,0.0710484147127868,0.0219275390519403,0.108284000164841,0.12398471912829,0.0574697077231635
0.204388201788155,-1.82315520888779,0.176738700667255,0.384656801259398,0.463283494477789,0.272523613089468,0.084108451859936,0.415349829887086,0.475573786710309,0.220439153431153
0.714368691850437,2.11076768231541,-1.04218857815685,-0.598849487057246,-0.721258748374552,-0.424275939942523,-0.130943488035547,-0.646633653071586,-0.740392779477423,-0.343188716610154
0.313765309627976,2.37039154391432,-0.608946443803719,-0.696268266712057,-0.838590646623784,-0.493295693986577,-0.152244925348038,-0.751825796886422,-0.860837336249715,-0.399017479406215
-0.404451239501103,-3.11407112332121,1.27397743781964,0.53749364057731,0.647361313386268,0.380806236788623,0.117527515035493,0.580382022229281,0.664534944254584,0.308026902723577
-1.00511403911965,-1.26281375182045,0.669509538466901,0.813432934855772,0.979704638913097,0.5763051158515,0.177863967616331,0.878339418439291,1.00569489424773,0.466162217710804
2.44788042828593,-2.04303557466225,-0.653193972751141,-0.789557018939821,-0.950948309314391,-0.559389385127563,-0.172643297351686,-0.852558364830933,-0.97617569763883,-0.452479405721848
1.95953770707158,-0.294754325762644,-0.933479525822014,-0.823247903213409,-0.991525859346552,-0.58325887470985,-0.180010093177903,-0.888937555335206,-1.01782971586794,-0.471786980638763
1.6172781783617,0.836071530558283,-1.03488711701502,-0.885074062583142,-1.06598974265544,-0.627061787539468,-0.193528904055569,-0.955697026876366,-1.09426902652864,-0.507218321477509
1.49488484972144,0.0718213288544227,-0.810895190027743,-0.664165808002388,-0.799926208081035,-0.47055158025202,-0.145225452160179,-0.717161777635073,-0.82114718180221,-0.380620199550904
-0.081514438060389,-2.26155091750398,0.559453884410476,0.495945806609598,0.597320795070919,0.351370215400594,0.108442730932582,0.535518950228044,0.613166917834817,0.284216666386265
-1.64455680985179,-0.586486940847932,0.976990010568064,0.858172536607728,1.0335893459385,0.608002457163827,0.187646658648615,0.926648939851756,1.06100909056878,0.491801592610085
-1.83610455544996,2.0569316957806,0.39473148774057,0.466281201940166,0.561592525952681,0.330353284934486,0.101956315079245,0.503487309391912,0.576490825464381,0.26721647213833
2.01795282384716,-1.24768207119747,-0.536872203452398,-0.818929013636211,-0.986324156818384,-0.580199005787063,-0.179065731568014,-0.884274047383918,-1.01249001912038,-0.469311911020747
1.42258029768867,-1.10032002574598,-0.0499703672750672,-0.749839785922259,-0.903112580313576,-0.53125031724049,-0.163958789576624,-0.809671963437745,-0.92707095064885,-0.42971825033774
1.86832406060431,-1.83000168080668,-0.508036587225335,-0.491779915241496,-0.592303364716614,-0.34841874342959,-0.10753182367073,-0.5310206487151,-0.608016381755732,-0.281829276995349
1.26258729226706,-2.56301899620315,-0.337343894897479,0.169761390663149,0.204461873639914,0.120273416185914,0.0371197589839012,0.183307209186156,0.209885974017752,0.0972868726629998
-1.54689507608959,-0.828053780173116,0.549412746544145,1.20179263738706,1.4474479350513,0.851452179326416,0.262782090051047,1.29768761624378,1.48584679519889,0.688723430127895
0.943577003279823,-2.98934572614098,-0.0109616111260855,0.348633023527498,0.419896190321762,0.247001303247327,0.0762315492151461,0.376451596698834,0.431035475333833,0.199794643726366
-2.18164734991831,-0.0296613491510068,1.23431190852871,0.900783987658089,1.0849108925295,0.638192035409184,0.196964011591854,0.97266049843349,1.11369212923309,0.516221366718487
0.287666208521354,-2.86963657076424,0.569940559203321,0.406248448682376,0.489288634220278,0.287820973617082,0.0888296475645391,0.43866434572238,0.502268808071272,0.232812896631642
-1.97546442324681,0.939440376576261,0.709703913281014,0.765440318749623,0.921901977356117,0.542303062332516,0.16736997757591,0.826517313980823,0.946358805295166,0.43865860505987
-2.45108003071173,1.88666516069301,1.13327458164432,0.476627342172349,0.57405349371779,0.337683371152573,0.104218585848423,0.514659002109565,0.589282366058349,0.27314563909078
-1.36714001269444,-1.57865802870241,1.17488517095045,0.846694947607248,1.01976565291419,0.599870756349684,0.185136987069289,0.914255516355135,1.04681867343488,0.485224014898181
1.18399846831429,0.782189218770199,-0.460769754193267,-0.945084357633919,-1.13826658555733,-0.669578187551784,-0.206650660894011,-1.02049574032484,-1.16846327752189,-0.54160902663295
1.49688587293111,0.949426127206643,-0.914351144138908,-0.920292824057871,-1.10840747928137,-0.652013755356506,-0.201229783110262,-0.993726008918199,-1.13781204904363,-0.527401492394972
0.948191230124551,1.8103597400481,-1.12509415465154,-0.618011585429206,-0.74433772128293,-0.437852001162823,-0.135133442361524,-0.667324758163229,-0.764084006707078,-0.354170133627218
1.8913221453263,-1.1650752243167,-0.641903357969812,-0.660714899887023,-0.795769908840846,-0.468106663263785,-0.144470882013119,-0.713435510235199,-0.81688062149536,-0.378642552825228
1.46526814444033,1.48687066743194,-1.36545414073813,-0.746028027152397,-0.898521669878023,-0.528549742939484,-0.163125316392355,-0.805556051925328,-0.922358249492198,-0.427533807287309
-0.702257829879743,2.67511148670669,-0.352633885163252,-0.149400819437618,-0.179939451168651,-0.105848254803664,-0.0326677484665868,-0.161322001158532,-0.184713004436537,-0.0856186347178088
-1.60340673352295,-1.47310196454024,0.869504034737724,1.24600472208171,1.50069729663395,0.882775782662572,0.27244943503232,1.34542752828162,1.54050879121131,0.714060495505671
0.485306428982135,-2.49271899016872,0.105031273109375,0.457752653607603,0.551320679305498,0.324310935498863,0.100091476099364,0.494278240196942,0.565946480447266,0.262328930911263
0.929560694844802,2.35027696881193,-1.33062751265613,-0.647754125496427,-0.780159856370295,-0.458924147697186,-0.141636899446504,-0.699440553118325,-0.80085645518541,-0.37121499109976
1.21539375448948,1.11738547627272,-0.831890068764026,-0.809652183353171,-0.975151073859411,-0.573626509737403,-0.177037274432408,-0.874256988365757,-1.00102052919603,-0.463995544307816
-0.0708030519059509,-2.02070834508058,0.629072963677606,0.340378490121561,0.409954369277483,0.241153089304955,0.0744266259086393,0.367538406980811,0.420829911058003,0.195064134997504
-0.654089758321321,-1.98915826949274,0.669740419516487,0.792375135442758,0.954342469659539,0.561385978685698,0.173259502278901,0.855601348098782,0.979659900523855,0.454094412174727
1.8470102364346,-2.03518266525957,-0.723464881804238,-0.226810462809297,-0.273172197788739,-0.160691833886491,-0.0495940194741571,-0.244908414035617,-0.280419091279748,-0.129980559936318
-2.30432904645056,2.49861829197287,0.697533998211409,0.458779645471289,0.552557595896731,0.325038543934198,0.100316036526854,0.495387179112049,0.567216210783334,0.262917479498654
0.553031359100249,-1.88184810718744,0.0776743521857212,0.188164524984622,0.226626744636298,0.133311762683463,0.0411437594229465,0.20317878999478,0.232638849432789,0.107833342495388
0.912806413362456,1.93485858363366,-0.953100123071467,-0.76999061502218,-0.927382387818527,-0.545526879451477,-0.168364938210262,-0.831430693327176,-0.951984603726153,-0.441266289247175
1.55565346216719,-1.98820033937494,0.0124017689949991,-0.572487694449526,-0.689508410514889,-0.405599002616966,-0.125179259878841,-0.618168366511499,-0.707800147567944,-0.328081298188467
-0.287068822614426,-2.44014556357483,0.721682783553743,0.612072130003124,0.737184197268584,0.433643985479231,0.133834730369059,0.660911374095228,0.756740709256647,0.35076634999027
-1.87488591575099,-0.872997277597794,1.35758275646757,0.865844491305511,1.04282950488077,0.613437922770709,0.189324196210039,0.934933064994461,1.07049437858435,0.49619823708174
-1.65896600838136,-0.527542301928962,0.978981057203349,0.846342806148547,1.01934153113861,0.599621269372385,0.185059988371151,0.913875276373705,1.04638330027515,0.485022209640117
2.15922584852419,-1.6770461090292,-0.756208081379138,-0.603461108076893,-0.726813018815616,-0.427543204731183,-0.131951857842755,-0.65161325046787,-0.746094397293632,-0.345831544788904
1.80088218015986,-0.292568896915487,-0.99297350662071,-0.642688990345534,-0.774059370157585,-0.455335574902975,-0.140529364951837,-0.693971254209817,-0.794594131222795,-0.368312263002866
0.595444185168588,1.26485053319221,-0.558953071201257,-0.552400488593359,-0.66531523131496,-0.391367516526322,-0.120787023003729,-0.596478336573254,-0.682965155642233,-0.316569720493147
0.584183254210986,-2.57149238373298,0.75107655800431,-0.101376402387815,-0.122098488320089,-0.0718236707898692,-0.0221668048817861,-0.109465558254743,-0.125337598110293,-0.0580967975792939
0.402279541385066,-2.26619084422929,0.147192762061436,0.408811858871978,0.492376024399083,0.289637111546825,0.0893901588094294,0.4414322988242,0.505438102587239,0.234281935968117
-1.47850156742179,3.00426081213154,0.372191810967034,-0.182055633605545,-0.219269150707846,-0.128983704151425,-0.0398079988311867,-0.196582450123001,-0.225086068366036,-0.104332458487625
-0.114525588175758,2.54148037694067,-0.661083533799334,-0.356781429164184,-0.429710190296354,-0.252774327246273,-0.0780132667903575,-0.385250190364584,-0.441109827617746,-0.20446433274391
-1.61918797852752,2.30246081797948,0.30748814152954,0.256286343887875,0.308673166819275,0.181575056500075,0.0560391693236066,0.276736272406183,0.316861853594793,0.146872600452241
0.435431196219864,-2.85945690105723,0.45871420176287,0.363717060756581,0.438063516248258,0.257688118902703,0.0795298010983366,0.392739238764691,0.449684756148387,0.208439005105696
-1.39311627666387,3.13840909555639,-0.0807833113294846,0.048303892829778,0.0581775655436,0.0342225884402867,0.0105620533197881,0.0521582189734963,0.0597209386411316,0.0276819991430355
-1.17206380009636,-2.48528963571737,1.33859180352304,0.899264894779673,1.08308128583895,0.637115780736216,0.196631849129585,0.971020192148597,1.11181398552112,0.515350804838377
1.30055684888913,-2.61767972283916,-0.0976964222807561,-0.0290225762972175,-0.0349550054014407,-0.0205620629293091,-0.0063460309381081,-0.0313383829129415,-0.0358823150001936,-0.0166322605720295
-1.17888024618481,-1.52215698123123,0.94755927605834,0.842823669611326,1.01510305708286,0.59712801356373,0.184290499504555,0.910075336382267,1.04203238516465,0.483005462564454
1.22036753930633,0.721441409390424,-0.291904511389461,-1.08483407899918,-1.3065821828753,-0.768588783152887,-0.237208115418163,-1.17139655062063,-1.34124406279278,-0.621696809220274
-1.27008209293062,-1.68778894698239,1.01728026769688,0.929122317416563,1.11904178634234,0.658269319859673,0.203160426256765,1.00326003653064,1.14872847006512,0.532461499224029
1.41856982597837,0.692604918491942,-1.13375710597845,-0.584024383423076,-0.703403283983577,-0.41377257488156,-0.12770185416543,-0.63062560576201,-0.722063633468328,-0.334692744918127
0.415596670262478,-2.43575201055602,0.585980816889767,0.119169906863412,0.143529116624258,0.0844301036238571,0.0260575046164725,0.128678864851265,0.147336752355325,0.0682939006860939
1.5153255783549,1.4381499430946,-1.30557852940513,-0.816785635645775,-0.98374265652476,-0.578680454412805,-0.178597063903914,-0.881959642228994,-1.00984003507245,-0.468083583773841
-1.60454355777713,-0.832319283847326,1.4554643903054,0.543946043436491,0.655132635080289,0.385377668086693,0.118938387307829,0.587349283489576,0.672512428731849,0.311724646320512
-0.282194572484013,-1.98724458886391,0.407235458290562,0.680760951978358,0.819913522142238,0.482308992525153,0.148854120270665,0.735081102614647,0.841664732605459,0.390130546117385
2.32617663008128,-0.73626320033306,-1.22855481561073,-0.735498752130057,-0.88584013321808,-0.521089908450907,-0.160823001657669,-0.794186611491558,-0.909340288605262,-0.421499689433239
0.279018514123829,2.7292048966252,-0.513824428925595,-0.878208857399947,-1.05772123879131,-0.622197891944747,-0.192027769075585,-0.948284024439794,-1.08578117030245,-0.503284009088491
0.279158158437251,1.71601020751201,-0.545315710203263,-0.466572824332938,-0.561943758117948,-0.330559895055185,-0.102020080773503,-0.503802201292517,-0.576851375349801,-0.267383595124778
2.19279187063186,-1.7882513695654,-0.798667508762752,-0.556304294381607,-0.670017003859788,-0.394133304768542,-0.121640623044431,-0.600693639837755,-0.687791659931825,-0.318806913856955
1.54461292364519,-3.32288060740205,0.206748022960745,-0.205104103605154,-0.247028898329167,-0.145313201770893,-0.0448477410716989,-0.221470033189651,-0.253582245008968,-0.11754107769821
-2.34460579042693,2.97958549592528,0.506534611762623,0.458597882685358,0.552338679453927,0.324909767708261,0.100276292561635,0.495190912876878,0.566991486779741,0.262813314865338
-0.466581098432387,2.51792454058766,-0.0842254817772843,-0.499570792678587,-0.601686755085082,-0.353938464025564,-0.109235364691502,-0.539433185832791,-0.617648700935901,-0.286294073720885
-1.69492416436699,2.05755344004555,0.365891363721088,0.368577775991016,0.443917797602695,0.261131863231544,0.0805926374552183,0.397987806420694,0.455694343766731,0.211224584218922
2.19729297592576,-1.12570464128649,-0.966200069405105,-0.682280928136103,-0.821744192660938,-0.483385872988366,-0.149186475869405,-0.736722362658626,-0.843543968367523,-0.39100161418729
-0.13667540132102,3.07474064831386,-0.843402771790421,-0.399140871219205,-0.480728215390744,-0.282785360872852,-0.087275515842587,-0.43098963132614,-0.493481292765602,-0.228739685515141
-0.912390661505863,3.06909256144435,-0.0573546037069926,-0.352195282660741,-0.424186601550891,-0.249525110772824,-0.0770104672008414,-0.38029810017976,-0.435439705441537,-0.201836103503142
1.41852038145971,-2.46022804053384,-0.0239474829146686,-0.247131420044456,-0.297646908877207,-0.175088929346731,-0.0540373680585712,-0.266850847142563,-0.305543083758918,-0.14162609589243
-0.590677453405992,-2.2178182520095,0.661154116840699,0.832550837123884,1.00273038170734,0.589849864790656,0.182044258091674,0.898982800874907,1.02933147923943,0.477118306820795
-1.97855652164158,1.86529321535077,0.538756805464906,0.547982352646284,0.659993995725372,0.388237333029046,0.11982096033852,0.591707663058507,0.677502754780811,0.31403777475677
0.362745122033576,2.31480471886273,-0.930307818022887,-0.465379662014381,-0.560506704602684,-0.329714557328176,-0.10175918577541,-0.502513832636568,-0.575376198724461,-0.266699817558523
1.84515221342233,-1.90959458684448,-0.172366400840572,-0.704145904428162,-0.848078531713553,-0.498876882947681,-0.153967437235117,-0.760332017170539,-0.87057692225655,-0.403531996720065
-1.59840631428419,-0.795743784616724,0.993368140781174,0.886087926831156,1.06721084824933,0.627780095254674,0.193750594019239,0.956791790680262,1.09552252642273,0.507799346889758
-0.217536665620459,2.31670493735879,-0.297146905714877,-0.467906402325607,-0.563549929308941,-0.331504715195396,-0.102311678842303,-0.505242189850064,-0.578500156116892,-0.268147842117879
1.99832902612248,-1.4524948499296,-0.687598933412626,-0.606130056142148,-0.7300275195919,-0.429434114673527,-0.132535445833734,-0.65449516265882,-0.749394174481428,-0.347361065780422
-1.1841427375109,-1.75683041239158,1.48102501008592,0.519822076668503,0.626077551202018,0.36828619702954,0.113663478633569,0.561300386237586,0.642686552291441,0.297899681327497
0.204216308597236,1.98417403774974,-0.576072066350485,-0.481277420981047,-0.579654083004232,-0.340977882711833,-0.105235364775367,-0.519680125968108,-0.595031531497029,-0.275810506662655
2.12667046158275,-0.478984026617235,-0.900489791721893,-0.920731347856024,-1.10893564058504,-0.652324442934386,-0.201325670035037,-0.994199523969455,-1.13835422176115,-0.527652801651711
-0.319798197209913,3.19604468323696,-0.320283541389549,-0.698868206683179,-0.841722033541447,-0.495137712722307,-0.152813424137566,-0.754633194600921,-0.864051794679249,-0.40050745323309
0.258463747558657,-2.38089026666376,0.183297326665429,0.546663033309313,0.658404997764689,0.387302614933973,0.119532480044975,0.590283070901594,0.67587160282689,0.313281699115328
1.86443672304699,-1.07779760940648,-0.338507105051136,-0.908446860767567,-1.0941401135397,-0.643621066846049,-0.198639563387447,-0.980934817338154,-1.12316618914786,-0.520612806712718
0.72218351001936,2.96074958099807,-1.01171620163191,-0.954089103430715,-1.14911196795006,-0.675957915796444,-0.208619624463305,-1.03021900434261,-1.17959637342173,-0.54676946714462
-0.447294639069314,-3.0029570909536,1.21667413829035,0.576267419141993,0.694060738870859,0.40827688125138,0.126005728542073,0.622249687842348,0.712473243113983,0.330247383147012
1.55150237780828,-2.51681506587534,-0.225173349205048,-0.181210263380133,-0.218250980560135,-0.128384771941015,-0.0396231515057915,-0.195669625032773,-0.224040887524426,-0.103847993644639
1.20611683788538,1.45859323387654,-0.947914183453625,-0.841412953494952,-1.01340398016554,-0.596128542212075,-0.183982034534812,-0.908552054596955,-1.04028823400642,-0.482197009248649
-0.398049280369984,2.91005459331968,-0.73250802137939,-0.200736255970468,-0.241768230354705,-0.14221864679375,-0.0438926743698734,-0.216753660656786,-0.248182018540593,-0.115037951192311
2.06167671518674,0.469648001601947,-1.11882465729873,-1.05721581036953,-1.27331853600807,-0.749021651284723,-0.231169148188449,-1.14157452969303,-1.30709797580931,-0.605869329409642
1.99396962844951,0.59973544004756,-1.50505554234723,-0.747351414237282,-0.900115567064359,-0.529487342973353,-0.163414686133268,-0.806985036409113,-0.923994430641684,-0.428292214074082
0.215446894333337,2.74308333624632,-0.927169969328768,-0.506255676785778,-0.609738078912502,-0.358674604824353,-0.110697070948295,-0.546651478782885,-0.625913615629122,-0.290125047691838
-1.25020109119078,-0.231289606558289,0.225315058847696,0.974983411334322,1.17427722682131,0.690761221663522,0.213188341004137,1.05278053764959,1.20542923299389,0.558743578952135
2.18230951673746,-1.6940733417702,-1.14197229458249,-0.31493187718421,-0.379306280577005,-0.22312454314154,-0.0688625095008903,-0.340061325280639,-0.389368769505466,-0.180481187821647
1.76340071035234,-2.85022655142691,0.0523295695386954,-0.450944257012251,-0.543120596124443,-0.319487287942297,-0.0986027627959505,-0.486926579291884,-0.557528860013477,-0.258427174392753
1.51875745521287,1.95449481774,-1.11626268107327,-1.16502736268139,-1.40316756645958,-0.825404529925152,-0.254743052842879,-1.25798871960461,-1.44039172758024,-0.66765398327229
1.01488285836628,-2.98339233472857,-0.116519217092905,0.3682816081353,0.443561090848261,0.260922032718067,0.0805278778571729,0.397668006359739,0.455328174058608,0.21105485631817
-2.15942202710922,2.12345981711874,0.587002827358567,0.565367575723286,0.68093288689542,0.40055450457469,0.123622385904008,0.610480110143648,0.69899712676244,0.324000899923824
-2.12904500257291,0.901777797466198,0.885223680555882,0.773142480589501,0.931178518003596,0.547759929249547,0.169054120183569,0.834834056592631,0.955881440173982,0.443072560643168
1.33010967945686,0.991550899087052,-1.06886606336946,-0.673789689139235,-0.811517281653423,-0.47736995666125,-0.147329794890255,-0.727553579833696,-0.83304575107257,-0.386135454197598
-1.86912326300718,0.913690963044373,0.794582762291979,0.618507726674582,0.744935277465895,0.438203509843678,0.13524192782679,0.667860488146923,0.764697415257333,0.354454462295669
-0.4214425026517,-1.47774963271529,0.502802339847309,0.52973504533048,0.63801680392635,0.375309387643509,0.115831032787727,0.572004343203763,0.654942537441532,0.303580606278469
1.9532507962576,-2.00819672165569,-0.0541477839916921,-0.850806168039979,-1.02471723718986,-0.602783494777464,-0.186035940070301,-0.918694784559343,-1.05190161662681,-0.487580073464655
0.857336820900324,-2.30315657311602,-0.315956947285987,0.398250387523029,0.479655710245406,0.282154466440505,0.0870808040765486,0.430028093013251,0.492380335491461,0.228229367040369
-1.07841876473374,-1.21264504038257,0.971241623226369,0.620642150388112,0.747505993162233,0.439715717246148,0.135708637562769,0.670165224533799,0.767336328607011,0.35567765802478
-1.39063901206882,-0.744040153732141,1.11105462354626,0.597685367307097,0.719856673943335,0.423451178442556,0.130688943439835,0.645376644385897,0.738953509884503,0.342521582761551
0.327607888335076,-2.62787321311267,0.266373445010834,0.517292058915639,0.623030379120828,0.366493717143747,0.113110268926436,0.558568490064627,0.639558542805493,0.296449778531599
0.930394977439096,2.25405642922363,-1.46609651174558,-0.505769146556427,-0.609152098308273,-0.358329905405167,-0.110590687012694,-0.546126126709728,-0.625312089742244,-0.289846226905293
-1.24225032258309,2.41579369470364,0.371208898319311,-0.15727729391216,-0.189425935241683,-0.111428619625451,-0.034390006001093,-0.169826965382224,-0.194451152259533,-0.0901324854010812
0.353930463943007,2.07306469948935,-0.800687470645235,-0.466876285012488,-0.56230924840331,-0.330774892425701,-0.102086435008951,-0.504129876095655,-0.577226561604194,-0.267557502397653
1.45298523605971,1.6039682067864,-1.08167362524981,-1.00222898035909,-1.20709199152975,-0.710064301414087,-0.219145814323764,-1.08220012004762,-1.23911452957453,-0.57435747204048
-2.09174073521547,0.666075537956903,0.758772735318075,0.930367132981516,1.12054105140934,0.659151253142226,0.203432615672568,1.00460418001505,1.15026750863156,0.533174878237263
-1.00625463216046,3.02263563401034,0.304140544017191,-0.537320588074726,-0.647152887673106,-0.380683631668672,-0.117489675647147,-0.580195161299552,-0.664320989285677,-0.307927729780205
0.14273280151145,-2.92317447557787,0.459669304008105,0.636138539354782,0.766169958569215,0.450694677964404,0.139097053629087,0.686898121235735,0.786495424084034,0.364558329974082
1.00448101518438,1.25884159486504,-1.05615222490928,-0.509043451571657,-0.613095695469366,-0.360649701727982,-0.111306641403326,-0.549661699268491,-0.629360305267978,-0.291722665910842
0.354219545339156,1.98094009149207,-0.788024670516368,-0.441823882270501,-0.532135949375781,-0.313025638312773,-0.0966085159832086,-0.477078459916145,-0.546252805260383,-0.253200469235159
0.669470940879484,1.97108628001176,-0.46281775598986,-0.96034786922618,-1.15665007173335,-0.680392158119669,-0.209988156359496,-1.03697717760235,-1.18733445302863,-0.550356241196083
-0.535959780457017,-2.71005317700408,1.23442929993365,0.525842690141613,0.633328822568052,0.372551711980361,0.114979936517097,0.56780140421955,0.650130190200225,0.30134997502516
2.29354014188635,-1.67007533402887,-0.812716773324959,-0.676118244617173,-0.814321811081663,-0.479019703526636,-0.147838953172854,-0.730067938395608,-0.835924680920118,-0.387469902975297
1.60604156691867,0.867043097795464,-1.01538943956344,-0.902601846989282,-1.08710033574399,-0.639479961662933,-0.19736150185732,-0.974623410726988,-1.1159396554513,-0.517263145703579
-1.44339572575711,0.645284933672161,0.388370589358164,0.676788094500192,0.815128583231706,0.479494282189356,0.147985421495927,0.730791237799261,0.836752855657578,0.387853780605058
0.361836770618269,1.93741692849321,-0.488496227918982,-0.6658845811325,-0.801996311142584,-0.471769305408485,-0.145601276392583,-0.719017697314302,-0.823272201932641,-0.381605194207183
-0.78966765327195,2.92591994723766,-0.556572042832793,-0.0114563293184985,-0.0137980877061969,-0.00811663864618522,-0.0025050229706629,-0.0123704674348392,-0.0141641325409049,-0.00656539421148897
-1.71499170971042,2.41576670698549,0.34607408036253,0.26426396283609,0.31828147004397,0.187227080674614,0.0577835429498262,0.285350451753063,0.326725052268814,0.151444415019365
2.16674803341702,-0.326479935195582,-0.934704774488336,-0.986317074218236,-1.18792757416705,-0.698790952968285,-0.215666541924925,-1.06501855069244,-1.21944170581993,-0.565238675472524
0.803099573342742,-2.99945859984216,0.24670476774878,0.27043558223419,0.325714614062163,0.19159958107361,0.0591330195516787,0.292014524918378,0.334355387668266,0.154981247205777
-1.60325405127928,-0.349480916682951,1.029267360135,0.691625726534141,0.832999136919974,0.490006523434915,0.151229794806257,0.746812813190754,0.855097491262866,0.39635693207353
0.195649144415725,2.47867000308048,-0.653100519633465,-0.602703741488811,-0.72590084089915,-0.427006621786747,-0.131786253254443,-0.650795451114025,-0.745158020515572,-0.345397513078124
1.68985010607414,-1.86555939456755,-0.210017249828989,-0.559508197980058,-0.673875809034168,-0.396403222736407,-0.122341183571872,-0.604153193419635,-0.691752834052707,-0.320643007212396
0.899793404246668,1.91566329264078,-0.904501308638983,-0.789595607474712,-0.950994785631025,-0.559416724529642,-0.172651735060102,-0.852600032471671,-0.97622340691006,-0.452501520042811
1.58999449179022,0.511223206007962,-0.669883746060789,-1.02317221270335,-1.23231617535892,-0.724902269518496,-0.223725228605928,-1.10481448163695,-1.26500787730504,-0.586359621470741
1.68143618214048,0.500098414439346,-1.00166075744412,-0.837224376656761,-1.00835922726339,-0.59316099792348,-0.18306616690371,-0.904029257465809,-1.0351096505488,-0.479796619266542
2.06361019044178,-1.15846475303288,-1.0065766763968,-0.524547765933646,-0.631769206281048,-0.371634277470749,-0.114696790424134,-0.566403153759049,-0.648529199376536,-0.300607879746389
-0.358591705512563,1.90613938474868,-0.148670535537603,-0.307223692602527,-0.370022486094781,-0.217663409201667,-0.06717704996997,-0.331738079352689,-0.37983868835736,-0.176063780724946
1.93807305607711,-0.375492565038534,-0.704493863780609,-0.953206040600316,-1.14804840055031,-0.675332278936944,-0.208426535332119,-1.02926547903073,-1.17850459099963,-0.546263401420259
-1.31228360458999,-1.19049124616897,1.18064585296229,0.647242888773988,0.779544119083181,0.458561944095724,0.141525113227938,0.698888523139908,0.800224383210601,0.370922011513988
-1.84382248457171,-0.127801114225967,1.08271817607771,0.769635663771335,0.926954881908526,0.545275401778304,0.168287325127388,0.831047419351066,0.951545756655442,0.441062873753183
0.199455773452054,2.37865630529257,-0.347060959764497,-0.807032001564802,-0.971995307547447,-0.571770149975716,-0.176464349598921,-0.871427733672979,-0.997781044619435,-0.462493970298537
0.527044554136986,2.28021061207135,-0.787387834268719,-0.70358807595997,-0.84740667898349,-0.498481669788475,-0.153845463338622,-0.759729677738061,-0.869887246171052,-0.403212316332547
-0.877987006969868,2.33273423654672,0.0932653381513629,-0.217864207396445,-0.262397261646735,-0.154353545207468,-0.047637845320327,-0.235248307541494,-0.269358310475567,-0.124853639099013
-0.125560703679492,-2.64957505327979,0.94457990815082,0.380501445537559,0.458278753333712,0.269579605466881,0.0831998483059447,0.410862904694199,0.470436276469249,0.218057801809322
-1.90381015827705,2.30592579024036,0.180164936526206,0.596479234854517,0.718403999102789,0.42259665156882,0.130425212412611,0.644074270666363,0.737462297520989,0.341830372269752
1.36718071730505,-1.24230001579293,-0.207209628497256,-0.525543132634361,-0.632968033292254,-0.372339479949269,-0.114914435743172,-0.567477944035637,-0.6497598296669,-0.301178304582609
-1.27424833381204,-1.91517242023337,1.2199312384229,0.861082615221052,1.0370942661291,0.610064204507124,0.188282971866413,0.929791223188603,1.06460699160999,0.493469300717258
0.824879580210573,2.06835204468589,-0.851534907675926,-0.825668963523995,-0.994441802278947,-0.584974159871034,-0.180539478421882,-0.891551799993967,-1.02082301487107,-0.473174442094076
-1.26541302169984,-1.32892787782843,1.10219609026583,0.72163680382246,0.869144700221217,0.511268924589768,0.157791969818125,0.779218572833167,0.89220194807354,0.413555682880311
-2.12169972587138,2.45277965373909,0.584444488798956,0.40947097835796,0.493169872779625,0.290104087883106,0.0895342808407444,0.442144011617218,0.506253010704856,0.234659664221001
1.83848562347581,-2.22755660249078,-0.210262261857073,-0.547356432453498,-0.659240132818935,-0.387793877897393,-0.119684097612499,-0.59103179863925,-0.676728892898512,-0.313679072357745
-0.335917920548406,-2.61059035511405,0.657034002739178,0.76927556638344,0.926521177953026,0.545020278143698,0.168208586798271,0.83065858861074,0.951100547113365,0.440856509110518
2.05243148588317,1.30980591562475,-1.39662511015522,-1.15314641575209,-1.38885806616454,-0.816987056027651,-0.252145183652521,-1.24515975292619,-1.42570261535767,-0.660845249163129
-1.88220062367199,0.924312493141979,1.07077929957374,0.409595679276257,0.4933200634873,0.290192436625929,0.0895615477476316,0.442278662831058,0.506407185771374,0.234731127834205
1.74505133228784,0.434587650848322,-1.11059413901438,-0.781092611495474,-0.940753714427047,-0.553392478555672,-0.170792483317656,-0.84341855453616,-0.965710653767547,-0.44762862236063
-2.26738249195983,1.78693947382098,1.1360326466451,0.356413690862913,0.429267283568309,0.252513790138374,0.0779328577111257,0.384853109017327,0.440655171165862,0.204253589245938
0.759731895234651,2.6904552433504,-1.38830567535776,-0.58825995449174,-0.708504637084251,-0.416773413882327,-0.128627997481139,-0.635199146947514,-0.727300318652134,-0.337120066357958
0.524548512725934,-2.43917771646112,0.309354407501305,0.244165867108305,0.294075175002177,0.172987879272166,0.0533889249124947,0.263648663004602,0.301876596555474,0.139926596555462
-0.65113377827518,3.02321329596708,-0.601387924106134,-0.131354908744108,-0.158204822950065,-0.0930629959246226,-0.0287218579848266,-0.141836148023565,-0.162401785565455,-0.0752768826334906
-1.63960165627932,-0.691084335631742,0.946573881521362,0.917709417048151,1.10529600478461,0.650183449977622,0.200664899392101,0.990936463384354,1.13461803128494,0.525920993279068
-0.907799296997016,2.31465627071056,0.120418269301614,-0.206845550020581,-0.24912630926313,-0.146546990612219,-0.0452285230090494,-0.223350435330045,-0.255735297453189,-0.118539065962828
-1.16830510983893,1.90373968539803,0.406991437034686,-0.0524679717784947,-0.0631928130066026,-0.0371727763391582,-0.0114725642808641,-0.0566545634481636,-0.0648692339197231,-0.0300683498724916
-0.584614306134546,3.46054591466059,-0.536478374676695,-0.405758645752435,-0.488698711951269,-0.287473955538285,-0.0887225480253682,-0.438135459809111,-0.501663235952512,-0.232532200325556
-2.00344103597637,1.92527346317667,0.368274542823003,0.679526764870207,0.818427058067168,0.481434589345902,0.14858425485653,0.733748435666498,0.840138834624166,0.389423258061108
-2.29520447631764,1.7623110876908,0.76670660910839,0.678268307391862,0.81691136257885,0.480542990970947,0.148309082521376,0.73238956173566,0.83858292975928,0.38870206113895
1.80501159689524,0.325290852885392,-1.11880490692305,-0.783883309582335,-0.944114851829221,-0.555369646574496,-0.171402692977087,-0.846431931582528,-0.969160957655034,-0.449227915865218
2.10539335386002,-0.237520869031983,-1.28604734419705,-0.693418936803448,-0.835158892622142,-0.491276986195539,-0.151621895346575,-0.748749109592819,-0.857314542398709,-0.397384585172073
0.394887745757889,-2.91426787115907,0.766865561155187,0.178167983921917,0.214586836694836,0.126229362268636,0.0389579314589392,0.192384592111733,0.220279538817117,0.102104523865671
-0.240082874309304,2.3573275155552,-0.697051564681287,-0.151557548832172,-0.182537031992077,-0.10737626544883,-0.0331393355277355,-0.163650823069929,-0.187379495609237,-0.0868546133885589
0.92773522228254,-3.10589170932892,-0.0628332085949735,0.447191787652197,0.538601094292278,0.316828719304849,0.0977822537408847,0.482874688085874,0.552889461835069,0.256276708922499
-0.586734108653824,3.36102534706861,-0.915478834106045,-0.0695730907413097,-0.0837943447112434,-0.0492914982928822,-0.0152127427207929,-0.0751245559925369,-0.0860172967399889,-0.0398709529491997
-1.15164593497823,-1.59596307024482,0.960482721925418,0.837766854773548,1.00901259191676,0.593545335587405,0.183184784316483,0.904615021691965,1.03578034809363,0.48010750267333
1.61758709448894,-3.0866804872999,-0.313184887323935,0.0491706071620405,0.0592214426913585,0.0348366426324166,0.0107515677140552,0.0530940912869125,0.0607925084551597,0.0281786958686492
0.209939547609846,-3.06102161293639,0.372893703328475,0.699529821870482,0.842518887763106,0.495606457225792,0.152958091875012,0.75534760223546,0.864869788378933,0.400886611722707
-2.11523726658253,0.735759201024486,1.1397403123429,0.625820157768098,0.753742423521913,0.443384258333106,0.136840852521725,0.675756402117011,0.773738203133216,0.358645070948632
-2.19141315682442,1.17293212539145,0.687289829433598,0.877330109186163,1.0566628679477,0.62157531192684,0.19183562337169,0.947335158021954,1.08469472229418,0.502780415984999
2.15292674746918,0.891838707651016,-1.67404125992276,-0.861952357499489,-1.03814179015761,-0.610680403954008,-0.188473148346634,-0.930730365057956,-1.06568230505165,-0.493967732698531
-0.779746118918369,2.12335962855704,-0.26315461124914,0.0573221013338339,0.0690391625204616,0.0406118548124732,0.012533960623501,0.0618960199321225,0.070870679276355,0.0328501548641639
1.93647389736117,-1.9148156788991,-0.503483244179349,-0.520868003752498,-0.627337273512545,-0.369027220786367,-0.113892179406584,-0.562429771276377,-0.643979693352069,-0.298499081312605
2.21968853782046,-1.23365751065379,-0.943981209802743,-0.677445738186225,-0.815920654147881,-0.479960212943359,-0.148129220831144,-0.731501357033409,-0.837565939157073,-0.388230663106378
1.32100173816026,1.5505664807186,-0.824237596195875,-1.07092679940196,-1.28983215253816,-0.75873568274839,-0.234167171510045,-1.15637956354023,-1.32404967652628,-0.613726824207905
-2.39830039229979,1.17545808908285,1.2104831777403,0.643130700763211,0.774591369449365,0.455648520153313,0.14062594865783,0.694448210151426,0.795140243745116,0.368565398447801
-0.902088527800807,2.90408171992342,-0.249208717432697,-0.147884808658009,-0.178113556580687,-0.104774183751783,-0.0323362599312005,-0.159685022903226,-0.18283867130427,-0.0847498391271542
-1.27158837059584,2.90691817357676,0.107399919306693,-0.113705852247549,-0.13694816885948,-0.0805589023318021,-0.0248627430183059,-0.122778815384411,-0.140581220837489,-0.0651625597871971
1.97246523796342,0.38232992637257,-1.34124635661839,-0.774092270806162,-0.932322452360547,-0.548432841468112,-0.169261799820205,-0.83585963368792,-0.957055721581301,-0.443616866503905
1.5361147004364,-2.632112521376,0.00256329434292758,-0.30215307694649,-0.363915399121169,-0.21407095355121,-0.0660683171166585,-0.326262862631544,-0.373569588524474,-0.173157911859683
1.90315461441515,-0.785168911976887,-0.698406025500651,-0.771749561714397,-0.929500876215203,-0.546773066978189,-0.168749546730642,-0.833329992148881,-0.954159292790015,-0.442274306571952
1.79250766396815,-0.263264960413832,-0.835380489303051,-0.769995729855717,-0.927388548161844,-0.545530503234837,-0.168366056611728,-0.831436216290068,-0.951990927495148,-0.441269220456427
-0.742402437596982,2.73034096609235,0.060811014281894,-0.459668011163231,-0.553627550102115,-0.325667937792099,-0.100510285173413,-0.496346430418194,-0.568314549444491,-0.263426584187373
-1.22447780328961,2.60959359509407,-0.147412048762184,0.159099035614908,0.191620054413167,0.112719296481607,0.0347883451798236,0.171794069834445,0.196703478481629,0.0911764892960056
-0.971863710432297,-1.10780828744733,0.9451994252918,0.510366474606989,0.614689154191729,0.361587043838167,0.111595931541737,0.551090290654013,0.630996036321628,0.292480864068066
2.15844116879541,-0.517573961632739,-1.0292180789305,-0.832336261740072,-1.00247194552913,-0.589697841327961,-0.181997339375352,-0.898751103816978,-1.02906618709464,-0.476995337941005
-1.41354786346522,2.38093314240965,0.109721596677718,0.206131265135132,0.248266019267737,0.146040930412268,0.0450723385981528,0.222579155309281,0.254852185113434,0.118129723517975
-0.114330520130785,-3.07440367257399,0.879859119497059,0.583885056752861,0.703235477912191,0.413673864011396,0.127671389214606,0.630475161759503,0.721891375726031,0.334612899577729
1.63696923564666,-1.953148337166,-0.76769641410712,-0.0450125931047759,-0.0542134998284471,-0.0318907516187845,-0.00984238289261609,-0.0486042956412915,-0.0556517115579419,-0.0257958208077189
1.80152882114333,-1.81199852572855,-0.50534619054639,-0.443979910338376,-0.534732685516171,-0.314553152078436,-0.0970799496933674,-0.479406524539705,-0.548918429341735,-0.254436045989554
-0.680757695546081,-2.1957812860077,1.10920475765414,0.550356537807932,0.662853481881926,0.389919407845551,0.120340095936074,0.59427129224635,0.680438099285261,0.315398372997615
0.0646243016362911,2.72336066177372,-1.05793981224207,-0.268250829753493,-0.323083282026665,-0.190051716489398,-0.0586553050065388,-0.289655443866823,-0.331654249908923,-0.15372920906236
-1.56371498588354,2.116609944255,0.0414812257963734,0.488143340791459,0.587923447570665,0.345842284609291,0.106736656014616,0.527093900054348,0.603520271258802,0.279745228590301
-1.7285297778748,-0.476536754626825,1.02049691459759,0.853527086179885,1.02799433110817,0.604711224743449,0.186630891756157,0.921632813687767,1.05526564746908,0.489139377471117
1.7640751620916,-0.170636294682365,-0.672772387010982,-0.908368390004412,-1.09404560277257,-0.643565471479408,-0.198622405093655,-0.980850085135263,-1.12306917113633,-0.520567836680881
1.98713807622521,-0.0233438188160176,-0.942181457041184,-0.943609399743829,-1.13649013537293,-0.668533201860524,-0.206328148918952,-1.01890309070384,-1.16663970048716,-0.540763757635825
-0.137139763197653,2.56092898597833,-0.988691314795008,-0.088816704470464,-0.106971495318315,-0.0629253119293416,-0.019420521066712,-0.0959036808192599,-0.109809306191533,-0.0508990847943201
-1.72559009827671,3.15174135904002,-0.0100853044447916,0.270563366012139,0.325868517788789,0.191690113976569,0.0591609605518141,0.292152504983359,0.334513374255167,0.15505447754446
-1.72322023812941,3.11403818107336,0.368818551213803,-0.0133275775588705,-0.0160518329175037,-0.00944239014670164,-0.00291418717113465,-0.0143910287138035,-0.0164776666020084,-0.00763776931734071
0.678373321713543,-2.75348810135758,0.479770745057518,0.100237695057953,0.120727020795691,0.0710169136110815,0.0219178169259701,0.108235989729759,0.123929747384544,0.0574442270827399
1.81533101556275,-1.78629556706742,-0.662184806845156,-0.342894648756017,-0.412984849334028,-0.242935750211828,-0.0749768052027145,-0.370255338170819,-0.42394078570219,-0.196506095408608
-0.73629349465187,-2.04345852885437,0.538431231998529,0.985680619650491,1.18716102358155,0.698340034388914,0.215527375769024,1.06433131132587,1.2186548196714,0.564873936032972
0.757571880525839,1.38791489079457,-0.663225296182903,-0.655711318352931,-0.789743558259161,-0.464561700290054,-0.1433768067356,-0.708032676508596,-0.810694399883027,-0.375775099880453
2.07798025270085,-1.21930931099122,-0.881954605187897,-0.610963426883445,-0.735848867036696,-0.432858485836357,-0.133592303086705,-0.659714203914833,-0.755369954497504,-0.350130974309121
-2.41531065673729,1.87649259655587,0.764314366659429,0.73861356217201,0.889591633454515,0.523296704961306,0.161504081128015,0.797549962449659,0.913191311131538,0.423284725045502
1.17691456371726,-3.40288991230417,0.0584814117414006,0.253982936546142,0.305898925992154,0.179943126714535,0.0555355098929618,0.274249068632802,0.314014015864491,0.145552563570646
-0.673126773360808,3.28154216217547,-0.729852182819604,-0.110911147260455,-0.133582205517051,-0.078578895483858,-0.0242516572163648,-0.119761111714091,-0.137125962983998,-0.0635609700078725
0.71575446387713,-3.2524986388078,0.484654385435522,0.255307590155337,0.30749434858973,0.18088162406201,0.0558251565700914,0.275679420701028,0.315651762892339,0.146311696177283
-1.88219130582077,1.5811830658683,0.610251440473328,0.518712753676572,0.624741474391408,0.367500258216409,0.113420915810922,0.560102546723298,0.64131503114784,0.297263950409904
-1.74549613588548,2.33858121341147,0.353703466118709,0.313721679110385,0.377848709072182,0.222267135835721,0.0685978894913128,0.338754561530597,0.387872530575713,0.179787647403267
-1.86614980170238,-1.34191756465143,1.4938385204327,0.93104246113969,1.12135442163447,0.659629713081278,0.20358028186668,1.00533339482341,1.15110245648222,0.53356189535743
-0.404380726370461,3.20862947652595,-0.940148712668825,-0.147072226928205,-0.177134877139428,-0.104198481702029,-0.0321585820867434,-0.158807602610282,-0.181834028804801,-0.0842841647181087
1.23493832642894,-0.114716775281811,-0.440364341110801,-0.661646527481965,-0.796891968001956,-0.468766707535448,-0.144674590239423,-0.714441475453571,-0.818032447387115,-0.379176450049116
-0.185325766200592,-2.60245282467612,0.869727197324533,0.471833544923265,0.568279808879506,0.334287037219411,0.103170381673088,0.50948269204459,0.583355513074067,0.270398409342472
0.453550937107515,1.57430732019421,-0.65582556892623,-0.474268115388849,-0.571212023542436,-0.336011894124137,-0.103702721026335,-0.512111524877956,-0.586365515475013,-0.271793613198597
-1.92821542507739,-0.427729646397131,1.36063730016252,0.738659612497546,0.889647096806953,0.523329330930892,0.16151415041985,0.797599687281808,0.913248245852625,0.423311115570102
2.70083925279138,-0.9699975177385,-1.44141646449337,-0.79824546757773,-0.961412741071173,-0.565545021547334,-0.174543099881126,-0.86194009330141,-0.986917736791238,-0.457458582629938
-1.46847723588235,-0.120409930315162,0.823641931644194,0.65031462303447,0.783243738530034,0.460738222056692,0.14219677381558,0.702205361158559,0.804022148619252,0.372682361253624
1.72427652986952,-1.46358815001391,-0.501070745110555,-0.51477467486341,-0.619998423162058,-0.364710188046636,-0.112559821684436,-0.555850235676739,-0.636446153105367,-0.29500711585797
-1.49997713124768,-0.6923420937169,0.853960409654096,0.871914070626444,1.05013975107584,0.617738129295221,0.190651360888925,0.941486955969953,1.0779985558456,0.499676592131772
1.76514890745349,-0.552980650352144,-0.432525338710562,-0.951051887748262,-1.14545392293372,-0.673806093733753,-0.207955511653706,-1.02693943925262,-1.17584128535769,-0.545028899314711
0.703620461249326,2.60489067939874,-0.751387951797135,-1.00590159142995,-1.21151531144817,-0.712666291643371,-0.219948861690774,-1.08616578080945,-1.24365519426151,-0.576462172315355
-1.70597778532923,0.853153170354376,0.67520177688073,0.596298225343795,0.718185989910214,0.422468409027146,0.130385633157366,0.643878817812701,0.737238504835762,0.341726639323458
0.203683405976291,2.65215945530249,-0.735646538388525,-0.611275506730309,-0.736224738310875,-0.433079589758506,-0.133660541975736,-0.660051185636933,-0.75575579713448,-0.350309821055156
-1.06062242726008,2.43489293543005,0.476592525847157,-0.401380839185425,-0.48342604936511,-0.284372344805959,-0.0877653037190466,-0.433408333688026,-0.496250696671414,-0.230023366553848
1.95900450931133,-1.15256534972568,-0.629142684743,-0.733009632512083,-0.882842219152834,-0.519326404284384,-0.160278734672459,-0.791498876849901,-0.90626284388462,-0.420073224544075
0.797843422344734,-2.88770446583357,0.333874907555069,0.164041508258027,0.197572804994902,0.116220964716482,0.0358690584832456,0.177130918591103,0.202814147584331,0.0940089219521774
-0.962141233045065,2.95140827720746,-0.184679154927515,-0.165375642787752,-0.199179646483239,-0.117166179154905,-0.0361607782435636,-0.178571508093624,-0.204463616430859,-0.0947734878855836
1.75142939352587,0.734336339293329,-1.32373997344628,-0.734376693181207,-0.884488717126823,-0.520294946402039,-0.16057765401069,-0.792975019776548,-0.907953021250389,-0.420856659792337
2.00005963473076,-1.07377503320895,-0.81179061990979,-0.655194646336305,-0.789121274663557,-0.464195645863635,-0.143263832044146,-0.707474777536031,-0.810055607934907,-0.375479005435811
1.57541774155722,0.508284457075143,-1.13871606189105,-0.643056200712759,-0.774501641037963,-0.455595737977467,-0.14060965859384,-0.694367765497438,-0.795048134958823,-0.368522703952348
-1.31502249389719,-2.19059301614665,1.59996688499725,0.703812497209437,0.847676973595071,0.498640668900303,0.15389453493646,0.75997200629558,0.870164711337605,0.403340927681891
-0.757748219851377,2.53565553312799,-0.051849591527052,-0.284140980887245,-0.342221497498019,-0.201309651836776,-0.0621298204897031,-0.30681352231149,-0.351300176671,-0.162835538268937
-0.63445005906831,2.77707813818505,-0.238567171042345,-0.335198421842241,-0.403715456755412,-0.237483088101522,-0.0732939603166729,-0.361945004052344,-0.414425488520956,-0.192095541013281
1.44021280821747,-2.76286990476186,-0.0199889399828382,-0.153031447259417,-0.184312206151597,-0.108420500526449,-0.0334616158423132,-0.165242328690062,-0.189201762767848,-0.087699275228624
-2.13146723407257,0.339255310980247,0.889605024744898,0.986709143445035,1.18839978524163,0.699068728174439,0.215752271166108,1.06544190440962,1.21992644402352,0.565463362539434
0.873401879979597,1.27937653238782,-0.816664826583082,-0.59272557704679,-0.713883065895462,-0.4199372409339,-0.129604443493444,-0.640021096182539,-0.732821429994948,-0.339679225723801
1.8359858211683,-1.72819716921981,-0.378429704317855,-0.60453313421107,-0.728104175015083,-0.428302719276242,-0.13218626539308,-0.652770817085715,-0.747419806142283,-0.346445901619981
-1.71988021360016,-1.1504419867799,1.40709682947541,0.80136550518509,0.96517053742602,0.567755521709944,0.175225322402711,0.865309088949519,0.990775222463537,0.459246614055843
0.881169426916959,-2.83906146295483,-0.108764437619463,0.420740217389938,0.506742627561932,0.298088175848556,0.0919983949432794,0.45431246021754,0.520185832540411,0.241117840714669
-1.57124263409486,0.15362012542029,0.379930320210812,0.979930009774753,1.18023494654382,0.694265812964327,0.214269956447917,1.05812184141447,1.21154500306203,0.561578376020592
-1.80204310645702,1.96237617174336,0.457605206567836,0.424290363423678,0.51101844968449,0.300603401423516,0.0927746642976673,0.458145884054998,0.524575086512036,0.243152358715318
1.73338914345109,-2.35327853578851,-0.356183369248229,-0.295874708455892,-0.356353685706977,-0.209622823010523,-0.0646954989259454,-0.319483522513287,-0.365807272954696,-0.169559903893972
-0.212292545001357,-2.9300482927493,0.946846014791993,0.559625768832265,0.674017412237545,0.396486519933629,0.12236689142971,0.60428014563601,0.691898193799909,0.320710384726699
0.412458756624466,-2.62525516572165,-0.0498643953251852,0.691440971045742,0.832776616044197,0.489875626923864,0.151189396461418,0.746613315455562,0.854869067205508,0.39625105238202
-0.970039032667572,2.94792366441268,-0.620955112840248,0.183813861711999,0.221386773634517,0.13022938257083,0.0401924502267327,0.198480973020626,0.227259869000131,0.105340064005209
-0.586008270489349,2.67797445145044,-0.392924616936571,-0.217813165804933,-0.262335786776664,-0.154317383000297,-0.0476266846461144,-0.235193193173875,-0.269295204759313,-0.124824388179268
-0.560321247934958,-1.50243215269547,0.646645689819684,0.544748903865351,0.656099606114839,0.385946482739555,0.119113939507894,0.588216206787068,0.67350505221622,0.312184749645559
1.56416939928963,-2.29612307086307,-0.677591508058458,0.0774640836584622,0.0932983149038635,0.0548821492149638,0.0169381748351515,0.0836451971330253,0.0957733945659668,0.0443931238628379
2.04018474668735,-0.544385220538541,-1.12437452811468,-0.647155153079766,-0.779438449564596,-0.45849978466345,-0.141505929078874,-0.698793786726693,-0.800115910420846,-0.370871731934641
-1.38942609974646,-1.86193801556205,1.53463083522025,0.692576792771316,0.834144608125463,0.490680339695004,0.151437753455534,0.747839768124421,0.856273350289262,0.396901969196215
1.53197366668843,-1.32948798883998,-0.43660786001904,-0.452942888027686,-0.545527762091536,-0.320903288241202,-0.0990397803138966,-0.489084687635607,-0.559999884878071,-0.25957255003052
-0.76036909816231,-1.04612660044806,0.209934395526219,0.88194470380448,1.06222071981298,0.624844683465857,0.192844643381311,0.952317966290105,1.09040001654501,0.505424948273936
2.27663350988421,-0.639493542001044,-1.16374506265252,-0.781034517023017,-0.940683745015037,-0.553351319487425,-0.170779780471576,-0.843355824515079,-0.965638828160505,-0.447595329575255
1.748352269449,-1.97437655376884,-0.482064724664957,-0.354936619365353,-0.427488287739448,-0.251467306987709,-0.0776098835779777,-0.383258177137183,-0.438828980954128,-0.203407108982457
0.405671410767253,2.31826013741678,-0.641155951746946,-0.729292618726187,-0.878365420276241,-0.516692955393011,-0.159465978277537,-0.787485270334677,-0.90166728151415,-0.417943077957371
-1.87308726632681,1.87420483255809,0.546564861775353,0.4488125612867,0.540553166036991,0.317977013278669,0.0981366495575377,0.484624788568102,0.554893319435499,0.257205542019233
-1.4199047971435,-1.23577373605805,0.96185175998526,0.927118590074744,1.11662848232208,0.65684970888945,0.202722294384098,1.00109642520793,1.14625114431301,0.531313202983091
-1.56011798680033,2.82696624618438,0.201434237663989,0.0885918116917805,0.106700632793461,0.0627659787460886,0.019371346365036,0.0956608431076603,0.109531258045726,0.0507702032209709
0.283723869891558,2.61129135368954,-0.7369686331708,-0.662668760504126,-0.798123153009284,-0.469490944402459,-0.144898110106101,-0.715545275803569,-0.819296294088012,-0.379762271439188
1.51776916380319,2.08496521789175,-1.62525903722471,-0.816030911335456,-0.98283366098716,-0.578145743482799,-0.178432037071906,-0.881144695988926,-1.00890692509752,-0.467651066299833
0.643436730462376,-2.68523066460486,0.291052035735189,0.251424658408758,0.302817716894972,0.178130624767332,0.054976120814547,0.27148665708649,0.310851066405985,0.144086465311107
-0.797070799577752,-1.22509666812711,0.698614635474269,0.59940574802264,0.721928713192659,0.42467004254935,0.131065119184343,0.647234299925075,0.741080517567184,0.343507498693031
0.365763167310586,-2.85234814804586,0.549778261228486,0.349018432134284,0.420360379296373,0.247274359503432,0.0763158220556215,0.376867758323279,0.431511978621855,0.200015513724575
0.929166147870612,0.955887522687623,-0.257702538146197,-0.953607436821307,-1.14853184512564,-0.67561666217953,-0.2085143039992,-1.02969890397359,-1.17900086071373,-0.54649343360182
-1.18628864759152,2.39351776866028,-0.378955043612478,0.39024869600152,0.470018413835513,0.27648538720642,0.0853311667792711,0.421387920263448,0.48248737448177,0.223643756960829
2.21397251319417,-0.533413609202725,-1.05057612528829,-0.856790404249663,-1.03192469551095,-0.607023236979095,-0.187344443758557,-0.925156522616641,-1.05930027918911,-0.491009520077001
1.83050131188306,0.747621570400801,-0.991700374968815,-1.06630874939579,-1.28427013897821,-0.755463863118558,-0.233157395950744,-1.15139302416749,-1.31834011017659,-0.611080311704995
0.879497643009839,-2.48871229635452,-0.166798917129603,0.333676750795317,0.401882744899657,0.236405006834575,0.0729612341161278,0.360301913878416,0.412544157267891,0.191223501636137
0.964580983929709,1.15750959524058,-0.860996356616078,-0.589007984972344,-0.709405570523865,-0.417303382333704,-0.128791560650857,-0.636006865235224,-0.728225152652392,-0.337548747731445
1.05687187397994,-2.9158000095894,0.207092458107262,0.053713733512909,0.064693217647094,0.0380553799686784,0.0117449605845948,0.0579997285999943,0.0664094422910153,0.0307822711166035
-0.775468329711884,2.7491686210011,-0.375827196200998,-0.0973251458711015,-0.117219125028074,-0.0689534159032476,-0.0212809634964456,-0.105091038684215,-0.120328791828225,-0.0557751031390738
-1.79077988246835,-0.402416695825768,1.19051118708846,0.74518343522998,0.897504437124192,0.527951362145151,0.16294063924947,0.804644067241445,0.921314030912274,0.427049788474271
-0.805520142726521,-1.95902171047322,0.898717126273884,0.730543702245702,0.879872234514042,0.517579329427991,0.159739538234438,0.788836181914308,0.903214069520806,0.418660049010556
1.70398013019158,-2.5718875905993,-0.0351080882480177,-0.438409561745617,-0.52802371649999,-0.310606643087314,-0.0958619460212026,-0.473391699550678,-0.542031480339712,-0.251243790129047
-1.77611785200983,0.161540969040186,0.933078191391768,0.718536050795599,0.865410130357657,0.509072087265141,0.157113964032616,0.775870400545527,0.888368305060314,0.411778703063491
1.72303085773145,-2.33556915066051,-0.471765956487601,-0.20345637734887,-0.24504436464757,-0.14414581226608,-0.0444874518371103,-0.219690829447491,-0.251545064299833,-0.11659679859062
1.5325097347687,-3.06018592381225,0.362387819868616,-0.416889763825473,-0.502105112829761,-0.295360186862046,-0.091156460816012,-0.450154766325861,-0.515425290737407,-0.238911222447949
-1.24519048438274,2.4714959441323,0.239170420121638,-0.0728141308710129,-0.0876978773983441,-0.0515877269398808,-0.0159214234638157,-0.0786242093513804,-0.090024384934755,-0.0417283285112306
-2.16815460573973,0.738324892530302,0.968889861962442,0.803420597912916,0.967645706296831,0.569211524290913,0.175674685749986,0.867528164270973,0.993316054258043,0.460424346776703
0.428635233103054,2.14536555340167,-0.52068676564062,-0.776953441737328,-0.935768467777274,-0.550459938447224,-0.169887418961058,-0.838949106838132,-0.960593155183683,-0.445256546592293
1.63744188461385,-2.62750655884091,-0.0403471343183193,-0.356497449031974,-0.429368162526192,-0.252573131553328,-0.0779511721407869,-0.384943550525594,-0.440758726307739,-0.204301589384816
-1.97180572608268,-1.49798263568638,1.6699615805985,0.942772447027687,1.13548210333559,0.667940233330028,0.20614514215291,1.01799935478358,1.16560492670646,0.540284116699789
-1.34560439932132,0.130948941757211,0.321601134843075,0.842387887013431,1.01457819730104,0.596819268085394,0.184195211966322,0.909604781260635,1.04149360155395,0.482755724234999
-1.31568790894301,-1.31723219192163,0.978754516041797,0.85643125814165,1.03149213728397,0.606768787312114,0.187265913434805,0.924768719061942,1.0588562457702,0.490803700593895
2.13085537442586,0.218999057502902,-1.24069298738329,-0.924959936907203,-1.11402858449225,-0.655320335279783,-0.202250286673771,-0.998765526019385,-1.14358227466682,-0.530076121836349
-0.746823154627036,-2.55813900241904,1.18680849514248,0.684289584361301,0.824163433064767,0.484808975999033,0.149625685483968,0.738891296156503,0.84602738798753,0.392152735073147
-2.11053967064872,1.63957818698415,0.648159317005227,0.660877398095797,0.795965622884535,0.468221790823809,0.144506413616161,0.713610974709375,0.817081527571184,0.378735677312976
1.05044430171347,-2.4079927443686,0.479466683836082,-0.34783151482819,-0.418930847320276,-0.246433446274714,-0.0760562925821415,-0.375586132989833,-0.430044523072068,-0.19933531505061
-1.06870225455075,2.23332600298621,-0.193741413032109,0.20666908887829,0.248913778159111,0.146421970521817,0.0451899382929,0.22315989377406,0.255517128182889,0.118437939595914
0.41203661619133,2.31830313458874,-0.889713155446525,-0.540361833424384,-0.650815786050415,-0.382838308690543,-0.118154669577446,-0.583479077597118,-0.668081059463863,-0.30967060693215
-0.000986780483834987,2.70082543538767,-0.623684541163655,-0.543428568298972,-0.654509384199946,-0.385011044661086,-0.118825237007222,-0.586790517312466,-0.671872643838218,-0.311428091623279
-1.19189615343637,2.41485014817261,0.392573676958427,-0.216428892897866,-0.260668558256079,-0.153336646268487,-0.0473240017069753,-0.233698464588328,-0.26758374689324,-0.124031088940174
-1.84580847303951,1.98369285222679,0.653001808682685,0.300560828073123,0.361997682809599,0.212942868945694,0.0657201584794626,0.324543562994763,0.371600997760933,0.172245425735565
-1.42883881062177,-1.72416365599444,1.13416868222508,0.986579168979839,1.18824324303509,0.698976643202202,0.215723851153741,1.06530155885527,1.21976574896136,0.56538887676151
1.9515588221819,-0.580963047632183,-0.678005707839818,-0.906874621845582,-1.09224649736147,-0.64250715899298,-0.198295780094784,-0.979237124312448,-1.121222337862,-0.519711787893295
0.58043010870164,2.49468938234452,-0.939958206071046,-0.711619226214324,-0.857079455708954,-0.504171620095905,-0.155601542036143,-0.768401659829687,-0.879816628741691,-0.407814808625291
1.55933525127165,0.775924716286143,-0.568354703017548,-1.17763850379735,-1.41835651802998,-0.834339335525496,-0.257500585146943,-1.27160614506036,-1.45598362174568,-0.674881177130038
-2.15727315707817,1.13283554193808,0.99780416231238,0.62082280351542,0.747723573123989,0.439843707295482,0.135748138891776,0.670360292567044,0.7675596806745,0.355781186734836
-1.63066389176935,1.22540017526297,0.0698476908902255,0.863396691304055,1.03988135646706,0.611703692936911,0.188788964107263,0.932289946997135,1.06746801973149,0.494795451642036
-1.84415457817201,1.5080804957395,0.412556626564905,0.668896079777065,0.805623382368418,0.473902907332964,0.14625976595508,0.722269493319545,0.826995494512883,0.383331024114762
2.04828228671769,-2.2193289974899,-0.783019875067376,-0.280982572453652,-0.338417487036455,-0.199071966515428,-0.0614392078635359,-0.30340309410299,-0.347395250893467,-0.161025517286567
-0.556321100531925,-2.2360216154361,0.818360740207803,0.687372780586081,0.827876857386136,0.486993374590946,0.150299852326717,0.742220510727201,0.849839324495578,0.393919653436289
-1.77455971682528,-0.266894345398483,0.811322056386067,0.97611848703064,1.17564432037942,0.691565405884048,0.213436534872667,1.05400618476107,1.20683259371787,0.559394068231818
-2.32573616943074,1.44015385263313,1.28437095360102,0.422530437997062,0.50889878249287,0.299356520478062,0.092389841768761,0.456245528402464,0.522399187381374,0.242143780497346
-1.99177911691408,-0.125802628060003,0.941145664584899,1.00535185235897,1.21085320164789,0.71227680970157,0.219828656609164,1.08557217625373,1.24297551957271,0.576147127800299
2.05705037993646,-1.02441779753088,-0.81884735403423,-0.716983269180865,-0.863539948704091,-0.507971964624385,-0.156774435244189,-0.774193717389478,-0.886448509985756,-0.410888834839416
0.741122897803339,-1.95123351204143,-0.144151434945279,0.228235265223186,0.274888240346899,0.161701285170078,0.0499055645315854,0.246446906110355,0.282180658154606,0.13079708582874
2.33679049954538,-2.27260169977759,-0.904280185086045,-0.411069161809684,-0.495094736741231,-0.291236377048974,-0.0898837371235205,-0.443869719371841,-0.50822893873604,-0.235575551333805
-0.456592411023246,-2.31544008923035,0.778513328969794,0.664096963081829,0.799843290749873,0.470502804651452,0.145210398638007,0.717087439352351,0.821062064785017,0.380580745897786
1.17622994892379,-2.48746945618202,0.213304531804714,-0.216270201886417,-0.260477429628987,-0.153224216051048,-0.0472893025797186,-0.233527111100247,-0.26738754787899,-0.123940146281403
-1.31769122478852,-1.37179611137795,1.01872982677279,0.847724005730988,1.02100505812431,0.600599828699484,0.185361999301955,0.915366686403968,1.04809095840956,0.485813747618065
-1.64806493956969,1.92629048189518,0.86601919300567,-0.0121759650986176,-0.01466482235868,-0.00862648987529237,-0.00266237739978169,-0.0131475253157203,-0.0150538605058934,-0.00697780314752974
-0.271491930867983,1.89651040339172,-0.0868990813990329,-0.425889910630738,-0.512944956163104,-0.301736656789723,-0.0931244187770428,-0.459873064383472,-0.526552700634009,-0.24406902736915
-0.766676834596801,-1.46444388951805,0.957588222594399,0.462516435404351,0.557058213311139,0.327686003931214,0.101133117143046,0.499422139778127,0.571836223565609,0.265058959401511
-2.1878354084925,0.687506494342653,1.09152166148216,0.743676937974522,0.895690000695031,0.5268840312834,0.162611230926328,0.803017361625605,0.919451459908457,0.426186444894872
0.778538753872446,2.60442980208327,-0.771732149257774,-1.05350538473763,-1.26884967195284,-0.746392870002307,-0.23035783234893,-1.13756803702223,-1.30251055876042,-0.60374295836281
1.51649040988367,-1.44699545731476,-0.349703407446298,-0.462836884984638,-0.557444165154115,-0.327913037684801,-0.101203186144839,-0.49976815908215,-0.572232414195406,-0.265242602675111
-0.721728461316647,-1.82002989186172,0.365425540063259,1.02321041740997,1.23236218938996,0.724929336983967,0.223733582387058,1.10485573482251,1.26505511202685,0.586381515827366
-1.88155183637061,-0.139580800028803,1.15190827247361,0.752107318133621,0.905843612868522,0.532856830030629,0.164454604607623,0.812120429486361,0.929874433849237,0.431017727896472
2.18811693767346,-0.808191678683334,-1.18282310126138,-0.626411037622273,-0.75445408358554,-0.443802887906882,-0.136970053382355,-0.676394430214035,-0.774468742587662,-0.35898369242733
0.096193377277253,2.41863599133604,-0.561138017156938,-0.567127890285124,-0.683053022764377,-0.401801661216651,-0.124007293520611,-0.612380885981781,-0.701173507003823,-0.325009701147444
0.418944971637406,2.59847562580668,-0.896009399149033,-0.648362046950722,-0.780892041463062,-0.459354850990763,-0.141769826596643,-0.700096982620675,-0.801608064170602,-0.371563378780151
1.01435016381712,-2.79205286128237,-0.298867982548009,0.438212650996033,0.527786555737801,0.310467134754803,0.0958188898260491,0.473179076646117,0.541788028019313,0.25113094449939
2.30091031079859,-1.11891169002626,-0.850685874572991,-0.86328725103034,-1.03974954579251,-0.611626156133421,-0.188765034068945,-0.932171774124795,-1.06733271229583,-0.494732733600369
-1.31050167411296,-1.43643179064534,1.18179062293858,0.738804033215338,0.889821038186891,0.523431650857873,0.161545729227115,0.797755631802665,0.913426801665014,0.423393880207732
-1.91992972049861,-0.235424045869362,1.05804888649126,0.894745889494141,1.07763856247259,0.63391413281539,0.195643730533297,0.966140600599821,1.10622687397449,0.512761052892663
2.61996007066679,-1.66961184661589,-1.40660348168605,-0.489397291507385,-0.589433715081015,-0.346730690010213,-0.107010842908179,-0.528447907613402,-0.605070604148715,-0.280463842776657
-1.5077464383364,-0.329919085330759,0.779857603019309,0.797985383542165,0.961099493936428,0.565360755882858,0.174486230314507,0.861659256307043,0.986596179628458,0.457309533648006
1.88686707850984,-0.790696172217852,-0.964518516361754,-0.547706092471695,-0.659661265929227,-0.388041606811063,-0.119760553722755,-0.591409359177894,-0.677161198107651,-0.313879455551667
1.19408819924428,-2.90440604635124,0.0221918314489064,0.0772950699883656,0.0930947535904003,0.0547624055476597,0.016901218571572,0.0834626973074836,0.0955644330427843,0.0442962654939427
1.58098686358828,-0.0344764577684456,-0.3804626024742,-1.03332080380613,-1.24453921349247,-0.73209239512148,-0.225944303592824,-1.1157728621318,-1.27755517631216,-0.592175576950771
-0.0324926617206551,2.04411306658849,-0.377684218738115,-0.458081988932662,-0.551717333205152,-0.324544264670242,-0.100163488044149,-0.494633854268475,-0.56635365704501,-0.262517666428257
1.86224548428724,-2.08780726423854,-0.522670291497804,-0.376665153846975,-0.453658295267116,-0.266861649957034,-0.0823610107917717,-0.406720502698798,-0.465693243822373,-0.21585929943053
-2.08681460044295,1.69040234600426,0.715215284288016,0.568855272934906,0.685133495195051,0.403025486089539,0.12438500029706,0.614246102162511,0.70330917158889,0.325999629748012
0.657718145029726,-2.82245573851616,0.32240953345282,0.267196334598785,0.321813240268443,0.189304622382117,0.058424730752643,0.288516807082835,0.330350515639438,0.153124898886535
1.81123580085446,-1.93022114618,-0.542116596902298,-0.378307805795854,-0.455636717415369,-0.268025444390647,-0.0827201904862749,-0.408494227237911,-0.467724150867349,-0.216800670553587
0.164423369469782,-2.76673983793363,0.97630650899563,0.153945197446827,0.185412733630943,0.109067878921213,0.0336614150227727,0.166228990003882,0.190331485771084,0.0882229272662347
1.38882783643493,-2.12746169646397,0.272593785190502,-0.580915298479223,-0.699658679097609,-0.411569834517872,-0.127022026536041,-0.627268436726376,-0.718219689216956,-0.332910990245586
-1.96927849207107,0.930214545260555,0.766618487417392,0.719202638743154,0.866212973808518,0.509544354895181,0.157259719106006,0.77659017773318,0.889192446875451,0.41216071134299
1.81282079308863,1.29296095255638,-1.4237117517343,-0.921837100029417,-1.11026741667541,-0.65310785187578,-0.201567452068113,-0.995393507737875,-1.13972132809215,-0.528286486204303
1.758982882977,0.43680778367229,-1.42605296958896,-0.547112378355936,-0.65894619226,-0.387620969205179,-0.11963073312694,-0.59076827066425,-0.676427154489208,-0.313539209814091
0.520254282510167,-3.43325480890909,0.594858977207451,0.404392931484906,0.487053835593312,0.286506367326102,0.0884239230891946,0.436660770717861,0.499974723222083,0.231749536673238
-0.510877182673461,-2.02911254838602,0.309155528549164,0.967854228006798,1.16569078572905,0.685710301486281,0.211629484977828,1.04508249338617,1.19661500508963,0.554657985944993
1.60757060821166,-0.469757645509366,-0.741384683630851,-0.60738206393513,-0.731535447031495,-0.430321143542488,-0.132809207890818,-0.65584707226273,-0.750942105221635,-0.348078566516326
2.34686954360034,-2.88075201249018,-0.622059825043247,-0.407950998266128,-0.491339197522682,-0.28902720463265,-0.0892019243817833,-0.440502747325239,-0.504373770078849,-0.23378859389655
-2.25626081183898,1.86228883781081,0.989935054048582,0.432409423970389,0.520797106215823,0.306355634863396,0.0945499653216063,0.466912791089732,0.534613157738354,0.247805230646123
-1.45640632105076,0.19289170700494,0.522677717635226,0.755681839617247,0.910148792963084,0.535389325248689,0.165236203859588,0.815980173770851,0.934293824620644,0.433066214982082
0.993263211107249,2.15478590277687,-1.36669642322986,-0.59900869071676,-0.721450494438762,-0.424388733363478,-0.130978299257624,-0.646805560113604,-0.740589612308573,-0.343279953057323
-0.746565958101849,3.07280271658095,-0.597066104552212,-0.072555115895541,-0.0873859178474774,-0.0514042186885545,-0.0158647876561967,-0.0783445267209206,-0.0897041495137341,-0.0415798921863507
-1.28139280331708,-0.0174187531860656,0.307407901969076,0.855589650042742,1.03047849826923,0.606172520512283,0.187081888730081,0.923859956290638,1.05781571626646,0.490321391750696
1.08719734218696,1.58339740791521,-0.775011799762466,-0.923206199430965,-1.1119163701138,-0.654077838404984,-0.201866817192373,-0.996871852074098,-1.14141402606251,-0.529071089809522
-1.97819368762808,0.16519348207563,1.12057191277423,0.742314956756938,0.894049620450019,0.525919087881487,0.162313422252991,0.801546703456607,0.917767562566843,0.425405920579143
-1.49571427714332,2.71992092235404,0.0199086114055574,0.216686313189401,0.260978597157826,0.153519024710002,0.04738028882351,0.233976425289786,0.267902010712885,0.124178611383444
1.84808989843408,-0.766804903758039,-0.291676423028342,-1.0499963081627,-1.26462331419002,-0.74390674152706,-0.229590543177884,-1.13377895971049,-1.29817208137192,-0.601731976451219
-0.00136574197720105,2.36525635726575,-0.594290881365577,-0.437873501349281,-0.527378081396562,-0.310226852282718,-0.0957447318971013,-0.472812865135952,-0.54136871739946,-0.250936584590059
1.731324086878,0.381531971964883,-0.935127855689957,-0.886356247538898,-1.06753401569293,-0.627970196478677,-0.193809264603657,-0.957081521577912,-1.09585426706689,-0.507953116144505
0.785272918081834,-2.56000665170679,0.39641836620183,0.000612441828401978,0.000737629464752669,0.000433905911287089,0.000133915568040159,0.00066131057194273,0.000757197789092265,0.000350978216781152
1.97934059904279,-2.1616308933035,-0.538607991641751,-0.435537974203836,-0.524565155240448,-0.308572166094768,-0.0952340492006376,-0.470290978614302,-0.538481168070064,-0.249598140488534
0.0668633653319699,2.07813952240178,-0.736128029435705,-0.275261911164901,-0.331527480298243,-0.195018963218549,-0.0601883370534097,-0.297225962474627,-0.340322461480487,-0.157747120213047
-0.944850957821563,2.43675528161543,-0.327371575191948,0.128146765140693,0.154340911082368,0.090790073976408,0.0280203703445609,0.13837201611281,0.158435369277504,0.0734383594156326
-1.68310640394791,-0.468150100938018,0.994285927160147,0.832203857504299,1.00231247688895,0.58960403489947,0.181968388073167,0.898608134612678,1.02890248796446,0.476919459709946
-1.21370134143382,1.75189201863849,0.404859108792656,0.0458099563777727,0.0551738500478446,0.0324556716186141,0.0100167330932161,0.0494652831468109,0.0566375385857788,0.0262527738222009
1.93972116512405,-0.549038390329311,-0.976906798923791,-0.675285035676952,-0.813318288075721,-0.478429387405605,-0.147656765014973,-0.72916824497943,-0.834894535789383,-0.386992407522696
-1.57192166975898,0.384042866395263,0.289652693131218,0.963057538958859,1.15991361798686,0.682311918756713,0.210580648486299,1.03990306077622,1.19068457680465,0.551909098964344
2.15283664638758,-0.428818967418917,-1.38026894985203,-0.58698138427294,-0.706964717662674,-0.415867565930399,-0.128348427325755,-0.63381855541465,-0.7257195472254,-0.336387343224734
-1.66452350331958,0.788784735480543,0.596427456850172,0.647249694447964,0.77955231588722,0.458566765814345,0.141526601345918,0.698895871860947,0.800232797464901,0.370925911710227
-1.9543922940457,0.0871396405912242,0.957699264503654,0.879262501027548,1.05899025496399,0.622944382757759,0.192258157135901,0.949421741750531,1.08708385177898,0.503887831271086
-0.43687568304082,2.53605734598449,-0.600953494706079,-0.127698358943209,-0.153800847343898,-0.0904723848658293,-0.027922322549874,-0.137887830113145,-0.157880978369495,-0.0731813867526169
1.20204374713954,1.68895048481951,-1.16655790857679,-0.754999784906745,-0.909327321228614,-0.534906099647524,-0.165087066848111,-0.815243695676475,-0.93345056033842,-0.432675343008717
1.68384054766759,-3.00392083589181,-0.600299276162953,0.185734994584206,0.223700600265109,0.131590476589822,0.0406125221224319,0.200555399389923,0.229635078360314,0.106441027000252
2.11466367588833,-1.36842774229635,-0.574018105441992,-0.825961148853787,-0.994793712449722,-0.585181168824225,-0.180603367207065,-0.891867299750184,-1.02118426074858,-0.473341887688521
-1.88049470017274,-0.0108844711798765,0.971246199803717,0.843303184781818,1.01568058869835,0.597467742918224,0.184395349538407,0.910593113641996,1.04262523792241,0.483280263160452
-0.453677164661057,-2.00175951394503,0.96068437928727,0.399317012059598,0.480940360720789,0.282910154034131,0.0873140305220264,0.431179827022286,0.49369906602786,0.228840628323414
-2.30301759921136,1.3939071409269,0.914350435300738,0.710223755280597,0.855398740202292,0.503182949729033,0.155296410554086,0.766894839690179,0.878091326097816,0.407015092020095
-0.882860815356878,-1.98552654903091,0.917455369242474,0.791765823306322,0.953608609618922,0.560954290114543,0.173126271044389,0.854943416947199,0.978906572156686,0.453745227522093
-1.72845645197919,2.12403970748405,0.422079479546405,0.327743817178397,0.39473707580047,0.232201611755613,0.0716639481722082,0.353895572016135,0.405208923113025,0.187823455518156
-1.01790038016511,-1.96664437913066,0.601524390573749,1.14638903852271,1.38071943108496,0.812199554931796,0.250667626163519,1.23786318238977,1.4173480731614,0.656972730827353
-1.34482825417356,-1.30071357712184,0.98708288816286,0.868379517939183,1.04588270969503,0.615233951373932,0.189878501151181,0.937670369723267,1.07362858084371,0.497651010367491
-2.73691933443849,0.926682359953723,1.24754370796465,0.997065326994157,1.20087284925189,0.706405929932952,0.21801673799119,1.07662444183344,1.23273040175987,0.571398285116838
-2.03230025298949,0.84224294248432,0.848778112462197,0.74214594315791,0.893846059222151,0.525799344264534,0.162276466004951,0.801364203707804,0.917558601131526,0.425309062250976
-0.656494460311095,3.11392147125814,0.069029289307988,-0.685686310963984,-0.825845660908399,-0.485798535988652,-0.149931091528626,-0.740399472158913,-0.847754243088655,-0.392953171277219
-2.08827897974535,0.198272429816202,1.39675149030812,0.607301769574112,0.731438739909621,0.43026425618393,0.132791650851982,0.655760370951119,0.750842832589004,0.348032551416866
0.76659807741807,-2.47748841322704,0.278817553194724,0.0769160771499223,0.0926382918146013,0.054493894767844,0.0168183485929233,0.0830534633865951,0.0950958619458365,0.0440790722448195
2.17304114572479,-1.98817081741565,-0.795919650434191,-0.465275936199838,-0.560381776465,-0.329641069133876,-0.101736505251757,-0.502401830198851,-0.575247956410169,-0.26664037435962
-2.22692661008919,0.323854944871901,1.17592440275618,0.849857107406707,1.02357418154853,0.602111099457861,0.185828419963223,0.917669995263297,1.05072823724627,0.487036185713631
1.59275963146954,0.78553184597068,-0.691458985521383,-1.11346242515155,-1.34106237457649,-0.788871539897797,-0.243467944612142,-1.20230924647159,-1.37663896791953,-0.638103144346288
-2.11514137758122,-0.474125313392712,1.49221153628002,0.812408474580399,0.978470771385538,0.57557930100877,0.177639960741965,0.877233213116237,1.00442829386292,0.465575119926265
0.852258877646956,-2.73666866213699,0.376625631711883,0.0266451676450634,0.0320916368490961,0.0188777043178042,0.00582619049718412,0.0287712730217053,0.0329429851051781,0.0152698150129627
2.45024713758931,-2.77979358090936,-0.734654809845879,-0.446364065786314,-0.537604179959225,-0.316242290694241,-0.0976012653780582,-0.481980919575704,-0.551866100696485,-0.255802358002941
-1.03761518717544,3.48206645232958,-0.0209183656594317,-0.432025897760708,-0.520335184414199,-0.306083912257596,-0.0944661040831248,-0.466498662065036,-0.534138981768389,-0.247585439412213
-1.25638116681053,-1.24348499127289,1.0769632461185,0.701042788327779,0.844341115746777,0.496678371420668,0.153288914743664,0.756981293251986,0.866740357636792,0.401753662672864
1.3991067926101,-2.77539765412391,-0.090919632778978,-0.0578366024884234,-0.0696588315137842,-0.0409763712154806,-0.012646460637672,-0.062451574822445,-0.0715067872602873,-0.0331450052309993
0.935638053889602,-2.59955850350841,0.518792975619096,-0.207790775616043,-0.250264745956571,-0.147216668864668,-0.045435204552785,-0.224371083578028,-0.25690393535133,-0.119080755930048
-1.30405910020594,3.21007322657695,0.00381636949785707,-0.120937928425952,-0.145658534861824,-0.0856827205609967,-0.0264440974337407,-0.13058796265698,-0.149522661214157,-0.0693071186383523
1.32173938709206,1.76409983521153,-0.853697676006,-1.13010637500542,-1.36110847079776,-0.800663530408314,-0.247107284539215,-1.22028127171024,-1.39721686029504,-0.64764146058956
0.196187698147658,-2.99833212739418,0.582840617975122,0.523100193538701,0.630025739389408,0.37060869399481,0.11438026651842,0.564840074811735,0.646739480637266,0.299778304831225
1.15603419770727,0.300575804110643,-0.247376713972275,-0.904154705444372,-1.08897060994465,-0.640580138743936,-0.197701047447538,-0.976300176854738,-1.1178595455281,-0.518153057963333
-0.744713458379691,3.28241362181734,-0.381898544788202,-0.322469262340139,-0.388384362968453,-0.228464668232831,-0.0705106222977046,-0.348200143136084,-0.398687681295829,-0.184800713168443
-1.1736208626582,1.87240431517532,-0.0536294098863557,0.324204382605951,0.390474154641064,0.229693975091401,0.0708900209691189,0.350073714342623,0.400832912349871,0.185795076042685
-1.32589162237707,2.67892282683827,-0.011363234693668,0.11243808017737,0.135421254807913,0.0796607047073016,0.0245855339691355,0.121409883619886,0.139013799795858,0.0644360248579329
-1.75207409333134,0.20367933126055,0.902115323739165,0.706207172633559,0.850561138375194,0.500337260762507,0.154418150902616,0.762557760731189,0.873125389156542,0.404713268484153
-0.965979272828887,3.07095744251576,-0.41970554982615,-0.0240134101752254,-0.0289219287008125,-0.0170131433582495,-0.00525073454337237,-0.0259295189858416,-0.0296891888339665,-0.0137616072111305
0.566012030717637,-2.22798077577951,0.415297181224549,0.0453803011848264,0.054656370157831,0.0321512673153989,0.00992278536372328,0.0490013443558782,0.0561063306455572,0.0260065469865119
1.48020422304206,-1.72375682915724,-0.488109952546266,-0.218016221510103,-0.262580348568778,-0.154461244942294,-0.0476710844876023,-0.235412451360195,-0.269546254449075,-0.124940755360612
1.4854472533198,-2.08802044240918,0.0830426415478085,-0.529902680790481,-0.638218705313389,-0.375428154869493,-0.115867687694053,-0.572185354847303,-0.655149795002659,-0.303676674822602
0.121929974212267,2.77072725613963,-0.93646584078825,-0.430050618841044,-0.517956143883851,-0.304684456570647,-0.0940341926977534,-0.464365769157447,-0.531696828470806,-0.246453446395541
-0.76004227062342,-1.64692135269267,0.670888015937443,0.750783011491803,0.904248608161019,0.531918578504373,0.164165033797835,0.810690452071178,0.928237115797527,0.430258794129931
1.9656869352576,0.214573028200362,-1.30177750480356,-0.735094528144245,-0.885353282861904,-0.520803521779073,-0.160734614675975,-0.793750133147243,-0.908840522759494,-0.421268036715967
-0.920526113439709,-1.51756896620931,0.566737766209413,0.919225895571817,1.10712246272698,0.651257852419198,0.200996490203668,0.992573946706551,1.13649294271664,0.526790056924528
-1.55288599683431,0.160863951846229,0.806315169953648,0.628147417677635,0.756545392557995,0.445033087307581,0.137349727517373,0.678269361732866,0.776615531193486,0.359978777261877
1.32164829663269,-2.67300713741607,0.00564946528101338,-0.106623294222793,-0.128417883626495,-0.0755410154869505,-0.0233140820074515,-0.115131116809691,-0.131824638532431,-0.0611036868126587
1.52536009602203,-0.248259558353617,-0.679449852395511,-0.67055661208076,-0.807623339748166,-0.475079369731583,-0.146622855339877,-0.72406252494567,-0.829048508090279,-0.384282642113126
1.51753942367095,0.426628580430325,-0.56524490309746,-1.01107750078696,-1.21774921493347,-0.716333346312304,-0.221080617899322,-1.09175469296154,-1.25005447487873,-0.579428382904014
-0.997943741100656,2.77239024086054,0.0171166078259106,-0.224332554576266,-0.270187786798383,-0.158936272819174,-0.0490522039527655,-0.242232785372104,-0.277355507852535,-0.128560520068621
1.11790356402187,2.19937474381147,-1.26413656456822,-0.802198450045931,-0.966173742372804,-0.568345650734668,-0.175407452817409,-0.866208497214556,-0.991805041097431,-0.45972395816981
0.978642270734013,-2.76095264233026,-0.155332438126769,0.344447824940067,0.414855506209794,0.244036152399066,0.0753164202670482,0.371932447380164,0.425861068605958,0.197396189752502
1.71075114711748,-2.28832603651137,-0.202786389808762,-0.421395920481764,-0.507532361212101,-0.298552731720474,-0.0921417699512155,-0.4550204840111,-0.520996516769356,-0.24149361110009
-1.72042313007596,2.54130529082957,0.115316680220714,0.401354114421847,0.483393861862331,0.284353410709109,0.0877594601242278,0.433379476467851,0.496217655277184,0.23000805112399
-2.21758168923066,0.0624962388816628,1.33009772723855,0.821220029473398,0.989083473225844,0.581822156376241,0.179566681491742,0.886747870893937,1.0153225365061,0.470624846577829
0.998108231631686,-2.74725635868668,-0.332897828573539,0.461513155174682,0.555849855187171,0.326975194835326,0.1009137414642,0.498338804526138,0.570595809314794,0.264483999479424
0.980106707928086,-3.19629359389376,0.177563381043314,0.249235282914891,0.300180816868242,0.176579484847162,0.0544973954086102,0.269122584136371,0.308144212944041,0.142831777810897
0.789032106855552,1.43520103892936,-0.945839588779348,-0.479534056806181,-0.577554362306626,-0.339742735166516,-0.10485416350375,-0.517797653043956,-0.592876108014222,-0.27481141936829
-1.0414400870317,2.90081908595498,-0.526574022917632,0.188709040600808,0.227282563269007,0.133697543885357,0.0412628223521368,0.203766754299098,0.23331206605775,0.10814539355251
2.56871150792976,-0.866210526672242,-1.3288037737608,-0.81363669462531,-0.97995004868554,-0.576449476612613,-0.177908521407428,-0.878559436869587,-1.0059468144136,-0.466278988377417
-1.68505201788504,2.21956222050251,0.45526800322613,0.22839605760246,0.27508189987693,0.161815204175314,0.0499407231406292,0.246620528641296,0.282379455213269,0.130889232739568
-1.24885053177224,2.96192990786067,0.269514808283713,-0.280819685354741,-0.338221304610609,-0.198956563432535,-0.0614035912263868,-0.303227209707856,-0.347193864009934,-0.160932169933625
-1.73304227315978,2.4921964939138,0.669027823052826,-0.00212656547928849,-0.0025612511809358,-0.00150663996058194,-0.000464991466824792,-0.00229625111833292,-0.00262919775332571,-0.00121869233154193
-1.51813005508551,2.98900689179893,-0.165637006046042,0.278013844076459,0.334841928636763,0.196968666688192,0.0607900703805098,0.300197481145124,0.343724837705831,0.159324198167568
-1.82399060419236,0.352074698462856,1.02370990985092,0.615562735461639,0.741388308282271,0.436117027443678,0.134597980674808,0.66468050641955,0.761056349719477,0.352766746472843
-1.90670538436555,0.705794362826836,0.983769982494367,0.581957032884821,0.700913351715286,0.412307887824518,0.127249810544584,0.628393294539201,0.719507646623129,0.33350798749019
-2.12971834267292,0.343019157791119,1.0785078036586,0.836072550456476,1.00697195927449,0.592344946220442,0.182814310396297,0.902785523272676,1.03368558019333,0.479136530606575
-1.61173564947809,3.31398256653923,0.376473808234173,-0.190482982894477,-0.229419112478907,-0.134954355572295,-0.0416507097871722,-0.205682245270511,-0.235505295064085,-0.109162004557884
1.84168533179457,-0.786378894097031,-0.84638351213758,-0.603321900968451,-0.726645356745313,-0.427444578568754,-0.13192141903512,-0.651462935567363,-0.745922287372574,-0.345751767966978
-2.08070030986123,3.13415549528343,0.465178651725704,0.207530820145199,0.249951653666128,0.147032494286382,0.0453783630979255,0.224090385406984,0.256582537140664,0.118931780625998
0.607353930496558,-2.89795284390241,0.437909612146157,0.248542680880769,0.299346641859246,0.176088786624346,0.0543459521359206,0.268374717112805,0.307287908386388,0.142434861376385
0.972383802502155,-2.05950551690605,0.358410777357692,-0.319966259718151,-0.385369728110562,-0.226691328164793,-0.0699633196766473,-0.345497417719958,-0.395593072202249,-0.183366292206119
-1.72934573449594,-0.537295286815225,1.00617189648657,0.888637268200985,1.07028129383762,0.629586265635204,0.1943080289981,0.959544552365005,1.09867442683082,0.509260323665763
-0.923479957064966,2.44583470191504,-0.355394968255976,0.128422934387191,0.154673531364047,0.0909857357731925,0.0280807570781328,0.138670221809881,0.158776813530926,0.073596626511658
1.19560887479842,1.98078899705505,-0.896486567415575,-1.07221887066158,-1.29138833271309,-0.759651095986603,-0.234449693781804,-1.15777473340627,-1.32564714008243,-0.614467284518789
-0.743493272781491,-1.93846402646553,0.796680608097765,0.749746905398612,0.903000714324405,0.531184512773217,0.163938480467241,0.809571671672279,0.926956117004423,0.429665022359095
0.995879218702461,2.30612389726457,-1.50826016599579,-0.548361919734836,-0.660451149132246,-0.388506250656508,-0.119903955881796,-0.592117517050805,-0.677972035856882,-0.314255297097196
1.05773814426405,-2.67006910145964,0.249666882922415,-0.0742045852870686,-0.089372550974044,-0.0525728431787177,-0.016225458041999,-0.0801256126888064,-0.0917434853633102,-0.0425251702500388
2.51036365155225,-0.379132501967512,-1.42836055439104,-0.872294266172504,-1.05059766140158,-0.618007492175465,-0.190734493849732,-0.941897488566446,-1.07846861392058,-0.499894474628682
-0.83790196327997,2.48287749373155,-0.573214311450649,0.211842478416626,0.255144646756177,0.150087239936762,0.0463211435218553,0.22874608504288,0.261913293400347,0.121402706126667
1.91450839775566,-1.34407004539494,-0.873968618532303,-0.43057114027862,-0.518583063750498,-0.30505323825446,-0.0941480090975441,-0.464927824708894,-0.532340379684046,-0.246751746866679
-0.222309275637787,2.13129241572519,-0.623614827421357,-0.13772495002222,-0.165876947747103,-0.0975760752695255,-0.0301147212032378,-0.148714475801925,-0.170277441584572,-0.0789274264483174
1.77753073488595,-0.583888663838373,-0.957827649988281,-0.539010112096868,-0.649187762892833,-0.381880634267893,-0.117859104315552,-0.58201949798849,-0.666409847026701,-0.308895962355122
-1.54663166796261,2.68130227301011,0.158255519742333,0.166547088619811,0.200590544501656,0.117996131074762,0.0364169247488369,0.179836427433343,0.20591194368896,0.0954448201658499
-1.7658102912087,2.18709994936344,0.347422207959987,0.393781604763879,0.474273475261017,0.278988400431407,0.0861036670589789,0.425202731411069,0.486855317002781,0.225668396624482
1.65842534182434,-2.37660205783248,-0.263364705643353,-0.295815583275569,-0.356282474902795,-0.209580933701109,-0.0646825707069027,-0.319419679540775,-0.365734173023006,-0.169526020430442
-1.71313215521657,2.38828644039051,0.337459418075695,0.279919257090876,0.337136822154445,0.198318623422134,0.0612067049968007,0.302254933317584,0.34608061168291,0.160416152425129
-0.0873205836387221,-1.99246864285646,0.279880417788294,0.616679604925934,0.742733474119974,0.436908312820051,0.134842193597246,0.665886494564001,0.762437201009918,0.353406802123481
-1.88837383707781,-0.041760657650711,0.956953166219902,0.87297505019195,1.05141760270635,0.618489817510948,0.190883353013899,0.942632594577159,1.07931030717285,0.500284618394306
-1.21646978344345,-1.14387701643915,0.582352570792049,1.01581383756048,1.22345369395028,0.719688970354571,0.22211625785734,1.09686895759102,1.25591028610355,0.582142683197939
-0.622290979713618,2.42613389294361,-0.640767276943906,0.103055692553715,0.124121037807718,0.0730134228544062,0.0225339958312636,0.111278844494461,0.127413803134011,0.0590591653349768
0.598457830515406,-2.48618780580918,0.341785716984267,0.173938143975248,0.209492386199853,0.12323258368242,0.0380330413013628,0.187817239353258,0.21504993935591,0.0996804868177358
0.341088921614615,2.14808856572071,-0.99583566467755,-0.332030163623894,-0.399899583140287,-0.235238424354417,-0.0726011939520454,-0.358523940112436,-0.410508384876246,-0.190279875315399
1.19349199676866,-3.04404994395503,0.0973680140710273,0.0723745579536036,0.0871684525276842,0.0512762960766374,0.0158253071402727,0.0781495614681994,0.0894809151295073,0.0414764180251357
0.822280203265426,2.17401781552291,-0.805262228944286,-0.900015664068181,-1.08398551791905,-0.637647689592191,-0.196796011162736,-0.971830867782683,-1.11274220567039,-0.515781055768138
-1.73875808698455,-0.501808928390011,1.00346351045169,0.885197571265672,1.06613849742555,0.627149291601012,0.193555910270057,0.955830390722034,1.09442172756408,0.507289101844135
-1.90589386487543,1.69086902517942,0.567982628564109,0.530004422771439,0.638341244107241,0.375500237547253,0.11588993443577,0.572295215154842,0.655275584587019,0.30373498112598
2.00038943192328,-0.556096069802136,-0.891584645615867,-0.790879697312385,-0.952541352922369,-0.560326483049311,-0.172932512126677,-0.853986584051914,-0.977811002565665,-0.453237406359703
1.44718546022119,1.0237827963606,-1.0092468820186,-0.832250082662984,-1.00236815081172,-0.589636784735737,-0.181978495593745,-0.898658048228487,-1.02895963884204,-0.476945950427942
-1.20914335445726,2.80847932492635,-0.0251617753151119,-0.0255218467771053,-0.0307387008931384,-0.0180818482180486,-0.00558056692095569,-0.0275583186949199,-0.0315541575656247,-0.0146260621913474
1.09080899394828,1.97403809241727,-1.50544194561969,-0.504379059721446,-0.607477867449935,-0.357345049592045,-0.110286732809211,-0.544625120283876,-0.623593443775751,-0.289049595819879
0.204640041070141,-2.73348800311764,0.39352882732656,0.562752476987005,0.67778324264896,0.39870174607968,0.123050572522705,0.607656344096368,0.695763926661565,0.322502238910482
1.43257537669048,0.667297311828023,-0.819499979284441,-0.831992781724781,-1.00205825566001,-0.58945449085428,-0.181922234574822,-0.898380216403955,-1.02864152258592,-0.476798496383691
-1.12398823037108,3.32954706664094,-0.171960912500432,-0.18221725202153,-0.219463805122598,-0.129098208391365,-0.0398433380601203,-0.196756964602834,-0.225285886702383,-0.104425078783644
1.2260438455971,1.52275640501253,-0.984174102002941,-0.854515611025631,-1.02918491773868,-0.605411579869654,-0.186847041045936,-0.922700216175324,-1.05648781877246,-0.489705881376491
-0.606767646024608,3.52514971290671,-0.857983051371552,-0.160211262113325,-0.19295962822845,-0.113507292385826,-0.0350315428786376,-0.172995044535532,-0.198078589400764,-0.0918138841553502
-0.658045567894042,-2.55156506216514,0.764272584938174,0.936708227668248,1.12817831271777,0.663643824258382,0.204819149474784,1.0114512514585,1.15810737628029,0.536808833336961
-1.10712086720195,3.41235175768752,-0.221010203917735,-0.189841027343516,-0.228645936468565,-0.134499539628269,-0.041510340794924,-0.204989065979222,-0.234711607727034,-0.108794112614388
2.02859567516033,-0.175797612943993,-1.07487142278059,-0.816845213591425,-0.983814412642847,-0.578722664499708,-0.178610091123912,-0.882023974094464,-1.0099136947845,-0.468117726708164
1.87280875670013,0.136048687347512,-1.21635551421879,-0.692931004740577,-0.834571223639261,-0.490931293598188,-0.151515204888259,-0.748222243829243,-0.856711283342747,-0.397104961022652
1.59171775260309,-3.0091378803068,-0.371859080185452,0.0874139873942932,0.105282052504138,0.0619315077785018,0.0191138051545328,0.0943890363438218,0.108075044716333,0.0500952155691768
1.64617221568227,1.34940044948183,-1.51423056364841,-0.730953435303489,-0.880365720037223,-0.517869619195246,-0.159829129821155,-0.789278608917532,-0.903720646555696,-0.418894858867279
1.15917376089722,-3.46371390039809,0.19062087396723,0.188978630979545,0.227607259913731,0.133888544652344,0.0413217705608196,0.204057856178958,0.233645376470713,0.108299890430421
1.43478743865616,-2.59071041693795,-0.182499775021867,-0.0871248778722757,-0.104933846858979,-0.0617266779892953,-0.0190505889206452,-0.0940768578241763,-0.107717601640559,-0.0499295326589207
-1.97762914218279,0.30522211401545,0.941106871420707,0.828663615308401,0.998048583021888,0.587095826046073,0.181194284276403,0.894785404872788,1.02452547868902,0.474890617401555
-1.61445178011055,2.24786490801145,0.333399749047906,0.252859115796843,0.304545387975415,0.179146916456297,0.0552897770134648,0.273035574537503,0.312624570292287,0.144908524276988
1.98862610476657,-1.30309479139041,-0.230893598664861,-1.01208452188112,-1.21896207858228,-0.717046805754954,-0.221300811549721,-1.09284206757388,-1.25129951417994,-0.580005486641052
-1.79263361685089,-0.861866979517864,0.939808450825849,1.1183460241121,1.34694421725979,0.79233149700567,0.244535784688625,1.20758252382132,1.38267684803199,0.640901837667285
2.21386911397871,-2.09076851057086,-0.782868480001608,-0.470987628710722,-0.56726098114086,-0.333687718185253,-0.102985414963005,-0.508569277401126,-0.582309657196513,-0.269913631605133
0.766399891005014,1.67718738443909,-0.941028366392672,-0.556516807478997,-0.670272956204991,-0.39428386713203,-0.121687090824444,-0.60092311005266,-0.688054402350834,-0.318928700881461
-1.61672093895814,-0.803979965262248,1.13519716393223,0.793901506437733,0.956180842167463,0.562467389795819,0.173593256162703,0.857249513245041,0.98154704259863,0.454969144998513
0.0869562139340516,-2.44085007307248,0.430018086996475,0.522449077236153,0.629241530102148,0.370147387794762,0.114237894450622,0.564137003802424,0.645934467325198,0.299405163043406
1.13664137589172,-2.5330228564989,-0.22677087166561,0.178904560648449,0.215473975148391,0.126751215905891,0.0391189901687861,0.193179942712743,0.221190211868764,0.102526641320769
-1.56179610040658,1.68389591093388,0.540306408353978,0.26179298422024,0.315305405135764,0.185476429137832,0.0572432426476407,0.282682305643628,0.323670036334161,0.150028346377289
-0.203629204897164,-2.33624750300059,0.626606804503147,0.575786199413219,0.693481154272775,0.407935944242737,0.125900505792185,0.621730070012038,0.711878282910748,0.329971605702605
-0.340465039488806,2.15955687594264,0.0434652385623427,-0.569700882088465,-0.686151953109588,-0.403624587576982,-0.124569899866108,-0.615159185245747,-0.704354647831395,-0.326484231515962
-0.709340794374612,-2.07478423274173,0.798712564555897,0.771211459149187,0.928852781508489,0.54639182932737,0.168631886069103,0.832748952613924,0.953494004996488,0.441965930706646
0.0108654214712018,2.92621010968943,-0.792489874013915,-0.50762442892786,-0.611386614109024,-0.359644345325399,-0.110996360141346,-0.54812944815067,-0.627605884262217,-0.290909452289572
1.40572674670017,1.50976288562082,-0.995124362612172,-0.993736639216297,-1.19686375308954,-0.704047604233006,-0.217288892351117,-1.07303014713293,-1.22861494963187,-0.569490680432907
0.647803965570316,-2.59119631237097,0.142153067030258,0.328213538002222,0.395302811032443,0.23253440196141,0.0717666565896049,0.35440277340613,0.405789666544966,0.188092643169106
1.81690744397888,-1.5025276303991,-0.422650525775116,-0.639962129000734,-0.770775118199374,-0.453403634264863,-0.139933113734136,-0.691026807648674,-0.791222752447391,-0.366749553064022
-0.677697362225351,2.50978793021576,-0.328129550382601,-0.126272438224482,-0.152083457891126,-0.0894621412799258,-0.027610532965667,-0.136348130500357,-0.156118028868711,-0.072364219981961
1.9270133387194,-1.59634264827105,-0.577810883517902,-0.576390361912303,-0.694208812052104,-0.408363984372548,-0.126032611015083,-0.622382440619803,-0.712625244478923,-0.330317839200613
-1.06341912502508,-1.86826352734464,0.760244999727032,1.02338333636519,1.23257045425768,0.725051847487595,0.223771392574146,1.10504245154868,1.2652689018833,0.586480612237399
-1.77572746117275,1.10647970329307,0.80875404887608,0.454368486309074,0.547244763198395,0.321913303385055,0.0993514993944619,0.490624039082724,0.561762435730644,0.260389532018758
-2.5264329421318,1.804043023483,1.22870575604988,0.497631739567655,0.59935134518652,0.352564673784411,0.108811374384557,0.537339409310107,0.615251335732481,0.285182840993861
0.779545869281709,-2.25356992327874,0.475291707812688,-0.173279700405935,-0.208699351898343,-0.12276608622303,-0.0378890670649247,-0.187106256410518,-0.214235866913753,-0.0993031459192352
-0.677113384265481,-2.3065896018993,0.852070256054414,0.790662371249823,0.952279603806338,0.560172510771701,0.17288499195126,0.853751916829549,0.977542309595243,0.453112861120692
-1.94025804164758,1.32747099466884,0.602288776359895,0.671242109466856,0.808448957866567,0.475565034417118,0.14677274512139,0.724802720418025,0.829896028754461,0.384675487015324
-1.89700622760467,0.866535049908014,0.663565320595883,0.762677285218875,0.918574159349798,0.540345494239552,0.166765817004857,0.823533808936297,0.942942704722596,0.437075165561528
0.0391404229267932,2.38334906275107,-0.299603930334944,-0.709649992467028,-0.854707696028886,-0.502776447323517,-0.155170952478664,-0.766275294458609,-0.877381949445618,-0.40668627997653
2.10107231842895,-1.09511639092726,-0.812956149338177,-0.731999733014908,-0.881625888734157,-0.518610905536081,-0.160057911634979,-0.790408394157325,-0.905014245844767,-0.419494471251584
-1.65110745518895,-1.81449305242877,1.38105521697567,1.01699142304331,1.22487198660947,0.720523272125533,0.222373746849006,1.0981405064844,1.25736620417236,0.58281753398981
2.02705037589393,-1.32351398935654,-0.81315259541329,-0.581652011807737,-0.700545982075602,-0.412091784935597,-0.127183115115063,-0.628063934829288,-0.719130531157654,-0.33333318598456
1.46613401143094,0.01884267979408,-0.468172837568122,-0.88747252299462,-1.06887846610231,-0.628761061008826,-0.194053347641114,-0.958286868315896,-1.09723438394966,-0.508592831380657
2.07868318485241,0.113029113196433,-1.29941005762719,-0.794204932951221,-0.956546291302967,-0.562682362960188,-0.173659602927453,-0.857577151155895,-0.981922186611515,-0.455143032691498
1.41118186287651,-3.5629067714612,0.249494962804543,-0.0333890205823771,-0.0402139831713597,-0.023655623654219,-0.00730079078573074,-0.0360532401184156,-0.0412808064251576,-0.0191345828462581
-1.9476292713434,0.396321241454111,0.799490734793284,0.879088958569555,1.05878123914491,0.6228214305117,0.192220210614675,0.949234351770244,1.08686929104943,0.503788377544026
1.06438197240344,-3.13537855191486,-0.0757771376487604,0.352416592721745,0.424453149024091,0.249681905653977,0.0770588585110981,0.380537069296878,0.435713324063134,0.201962931892329
-0.241657898756085,-1.90255287354213,0.31505774911619,0.686018999948704,0.826246353980537,0.486034241177938,0.150003836779364,0.740758707489619,0.848165566012732,0.393143828709786
-1.02183700275688,2.24920872589178,-0.424954695456966,0.341556646495913,0.411373349522636,0.241987795544053,0.0746842397305481,0.368810572319017,0.422286534953519,0.195739312955937
-0.603808834550267,-1.45775715642631,0.557827878991883,0.634098552263961,0.76371298303926,0.449249377502209,0.138650993256668,0.684695356879638,0.783973268275413,0.363389253993003
0.892469403368679,1.67680778929945,-0.843284388930245,-0.739973802809377,-0.891229917331849,-0.524260415188066,-0.161801509208816,-0.799018741151833,-0.91487305649164,-0.424064251869367
-2.11481855309997,1.72749358100321,0.854143392082892,0.469855002614327,0.565896837898997,0.332885269469779,0.102737756720145,0.507346275351186,0.58090932505673,0.269264546142388
0.443301879713392,-2.17387299406288,-0.0873614302082565,0.522073880183596,0.628789639998925,0.369881566272697,0.114155854452552,0.563731868545635,0.645470589181193,0.299190145083591
-1.34750067416932,-1.61271996946023,1.08696782369068,0.911760855888863,1.09813151375789,0.645968983017711,0.199364196354318,0.98451324700681,1.12726347588194,0.522511991327735
-0.344326610505901,2.88176668926672,-0.197219026840855,-0.654164337010979,-0.787880362497003,-0.463465687056152,-0.143038546225707,-0.70636225644813,-0.808781776026244,-0.374888555677212
0.625772869233563,-2.56597300098091,0.278724954951402,0.230512785887672,0.277631303068612,0.163314874630447,0.0504035636220517,0.248906157623551,0.284996490666013,0.132102287571065
1.79380125044181,-0.0242032220650545,-0.804527051059329,-0.886563918538136,-1.06778413617933,-0.628117328287762,-0.193854673618095,-0.957305763327761,-1.09611102291568,-0.508072128258977
-0.577799034412894,2.44645905045161,0.168250105037707,-0.575140632986022,-0.692703629296406,-0.407478570046693,-0.125759347251412,-0.621032991720846,-0.711080131235411,-0.329601644437838
0.314774684093812,1.81641640373147,-0.659023717535829,-0.446300963726186,-0.537528179371612,-0.316197583824732,-0.0975874675807251,-0.481912782395095,-0.551788083914807,-0.255766195468784
0.198156939002557,1.89710837135275,-0.1954223494427,-0.740507005147478,-0.891872110168815,-0.524638181100981,-0.161918098394394,-0.799594489454477,-0.915532285846699,-0.424369819512091
0.643370538010933,1.89117794052313,-0.575297343148292,-0.819674929302422,-0.987222543159915,-0.58072747592395,-0.179228832315739,-0.885079482109254,-1.01341223845144,-0.469739380436217
-1.37949880892256,-1.5772240185219,1.1592168659376,0.868904991821252,1.04651559432243,0.615606241790888,0.189993400444704,0.938237772891008,1.07427825505484,0.497952148985954
-0.759552385665576,3.09118538607821,0.0506537505378739,-0.575021016131997,-0.692559561873317,-0.407393823287664,-0.125733192018031,-0.620903830245453,-0.71093224189604,-0.329533094400634
1.90821017198837,-0.909272800756906,-1.06596503592075,-0.441217354986315,-0.531405443431797,-0.312595922767949,-0.0964758936801149,-0.476423535829313,-0.54550291996955,-0.252852880525896
-2.41228983919608,1.27797398308409,0.994389437900936,0.784826542620021,0.94525088867135,0.556037913129446,0.17160893883127,0.84745042828001,0.970327132037013,0.449768463937253
2.02412752396475,-1.48345335941944,-0.715115012641989,-0.594716347113749,-0.71628076407811,-0.421347671867922,-0.130039742148746,-0.642170716326908,-0.735282735907423,-0.340820096408525
1.71645582766514,-2.2765213472552,-0.783439309871049,0.023283224814281,0.0280424880552103,0.0164958179082949,0.00509107335948392,0.0251410697384572,0.0287864178028348,0.0133431525203844
2.15065325522869,-2.30866592107666,-0.489870299791435,-0.563100463259171,-0.678202359887161,-0.398948289169223,-0.123126662654283,-0.608032097335291,-0.696194162520219,-0.322701662913881
1.68333416779949,-2.18985231944038,-0.183930666910106,-0.450458630602964,-0.54253570408778,-0.319143228866162,-0.0984965764882246,-0.48640220315756,-0.556928451572407,-0.258148871567491
1.94662070834814,-0.151681024425723,-1.01397283492991,-0.803992466904365,-0.96833446953688,-0.569616684951672,-0.175799729725239,-0.868145664566142,-0.994023089466768,-0.460752073508522
2.18206685159989,0.508913445856821,-1.12693122931201,-1.16822330260078,-1.40701678012004,-0.827668805745046,-0.255441872044768,-1.26143967405934,-1.44434305573715,-0.669485512801836
0.959405427214125,1.73638831492774,-0.794959372090972,-0.857428627675169,-1.03269337652181,-0.607475408767837,-0.187483996690117,-0.925845671983937,-1.06008935228034,-0.491375273213714
1.24691677299298,-2.94891914746623,0.202775086131726,-0.0918128041445985,-0.110580019910346,-0.0650480039126836,-0.0200756435145264,-0.0991388491196829,-0.113513560120554,-0.0526160898585726
0.16283439941331,2.64487631054343,-0.773943913939064,-0.543820535471346,-0.654981472359425,-0.3852887475632,-0.118910943933345,-0.587213760831971,-0.672357255865931,-0.31165272020483
0.924502997525707,-3.37478046746311,0.404513394773479,0.187239136380795,0.2255121997622,0.132656138644057,0.0409414154046375,0.202179561597101,0.231494737172042,0.107303020713076
1.04067722238871,1.79445124568979,-1.00936589620169,-0.781048587191229,-0.940700691229626,-0.553361287991987,-0.170782857032453,-0.843371017388191,-0.965656223935529,-0.447603392908489
2.19000231478759,-1.45573115709399,-0.798962514493721,-0.680754442425553,-0.819905681988727,-0.482304380603969,-0.148852696902076,-0.735074073643259,-0.841656684463148,-0.390126815622292
-1.98677360228784,1.23197645486932,0.676136945759612,0.689527050530428,0.830471476029555,0.488519642752281,0.150770901608347,0.744546676940786,0.852502774905593,0.395154222645099
0.117055454488305,-3.14231020911283,0.336347828297528,0.838126827205142,1.00944614537397,0.593800370692333,0.183263495322851,0.905003717505315,1.0362254031449,0.480313795706026
1.00601926498764,-2.96845994487143,0.0906232321265696,0.208136867152491,0.25068158116107,0.147461869562182,0.0455108803844281,0.224744790894052,0.257331828636976,0.119279094098136
-0.237353313925935,-2.75346954446946,1.03455074382677,0.444880802365915,0.535817726532733,0.315191420658492,0.09727693732879,0.480379301698877,0.550032255047017,0.254952329271777
-0.35520816251486,-1.49662257507706,0.238566135076982,0.687258848577762,0.827739636833233,0.486912655460407,0.150274940132767,0.74209748771001,0.849698463664712,0.393854361270961
1.19954685873061,1.60909084137612,-0.981260312272784,-0.867256395238013,-1.04453001241262,-0.614438235672394,-0.189632920905791,-0.936457629375648,-1.07223999830939,-0.497007371111316
2.30053890475174,-2.58806187290584,-0.348190058895448,-0.694550301126627,-0.836521516175018,-0.492078540963487,-0.151869277692086,-0.749970749188515,-0.858713314534185,-0.398032947537712
1.98764421074858,-1.27297397789954,-0.640527709984883,-0.702446955560938,-0.846032305140748,-0.49767320298613,-0.153595947744892,-0.758497503597198,-0.868476412026216,-0.402558362954101
-1.10096898659237,-1.12310686209188,0.466021385895789,1.00065539281285,1.2051967510585,0.70894943808083,0.218801736143042,1.08050097078651,1.23716901090534,0.573455680351354
-1.02180317628582,-1.87956409990422,1.0336934983192,0.778501578728694,0.937633055412127,0.551556770441519,0.170225932163436,0.840620774761072,0.962507207837685,0.446143753075201
-1.44715054998862,0.483326775557293,0.218694007134325,0.874540347316021,1.05330285813187,0.619598807203614,0.191225618423936,0.944322791896111,1.08124557590639,0.501181659007571
1.57455361256759,1.27363340008966,-0.996292619750863,-1.04612022462084,-1.25995493052364,-0.741160594083401,-0.228743004840025,-1.1295935907414,-1.29337985172312,-0.599510670154804
1.21116389870433,0.892471519328517,-0.956211707583966,-0.622906514367301,-0.750233209874933,-0.441319985390993,-0.136203759833098,-0.672610269546599,-0.770135894735954,-0.356975319932741
1.30417325228805,-1.79039837759792,-0.541526831492266,-0.00114041723431351,-0.00137352694595709,-0.000807968620617257,-0.000249361840836943,-0.00123141486832297,-0.00140996478101112,-0.000653550408746913
-1.04384136440249,-1.14791590500117,0.398071476470559,1.01470367408997,1.22211660486106,0.71890243607489,0.221873511256968,1.09567021053361,1.25453772582694,0.58150647061881
1.10776521017917,-2.63308106080422,-0.129556618457778,0.165666986609859,0.199530543135939,0.117372591912439,0.0362244830259986,0.178886099195497,0.204823821903011,0.094940451228731
1.99825637233903,-2.42805590957599,-0.452417633237632,-0.417216445704604,-0.502498570899529,-0.295591636106516,-0.0912278925624792,-0.450507515224308,-0.515829186724166,-0.239098437327918
-1.28444562266341,2.86357135304706,0.301608356647104,-0.238074062964683,-0.2867381610664,-0.168671926791883,-0.0520569005887951,-0.257070773814876,-0.294344941441111,-0.136435504902093
2.28426382856873,-1.10712941512206,-0.889916379330348,-0.822961841752233,-0.9911813248084,-0.58305620442634,-0.17994754342821,-0.888628668091181,-1.01747604128873,-0.471623044511481
-0.204001001415949,-2.49151837440487,0.661538284293218,0.608114987982735,0.732418186171553,0.430840409311141,0.132969467911629,0.656638478725573,0.751848262251875,0.348498590693864
-1.67893686942899,-0.19009106938844,0.62797579459079,1.00885079838779,1.21506735810611,0.714755760835826,0.220593730650914,1.08935031466984,1.24730147197229,0.578152304097639
-1.83253182913007,2.46271002384848,0.430663126749296,0.280104111878598,0.33735946262706,0.198449590285276,0.0612471250542735,0.302454538275518,0.346309158509851,0.160522089023103
1.11268893838688,0.733585781109889,-0.638831376841437,-0.726658845001693,-0.875193283735947,-0.51482696594707,-0.15889008145265,-0.784641339160581,-0.898410992428932,-0.416433714680144
-0.562153497345643,-2.39430430468959,0.964038859720897,0.638896528037662,0.769491700523475,0.452648671857811,0.139700111101631,0.689876178887424,0.789905287415001,0.366138878370565
-2.41732015734736,1.12651728909762,0.897882577502681,0.922435841792222,1.1109885456799,0.653532051494695,0.201698372001332,0.996040025071023,1.14046158768581,0.528629613186289
1.20043227780524,-2.43348734450023,0.363194399712129,-0.374676284851651,-0.451262886749197,-0.265452565903944,-0.0819261278218067,-0.404572935318809,-0.463234288316373,-0.214719518212106
-0.0431516699936274,2.49388700683678,-0.386956513837476,-0.613623898636642,-0.739053158880087,-0.434743390437887,-0.134174037660605,-0.662586963440966,-0.758659251923055,-0.351655637694981
-2.06352933018828,0.756267581998333,0.916203699018259,0.748820803941908,0.901885310885033,0.530528383688167,0.163735980577642,0.808571673540852,0.925811123401812,0.429134292054993
-1.79024293795744,0.749693871327935,0.747582991578951,0.650864372528026,0.783905860883332,0.461127711382728,0.142316981176174,0.702798976968499,0.804701836194089,0.372997411741648
1.92713167575857,0.419545821743829,-0.847219899780327,-1.13607596353242,-1.36829828734157,-0.804892894944985,-0.248412585388187,-1.22672719329818,-1.40459741306726,-0.651062512906628
-1.5584960858409,0.388012773654888,0.240107454991063,0.988869301622732,1.19100149571682,0.70059916806138,0.216224607959592,1.06777442869802,1.22259717440213,0.566701306177529
-1.80013754169088,1.7573680431936,0.212041549944261,0.693019215729852,0.834677465606721,0.490993789769925,0.151534492964592,0.748317493462863,0.856820343767681,0.397155512984129
-0.801811064389382,1.99256192518353,0.237694925871999,-0.265581391345017,-0.319868190677381,-0.188160459146187,-0.058071609797882,-0.286773002206557,-0.328353866481014,-0.152199407064905
-1.77850851955023,1.251961021184,0.54369551702803,0.608407301222184,0.732770250397665,0.431047508886419,0.133033384665337,0.656954116597778,0.752209666271601,0.348666109590787
-1.07182590272083,1.99900749019174,-0.0131707802101727,0.157658508328421,0.189885072702226,0.111698704360054,0.0344733617464573,0.170238598147916,0.194922470023567,0.0903509517922154
2.29503455108526,-1.48599089605631,-0.90593432536689,-0.674834153034048,-0.812775241688084,-0.478109943770341,-0.147558175724621,-0.728681384930638,-0.834337083106509,-0.386734015658122
-1.99062739804326,0.0269497715221412,0.996740097954652,0.90253597268509,1.08702099624514,0.639433290699806,0.197347097885455,0.974552280095864,1.11585821118153,0.517225394451551
-2.38639009510482,1.43218111794887,1.41341991161809,0.376229264796878,0.453133307273475,0.2665528290589,0.0822656999768678,0.406249832630793,0.465154328598564,0.215609500095438
-0.561585473395487,2.69215523044054,-0.0841079616766902,-0.485471165680443,-0.584705060116615,-0.343949088353102,-0.106152362402881,-0.524208503321065,-0.60021650428487,-0.278213858243115
-2.05153319228738,0.582432643289993,0.923462863606424,0.799366998629146,0.962763521358858,0.566339609588734,0.174788332098881,0.863151114996317,0.988304351475519,0.458101309743332
2.09483826589382,-1.09997647078846,-0.835076524447967,-0.707546255858968,-0.852173940109189,-0.501285981278097,-0.154710952736957,-0.764003693802065,-0.874780976366083,-0.405480670416516
1.20105867907083,1.55455251365107,-1.31941904319105,-0.583281304214452,-0.702508313892529,-0.413246114332616,-0.127539373633065,-0.629823233824521,-0.721144921016308,-0.33426690102002
-2.03571970794639,1.40624888401282,0.81007513085555,0.559816140465536,0.674246697239714,0.396621395399652,0.122408517791963,0.604485707646705,0.692133561426896,0.320819482919005
0.49901782437232,-2.79421147031042,0.389462501735669,0.338883679462234,0.408154008271077,0.240094038222455,0.0740997729582478,0.365924320472962,0.418981788879105,0.194207488773641
-1.78512063120003,-0.649682410987529,1.29575221640338,0.752557171479656,0.906385419563402,0.533175544424396,0.164552968833538,0.812606178107308,0.930430613951961,0.431275529891507
1.52857932983827,-2.28615069020498,-0.112500873162743,-0.337961437840538,-0.407043253645517,-0.239440643773005,-0.0738981170541076,-0.364928490165446,-0.417841567417127,-0.193678970464124
2.42685431336735,-0.857493993452394,-1.40153971469631,-0.639498989612134,-0.770217309696629,-0.453075506907874,-0.139831844403026,-0.690526712848219,-0.790650146030216,-0.366484137102548
-0.827572577017871,3.47068928853721,-0.491078336552431,-0.238596153744021,-0.287366971059865,-0.169041820330955,-0.0521710601383902,-0.257634523931015,-0.294990432923709,-0.136734704731745
-0.0773709033779742,2.89004408150015,-0.35434274936856,-0.761403519044352,-0.917040025954655,-0.539443049881424,-0.166487297294248,-0.822158404778169,-0.941367872817847,-0.43634519553042
-0.152972996894977,-2.77686500950649,0.777811770390848,0.582844308889109,0.701981993492805,0.412936509654951,0.127443820921754,0.629351369207937,0.720604638039463,0.334016467700613
-1.56653105653241,1.32304757658721,0.00312729787800548,0.823739207401179,0.992117589741586,0.583606956407454,0.180117520979752,0.889468062296593,1.01843714407989,0.472068537285817
-2.11362495323503,1.61598914178005,0.90852128538022,0.468924347443372,0.564775949932523,0.332225914146024,0.102534261122542,0.506341360149703,0.579758701429841,0.268731206195324
-1.14885004527772,1.64122519843891,-0.0904096553159653,0.420237834497469,0.506137553893074,0.297732245053723,0.0918885446892655,0.453769990545245,0.519564707075405,0.240829935082553
-1.01570553383612,-2.69056630435549,1.0910156361596,1.03836997361907,1.25062047093415,0.735669656711605,0.227048347131777,1.12122492177565,1.28379776139014,0.595069155630392
1.61638778435576,-0.212239103358375,-0.80507883673203,-0.663467089509594,-0.799084666364008,-0.470056548609358,-0.145072671472246,-0.716407306100524,-0.820283315107602,-0.38021977789572
-0.874783713832095,-2.8319446040184,1.34858898652422,0.77118315439459,0.928818691052848,0.546371775830422,0.16862569699593,0.832718389330061,0.953459010166599,0.441949709815397
-2.00589510167116,1.98274003868837,0.847799038314278,0.284693455757218,0.342886902314818,0.201701072051402,0.0622506237768224,0.307410080964578,0.351983233788709,0.163152150615918
-0.0116760303832457,3.01183633709943,-1.04636779573799,-0.322660003604665,-0.388614093157239,-0.228599805577091,-0.0705523294829476,-0.348406104272126,-0.398923505919638,-0.184910023189061
-0.757251047898779,3.54783153481618,-0.78510145764286,-0.0979414312330309,-0.117961383673015,-0.069390044900778,-0.0214157194854886,-0.10575649947784,-0.121090741603472,-0.0561282840083862
-0.824585843971681,-2.16126435053986,1.01259699797393,0.734978174440684,0.885213145601352,0.520721086913533,0.160709172957949,0.793624495199799,0.908696667844622,0.421201356725317
-1.02116009218872,-1.71695351395545,0.901723083063937,0.819016937078286,0.986430052461871,0.580261298235893,0.179084956769728,0.884368986526003,1.01259872403382,0.469362298194649
-1.98027458560753,0.4266559663609,1.21124448052689,0.573281022208665,0.690463900331569,0.406161063515348,0.12535272768032,0.619024996496266,0.708780985253072,0.328535938530313
1.96381258590202,-2.14316606176202,-0.797877291344873,-0.226658286888754,-0.272988915985287,-0.160584019513897,-0.0495607449264424,-0.244744095498928,-0.280230947254888,-0.129893350946415
-0.665352115430529,2.18553742447849,-0.235123046998477,-0.0856007015885313,-0.103098117677482,-0.0606468217993844,-0.0187173149289527,-0.0924310625123595,-0.10583317301613,-0.0490560575804393
-0.227383237738597,2.75624516098158,-0.545691867580207,-0.433130512708091,-0.521665590821159,-0.306866515491305,-0.0947076374521477,-0.46769141786445,-0.535504682080106,-0.248218472243224
0.863749211032209,1.44557034558983,-0.837145556567861,-0.63200581608287,-0.76119247611511,-0.447766705095413,-0.138193398851041,-0.682435634410235,-0.781385895669578,-0.362189948558642
-1.15485022099683,-0.983722138620978,0.711556400828296,0.801207353685766,0.96498005859132,0.567643473728808,0.175190741244328,0.865138318023006,0.990579690479803,0.459155980580728
-2.37912850045992,1.34092777490383,0.855412017454685,0.841255008211632,1.01321374969892,0.596016640331906,0.183947498467296,0.908381506341098,1.04009295697964,0.48210649395182
-1.20458604616051,-1.62377309122505,0.735573317549028,1.06926404401758,1.2878295176636,0.757557645330226,0.233803596029918,1.15458413144652,1.32199391442372,0.612773932206268
-2.4379676450256,1.04879149307959,1.1218914682714,0.794523579767216,0.956930071883305,0.562908119482132,0.173729277739638,0.857921223847147,0.982316148377977,0.455325642836779
-1.35887219424842,-0.830906374036729,1.09318659709634,0.617842866226928,0.744134514628684,0.437732466121582,0.135096550485815,0.66714257630206,0.763875409251748,0.354073444011966
0.613060511156259,1.62701933843558,-0.757677245907914,-0.550365185038136,-0.662863896669897,-0.389925534279324,-0.120341986725846,-0.594280629467433,-0.680448790363644,-0.31540332855306
-0.785546675916102,-2.00131901755771,0.90342177668068,0.726046824832914,0.874456162121161,0.514393358775344,0.158756258084041,0.783980483893866,0.897654315962388,0.416082978108096
-0.437676303413163,-1.59836088753718,0.387346068627127,0.679900129547914,0.818876741244577,0.481699112657683,0.148665894190394,0.734151592337233,0.840600447295564,0.389637225923382
0.62409990181194,-3.55454828420717,0.73796507144509,0.250557553389517,0.301773369200929,0.177516293779298,0.0547865209932789,0.270550362911899,0.309779013562708,0.143589544690565
1.62722665514007,0.855774229327665,-0.819569259268467,-1.06942632937614,-1.28802497534893,-0.757672622089049,-0.233839081091469,-1.15475936608647,-1.32219455734033,-0.612866934713801
-2.26127881969714,0.207864045527017,1.43736639031021,0.718945223750267,0.865902941288503,0.50936198020768,0.157203433148065,0.776312222753167,0.888874189606835,0.41201319193627
0.226068486863324,2.51875337462652,-0.685424345553843,-0.618603111266475,-0.745050159373369,-0.438271088405998,-0.135262784471802,-0.667963483788459,-0.764815344828348,-0.354509125305964
1.21741673802138,1.72826035031486,-0.970900337289237,-0.93608182302618,-1.12742386633704,-0.663200025901629,-0.204682180819843,-1.01077486393416,-1.1573329154449,-0.536449853309698
0.274277277060325,2.53341616780328,-0.747399912687224,-0.616726297338719,-0.74278971080704,-0.436941393698887,-0.134852403286871,-0.665936912717647,-0.762494929581169,-0.353433560615498
-1.10821898747217,2.87278789242907,-0.576936811373955,0.29556907792625,0.355985582038127,0.209406288333544,0.0646286702344856,0.319153504720597,0.365429403987243,0.169384753123216
1.85848438031233,0.672173360011768,-1.37526668102715,-0.761341140029392,-0.916964896207987,-0.539398855278645,-0.166473657596835,-0.822091048336876,-0.941290749979362,-0.436309447359051
-1.8632972565305,1.99872829214273,0.517085606778803,0.4159622560698,0.500988015633516,0.294703061435129,0.0909536534272897,0.449153249682255,0.514278558444817,0.238379686221911
0.600587686259306,1.28031885289868,-0.408874880189109,-0.680036257928128,-0.819040695271847,-0.481795557587029,-0.148695659808151,-0.734298582847681,-0.840768750804159,-0.389715238387465
0.621143003058072,-2.85169351738018,0.320582288216405,0.310889050851785,0.374437070661256,0.220260260914895,0.0679785114464025,0.335695908566472,0.384370385955173,0.178164324552179
-0.335580371545113,-2.68283121225444,0.872294737439349,0.628268800952378,0.756691587471253,0.445119085549373,0.137376268993532,0.678400430577485,0.776765604462499,0.360048339599622
-1.36015792184759,0.85236354400242,0.297870808721577,0.597671261469374,0.719839684768123,0.423441184666677,0.130685859079518,0.645361412997086,0.738936070009168,0.34251349898683
-0.196531686200845,2.88647946422797,-0.0992939522547814,-0.858177423997024,-1.03359523234629,-0.608005919806331,-0.18764772731748,-0.926654217221884,-1.0610151331351,-0.491804393475572
0.365531980062326,2.12520793589299,-0.645076930131764,-0.618341074891561,-0.744734560826683,-0.438085439538179,-0.135205488009728,-0.667680538671179,-0.764491373873809,-0.354358957477227
1.40126855007985,0.964919241549557,-0.956140345833142,-0.81225150659973,-0.978281717989454,-0.575468091532969,-0.177605638369912,-0.877063720145217,-1.00423422513278,-0.465485164702125
0.698283596536472,2.49490191171203,-0.721686284434063,-0.982564355781862,-1.18340777234552,-0.696132207863974,-0.214845978407222,-1.06096639053549,-1.21480199969385,-0.563088067261591
0.0782705587702477,-3.1561301476157,0.65587260093595,0.626527201057742,0.754593991685795,0.443885187970314,0.136995453496659,0.676519862711272,0.774612362262921,0.359050263379125
-2.12994967236257,2.18231225489767,0.801422198615172,0.350161977809461,0.421737674159628,0.248084544577793,0.0765658679564227,0.378102551261029,0.432925811277977,0.200670856980486
-1.748139476039,2.92674059181928,0.054747477574059,0.32500709816134,0.391440951188934,0.230262687103567,0.0710655414913782,0.350940481206713,0.401825356718663,0.18625509634363
1.56284194616785,0.91850888448068,-1.02044469596795,-0.881589462117634,-1.06179286409972,-0.624593000023104,-0.192766966792157,-0.951934378703152,-1.08996081039122,-0.505221366336855
1.28542731399744,-2.0427154556809,-0.496434613198766,0.0759433214406475,0.0914666976486057,0.0538047118399015,0.0166056473577517,0.0820030883066638,0.0938931869516879,0.0435216053175592
1.72438606791769,-2.31930958635821,-0.366239631298907,-0.293336905397869,-0.353297136946711,-0.20782482735201,-0.0641405868962169,-0.316743219820118,-0.362669638038903,-0.16810553949471
2.35091851720967,-0.751938272328836,-1.12083351662951,-0.834774751917774,-1.0054088811223,-0.591425475290327,-0.182530535806692,-0.901384169129157,-1.0320810356658,-0.478392788106094
-1.49452734967363,-0.820215729932573,0.785202948738783,0.969904902192146,1.16816063287465,0.687163173595733,0.212077882173547,1.04729679759514,1.19915037398066,0.555833186487142
-1.17531633858048,-1.01470111688554,0.55189019731666,0.955292614805789,1.15056148594548,0.676810585675816,0.208882782369838,1.03151854784026,1.18108434519324,0.547459175549092
-1.94076677215733,2.29218415448931,0.351532763351532,0.499146175001358,0.601175342416232,0.353637628727187,0.109142518457282,0.538974686517488,0.617123721172115,0.286050733785146
0.113981670933678,2.54996931189482,-0.203413300952857,-0.912152026291978,-1.09860264228259,-0.646246121420675,-0.199449729060127,-0.984935630180223,-1.12774710281704,-0.52273616329669
-0.787470660767747,3.24595275245185,-0.101494007287414,-0.491451286470511,-0.591907561795908,-0.348185914841246,-0.107459966219949,-0.530665797575909,-0.607610078712272,-0.281640946390426
0.960152825843147,1.90153351375228,-1.13646988224579,-0.654121391838651,-0.787828639014039,-0.463435261041353,-0.143029155901793,-0.706315884539555,-0.808728680388371,-0.374863944654084
1.82306117557222,-1.62660116195029,-0.0783631467970436,-0.867000389289739,-1.04422167695635,-0.614256859272009,-0.189576943047332,-0.936181195872542,-1.07192348312536,-0.496860659200007
1.97464195857146,-1.8311693485864,-0.148894174532081,-0.862544388295339,-1.0388548364239,-0.611099848952814,-0.188602600870362,-0.93136963593407,-1.06641426748286,-0.494307013758985
-1.9614105439747,1.05946771450729,0.682793641851945,0.728674414694633,0.877620850771423,0.516254967046636,0.159330802755209,0.786817737774481,0.900902959575001,0.417588797536702
-1.86029177390739,1.94357483803818,0.531918159685572,0.422882559189073,0.509322879859095,0.299605993096713,0.0924668360354168,0.456625746500058,0.522834535484195,0.242345574140973
1.63677652120991,-1.36830189792158,-0.143938970210964,-0.756056526463631,-0.910600068570221,-0.535654785297281,-0.165318132296778,-0.816384758110442,-0.934757071966803,-0.433280940552898
-1.68157700857567,-0.139769539883726,0.775683302122668,0.876368619661203,1.05550484285737,0.620894110922641,0.191625385582681,0.94629694809216,1.08350597634515,0.502229405483635
1.69419950910417,0.709820988811636,-1.42700849906722,-0.595608206531959,-0.717354926153233,-0.421979540978835,-0.130234754728003,-0.643133740135206,-0.736385394067483,-0.341331203282201
2.09743055806947,0.394331865402999,-1.14735199267991,-1.03652583143774,-1.2483993724607,-0.734363109450095,-0.226645109899591,-1.11923362943714,-1.28151774014123,-0.594012314467236
1.69683294071296,0.813301826357334,-0.719104378047548,-1.19092841616429,-1.43436298671193,-0.843755040444848,-0.260406536506382,-1.28595650315295,-1.47241472065957,-0.68249736127588
1.93141642233726,-0.696678599127602,-0.770479293768398,-0.773228650130485,-0.931282301235646,-0.547820979085583,-0.169072961880027,-0.834927101884101,-0.955987976636539,-0.443121942691279
-2.14775027871412,-0.710537664741037,1.65934086099216,0.799773678619294,0.963253329744809,0.566627736303051,0.174877256106625,0.863590245317615,0.98880715382364,0.458334369947785
1.36021601610301,-2.43216062951931,0.342040861209151,-0.494474248484592,-0.595548439588713,-0.350327638392246,-0.108120962344815,-0.533929971650546,-0.611347544129265,-0.283373345726813
-1.06147490083209,3.20984932068929,-0.518583132851549,0.081415199470468,0.0980570679909773,0.0576814559041925,0.0178021196113236,0.087911585443352,0.100658391015515,0.0466574296592136
-1.50457254019142,-0.97899407375121,0.951365767666863,0.909181399315521,1.09502479719591,0.644141476464146,0.198800176432368,0.981727967127627,1.12407434227967,0.521033756128258
-0.491746131064139,2.57757580205659,-0.467809766103697,-0.201027974288083,-0.242119578052564,-0.142425324875772,-0.043956461038908,-0.217068656136392,-0.248542687023529,-0.115205129151378
-0.0840278869061625,3.19470843023285,-0.936300693649853,-0.417093654276683,-0.502350679996176,-0.295504640209177,-0.0912010431817578,-0.450374925865348,-0.515677372472707,-0.239028068005627
-0.213691003539543,-2.93003615435601,1.01088366985624,0.510735981843065,0.615134191437929,0.361848834210022,0.111676727413474,0.55148928208519,0.631452879811467,0.292692621307352
1.91071510917377,-0.124334466011847,-0.756290556221208,-0.985411554066791,-1.18683695900385,-0.698149405431391,-0.2154685423112,-1.06404077611616,-1.21832215809335,-0.564719739904647
-1.54170031058828,2.53422320347819,0.199943643454639,0.185954347859503,0.223964790971142,0.131745885117453,0.040660485565,0.20079225558298,0.229906277692859,0.106566733994515
1.37397807419658,1.87134869818883,-1.51881935220362,-0.69540388386802,-0.837549577537677,-0.49268329161912,-0.152055920753323,-0.750892442098329,-0.859768648991463,-0.398522118810079
2.06174057312193,-2.2542525834765,-0.69487113778719,-0.348007073881587,-0.419142291941763,-0.246557827248573,-0.0760946800489504,-0.37577570047629,-0.430261577036906,-0.199435924448341
-1.12957604374353,2.72319742771716,-0.14145550749568,0.0303587287502097,0.0365642772914751,0.0215087070363041,0.00663819193435743,0.0327811513554505,0.0375342787237292,0.0173979829370786
0.785942498938033,1.39352912641363,-0.944082474300543,-0.462359185204803,-0.55686882000855,-0.327574594507542,-0.101098733061456,-0.499252342069058,-0.571641805911702,-0.264968842443351
1.88327202614376,0.682296308701978,-1.08386054602797,-1.01414476255116,-1.22144344767275,-0.718506455576291,-0.221751300537954,-1.09506670160876,-1.25384671067765,-0.58118616954509
-0.47525720874306,2.96359282468068,-0.441479389099079,-0.383126868122053,-0.461440831699265,-0.271439678254547,-0.0837739190836793,-0.413697818363425,-0.473682240549787,-0.219562379214505
0.381320427875402,1.67828054277697,-0.49274223030685,-0.580114379015604,-0.698694045775942,-0.411002395009967,-0.126846898744387,-0.626403609270113,-0.717229465461868,-0.33245199924907
1.55866513088446,-2.04357479795638,-0.232724941963522,-0.36221414603387,-0.436253394648015,-0.25662332621203,-0.0792011761261773,-0.391116401543643,-0.447826614440135,-0.207577714604477
-0.359195602901879,-2.33834116194985,0.934098027993919,0.468391490822128,0.564134173479495,0.331848393168351,0.102417747530869,0.505765985149798,0.579099899504829,0.268425836676047
-0.258928624165898,-3.26416314780512,1.27406621991242,0.471064089734007,0.567353071362435,0.333741889681137,0.103002133810234,0.508651839500405,0.582404190448648,0.269957449895069
-2.18510188451298,0.582462567599508,0.73297839289577,1.06185068433912,1.27890081247391,0.752305390442,0.232182602449162,1.14657923546845,1.31282834261273,0.60852548339099
-1.69167897446591,-0.145984278381438,0.898154297296018,0.791565186889189,0.9533669616352,0.560812142202078,0.173082400200623,0.854726771091848,0.978658513574761,0.45363024678655
1.66990234034298,-2.42650749481127,-0.276559690000178,-0.276186097994646,-0.332640577746755,-0.195673735818922,-0.0603904182936859,-0.298223893204726,-0.341465087917379,-0.158276753282562
-2.28552204646485,1.0222219534444,0.957690840937718,0.803477677953708,0.967714453919846,0.569251964649437,0.175687166782031,0.867589798915559,0.99338662566366,0.46045705821149
-1.88150130613107,0.633824174436892,0.704224409042166,0.806619567981755,0.971498569491683,0.571477946926548,0.176374167519593,0.870982390660722,0.997271128766618,0.462257612824561
-0.948046429344193,3.30253901940304,-0.198931712908711,-0.300375988287977,-0.361775060406198,-0.212811912711655,-0.0656797417024295,-0.32434397423651,-0.371372469482559,-0.172139497735269
0.191385665455607,-3.54468651270407,0.727331186720271,0.622954450272576,0.750290944233545,0.441353947265733,0.136214241422837,0.672662030415083,0.770195160709977,0.357002791045544
1.77222739008437,0.000159453233302904,-0.449173502263016,-1.15539993312629,-1.39157221914602,-0.818583639514456,-0.252637934221244,-1.2475930858478,-1.42848877119207,-0.662136695097753
-1.24025234920726,-0.291051858191409,0.48230854732467,0.788405495397002,0.949561405848382,0.558573547852831,0.172391507022879,0.851314957445297,0.974752001476559,0.451819490508848
-1.55406921405297,-0.888279540383775,0.587536823539879,1.20109198459233,1.44660406364673,0.85095577725965,0.262628886411692,1.296931056063,1.48498053701324,0.688321899962788
1.49924605305852,-0.724435118536958,-0.391994072050032,-0.691190629405074,-0.832475102721874,-0.489698263601032,-0.151134657151562,-0.746342998233756,-0.85455955513752,-0.396107586572611
2.26758428425678,-0.240815487483785,-1.34714274593667,-0.78226511895221,-0.942165891074072,-0.554223182620797,-0.171048861956114,-0.844684620211074,-0.967160293574565,-0.44830056303686
-1.77047731393874,-0.299259851077531,0.920284639395032,0.899811699400455,1.08373986136572,0.637503183663765,0.196751412568924,0.9716106281047,1.11249003217685,0.515664167678454
-1.01657278133346,-1.59828457049879,0.793058620821041,0.854744926648185,1.02946110716938,0.605574046571897,0.186897182839704,0.922947829644022,1.05677133513981,0.489837297593593
-1.44181710856183,0.235517484070629,0.722269365017823,0.570922883754624,0.687623740948259,0.404490357552119,0.124837100830642,0.616478694435495,0.705865480235342,0.327184536338072
