-1.78065094918016,1.31520223616027,0.134591132865221,-0.361905287027728,-0.976789590260136,-0.100637309086199,-0.48319372094148,-0.23738528664357,-1.04849041642308,-0.34672283635663
-1.44432828329677,-1.24268940173258,-0.424240285716495,0.430887818529863,1.16297481909299,0.119819721151367,0.575294961987802,0.282633141817287,1.2483424931214,0.41281145080577
-2.70027904598874,-0.667468070889042,0.123684094019405,0.250416875765558,0.675880143896658,0.0696350162049104,0.334341238785023,0.164256461468714,0.725492839596678,0.239911525333278
2.66199931872685,0.266102760439995,0.0962682723941688,-0.144592331364154,-0.390257587193328,-0.0402077108695943,-0.193050803941685,-0.0948427482484166,-0.418904280091303,-0.138526473757086
2.5655028028241,-0.923700079444115,0.189613294952989,0.206121573969097,0.556326240587977,0.0573175394016073,0.275200871229084,0.135201752154367,0.597163132651561,0.197474475567368
-2.18856802168314,1.2944032052174,-0.219711384906399,-0.32298534876842,-0.871743900385077,-0.0898145938714368,-0.431230208772931,-0.211856450699463,-0.935733892173866,-0.309435645846318
-2.36271450853741,1.39497471172573,-0.106212447444759,-0.356726870433201,-0.962812940554057,-0.0991973137888638,-0.476279817020803,-0.233988597090489,-1.03348781666501,-0.341761661834321
1.79535385842146,-1.5455998694588,-0.131634869728843,0.430093062111317,1.16082975566271,0.119598718170177,0.574233852009903,0.28211183558886,1.24603997221854,0.412050035569441
-3.03059077386908,0.236149838105912,0.380374053094602,-0.0289456514510541,-0.0781248907770767,-0.00804910172964099,-0.0386464567693326,-0.0189863812801024,-0.0838596152955011,-0.0277313394720618
-3.14293909564593,0.655162349514069,0.390251908219746,-0.152085307303218,-0.410481278749363,-0.0422913304313533,-0.203054965402426,-0.0997576315199939,-0.440612483160453,-0.14570510850896
-1.61674387595404,-1.20758229190031,0.376964967690172,0.370613578627512,1.00029344303189,0.103058879217262,0.494820497261055,0.243097334440849,1.07371955955271,0.355065802518013
0.486875329511987,1.35675934124577,-0.0680161239758715,-0.410821155433667,-1.10881449503528,-0.114239656287087,-0.548503185365907,-0.269470773811579,-1.19020655341533,-0.393586613274195
-2.90192687024816,-0.255143267859957,0.262622964774217,0.122607834240171,0.330920990830852,0.0340943416775013,0.16369845306666,0.080422411385276,0.3552121060043,0.117464258111373
-1.24570732793548,-1.46188211849949,1.01172817590601,0.3957825879825,1.06822510144181,0.110057786015927,0.528424613361508,0.259606495026311,1.1466377125764,0.379178935496861
-2.87203821361397,-0.355811163035311,0.0576040649719236,0.165688158910573,0.447195646635621,0.0460739620499906,0.221216657754461,0.108680178229665,0.480021853671374,0.158737300800417
-0.834653722485365,-2.14903125450896,0.43715350455766,0.63007662566672,1.70058938368129,0.175209421906988,0.841239628562895,0.413287469823141,1.82542042712168,0.603643999145118
-2.19935264832459,-0.887884908069549,-0.184495437045538,0.325709078185447,0.879095300424262,0.0905719986649939,0.434866765073779,0.213643032193507,0.943624918619311,0.312045110871533
1.38566829761336,-1.28902946514797,0.0965343580467722,0.347357706579499,0.937525380383551,0.0965919706993277,0.463770684640446,0.227843061982981,1.0063440338505,0.332785547966726
2.12727121272386,-1.26679943977482,0.176335625290409,0.319009472868329,0.861012932005835,0.0887089967271343,0.425921863360394,0.209248546161914,0.924215221605747,0.305626563695562
2.36795090432586,0.993776644005753,-0.355225190814866,-0.324897043162879,-0.876903601696991,-0.0903461909122912,-0.433782585764568,-0.213110392374453,-0.941272339175239,-0.311267141893633
-0.217823347271158,1.7174189640464,-0.960158670194509,-0.443117707268041,-1.1959835328026,-0.123220564236976,-0.59162355860664,-0.29065511814036,-1.28377419748033,-0.42452827800786
3.61413415282174,0.663122271084566,0.238461148673857,-0.29353678425998,-0.792261637232219,-0.0816256439035584,-0.391912293364505,-0.192540192613015,-0.850417267158243,-0.281222491247625
0.322457568431984,1.89367864016441,-0.561900149822679,-0.534264530721728,-1.44199062782472,-0.148566342187523,-0.71331720154369,-0.350441243371922,-1.54783933911855,-0.511851360277001
-0.563160583240599,-2.20576537419524,0.483846287729129,0.637875610049976,1.72163899813354,0.177378135186592,0.851652353711675,0.418403073849136,1.84801517960744,0.611115804843984
3.34198505297605,1.00995168463327,-0.0360500046294327,-0.372590548706124,-1.00562932471768,-0.10360862788352,-0.497460026338731,-0.244394092530932,-1.07944711937369,-0.35695983584004
1.13680639096837,1.05101647253854,-0.302027649868016,-0.318336398950572,-0.859196292072938,-0.0885218307742534,-0.425023216387146,-0.208807055388979,-0.922265231987997,-0.304981726202971
0.474220203656958,-1.81988158135238,0.17260688004146,0.520710637402894,1.40540839933598,0.144797324712119,0.695220875292813,0.341550809974134,1.50857180764165,0.498866072402992
-2.80486038603265,0.701265301323206,-0.0717165523699713,-0.142388616692912,-0.384309717328116,-0.0395949098897329,-0.190108539404363,-0.0933972611067119,-0.4125198093578,-0.136415208106316
-0.81843790933686,1.75821303788017,-0.0838766723390582,-0.500654601868476,-1.35127675927954,-0.139220215121658,-0.66844328793895,-0.328395412927097,-1.45046665747382,-0.479651416591594
-1.99094768180821,-1.61999957828407,1.03469631638422,0.457859401026797,1.23577165837716,0.127319880948921,0.611305763082773,0.300324667947921,1.3264829535608,0.438651536373924
2.28648159503081,-1.23413366908285,0.0706224259916432,0.312825212457327,0.844321489770944,0.0869893000308992,0.417665018527302,0.205192091385027,0.906298551123108,0.2997017419609
3.27041553425112,0.404612121055951,-0.237233758222147,-0.177020408172002,-0.477781613488184,-0.0492251928068846,-0.236346781252344,-0.116113364026243,-0.512852970466349,-0.169594145801198
-1.13961844125869,-2.05300717707922,1.08390424371531,0.564898131941716,1.52467132870537,0.157084822864384,0.754217305216919,0.370534805050049,1.63658918182871,0.541199837581779
-1.35429092759015,-1.56006146195326,0.746113478157514,0.445233764977307,1.20169481477854,0.123808989886904,0.594448788949818,0.292043108268921,1.28990471369076,0.426555564033099
2.56583746259289,-1.73452384335077,0.182825840449558,0.448376216551625,1.21017635427442,0.124682831418677,0.59864439736865,0.294104343057337,1.29900883700105,0.429566185214981
0.95815972964996,1.81862687957985,-0.533614904268393,-0.527814844902158,-1.42458279711646,-0.146772836956739,-0.704705977000229,-0.346210687555471,-1.52915369397007,-0.505672248113882
-0.605392486497121,-1.70734814958496,-0.414623719413752,0.550288669476696,1.48524009803083,0.153022276550815,0.734711647846163,0.36095198998965,1.59426351836722,0.527203263215267
2.94884760086201,1.30941904129442,-0.00680830451354668,-0.455173161620514,-1.22852144462495,-0.126572901241524,-0.607719261142662,-0.298562677354495,-1.31870054093888,-0.436077988599232
2.79277832559057,0.562081175395563,-0.106675666787185,-0.222168900222418,-0.59963829431476,-0.0617799216603079,-0.296626276055817,-0.145727708196052,-0.643654489337743,-0.212848593254865
-0.888473373487248,-1.22853078067164,0.242895506505859,0.369747787429105,0.99795665531351,0.10281812314223,0.493664546006094,0.242529434221719,1.07121124092159,0.354236332513665
3.90283759380936,0.214260566440902,0.120537942707781,-0.158160466950686,-0.426878255846746,-0.043980688783124,-0.211166145594023,-0.10374252360644,-0.458213073416883,-0.151525406415048
3.42379253149382,0.467516765782588,0.328439507153416,-0.23701938832136,-0.639720057984096,-0.0659094915076244,-0.316453736055801,-0.15546861970115,-0.68667843789297,-0.227076081881056
2.64478884849121,0.31901517749117,-0.178572383373129,-0.141601170387428,-0.38218438403884,-0.0393759396782597,-0.189057189440639,-0.0928807498159296,-0.410238466878589,-0.135660796313224
-2.24831852902547,0.336505057464909,0.310567444646648,-0.0714800216938343,-0.192926004689057,-0.0198769050758284,-0.0954357366229226,-0.0468860391027649,-0.207087656351252,-0.0684813313120259
0.236700549110111,-1.84599822948673,0.164141728788984,0.534311501468305,1.44211740280687,0.148579403642304,0.713379914000865,0.350472052991289,1.54797541996457,0.511896360532766
2.92426477459792,-0.210621135870033,0.427796688494317,-0.030397796087345,-0.0820442581229657,-0.00845290884116594,-0.0405852711368078,-0.0199388895276744,-0.0880666821414037,-0.0291225645387911
0.332350326185745,1.64909001157791,0.632069111849245,-0.541434590452464,-1.4613427620918,-0.150560166381734,-0.722890225107731,-0.355144315544234,-1.56861200860509,-0.518720625622929
0.799085821672813,-1.66302627419966,0.387289896038756,0.452392161262863,1.22101546917438,0.125799570752599,0.604006240197903,0.296738530013409,1.31064359253944,0.433413655232255
0.882934938691208,-1.68535062297991,-0.0157333877233756,0.484166121251954,1.30677402112476,0.134635158258314,0.646428880890074,0.317580089587623,1.40269721467351,0.463854651605031
2.2340908298054,-1.43896994688595,0.167038285454679,0.368617951529875,0.994907205679507,0.102503942474847,0.492156058476978,0.241788338613524,1.06793794772877,0.353153894865914
-1.24887908932662,1.71288604485739,-0.219853792131631,-0.468531513906243,-1.264575903964,-0.13028754337594,-0.625554513010904,-0.307324849116276,-1.35740156259518,-0.448875938669533
1.93431452053888,1.35286812873165,-0.87011563809244,-0.387956215704754,-1.0471015665159,-0.107881456809996,-0.517975321577418,-0.254472926401795,-1.12396361351592,-0.371680890865324
0.990997000297576,-1.84675795456467,0.0924317564582934,0.52267735533399,1.41071661027108,0.145344222498395,0.697846716332532,0.342840843351802,1.5142696655522,0.500750283669933
-2.58349624236039,-0.629084863350856,-0.112024186547653,0.252163146800067,0.680593364259616,0.0701206129180491,0.336672752662222,0.165401896655608,0.730552031904139,0.241584537770054
-2.69332471137384,1.08500690915292,-0.594001216578533,-0.224344792216216,-0.605511070218444,-0.0623849858109768,-0.29953139346232,-0.147154945551149,-0.649958353869277,-0.214933203429784
2.78062093267521,0.589342917723079,-0.161220447575281,-0.226380683624671,-0.61100598174906,-0.0629511191068493,-0.302249590682272,-0.148490352031504,-0.655856617053479,-0.216883686246576
2.52070110144261,0.019774414873093,-0.347357376108145,-0.0383253701057941,-0.103440938566168,-0.0106573798599528,-0.0511696812720483,-0.0251388396201788,-0.111033976850175,-0.0367175653515126
-1.22744976637975,1.63295944588152,-0.16681967451116,-0.448717449290597,-1.21109734824502,-0.124777720180608,-0.599099990372567,-0.294328168556594,-1.29999743614399,-0.429893102746597
-0.537913911700882,1.96257141771083,0.223479940530259,-0.58836158096436,-1.58799964574972,-0.163609453634255,-0.785544261870369,-0.38592523390405,-1.70456608716358,-0.56367896095313
-3.10337960702872,0.440570785347322,-0.694288251508137,-0.016390863973301,-0.0442392688871209,-0.00455791198138686,-0.0218840752997846,-0.0107512934519238,-0.0474866336826514,-0.0157032435028318
2.72617835965977,-0.943676841249047,0.198808204749014,0.207915237190069,0.561167373407746,0.0578163147620005,0.27759566024412,0.136378273396566,0.602359626775548,0.199192892019781
-2.99954336092426,1.13004623880389,-0.132713281731748,-0.261880497028566,-0.706820686402559,-0.0728227784113358,-0.349646762114149,-0.171775818375164,-0.758704559520646,-0.250894231090002
-0.612154755854845,1.41816883591657,-0.373594672535588,-0.384414483709371,-1.03754236119731,-0.106896584827475,-0.513246618453234,-0.252149790777434,-1.11370271877963,-0.368287739654023
1.99976925937691,-1.78389845383907,0.256889877531711,0.470646998221881,1.2702856383391,0.130875809578648,0.628378977794112,0.308712463137563,1.36353041760378,0.450902675355836
-1.11293322858701,1.72289276648491,-0.210360478155418,-0.47515346780379,-1.28244868965174,-0.132128952288794,-0.634395739316099,-0.311668401090937,-1.37658629254648,-0.45522009201539
2.648804509152,-1.06004903365959,0.641140003420671,0.214730717419059,0.5795624905252,0.0597115387749152,0.286695271025977,0.14084876549979,0.62210502967393,0.205722452987336
2.44377824035168,-1.76725508435925,0.436813004390383,0.443837797121761,1.1979270696847,0.123420804210738,0.592584978371156,0.291127448173829,1.2858603988641,0.425218159049843
-1.78865409464702,-1.25823392138785,-0.288820072184605,0.434066664377072,1.17155458745752,0.120703683070493,0.579539161805459,0.284718248776715,1.25755205574885,0.415856939468112
0.031438983726865,-1.675831635583,1.07440934388171,0.427186717363108,1.1529854732012,0.118790532367923,0.570353478930087,0.280205470841318,1.23761988352532,0.409265616190533
1.71073313825539,1.65808959366272,-0.766667977608456,-0.480965073972439,-1.29813433065149,-0.133745022645448,-0.642155039083005,-0.315480419996587,-1.3934233313803,-0.460787892892606
-2.39572855722762,-0.987390305219749,-0.704771085220199,0.394535211497351,1.0648584074213,0.109710920088895,0.526759192858193,0.258788300777447,1.14302388780724,0.377983888260919
-1.53140377687708,1.73084184583133,-0.17732299579406,-0.470492559476491,-1.269868805084,-0.130832863812693,-0.62817278066266,-0.308611161810511,-1.36308298688014,-0.450754715539375
-2.95905955087843,0.225937305602826,-0.132107679632893,0.00681268251303157,0.0183875660262643,0.00189444603421217,0.00909587544326885,0.00446865699158389,0.0197372975225406,0.00652688061983063
0.405416369257477,1.89963041803855,0.460076866677155,-0.60625690267528,-1.63629947608694,-0.168585719764572,-0.809436996778886,-0.397663349444761,-1.75641134608976,-0.580823548013692
2.55054816148417,-1.12228169596475,-0.246476706188898,0.294854640189631,0.795818556679618,0.0819921084987915,0.393671813695204,0.193404616590305,0.854235280771178,0.282485061213349
-2.58907981792916,1.02775633671998,0.0408238886222313,-0.25205264437222,-0.680295116002162,-0.0700898848038583,-0.336525216604589,-0.165329414568582,-0.730231890859666,-0.241478671079014
-2.22119777246391,0.217159373172045,0.502978460160926,-0.0493622544502396,-0.133229709614803,-0.0137264766124285,-0.0659054516659878,-0.0323782860932484,-0.14300938002088,-0.0472914364211359
-0.487516883844954,-1.92569606524609,0.0544909187202111,0.581411468752388,1.56924115422408,0.161676791648009,0.776264898730239,0.381366432364581,1.68443063651248,0.557020416009167
1.80880706655667,1.10051320838513,-0.782207458029121,-0.315808112252769,-0.852372395832323,-0.0878187739829171,-0.421647603206273,-0.207148671043715,-0.914940430534037,-0.302559504791992
-3.62475447394362,0.0305316687349446,0.378284096699029,0.0456371772585496,0.123175651953359,0.0126906206629648,0.060931957291729,0.0299348884734424,0.1322173085151,0.043722631609917
1.47363504164186,-2.12221297651125,0.926733973572365,0.53833849838273,1.45298634782375,0.149699216332786,0.71875651305329,0.353113489441954,1.55964219528697,0.515754419097304
-1.50051211798964,-1.94758108171739,0.322753994757184,0.592360107587116,1.59879174888135,0.16472134940933,0.790882849137222,0.388547995777165,1.71615038005469,0.567509743595946
-1.72300685360486,2.11905589154502,-0.365205714058933,-0.569463875992831,-1.53699436299301,-0.158354448403856,-0.760313206371177,-0.37352962302913,-1.64981678322892,-0.545574042060753
-0.721574162927067,-1.96422078207809,0.387431586900852,0.57579121947631,1.55407198929525,0.160113933121726,0.768761086938401,0.377679930582948,1.66814798545681,0.551635944325879
2.97374697401981,-0.886509078124244,0.255665761331483,0.18159405924993,0.490125988998951,0.0504970171036836,0.242453239383371,0.119113368477845,0.526103479633139,0.173975925595764
1.71841872122184,-0.871899485424107,0.335221769581191,0.199638450139347,0.538828160023095,0.0555147358502771,0.266545002307275,0.130949263274443,0.578380612893962,0.191263328166998
-0.0689302652458823,-2.08876095143387,0.437541130686928,0.595165047584209,1.60636233789641,0.16550133694633,0.794627832818848,0.390387845895676,1.72427668494995,0.570197012299837
-0.363743372965453,1.61092777162434,0.680021137946621,-0.517888638608806,-1.39779176828748,-0.144012593526747,-0.691453115752723,-0.339699770443476,-1.50039608101699,-0.496162460543334
-1.93373945150997,1.29753993485266,-0.74219966323266,-0.294586762376605,-0.795095549117683,-0.0819176180085082,-0.39331415968496,-0.193228906939991,-0.853459201145381,-0.282228421262349
-3.31061987829716,-0.709310457613355,0.317164456985493,0.263428454591295,0.710998654748521,0.0732532288337988,0.351713500018803,0.17279117339459,0.763189209863505,0.252377249592211
-2.17123532801444,1.26055197196082,-0.127862913216592,-0.319418877249315,-0.862117922598369,-0.0888228424119236,-0.426468474955496,-0.20951708762792,-0.925401323564718,-0.306018792970127
-2.07534963624814,0.456734682758953,-0.448909025602014,-0.0603355530951852,-0.162846861591854,-0.0167778916843005,-0.080556326337645,-0.0395760246663694,-0.174800566494739,-0.0578043893033976
0.930635247684488,-1.91300221801771,0.676588868422876,0.504677527327928,1.36213471535821,0.140338895636713,0.673814451034652,0.331034178779845,1.46212163721966,0.483505574504588
2.49682090487627,1.08006388831981,0.33503276715627,-0.399664580236581,-1.07870267598735,-0.111137276336593,-0.533607611093651,-0.262152818268924,-1.15788438904377,-0.38289807255646
3.28590743761953,-0.459335828348977,0.268389729137229,0.0464546502580361,0.125382027888828,0.012917940588558,0.0620233970538699,0.0304710952359913,0.134585642541622,0.0445058104337323
-0.814511949512903,-1.87155495149475,0.37166031568609,0.551263883435175,1.48787221996179,0.153293460509941,0.736013693652627,0.361591664107079,1.59708885009372,0.528137565536505
2.33497113120106,-1.71605773315463,0.983693080063003,0.394378280649724,1.06443484793254,0.109667281328192,0.52654966842483,0.258685364800598,1.1425692371136,0.377833540889517
0.795054899594449,-2.15845583102475,0.506528549430641,0.592251819140377,1.59849947620308,0.164691236950973,0.790738269051243,0.388476965911366,1.71583665322426,0.567405998006302
-2.75904209036879,0.83688825113063,-0.0911064086303068,-0.182549224377744,-0.492703998735945,-0.0507626259567223,-0.243728517221979,-0.119739891924131,-0.528870727082986,-0.174891020163805
3.04183806255272,-0.732902398358996,-0.4858880865306,0.183901672030083,0.49635428193304,0.0511387096926888,0.245534222297138,0.120627005721937,0.532788957772121,0.176186730679378
-0.147461491993213,1.93171926479986,-0.571895854602792,-0.534561845819278,-1.44279308720491,-0.148649018491078,-0.713714158409,-0.35063626188142,-1.54870070268967,-0.512136202575828
2.50666891427006,0.424397822187692,-0.46150335938126,-0.151046208888015,-0.407676731395105,-0.0420023817142994,-0.201667624991376,-0.0990760535381701,-0.437602069195495,-0.144709601776434
1.72173560027211,0.720119744748914,-0.343267271344829,-0.229813781980581,-0.6202719827073,-0.0639057826410697,-0.306833252840329,-0.150742231367079,-0.665802784887532,-0.220172761156833
0.732632029593352,1.51586259564061,-0.153033320130328,-0.458008525174763,-1.23617414742778,-0.127361348850908,-0.611504864490022,-0.300422483260046,-1.32691498714971,-0.438794404548016
-3.72724979370196,-0.449762470876044,-0.114461871201789,0.224108447682507,0.604873171606524,0.0623192639805913,0.299215840750713,0.146999919590236,0.649273630579926,0.214706773891388
0.384286806355802,1.65199981726099,0.344874427259048,-0.524231897856648,-1.41491235155527,-0.145776504042622,-0.699922246071414,-0.343860517657671,-1.51877339344829,-0.502239610883468
1.59741444051756,-1.61826890304401,0.22533142785599,0.432250145225557,1.1666517660252,0.120198552015864,0.577113856955148,0.28352673559652,1.25228934478584,0.414116625924528
2.16349107007143,0.0525825139846779,-0.440522591039776,-0.0339862168569598,-0.0917294773747211,-0.00945076386862065,-0.0453763102460016,-0.0222926498166958,-0.0984628408102501,-0.0325604458626596
0.0073133559251854,-1.40803156347892,0.147935737649763,0.409849519595741,1.10619203052307,0.113969467318742,0.547205916846335,0.268833446698197,1.18739158800633,0.392655738966173
2.5094472444489,-0.29576514076705,-0.842395431657655,0.0891502205040806,0.240618223825809,0.024790569846758,0.119027901255335,0.058476489311628,0.258280702634144,0.0854102397034767
-0.410759343943579,1.86628886553763,-0.426668243541599,-0.518951604359392,-1.40066073405612,-0.144308179185825,-0.692872322364699,-0.340397003776173,-1.50347564200276,-0.497180833341973
-2.11185123601946,-1.26158529582957,0.323207560812286,0.401250566105547,1.08298328349057,0.111578301532473,0.535725122058136,0.26319311727425,1.16247921272775,0.38441752402241
-0.445835670870159,-1.33408543861836,-0.458793827047087,0.438404129435965,1.18326149219063,0.121909829616092,0.58533027886394,0.287563331242264,1.27011830086554,0.420012441589036
-1.34637109411647,1.5897078185335,-0.845742777027353,-0.387762396589933,-1.046578444858,-0.107827560293797,-0.517716546194364,-0.254345794227223,-1.12340209233429,-0.371495202742935
-2.76028139099045,0.819625928581466,-0.0244833592055859,-0.181831854610929,-0.490767803422672,-0.0505631423748577,-0.242770729150506,-0.119269346082916,-0.5267924061728,-0.174203745097145
-0.251827197417319,-2.20283389993674,-0.00249227119966765,0.662668516022346,1.78855554600993,0.184272456521266,0.884754319665612,0.434665536161623,1.91984370833881,0.634868612521548
1.68727342141578,1.05261973264786,0.434963340302473,-0.380287447281804,-1.02640340753852,-0.105748953512161,-0.507736452784546,-0.249442735201119,-1.10174611494532,-0.364333838378734
1.43569769486588,1.17349394626843,-0.864059943104135,-0.323855280099408,-0.874091862403894,-0.0900565012195151,-0.43239168767874,-0.212427066564356,-0.938254205350217,-0.310269082298691
-2.64339769279076,1.67163979661158,-0.52011231646043,-0.405340259706168,-1.09402144811438,-0.112715548689965,-0.541185429876859,-0.265875678492521,-1.17432762915066,-0.3883356490564
0.332737834802331,1.88373414621338,-0.286788608704873,-0.549934865048501,-1.48428517282018,-0.15292389189916,-0.734239269894603,-0.360719918316167,-1.59323849727594,-0.526864301394989
-1.13000820455242,1.74868423069759,-0.218229596352446,-0.481941453488686,-1.30076959844613,-0.134016530718648,-0.643458641070644,-0.316120858640744,-1.39625203989127,-0.461723311874777
1.70272705812152,1.44820825469146,-0.233587908524986,-0.453867256896442,-1.22499678171985,-0.126209759994174,-0.605975697327935,-0.297706092556304,-1.31491715164607,-0.434826868468712
2.42860138256739,0.9862148216755,-0.18112814482847,-0.33563106435478,-0.905874939054318,-0.0933310685782103,-0.448113991870779,-0.220151181190789,-0.972370305280741,-0.321550855358374
2.62659464217372,-1.0204651318937,0.356129224742364,0.222487718855302,0.600498792165841,0.0618685775889446,0.297051943121346,0.145936831564147,0.644578151669126,0.213154036984589
-2.17876471001249,1.87816905822875,0.248914182568196,-0.52865328819918,-1.42684577230337,-0.147005988226582,-0.705825415016219,-0.346760649408841,-1.53158278189211,-0.506475517500895
-2.39283317459953,-0.619444880197519,0.510545498222065,0.203418325345022,0.549030118617592,0.056565829832642,0.271591659625617,0.133428604669385,0.589331441938144,0.194884632136192
-3.29998492199423,-0.50637196165104,-0.139968523406578,0.233261135413947,0.62957645840401,0.0648644101755067,0.311435947502652,0.15300346106522,0.675790251681935,0.223475493123413
-3.32592620422013,0.80825386650391,-0.753512509883576,-0.117165057652187,-0.316230828228039,-0.0325808341123847,-0.156431591912459,-0.0768523196325776,-0.339443618237508,-0.11224981388001
0.0442628062555695,-1.84216942413625,0.382317687943564,0.522820616571611,1.41110327520971,0.145384060063546,0.698037989941828,0.342934812992966,1.51468471346688,0.500887534891256
-1.52194498878818,1.59435683083717,0.0554337060108061,-0.445573055993639,-1.20261056800101,-0.123903338701648,-0.594901789484875,-0.292265660130014,-1.29088768739066,-0.426880621300151
2.24693434584378,-1.19349332711264,0.687617105791988,0.260292715293208,0.702535231820117,0.0723812538274454,0.34752685341911,0.170734341403465,0.754104532959645,0.249373059096855
3.44316653085623,0.83416862010755,0.304121581239766,-0.345164772542736,-0.931606607665891,-0.0959821675591862,-0.460842813744431,-0.226404646205244,-0.999990796128339,-0.330684610687214
-2.87373462696827,-0.867792745712864,0.627260964107593,0.280292919695231,0.756516182536304,0.0779428380991871,0.374229898472618,0.183853117019862,0.812047932500027,0.268534225972681
-1.65415334671073,1.59583401650747,-0.222025220220911,-0.424527618446335,-1.14580851217168,-0.118051099789372,-0.566803213305345,-0.278461282565552,-1.22991610071117,-0.406718070322529
-1.48849699830757,1.05467498717543,-0.0976915979150257,-0.275118881177437,-0.742551349346676,-0.0765040602415447,-0.367321839891213,-0.180459299187746,-0.797058016644788,-0.263577245860448
-1.02516069074415,1.63015766535753,-0.103125366062599,-0.45661166335306,-1.23240398950144,-0.126972914583877,-0.609639860342629,-0.299506236783876,-1.3228680823776,-0.437456143101777
-1.70526597912776,-0.757713649092423,0.0491165831622329,0.260344458849818,0.702674888711772,0.0723956424879222,0.347595938239226,0.170768281662031,0.754254441306282,0.249422631936363
0.229031583476275,2.02004369572259,-0.534608875898367,-0.571712547028567,-1.54306357098294,-0.158979750686437,-0.763315493886384,-0.375004598492377,-1.6563314988608,-0.547728378091449
-1.15428496253317,2.3052507557167,-0.54930989639762,-0.625233181511198,-1.6875168312713,-0.173862574530084,-0.834772959277957,-0.410110499437758,-1.8113882895388,-0.599003744483105
-0.744322531945583,1.72913171738138,0.483994245284136,-0.531617581896221,-1.43484646013394,-0.147830288262267,-0.709783157974882,-0.348705024730757,-1.54017075682427,-0.509315454786347
3.0403943805922,-0.0559767935749727,0.511475572556632,-0.0846807364323353,-0.228554997143023,-0.0235477119330808,-0.113060520515883,-0.0555448113407593,-0.245331979905975,-0.0811282569583958
-2.22170696538424,1.43752110766818,-0.125205636689736,-0.371258593480497,-1.00203435098914,-0.10323824260722,-0.495681681493637,-0.243520420373146,-1.07558825812122,-0.355683758064216
2.8235612261772,0.467523965950821,-0.0386126641191358,-0.199203855279359,-0.537655179825148,-0.0553938852884879,-0.265964757931119,-0.130664198565222,-0.577121530581389,-0.19084696519049
2.20918934813713,-1.39912092473389,0.280609896281318,0.34968434564288,0.943805025635677,0.0972389540481383,0.466877070279506,0.229369179176551,1.01308463380267,0.335014581153444
-0.448947298134382,-1.81961481917324,0.271698534424937,0.534389196897732,1.44232710432104,0.14860100890541,0.713483648168314,0.350523015915697,1.54820051452957,0.511970796526461
-2.46445564888272,-0.988193513968386,0.259528183785707,0.331766917464855,0.895445529502683,0.0922565406316595,0.442954820173285,0.217616563294954,0.961175329338247,0.317848815024074
-0.028010215634404,-1.83886608738255,0.0480687372441473,0.545797819621733,1.47311920467285,0.151773477317664,0.728715740824659,0.358006297516216,1.581252895966,0.522900811012503
3.00411840291248,-1.34704327173885,-0.171095406997191,0.346822619394429,0.936081169395227,0.0964431755964038,0.463056269081321,0.227492081134234,1.00479381116626,0.332272908463642
-0.914236551011194,-1.59071771942077,-0.296659253371758,0.514434056871132,1.38846778325323,0.143051955971676,0.686840770302254,0.337433799468676,1.49038767281039,0.492852803510276
-2.47041068408962,-0.918824972728924,0.168738530060177,0.317286165658833,0.856361691464751,0.0882297857111338,0.423621009372544,0.208118173684461,0.919222558722735,0.303975551718098
2.03274197746752,1.21599000122339,-0.246125467287983,-0.391063648840302,-1.05548859054686,-0.108745560541377,-0.522124175526676,-0.25651119147293,-1.13296628349363,-0.374657962682634
-2.61675249385947,1.23608996362874,-1.07746110153338,-0.238742141813503,-0.644369804030997,-0.0663885485479126,-0.318753850754235,-0.156598628977631,-0.691669496579088,-0.228726563370412
-2.13394661171705,-0.674436176952748,0.313106313481993,0.227311978646034,0.6135195655925,0.0632100902472962,0.303492998620195,0.149101218309285,0.658554709454342,0.217775912093686
-2.22140490381357,-0.973659706784272,0.0281234120901152,0.337548991327147,0.911051462218358,0.0938643987517153,0.450674690217806,0.221409211013553,0.977926808935169,0.323388322517933
2.70490447932792,-0.481789569511268,-0.0690274791423586,0.0885609121925847,0.239027668935466,0.0246266971297327,0.118241092976981,0.0580899430867999,0.25657339373574,0.0848456537287084
0.89704039129721,2.1322877957156,-0.726715808794612,-0.607085211106666,-1.63853509706929,-0.168816052767753,-0.810542903344484,-0.398206663514662,-1.75881107188344,-0.581617107707353
-1.48024693593882,-1.50965022007086,0.0417971873621405,0.480110757068332,1.29582851228235,0.133507457300541,0.641014407601356,0.314920046135151,1.39094825539039,0.459969415819302
-0.206949697727359,1.75479481345832,0.312177638522869,-0.539642166120202,-1.45650497305738,-0.150061735527018,-0.720497090180842,-0.353968606928879,-1.5634191037156,-0.51700339608605
-2.76213217582681,0.939617386655499,0.826257423453629,-0.274502415746138,-0.740887496848159,-0.076332635771181,-0.366498773093744,-0.180054939736917,-0.795272029758327,-0.262986642046364
2.67732060064529,-0.297879440387922,-0.754592662966518,0.0801978691560342,0.216455648924125,0.0223011324664399,0.107075271343337,0.0526043548967276,0.232344484155635,0.0768334524535632
-1.54974295627315,1.6386828434531,0.0135005239972267,-0.455372297437243,-1.22905891616737,-0.126628276206899,-0.607985135059696,-0.298693296924392,-1.31927746535223,-0.436268770380187
-1.76326846740089,1.3129978721224,-0.500028180308154,-0.319166486529797,-0.861436715010802,-0.0887526585164098,-0.426131498361712,-0.209351536459018,-0.924670112222705,-0.305776990406644
-2.79830136239737,0.701954513519892,0.529267028080753,-0.182953603730364,-0.493795426676664,-0.0508750742998564,-0.244268419707708,-0.120005137312843,-0.530042270829429,-0.175278435217219
3.57429720177224,0.507781550874505,-0.494906938026652,-0.197257438621472,-0.532401762431475,-0.0548526328066048,-0.26336602190504,-0.129387481443858,-0.57148248830897,-0.188982203528959
-2.41656410659507,1.1294797018613,0.00800482359823716,-0.284003141020188,-0.766530143917036,-0.0789745629831322,-0.379183558205653,-0.186286770200143,-0.822796964474591,-0.27208879814228
-2.14428159251831,-1.18844225145506,0.177508634924032,0.3899031221589,1.05235630587944,0.108422845492646,0.520574711549391,0.255749964796236,1.12960407479685,0.373546121775451
-2.60810613306424,-0.797701333585581,0.208552626634551,0.281541032296533,0.759884863349001,0.0782899087227283,0.375896301793028,0.184671794110923,0.815663889901007,0.269729978443637
1.84406161532544,-1.15338399877016,-0.0610198773371562,0.307323594831459,0.829472514032914,0.0854594301634659,0.410319596431723,0.20158340390813,0.890359592610174,0.29443092515837
-1.96586638708838,-1.52197024538665,0.782044185011027,0.44497679370379,1.20100124418434,0.123737532247554,0.594105696681546,0.291874552567721,1.28916023184085,0.426309373076487
-2.31463850052847,-0.492972113488408,0.360011188301411,0.174046956430799,0.469756207913697,0.0483983461355082,0.232376811035352,0.114162981649396,0.504238463394753,0.166745434664793
-1.69551853039272,-1.2816863743411,0.416240235000045,0.391824966262528,1.05754340145891,0.108957264927799,0.523140639809595,0.257010563991045,1.13517192693038,0.375387341736944
3.74004981120841,0.584834108756034,0.109460780228997,-0.264338227551013,-0.713454150118182,-0.0735062151974337,-0.352928173021312,-0.173387922661773,-0.765824949830774,-0.253248856259316
3.39371972373997,-0.184762207723714,0.394615454291294,-0.0462575015813681,-0.124849919677079,-0.0128631181998808,-0.0617601762442479,-0.0303417790950015,-0.134014475151959,-0.0443169324294354
1.67074030283823,1.48483560144713,-0.597297217233226,-0.439746525704558,-1.18688464650245,-0.122283118299736,-0.5871225639486,-0.288443852015051,-1.27400741128507,-0.42129852239096
-2.23787667566041,0.79770329933874,0.188202480403905,-0.20106344230693,-0.54267424231421,-0.0559109925018236,-0.268447564365493,-0.131883961346817,-0.582509015226684,-0.192628539850387
-0.994295643542664,1.99617315087795,-0.954425281603613,-0.509483871079096,-1.37510713303663,-0.141675426267789,-0.680231586137387,-0.334186813819938,-1.47604628972342,-0.488110285177916
-2.32358960650901,-0.64533314697342,-0.450902653187937,0.273944494404734,0.739381656016312,0.0761774910289149,0.36575387077093,0.179688981232576,0.793655653318003,0.262452126312858
-2.57581052884982,-0.56798755010204,0.280422617265955,0.20751223337181,0.560079658061714,0.0577042489224707,0.277057594287423,0.136113930264965,0.601192068145232,0.198806794795072
-1.81954101979738,1.48909204904206,-0.191080236943202,-0.391112473718381,-1.05562036986692,-0.108759137586318,-0.522189363506403,-0.256543217276624,-1.13310773601887,-0.374704739286401
3.31603209205213,-0.423612809977804,-0.0841199778726515,0.0587238840777221,0.158496934758422,0.0163297246116745,0.0784045248100413,0.0385188792601025,0.17013133512447,0.0562603321342077
0.13325754003123,-2.18483453070185,0.114377038173063,0.640975526855441,1.73000573543964,0.178240148804175,0.855791172318453,0.420436408718267,1.85699607372184,0.614085675652139
2.19499689279623,-1.15378323393131,0.160542863734353,0.284866221643605,0.768859615739437,0.0792145653113063,0.380335890467297,0.18685289246619,0.82529743018949,0.272915671284182
-2.72579906365869,0.619673381889183,-0.768052686433344,-0.0732069312124953,-0.197586967934449,-0.020357117808891,-0.0977414001928145,-0.0480187744503517,-0.212090755629565,-0.0701357944765707
-2.37757146122629,-0.998272111721442,0.103085997287986,0.343321977948043,0.926632868288201,0.0954697299246559,0.458382427535505,0.225195898119027,0.99465196151821,0.328919123993327
-2.38060916084009,0.936810243027434,-0.125236211364016,-0.218422623740521,-0.589527019346088,-0.0607381706891424,-0.291624477690752,-0.143270405281787,-0.632801000512532,-0.20925947849435
-0.809428964701312,1.29071122044542,0.0790481570709022,-0.372334930141841,-1.0049394051127,-0.103537546400646,-0.497118740124783,-0.24422642411511,-1.07870655651231,-0.356714940844553
-2.96301286700442,-0.19249851076281,-0.127156068613469,0.131356647840846,0.354534213291485,0.0365271800195428,0.175379331874074,0.0861610388627689,0.380558647058496,0.125846046317051
0.817928255301365,1.34331109751959,0.112762012932052,-0.42621878735465,-1.15037301079667,-0.11852137390319,-0.569061158206511,-0.279570574500356,-1.23481565442447,-0.408338292247069
0.483137689883684,1.46114207144104,-0.213783450928342,-0.432114173778853,-1.1662847763777,-0.120160741569321,-0.576932316227146,-0.283437547563054,-1.2518954164187,-0.41398635867684
-3.76759606850986,-0.090566837912984,0.520361499983616,0.0753994706433197,0.203504675602809,0.020966811218445,0.100668744235207,0.0494569313933966,0.218442850122931,0.0722363537044357
3.19108225711593,0.0921151784770465,-0.190980994801531,-0.0851688872958512,-0.22987252606302,-0.0236834551540097,-0.11371226958001,-0.0558650051506169,-0.246746221478317,-0.0815959291865587
-2.78866849457523,0.681648408746654,-0.049847273744457,-0.138359353994444,-0.373434656914906,-0.0384744671382456,-0.184728915216187,-0.0907543384556132,-0.400846469740988,-0.132554978810656
2.4013309671415,-0.0621953842251074,-0.431302826451975,-0.00562638325037933,-0.0151857206478541,-0.00156456423960022,-0.00751200149774356,-0.00369052525213743,-0.0163004220402398,-0.0053903483284882
1.72021297808455,-2.10730887352998,0.603004278852927,0.550110127218305,1.48475820891323,0.152972628167421,0.734473269183928,0.360834878395248,1.59374625638305,0.527032211063066
1.79134234513455,0.608184472159962,-0.267291663868095,-0.203053085966414,-0.548044330247636,-0.0564642653914664,-0.271104014430285,-0.133189032445126,-0.588273292190412,-0.194534715078223
-1.6921232437572,-1.63876774777348,1.13913574852898,0.449868267265664,1.21420342892033,0.125097735467508,0.600636491881196,0.295083026981375,1.30333151735572,0.43099564224173
0.374502032406048,1.79433649331401,-0.250956537655984,-0.526594337567996,-1.42128862347054,-0.146433442705721,-0.703076430537746,-0.345410117644625,-1.52561771290289,-0.504502942829148
1.99460053501307,1.09844477508249,-0.261245759939843,-0.354154584115294,-0.95587028846092,-0.0984820217428164,-0.472845458248417,-0.232301351983017,-1.02603554213547,-0.339297286650994
-1.95371193926196,1.72027229746956,-0.772607308350968,-0.418180266122313,-1.12867688160962,-0.116286051085724,-0.558328618162623,-0.274297850571395,-1.21152693006363,-0.400636998616685
-1.21968553886107,-1.65082894440661,1.16399184214889,0.441367866229775,1.19126067692827,0.122733974790146,0.589287278279597,0.289507341273487,1.27870466237087,0.422851845334154
-2.68564119627589,-0.390495084681013,-0.826785640614114,0.231093659855013,0.623726398625942,0.0642616864365065,0.30854206720327,0.151581744319725,0.669510770743596,0.22139894630173
2.32706948346179,0.338114927750073,-0.0458760120974116,-0.149159466201732,-0.40258437524138,-0.0414777231539201,-0.199148561988645,-0.0978384784889509,-0.432135910795126,-0.142902010677017
1.72598102125041,-1.41510718553301,1.01892354465521,0.315719863044321,0.852134209458012,0.0877942339632336,0.421529778280999,0.207090785557113,0.914684760189802,0.302474957765584
-2.82023686596501,0.270540783264965,0.592328583987446,-0.058030556672797,-0.156625630259571,-0.0161369266425693,-0.077478836624141,-0.0380641035752605,-0.168122668311454,-0.0555960908175535
1.94007932166819,-1.53683425606434,0.575637969504857,0.376955684223283,1.01741091256973,0.104822468929755,0.503288087294327,0.247257324937646,1.09209352969203,0.361141847603451
1.21628018524208,1.88748833358655,-0.0733295511361259,-0.584851634180964,-1.57852622935245,-0.162633420368154,-0.780857996409854,-0.38362294721981,-1.69439727864804,-0.560316261518162
2.09982726607714,0.724375112858363,-0.410903801275325,-0.23490738304521,-0.634019713605983,-0.0653221927435936,-0.31363391627253,-0.154083287693461,-0.680559662150109,-0.225052678283498
-2.58258723051968,-0.0517213357722985,-0.341354497358211,0.0953044275349102,0.257228551388002,0.0265019094080798,0.127244620660274,0.0625132311124336,0.276110304255891,0.0913062688407678
-2.98537376509184,0.537019388304145,0.847629960389633,-0.150937348786036,-0.407382915807934,-0.0419721102921269,-0.201522281666415,-0.0990046487053622,-0.43728668619959,-0.144605308513314
2.13937535163826,0.0848038371954663,-0.384267699955148,-0.0468270805897596,-0.126387224784713,-0.0130215046638844,-0.0625206431683296,-0.030715384237064,-0.135664625489908,-0.044862616773924
3.14741261480468,0.424195662188729,-0.368078110387708,-0.171388703659346,-0.462581530647275,-0.0476591488499779,-0.228827675131894,-0.112419348387487,-0.496537131982357,-0.164198699445088
2.72626406656072,1.13376995742191,-1.06241516474809,-0.327238786575073,-0.883224013887918,-0.0909973744236153,-0.436909137802868,-0.214646416994913,-0.948056698546089,-0.313510645779867
2.73474747416239,0.354180738595698,0.0131815564318693,-0.166906357236051,-0.450483588221033,-0.0464127142202512,-0.222843121370305,-0.109479233587649,-0.483551145216287,-0.159904393942724
1.21625370626611,1.53384149116886,-0.22871243455431,-0.468987361176303,-1.26580624484075,-0.13041430373081,-0.62616313230025,-0.307623853962979,-1.35872221612289,-0.449312662486747
-2.59056626459765,-0.742066468048068,0.0073231258467832,0.278027143693462,0.750400807901781,0.077312779329715,0.371204773456882,0.182366921860715,0.805483661380566,0.266363502554037
-2.53031552693167,0.320803465112182,-0.24921558443551,-0.023111649122709,-0.0623788020954702,-0.0064268035301613,-0.0308572550249592,-0.0151596720149036,-0.0669576916433299,-0.0221420819864699
2.98115853312545,-0.316481454731528,-0.00717681946400844,0.0290219368874907,0.0783307866920318,0.00807031490701259,0.0387483084007031,0.0190364193448788,0.0840806249128882,0.0278044246240119
3.46898812479962,0.951310037978696,-0.455018670788747,-0.329871971258636,-0.890331031884979,-0.0917296008662219,-0.44042480433437,-0.216373607293864,-0.955685404189113,-0.316033364554257
2.32605073857564,-1.65447678959994,0.929347501053203,0.379846835225908,1.02521418680876,0.105626429710366,0.507148174617823,0.249153723620087,1.10046959997158,0.363911710636396
-2.59890455456457,-0.793604353796406,0.126541651176055,0.2856037205975,0.77085014013025,0.0794196463444779,0.381320553793577,0.187336641686898,0.827434068180143,0.273622231089386
2.13006914404681,-1.32097398571575,0.31273146684505,0.325977002841069,0.879818434415298,0.0906465021810964,0.43522448162538,0.213818772569382,0.944401133954682,0.312301795700014
2.49976406597914,0.504262829047535,-0.223724604121564,-0.190622320348673,-0.514493445832281,-0.0530075631920458,-0.254507219334204,-0.125035294533194,-0.552259619314712,-0.182625438072448
2.40794691693239,1.00235978328415,-0.0462157477962936,-0.349017337465988,-0.942004757258398,-0.0970534748344685,-0.465986521911071,-0.228931667117621,-1.01115221748764,-0.334375554935109
1.99233387396754,-1.35581834120218,-0.609993424443455,0.401154219869555,1.08272324307737,0.111551509920749,0.535596486478783,0.263129920687552,1.16220008415816,0.384325219650484
-2.97272853463496,-0.785098544898467,0.101556959465862,0.292995079428119,0.790799565083172,0.0814750085894261,0.391189042329658,0.192184871037461,0.848847872222341,0.280703511717611
-3.19036503807883,-0.599458840435308,-0.668912679935592,0.293995027129499,0.793498443879706,0.0817530704180341,0.392524111111175,0.192840768810247,0.85174486107385,0.281661510165432
2.55947155714377,0.0898696361493702,-0.426834705018473,-0.0547675893890201,-0.147818816459395,-0.015229572539587,-0.0731223230288099,-0.0359238186672132,-0.158669394074319,-0.052470009734678
-1.27943671678547,-0.978315200494383,0.1952186673891,0.30695223962422,0.828470218919464,0.0853561650548554,0.409823785757471,0.201339820115694,0.889283724448433,0.294075148839634
1.29541246536427,-1.10830734977026,0.0237038502986874,0.300328656007112,0.810593034586112,0.0835143029554984,0.40098038355077,0.196995199155695,0.870094272970806,0.28772943414331
3.81874481044625,-0.13386266128863,-0.386744409337741,-0.0185395926347241,-0.0500387304147744,-0.00515542265114793,-0.0247529258925285,-0.0121607135059948,-0.0537118022274346,-0.0177618298864906
-3.00061574842448,0.865322784692159,0.281642409266818,-0.210636133541931,-0.568511126947526,-0.058572931747076,-0.281228434010288,-0.138162996592292,-0.610242445433538,-0.201799642831017
-1.01941896143864,1.49351805199773,-0.487053194561915,-0.390298751718048,-1.05342411795301,-0.108532860724959,-0.521102931848047,-0.256009470914741,-1.13075026916341,-0.373925154101895
-2.08374147113697,0.968242150996388,-0.70550976204638,-0.195524148447909,-0.5277235776712,-0.0543706457641787,-0.261051839276449,-0.128250560820049,-0.566460903377768,-0.187321627387222
0.353743361245929,1.96497510208801,-0.43522339655472,-0.564694407412845,-1.52412147213733,-0.157028171886586,-0.753945304733144,-0.370401175596665,-1.63599896327217,-0.541004659591798
0.352355020707492,1.72487771651388,0.221309062626031,-0.536992338980623,-1.44935303673949,-0.149324881210628,-0.716959203663791,-0.352230500309186,-1.55574218254143,-0.514464733030765
-2.6331784593785,0.832972869259958,-0.653382300636905,-0.146536869491167,-0.395505934394689,-0.0407484409764276,-0.195647031868666,-0.0961182331811217,-0.424537879996091,-0.140389435694831
-1.11455063660861,-1.64504814830037,0.258546271369898,0.497909455220121,1.34386755370569,0.138456854702122,0.664778136665691,0.326594783184021,1.44251358230292,0.477021432818907
-1.32435367119376,-1.35167496335376,0.639166629333136,0.389582840025461,1.05149185801117,0.108333782599085,0.520147090507769,0.255539881471183,1.12867617249893,0.373239275941138
0.56945406941061,-2.07964363715539,0.496076696782359,0.57442999132786,1.55039800736397,0.15973540773726,0.766943658683894,0.376787057376091,1.66420431643794,0.550331821668718
0.462743321404502,1.49090927052175,0.471295674769156,-0.486382878040204,-1.31275709192399,-0.135251585942751,-0.649388558461334,-0.319034131472226,-1.40911947025068,-0.465978412237121
-0.300881853921064,-1.74750492504198,0.524809322256136,0.492677289813881,1.32974583488443,0.137001913130248,0.657792470631393,0.323162838061231,1.42735526469271,0.472008764325342
1.1912393549054,-2.3240993847262,0.478614551626432,0.634768700965927,1.71325338852804,0.176514177181552,0.847504199443807,0.41636515252019,1.83901402788049,0.608139235093455
-2.23486911236782,-0.487455081695977,-0.0782764369559392,0.199967726418704,0.539716883270655,0.055606299803301,0.266984631780355,0.131165246148311,0.579334572495098,0.191578790829789
-2.89309312614688,0.484812620129458,-0.210171986995276,-0.0666236590200086,-0.179818584940427,-0.0185264653642278,-0.0889518193254465,-0.0437005950468374,-0.193018092007499,-0.0638287000822525
1.15048911700551,1.09986316325126,-0.161837263556089,-0.342586678009561,-0.924648279083863,-0.0952652603857116,-0.457400700199601,-0.224713591303067,-0.992521694383883,-0.328214670951657
2.27156190766624,0.365407260784097,-0.177251545191898,-0.147281853275662,-0.397516660492626,-0.0409556033641348,-0.196641688481251,-0.0966068919423124,-0.426696202591623,-0.141103166331157
-2.97780120221309,0.501871831502039,-0.00793254702259579,-0.0833730790730908,-0.225025603840628,-0.0231840833193019,-0.111314616690274,-0.0546870769329388,-0.241543512983059,-0.0798754577182865
-1.52938892861378,-1.35037061932916,-0.164280810526902,0.447484575871552,1.20776979828928,0.124434887213575,0.597453933472734,0.293519487334004,1.2964256287931,0.428711950152142
0.476674661654965,1.36207127170663,-0.080768634911262,-0.411326687268352,-1.11017893554324,-0.114380232745414,-0.549178140435677,-0.269802368357958,-1.19167115010088,-0.394070937316627
-2.57617840978701,1.11615751768563,0.749689651177966,-0.326134497340402,-0.880243515211258,-0.0906902976800208,-0.435434758611896,-0.213922078263466,-0.944857417626431,-0.312452683077117
-2.99481372448798,0.113442355003376,0.0151464623836922,0.0312976815892936,0.0844730670468376,0.00870314573641983,0.0417867430127202,0.0205291532941446,0.0906737767556331,0.029984698541293
2.03525015649786,-0.38428362384182,-0.343242172554815,0.0926209606666963,0.249985820771363,0.0257557006780086,0.123661820442779,0.0607530591156628,0.268335924065928,0.0887353772921596
2.48636290917985,-1.50850704473207,0.186972667691154,0.382450141674098,1.03224056285243,0.106350347721689,0.510623949563756,0.250861315826048,1.10801174417278,0.366405804610637
2.78450810768733,-1.79908323190022,0.666155137313347,0.430458147416816,1.16181512818627,0.119700239767261,0.574721291496279,0.282351306751625,1.24709767559485,0.412399805017891
2.39415989830044,-0.0952539321898773,-0.0667964277325564,-0.0199999284445282,-0.053980205901402,-0.00556150753448272,-0.0267026766120013,-0.0131185946070234,-0.057942600052783,-0.0191609024951469
0.471520056152749,-1.72928591462427,0.998317199196444,0.438500296499047,1.18352104901257,0.121936571404062,0.585458675222622,0.287626410303702,1.27039691034606,0.420104574304613
0.887928800997121,1.98457014786515,-0.717473770102655,-0.563449318766122,-1.52076095303837,-0.156681942153362,-0.752282938811239,-0.369584482014412,-1.63239176669207,-0.539811804216148
1.85620203110903,-1.82002168388483,0.756909852775288,0.451131982319733,1.21761422106434,0.125449144764503,0.602323726638667,0.295911938221689,1.30699267725246,0.432206342619976
1.56513871330261,1.69168771240092,-0.255406883824782,-0.521980156785029,-1.40883485747724,-0.145150348055602,-0.696915859632774,-0.342383528459411,-1.51224978349153,-0.500082333609338
1.91893540274065,-1.03471501286872,0.326475298276661,0.244350814889371,0.659507724564499,0.0679481880064439,0.326242206714244,0.160277537558215,0.707918609757827,0.234099944491845
-1.46747564288568,1.48617601292491,-0.847763243386169,-0.354076755213052,-0.955660226700962,-0.098460379364074,-0.472741545876261,-0.232250301509509,-1.02581006088099,-0.339222722783864
-1.01122837731691,2.32591523613436,-0.487454780429901,-0.638694359910608,-1.72384882034272,-0.1776058101771,-0.852745498260428,-0.418940118145869,-1.85038721287993,-0.611900206962772
-1.87325423022168,-0.82807750137447,-0.362829887543909,0.312604090659443,0.84372467762673,0.0869278112836578,0.417369790278004,0.205047050504843,0.905657930236223,0.299489896542525
2.97691877169638,0.597479428759551,0.512158754218146,-0.278201479436202,-0.750871343549705,-0.0773612579804995,-0.371437535837668,-0.182481274266568,-0.805988736498435,-0.266530524660007
2.06588014890795,-0.939082238404464,0.74955370888919,0.184275231638202,0.497362526768447,0.0512425877930977,0.246032976152111,0.120872035451621,0.533871212392638,0.176544618921185
-2.29802909364441,1.36546763597221,-0.477279866728407,-0.324525913032324,-0.87590191407,-0.090242988392188,-0.433287075598885,-0.212866956217033,-0.940197123092244,-0.310911581209288
0.734948776906916,-1.65819884632207,0.798248670587701,0.424869864028428,1.14673223982608,0.118146270199043,0.567260158595217,0.278685772421101,1.2309076342028,0.407045958207031
-0.703678005757385,-1.92867706814377,0.657117363723909,0.546750028603413,1.47568923571246,0.152038264136312,0.729987071798435,0.358630881931429,1.58401157904555,0.52381307344902
-0.748984448226602,-1.72053520144239,0.614236239345829,0.488546934847938,1.31859792442435,0.135853359007822,0.652277874253998,0.320453605749146,1.4153890465869,0.468051683729165
-3.30026907866969,-0.336853798765479,0.182622311567437,0.161126828067463,0.434884523684434,0.0448055637193872,0.215126648844592,0.105688255015278,0.466807037954217,0.154367324388984
-2.9562370100347,0.502949004448749,-0.42893900890249,-0.0559990928237366,-0.1511426688001,-0.0155720245463486,-0.0747665508096748,-0.0367316012731366,-0.162237232388307,-0.0536498498176307
-1.72171447070423,-1.39571419694902,0.516958084360902,0.419669963966993,1.13269760581419,0.11670030085718,0.56031757126845,0.275274991172948,1.2158427938255,0.40206420148035
-1.0087214767633,-1.66117676550016,-0.35193883985161,0.541232477902863,1.46079725628797,0.150503963657282,0.722620376839713,0.35501174343976,1.56802646017877,0.518526991987354
0.197128372950741,1.99646267028617,-0.634825338985339,-0.557269546756978,-1.50408162508965,-0.15496349357563,-0.744032086616755,-0.365530971324279,-1.61448809973965,-0.53389128258839
0.106830365415037,-1.28878183152988,0.445571710937873,0.352172178173242,0.950519735271247,0.0979307614913759,0.470198671539598,0.231001028335737,1.02029223385509,0.337398045507867
3.19341076467438,-0.858443442781235,-0.421042532272003,0.213654436508361,0.576657586873751,0.059412250484426,0.285258286829671,0.140142798326463,0.61898689280029,0.204691323618825
1.35363060354491,-1.83208080888644,0.236661073712002,0.500640200450836,1.351237889566,0.139216210427694,0.668424060050257,0.328385966575311,1.45042493454542,0.479637619334271
-0.314279227442049,-2.03996043976185,0.146455316301256,0.605508116661792,1.63427848769709,0.168377500066822,0.808437263663579,0.39717219667961,1.75424200790313,0.580106174657383
1.53825319131765,-1.87882227873922,0.208562192228215,0.51238237961881,1.38293026541506,0.142481433005618,0.684101496792705,0.336088038546965,1.48444367582067,0.490887197088618
3.74488082794076,0.0138528322696437,-0.277104339301787,-0.0682972202114459,-0.18433555998626,-0.0189918431880241,-0.0911862554840205,-0.044798337515337,-0.197866633693449,-0.0654320529591257
1.65393074975399,2.06977581606055,-0.504307715211284,-0.620041381945763,-1.67350406065974,-0.172418857744757,-0.82784118723614,-0.406705031564772,-1.79634691743547,-0.594029748424891
-1.53671310881907,1.50639788595997,-1.02713923513285,-0.346575388441794,-0.935413888121425,-0.0963744265101435,-0.462726181491509,-0.227329914421942,-1.00407754839317,-0.332036049207352
-0.254794486581008,-2.0890353622412,0.833892001228433,0.572830157243117,1.54608002325007,0.159290531679783,0.76480765843188,0.375737674881826,1.65956937252901,0.548799102939689
2.8170537775155,-0.297243458914748,-0.195793271958537,0.0395302521670569,0.106692939288784,0.0109924290917769,0.0527783658294326,0.0259291604133167,0.114524689308481,0.0378719008661642
-0.255483814776791,-1.9680251906484,0.269164151451375,0.574545680392755,1.55071025445829,0.159767578132662,0.767098119620892,0.376862941544728,1.66453948389798,0.550442657409874
-3.01487411841319,0.256125431527323,0.822321335894733,-0.0648227177100752,-0.174957808413342,-0.0180256661392637,-0.0865473130528502,-0.0425192998726278,-0.18780051223818,-0.0621033108672447
2.48137066361644,-0.838681637028139,-0.371182839518204,0.220150530896652,0.594190675234915,0.0612186608416128,0.293931473244946,0.144403795011792,0.63780699008663,0.210914897444028
-2.62296393874953,1.53394302617036,0.372489907681215,-0.424455080788658,-1.14561273158637,-0.118030928780719,-0.566706365478087,-0.278413702789081,-1.22970594893491,-0.406648575724594
-2.16323200290728,-1.63474868869944,0.249683180722749,0.518591825515294,1.39968968377776,0.144208133190273,0.69239196773981,0.340161013291657,1.50243331218999,0.496836147741188
2.34981857708039,-0.0848504127147258,0.329728923571451,-0.0486565504590679,-0.13132500046274,-0.0135302370071268,-0.0649632390219614,-0.0319153922084818,-0.140964856500232,-0.046615337733944
1.08147263512038,1.41935698686443,0.191325286089303,-0.459975158594896,-1.2414821302661,-0.127908223136682,-0.61413059269589,-0.301712461204262,-1.33261260022014,-0.440678534849351
-0.983164740423779,1.84733034788905,0.465536107084448,-0.560357244149883,-1.51241538195745,-0.155822109263304,-0.748154590614064,-0.367556291088748,-1.62343359250065,-0.536849446606029
-2.58295368375837,1.44351489694515,-0.62376816915712,-0.331706585441605,-0.895282692168211,-0.0922397637215415,-0.442874268559778,-0.217576989585626,-0.961000538998206,-0.317791014016532
-2.57340912397191,0.50444339772507,-0.337333947104094,-0.0710294952380788,-0.191710024796271,-0.0197516243136938,-0.0948342213581777,-0.0465905243488403,-0.205782417969453,-0.0680497050932543
0.853218124472626,-1.58810548002817,0.0662713010982703,0.450334200169136,1.21546099112289,0.125227300398723,0.601258576889091,0.295388647318552,1.30468139037913,0.431442028585435
-0.643361102231081,1.81504177449801,-0.186055924121443,-0.514631754655627,-1.38900137351796,-0.143106931054265,-0.687104724246935,-0.337563475787103,-1.4909604310425,-0.493042207586531
2.7694691428579,0.882773032476518,0.116972761687421,-0.332257753824375,-0.896770306629972,-0.092393030625573,-0.443610154746806,-0.217938518607783,-0.962597351169468,-0.318319060087795
-3.02733459555689,-0.167142679704756,0.0864116737771785,0.110924693380661,0.299387960554235,0.0308455362581814,0.148099840649157,0.0727590645339224,0.321364406995748,0.106271241922988
2.22320415824209,-0.171732182892741,-0.592668718813201,0.0417720110638704,0.112743491277854,0.0116158092718462,0.0557714246811038,0.027399601982923,0.121019379503653,0.0400196147321717
-2.46019464800712,1.14920973046332,-0.312279690265381,-0.267491800864542,-0.72196570741008,-0.0743831494220925,-0.357138630503545,-0.17545645255569,-0.774961294380693,-0.25627013260735
-0.170322480939643,1.36331828917729,0.164575857308188,-0.413826330962441,-1.11692552374535,-0.115075324594205,-0.552515511236457,-0.271441964838301,-1.19891296875252,-0.396465717339359
0.711951767551875,-2.30280191100528,0.814435209724999,0.61653135163841,1.66403041882964,0.171442801252618,0.823154810259566,0.404402690094489,1.7861778669393,0.590666968969918
-2.60721367331874,-1.41152028558532,0.583359800592914,0.439497352320306,1.18621212256696,0.122213829069139,0.586789882943342,0.288280411199553,1.27328552101494,0.421059802190871
2.42969914359824,0.00996174717034289,-0.128747082492208,-0.0480173707723347,-0.12959984173562,-0.0133524962390279,-0.064109845545123,-0.0314961337489052,-0.139113063227423,-0.0460029725603215
2.90644582101739,-0.250080833658012,0.138603306509069,0.00111487760140646,0.00300907688973491,0.00031002111819777,0.0014885161281897,0.000731283980833611,0.00322995690435952,0.00106810687217318
-2.7437359943176,0.23063795162091,-0.387609305096853,0.0177520560371311,0.047913153425293,0.00493642733157253,0.0237014553763229,0.0116441429897215,0.0514301981593086,0.0170073315891744
-1.19618995310975,1.96320153208208,-0.362810341495685,-0.534779623951253,-1.44338087472812,-0.148709577443835,-0.714004922400853,-0.35077910954388,-1.54933163650707,-0.512344844599919
-1.55243329753179,-1.65331630000493,0.318202932714201,0.506054263819469,1.36585055461691,0.140721733524956,0.675652585076758,0.331937224406399,1.46611023608533,0.484824554907399
-0.856780717660166,2.03312438830752,0.114965595315238,-0.595098644633231,-1.60618311500688,-0.165482871854657,-0.79453917567535,-0.390344290070114,-1.72408430628012,-0.570133395048775
-2.69618144554853,0.477474483186246,-0.229700823640004,-0.0674774101509887,-0.182122876276603,-0.0187638733809958,-0.0900916954215497,-0.0442605977995312,-0.195491528873246,-0.0646466351174304
-1.52192216441,-1.39805654107552,1.06535685002901,0.37926006422038,1.02363048015785,0.105463262558178,0.506364753994626,0.248768841695633,1.09876964200472,0.363349555523937
1.9797581882489,1.21686474653582,-1.05806655104325,-0.335823609185839,-0.906394621394916,-0.0933846107462052,-0.448371065908386,-0.220277477521766,-0.972928134683444,-0.32173532265505
-2.69662566716492,0.418536497128472,-0.00749966604312223,-0.0647593282953248,-0.174786719118213,-0.0180080390408109,-0.0864626793979149,-0.0424777207221426,-0.187616864205805,-0.0620425807302031
-0.198690476188282,-1.88246483926455,0.240097873288786,0.549720089854474,1.4837054902864,0.152864167992492,0.73395251524114,0.360579040377033,1.59261626339129,0.526658536331251
2.80343685547292,-0.52578248530747,0.19021184764095,0.0821576398940603,0.221745109246526,0.0228460984024742,0.109691836917374,0.053889831387615,0.2380222150727,0.0787110079722397
2.88165354551359,0.199479839082144,-0.536589390963241,-0.0872275035663717,-0.235428772449745,-0.0242559076970706,-0.116460807640652,-0.0572153175969481,-0.252710321777764,-0.0835681835245564
1.24472332757345,-1.27129224291236,-0.220760116928961,0.366412530620957,0.988954730644767,0.101890667030604,0.489211515875863,0.240341732295796,1.06154853378522,0.351040994556609
2.75263376170729,-0.732038996991869,-0.11699921673874,0.165347404357991,0.446275943299618,0.045979206260396,0.220761703195653,0.108456666388199,0.479034639901524,0.158410841394579
2.93229069017486,-0.265654906886848,0.240867774502776,-0.0016543352116065,-0.00446508374268163,-0.000460031533084151,-0.00220876681063633,-0.00108513153161444,-0.0047928413236687,-0.00158493345472709
2.04696260216558,-0.545745993654345,-0.200336898886865,0.130951934167973,0.353441883013735,0.036414638709846,0.174838983024469,0.0858955741826794,0.379386134739354,0.125458310968603
2.27339668690358,1.44835137411288,-0.212364586124674,-0.467933723831168,-1.26296245662453,-0.130121312080873,-0.624756380402537,-0.306932739430646,-1.35566968083712,-0.448303226753446
2.76930957565577,-1.50327869713643,0.00386222391899556,0.386894609931569,1.04423627135339,0.1075862493285,0.516557930723776,0.253776585121899,1.12088799257558,0.370663820991065
1.52598614775001,1.3429955116793,-0.122072974229302,-0.426048728315814,-1.14991401805791,-0.11847408450271,-0.56883410581822,-0.279459027321778,-1.23432296951812,-0.408175367431083
-1.94073292858803,1.42865343398033,-0.105710489857367,-0.376124049005078,-1.01516631252338,-0.104591210825766,-0.502177739007208,-0.246711828721556,-1.08968416572996,-0.360345100686493
-2.26746040694349,1.63668145460589,0.088925922245637,-0.443971207224136,-1.19828714621275,-0.123457902407944,-0.592763099349456,-0.29121495613939,-1.28624690665718,-0.425345972405303
-0.652784360249467,1.80211456944601,0.210286151622819,-0.537089499001603,-1.44961527357461,-0.149351899116728,-0.717088925758899,-0.352294230683561,-1.55602366876036,-0.51455781704822
-1.87279182507595,1.47026661676555,-0.0485524273775777,-0.393859373474941,-1.06303430711479,-0.109522985503821,-0.525856855422108,-0.258344996939606,-1.14106589019032,-0.377336402621866
-2.27472161352646,-0.330813228698193,0.152036342380332,0.138722100688905,0.374413717480615,0.0385753384228578,0.185213232332676,0.0909922756483819,0.401897397832851,0.132902507756185
2.18887080613218,0.645862171232815,0.15277716395814,-0.251177951480507,-0.677934302435948,-0.0698466533782504,-0.335357380355224,-0.164755675443272,-0.727697782773525,-0.240640672820281
-2.59136932410884,1.63790377834415,0.0126797692744452,-0.43207999933801,-1.16619253888004,-0.120151238464809,-0.576886688611788,-0.283415131451087,-1.25179640826658,-0.413953617903259
-2.44590779959774,-0.80142533741099,0.0659575737980346,0.288611053692262,0.778966992153977,0.0802559146197174,0.385335760313777,0.18930924793036,0.836146734288854,0.276503402207523
2.36427991092426,1.58847910765758,0.0457710320381979,-0.529003571371643,-1.42779119357454,-0.14710339370022,-0.706293091603305,-0.346990411377737,-1.53259760141127,-0.506811105787216
0.0437583171516492,1.78760675061244,-0.0439960375204245,-0.531131338795064,-1.43353408030261,-0.147695075544973,-0.709133956037933,-0.348386082283426,-1.53876204230727,-0.50884961028715
-1.42202885222955,2.01942337805406,-0.48319174750317,-0.538503295127499,-1.45343113752583,-0.149745042413626,-0.718976539549609,-0.353221584913055,-1.56011963458875,-0.515912302380077
2.43112709060393,0.758435056742482,-0.85921314769603,-0.222383445349253,-0.600217355892597,-0.0618395815907267,-0.296912723537689,-0.145868435226735,-0.644276056685445,-0.213054137903062
1.13877617039256,-1.74077117769479,0.216484783686068,0.479504690736131,1.29419272715978,0.133338924573923,0.640205225042576,0.314522507786993,1.38919239615372,0.459388774847056
-0.316605148700534,1.69221359450749,0.00859183123703971,-0.498242742196187,-1.34476710190369,-0.138549533935135,-0.665223120974789,-0.326813396802513,-1.4434791614554,-0.477340737923874
-1.95804576751857,0.842266705690855,-0.578507594965918,-0.169229509285492,-0.456753821952965,-0.0470587279128778,-0.22594485136243,-0.111003063536923,-0.490281642799613,-0.162130086400785
-2.82966268263753,1.29922729586382,-0.893710890577926,-0.265164573590287,-0.715684474565069,-0.0737360025057363,-0.354031459521438,-0.17392994953574,-0.768218990299052,-0.254040535886055
-1.12255366125346,1.86138530758293,-0.766199259884725,-0.479049181885431,-1.29296329968363,-0.13321225832548,-0.639597057589982,-0.314223724920403,-1.38787272307439,-0.458952375252019
2.02705579988425,1.338458441532,-1.05117158484124,-0.373591853998302,-1.00833186767887,-0.103887067226052,-0.498796907692136,-0.24505088079107,-1.0823480413563,-0.35791913492576
1.65770626640365,-0.815624661636883,-0.0821867113960043,0.212127500579906,0.572536356338109,0.0589876456817475,0.283219615720528,0.139141232071271,0.614563145082689,0.203228444862903
-1.15747519129107,-1.54713696015392,-0.566706628237015,0.524879399153879,1.41665997047516,0.145956558853974,0.700786750051705,0.344285234528507,1.5206492955948,0.502859948563983
-0.431287727448649,1.86786263470916,0.547982989026478,-0.584185972033677,-1.57672959393593,-0.162448315453513,-0.779969245177511,-0.383186318064874,-1.69246876196972,-0.559678524861541
2.3753308768005,0.906051949448268,-0.165433115340088,-0.311598208838812,-0.841009782523945,-0.0866480993167,-0.416026798624775,-0.204387260352892,-0.902743749408287,-0.298526212920346
2.25315467530979,1.37916672344627,-0.802752342174909,-0.407348507240651,-1.0994417482776,-0.113273994877666,-0.543866718693411,-0.267192952469201,-1.18014580415165,-0.390259647699749
-0.561500451510334,1.69311069832406,0.435718393223856,-0.521682608617021,-1.40803176903524,-0.145067606940661,-0.696518591586098,-0.342188357071524,-1.51138774468258,-0.499797268017697
2.25177823465251,0.379578437944587,-0.0915631470778591,-0.156804921690717,-0.423219612144856,-0.0436037436756672,-0.209356304783328,-0.102853377988428,-0.45428586852364,-0.150226728240969
1.49801398362817,1.24168971873575,-0.825876322907041,-0.348124299830411,-0.93959443086249,-0.0968051421690486,-0.46479419288593,-0.228345895086364,-1.00856496210352,-0.333519981521072
-3.00028680521652,0.374342441572425,-0.00535083661631117,-0.0450167807127308,-0.12150118929832,-0.0125181030425389,-0.060103641911494,-0.0295279504785006,-0.13041993263807,-0.0431282615972576
3.22138818396402,-0.976476352770989,0.695882075415515,0.173498308681258,0.468275396691313,0.0482457801600194,0.231644290243065,0.113803105991429,0.502648953851774,0.166219803482548
-2.20904009349458,0.687299484704302,-0.467213420360385,-0.124918245136738,-0.337156835936969,-0.0347368123565662,-0.166783171853678,-0.0819378840036792,-0.361905690679297,-0.119677743926366
-0.627432587658382,-1.63596095012222,0.36938236554201,0.477024531386104,1.28749872759103,0.132649250860832,0.636893868541791,0.312895691712922,1.3820070263818,0.457012661771946
-2.8260228463855,-0.764869789740164,0.321560035770206,0.269000841969936,0.72603863946125,0.0748027780973034,0.359153409543546,0.176446281022422,0.779333198284027,0.257715867253942
3.20312597197902,-0.334267838878752,-0.556966024675034,0.0662129092112709,0.178709963011548,0.018412245547771,0.0884034113978089,0.0434311710716122,0.191828092155477,0.0634351818225771
1.19935096074319,1.60487466556125,-0.568052911759966,-0.467091077102983,-1.26068813629305,-0.129886991936144,-0.623631330223318,-0.306380020411943,-1.35322841498497,-0.447495930275292
-0.149219930651918,-2.29530848552454,0.212296639600985,0.673608071703434,1.81808162505431,0.187314488472181,0.899360142803494,0.441841141642372,1.95153713670995,0.645349238006132
-2.1004344179077,1.74517508200293,-0.119232262174879,-0.466086770435626,-1.25797749256038,-0.129607717982093,-0.622290441618037,-0.30572126345355,-1.35031879759717,-0.446533755726426
3.25434800072876,-0.139039078163759,-0.730474373213659,0.0184697979213855,0.0498503530909605,0.00513601439050458,0.024659740276156,0.012114932914702,0.0535095971459516,0.0176949631624086
-1.25442555434706,1.01322844804023,-0.0804046932577957,-0.269084867108772,-0.726265424987401,-0.0748261435030358,-0.3592655947504,-0.17650139580627,-0.779576630905672,-0.257796367416572
3.07806059632779,-0.365287897546175,0.292906793838393,0.0213571051066435,0.0576432527902324,0.00593890629632895,0.0285146955706858,0.0140088103140338,0.0618745313470387,0.0204611436316893
2.03830005539008,-1.52102183697598,0.303243170235463,0.388297947430756,1.04802390726246,0.10797648432843,0.518431580798186,0.254697079202652,1.12495365829433,0.372008286450743
-2.62966030551391,-1.15590245499536,1.02057431260904,0.334505452459249,0.902836890090575,0.0930180625064505,0.44661114397208,0.219412856242113,0.969109249619551,0.320472464511253
3.46342029219403,0.269645844163815,-0.050822589020722,-0.153506376753201,-0.414316773547407,-0.0426864962678223,-0.204952290088928,-0.100689756556064,-0.44472952082966,-0.14706656203843
1.35528944678609,1.98496155108758,0.352883086626982,-0.645510548340011,-1.74224584890722,-0.179501231123816,-0.861846054587999,-0.42341107478046,-1.87013466753432,-0.618430446420707
2.56567604651123,0.566106205457303,-0.681563616609093,-0.179885146045965,-0.485513598165976,-0.050021808720514,-0.240171603388021,-0.117992437490337,-0.521152518204606,-0.172338703774463
0.790438270433997,-1.72202950656948,1.16574588409491,0.418089298405482,1.12843135792694,0.116260755113093,0.558207163651852,0.274238181927942,1.21126338381902,0.400549847127256
2.15787435798735,0.608120084729764,-0.0848545979556581,-0.223336704240357,-0.602790220658682,-0.0621046603643779,-0.298185456286072,-0.146493708311217,-0.647037781499971,-0.213967406203783
0.864248012491742,-2.00961426576854,-0.0691227057213571,0.584854860376743,1.57853493691922,0.16263431749697,0.780862303828394,0.383625063385108,1.69440662539007,0.560319352370358
2.80174090735457,0.227286195119864,-0.0815387357667342,-0.124204666250171,-0.335230872285117,-0.034538382928926,-0.16583044513278,-0.0814698247224187,-0.359838352481305,-0.11899410070704
-0.175862179279479,1.80873657074194,-0.587371611493684,-0.496222538230347,-1.33931453109368,-0.137987762946384,-0.662525868665125,-0.325488280218977,-1.43762634699446,-0.475405284438771
-0.969124089846647,1.78771617751053,-0.224108512914086,-0.496741604626179,-1.34071550165221,-0.138132103046367,-0.663218894250016,-0.325828752518162,-1.43913015520348,-0.475902575247917
-2.5829190471795,-0.619680024019916,0.17603477142357,0.230070286679041,0.620964294006111,0.0639771105369206,0.307175722166229,0.150910481026733,0.66654591500401,0.220418505111886
-3.25943249286902,-0.696354557560445,-0.323307607528317,0.301291116376587,0.813190734325905,0.0837819404428688,0.402265401548172,0.197626507784998,0.872882655759767,0.288651517907065
2.34367252732559,-1.26821173120155,0.180948528396054,0.314342609558769,0.848416974822163,0.0874112523111725,0.41969095398023,0.206187400817603,0.910694663519908,0.301155482057411
-2.05089249945011,-1.48153514339358,0.473662130772891,0.455431166333972,1.22921780449417,0.126644646256103,0.608063733196497,0.298731910922103,1.31944801680936,0.436325169641483
1.70253903482634,1.77238305055167,-1.02107440446624,-0.497845750142212,-1.3436956124294,-0.138439139825204,-0.664693081556685,-0.326552996979945,-1.44232901975007,-0.476960400261233
3.56782144832297,0.252144339002681,0.165618222200805,-0.165075817719929,-0.445542925544917,-0.045903684433504,-0.220399097389917,-0.108278524000576,-0.478247815289002,-0.158150648209123
0.314636290463576,-1.94475030889732,0.938723058189099,0.510209754639609,1.37706630724896,0.141877277334514,0.681200741303522,0.334662944131538,1.47814927628901,0.488805716872304
-2.74854318719088,-0.297006065986221,-0.031202170028612,0.15136597530179,0.40853978732572,0.0420913011984074,0.202094557475764,0.0992857985861532,0.438528477381158,0.14501595352627
-2.50037712214439,-0.729627809927252,-0.284806610164474,0.291873485504468,0.7877723607057,0.0811631198207082,0.389691558980341,0.191449181605428,0.845598457189686,0.279628970282635
-2.15176778720165,0.816959957970559,0.136407123152621,-0.205242165868745,-0.553952700579569,-0.0570729967878894,-0.274026739522622,-0.13462492017246,-0.594615363944126,-0.196631959909823
-1.67138257463944,-0.622661941007083,0.227014298502257,0.207416377713601,0.559820941727738,0.0576775937288368,0.276929613697408,0.136051055463972,0.600914360848338,0.198714960420481
-2.67843404679302,1.15228243381702,-0.0335281246439852,-0.282240743345595,-0.761773397430741,-0.0784844818324327,-0.376830513028671,-0.185130757032723,-0.817691051027145,-0.270400335601316
-2.66754508634389,0.66527576173348,-0.219610874210345,-0.124792050785674,-0.336816234865675,-0.0347017206893037,-0.166614684903534,-0.0818551090808643,-0.361540087930624,-0.119556843611004
-2.4132802140837,-0.945573888895378,0.409545800891136,0.307888066701042,0.830996034871009,0.0856163964528402,0.411073244617608,0.201953659114026,0.891994946850115,0.294971716615916
-3.64560230555019,0.244265834673305,-0.35049023891442,0.0311224167413139,0.0840000237253345,0.00865440872342136,0.0415527401476582,0.0204141914583618,0.0901660098894681,0.0298167863073927
2.78643433757112,0.553133833621681,0.332816424255042,-0.24876891355231,-0.671432261003699,-0.0691767568520863,-0.332140980810541,-0.163175510191151,-0.72071846174382,-0.238332697520403
2.97496117282432,-0.347209180698249,-0.0370089640024175,0.040318790103479,0.108821218911743,0.0112117028600207,0.0538311732717678,0.026446387739848,0.11680919439575,0.0386273584946959
1.81823468375357,-1.38973303719926,-0.293814896825949,0.393956563717657,1.06329662551898,0.109550011813872,0.525986617867424,0.258408747137387,1.14134746396586,0.377429515593211
-2.34367691302629,1.38175447091219,-0.0292735100557533,-0.358353063189435,-0.967202067248203,-0.0996495195700696,-0.478451009752764,-0.235055269082896,-1.03819912534517,-0.343319633450417
-3.04074917140577,-0.544429709694524,0.856967518381749,0.172175909405471,0.464706214662045,0.0478780521675777,0.229878703915532,0.11293570188767,0.498817777527341,0.164952880770635
2.85409620274817,-0.881738940580908,0.367718113474828,0.175316115401918,0.473181693298441,0.0487512692572042,0.234071314176652,0.114995463729528,0.507915395083332,0.167961350579889
-2.45537890758805,1.17213150101305,-0.167345287410906,-0.284132233148246,-0.766878566146255,-0.0790104604537073,-0.379355914089739,-0.186371445867842,-0.823170962489976,-0.272212474668698
2.31183659703977,-0.556874274473741,-0.126453095303199,0.123476832481155,0.333266434421132,0.0343359895552969,0.164858686167981,0.080992415206505,0.357729715887933,0.11829680061822
2.10173981979211,0.194290106081263,-0.0908761933774907,-0.098279588108218,-0.265258569134432,-0.0273292312652875,-0.131216872404982,-0.0644647343670715,-0.284729762053959,-0.0941566171212964
0.00953854226090879,-1.78971497354444,-0.11326172047926,0.541105807968711,1.46045537160843,0.1504687397416,0.722451254920228,0.354928656566742,1.56765947959913,0.518405636040302
1.12835242654482,-2.0566178970568,-0.223765746619221,0.603387465322265,1.62855480742142,0.167787797036859,0.805605900187291,0.39578119344161,1.74809818330103,0.578074487711323
1.09941036538836,1.93576639536571,-0.0769069493802493,-0.596428824110096,-1.60977329595409,-0.165852763337185,-0.796315149649716,-0.391216797457327,-1.72793802293917,-0.571407771571069
1.29139388553041,1.29448065543945,0.168912907822837,-0.425870465119931,-1.14943288213559,-0.118424513720005,-0.568596099743113,-0.279342098773427,-1.23380651601721,-0.408004582634314
-2.04451623071831,-0.831348401571404,0.91872361643605,0.231607332643132,0.625112811729647,0.0644045267016259,0.309227891574272,0.1519186787786,0.670998952913976,0.221891069772815
-3.42187182878552,0.42496656628831,-0.670101346068509,-0.00632163279995069,-0.0170622130534549,-0.00175789671171437,-0.00844025601317022,-0.00414656173330982,-0.018314657576103,-0.00605643115303831
-2.5202667889099,-0.87477803907859,0.120317415295022,0.308491459320409,0.832624603589298,0.0857841856830949,0.411878857399159,0.20234944368817,0.893743059965406,0.295549796041451
1.50269628994618,1.0103897541781,-0.299220569014118,-0.314489266032858,-0.848812803571754,-0.0874520340113616,-0.419886760700815,-0.206283597503277,-0.911119547911213,-0.301295986080118
-0.684713400911639,2.04124272238148,-0.0437967569120468,-0.590696438228993,-1.59430147209099,-0.164258722270651,-0.788661619947205,-0.387456741679438,-1.71133049639835,-0.565915867575661
3.43058476655807,0.935128289734285,-0.585466452178548,-0.315469142489565,-0.851457509678464,-0.0877245145010771,-0.421195031588671,-0.206926329902854,-0.913958387549546,-0.302234755301034
2.11987873644971,1.01769514842395,-0.243865818474444,-0.334002861114408,-0.901480386023372,-0.0928783037288704,-0.445940114863826,-0.219083190457346,-0.967653171945831,-0.319990957600861
-0.591577630731007,-1.93766217007381,0.321302002879098,0.569424751675236,1.53688876567923,0.158343568855577,0.760260969984268,0.373503960134224,1.64970343458905,0.545536559064916
2.89022636901183,0.220329139660927,-0.124591159480576,-0.121203325286662,-0.327130193143196,-0.0337037809238037,-0.161823238938357,-0.0795011489100562,-0.351143046417938,-0.116118670341577
-2.82161658220039,-0.398388091964402,0.496930976131886,0.147874671452758,0.39911668858025,0.041120452091851,0.197433182916674,0.0969957404005738,0.428413680063342,0.141671114927583
-0.94926307775886,1.71276185034637,-0.203974923877849,-0.476174231876963,-1.28520375225106,-0.132412802658541,-0.635758600839263,-0.312337952989711,-1.37954358934902,-0.456198033558074
2.44468384914828,-1.61130360580029,-0.170146377273989,0.437923633219822,1.18196462331661,0.12177621497173,0.584688749815045,0.287248158361157,1.26872623588111,0.419552102884708
-3.07270894600788,-0.529852518673564,0.853113588301011,0.168792365798883,0.455573962960915,0.0469371686382448,0.225361204216474,0.110716327101748,0.48901517675797,0.161711281716231
3.5173026939556,-0.174238965609122,0.429410424956117,-0.0544535024172185,-0.14697108945598,-0.0151422323740957,-0.0727029733866688,-0.0357177989474007,-0.157759440029265,-0.0521690991660038
-2.22399100937823,-0.44829534536637,-0.414038948105875,0.210516486534857,0.568188197288292,0.0585396607414741,0.281068688671882,0.13808451628242,0.609895811259442,0.201685015189087
-2.59296128015897,-0.560395280972204,-0.188508251796861,0.237005145313876,0.639681615822726,0.0659055308637823,0.316434719666623,0.155459277255667,0.686637173901027,0.227062436388353
-2.04929149315527,2.08607413069037,-0.333193337091586,-0.554563766248743,-1.4967786695134,-0.154211079949504,-0.740419494596996,-0.363756163095261,-1.60664907380242,-0.53129901348926
-0.124297339454229,1.68990197494582,0.13407392076479,-0.510197196995746,-1.37703241391763,-0.141873785350473,-0.681183975108382,-0.334654707170116,-1.47811289503205,-0.488793686039779
-3.34724472877221,1.12947996148502,-0.56481071448939,-0.225118758804204,-0.607600021481259,-0.0626002076315184,-0.300564746134799,-0.147662615062836,-0.652200643714783,-0.215674700999042
0.284459041153191,1.51704231992995,-0.545839714758628,-0.422177647473035,-1.13946589362918,-0.117397628387708,-0.563665676332566,-0.276919861223845,-1.2231079049409,-0.404466684033286
2.77693567101655,0.737781418861685,-0.0701062822066149,-0.276664222000251,-0.7467222550594,-0.0769337830104668,-0.36938508408538,-0.181472937803525,-0.801535085924807,-0.265057757398769
-2.7707554937395,0.934488195250971,-0.13607010473957,-0.208388532963011,-0.562444808141901,-0.0579479271332424,-0.278227575703304,-0.136688723276008,-0.603730831065318,-0.199646332349923
2.28208163867245,1.0650471220386,-0.180687184317581,-0.35593433750155,-0.960673878359269,-0.0989769291068422,-0.475221675706101,-0.233468749318439,-1.03119173751579,-0.341002376806394
-0.409144018587225,-1.75753343342437,0.265552623137077,0.515407148724576,1.39109417758037,0.143322549823533,0.688139982804357,0.338072081629342,1.49320685650072,0.493785072751857
-0.833920329704749,1.52788930506222,-0.331551636485714,-0.415051309185704,-1.12023176441016,-0.115415962093841,-0.554151026955589,-0.272245467348722,-1.202461902613,-0.397639305952925
-2.88179507708891,0.191502403239912,-0.0156280701361984,0.00758140060706584,0.0204623514991822,0.00210820837259866,0.0101222206488392,0.00497288384772939,0.021964381744342,0.00726334987705318
0.918193637676891,1.69514092618987,-0.27431081415077,-0.507456811113662,-1.36963605774693,-0.141111748787548,-0.677525180117972,-0.332857200166349,-1.4701736124693,-0.486168263312326
-0.995395186072214,-1.32537629320591,-0.376266692734147,0.442421976786381,1.19410574235169,0.123027098029012,0.590694661980214,0.290198766200404,1.2817585686167,0.423861734427019
1.62262683711919,-1.77801509017537,0.574726436342281,0.45595397294842,1.23062886997737,0.126790026422506,0.608761752491662,0.299074836550653,1.32096266095671,0.436826043761659
0.352405559406275,1.34716632125107,-0.230093288989762,-0.39414508818436,-1.06380545681597,-0.109602436013535,-0.526238324161363,-0.258532406382421,-1.14189364580869,-0.377610131185635
3.17950847865148,-0.031141288069161,0.364956554334897,-0.0853554704876276,-0.230376117820249,-0.0237353395309838,-0.113961384002847,-0.0559873910511559,-0.247286779175194,-0.0817746849433493
-0.0886676473115633,1.5594572415226,-0.128217195291039,-0.454531123385943,-1.22678857062019,-0.126394365578814,-0.606862051108244,-0.298141543881698,-1.31684046605173,-0.435462884797991
-2.28676178573691,-1.44926855258596,0.492428279408806,0.449762071977542,1.21391680571893,0.125068205067104,0.600494706452098,0.295013370085457,1.30302385469962,0.430893901999669
-1.35348708431587,1.98923605123442,-0.517867880079752,-0.52869413429821,-1.42695601673959,-0.147017346561595,-0.705879950219997,-0.34678744167542,-1.53170111877449,-0.506514650046944
1.86037345085327,-1.79885651517913,-0.411507834767713,0.52291209505894,1.41135017747214,0.145409498069384,0.698160126402009,0.342994816667172,1.51494973948532,0.50097517572362
1.93784386597587,-1.60973767225668,0.582939026250512,0.398258124013576,1.07490662258047,0.11074617409326,0.531729797090666,0.261230278517179,1.15380968794434,0.381550619207942
-2.2535762914627,1.38021713677088,0.689172628998474,-0.407959074905099,-1.10108968258572,-0.113443779318423,-0.54468191115466,-0.267593443385569,-1.18191470437969,-0.390844601166839
-2.02560225946566,1.41724547439338,-0.19494934008908,-0.364876129595839,-0.984807953624387,-0.101463430208188,-0.487160207550742,-0.239333957580089,-1.05709736435399,-0.34956904777853
3.70732945818388,0.114025242965413,0.136685516900618,-0.125030371344578,-0.33745946680902,-0.0347679920056056,-0.166932875882669,-0.082011431180088,-0.362230536042335,-0.119785166277478
-2.93959399814132,-0.500607690344193,0.0865692552117129,0.208423913746508,0.562540301582462,0.0579577656931425,0.278274813953313,0.136711930666818,0.603833334161438,0.199680228858337
1.4325974802065,1.2519865369344,0.302729880533793,-0.425270550784867,-1.14781370137603,-0.118257691718429,-0.567795130953222,-0.27894859571753,-1.23206847997978,-0.407429835574018
2.21588317354705,1.12692095163734,-0.174521973564934,-0.373337159204347,-1.00764444134843,-0.103816242621878,-0.498456854839616,-0.244883818305837,-1.08161015478723,-0.357675124947097
3.25212208669641,0.627576727605414,-0.351931844752805,-0.235435008570951,-0.635443785426907,-0.065468912935365,-0.314338369482209,-0.154429374200506,-0.682088267359896,-0.225558169154664
1.20902820601472,1.62103359788608,-0.241053048870787,-0.494004872744638,-1.33332900770188,-0.137371082574655,-0.659564977856804,-0.324033642290562,-1.43120145879321,-0.473280653230396
1.1741496374903,1.04294201815046,0.355498930409408,-0.360751286308335,-0.973674919294387,-0.100316408753305,-0.481652970028023,-0.236628340554691,-1.04514711435428,-0.345617247637903
3.24879400376781,0.289357070928349,0.726115183209135,-0.206633078914005,-0.557706802639602,-0.0574597768407522,-0.275883801228919,-0.135537264655341,-0.598645034275861,-0.197964522139402
3.661334991555,-0.389092487379058,0.413264969511907,0.00752048613536912,0.0202979421247344,0.00209126949733019,0.0100408913859261,0.00493292809178223,0.021787903969397,0.0072049908556216
-1.96221919168667,-1.8414495421747,-0.175972103520062,0.604278224437187,1.63095898404463,0.168035496099523,0.806795187071539,0.396365470918082,1.750678837491,0.578927878191946
-2.30798784500316,1.23960987652575,-0.0135922713460325,-0.317799524508449,-0.857747257242168,-0.088372538677373,-0.424306414592128,-0.208454902221001,-0.9207098313692,-0.304467374420853
2.75930266573323,0.642384194853432,-0.271040576426466,-0.234379513774582,-0.632594983912747,-0.0651754047721285,-0.312929137629642,-0.153737041306326,-0.679030350777172,-0.224546953892897
2.929508000116,0.455850783332264,0.0586971661991885,-0.204573979346899,-0.55214925182575,-0.0568871899043303,-0.273134617900346,-0.134186635199277,-0.592679533798367,-0.19599180477981
0.983102594843071,-1.52650604218931,-0.312793712830865,0.454460114258548,1.2265969155686,0.126374619618316,0.606767244080778,0.29809496671727,1.31663474264226,0.43539485460628
-2.57030982377511,0.811925520732188,0.777917245897371,-0.237423384225087,-0.640810450988602,-0.0660218332226817,-0.316993126584108,-0.155733613573433,-0.687848870734146,-0.227463129571813
2.16329814970574,1.11766890937512,-1.12897408133888,-0.305549795512802,-0.824684994281808,-0.0849661784849544,-0.407951328479562,-0.200419912036635,-0.885220646999447,-0.292731539288814
1.7286958234433,1.87183739361545,-0.0429885962292578,-0.593531442074926,-1.60195320403389,-0.165047069853652,-0.792446743034104,-0.389316311640765,-1.7195439004837,-0.568631938906414
-1.03660522507226,-1.36388913455923,-0.397630521304186,0.456247170611171,1.23142021631888,0.126871557764731,0.609153212010808,0.299267154302591,1.32181209574125,0.437106941358037
-3.50113848948475,1.11336429684453,0.182040479080443,-0.266889077181952,-0.720338944165497,-0.0742155462073495,-0.356333910845311,-0.175061106758635,-0.773215119269142,-0.255692694055724
2.23302990266036,0.936174724942492,-0.481468951247958,-0.296291338513548,-0.799696234120231,-0.0823916203558166,-0.395590005094686,-0.194346993106118,-0.858397597481965,-0.283861487962868
-2.26947309288438,1.14263290101063,0.0569242938601597,-0.294447787520541,-0.794720453208402,-0.0818789723847878,-0.393128608989168,-0.193137748873984,-0.853056571479749,-0.282095276602672
2.83855835905858,0.439750255227977,-0.259916003912224,-0.176443836390661,-0.476225434746842,-0.0490648618179517,-0.235576978007125,-0.115735172100095,-0.511182561083605,-0.169041762040708
-0.463509576531008,1.76336699778712,-0.189573003761217,-0.502957850077269,-1.35749327214845,-0.139860694026495,-0.671518443544989,-0.329906187308831,-1.45713949083693,-0.481858040203935
-2.22798446638514,0.0618544451255121,-0.253771018279753,0.0477410360918425,0.128854008919666,0.0132756540937243,0.0637409004446277,0.0313148769679475,0.138312482869504,0.0457382305196874
-2.96374295407751,0.566382382308805,0.0825271989617113,-0.108975298497125,-0.29412650487012,-0.0303034556021164,-0.145497128279035,-0.0714803938988232,-0.31571673638558,-0.104403626976687
0.426962650750798,-1.82879016763576,0.508305479862815,0.50194797241207,1.35476759218145,0.139579870909578,0.670170116885407,0.329243776154252,1.45421373348638,0.480890528368651
1.11164324902851,1.09020873067789,-0.0980323755170201,-0.343119027317972,-0.926085100488459,-0.095413294149828,-0.458111460313896,-0.22506277629069,-0.99406398505513,-0.328724687435971
-3.27844877170965,-0.040592212628448,0.127068577994723,0.0760096798057505,0.20515164230683,0.0211364959682621,0.101483458046572,0.0498571871567922,0.220210711720303,0.0728209637091869
2.17112728560047,1.70315629519174,-1.0389343237886,-0.486354613361093,-1.31268080499114,-0.135243726203339,-0.649350821197027,-0.319015591762548,-1.40903758350784,-0.465951333302213
0.947340839643617,1.52641415167672,-0.130612823440528,-0.467397514132099,-1.26151521594853,-0.12997220483333,-0.624040466131635,-0.306581022288959,-1.35411620607226,-0.44778951182745
-2.74366076043513,1.0835397196659,0.355094822116104,-0.286303931243845,-0.772740022635024,-0.0796143583803821,-0.382255432060842,-0.187795932310582,-0.829462676709738,-0.274293066885519
1.86038564762885,1.46960783845744,0.0165573569096337,-0.480469520093594,-1.29679682084542,-0.133607220820877,-0.6414934059673,-0.315155370311508,-1.39198764223341,-0.460313128216323
-3.32063157351397,-0.810183088663927,0.778860181603531,0.262838109716208,0.709405302152364,0.073089067872931,0.350925307784379,0.172403947254453,0.761478897894877,0.251811670539194
-2.54803453182517,0.517085859069787,-0.00725920525888786,-0.0974470327396521,-0.263011485583901,-0.0270977172892252,-0.130105295589592,-0.0639186345948444,-0.282317732287132,-0.0933589886556172
3.23695909574718,-0.838770751771362,0.0707265471935713,0.173919214983387,0.469411431198493,0.0483628242573067,0.232206258497145,0.11407919193646,0.503868378490796,0.166623052156014
-1.4835632404986,-1.6668446504536,-0.172401693730496,0.541396332837434,1.46123950402554,0.15054952784296,0.722839145888875,0.355119221147341,1.5685011709242,0.518683972970229
2.87123356818573,1.3330744365272,-0.842882520244258,-0.404568044213668,-1.09193722309322,-0.112500813807703,-0.540154415159571,-0.265369157580535,-1.17209041247458,-0.38759582912164
-2.26369429607087,-1.06610599719323,0.173471630682248,0.356326849253199,0.961733275408188,0.0990860773505582,0.475745733299595,0.233726210366995,1.03232889915639,0.341378422121876
-3.30333937705348,1.17983596597002,-0.0763087665499568,-0.27379377529456,-0.738974862130873,-0.0761355796056242,-0.36555263986806,-0.179590119733577,-0.793218998899697,-0.262307730087531
-3.20467565220309,0.159766595069599,-0.825355931427367,0.0783594808628614,0.211493802242151,0.0217899201202486,0.104620768157686,0.0513984970450196,0.227018415219514,0.0750721872104697
-1.61100659332407,-1.48647639123349,0.215502281860677,0.46446425162332,1.25359828191419,0.129156533837884,0.620124154110456,0.304657001318815,1.34561813284828,0.444979303926993
1.27208028159361,1.903017563714,-0.0895291751091848,-0.58963122983068,-1.59142645337138,-0.16396251298423,-0.787239419089664,-0.386758037322158,-1.70824443814732,-0.564895346211612
-2.06696312466662,1.52068491370446,0.0860987322759551,-0.413617089088967,-1.11636077575415,-0.115017139373239,-0.552236144332893,-0.271304716381611,-1.19830676567421,-0.396265253465368
-2.12851410710446,0.22679217944009,-0.0597849933907706,-0.0166248793621514,-0.0448708810905982,-0.00462298613162124,-0.02219651828017,-0.0109047916520122,-0.0481646091124115,-0.0159274416073681
-1.82277718970049,-0.974552522165503,0.385746847893938,0.305081046214802,0.823419830574229,0.0848358303809678,0.407325483194599,0.200112444335946,0.883862614485761,0.292282454702409
-0.91236408127656,2.22801905480865,-0.478861920346861,-0.612257753366922,-1.65249589182997,-0.170254414551528,-0.817448964214682,-0.401599499903463,-1.77379665287057,-0.586572654332217
-3.44086740608947,0.066080126475779,-0.0154016612250049,0.0573177995153779,0.154701884471085,0.0159387257183891,0.0765272070255531,0.037596583292507,0.166057710778149,0.0549132348546482
-0.695477562331302,1.9932972226416,0.224639659582771,-0.594122481367121,-1.60354843087568,-0.16521142391551,-0.793235862411618,-0.389703993271358,-1.72125622427616,-0.569198183244735
-2.49818458864273,-0.707016312347699,0.351146040453445,0.242527221637462,0.654585809994081,0.0674410898116452,0.323807456959383,0.159081384248654,0.702635404132998,0.232352853616618
-1.70757319367508,1.57959513766045,-0.211457917093272,-0.419212072728527,-1.13146174822593,-0.116572972122992,-0.559706222997974,-0.274974645621803,-1.21451621863441,-0.401625519442164
1.3795425496565,-1.35332361348451,0.440540980289697,0.343648043931606,0.927512926883361,0.0955604011702733,0.458817770818727,0.225409775256906,0.995596620441807,0.329231511036879
-0.980347082559421,-1.48290052486579,0.206898714695284,0.450044990731158,1.21468040907961,0.125146878087572,0.600872442202815,0.295198945571174,1.30384351004157,0.431164951902028
1.44841598233078,-1.89544538323545,-0.0944937202163878,0.539602791104198,1.45639869910359,0.150050786265435,0.720444519076806,0.353942779592844,1.56330502876724,0.516965672908965
2.08167890740662,1.85148060959972,0.0429001578159322,-0.601003631138294,-1.62212079139769,-0.16712490907644,-0.802423151134576,-0.39421756013379,-1.74119188105615,-0.575790658822117
1.24341161287463,1.87358239152861,-0.489709586068663,-0.553441841471312,-1.49375057215497,-0.153899099178167,-0.738921569512022,-0.363020256645619,-1.60339870023992,-0.530224155080297
-2.77526429770298,-0.409763384762647,0.308972771287792,0.162820496217382,0.439455767812377,0.0452765328132426,0.217387930579713,0.106799186282819,0.471713832321263,0.155989940708325
2.6992156809106,0.633391520286455,-0.47517700207048,-0.216710900588546,-0.584907044407375,-0.0602621809258261,-0.28933909002533,-0.142147631159245,-0.627841898270189,-0.207619564606426
-2.75300944997243,-0.414236607654727,0.978995780857354,0.118828675850512,0.320720966937084,0.0330434470247334,0.158652752797056,0.0779435401729523,0.344263353676734,0.113843640886726
-1.54428317135123,1.63633251632393,-1.11670993115335,-0.379164354550202,-1.02337215784848,-0.105436647960366,-0.506236968318868,-0.248706062652872,-1.09849235765564,-0.363257861012969
-1.50751919575384,1.85105012056536,-1.04642753976366,-0.448713372574689,-1.21108634510745,-0.12477658654224,-0.599094547391767,-0.294325494507861,-1.29998562532577,-0.429889197054823
0.213069957888148,1.33713307718352,-0.558017962855298,-0.366132647323433,-0.988199320040645,-0.101812838098752,-0.488837832879766,-0.240158147863098,-1.06073767258565,-0.350772852768565
3.16296000551228,-0.046643721353935,0.114895563178949,-0.0636340385321887,-0.171749539596231,-0.0176951225464587,-0.0849602615906132,-0.0417396070704383,-0.184356741807381,-0.0609644985015572
-1.0960830296939,-1.70142824532352,0.314012592681725,0.510604027698856,1.37813045810223,0.141986915356256,0.681727150486789,0.334921560478246,1.47929154068495,0.489183449605981
0.146074707808954,-1.90809273510978,0.0973411095411344,0.559301103013132,1.50956483595771,0.15552842136808,0.746744495807499,0.366863534239179,1.62037380337911,0.535837612118794
-1.80732428191437,1.77167803277143,-0.3564121905644,-0.464593347465801,-1.25394671416871,-0.129192432341352,-0.620296514953811,-0.304741679422923,-1.34599214162486,-0.445102984012008
-2.85284542668773,0.428280713499844,-0.166969127056014,-0.0535442367647452,-0.144516963318693,-0.0148893870806187,-0.0714889777096475,-0.0351213824393131,-0.155125169802293,-0.05129797852387
1.03412865660936,-1.97276032790727,0.809739884381797,0.511303412004878,1.38001811029798,0.142181397606442,0.682660925475185,0.335380309078805,1.48131775519064,0.489853493727963
-1.68516137766821,-1.34750021414243,-0.184324816946139,0.451410129131003,1.21836494485742,0.125526490820558,0.602695091184925,0.296094383637351,1.3077985076076,0.432472820769878
3.07521523044417,0.116796580679402,0.730602702217362,-0.151637913130224,-0.409273752950243,-0.0421669206830439,-0.202457632169324,-0.099464171330807,-0.439316319441485,-0.145276483169153
-0.717937095331417,1.83121039837114,-0.432775024691369,-0.501297464548214,-1.35301185847826,-0.139398980043088,-0.66930159872194,-0.328817087179926,-1.45232912089434,-0.480267310251334
3.57344630036862,-0.741994713682241,0.0622219794276496,0.138195715097964,0.372992992268456,0.0384289630276567,0.18451043460782,0.090647002454346,0.400372384888228,0.13239820480276
2.44170476521679,-1.37578529906091,0.0600255218309589,0.352350135160372,0.951000044730029,0.0979802471246611,0.470436268783576,0.231117756031945,1.02080780022626,0.337568536941783
-1.16732451659287,1.36720322474335,-0.277433063797992,-0.363388576194008,-0.980793017313846,-0.101049776755619,-0.485174117573353,-0.238358223587388,-1.05278771334406,-0.348143899395231
2.36607994284772,-0.941985291416605,-0.125953302641784,0.237095090163238,0.639924378765693,0.0659305424011386,0.316554808507544,0.155518274967536,0.686897756755002,0.227148607921084
-2.95700397328099,0.31804012998006,0.0364211295579936,-0.0319771147175321,-0.0863068706156989,-0.00889208003547774,-0.042693880413394,-0.0209748152772194,-0.0926421898987763,-0.0306356284662804
0.851659342224702,1.83836779501921,-0.422272336982418,-0.538800388191073,-1.45423299763188,-0.149827656974777,-0.719373199968784,-0.353416457783345,-1.56098035489626,-0.516196931959573
-0.553271142498778,2.13499062549327,-0.793239299376233,-0.571408732000949,-1.54224356816182,-0.158895266905914,-0.762909858713497,-0.374805316470249,-1.6554513040799,-0.547437308544031
0.0951773627039729,2.09414385625445,-0.120907236643394,-0.618537485107,-1.66944501308684,-0.172000659568546,-0.825833276505124,-0.405718577387536,-1.79198991719465,-0.592588942235498
2.32618109210545,0.471136175418155,-0.245941486059953,-0.175422792096242,-0.473469615824787,-0.048780933525298,-0.234213742349756,-0.115065436395217,-0.508224452440777,-0.168063552032464
-2.67792655809406,0.742380937011458,0.0377402961900643,-0.164778008712406,-0.444739133091859,-0.0458208707852566,-0.220001481086334,-0.108083181519684,-0.477385020791366,-0.157865332720562
2.07226909146568,-0.892691127130291,-0.0877106587146662,0.226324366469315,0.610853980623138,0.0629354586366279,0.302174399473895,0.148453411802813,0.655693458349288,0.21682973167741
-3.35035569128992,-0.31884679179457,0.959418175178472,0.104883889590425,0.283083710600975,0.0291657314585337,0.140034530288942,0.0687967075562724,0.303863350480181,0.10048385859619
-3.04615796806464,-0.397207886891141,-0.674248636284218,0.230850892545864,0.623071164814967,0.064194178584031,0.308217939196206,0.151422505454377,0.668807439772245,0.221166363432622
0.393844220404501,2.03406410781063,0.0939990777709128,-0.621596845314099,-1.67770228732478,-0.17285139535441,-0.829917946431638,-0.40772530988286,-1.80085331315074,-0.595519957853296
3.10547446288046,0.406267881344557,0.813166615116264,-0.244158497994231,-0.658988657427495,-0.0678947092220424,-0.325985437002682,-0.160151390737719,-0.707361440717477,-0.233915695568847
2.65149370323255,1.60269231289413,-0.12576124506725,-0.528107602608667,-1.4253729560073,-0.146854245957528,-0.705096849116811,-0.346402716725997,-1.53000185413963,-0.505952724210818
0.670236754063006,2.08400960823556,-0.097140735344689,-0.62980611173139,-1.69985926117266,-0.175134198373379,-0.84087845496399,-0.413110031055648,-1.82463671027955,-0.603384833660961
2.17380211642698,-1.38480698017425,0.195917811873021,0.351864260607354,0.949688659617482,0.0978451368918962,0.469787558909477,0.23079905532716,1.01940015344495,0.337103045529598
2.90270425496675,-0.216380859754493,0.0274537018511068,-0.00141512616840084,-0.00381945376247776,-0.000393513150291203,-0.00188938958180755,-0.000928226647036828,-0.00409981914821852,-0.00135575957715378
3.01687425055738,0.124492807230802,-0.0881903928184823,-0.0978553922030364,-0.26411365592298,-0.0272112724071192,-0.130650512074863,-0.0641864906658767,-0.283500806973138,-0.093750216848387
-3.17693409599264,0.783660660372056,0.187115461948089,-0.176063105355561,-0.475197834086932,-0.0489589895131485,-0.235068649303118,-0.115485438401414,-0.510079529832484,-0.168677003223662
-2.364241512757,1.58000542899375,-0.206345275565544,-0.405173566878095,-1.09357154084563,-0.11266919535316,-0.540962871846518,-0.265766339319561,-1.1738446966294,-0.388175949233763
-3.72470721121542,-0.389162885472502,-0.347369983528625,0.221564943512286,0.598008203104239,0.0616119755697397,0.295819910134906,0.14533155361668,0.641904741972324,0.212269973402987
-2.25503022169545,-1.21980338600388,0.313474762489385,0.39260363300618,1.05964503853564,0.109173793750574,0.524180267841362,0.257521316485598,1.1374278337866,0.376133342283532
-1.69747272958755,0.861089480745599,-0.46035774648024,-0.188503818107427,-0.50877556601575,-0.0524184577755345,-0.251678725202003,-0.123645700957694,-0.546122020952002,-0.180595810066886
0.877651120532275,1.30671081769847,-0.548302037346331,-0.372387844834506,-1.00508222292393,-0.103552260726388,-0.497189388573859,-0.24426113255938,-1.07885985780448,-0.356765635689263
-2.66153877667853,-0.839858211276558,-0.634399278598118,0.351699164877769,0.949243062949414,0.0977992276704433,0.469567133226986,0.230690763742328,1.01892184794219,0.336944875804854
3.40599510242767,0.315818075413639,0.276981501590151,-0.187942696888597,-0.50726108865089,-0.0522624232229644,-0.250929550599299,-0.123277643551107,-0.544496374017618,-0.180058228695444
2.8592250893825,-1.46079778319376,0.52176885421335,0.337584372294672,0.911146956155614,0.0938742373627891,0.450721928713517,0.221432418525072,0.978029312564444,0.323422219202654
-2.0400275872083,-1.58818929479614,0.0909079646104585,0.512609981696234,1.38354456796305,0.142544723765481,0.684405377113404,0.336237330050368,1.48510307098701,0.491105250929426
2.42300556064708,0.952319622540557,-0.155680262883039,-0.327101918900238,-0.882854605302817,-0.0909593147572055,-0.436726400486088,-0.214556641096667,-0.947660173680259,-0.313379519902116
-2.94889137570248,-0.497855204170955,-0.207797503223105,0.227505831746374,0.614042778977988,0.0632639962140657,0.303751819378628,0.149228372776049,0.65911632909679,0.217961632775852
2.07151540843846,1.35612999444108,-0.681428384478984,-0.404585097482385,-1.09198325020573,-0.112505555918792,-0.540177183637018,-0.265380343366506,-1.17213981818779,-0.387612166981049
2.41595831744834,1.38930727055207,-0.825323335697785,-0.412457973105954,-1.11323229858983,-0.114694816606397,-0.55068856383349,-0.270544415027241,-1.19494864396869,-0.395154764075735
-0.417756133311486,1.98805549407212,0.0699406181605655,-0.588341310577046,-1.58794493556993,-0.163603816918499,-0.785517198093678,-0.385911937906795,-1.70450736100622,-0.563659540937906
0.368782794835901,-2.09414389856958,0.53608515989425,0.580509143985451,1.56680576167534,0.161425876450797,0.775060170097466,0.380774568605961,1.68181647500519,0.556155945072374
-0.837919797408539,-1.6433522975517,0.290063442530013,0.48918516681987,1.32032052525032,0.136030836238828,0.653130002400218,0.320872242572185,1.41723809419691,0.468663140945994
-2.7636454411902,-0.583302817111931,0.102539809468276,0.2281310520165,0.615730260961173,0.0634378551982447,0.304586575099417,0.149638474806495,0.660927679980234,0.218560624150602
-0.217814067353843,2.08301804061758,0.271692338906988,-0.634577507018304,-1.71273735224879,-0.176461010662321,-0.847248929022829,-0.416239742276991,-1.83846011217672,-0.6079560620087
-3.1020857407819,-0.150798481202428,0.334299739318848,0.0911140419565682,0.24591861710736,0.0253366621907722,0.121649875094638,0.059764622796066,0.263970169039595,0.0872916760032795
3.21765399679212,-1.08572336610925,0.927322479147983,0.190674216834221,0.514633515482191,0.0530219943784468,0.254576508335649,0.125069335102755,0.552409970717949,0.182675157425304
1.11269474456287,1.64867117947417,-0.0352891791045076,-0.513888107600298,-1.38699425527871,-0.142900140379354,-0.686111852353068,-0.337075693829451,-1.488805981139,-0.492329757601648
-0.201544290522889,-1.74831262844657,0.540716565473376,0.489659801004327,1.32160157238386,0.136162820790688,0.653763704824289,0.321183570358671,1.41861317605271,0.469117863539351
2.48009887818585,-1.61979719135242,0.41433333317467,0.400564230569935,1.08113085018649,0.111387447837017,0.534808768986894,0.262742927780769,1.16049080234157,0.38375998125603
-1.11710465826028,-1.30979116936409,0.676581728938876,0.370011193525433,0.99866759362286,0.102891370153759,0.494016229654732,0.242702210729612,1.07197436535643,0.354488688342955
0.75040651370739,1.64402345245599,0.198394886954046,-0.52013753246332,-1.40386157766973,-0.144637957769965,-0.694455700761883,-0.341174892060707,-1.50691144218614,-0.498317010045238
2.04503703181275,1.29426774223173,-0.107044350116308,-0.423986126570184,-1.14434701479435,-0.117900523693191,-0.566080246595888,-0.27810610067448,-1.22834732273785,-0.406199294814425
-2.85413728286418,-0.108989240053868,0.324599508759307,0.0738184577730391,0.199237490322261,0.0205271688959953,0.0985578729132615,0.0484198943374279,0.21386243391419,0.0707216666126772
1.6487723179863,1.06653428395233,-0.167256514775326,-0.343289478641387,-0.926545152011124,-0.0954606926353807,-0.458339036456473,-0.225174580781307,-0.994557806464966,-0.32888798807963
1.29621613212339,-1.44159283636152,-0.381472335896389,0.426817154132108,1.15198801466737,0.118687765565562,0.569860060792494,0.279963062463578,1.23654920697028,0.408911556672039
-2.75723342998674,-0.239004765681187,0.783422313431758,0.0797501866479869,0.215247344902944,0.0221766425389651,0.106477553142974,0.0523107055793304,0.231047485089545,0.0764045508747766
-0.816755621888906,1.71818186256926,-0.226003339983608,-0.479243110662274,-1.29348671732151,-0.133266185336097,-0.639855979387036,-0.314350929025813,-1.38843456196229,-0.45913816843595
-2.68055124655451,-0.680319895058738,0.104519269461738,0.255096314788783,0.688510043182416,0.0709362576296986,0.340588938486016,0.167325855627011,0.739049831290231,0.244394655115701
-0.33096893643144,2.1516788085937,-0.481539820664434,-0.60215251383592,-1.62522164872058,-0.167444386208412,-0.803957068779578,-0.394971149148021,-1.74452035549748,-0.5768913442275
-3.06041765284537,-1.07621880046796,0.698072393067489,0.341835468128146,0.922620748626121,0.0950563666675637,0.456397730884646,0.224220848645191,0.990345333911631,0.32749497541219
0.249137381546775,1.80914501873565,-0.252148410780701,-0.528162089886877,-1.42552001825829,-0.146869397582152,-0.705169597185562,-0.346438456679571,-1.53015971143287,-0.506004925668833
0.571225010851169,2.09662086488897,-0.788800655131075,-0.585098200997851,-1.57919171811062,-0.162701984773956,-0.78118719728639,-0.383784678304161,-1.69511161732664,-0.56055248450016
-3.03527646665577,-0.0713972012501663,-0.618371686317573,0.129706715967762,0.350081014247329,0.036068372950858,0.1731764441307,0.0850787956221377,0.375778562824614,0.124265331474421
1.71757500977337,-1.69930263649275,-0.162073576237557,0.479685652067159,1.29468114540268,0.133389245644258,0.640446833502082,0.314641206128734,1.38971666653088,0.459562144588294
-2.29691245327057,-1.82945638728552,0.488683050516661,0.563618354469582,1.52121718377453,0.156728946988454,0.752508624904962,0.369695357954491,1.63288148685219,0.539973748627158
2.61468358090046,1.074148287793,-0.768926370657542,-0.326632476648704,-0.881587571299825,-0.0908287739592145,-0.436099630012109,-0.214248718865527,-0.946300133582917,-0.31292977143258
1.93129773445558,1.31480747389724,-0.205067773028151,-0.421040375340691,-1.13639637345364,-0.117081379879603,-0.562147260401527,-0.276173887951817,-1.21981306793694,-0.403377122113167
-2.13781421002668,1.08093684492253,0.24303421813659,-0.291409738096005,-0.786520697197776,-0.0810341626240152,-0.389072391911209,-0.191144994804532,-0.844254915852093,-0.279184677749259
-1.39179264995075,1.67791684596772,0.602476614199858,-0.509972406461575,-1.37642569978098,-0.141811276414356,-0.680883848587626,-0.334507259848118,-1.47746164530117,-0.488578325793914
3.03052335950448,-1.55742587304408,0.111355119846271,0.390080713635844,1.05283562881894,0.108472229486185,0.520811820786608,0.255866452742588,1.13011858223371,0.373716263032863
1.8648897947366,-0.968600028519917,0.188024326457658,0.235091707350464,0.634517208583419,0.0653734489775997,0.313880014768761,0.154204191917871,0.681093675535655,0.225229269917326
2.79647869951685,0.18898988567268,0.583841315141366,-0.157191184198877,-0.424262142360918,-0.0437111541524287,-0.209872018770573,-0.103106739957722,-0.455404925228658,-0.150596786477774
0.539293860935692,1.43713578413766,0.0567179103735983,-0.444295643642784,-1.19916280657969,-0.123548120510062,-0.593196266937648,-0.291427764393369,-1.28718684450248,-0.425656798246547
-2.48116127468787,1.30622745625483,0.0432979393337446,-0.337648678366302,-0.911320519525948,-0.0938921193618609,-0.450807786232441,-0.221474598940208,-0.978215616280466,-0.323483827541492
1.30825932869611,1.71139601783179,-0.790099665400104,-0.486405542444713,-1.31281826360395,-0.135257888378122,-0.649418818582809,-0.319048997782153,-1.4091851322119,-0.466000125837053
2.91389604783184,-1.0145656932544,-0.472575423183788,0.269835562604569,0.728291567108097,0.0750348941826973,0.360267877289258,0.176993801062118,0.781751501130584,0.258515570149642
1.14972972565005,1.86936999591354,-0.265972100243116,-0.56508787884926,-1.52518345939458,-0.157137586995959,-0.75447064363882,-0.370659266133243,-1.63713890525425,-0.541381624331881
-0.180586334549837,-1.54924850882331,0.865784481706419,0.408079253271335,1.10141404639394,0.113477198082453,0.544842365931198,0.26767227223096,1.18226287797586,0.390959737876645
3.07816930508329,-0.600292177775796,-0.0294937378511203,0.113012145516588,0.305022035517015,0.0314260073740674,0.150886878586984,0.0741282913493461,0.327412048844911,0.108271122420098
-2.2828601695303,0.285608849743993,-0.276947056226777,-0.0162253201217695,-0.0437924627289805,-0.00451187814780924,-0.0216630513123833,-0.010642707929533,-0.0470070299077133,-0.015544644455507
1.31117241965222,-1.82490072176364,0.492338475732339,0.482328082506235,1.30181311787834,0.134124043113011,0.643974844398724,0.316374461015303,1.39737215842543,0.46209372124537
-2.1708443206114,0.656435089454023,0.378338803002187,-0.173137096712056,-0.467300478379697,-0.0481453356462385,-0.231162022197519,-0.113566175474187,-0.501602472074411,-0.16587374487833
1.12290929632946,-1.53111974666972,-0.0965750703261682,0.438280120239526,1.18292678889527,0.121875345588698,0.585164709398098,0.287481989632461,1.26975902881654,0.419893634757899
0.317931239932431,-1.80987629319227,-0.524260391302633,0.56780916797533,1.53252827303978,0.157894313202262,0.758103941812998,0.372444246962171,1.64502286183425,0.543988751439878
3.26214704563819,-0.605676529761924,0.020751013007145,0.107192509163313,0.289314720888746,0.0298077040128099,0.143116857410559,0.0703110051880148,0.31055174543904,0.102695628236126
-1.7377287429072,1.73254146174355,-0.257658237618044,-0.46106699533342,-1.24442901940722,-0.128211837135331,-0.615588346078497,-0.302428631944046,-1.33577580451053,-0.441724567456192
0.300148222704142,-1.41770156818152,0.454406866325055,0.385758496561885,1.04116987870139,0.107270323044911,0.5150410619015,0.25303137191947,1.1175965126697,0.369575369221833
2.91935401130303,-1.01560189298093,-0.0332261750083588,0.240625153542873,0.649452090257574,0.0669121696173307,0.321267932412348,0.157833756772532,0.697124845873571,0.230530580031958
1.15216611389589,-1.60384603688,-0.483573895823592,0.485218633605034,1.30961477296498,0.134927837074542,0.647834130767462,0.318270466201582,1.40574649069938,0.464863009541323
1.4280961027436,-2.01641873446972,0.868389743330888,0.511697859675789,1.38108273243161,0.142291084183562,0.683187567789227,0.335639039958904,1.48246052546108,0.490231393748092
2.67348365369326,-0.615025424601849,-0.0309381845616656,0.126440384871236,0.341265121449431,0.0351600834510317,0.168815439379101,0.0829363042814073,0.366315543149775,0.121136027695611
-0.78108095174724,1.67598415906864,-0.26905662133133,-0.464565709823297,-1.25387211962018,-0.129184746966005,-0.620259614870284,-0.304723551006668,-1.34591207149509,-0.445076505808613
-2.98901480341713,0.807560636685911,-0.155016811188591,-0.164447351809618,-0.443846683514116,-0.0457289229134788,-0.219560008289611,-0.107866293050621,-0.476427061330358,-0.157548547353493
2.26223972899419,1.06127372052196,-0.304349852181576,-0.346095952711901,-0.934119881520955,-0.0962411067619504,-0.46208606833875,-0.227015437147784,-1.00268855578626,-0.331576726500341
1.93864290602624,-1.17016857911634,0.056927714666048,0.302347863613673,0.816042916202547,0.0840757968802753,0.403676305582694,0.198319662195218,0.875944200839049,0.289663933067848
-1.74736965486675,1.58858010164939,-0.220715250766062,-0.420393229521122,-1.13464971397505,-0.116901423918189,-0.561283231033187,-0.275749404250183,-1.21793819565912,-0.402757124997512
2.60813097645194,-1.14158798642838,0.187539354971546,0.270298482174869,0.729540996264301,0.0751636211771574,0.360885939079697,0.177297444857408,0.783092644104815,0.258959069573863
0.705779182622803,1.53835029959848,0.381126062491821,-0.499864925764242,-1.34914540771895,-0.139000624855838,-0.667388960884827,-0.327877439039789,-1.44817885495464,-0.478894868543038
-1.50269453222841,1.21323668069672,0.419164618821164,-0.356677603356943,-0.962679967732282,-0.0991836137790577,-0.476214038645216,-0.233956281234825,-1.03334508302957,-0.34171446158323
-1.04060151948786,-1.72362707189115,0.262574532799027,0.519440881463065,1.40198130272078,0.14444423558753,0.693525575115541,0.340717936323076,1.50489314645092,0.497649584562888
2.48882685781501,-0.858632108692842,0.0333875009142677,0.198863914095381,0.536737671787235,0.0552993556774834,0.265510889332135,0.130441220238314,0.576136673254555,0.190521285031265
-1.00393492374962,-1.59115011554727,0.369909916378459,0.471940838169444,1.27377773817169,0.131235595896722,0.630106433459931,0.309561134261839,1.36727885354554,0.452142236844686
-1.17863056709902,1.10252293288105,0.0481218843267661,-0.305988999506982,-0.825870414624902,-0.0850883107380564,-0.408537726688727,-0.200708000024821,-0.886493082620752,-0.293152318039664
3.52184834013676,0.437522790212433,0.123899075922116,-0.216553323207672,-0.584481739912481,-0.0602183623795034,-0.289128702380468,-0.1420442711005,-0.627385374478982,-0.207468597824782
-1.8288659171622,1.94869544519576,-0.323980954652664,-0.519078713277823,-1.40100380356299,-0.144343525172662,-0.693042030389045,-0.340480378593061,-1.50384389438147,-0.497302609857278
-3.18545768203129,0.403799149291449,-0.231893569769464,-0.034552857542732,-0.0932588518909815,-0.00960833325453156,-0.0461328541021131,-0.0226643276186994,-0.100104478415124,-0.0331033151514162
-0.257086367995103,-1.68588249160842,0.989561142228027,0.442234000609953,1.1935983909011,0.12297482629592,0.59044368772979,0.290075466596549,1.28121397524776,0.4236816441233
2.7051922315202,-1.37673596858525,0.374876803880917,0.325746192016994,0.879195471396085,0.0905823191446073,0.434916317183146,0.213667376346123,0.943732442598894,0.312080667724122
3.7051714077944,-0.0663998334706438,0.525290978855302,-0.0971788406403954,-0.262287629757158,-0.0270231394033672,-0.129747221963668,-0.0637427187941097,-0.28154074213001,-0.093102047603149
3.08006255732228,0.875354759445032,0.282485204202274,-0.347980312688744,-0.939205806694363,-0.0967651027471342,-0.464601950094118,-0.228251449301451,-1.00814781114293,-0.333382034848428
-0.638861177633795,1.66532403626325,0.194864236317567,-0.495570704483596,-1.3375552188061,-0.13780650338319,-0.661655580264216,-0.325060721555529,-1.43573789313356,-0.474780796061266
-2.89651363555323,-0.312341011383212,-0.0470026461792469,0.160264551020189,0.432557220730078,0.0445657848467516,0.213975389468482,0.1051226598406,0.464308900312204,0.153541221112043
-3.53061046719289,-0.334226946376628,-0.612557457903679,0.218639834422819,0.590113275311301,0.0607985718475526,0.291914484058633,0.143412880735801,0.633430290348568,0.209467576874099
-2.57153416913088,0.857616298849674,-0.0476981136767408,-0.195776736759865,-0.528405318564697,-0.0544408846054805,-0.261389079683525,-0.128416241596168,-0.567192687172808,-0.187563619253854
2.27320238309996,-1.26491828039387,-0.0388938361794779,0.329627470131023,0.889671118463374,0.0916616108797987,0.440098361439336,0.216213231161369,0.954977050102296,0.315799120602878
-0.358288488736282,-1.92844079152722,0.671903216341953,0.538062008257455,1.45224009545922,0.149622330961961,0.718387360412464,0.352932130699777,1.55884116458369,0.515489528133021
1.98712401050938,1.35715835567306,0.152658922406369,-0.458840570665288,-1.2384198548073,-0.127592721041935,-0.612615760547553,-0.30096824858691,-1.32932553972828,-0.439591544525776
0.186324970289769,1.75120592008769,-0.146633944072071,-0.516556411167302,-1.39419605984285,-0.143642132553643,-0.689674407461702,-0.338825919730564,-1.49653643111691,-0.494886121971482
-2.56858350822195,-0.0301581024983513,0.604552784669497,0.0252694284169135,0.0682026914615747,0.00702683096704705,0.033738189466951,0.0165750286693341,0.0732090811416994,0.0242093393157636
-1.97048049212256,1.40746707422139,-0.00691851383867062,-0.375759380189402,-1.01418206411416,-0.104489805044661,-0.501690855592476,-0.246472630747826,-1.08862766898313,-0.359995730255515
0.922964512413437,-1.37095431742766,-0.00592912575133603,0.388865178166021,1.04955487433407,0.108134217793163,0.519188912452155,0.255069144037045,1.12659700535541,0.372551721035562
-3.32596112975855,1.20392151085828,-0.0783995594307363,-0.280337163335571,-0.756635597004309,-0.0779551412101598,-0.374288969864968,-0.183882137842769,-0.812176112536479,-0.268576613528262
2.6958140418394,-0.725014252812708,0.232734050421291,0.141105085830164,0.380845441921125,0.0392379902845596,0.188394847795688,0.092555352041852,0.40880124028182,0.13518552322125
1.06587253237154,1.55585049883369,-0.767031400512478,-0.436208315709418,-1.17733494713279,-0.121299225702263,-0.582398563182915,-0.286123026583624,-1.26375672027786,-0.417908745426893
-3.18655877564451,0.23971751204528,0.69878462346408,-0.0478712806203705,-0.129205541500744,-0.0133118720196405,-0.0639147949430712,-0.0314003085320794,-0.138689819550807,-0.0458630111017067
2.62195767117959,-1.35822692067983,0.726398525087244,0.298542684264425,0.805772661219692,0.0830176664134791,0.398595863725342,0.195823723000823,0.864920062139048,0.286018386500534
2.55613537521864,0.572448797515615,0.447309044352491,-0.257104034637983,-0.693928919112535,-0.0714945570805905,-0.343269522769574,-0.168642783477987,-0.744866477512886,-0.246318148210929
-0.69367747033418,1.9998341428836,-0.267825012701329,-0.563158625174525,-1.51997636523486,-0.156601107134158,-0.751894822574167,-0.369393806763067,-1.63154958655315,-0.539533305641515
0.680565798816304,1.44162204798261,0.373469484871701,-0.469948958424177,-1.26840161499812,-0.130681701204457,-0.627446997910679,-0.308254596443138,-1.36150809832742,-0.450233919338102
3.43889795903926,-0.227142854885389,-0.810175966282578,0.046001827596074,0.124159850489678,0.012792021305733,0.061418816035568,0.0301740743267601,0.133273751728129,0.0440719843379283
-3.36700282843729,0.503623167687509,0.0212371568293454,-0.0772514628056861,-0.208503239399155,-0.0214818064792216,-0.103141410471828,-0.0506717124592817,-0.223808331377653,-0.0740106521147176
2.9383899876198,-1.58620342820391,0.338564729605443,0.385494083171072,1.04045622168412,0.107196795928587,0.514688033375106,0.252857934694813,1.11683046996134,0.369322048355519
1.86210225949177,-1.49466878822792,0.232093359815705,0.389091224406677,1.05016497764757,0.108197075911583,0.519490715515118,0.255217415017205,1.12725189304424,0.372768284309206
2.91623715118822,1.28628692490995,0.108528016779639,-0.455272049390092,-1.22878834468801,-0.126600399593685,-0.607851290021627,-0.298627541014597,-1.31898703268802,-0.43617272788373
-1.89815496898355,1.60959090835744,-0.357955257051353,-0.414145614965896,-1.11778727764089,-0.115164109931401,-0.552941799636203,-0.271651393457881,-1.19983797932777,-0.396771606916686
-2.73856512178112,0.0875648318650201,0.305609238713294,0.0139193702716561,0.0375686580762451,0.00387064798035562,0.0185842886407139,0.009130161454596,0.0403263695104781,0.0133354325396108
2.17207126681351,-1.26954793252794,-0.122617894833667,0.338844061973523,0.914546883731597,0.0942245272980492,0.452403789037124,0.222258689392657,0.981678810384134,0.324629063075998
2.93980635351809,-0.29605132051691,0.0759795530019035,0.0182780764508092,0.049332893016734,0.00508270117960536,0.0244037655389175,0.0119891766522769,0.0529541531341419,0.0175112846850517
-1.5262210155761,1.42985982849155,0.66627727131288,-0.437295874567235,-1.18027029018852,-0.121601650123366,-0.583850605001832,-0.286836391324231,-1.26690753094737,-0.418950679616316
0.76527001594498,-2.04205992689874,0.29552902153304,0.572316432141802,1.54469346895201,0.1591476768676,0.764121764215513,0.375400706109048,1.65808103879996,0.548306929350023
1.90953855981776,-1.49186722171185,0.702259821510996,0.355747055069325,0.960168399338119,0.0989248502876213,0.474971627700346,0.233345904763661,1.03064915402119,0.340822951143304
-0.564550677237658,1.55385022057079,-0.386711359421678,-0.425051725104243,-1.14722308649812,-0.118196841467144,-0.567502968338726,-0.27880506093431,-1.2314345112669,-0.407220189947461
0.831911043657055,1.64885574425888,-0.165681382789562,-0.499016702197563,-1.3468560353891,-0.138764753924095,-0.666256464853227,-0.327321061993829,-1.44572143221856,-0.478082229182837
-1.80850597026909,-1.45021250496298,0.0607581606038395,0.468366011351735,1.26412920926735,0.130241521026089,0.625333544160754,0.307216290681928,1.35692207846351,0.448717379186762
-2.71895232473641,-0.647285790333184,0.194771177933047,0.240053664030288,0.647909628661004,0.0667532518872531,0.320504914700358,0.157458898469486,0.6954691605368,0.229983065331693
1.85993492535916,1.70677855045933,-0.499427327180643,-0.516662865110394,-1.39448338115918,-0.143671734879883,-0.689816538231036,-0.338895746286574,-1.49684484313277,-0.494988110017563
-0.0657159660377409,-1.9459545326194,0.478248971200591,0.549781674862133,1.48387170945079,0.152881293327968,0.734034739762505,0.360619435959028,1.59279468380304,0.526717537758691
-1.74216072384153,1.29227248566351,-0.131039872773916,-0.338142550256908,-0.912653489612205,-0.094029453465245,-0.451467173660711,-0.221798545355248,-0.979646432471338,-0.323956980791377
-2.34196779629576,-1.07477207083959,0.277910795771281,0.353651506200761,0.954512471132412,0.0983421276617019,0.472173779502183,0.231971367041581,1.02457805480106,0.338815313583213
3.58172989075785,-0.0578157721356692,0.464360288197166,-0.0929353762824323,-0.250834434791314,-0.0258431322316127,-0.124081608870125,-0.0609592944035739,-0.269246830238592,-0.0890366027176795
-2.5536824742969,-0.949574820616398,0.211506081487991,0.325433877578666,0.87835252849588,0.0904954718787931,0.434499334118879,0.213462519287874,0.942827623832121,0.311781455328577
-0.289654373440225,-2.3548548702176,0.889833804525304,0.649130739747235,1.75201681774375,0.180507920814901,0.866679511902046,0.4257856744498,1.88062287019989,0.621898765557947
-1.66692141939351,1.47144636893313,-0.132574550329795,-0.393135687519798,-1.06108106428321,-0.109321745539224,-0.524890634363747,-0.257870308107861,-1.13896927039595,-0.376643076340122
0.211418734007523,-1.48986082664006,0.231364996909985,0.424162599411696,1.14482331851449,0.117949596620648,0.566315862299753,0.278221854871969,1.22885858933084,0.40636836436478
-2.71117481771463,0.883304880666399,-0.0556177574323076,-0.199823711540028,-0.539328184239788,-0.0555662526683797,-0.266792351955791,-0.131070782169804,-0.5789173411765,-0.191440817583744
-2.51264859580253,0.93485012544358,-0.845177420353174,-0.166747294934465,-0.450054275895513,-0.0463684827525648,-0.222630751150472,-0.109374899521777,-0.483090319401343,-0.159752004534942
-1.05805095896447,1.88425780944927,-0.232850370306656,-0.522983755654327,-1.41154359084883,-0.145429425187737,-0.698255803229542,-0.343041821150353,-1.51515735028901,-0.501043830053298
-0.0799510965509017,-1.75391886415376,0.726605840691092,0.476207540482779,1.28529365284272,0.13242206499479,0.635803072444848,0.31235980117271,1.37964008905553,0.45622994481966
3.00178137291192,-1.06938014274298,-0.477249919461527,0.284554381287602,0.768017952396887,0.0791278498765848,0.379919540368645,0.186648346373745,0.824393984905758,0.272616913082522
-2.69879857403662,0.692683271752435,-0.112927627808554,-0.139414066957425,-0.376281348245152,-0.0387677578920902,-0.186137103212813,-0.0914461585201946,-0.403902121242642,-0.133565445038077
3.50613914899753,-0.292942874507746,0.185983778772527,-0.00251768296122938,-0.00679527654404162,-0.000700108142744221,-0.0033614557227902,-0.00165142901430803,-0.00729408094068118,-0.00241206251650402
0.926116128898508,-1.64579367079486,0.211567375556998,0.456205822171564,1.23130861605542,0.126860059740673,0.609098006112731,0.299240032534713,1.32169230350771,0.437067327545325
-1.12456073287128,1.55065114378195,0.497386964621237,-0.470888570954719,-1.27093764796478,-0.130942985247678,-0.628701510876226,-0.308870918441991,-1.36423028771988,-0.45113411376284
0.255478477777637,1.98247714601835,0.319828068036678,-0.618267684654801,-1.66871681628342,-0.171925634437737,-0.825473055505094,-0.405541606616516,-1.7912082674133,-0.592330460302822
-1.90889790183753,1.45389456735064,-0.341506125205139,-0.368576508027136,-0.994795348838752,-0.102492418015978,-0.492100725656444,-0.241761154490688,-1.06781788008399,-0.353114189978107
-2.76385441945139,1.14006776273512,0.65481866639079,-0.322771917806427,-0.871167845960378,-0.0897552437639347,-0.430945248855554,-0.211716454485239,-0.935115552718105,-0.309231168622135
-2.97925686525896,0.131711428621636,0.0243303107433906,0.0248912708061934,0.0671820365254096,0.0069216742707581,0.0332332966411875,0.0163269829622528,0.072113505462234,0.0238470459642197
-0.777357538152835,-1.58321698855647,-0.59057499991462,0.528841343684868,1.42735333781124,0.147058282013705,0.706076495155499,0.346884001034183,1.53212760503111,0.506655683786736
1.81163292936531,-1.65489980723444,-0.28620962723131,0.472672803686703,1.27575332770662,0.131439138211911,0.631083708881326,0.31004125392396,1.36939946039353,0.45284349534893
2.46215088371156,0.54347810212694,-0.335879131478061,-0.193981801624964,-0.523560752823857,-0.0539417555558768,-0.258992592487097,-0.127238886064823,-0.561992508135631,-0.185843984246142
-3.39059155508517,0.673906056499145,0.477646575446566,-0.158053552177528,-0.426589690740875,-0.0439509583109318,-0.211023399552675,-0.103672394777206,-0.457903326311635,-0.151422976871389
-3.37709794100992,1.09148673349934,-0.0725539996910515,-0.246068072050902,-0.664142635905419,-0.0684257166470583,-0.328534983049479,-0.16140394161514,-0.712893744802653,-0.235745160229615
-2.4699929121196,0.757355556193067,0.839811142100148,-0.227506435758011,-0.614044409217446,-0.06326416417543,-0.303752625817883,-0.149228768966656,-0.659118079003285,-0.217962211448326
-2.47264317498871,-0.579807280026237,0.136023357931133,0.218421069978397,0.589522825711116,0.0607377386246087,0.291622403202954,0.14326938611937,0.63279649904556,0.209257989914796
2.81699138170477,-0.759296765227571,0.0802222542134893,0.158857968259254,0.428760825794803,0.0441746474162096,0.21209740651982,0.104200037088568,0.460233832614632,0.152193646534044
-1.93624256888446,2.0529842492857,0.180426087709645,-0.581560950034376,-1.56964460718655,-0.161718358860529,-0.776464476960908,-0.381464481932367,-1.68486370476878,-0.557163626334992
3.68231718995451,-0.838379246236585,-0.0260186537128081,0.170440083869685,0.460021186908543,0.0473953601008235,0.227561136226951,0.11179711823845,0.493788847295893,0.163289875628789
-0.00391155218628282,1.56193606718562,-0.719323988200378,-0.417588583398728,-1.12707991813367,-0.1161215181008,-0.557538639715018,-0.273909746893513,-1.20981274216011,-0.400070137839851
-3.0430262982127,-0.463113815098041,-0.350391540473778,0.228765744176394,0.61744330776382,0.0636143480911626,0.30543397710592,0.150054789753271,0.662766472257884,0.219168690055632
-0.62130535801128,-1.78896126578058,-0.409667822589091,0.574647559567909,1.55098522838468,0.159795908324032,0.767234142440933,0.376929767363704,1.66483464216897,0.550540262606154
1.66537894780166,-0.969238715150082,0.0720787375522317,0.247446969780896,0.667864308389823,0.068809155524648,0.330376002644483,0.162308404867322,0.716888605079495,0.237066211203796
0.612083260742252,-1.61932661297163,-0.00143548308385136,0.469501324408749,1.26719344185949,0.130557224761634,0.626849344454686,0.307960978933605,1.36021123975125,0.449805064217599
2.78512751947057,-0.517115125217632,0.774560359745901,0.0408757345273782,0.110324423023753,0.0113665759446117,0.054574771274305,0.0268117054526608,0.118422740568934,0.039160938293801
-3.45900282414729,-0.587499489640127,-0.16406113383843,0.262579554625001,0.70870745680262,0.0730171698113047,0.350580100899962,0.172234352676425,0.760729827502801,0.251563962208338
2.14767422809498,-0.897041910313283,-0.292490950009328,0.23965929848007,0.64684522817276,0.0666435881459571,0.319978382028824,0.157200221454983,0.694326628181534,0.229605243987175
-1.43735139790612,-1.32375748399391,0.418885268335413,0.398492828041071,1.07554009343339,0.11081143973763,0.532043159499092,0.261384228417444,1.15448965845692,0.381775477061735
1.68750727293234,1.88825648346855,-0.0778362010116253,-0.595186532022165,-1.6064203248231,-0.165507311260882,-0.794656517521421,-0.39040193822769,-1.72433892838244,-0.57021759543452
2.92412957494449,0.267121244764084,-0.067140194050133,-0.139750982367925,-0.377190689660076,-0.0388614461069842,-0.186586931984807,-0.0916671521452199,-0.404878212478985,-0.1338882263594
0.216894441754147,-1.41582743450546,0.458427976101509,0.386769229682095,1.04389786755853,0.107551384043654,0.516390530712094,0.253694344194431,1.12052474839348,0.370543700624552
-1.60412251943302,-2.10002837952194,0.445538953725518,0.631895890181382,1.70549961490351,0.175715316382239,0.843668598853537,0.414480783775088,1.83069109178709,0.605386942879892
-0.783620697147807,1.74943134549353,-0.0163507747239609,-0.503323114212781,-1.35847912733778,-0.139962265351981,-0.672006121794218,-0.330145775771938,-1.45819771230888,-0.482207980980219
2.31991587048553,1.06632055378912,-0.0625194318249385,-0.36505685176087,-0.985295726353495,-0.101513684772111,-0.487401496690493,-0.239452499045182,-1.05762094183368,-0.349742188387132
-1.04634089272734,-1.7140789459844,0.465352299540786,0.503151353770712,1.35801554247775,0.139914502831463,0.671776797796784,0.330033112588403,1.45770009819855,0.482043426137329
0.0767294942424277,-1.92605984437017,0.547566829786515,0.536064198225256,1.44684796632291,0.149066787197024,0.715720007108177,0.351621703015651,1.55305322849191,0.513575529123627
-3.19177028278056,-0.602356761521976,-0.604508397966412,0.290580707353602,0.784283126683581,0.0808036287632077,0.387965520960285,0.190601206947665,0.841853097422005,0.278390426046574
-1.19071176872413,-1.27625932519134,0.30593290663261,0.386438650048657,1.0430056265323,0.107459457658656,0.515949161080664,0.253477506408814,1.11956701279263,0.370226989285271
-2.28277665794401,1.01650460674805,-0.195177343766793,-0.239670083757698,-0.646874337852261,-0.0666465872768268,-0.319992781869377,-0.15720729586454,-0.694357874644729,-0.229615576806794
1.97669837304467,-1.36339338991162,0.108455338491869,0.355683885156199,0.959997902482253,0.0989072842273836,0.474887287110503,0.233304469591332,1.03046614191583,0.340762431299475
-3.14919434514236,-0.32406763494492,0.236394555970223,0.1503789359098,0.40587574831377,0.0418168288656382,0.20077672307647,0.0986383677875582,0.435668885713864,0.144070321865574
2.8699014646466,-1.44110983409348,0.407829173498755,0.33910137016527,0.915241363674819,0.0942960786263978,0.452747331137931,0.222427466089332,0.982424268333449,0.324875576816632
-0.118841497594475,-2.02160999391151,0.263617083876649,0.587879343703637,1.58669807776165,0.163475354846534,0.78490040828564,0.385608919015956,1.70316897812861,0.563216954243562
-2.85831290261028,-0.211275101530264,0.493083362247509,0.0931408397550503,0.251388984803226,0.0259002667685784,0.124355931084833,0.061094064485942,0.269842086759253,0.0892334467002001
-0.529798957558584,-1.98324969175293,0.622957043836624,0.561470530345736,1.51542016361185,0.15613168784922,0.749640981995259,0.368286531215632,1.62665893887974,0.537916028834416
2.95966890796778,-1.61978175137654,0.29412950837309,0.39801138208267,1.07424066118607,0.110677560992387,0.531400362412643,0.261068432569926,1.15309484193585,0.381314228458212
1.03576532614417,1.88944490183959,-0.580014211806664,-0.547543725615378,-1.47783143978324,-0.152258972521564,-0.731046767321706,-0.359151493261097,-1.58631103069884,-0.524573473722407
-2.89166490983733,0.881031046175222,0.201840661512779,-0.212387080057824,-0.573236966528024,-0.0590598286011136,-0.283566190303192,-0.139311498577401,-0.615315183266857,-0.203477134605965
2.17084189139113,-1.68328859294809,0.792715093366253,0.401009833354819,1.08233354099336,0.111511359442621,0.535403710468567,0.263035212941032,1.16178177615773,0.38418689035905
2.77106146112376,0.237724193579366,0.090603225210022,-0.138158774086966,-0.372893287742741,-0.0384186906053544,-0.184461113237839,-0.0906227716602708,-0.400265361594033,-0.132362813520648
2.06444754628764,1.35175739364331,0.197629191850665,-0.461946781479476,-1.24680357976852,-0.128456484874626,-0.616762982528373,-0.303005711898257,-1.33832466846943,-0.442567445299877
-2.28141232395978,0.982842425970513,-0.00571632690507152,-0.242339026186217,-0.65407786671638,-0.067388757103408,-0.323556189946685,-0.158957940815413,-0.702090175494132,-0.232172553236978
1.81536375401997,0.944746536746952,-0.441811938767678,-0.292276853572977,-0.788861059170424,-0.0812752869496258,-0.390230111261609,-0.191713763660452,-0.846767071104105,-0.280015416476769
-0.411361994649399,-2.00947631677636,-0.436895129731424,0.637595803482385,1.72088379462504,0.177300327591522,0.851278773160675,0.418219539746063,1.84720454070525,0.610847736566942
2.59458948933084,-0.306523544591494,-0.211960479710552,0.0482929056553986,0.130343515882359,0.0134291159795646,0.0644777228051936,0.0316768659170744,0.139911326459926,0.046266948356187
-3.68517967046518,0.292626490460261,-0.35165916109952,0.0176523754769636,0.0476441136046191,0.00490870852308027,0.0235683680120337,0.0115787593128416,0.0511414095845474,0.0169118327727998
2.47973111914911,-0.460638033262631,0.0914048856173904,0.0764908365536351,0.206450293969195,0.0212702942908935,0.102125868996895,0.0501727933018561,0.221604690357912,0.0732819352349936
1.60659511842686,1.15715436035689,-0.622188169054731,-0.338941553684288,-0.914810015804061,-0.0942516374392414,-0.452533953984069,-0.222322637333002,-0.981961257554931,-0.324722464868371
-0.801165824504988,-1.65534923816238,0.290264583679681,0.491937757226053,1.32774982167506,0.136796266591531,0.656805092121936,0.322677754914794,1.42521273497909,0.471300256200092
-2.86701691497452,-0.922352209105276,-0.057134030865548,0.342211575151886,0.923635868987113,0.0951609531440654,0.456899885892564,0.224467549306495,0.991434968752777,0.327855304201845
0.800791379435012,-1.58543132236464,-0.635450759618497,0.497650043779379,1.34316739705147,0.138384718509925,0.664431786435949,0.326424626898865,1.44176203094604,0.476772904063618
-2.42170191343099,-0.259568456777487,-0.290180358604741,0.150312057265394,0.405695241518184,0.0417982314948629,0.200687430816311,0.0985944999394172,0.435475128893401,0.144006248877111
3.40653691731448,-0.306171558446195,-0.610394638712278,0.0569165815723341,0.153618989237889,0.0158271564885593,0.0759915254598043,0.0373334115737454,0.16489532607901,0.0545288485851029
-3.20494918937857,0.89060266570476,-0.36396626738911,-0.170461720861234,-0.460079585580426,-0.0474013768369262,-0.227590024609717,-0.11181131063526,-0.493851532697551,-0.163310604917222
2.45550968563122,-0.531435584235058,-0.177035510280637,0.116101964160798,0.313361517684414,0.032285212931608,0.155012214748805,0.0761550025105898,0.336363687168698,0.111231318699479
2.84068872740967,-1.12023946405055,0.916906828545216,0.209990276227972,0.566767945171297,0.0583933340886273,0.280366124975536,0.137739358062819,0.608371306137333,0.201180880166297
-2.6672512269398,0.906384432346127,-0.0442081151483205,-0.208440163862823,-0.562584160970611,-0.0579622844665256,-0.27829651011098,-0.136722589639365,-0.603880413029398,-0.199695797258749
-3.00883272877362,1.2520889610835,-0.41410365447183,-0.279242387183713,-0.753680774327961,-0.0776507098301168,-0.372827291958136,-0.183164039047491,-0.809004392353061,-0.267527764820731
2.03047211208799,0.0943303116457166,0.0157752502059347,-0.0740316299435741,-0.19981284626365,-0.0205864470397077,-0.098842487308171,-0.0485597208020327,-0.214480023614771,-0.0709258959020783
-3.14129161104584,0.767657107467795,-0.490645605798271,-0.126725513680349,-0.342034689793987,-0.0352393710357135,-0.169196125860235,-0.0831233294134172,-0.36714160133272,-0.12140919493844
0.798452642251567,1.60558917098126,-0.227474345885598,-0.481239727275593,-1.29887562539646,-0.133821397239442,-0.642521739311702,-0.315660573908215,-1.39421904055206,-0.461051024092114
-2.04941976017058,2.03455847765743,-0.0234977133667366,-0.5599208458613,-1.51123753426974,-0.155700757210635,-0.747571938410763,-0.367270043452863,-1.62216928540229,-0.536431355857366
-0.641574484398195,1.69802955097798,-0.363882623376601,-0.467876046603034,-1.26280678463505,-0.130105273406549,-0.624679373308487,-0.306894907086593,-1.35550258181118,-0.448247969168524
-1.67871232376733,-1.92501545782462,0.206803548547971,0.597324931048696,1.61219190646009,0.166101949503253,0.79751157661982,0.391804582742891,1.73053417052499,0.572266285526424
-3.11337576787559,0.794931628555683,0.345412042468209,-0.191420473816529,-0.516647677966425,-0.0532295108123818,-0.255572864843787,-0.125558828995231,-0.554571981946258,-0.183390107846951
-1.84077134150448,-0.729521833040644,-0.533762836245873,0.293932839831625,0.793330599122011,0.0817357775998806,0.392441082448893,0.192799978166781,0.851564695742806,0.281601931714724
1.51254733286076,-1.33150613500653,-0.302238595855568,0.383906836160871,1.03617221033555,0.106755420039128,0.512568838612268,0.251816808466497,1.11223199257418,0.367801388655034
1.90185308844931,-2.04076707694788,0.773068794445598,0.514874255309708,1.38965588762159,0.143174364756267,0.687428496232525,0.33772253974484,1.49166298947669,0.493274534987139
-2.52528904490324,-0.86639636337568,0.157562725897524,0.303610499045021,0.819450794423291,0.0844269059597014,0.405362098894187,0.199147865276357,0.879602232917212,0.290873599115108
-2.10815458540783,0.505232153875367,0.562798432119142,-0.141772204777669,-0.3826460092705,-0.0394235003009198,-0.189285544058246,-0.0929929367587803,-0.410733977514863,-0.135824655563211
-2.5382807960631,1.17590456485749,-0.162181457792356,-0.283772044779819,-0.765906410553552,-0.0789103005791158,-0.378875012693107,-0.186135186763182,-0.822127446227738,-0.271867396723721
2.41006833262351,0.660923893137935,-0.264339012588694,-0.23264386389635,-0.627910430262489,-0.0646927615515897,-0.310611804468244,-0.152598572876531,-0.674001929450316,-0.222884117039517
-3.74499634367544,0.538436828509168,0.44060897257656,-0.107347619562129,-0.289733366949842,-0.0298508365497128,-0.143323951292431,-0.0704127470740939,-0.311001122036937,-0.102844231529179
-2.51025562115725,1.12371250685819,-0.128360733899893,-0.271089128568491,-0.73167496665531,-0.0753834812575291,-0.361941561604642,-0.17781605518865,-0.785383257688553,-0.259716547206763
1.03121394568361,2.20030654188081,-0.553225173503637,-0.641942471858072,-1.7326155392938,-0.178509033362061,-0.857082177922722,-0.421070658962312,-1.85979744912255,-0.615012055912197
1.16359997813559,-1.86695338881766,-0.529767381995776,0.566522297767406,1.52905498467354,0.157536465004098,0.756385791715655,0.371600147513693,1.64129461820656,0.5427558673
-0.762068861600023,-1.50306977755757,0.40780508999406,0.437795565415427,1.1816189657574,0.121740602341363,0.58451776154503,0.287164154580207,1.26835520547516,0.419429407710093
2.85413587903775,-0.333448520617874,-0.201367856759056,0.0498815411435716,0.134631274760682,0.01387087797194,0.0665987713785768,0.0327189028926304,0.144513826462672,0.0477889382859831
-2.46010443182287,1.2878762203712,0.597177100485481,-0.369703549470152,-0.99783725617968,-0.102805821611116,-0.493605482199182,-0.242500417125415,-1.07108307734491,-0.354193950401127
-2.22074306240157,0.839142595717461,-0.15467712562184,-0.19085642341429,-0.5151252946771,-0.0530726617231172,-0.254819779375225,-0.125188850243286,-0.552937848756371,-0.182849720175584
-3.09083037785981,-0.14613540793253,0.0335837617729146,0.109597109301904,0.295804784638308,0.0304763664945424,0.146327331891009,0.0718882595515821,0.317518209569333,0.104999351918095
-2.15383922191303,1.81281058628861,-1.0217078471871,-0.424689073033951,-1.14624428132493,-0.118095996495277,-0.567018777558617,-0.278567185808568,-1.23038385731454,-0.406872751656479
-3.03544987356041,-0.53601396228633,0.956069650307152,0.162917703904512,0.439718133299385,0.0453035639741731,0.217517716315739,0.106862947922951,0.471995456635723,0.156083070392266
1.99131793770182,-1.06034248174762,0.281709549133893,0.25339042926416,0.683905824116395,0.0704618911726151,0.338311344862247,0.166206910591503,0.734107641473742,0.242760333958211
-0.20579493912983,-1.31496214388378,-0.17596241139346,0.408474064364875,1.1024796494125,0.113586985718819,0.545369493464822,0.267931241491618,1.18340670113267,0.391337986073298
0.634749043446831,1.54108759271355,-0.400866698574557,-0.446785758671287,-1.20588367672328,-0.124240562662101,-0.596520915649129,-0.293061110716302,-1.2944010572724,-0.42804244934501
1.22005804352038,-2.11375275777312,0.00887621745399945,0.602833974579496,1.62706092486369,0.167633884339386,0.804866913327769,0.395418141109035,1.74649464292687,0.577544216706426
0.916960835248054,-1.81390559297045,0.634082185799391,0.478270771318749,1.29086235403366,0.132995800739467,0.638557771589979,0.313713140460541,1.38561755839882,0.458206620135407
0.90087749473638,-1.5732751520893,-0.192329706160773,0.462163023911624,1.24738722240726,0.128516616785548,0.617051696148098,0.303147552245939,1.33895115314887,0.442774616048972
-1.31343825352224,1.74957512912551,-0.415623178903731,-0.464947445710439,-1.2549024323958,-0.129290898696418,-0.620769285191048,-0.304973943820035,-1.34701801394362,-0.445442227322704
-2.75032435809773,-1.45880056362472,0.85911677629456,0.438306035861788,1.18299673567681,0.121882552110905,0.585199310345915,0.287498988520401,1.26983411001196,0.419918463182292
-1.49382471347744,-1.30696204832963,0.155179783014494,0.412377014490895,1.11301378967254,0.11467230392847,0.550580472860921,0.270491311674704,1.19471409549687,0.39507720179177
2.05763000647446,1.15654106345807,-0.134275691962673,-0.381368548285003,-1.0293213207158,-0.106049582156483,-0.509179872472442,-0.250151864027732,-1.10487821630352,-0.365369585629888
2.52575386734584,-0.92631155718853,0.103426143506665,0.213545444774479,0.57636341600945,0.0593819424585318,0.285112767757875,0.140071307152068,0.618671128448288,0.204586904245952
-2.0960909893117,1.41729234553388,-0.174561009628437,-0.364697592563657,-0.984326078612437,-0.10141378327808,-0.486921835866221,-0.239216849413726,-1.05658011751088,-0.349398000633291
-1.02445657092063,-1.68119998684728,0.93842390381571,0.461207293030177,1.24480768568992,0.128250850609792,0.615775662949971,0.302520657703697,1.33618226663134,0.441858979461481
2.72910495388963,-0.925982161254249,0.649676595261606,0.172403921028508,0.465321622581806,0.0479414568123984,0.230183131036389,0.113085262025177,0.499478359204802,0.165171326976024
-1.11364764328632,-1.32948177070021,-0.469527443521091,0.452498527483251,1.22130255372538,0.125829148685227,0.604148253845268,0.296808299029284,1.31095175041031,0.433515559235725
3.25507728598495,-0.909975137581211,0.247304191401407,0.182938359137442,0.493754281216214,0.0508708351387699,0.244248066063143,0.119995137895343,0.529998105103882,0.175263830157038
-1.081944174961,-2.15144133014326,0.189511876723712,0.652827796205691,1.76199524688714,0.181535984860537,0.871615594713557,0.428210692371853,1.89133376170828,0.625440725146253
1.12642166605132,1.27136683832058,0.280945414128478,-0.422830435157173,-1.14122778061279,-0.11757915321835,-0.56453723837211,-0.277348045605425,-1.22499912249232,-0.405092086329125
-0.362345228577235,-2.08541612077747,-0.241524853909309,0.64608724912447,1.74380237583055,0.179661597985468,0.862616030070262,0.423789351323892,1.8718054506572,0.618982953772448
-2.41156768141912,1.07917692555388,-0.498063358608938,-0.235248590327401,-0.634940638868231,-0.065417074426595,-0.314089475288117,-0.154307096494799,-0.681548187541184,-0.225379571426283
-1.6112735581171,2.05607544150625,-0.160365411188952,-0.566856053974155,-1.52995579933451,-0.157629274719076,-0.756831402512754,-0.371819068915641,-1.64226155678619,-0.543075621950744
0.690471146011855,-1.92034430091797,0.357320782336357,0.533535011979675,1.44002164218489,0.148363480262706,0.712343192906337,0.349962728628144,1.54572582092177,0.511152445902202
0.90986358362752,-1.97456406400143,0.447055934234013,0.538854669077735,1.45437950282797,0.149842751206788,0.719445672476212,0.353452062358081,1.56113761424422,0.516248935684465
2.71709312062111,-0.619322461705188,-0.00597728015445763,0.125088473732873,0.337616286314263,0.0347841489069251,0.167010450624466,0.0820495424003287,0.36239886681694,0.119840831186477
0.688611246403853,1.53108758065385,-0.38511708993738,-0.446046969005706,-1.20388966867588,-0.124035122712507,-0.595534529043846,-0.292576514876397,-1.29226067990882,-0.427334652975343
-2.82754356773643,-0.300776725833688,0.289716565071558,0.132761103959498,0.358324868376808,0.036917726081115,0.177254475460519,0.0870822666819112,0.38462755357486,0.127191583468489
0.549776905672849,-2.04207117305831,0.542566666996692,0.560548671402628,1.51293204793188,0.155875340659177,0.748410172529717,0.367681854364261,1.6239881841221,0.537032843208419
-3.07533444313219,-0.0222397830108546,-0.901914789132629,0.134904635111374,0.364110301722495,0.0375137914462797,0.180116386657604,0.0884882775227488,0.390837664204921,0.129245190385649
0.332420248560711,1.9123783534338,-0.0396070388187837,-0.575010327518196,-1.55196434632029,-0.159896785519387,-0.767718487936897,-0.377167718498851,-1.66588563184195,-0.550887811915798
2.15396013458876,-0.0573386601195772,-0.49886067928108,0.00290918489328857,0.0078519480697407,0.000808975579492848,0.0038841650671634,0.0019082276898031,0.00842831699218083,0.00278714037579007
1.85540111780084,-0.976639634747981,0.0861308958654024,0.244517042202561,0.659956375399293,0.0679944118945598,0.326464143217693,0.160386571385031,0.708400193617127,0.234259198328623
-2.28299147968842,-0.680186909622377,0.0980483728242666,0.246709269523345,0.665873240676428,0.0686040185136862,0.329391070549921,0.161824523605089,0.714751383883897,0.236359458539916
-2.36881599878628,-0.345209929574485,0.716013348403513,0.107355390028116,0.289754339592573,0.0298529973327002,0.143334325941568,0.0704178439719889,0.311023634167625,0.10285167601287
2.00047968396972,-1.92540341616113,0.458341242500852,0.499351573411816,1.34775985947758,0.138857873696314,0.666703564339892,0.327540714764964,1.44669160113144,0.478403052064906
2.50251521196537,-0.987539172081658,0.323471588166827,0.217594030600827,0.587290629930336,0.0605077585153085,0.290518191000101,0.142726904462574,0.630400449878918,0.208465646036306
1.68531405572674,-2.10618947326592,0.0447528889840561,0.587902239097498,1.58675987288648,0.163481721514585,0.784930976809916,0.385623936839208,1.7032353092984,0.563238889142508
-3.14353134554307,0.956815639599251,-0.23693574208885,-0.200064734502231,-0.539978710023555,-0.0556332754591857,-0.267114151017903,-0.131228876862037,-0.579615618529901,-0.191671729283786
1.70519489953271,-1.35182196302651,0.323482285250035,0.343840894028883,0.928033433143569,0.0956140282255902,0.459075252429047,0.225536271821787,0.99615533424359,0.329416270793412
0.371989345066093,1.82071409163891,-0.582919647018411,-0.512192115962143,-1.38241674000966,-0.142428525178321,-0.6838474684391,-0.335963238511446,-1.48389245530039,-0.490704915267767
-2.24875833917215,-0.27522063669838,-0.176065233026136,0.143524378644924,0.387375161496811,0.0399107384523707,0.191624939035337,0.0941422438030177,0.415810271157357,0.137503323200355
-1.36722053712511,1.86319843269778,-0.385076430739475,-0.499688951483685,-1.34867044962476,-0.138951690566403,-0.667154010828942,-0.327762011864422,-1.44766903276271,-0.478726276638284
2.08441159257799,1.23392616108785,-0.977568184174401,-0.348609608651657,-0.940904289053696,-0.0969400950851751,-0.465442147429699,-0.228664224709532,-1.00997096988047,-0.333984930934752
1.62168288843789,1.27785728025229,-0.0226794154694537,-0.41538729516093,-1.12113859726073,-0.115509391854747,-0.554599614802666,-0.272465851327337,-1.20343530114489,-0.397961196830129
3.26169165448422,-0.942706046132996,0.295543754731335,0.189325516963098,0.510993347621374,0.0526469528118826,0.252775807067885,0.124184679594868,0.548502597877067,0.181383037466102
0.992453392323683,1.84092071496177,-0.711513964383575,-0.523316774056906,-1.41244241416163,-0.145522029736808,-0.698700428955806,-0.343260258602878,-1.51612215134639,-0.501362877851824
-1.50088084226477,-1.33680692926038,0.963436872747723,0.367349127567875,0.991482624491062,0.102151112511272,0.490462002619288,0.24095607627662,1.06426198660863,0.351938299905822
0.0832301712062991,1.28311684978699,-0.152581057744477,-0.37428571562862,-1.01020461406271,-0.104080013750616,-0.499723309142983,-0.245506006891483,-1.08435825589527,-0.358583888056279
-2.76665553144896,-0.191135484082157,0.010437603644416,0.117406443432421,0.316882333264912,0.0326479577943125,0.156753875386933,0.0770106523087956,0.340142946725674,0.112481073177343
1.59442672705125,1.04147221111484,-0.227661775339464,-0.330573088957704,-0.892223362543148,-0.091924565132056,-0.441360893642743,-0.216833492882524,-0.957716640577766,-0.316705069350937
-0.973165556510054,2.06665501997414,0.406500612697849,-0.622035828813716,-1.67888711254865,-0.172973466293183,-0.830504050249999,-0.408013253241589,-1.80212510996835,-0.595940525359649
-2.24658592098002,1.00654014989575,0.214039280767256,-0.264880305682694,-0.714917229810889,-0.0736569543174251,-0.353651922463159,-0.173743489096651,-0.76739542626865,-0.253768193428681
-0.583594171574718,-1.46185729604804,0.897541789323986,0.388792695239629,1.04935924146959,0.108114062003988,0.51909213769875,0.255021600160581,1.12638701214337,0.372482278872856
2.53134128536358,-1.18587621462016,0.406249670025379,0.270567372183194,0.730266735761544,0.0752383931350371,0.361244944510963,0.177473818439088,0.783871656202474,0.259216679257105
-3.27564244951417,1.03501095038081,0.0222153126091484,-0.237807753193704,-0.641847870503655,-0.0661287171508372,-0.317506312433603,-0.155985733509401,-0.688962441589313,-0.227831373705798
-0.708099115887216,-2.10051123792439,0.00411877117946698,0.641788054607186,1.73219876405279,0.17846609357322,0.856876009489411,0.420969371734193,1.8593500806715,0.614864116688514
1.7681552002336,1.27460840912262,-0.0253428971076871,-0.417475117590837,-1.12677367165435,-0.116089965940639,-0.55738714713428,-0.27383532103046,-1.20948401578769,-0.399961432086849
2.36816236620261,1.01579850007285,-0.157331942189353,-0.344711130723381,-0.930382219344592,-0.0958560204880455,-0.460237139037468,-0.226107087984402,-0.998676532100893,-0.330249999798855
-3.12282302194754,0.758338923256908,-0.379277643420427,-0.131806635087494,-0.355748737848134,-0.0366523108403654,-0.175980127219922,-0.0864561999321439,-0.381862323275825,-0.126277155947318
0.194707133747071,-1.26426297443336,0.189371256527711,0.360062779849425,0.971816626625016,0.100124951375375,0.480733718473271,0.236176727082982,1.04315241449858,0.344957625021599
0.274073928638142,1.92969454890031,-0.578635199437886,-0.542816966610381,-1.46507382292257,-0.150944572527939,-0.724735888886148,-0.356051060408868,-1.57261694637589,-0.520045009099946
1.19748698812674,-1.71282072139635,-0.520504065678759,0.519187825637044,1.40129829999749,0.144373866741613,0.693187710512388,0.340551948889485,1.50416000820201,0.497407144795083
-0.137875374367151,1.90703836673758,-0.157312258838595,-0.555154805559929,-1.49837389640644,-0.154375434016642,-0.741208613999866,-0.364143844738311,-1.60836139764991,-0.531865257845776
2.25647016795403,0.755266335191948,-0.164938417261033,-0.264038162084195,-0.712644267436469,-0.073422774081173,-0.352527544031809,-0.173191100096849,-0.764955618053828,-0.252961378973194
-2.90496948832013,-0.0732891970312695,0.161953627777448,0.0751778666017421,0.202906561873247,0.0209051883706271,0.100372872123736,0.0493115741941047,0.217800832108376,0.0720240462731877
2.71717602688385,-0.0104809453027592,-0.665595909121104,-0.0123469431120165,-0.033324645800015,-0.00343339314116877,-0.0164848804325175,-0.0080987560416417,-0.035770827310623,-0.0118289709755037
-0.728806037777176,-1.78633388665923,-0.396027638615343,0.575325509038696,1.55281502753248,0.159984430053009,0.768139298953262,0.377374456168264,1.66679875694822,0.551189771115267
-0.118062519589235,-1.794150463263,0.907817892610243,0.476921588136503,1.28722088170648,0.1326206247755,0.636756425034876,0.312828167933386,1.38170878533777,0.456914037140683
2.74569998482133,-0.373045135808338,0.142364046313212,0.0410844318839463,0.110887701352967,0.0114246097482925,0.0548534111723264,0.0269485967432456,0.119027366105332,0.0393608804941587
-1.72922783331611,-1.74479744683005,-0.184391386890835,0.570871758160894,1.54079426505405,0.158745947168818,0.762192924208462,0.374453098103978,1.65389561549134,0.546922861533869
-3.01325365251413,0.173542399941633,-0.212096579769916,0.0289874901353412,0.0782378142207142,0.00806073607916082,0.038702317212008,0.0190138246151911,0.0839808278366911,0.0277714229629789
2.55655927395132,0.683583084450761,0.276714107419297,-0.278841115911562,-0.752597735158441,-0.0775391257707223,-0.372291539190637,-0.182900832348458,-0.807841853152013,-0.267143327459312
-2.84474562489224,-0.270358467594259,-0.286575231697071,0.162631885575696,0.43894670392739,0.0452240846503539,0.217136109230227,0.10667547051285,0.471167400817408,0.155809242556083
2.02593947232848,1.52951079789004,-0.181180865581328,-0.488758869127386,-1.319169939273,-0.135912292923272,-0.652560835892726,-0.320592620241279,-1.41600304994324,-0.468254727058802
1.03079087359204,-1.73262021602852,0.214614947896351,0.479583920370359,1.29440656952332,0.133360956463133,0.640311007586086,0.314574477045543,1.38942193552538,0.459464680683438
-3.15174150846823,-0.939708630388008,0.323379919014849,0.328214087442718,0.885856370388459,0.0912685825501264,0.438211299645115,0.215286148118852,0.950882282060642,0.314445031364306
0.704773396305752,2.01585168035905,0.192462448168168,-0.629621170850616,-1.69936010204559,-0.175082770684289,-0.840631533253978,-0.412988722399576,-1.82410091058817,-0.603207651317849
-0.774150493417655,-1.852326867435,-0.264101697847245,0.587179950535309,1.58481040164635,0.16328087013195,0.783966621464837,0.385150164602326,1.70114273794758,0.562546901631061
-1.42140828208823,1.53939157316838,-0.775052412880842,-0.375829808531822,-1.01437215161551,-0.10450938950258,-0.501784887191497,-0.246518826956758,-1.088831709777,-0.360063204027021
-1.30961176695116,-1.48594866561336,0.287447010297157,0.45283620289416,1.22221394639657,0.125923048238277,0.60459909732315,0.297029791162956,1.31193004347452,0.433839068674341
0.611568832355755,-1.75694347753413,0.33228204700016,0.48822288387499,1.31772330438305,0.135763248089045,0.651845221289242,0.320241050321365,1.4144502254319,0.467741227163615
2.8258108054058,1.01506315705399,-0.524800365333631,-0.330010307542457,-0.890704404275036,-0.0917680689180901,-0.440609502447707,-0.216464346499853,-0.956086183821323,-0.316165897430722
-3.0481131265737,-0.113651215788839,0.893616269624838,0.041417327503523,0.111786193271988,0.011517180154312,0.0552978729662655,0.0271669536584612,0.119991811443122,0.0396798106606072
2.21540277348755,0.98475496569474,-0.0538178966558808,-0.339005976241999,-0.914983893572654,-0.0942695518303402,-0.452619967028059,-0.222364894155095,-0.982147898747483,-0.324784184806531
-1.86315523463212,-1.59989507048277,0.599236278649641,0.478179992606112,1.29061734047707,0.132970557324437,0.638436569426005,0.313653595791003,1.38535455972589,0.458119649721173
-1.18854646698428,1.63568142154561,-0.587592182174119,-0.422232585372608,-1.13961417211622,-0.117412905319485,-0.563739026043297,-0.276955896754425,-1.22326706774749,-0.404519317208447
-1.92593781211799,-1.52932143496642,0.668206328954681,0.45390466791909,1.22509775481639,0.126220163115611,0.606025646228616,0.297730631646097,1.31502553662999,0.434862710044806
2.98184470170393,0.494763645078406,-0.102304007001818,-0.206561325010586,-0.55751313742267,-0.0574398237756397,-0.27578799982223,-0.135490198968429,-0.598437153145705,-0.197895778416099
2.30271449310522,-1.57156268699453,0.126359957082304,0.409366784680738,1.10488911935617,0.113835230145124,0.546561398824163,0.268516805382697,1.18599303719705,0.392193255479643
-3.21465792486221,0.353943424481178,0.0881599637287881,-0.0404559899320867,-0.109191523986505,-0.0112498548905466,-0.054014354059874,-0.0265363815084082,-0.117206681557686,-0.0387588025918883
1.11626261828767,-2.27837749232541,0.665182015316859,0.61030511600486,1.64722568463162,0.169711432238799,0.814841922686295,0.400318702422688,1.76813958834497,0.584701932934056
0.349201487975241,1.74342092682388,0.522244177029787,-0.562589696439083,-1.51844081522689,-0.156442901495696,-0.751135223854606,-0.369020628155892,-1.62990132014722,-0.538988244290085
-1.51486949644153,1.50368492065779,0.184313213800883,-0.427312622719405,-1.15332529426986,-0.118825543672569,-0.570521580032161,-0.280288056203196,-1.23798464901559,-0.409386239634878
0.369032262448879,-1.8970176687162,-0.294470176104889,0.577291972097559,1.55812255056234,0.160531256965339,0.770764799703223,0.378664322367059,1.67249587645813,0.553073738202234
1.88245682291217,-1.50308087751424,0.0537080062452423,0.403086962063074,1.08793975281888,0.112088959857197,0.538176965199547,0.264397668289099,1.16779950958784,0.386176880511221
-3.00434336223285,0.804082188827833,0.36194961947615,-0.197664060896889,-0.533499244065571,-0.0549657048535721,-0.263908919003588,-0.129654198037579,-0.572660530117589,-0.189371767411312
2.73360587852906,-0.825712139098134,-0.198039923963994,0.19912612176682,0.5374453755239,0.0553722694353678,0.265860972917437,0.13061321066088,0.576896325684269,0.190772492711326
-2.05949314260808,-0.69253142719375,0.702128450410969,0.205032809367968,0.553387643206985,0.0570147796917786,0.27374721957572,0.134487596528045,0.594008828774432,0.19643138621731
2.56966555388131,0.379467682216765,0.514819563159794,-0.204368520456286,-0.55159471418076,-0.0568300566415117,-0.27286030180325,-0.134051868122393,-0.592084290552416,-0.195794965187072
-3.08037487571652,0.606290465960867,0.529383328137604,-0.148202193534769,-0.400000677214172,-0.0412115282440415,-0.197870470293151,-0.0972105726401324,-0.429362557508532,-0.141984896984145
1.46571658995919,1.45225967025868,-0.264835283680576,-0.447750043223763,-1.20848629996938,-0.124508707411661,-0.597808369183681,-0.29369361588575,-1.29719472497557,-0.428966280764647
-0.199532690570695,-1.52998722629467,0.197558219518338,0.447467606706695,1.20772399817477,0.124430168489782,0.597431277285598,0.293508356714453,1.29637646674059,0.428695692868315
-2.27178196504407,2.02308819403612,-0.803728964764412,-0.499380222387358,-1.34783718363415,-0.138865840299483,-0.6667418146932,-0.327559506546999,-1.44677460123498,-0.478430499174452
0.94961986173478,1.93313936558055,0.502747371921979,-0.631124498150492,-1.70341761242167,-0.175500810485194,-0.842638683571637,-0.413974802997987,-1.82845626079489,-0.604647911861336
2.08423532183085,-1.92514243273233,0.35443920612631,0.504376505264612,1.36132225080346,0.140255188513569,0.673412544856233,0.330836728752593,1.46124953404838,0.483217180752577
1.3573659215762,-1.77360504197961,0.351321826570116,0.475446291949037,1.28323902786206,0.132210379764627,0.634786700137605,0.311860473840763,1.37743464519838,0.455500631763864
-2.09380830237005,1.88991269744073,-0.107341078858745,-0.510193170867191,-1.37702154731633,-0.141872665779252,-0.681178599668709,-0.334652066303249,-1.47810123077249,-0.488789828813144
-2.07887594357822,0.945667481875461,-0.341920384718859,-0.213228722040667,-0.575508575031781,-0.0592938693499043,-0.284689899008114,-0.139863558551405,-0.617753538230714,-0.204283468489299
2.80820772013906,0.655671646744392,-0.572682091949922,-0.21923803860909,-0.59172784034515,-0.060964918297158,-0.292713169562847,-0.143805262050249,-0.635163371844892,-0.210040685528819
1.38901094594334,1.85231375516013,-0.312208769244907,-0.562192065529953,-1.5173676014698,-0.156332329735242,-0.750604331476321,-0.368759809287736,-1.62874932758883,-0.538607294573188
-0.196008257504143,-1.98787975072446,-0.189537689097072,0.609847104124955,1.64598950142971,0.169584069957077,0.814230413342775,0.400018277738953,1.76681266363869,0.584263135315514
-3.07978599342248,-0.818112273404877,0.869155026248103,0.25384150353155,0.685123282563712,0.0705873242682214,0.338913591531455,0.166502784672651,0.735414466942742,0.243192485007126
1.75612250981638,-2.0923514823545,0.179505413308206,0.573194637927809,1.54706376389001,0.159391885146107,0.765294290665674,0.375976749454409,1.66062532423397,0.54914829313205
-2.48206241111563,0.0843571054174413,-0.251370538262216,0.0464810424574014,0.125453260961481,0.0129252796355966,0.0620586342981773,0.030488406726141,0.134662104447802,0.0445310954421298
0.474369648221214,-1.96890356938081,-0.555950772021993,0.613900563948129,1.65692987036527,0.170711241357206,0.819642344046336,0.402677072060321,1.77855610572228,0.588146546631472
-3.04666845585863,-0.0294012718202519,0.0408664066062868,0.0733214185730193,0.197895971604704,0.0203889540387017,0.0978942566879121,0.0480938703825451,0.212422441583359,0.0702454789265932
-2.97961745391889,-0.837594309685591,1.05970742166847,0.244688500010192,0.660419143442937,0.0680420902595913,0.326693063156204,0.16049903606093,0.708896930953014,0.234423463233028
1.13424224079535,1.67744590549386,-0.274506498370938,-0.506938204097025,-1.36823632706201,-0.140967536430066,-0.67683276786798,-0.332517029188713,-1.4686711351463,-0.485671412610753
-2.86430373037737,-0.441582428400433,0.286135932423809,0.175804344001297,0.474499432029082,0.0488870340946397,0.234723167028931,0.115315708528832,0.50932986186738,0.168429097282782
0.712526948913625,1.49781315162533,-0.32185092984215,-0.440885330762458,-1.18995830407465,-0.122599793078217,-0.58864302654773,-0.289190830782122,-1.27730668938954,-0.42238955292819
-2.76335916504651,-0.542278475364579,0.00364048989076507,0.222508058391456,0.600553688979725,0.0618742335333587,0.297079099221322,0.145950172918344,0.644637078160383,0.213173523247759
2.12285972602959,1.56888818122503,0.111455153060672,-0.522224364399701,-1.40949397870156,-0.145218256423012,-0.69724191064735,-0.342543712067354,-1.51295728723016,-0.50031629636107
1.07662105354098,1.63449528336701,-0.264992853583358,-0.493493256160017,-1.33194814433244,-0.137228814091144,-0.658881898802478,-0.323698056561518,-1.42971923373299,-0.472790499702096
0.369695294133604,-1.90126394916166,0.535237057764955,0.523024133341117,1.41165257103108,0.145440653268374,0.698309713038052,0.343068306170318,1.51527433011537,0.501082513837677
2.630078593471,0.700224256198876,-0.0816906604095411,-0.261445135415014,-0.705645636721442,-0.0727017146334973,-0.349065494015706,-0.171490250727685,-0.757443255815369,-0.250477133526352
-1.64173067466082,1.07306697642358,0.0997149562343665,-0.290428942680969,-0.783873510804205,-0.0807614265937021,-0.387762894086611,-0.19050165963071,-0.841413413862492,-0.278245028121647
2.21685901486786,-1.27762454301202,-0.488251461577113,0.364729770152234,0.984412926566001,0.101422731105159,0.486964797407024,0.239237955726239,1.05667334050169,0.349428828325449
2.57285362114693,1.18202439952117,-0.384358857716843,-0.383613165882512,-1.03537958839508,-0.10667375727367,-0.512176748085779,-0.251624180710823,-1.11138118855588,-0.367520038269959
-2.08322029246231,1.56991184471954,-0.236553248222897,-0.406348602182242,-1.0967429845753,-0.11299594490706,-0.54253170684617,-0.266537082667308,-1.17724893884281,-0.389301690105965
1.79512221472448,0.887531800061951,0.344023450817077,-0.327350818974988,-0.883526391570511,-0.0910285279868875,-0.437058716585277,-0.214719902639695,-0.948381272134403,-0.313617978258432
2.19252326288471,-1.3754414828122,0.502481261379206,0.328144190523786,0.885667717209709,0.0912491458685225,0.438117977570109,0.215240300487632,0.950679780875209,0.314378066722303
1.9626488797825,1.13611358189848,0.580377338755429,-0.420999574051786,-1.13628624996083,-0.117070034005227,-0.562092785025477,-0.276147125077636,-1.21969486087579,-0.403338032497393
-0.171219863702607,1.90791536409991,-0.740621664742827,-0.515647986276533,-1.39174420293818,-0.14338952105613,-0.688461534318092,-0.338230054705047,-1.49390459669461,-0.494015806819882
-2.9362914884393,1.07029533728446,-0.54680051939557,-0.217749761588399,-0.587710950972866,-0.060551063623281,-0.29072611345398,-0.142829053412725,-0.630851624409552,-0.208614843883519
-1.45266412065024,-1.54819630677461,0.259873475082773,0.476404483861219,1.28582520695045,0.132476830294881,0.636066019152881,0.312488982652007,1.38021066166741,0.456418626138288
-2.11925208768231,1.88977742125465,-0.1305212595844,-0.508039791567837,-1.37120953362411,-0.14127386187697,-0.678303539829715,-0.333239595746581,-1.47186258867682,-0.486726786892548
0.638515364661186,1.91267570217666,-0.557397447781879,-0.547211580344515,-1.47693497307036,-0.152166610769792,-0.730603307347304,-0.358933628523672,-1.5853487592266,-0.524255262426458
-2.2465551765673,1.41160197098109,0.00950856745316304,-0.371994420371565,-1.00402036244902,-0.103442858679227,-0.496664112384282,-0.24400307283421,-1.07772005191116,-0.356388715952049
-3.02492522766952,-0.799557788511658,0.00432046975245235,0.304966528888512,0.823110746025776,0.0848039858183859,0.407172586691052,0.200037328748246,0.883530841716939,0.292172741543728
3.36779369406423,-0.209987437574496,-0.0806730414341697,-0.0063583672963366,-0.0171613601921108,-0.00176811170718259,-0.00848930165751933,-0.00417065706782647,-0.018421082568479,-0.00609162458412539
-1.26685932707949,1.45446096534799,-0.408588252202911,-0.378436514529218,-1.02140770311031,-0.105234252848212,-0.505265201006824,-0.248228649036091,-1.09638370294944,-0.362560554934458
-1.35383661772282,0.974052299728174,-0.0415388731333761,-0.257806692499742,-0.695825406700537,-0.0716899496292776,-0.344207668408618,-0.16910367930876,-0.746902175969046,-0.246991328558246
-0.677934561111433,-1.64067711191698,0.521315168767614,0.46937985413082,1.26686559115584,0.130523446747488,0.626687164796968,0.307881302681894,1.35985932330556,0.449688689793665
-0.846445419280397,1.5861177425507,-0.848691998932856,-0.397535605765553,-1.0729565314137,-0.110545258840421,-0.530765135083162,-0.260756355621991,-1.15171645116141,-0.380858411646313
-1.57589251981964,1.29456239480639,0.187471194207654,-0.363810652973514,-0.98193221096282,-0.101167146335008,-0.485737648576969,-0.238635077286077,-1.05401052902034,-0.348548269442855
2.17818344296441,-0.137923187435609,0.338997769654512,-0.0296584666257155,-0.0800487931552572,-0.00824731878704539,-0.0395981638289805,-0.0194539396182261,-0.085924740912901,-0.0284142510183021
-2.11190528580691,-0.936359208064046,-0.0685991661144017,0.330478832259647,0.891968961834526,0.0918983545714597,0.441235047886159,0.216771666890785,0.957443565692876,0.316614766857807
1.61774514321289,-1.79395379717976,0.290089854804458,0.479861456079503,1.29515564393956,0.133438132586127,0.640681556226302,0.314756521619718,1.39022599543189,0.459730573367833
3.08432353209185,0.21727076064805,0.801411998836711,-0.18654115776247,-0.50347830658659,-0.0518726883080895,-0.249058301602191,-0.12235832908093,-0.54043591843805,-0.178715486164472
1.78456450642539,1.42176912810805,-0.216299282123599,-0.448946749068322,-1.21171623291999,-0.124841483030811,-0.599406137358482,-0.294478573636082,-1.3006617497864,-0.430112783066722
-0.334810534219855,-1.77138148816035,-0.661013373914073,0.579896086149886,1.56515110634569,0.161255399552291,0.774241652912619,0.380372444306479,1.68004036040188,0.55556860590045
-2.47054750529569,-0.348393078792225,0.419447331819468,0.130396096812914,0.351941666902613,0.0362600734749412,0.174096863112282,0.0855309826318306,0.377775795899998,0.124925791795198
2.66149098836065,-0.140436015148871,0.162050120806872,-0.027742877042167,-0.0748785786502737,-0.00771463858614215,-0.0370405862200061,-0.0181974429637651,-0.0803750090019753,-0.0265790231907178
-2.04755003905216,0.12004010043106,-0.291319010164909,0.0289161135634231,0.0780451674290338,0.00804088794102328,0.0386070195951746,0.0189670064321146,0.0837740398888612,0.0277030407415748
-2.25787191819916,1.26420684940875,-0.120029648347306,-0.319119583511517,-0.861310122828678,-0.0887396158952686,-0.426068876331202,-0.209320771264814,-0.924534227595069,-0.305732055037876
1.00773067432171,1.84641551883671,-0.738302859656646,-0.523500302215519,-1.4129377603234,-0.145573064581245,-0.698945464485921,-0.343380640609169,-1.51665385818336,-0.501538706738515
-2.45610719801364,-0.905379613409532,0.166871451206719,0.313085456876114,0.845023894649531,0.0870616678546096,0.418012480898192,0.205362794047203,0.907052515734312,0.2999510687496
0.333268103252348,-1.50550627792061,-0.055631587435943,0.445341601610205,1.20198586800224,0.123838976706508,0.594592765801695,0.292113841775528,1.29021713155307,0.426658876763147
2.86200110109716,-0.967574961920382,0.0763013297234039,0.220240013532437,0.594432190654218,0.0612435438482949,0.294050944966677,0.144462489542949,0.638066233842995,0.211000626153711
2.27129308114593,1.62614710578615,-0.286228427642339,-0.515967811796763,-1.3926074183983,-0.143478456976347,-0.68888854571779,-0.33843983852285,-1.49483117611998,-0.494322215196572
3.26416488144832,-0.0736760122911097,0.884239071640279,-0.109287841891724,-0.294970065727867,-0.0303903665352596,-0.145914417031659,-0.0716854011368346,-0.316622218470808,-0.104703058723456
-2.16284279238867,0.219970742325271,0.280750836709125,-0.0366192086744401,-0.0988359748223745,-0.0101829366797266,-0.0488917192745503,-0.0240197136085957,-0.106090987693158,-0.0350829798619781
0.974779198075049,1.39054429185004,-0.139522082398059,-0.426887571294401,-1.15217807199334,-0.118707346914553,-0.569954077464498,-0.280009251339107,-1.23675321537376,-0.408979019732441
-2.09535555133143,-1.08922306380907,0.832780481661231,0.315385657335625,0.851232181582319,0.0877012992523853,0.421083567336498,0.20687156931242,0.913716519339939,0.302154772470151
-2.00980717731976,-1.1981439911929,0.928089193404258,0.339601651275963,0.916591632373966,0.0944351949824487,0.453415275763383,0.222755616517416,0.983873652934562,0.325354870410544
-2.79381070356352,1.19011487799877,-0.545281031345392,-0.256731397731761,-0.692923164667957,-0.0713909355617771,-0.342772000849526,-0.168398358978074,-0.743786896089282,-0.245961143962338
-1.45697718975451,-1.87452600715224,0.162042669618098,0.580365701362752,1.56641860717477,0.161385988446742,0.77486865431395,0.380680479988505,1.68140090159248,0.556018520075339
0.858576639352083,1.72714141492248,-0.113875440981557,-0.526418943178057,-1.42081523051271,-0.146384669670165,-0.702842254716214,-0.345295070838116,-1.52510957073549,-0.504334906487761
1.26987487697376,-1.8913734612553,0.0314326432801292,0.533905332264637,1.44102114402247,0.148466457583885,0.712837621815901,0.350205633581862,1.54679869076841,0.511507230715147
2.71374940052085,0.463557337402219,-0.00834932581962291,-0.197620697131709,-0.533382204398175,-0.054953646415091,-0.263851022366533,-0.129625754353012,-0.572534899202979,-0.189330222818852
1.15139673472999,1.40844414926277,-0.78597515890888,-0.392869315589014,-1.06036212112749,-0.109247673799211,-0.524534990915023,-0.257695586214013,-1.13819755352239,-0.376387879097424
2.87877016767388,-0.339011432848775,0.469281977857506,0.00612019793370803,0.0165185363305277,0.00170188243499217,0.00817131254636842,0.00401443414308936,0.0177310724935985,0.00586344677102396
2.82302704584617,-1.29152828149014,-0.00281797320969789,0.323005973950168,0.871799568162118,0.0898203292471412,0.431257746249367,0.211869979417768,0.935793646220504,0.309455405771835
3.00942418331806,-0.735416462677074,-0.761695966540328,0.203822890372612,0.550122047698757,0.0566783298075977,0.272131810013165,0.133693971848265,0.590503523611035,0.195272225075242
2.71382971917897,-1.18078586278231,0.617818650334457,0.250861861420275,0.677081169056895,0.0697587562011965,0.334935356312386,0.164548341833505,0.726782025500119,0.240337843195636
-2.53354902948135,0.688995560756772,-0.333460082567763,-0.127207105690807,-0.343334516238722,-0.0353732903945822,-0.169839117946424,-0.083439221061165,-0.368536840987101,-0.121870583466925
3.05449763052021,-0.831806284577641,0.0356690212873171,0.178217886266195,0.481013630755955,0.0495581831704101,0.237945580487444,0.116898828319881,0.516322232592771,0.170741387955915
0.149378275319186,1.80849929968177,-0.191449549078691,-0.529827912393625,-1.43001610643975,-0.147332623460589,-0.707393701127438,-0.347531123096548,-1.53498583306301,-0.507600864510043
2.56771651730305,0.409222094695983,0.223882514684404,-0.193731040764012,-0.52288394425708,-0.0538720248855194,-0.25865779198041,-0.127074403972436,-0.561266018722666,-0.185603743166299
-2.77858970328461,-0.569547853161152,0.134459391863508,0.222223146724095,0.599784706705088,0.0617950063306672,0.296698702654523,0.145763290216574,0.643811649067572,0.212900564037271
-1.16045900978547,1.63812768559411,-0.43714457625555,-0.433649597206818,-1.17042891484386,-0.120587706545067,-0.578982319324565,-0.284444681041429,-1.25634375361376,-0.415457368869381
-3.29628703295897,-0.293085387022296,-0.227357292913034,0.175419678912352,0.473461213279353,0.0487800678224175,0.234209585817752,0.115063394358041,0.508215433110054,0.168060569451144
-2.44715461155921,0.268165335270218,0.771679690946637,-0.0775631299569866,-0.209344435258758,-0.0215684737498079,-0.103557529318195,-0.0508761449412067,-0.22471127486305,-0.0743092443778635
-3.06370633377549,0.280498018577901,0.066940827578728,-0.0204667397181774,-0.0552401388425907,-0.00569131671968966,-0.0273259343658309,-0.0134247910953747,-0.0592950178378869,-0.0196081303601284
-2.32975715171377,-0.661662741677719,0.651588382157167,0.205177835492603,0.553779071610871,0.0570551080303069,0.273940849553805,0.134582723815214,0.594428989814519,0.196570328286082
2.38210461289773,-0.787120823424454,-0.258772574647288,0.199444281035105,0.538304093736772,0.0554607420102893,0.266285759639834,0.130821901530584,0.577818077743855,0.191077304737751
0.174261112981046,1.84464513396077,-1.0137546673945,-0.486132823571091,-1.31208218992288,-0.135182051703273,-0.649054701085664,-0.318870112724907,-1.40839502735402,-0.465738847914957
2.10993393083179,-1.29269060462034,0.0758325467722806,0.333838894407934,0.901037836611208,0.0928327084620677,0.44572119658368,0.218975639434988,0.967178137381504,0.319833869535075
-0.223419106414615,-1.86650053030616,0.305679593202456,0.54111690833314,1.46048533171349,0.150471826490664,0.722466075445332,0.354935937651839,1.56769163891302,0.518416270728374
2.91049407627479,0.912991109757157,-0.303621679517627,-0.316240255054843,-0.85353875787704,-0.0879389426853388,-0.422224573745242,-0.207432127369495,-0.916192408890645,-0.302973518577965
1.75782453964831,-1.84718985752058,0.961083410143761,0.447744748514318,1.20847200944296,0.12450723507807,0.597801300012687,0.293690142915986,1.2971793854591,0.428961208175928
-2.30696851543602,1.1110174243658,-0.217376124516096,-0.265836444561353,-0.717497867720845,-0.073922833947566,-0.354928500394116,-0.174370651257353,-0.770165494811381,-0.25468422089731
-1.95041886756893,2.00332070517907,-0.675757374663597,-0.509145761478078,-1.37419456847767,-0.141581405976729,-0.679780162955526,-0.333965036887046,-1.47506673874952,-0.487786359764095
3.27932752990859,-0.0852061498774521,-0.0692572003092673,-0.042381307131656,-0.11438799352121,-0.0117852401116174,-0.0565849193845559,-0.0277992588182513,-0.122784595737669,-0.0406033499479199
-0.00647323064823826,1.9314698695185,-0.439038224849142,-0.546491410925499,-1.47499122143994,-0.151966348670801,-0.72964178135209,-0.358461246300773,-1.583262327331,-0.523565305157059
-1.06229457598421,-1.67346577940605,0.261632739414567,0.505023659863909,1.3630689339787,0.140435146916418,0.674276585946725,0.331261218213132,1.46312443176231,0.483837186279637
2.05284912335673,-1.67935633044404,0.00499317852082544,0.455153197165944,1.22846756016374,0.126567349598435,0.607692605828588,0.29854958202834,1.31864270111162,0.43605886168243
0.075184927086108,1.69083095759669,0.0840432180747772,-0.511532161709239,-1.38063551031396,-0.142245007494239,-0.682966338036914,-0.335530353347529,-1.4819804751933,-0.490072647051097
-1.7167099813464,1.15350688858686,-0.462213900091944,-0.275160904932229,-0.742664772299298,-0.0765157460547991,-0.367377947428664,-0.180486863916516,-0.797179765361209,-0.263617506657895
1.70824291939361,1.45508438545349,-0.172555993388536,-0.460123639315443,-1.24188288269328,-0.127949512116707,-0.61432883503835,-0.301809854471704,-1.3330427697095,-0.440820786588736
1.01468457875713,-1.67181635427342,0.215929934451789,0.461718420306481,1.24618722840645,0.128392983028221,0.61645808870987,0.302855922479719,1.33766307409668,0.442348664208655
-0.528669252391006,-1.77026616438685,0.26134148908841,0.52212595055827,1.40922835778003,0.14519088985907,0.69711051452815,0.342479159271925,1.51267216851738,0.500222011122746
-0.866161556944963,-1.78764879203945,0.267791413296384,0.534332040814599,1.44217283891231,0.148585115149197,0.713407336875074,0.350485525407367,1.54803492533385,0.511916038223752
-1.16087636846601,-1.59481609877119,0.854397836464181,0.444080962734362,1.19858337852464,0.123488422821992,0.592909638168537,0.291286948299189,1.28656488377646,0.425451123512998
2.58163404714033,-1.34855255645638,0.470707236561738,0.31365760763831,0.846568140971993,0.0872207694625797,0.418776381470066,0.205738086085081,0.908710116804022,0.300499216959098
2.12935358149931,-1.23372275954342,0.400768576732349,0.294081346902274,0.793731422668641,0.0817770739072465,0.392639359972392,0.192897388718101,0.851994941572111,0.281744208698787
-2.00263704412703,-1.25766288088318,0.735587872645094,0.370074462331962,0.998838357393993,0.102908963713915,0.494100702280975,0.242743710769296,1.07215766396985,0.354549302931465
-0.544502961335844,1.20022887992557,0.00807694993989197,-0.346452904613493,-0.935083301825099,-0.0963403666515877,-0.46256264860356,-0.22724957335003,-1.00372269554978,-0.331918703752952
-2.59374602725208,1.23507998236942,-0.94914482471719,-0.247535288543877,-0.668102682493205,-0.0688337148858035,-0.330493920434699,-0.162366335976973,-0.717144476932975,-0.237150824866823
3.60527662648095,0.296964768666209,0.0071304681698071,-0.168664463078009,-0.45522875096542,-0.0469016019137042,-0.225190436355842,-0.110632431604376,-0.488644624622157,-0.161588744699646
2.74133325324869,-1.11654832084369,1.01036176428521,0.20483031866356,0.552841116755785,0.0569584718114105,0.273476866418621,0.134354776379704,0.593422184780558,0.19623739029107
-1.08095538797903,-1.68512891920461,0.247789119193513,0.509840376348338,1.37606934787115,0.141774561959523,0.680707570086101,0.334420657061699,1.47707913553033,0.48845183453505
2.61159707294943,-1.09974319096344,0.154174766261272,0.259975348839526,0.701678653429675,0.072293001715532,0.347103125214098,0.170526170566291,0.753185077795249,0.249069006625312
-0.906070538005889,1.55972132693034,-0.471997202232495,-0.413553062761282,-1.1161879674183,-0.114999335164348,-0.552150660310909,-0.271262719459502,-1.19812127241567,-0.396203913134812
3.17591415192241,-0.786770534631975,0.0750196477638108,0.159472403030314,0.430419197500822,0.0443455072079422,0.212917762104406,0.104603064564208,0.462013936393343,0.152782304877026
1.52307561633142,-1.03029277296897,-0.406037275313079,0.300790629172657,0.811839909377,0.0836427667771584,0.401597181759683,0.197298222173748,0.871432674077617,0.288172026865826
2.67089788728715,-1.48073608618263,0.336860607346706,0.360062872610569,0.971816876989194,0.100124977170057,0.480733842322256,0.236176787927992,1.04315268324064,0.344957713891279
3.3726350622518,-0.128435423707399,0.351315296599937,-0.0596924695076952,-0.161111166158703,-0.0165990653336439,-0.0796977206121866,-0.0391542055130604,-0.172937463073454,-0.0571882840033061
-2.72356957969397,1.70640701690486,-0.745132354747618,-0.398880929816147,-1.07658758786755,-0.110919361671061,-0.532561329162606,-0.261638796820907,-1.15561404377637,-0.382147297405545
2.30526507767991,1.36580437755316,-0.537240599146025,-0.422281033698265,-1.13974493511379,-0.117426377654095,-0.563803711273347,-0.276987675565307,-1.22340742934751,-0.404565733056711
1.99681645891274,-0.57646068623982,-0.195015259473367,0.140863237872218,0.380192689457389,0.0391707380819308,0.188071947249909,0.0923967162084478,0.40810057279995,0.13495382113523
-2.95688425807127,-0.0936585080251475,0.289290500680061,0.0738783783948152,0.199399217275944,0.0205438314050839,0.0986378752487756,0.0484591981953323,0.214036032366411,0.070779073477631
-2.719992533555,0.191446727578439,-0.0157957604878172,0.00403570398532654,0.0108924455749559,0.00112223392116566,0.0053882241989432,0.0026471476977675,0.011692000928992,0.00386640036121099
-2.9849438566387,0.20744571296075,0.319705075649674,-0.0173338684017372,-0.0467844566538724,-0.00482013923126651,-0.0231431169191613,-0.0113698403054085,-0.0502186498794308,-0.0166066875304378
-2.48727143152597,-0.615418171663032,-0.378937658710874,0.263822619831406,0.712062514595788,0.0733628368735869,0.352239765248578,0.173049719019268,0.764331161892272,0.25275487902992
-2.68653190244206,-0.387774682174794,-0.0459886572223711,0.178055308681349,0.480574830610781,0.0495129741855097,0.237728516877215,0.116792188466959,0.51585122250879,0.170585630736095
2.78344111443659,-0.984129302704644,-0.520559472777205,0.266850694419785,0.720235348324612,0.0742048728681133,0.356282664537682,0.175035930273721,0.773103919019434,0.255655921505991
2.18611760273168,-1.22431272823259,0.162253528441457,0.305981511397117,0.825850204066977,0.0850862284716349,0.40852772902415,0.200703088333363,0.886471388515383,0.293145144066847
0.735334160144656,-1.87085532082093,0.280809374019466,0.522905065546851,1.41133120467876,0.145407543328168,0.698150741029027,0.342990205784706,1.51492937400208,0.500968441109739
-1.49364671101882,1.88121484719042,-1.06838629747327,-0.456546267408195,-1.23222748454149,-0.12695472951681,-0.609552547691871,-0.299463341485925,-1.32267862114584,-0.437393490611464
0.739869038902392,-1.86834757928122,0.480520228360393,0.50869346321998,1.37297380645501,0.141455632518227,0.67917628208907,0.33366835995113,1.47375636720763,0.487353036072654
1.79464736856184,1.39290224123722,0.152012278530393,-0.465206038055702,-1.25560037829498,-0.129362807117517,-0.621114541814793,-0.305143562834193,-1.34776719226593,-0.445689971344755
1.61476627868145,-1.1853678702378,0.00891323817446195,0.317246581346584,0.856254852616223,0.0882187782492106,0.423568158829012,0.208092209064305,0.919107877413781,0.303937628025049
0.559274246427401,-1.93006134531032,-0.187569691897187,0.57579158880372,1.55407298611729,0.160114035822952,0.768761580041685,0.377680172836643,1.66814905545015,0.551636298159469
0.585174071318612,-1.86805994640078,0.237114837219052,0.528311608167243,1.42592357108012,0.146910975083047,0.705369224814194,0.346536530515779,1.53059288687866,0.506148171440901
-2.98471428547582,-0.324684772126913,0.922565302515707,0.101015472568014,0.272642775876564,0.0280900160890348,0.134869657372706,0.0662592887435668,0.292656003364485,0.096777727267642
-3.59532343364115,0.860855561207291,-0.643618879990993,-0.134255859419521,-0.362359243186102,-0.0373333822558951,-0.179250181183853,-0.088062724735602,-0.388958069958309,-0.128623631773213
0.436510272429215,2.25600318136154,-0.743494761865455,-0.632686337961152,-1.70763304923177,-0.175935121232792,-0.84472395620146,-0.414999263829133,-1.83298112995862,-0.606144230231079
1.15722232607533,-1.71377588588031,-0.0423442054225491,0.488366068503411,1.31810976255191,0.135803064350988,0.652036392614637,0.320334969712098,1.41486505139897,0.467878404989606
2.57665029122137,-0.448247841823175,0.39968787895899,0.0500266070500267,0.135022810536494,0.0139112173728526,0.0667924544709058,0.0328140562739718,0.144934102756276,0.0479279184676704
-2.54945515765055,-0.359758556241753,-0.0190669123634167,0.164871308448277,0.44499095094045,0.0458468152372806,0.220126049165758,0.108144379809229,0.477655323222478,0.157954718397457
2.79239477104197,-1.30140077017346,0.564686078163086,0.288652414833851,0.779078626700344,0.0802674161758964,0.38539098317076,0.189336378029875,0.836266563321816,0.276543028189349
-0.486702704814251,1.3296647634262,-0.614160658470752,-0.34469367831706,-0.930335114951729,-0.0958511673862197,-0.460213837655996,-0.226095640391273,-0.998625970030023,-0.330233279546242
-2.69051299163971,-0.0954571365659301,-0.0959837263753686,0.094312257431865,0.25455066448455,0.0262260103457967,0.125919936050567,0.0618624349158792,0.273235848198484,0.0903557217097729
-1.19853001818452,1.36895207898486,-0.506778403340595,-0.347874377372502,-0.93891988516225,-0.0967356446387671,-0.464460511763512,-0.228181962929427,-1.00784090166185,-0.33328054367205
3.28040439329931,-0.184196853540482,-0.159987896839961,-0.00681238569308533,-0.0183867649033074,-0.0018943634955985,-0.00909547914749917,-0.00446846229786002,-0.0197364375934924,-0.0065265962519108
-0.0678156320515367,1.38672617336882,-0.351866035530204,-0.388513568739411,-1.0486058734765,-0.108036443519585,-0.518719465131954,-0.254838512135511,-1.12557834349183,-0.372214862133375
-1.22775476901569,-1.65670504481315,0.56412548906547,0.483438307716898,1.30480963787264,0.134432770511271,0.645457148940416,0.317102693343813,1.40058863670076,0.463157370901326
0.253815064060051,-1.29226013776579,-0.0598995836671491,0.38378665489321,1.03584783869633,0.10672200046828,0.512408379961925,0.251737977717969,1.11188381057217,0.367686249165522
3.42039441740829,0.287746648915262,0.444977413624529,-0.19113049890374,-0.515865029891357,-0.053148875640773,-0.255185708142538,-0.125368625148371,-0.553731883920723,-0.18311229780151
3.65892375453894,-0.385514447169642,0.350578338356501,0.0107013311387361,0.0288831062516178,0.00297578733454711,0.0142877603541522,0.00701934636186181,0.0310032584328482,0.0102523948066275
2.65737189473829,1.03051066093818,-0.572445685640016,-0.32770887961898,-0.88449280439251,-0.0911280961915881,-0.437536777174869,-0.214954766101647,-0.949418624080286,-0.313961017740093
-2.1731265379171,-1.11003916465397,-0.0198497274324678,0.380364587590779,1.02661161077151,0.105770404409386,0.507839445789247,0.249493334004215,1.10196960124845,0.364407742540081
1.72014972431939,1.44577787150786,-0.20417516356143,-0.45549539029943,-1.22939114625831,-0.126662505423388,-0.608149481092301,-0.298774037481166,-1.31963408265228,-0.436386699318621
-2.65947173915938,-0.128529319071275,-0.0638459134668997,0.101339149441276,0.273516386215353,0.0281800229795282,0.135301810862528,0.0664715987873635,0.293593740700184,0.0970878254275282
2.41580091500904,0.93368086664817,-0.164327955768486,-0.320805600719659,-0.865860716912113,-0.089208457442995,-0.428319942998573,-0.210426684034224,-0.929418856109837,-0.307347341383522
0.513577175831419,-1.39535497785288,0.162744456194925,0.39389693841082,1.06313569562621,0.109533431424891,0.525907009818286,0.258369636986024,1.14117472108247,0.377372391654307
0.626941424574454,-2.24219455547783,0.444381958929108,0.625096211757766,1.68714714717403,0.173824486478028,0.834590085672102,0.410020656582886,1.81099146893695,0.598872520809102
-2.72437485108984,-1.12059265985056,0.0859144044749497,0.388609437914117,1.04886462629176,0.108063102471837,0.518847463768365,0.254901395802408,1.12585608994791,0.372306709457425
3.65910689020257,0.129936464085096,-0.383523803472219,-0.0939008576469175,-0.253440288256912,-0.0261116097863139,-0.125370660314598,-0.0615925846004087,-0.272043965274146,-0.0899615807413305
3.36770676287043,0.475522263584838,-0.218440032172477,-0.201573899171108,-0.544051975575033,-0.0560529384944819,-0.269129095032281,-0.132218786378021,-0.583987880413992,-0.193117582310195
1.16461764891249,1.60987497576068,-0.249945742000802,-0.48910120440979,-1.32009390903033,-0.13600748827648,-0.653017900944947,-0.32081716893414,-1.41699484330927,-0.468582700880557
3.05510385752247,-0.427072200856594,0.121850881983451,0.0517358805058755,0.139636173696489,0.0143865259335587,0.0690745714524542,0.0339352235622459,0.149886107885084,0.0495654854277674
-0.170162141767023,1.84189122497991,-0.446973708790434,-0.515630643599196,-1.39169739470603,-0.143384698467342,-0.688438379440022,-0.338218679086678,-1.49385435252401,-0.493999191692964
0.116984329903483,-2.0234254369597,0.186433346600583,0.588377097286493,1.58804152461273,0.163613768356814,0.785564978311093,0.385935411557456,1.70461104012679,0.563693826343088
-0.667915623640731,1.81175987241656,-0.200796996612304,-0.512124312800446,-1.38223373792346,-0.142409670721132,-0.683756941820212,-0.335918764242757,-1.48369602002356,-0.490639956546852
-0.185633574996616,1.70892313909394,0.330839647883296,-0.527681632175131,-1.42422325330841,-0.146735793644953,-0.704528119545375,-0.346123309054733,-1.52876775800108,-0.505544623853587
-0.19724677136943,1.52744482885588,-0.0539069423286652,-0.447558620954551,-1.20796964744561,-0.124455477401592,-0.597552793921736,-0.293568055879097,-1.29664014779211,-0.428782888936724
-1.06468179871906,1.93612453509568,0.236959684513291,-0.569742419124569,-1.53774615646294,-0.158431904667269,-0.760685100060194,-0.3737123284041,-1.6506237617801,-0.545840899904906
2.59447291294477,0.0306115409341076,-0.206584620856814,-0.0526063278410872,-0.141985528421001,-0.0146285767702194,-0.0702367392954245,-0.0345061778908615,-0.152407915998102,-0.0503994162372407
2.18615873671162,-0.193956670480519,0.260433087670778,-0.00786689978703486,-0.0212329194820704,-0.00218759894866448,-0.0105034016264036,-0.0051601519178647,-0.0227915129436473,-0.00753687195314478
-3.01031826393809,-0.717042212349555,-0.151546304647293,0.290465488219409,0.783972147941593,0.0807715890444303,0.38781168744591,0.190525631021649,0.841519291417174,0.278280040521847
-2.3526531851317,-1.03000877665442,0.186304459095342,0.346667773450232,0.935663237102423,0.0964001165980818,0.462849528283022,0.227390512712422,1.00434520073051,0.332124558530953
-3.30613046204244,-0.470416012803936,0.837300719650599,0.157280306637435,0.424502685600717,0.0437359369967727,0.20999100957908,0.103165198223964,0.455663125443095,0.150682170101024
2.2324660521837,0.32393653023186,-0.0523589775624264,-0.142407927141286,-0.384361836613551,-0.0396002796691511,-0.190134321529514,-0.0934099274492241,-0.412575754437307,-0.136433708453427
-2.15268296866835,0.306822376235643,-0.104092579196773,-0.0369932673539176,-0.0998455666613355,-0.0102869535600881,-0.0493911394589625,-0.024265070695193,-0.107174688193455,-0.0354413462383784
-2.12373065908352,-0.318183737669274,0.579929015241845,0.102988657345062,0.277968440957915,0.028638712152369,0.137504132548124,0.0675535639329324,0.298372596635497,0.0986681340869857
-1.3191419209588,-1.59212951485436,0.290126832521318,0.484533139176095,1.3077646098246,0.134737217270978,0.646918900690211,0.317820828416948,1.4037605171173,0.464206272595973
-2.68436919870387,-0.279017716570726,0.016609826196945,0.141384752718107,0.381600268431474,0.0393157590380209,0.188768241855,0.0927387945245648,0.409611474512461,0.135453457678409
2.84424046323923,0.554279500492912,-0.123545772206338,-0.219849966699441,-0.593379446469921,-0.0611350810402141,-0.293530178381241,-0.144206645313605,-0.63693621341773,-0.210626942349976
-2.11261968955836,-1.22517335306921,0.604887046489273,0.371560114198892,1.0028481614239,0.103322088394559,0.496084253445703,0.243718197484259,1.07646180596626,0.355972629552004
-2.42275367769765,-0.846025165069952,0.964324628953043,0.241286571425904,0.651237270320188,0.0670960943023675,0.322151016963623,0.158267601978398,0.699041066322586,0.231164250477353
-2.92331969638955,-0.449390934182317,0.110491698091618,0.191189610276883,0.516024572666834,0.053165313116938,0.255264630018959,0.125407398194138,0.55390313786606,0.183168929366982
1.92373186954947,-1.72598492829665,-0.0957261932260189,0.478650249456966,1.29188657309988,0.133101324643251,0.639064427502986,0.313962052343967,1.3867169598318,0.458570178616408
-2.84203198713406,0.662513468896301,0.0556289536736281,-0.138532169668109,-0.373901089866068,-0.038522523093737,-0.184959648094064,-0.0908676937994003,-0.401347141005377,-0.132720544616649
-2.88987309461567,-1.31887596030688,0.493005232746637,0.424157276361788,1.14480895149659,0.117948116406243,0.566308755290312,0.278218363312787,1.22884316770807,0.406363264624521
2.08771334370633,1.30349863393854,-1.02239212569964,-0.366431398528512,-0.989005655503701,-0.101895913749877,-0.48923670714768,-0.24035410836159,-1.06160319676185,-0.351059070928129
-0.132483904042902,1.86324536503982,-0.282384191931102,-0.533844574882616,-1.44085715863619,-0.148449562391543,-0.71275650228948,-0.350165780866072,-1.5466226681043,-0.511449022193253
1.56900480822497,-1.33281009012653,0.390106774799956,0.336720780153661,0.90881610373702,0.0936340927936585,0.449568913504985,0.220865960738228,0.975527364911274,0.322594856002061
2.86021705199249,0.0789642366646754,0.164946572141335,-0.0977563179726803,-0.263846252598564,-0.0271837222046208,-0.130518234244914,-0.0641215047001695,-0.283213775020949,-0.0936552989254104
1.40772718935363,1.37994445686488,-1.06640246099898,-0.371266547410389,-1.00205581880462,-0.103240454407184,-0.495692301092517,-0.243525637610901,-1.0756113017726,-0.355691378315235
1.52140651717965,-1.90344850578288,1.13604428257387,0.458036495762988,1.23624964060345,0.127369126810594,0.611542209102233,0.300440830066079,1.32699602186997,0.438821201729576
0.244764982762991,1.47581734043178,-0.402103450483211,-0.418624717448053,-1.12987646460528,-0.116409642497747,-0.558922022286739,-0.27458938045267,-1.21281456794102,-0.401062804565939
-0.175132672957453,1.23936838206859,-0.142564250527203,-0.356202980412747,-0.961398950936434,-0.0990516323528489,-0.475580351228451,-0.233644960821187,-1.03197003373839,-0.341259749758589
-0.746409960522694,-1.53864070721827,0.0531632542717325,0.471788588110823,1.27336681222585,0.131193258752841,0.629903158528683,0.309461268564645,1.36683776375468,0.451996373896415
3.4005180161235,-0.471957513210167,-0.716021217699988,0.11355897872471,0.306497949255907,0.0315780687684624,0.151616976714968,0.0744869767913917,0.328996301406697,0.108795015183564
0.825784377836782,1.64779508850839,-0.628908162881719,-0.467568433912627,-1.26197653184629,-0.130019733585737,-0.624268667729391,-0.306693134055624,-1.35461138466811,-0.447953261275768
0.0423681253684411,-1.92781954039648,0.120763720286572,0.565907244774571,1.52739494437461,0.157365433299498,0.75556461071931,0.37119671452656,1.63951272335259,0.542166616670543
1.72283742031459,1.20520243936387,0.705181187557063,-0.444658392494942,-1.20014187296907,-0.123648992394679,-0.593680586934963,-0.291665703001441,-1.28823777884549,-0.426004329259256
-2.27668275701241,1.24034954539537,0.50946250443618,-0.353711516853585,-0.954674441081689,-0.0983588152062975,-0.472253902041624,-0.232010729953738,-1.02475191408586,-0.338872806702281
-1.41944212517316,1.69216635828271,-0.168211480939731,-0.462041009495051,-1.24705790306256,-0.128482687459302,-0.616888789989869,-0.303067519076237,-1.33859766025715,-0.442657720313798
2.95043352686145,-1.66675699376015,0.250770924194865,0.415125862943967,1.12043298649117,0.11543669373243,0.554250566556574,0.272294369550237,1.20267789531564,0.397710732073107
-1.39542753918384,-1.23305291549196,-0.376750725733808,0.423756225587009,1.14372650745388,0.117836593661958,0.565773296917367,0.277955301245052,1.22768126731886,0.40597903851029
-1.35803688041409,1.36634145263393,0.241724428268413,-0.393658784228451,-1.06249291273645,-0.109467206373972,-0.525589040974886,-0.258213424018506,-1.14048475498693,-0.377144228384632
3.31307371625048,0.128180086565474,0.559473773938498,-0.148835001245911,-0.401708637852039,-0.041387497116288,-0.198715356299372,-0.097625651516524,-0.431195890273631,-0.142591157495776
-2.09022412036754,1.37636072638828,0.0706931868982482,-0.369031428165782,-0.996023187369322,-0.102618920557509,-0.492708107096846,-0.242059551202158,-1.06913584758186,-0.353550025558413
3.20351296295291,-0.485157612480838,0.565136222101427,0.0361184109898864,0.0974843118800727,0.010043676676691,0.0482230849513942,0.0236912243431457,0.104640106505061,0.034603191365227
-3.27999789122465,-0.342523736510003,0.792880519576965,0.121534847223025,0.328024977463817,0.0337959693409795,0.162265866674803,0.0797186047823883,0.352103512002637,0.116436284452812
-0.062138963041717,-1.83937655859896,0.314871804891197,0.528850786799655,1.42737882496645,0.147060907920802,0.706089103022626,0.34689019507608,1.53215496306016,0.506664730749189
-1.82326468513826,1.61460139050452,-0.139093094289547,-0.431938947317958,-1.16581183666371,-0.120112015230864,-0.576698364614162,-0.283322610906591,-1.25138776076531,-0.41381848321963
-2.13231919014394,0.409586214543132,-0.259001557839741,-0.0577240782096557,-0.155798438772832,-0.0160517022235598,-0.0770696453956571,-0.0378630745203374,-0.16723475718398,-0.0553024695695875
0.701433828793633,1.99635535088679,-0.805041661278822,-0.556985517262155,-1.50331502381629,-0.154884511684277,-0.743652867872569,-0.365344667267774,-1.6136652264245,-0.533619168542024
1.46167496701869,-1.48885688094188,0.619265526943249,0.37029420603381,0.999431450029507,0.102970069245211,0.49439409058105,0.242887847712084,1.07279429231908,0.354759828066927
-2.11025432705428,1.58652026934854,-0.32944138199387,-0.404489009006116,-1.09172390549116,-0.112478835983957,-0.540048892202623,-0.265317315852679,-1.17186143638429,-0.387520109555453
2.77977477558505,0.350287743713917,-0.340688667365097,-0.14306073778652,-0.386123785569624,-0.0397818108847317,-0.191005914225303,-0.0938381268917236,-0.414467038510243,-0.13705913274711
-1.17385178206396,-1.82715284657061,-0.47717101351755,0.602757562065997,1.62685468596521,0.167612635824886,0.804764892030907,0.395368019690337,1.7462732651494,0.57747100980848
1.8002500053497,1.67749838960886,-0.443909858398186,-0.510327538723265,-1.37738420884072,-0.141910030305131,-0.68135799938095,-0.334740202490183,-1.47849051331247,-0.48891855974315
0.981164478809531,-1.76419505573028,0.180072457639245,0.492407755350564,1.32901835599031,0.136926961964662,0.657432604763388,0.32298604176085,1.42657438551848,0.471750537222929
3.09107717165096,0.170947980806632,-0.918168487172619,-0.0578106392948364,-0.156032068868762,-0.0160757728160502,-0.0771852164423824,-0.0379198527127383,-0.16748553679815,-0.0553853992919423
-2.68028289590362,-0.927580273823817,0.248901629951889,0.319168304908052,0.861441622849992,0.0887531641644372,0.426133926148723,0.209352729191644,0.924675380319752,0.305778732501299
-3.30974979715959,0.0855025148355509,0.763929863473926,-0.00351893470350856,-0.00949767497297973,-0.000978532594313849,-0.00469826557965738,-0.00230818214934888,-0.0101948477817199,-0.00337131029882076
2.64463999611381,-0.172742584389129,0.782061207679661,-0.0592238915954083,-0.159846465024583,-0.0164687648879746,-0.0790721041509063,-0.0388468502297579,-0.171579927088237,-0.0567393636127351
1.76357979582752,1.17112010197239,0.220814396785619,-0.402982795346851,-1.08765860477351,-0.112059993554706,-0.538037888195109,-0.264329341998559,-1.16749772398928,-0.386077083739532
-1.06676491244717,-1.28604906832944,0.319981989282216,0.385680654135876,1.04095978044051,0.107248676905529,0.51493713147324,0.252980312575289,1.11737099223497,0.369500792398277
2.77879685831997,1.0741510635865,0.105016362984723,-0.388737403476103,-1.04921000789668,-0.108098686671006,-0.519018315530593,-0.254985332519282,-1.12622682414324,-0.372429306678847
1.32463372892462,1.29484147370502,0.303213753717549,-0.435698884806462,-1.17595998296177,-0.121157565005179,-0.581718402316564,-0.285788874513296,-1.26228082744423,-0.417420685887749
3.75366130764166,-0.309778534380008,0.371732407134849,-0.0153928665552032,-0.041545653944077,-0.00428039248047764,-0.020551610416773,-0.0100966749325029,-0.0445952950755688,-0.0147471135210861
1.07553140315696,-1.70012391693558,0.475688880777921,0.451434926203417,1.21843187265061,0.125533386300482,0.602728198713656,0.296110648832567,1.3078703482071,0.432496577569209
0.0172387305504971,1.61300654297724,-0.956829699591572,-0.417393586985175,-1.12655361892301,-0.116067294205641,-0.557278292474974,-0.273781842490939,-1.2092478101788,-0.399883321808116
2.109213308548,-1.85551220397696,0.252451874911779,0.489883822772121,1.32220621160471,0.136225115951039,0.654062804935374,0.321330513422142,1.41926219855948,0.4693324872697
2.87536643700346,0.310947623437774,0.0341120465496259,-0.158519387918469,-0.427846990699822,-0.0440804962235429,-0.211645354835124,-0.103977951382362,-0.459252917841551,-0.151869270128672
-3.09738288763515,-0.354150613114576,0.180327479648592,0.161957844694408,0.437127454140632,0.0450366498077628,0.216236171226638,0.106233345477517,0.469214609770579,0.155163478665481
2.3499623691208,0.931503253778373,-0.717144120062645,-0.28171061034321,-0.760342557880327,-0.0783370643706543,-0.376122711990117,-0.184783025791315,-0.816155181305552,-0.269892442445781
3.08884746752367,-0.41922041158386,-0.167539697209456,0.0680134900363994,0.183569766582952,0.0189129445304285,0.0908074363732248,0.044612229792275,0.197044627549716,0.0651602256756393
-2.66239456731529,-0.876261478241167,0.135833042659138,0.311034626173981,0.839488661667216,0.0864913802941566,0.415274337650484,0.204017588404916,0.901110971319326,0.297986273364125
-2.6703904936152,-0.517828022950007,-0.00313551361046089,0.21361646019685,0.576555088051298,0.0594016901695137,0.285207583190005,0.140117888445572,0.618876870095187,0.204654940468555
-1.38213271564377,1.71023558477242,0.578359344519412,-0.518210208308767,-1.39865969132349,-0.144102014462135,-0.691882455874119,-0.339910698324712,-1.50132771357585,-0.496470539928889
1.87388728657563,-1.6309199814528,0.790327697311996,0.392110408426943,1.05831381555568,0.109036639649186,0.523521744663491,0.257197794662849,1.13599889294762,0.375660809189366
-1.98575135775112,-0.18083879467542,0.0846930197291931,0.0921201308558635,0.248634071119593,0.0256164317414139,0.122993143226588,0.0604245487775558,0.266884949803491,0.0882555580168735
3.27862629246273,0.135491194972728,-0.193861400421239,-0.0998454259543375,-0.269484796722005,-0.0277646537720792,-0.133307482966302,-0.0654918176379218,-0.289266214087618,-0.0956567658031241
0.961397503147429,1.46088127296811,-0.633960116062075,-0.414483136270692,-1.11869825437661,-0.115257966631183,-0.553392437361065,-0.271872784508411,-1.20081582592494,-0.397094968714163
-3.00546224250137,0.845742609804368,0.437905047100226,-0.215146053811308,-0.580683491734485,-0.0598270340118728,-0.287249802678336,-0.141121197962264,-0.623308317502192,-0.206120365416705
2.05519813777603,0.649220676137219,-0.174154445628818,-0.227350784237633,-0.613624302658456,-0.0632208811654065,-0.303544809463722,-0.149126672141587,-0.658667134700265,-0.217813089734544
-0.646948232500271,1.78615588981175,-0.216959555918199,-0.503870134993567,-1.35995554733904,-0.140114378905902,-0.672736470357709,-0.330504584248911,-1.45978250829501,-0.482732053447405
-0.105972512344074,2.19717980709403,-0.844611620817353,-0.596396437188415,-1.6096858830063,-0.165843757299516,-0.796271908620204,-0.391195553836516,-1.72784419348097,-0.571376743327634
3.7392161576667,-0.149281897398048,0.541695054497369,-0.0743109179405276,-0.200566650139657,-0.0206641104325371,-0.0992153754954938,-0.0487429147579913,-0.21528916014503,-0.071193467363273
-1.00903944808062,-1.79573340492277,0.773675611140101,0.506047583793468,1.36583252509346,0.140719875967563,0.675643666316145,0.331932842763069,1.46609088311235,0.484818155118158
0.536096962350965,-1.81898757956564,0.0676994621838886,0.526097272347458,1.41994703452308,0.146295220612736,0.702412779571398,0.345084076622049,1.52417764518696,0.504026730214144
1.69538108657696,-2.1058715464885,0.160505743368051,0.579839530113999,1.56499846047645,0.161239672655039,0.774166142765625,0.380335347388386,1.67987650962726,0.555514422472137
1.85516937320375,-1.52681780313313,0.191563153526186,0.401544042713652,1.08377538271116,0.11165991044281,0.536116954007993,0.263385617995392,1.16332945565614,0.384698688861979
1.5022972090621,1.3153865110946,-0.339550118538305,-0.402739449771449,-1.08700181021038,-0.111992324900049,-0.537712988122444,-0.264169723829826,-1.16679271769942,-0.385843946863276
2.63175808831304,-1.3008456151753,-0.668935571049156,0.374581946719186,1.01100414768642,0.104162388617441,0.500118818708717,0.245700314366027,1.08521647894599,0.358867691823782
-1.3414925180535,-1.31626704545228,0.595317838215624,0.382335964859501,1.03193239735183,0.106318597847363,0.510471507690515,0.25078642359089,1.10768095791412,0.36629641767869
-0.934843160505991,-1.80914846355366,1.09403238628972,0.486973061164103,1.31435000795046,0.135415701924436,0.650176534735503,0.319421251514572,1.41082931360341,0.466543836324646
-2.20917548738201,-0.538261454055172,0.307565042360062,0.188733556459158,0.50939563441071,0.0524823425828056,0.251985457745005,0.123796393711941,0.54678760520487,0.180815910562202
2.60187796442408,-0.772883106641757,0.850059151344472,0.116147341693171,0.313483992549643,0.0322978313511636,0.155072800044187,0.0761847670896548,0.336495152249537,0.111274792578683
-0.0945943207732262,1.56588840576549,-0.892920672825008,-0.405148321717684,-1.093503403654,-0.112662175270552,-0.540929166058203,-0.265749780209055,-1.17377155785608,-0.388151763144375
0.843815398515142,-1.96038068354623,0.114415889675762,0.558342032764876,1.50697628622272,0.155261726593317,0.745464004091821,0.366234449299129,1.61759524224719,0.534918776255766
-2.93597357388308,0.147511504772272,-0.0948249302906472,0.0271965801425077,0.0734041124186221,0.0075627263264585,0.0363112041381551,0.0178391093036432,0.0787923102010857,0.0260556442367978
2.49642991813872,-1.23018719309791,-0.533508908098026,0.347436637518897,0.937738416563782,0.096613919528564,0.463876068384957,0.22789483531801,1.00657270786131,0.332861167638959
-0.648191874694584,2.07915483488401,-0.495275077161838,-0.572598879323147,-1.54545579952972,-0.159226218754962,-0.764498870351885,-0.375585972275386,-1.65889932793085,-0.548577527463251
2.9582785739426,0.100441295026096,-0.167466717563157,-0.0840837607598126,-0.226943747892293,-0.0233817071041212,-0.112263475247805,-0.0551532358478868,-0.243602457586425,-0.0805563252794946
2.1993816387797,0.512393891363614,0.0583786121838206,-0.205289880189092,-0.554081482482162,-0.0570862650129659,-0.274090444753845,-0.134656217525714,-0.594753599027735,-0.196677672545362
2.46742741648355,-1.14870606094903,0.102901556669633,0.281192311001314,0.758943657615675,0.0781929375702478,0.37543071052855,0.184443056627411,0.814653595359464,0.269395886511549
-1.94617282376478,-1.4592824199288,0.217237068642129,0.46364062778171,1.25137530473311,0.128927503508431,0.619024502121527,0.304116760021616,1.34323197896874,0.444190232297784
-0.245738767618435,-1.53177484360859,-0.456326824403538,0.492775679379729,1.33001139028568,0.137029272943724,0.657923834339324,0.323227374933525,1.42764031307571,0.472103026306477
-2.98833107893649,0.0368198915937902,0.0147237787567556,0.054033519762023,0.145837547890301,0.0150254451211963,0.072142238329269,0.0354423188520207,0.156542691325059,0.0517667353911446
-2.955589557406,-0.627238833057,0.341345046362929,0.229493524922726,0.619407602518525,0.0638167267204363,0.306405665278087,0.150532164489906,0.6648749552371,0.219865939346147
-2.03490372347707,1.44850438436013,-0.203968315798292,-0.373389384994332,-1.00778539979758,-0.103830765380062,-0.498526583508128,-0.244918074876741,-1.08176146023164,-0.357725159789593
0.904941654666341,-2.32322196003372,-0.0938270413674826,0.679134824422141,1.8329984409094,0.188851347815031,0.906739123731925,0.445466316032925,1.967548915115,0.650644135447973
0.249505653123821,-2.17318364341963,0.587814947045452,0.60325360526197,1.62819351644797,0.167750573716988,0.8054271784528,0.395693390334217,1.7477103719167,0.577946243274329
-0.914929255527175,-1.85664956115451,0.141133326285799,0.564462135668441,1.523494566065,0.156963582602672,0.753635189759777,0.3702488211089,1.63532603942512,0.5407821319833
2.99163737073221,-0.448699399740543,-0.865045113780657,0.12562511931933,0.339064703459022,0.0349333773644521,0.167726946865448,0.0824015454545348,0.363953604408748,0.120354963713755
0.43455340125869,-1.87283936353634,0.753347761839075,0.498519982955648,1.34551538024486,0.13862662803959,0.665593275816297,0.32699524790973,1.44428236685127,0.477606348032153
3.4165841405225,-0.398058234005156,0.116104941473737,0.0354841370769505,0.0957723939343096,0.00986730008836954,0.0473762413625518,0.0232751837379658,0.102802525947556,0.0339955261610895
-2.07187717551505,-0.736619221878932,-0.187956636966527,0.278014101311854,0.750365606253604,0.0773091525515601,0.371187360069663,0.182358366944256,0.805445875770314,0.266351007319216
-2.25411379679351,-1.27229542806209,0.402276795899338,0.402295674214617,1.08580405112848,0.111868921403392,0.537120486243487,0.263878637207055,1.16550703761941,0.385418788333445
-1.99268085844556,-1.4354520906152,0.0243509212105796,0.47046789459735,1.2698022340831,0.130826005092595,0.628139849630271,0.308594983325104,1.36301152926311,0.450731085387618
-1.34445977675662,1.56604082090649,-0.491306665808548,-0.404463477519951,-1.09165499550061,-0.112471736280922,-0.540014804129739,-0.265300568931927,-1.17178746808507,-0.387495649152092
3.14057804655069,0.311829878732557,-0.0170902542787459,-0.161213698470115,-0.435118988634393,-0.0448297203257579,-0.215242632873016,-0.10574523609893,-0.467058713704522,-0.154450550452495
0.844366113632385,-1.97260411495909,0.804104091209543,0.51582497976565,1.3922219118966,0.143438738763384,0.688697845158675,0.338346150412002,1.4944173716768,0.494185375175922
-0.546241497031028,-1.42619840253133,-0.265648892304209,0.455167823893716,1.22850703799383,0.126571416945823,0.607712134537537,0.298559176168269,1.3186850767951,0.436072874797799
2.52981565538265,0.781375253740345,-0.1497744025583,-0.278876211251495,-0.752692458181127,-0.0775488849555117,-0.372338396333922,-0.182923852507677,-0.80794352927806,-0.267176950498932
1.56713758656582,1.22767189949845,0.718444790217507,-0.448808135540219,-1.21134211224208,-0.124802937883859,-0.599221069085601,-0.294387652576676,-1.30026016693859,-0.429979984576774
-0.87374236319244,-1.36914159007524,0.650868097632286,0.384056760791662,1.03657685990528,0.106797110536474,0.512769008775041,0.251915148840985,1.11266634527419,0.367945023730539
-2.92456862092577,-0.388952485567889,0.866548572222265,0.122601685737374,0.330904395899129,0.0340926319241524,0.163690243963197,0.0804183783850648,0.355194292928642,0.117458367547169
1.25109180570408,2.10360553077324,-0.320608355317006,-0.633525440763187,-1.70989780443587,-0.176168455895396,-0.845844274748055,-0.415549658272996,-1.83541212855926,-0.606948131455915
2.83632804535592,0.567178885916715,-0.162724252363469,-0.220900520674674,-0.596214912609259,-0.0614272152778363,-0.294932813552757,-0.144895737364715,-0.639979815748091,-0.211633424065206
-2.21065343597299,-1.06529193405456,-0.29024188632802,0.385941843599535,1.04166473601406,0.107321307523888,0.515285855610023,0.253151635122711,1.11812769477382,0.369751024585848
2.80306726877292,0.488642859008721,0.332007636567265,-0.229849327776447,-0.620367921519538,-0.0639156670870106,-0.306880711404722,-0.150765546994795,-0.665905766047648,-0.220206815755108
0.70611495944415,2.07448604814688,0.0415905158748153,-0.637041492383865,-1.71938769791077,-0.177146186772498,-0.850538691012517,-0.417855949315835,-1.84559862364533,-0.610316679621404
-3.36172629148892,0.0400676001422444,0.276497307354043,0.0437951890067647,0.118204088911266,0.0121784072533446,0.05847264766235,0.0287266692934044,0.126880809993561,0.0419579174316863
2.86212633668296,1.15729275451349,-0.657375288038618,-0.364357571677032,-0.983408355455492,-0.101319231503653,-0.486467860853158,-0.238993818807296,-1.05559502927429,-0.349072244115062
-2.66254557514836,1.04821378573867,0.529607169102616,-0.289237769376849,-0.780658510290626,-0.0804301894433235,-0.386172512620146,-0.189720330851119,-0.837962417597897,-0.277103826261931
3.6042473032997,0.157410725130826,0.168214999949994,-0.137802145766553,-0.371930740790659,-0.0383195206959976,-0.183984964998755,-0.0903888477052999,-0.39923215929061,-0.132021146274518
1.79223049927975,1.0334561219066,-0.544381117419433,-0.311357971399439,-0.840361376881966,-0.0865812949612321,-0.415706048344518,-0.20422968091028,-0.902047747824784,-0.298296053789313
2.8200841279506,-0.743380556863024,-0.069863395657489,0.164085976612656,0.44287132464752,0.0456284330099147,0.219077522312382,0.107629255467056,0.475380106659263,0.157202332369156
-3.33756931534897,-0.669178990414979,-0.281198530865604,0.292094678170664,0.7883693641249,0.0812246282747526,0.389986881848658,0.191594268970411,0.846239283392017,0.279840883596294
-0.803891968547625,-1.23583361867356,0.260503823833931,0.36887938290313,0.995612814171884,0.102576640362549,0.492505105596603,0.241959819837209,1.06869535111367,0.353404358814623
-2.07650485619035,1.3358186374838,-1.02672251799473,-0.283810614584469,-0.766010511225831,-0.078921025930447,-0.378926508728376,-0.186160485935261,-0.822239188365774,-0.271904348469234
0.356742594133846,-1.9803858908941,0.344330524089105,0.559680775230505,1.51058957884745,0.155633999240691,0.74725141084308,0.367112573425349,1.62147376708665,0.53620135653705
2.38432635466412,-1.17259452391727,0.303138989861411,0.276752979432863,0.746961813140869,0.0769584643552818,0.369503587560356,0.181531156650659,0.801792228665783,0.265142791328601
2.86097272762841,-1.19017676998498,0.33663563492266,0.269227962388965,0.726651642003615,0.0748659349193476,0.359456646783526,0.176595256590634,0.779991198018382,0.257933459642622
-2.73671281546652,0.0993667683250561,0.196595551310133,0.0176534383759496,0.0476469823901887,0.00490900409017368,0.0235697871295056,0.0115794565023813,0.0511444889521067,0.0169128510816347
0.345294838452665,-2.06133891268942,1.04010634965706,0.537518242491613,1.45077246080824,0.149471122550785,0.717661357745093,0.352575457291518,1.55726579883276,0.514968574128191
-0.54103019692447,-1.39573212297387,0.210242641773907,0.414122825061246,1.11772576723355,0.115157772597407,0.552911371954645,0.271636444828386,1.19977195377503,0.396749773081526
2.91322978852192,-0.709786732998114,0.805165212272713,0.0934580702805745,0.252245196320857,0.0259884810820828,0.124779477806914,0.0613021461634775,0.270761148120695,0.0895373689459678
0.0739144076224762,1.88880577201471,0.115939911657736,-0.572679480059229,-1.54567334252451,-0.159248631915202,-0.764606483506415,-0.375638840883623,-1.65913283957704,-0.54865474688178
-2.66833287951668,-0.589207760156192,0.0547715841048778,0.230983401658701,0.623428809554275,0.0642310262373349,0.30839485722859,0.151509422431998,0.669191337272165,0.221293313596359
2.7488506794411,0.398822748922637,-0.0723818795859944,-0.174805751799916,-0.471804211754089,-0.0486093491985531,-0.233389908027794,-0.114660699871976,-0.506436800089636,-0.167472397469773
2.44355129524226,-0.865778257956708,0.342565174951374,0.181306510425276,0.489349888984162,0.0504170565698605,0.242069321846055,0.118924755980014,0.525270410325475,0.173700439860549
2.68604371635136,-0.669143704540848,0.15848319430426,0.129627347948651,0.349866798380235,0.0360463025800812,0.173070476824191,0.0850267355925051,0.375548622532525,0.124189293058602
-3.7651463445779,0.118630332348407,-0.237057944327569,0.063639989113018,0.171765600332613,0.0176967772623847,0.084968206440815,0.0417435102472818,0.184373981475315,0.0609701994469068
-2.13329577238986,-0.705121782428788,-0.250391960008831,0.274155087944271,0.73995005218119,0.0762360521162756,0.366035042336039,0.179827116290394,0.794265772362625,0.262653885148564
0.526530749346542,-2.01362395705057,0.918087075147446,0.527450605772076,1.42359970843723,0.146671550661044,0.704219667275323,0.345971771426306,1.52809844208272,0.505323289342565
-0.075455993559756,1.76208451388981,0.222228689333825,-0.538701366648727,-1.45396573651346,-0.14980012142357,-0.719240992484632,-0.353351506377394,-1.56069347558864,-0.516102064514269
-2.20900312409351,1.30884492790488,-0.0821202835416463,-0.336047762848845,-0.906999616603581,-0.0934469425834988,-0.44867034211786,-0.220424507099537,-0.973577539309161,-0.321950072747416
-0.786133867876577,1.78950396014069,-0.467843378441466,-0.485006806754982,-1.30904304807042,-0.134868933032668,-0.647551312561868,-0.318131522175836,-1.40513279858108,-0.464660069134263
-2.44110173514244,-0.30209839057823,0.0421671577159531,0.141185095169261,0.381061388723659,0.0392602389912714,0.188501671353271,0.0926078327338357,0.409033038567932,0.135262176052754
2.91107905166907,-0.687728077497321,0.254297679563975,0.123788220025816,0.334106875616836,0.0344225790738834,0.165274431700728,0.081196664285466,0.358631849313647,0.118595125004629
-2.29012181393098,1.26746595030608,-0.16854136738233,-0.316133124195421,-0.853249609550034,-0.0879091521246625,-0.422081539198782,-0.20736185680235,-0.915882035753162,-0.302870882013175
3.34626826287541,0.548663466980536,-0.610591847134941,-0.196672256151967,-0.530822343270984,-0.0546899073887504,-0.262584722197617,-0.129003641491138,-0.569787132553951,-0.188421570311138
-1.35176639992597,-1.96112209822542,0.794301750214936,0.561559786280455,1.51566106716045,0.156156507815692,0.749760151039644,0.368345077046288,1.62691752585129,0.53800154035347
-3.32420296252762,0.160594481761045,-0.00295152816807907,0.0257215522088733,0.0694229825966456,0.0071525559106376,0.0343418373969314,0.0168715911673131,0.0745189472306974,0.0246424958601735
-0.704554160884605,1.3669735076014,-0.550467904823272,-0.355270651323416,-0.958882576122915,-0.0987923736625333,-0.47433556266646,-0.233033416265055,-1.02926894549747,-0.340366533224159
-2.96384382348132,1.11053571618898,0.0623932564037087,-0.269905901294348,-0.728481412635179,-0.0750544537103356,-0.360361789189578,-0.177039938465008,-0.781955282188174,-0.258582958029566
2.52805834093932,-1.79081065266877,-0.152693103070426,0.488447845639903,1.31833048067488,0.135825804640385,0.652145576426772,0.320388609959099,1.41510197124228,0.467956751456844
1.21456905934057,-1.4492038751295,-0.345926685792599,0.428511664254647,1.15656153129621,0.119158968792109,0.572122466677766,0.281074546007969,1.24145844065019,0.410534979642029
1.33499863069005,1.50651671128481,0.332694892093002,-0.501027351185299,-1.35228281712257,-0.139323867899203,-0.66894095994273,-0.328639911160728,-1.45154656456671,-0.480008528534998
-1.18151540368008,-1.76350750552384,0.277800928270671,0.533427533148194,1.43973155467436,0.148333592939222,0.712199693768946,0.349892229814964,1.54541443966039,0.511049475963284
3.24588417377681,-0.0818142043792319,-0.475135518569943,-0.0154950578177759,-0.0418214702006351,-0.00430880945598497,-0.0206880499167752,-0.0101637054596265,-0.0448913575076201,-0.0148450177122657
0.790928140619398,-2.06319575477297,1.10381834527131,0.523966614639252,1.41419634685871,0.145702735048077,0.699568056205967,0.343686509885858,1.51800483073023,0.501985456681056
-0.414164835773891,-1.94126143454973,0.123668552313922,0.579804424063157,1.56490370854481,0.161229910491799,0.774119271321791,0.380312320203537,1.67977480247021,0.555480789170946
-1.16207433099095,1.62546607273722,0.621092168324299,-0.500649419821408,-1.35126277283111,-0.139218774116811,-0.668436369187844,-0.3283920138562,-1.45045164435607,-0.479646451938902
1.36940895473357,1.26623094510967,0.627741265910494,-0.449871038300881,-1.21421090799967,-0.125098506026926,-0.600640191597297,-0.295084844592261,-1.30333954543371,-0.430998297028009
1.83223779726761,-1.30911796614847,0.305116741146074,0.3295285907028,0.8894042409138,0.0916341148471706,0.439966343697234,0.216148372972629,0.954690582519229,0.315704389309802
-2.54336283771054,-1.20692080494503,-0.337100741699173,0.438662762920124,1.18395954912451,0.121981749476945,0.585675590413812,0.287732977240743,1.270867598373,0.420260225024146
-1.86180298682627,0.917258954537624,0.499253338121707,-0.26583761565169,-0.717501028517031,-0.0739231596001179,-0.354930063962038,-0.17437141941307,-0.770168887624472,-0.254685342858713
0.189318791418089,-1.81016187749304,0.192170907919204,0.522795105385529,1.41103442000948,0.145376966005485,0.698003928972368,0.342918079387689,1.51461080397984,0.500863093936359
-0.478835721793656,-1.64662660178946,-0.604625562608474,0.542098797258315,1.46313546951275,0.150744866600309,0.723777033257535,0.355579990094037,1.57053630895499,0.519356967991793
-1.81720976019204,-1.47658599397993,0.116267608878156,0.472709078819884,1.27585123501482,0.131449225469326,0.631132141212125,0.310065047947416,1.36950455454622,0.452878248687763
0.899819884796703,2.234420902306,-0.638071153750898,-0.643536859063449,-1.73691882217161,-0.178952394771087,-0.859210905835803,-0.42211646867368,-1.8644166126574,-0.616539556266334
2.66890912044983,-1.4301750611463,-0.288373846188366,0.386865562235605,1.04415787104243,0.107578171850603,0.516519148023437,0.25375753180635,1.120803837323,0.370635991887995
-0.441141288350664,-1.59815023349785,0.330508504520318,0.464235290304171,1.25298031074568,0.129092865105014,0.619818459013653,0.304506818245164,1.34495479976787,0.444759947866617
-1.00272248167917,1.68464841953008,-0.275694345082926,-0.461810340525069,-1.24643532291037,-0.128418543869085,-0.616580814942511,-0.302916215899628,-1.33792937987258,-0.442436728241014
2.21612651752064,0.542092402430748,-0.388252535480297,-0.184630386352638,-0.498321096428597,-0.0513413479274512,-0.246507156922963,-0.121104992821163,-0.534900145452698,-0.176884874381242
1.86796298875324,-0.746974039601561,0.161056882613121,0.170733956620511,0.46081435532624,0.0474770791690907,0.227953497082249,0.111989878802311,0.494640237905352,0.163571419992319
1.11087200797889,-2.17478613508343,-0.110569398616947,0.631439755789152,1.70426849907829,0.175588476185477,0.843059596216297,0.414181590595743,1.82936960642615,0.604949943985699
-3.13227575782836,0.160603415311701,-0.582168010060347,0.0602380916628077,0.16258381124136,0.0167507899628122,0.0804262018165429,0.0395120965865901,0.174518207044679,0.0577110165191898
-3.30734203928702,1.24405051425875,0.369743742863939,-0.322703185279585,-0.870982335499111,-0.0897361308722583,-0.430853481405381,-0.211671370616141,-0.934916424939999,-0.309165319524288
-2.60935811139733,-1.37883331027553,0.191703132803803,0.456004199033852,1.23076443118404,0.126803993110104,0.608828811277422,0.299107781451197,1.32110817297634,0.436874162790102
-2.51628887770575,1.17417341151928,0.0377168881679215,-0.297117599772387,-0.801926329743034,-0.0826213840886835,-0.396693178401181,-0.194888964369878,-0.860791392329423,-0.284653086365835
2.83080180089454,0.317686518186587,0.337299585142636,-0.179832531442377,-0.485371590301151,-0.0500071778424543,-0.240101355599457,-0.117957925884119,-0.521000086312609,-0.172288296429659
-1.11162066965005,1.85876388878781,0.0117663031094589,-0.5305661399737,-1.43200859740716,-0.147537907107485,-0.70837933727066,-0.348015350246539,-1.53712458198598,-0.508308122374503
-0.0220584403424787,1.69664133741081,0.714986463005214,-0.553336600217768,-1.49346652391193,-0.153869834072237,-0.738781057851321,-0.362951225531582,-1.6030938015559,-0.530123328849682
2.69974048923426,-0.390992374610262,0.291144372782791,0.0374962145389802,0.101203031148397,0.010426811288426,0.0500626436632347,0.0245949698869766,0.108631796786247,0.0359231940609804
0.550335574262391,-2.41989817368216,0.182373346232152,0.69731595881794,1.88206968538551,0.193907091699722,0.931013458190515,0.457391905281698,2.02022221350822,0.668062544937552
-2.73051975750427,1.17264612172148,0.296922375424588,-0.309275322226364,-0.834740265211752,-0.0860021594358292,-0.412925423027827,-0.202863604512256,-0.896014020833187,-0.296300774763812
-0.157365772765575,-1.73274350181175,0.142348425008649,0.510697637813675,1.37838311366979,0.142012946117332,0.68185213296513,0.334982962355299,1.47956274232744,0.489273132640977
-1.02927691960305,1.72136191481052,-0.211422582958737,-0.476473466968017,-1.28601139373202,-0.132496012866922,-0.636158121162026,-0.312534230884535,-1.38041051541082,-0.456484715303898
-2.62429823376462,-0.18769916573639,-0.13189343047485,0.122761614635113,0.331336047184956,0.0341371043717526,0.163903771209011,0.0805232808791514,0.355657629394284,0.11761158719614
0.740785611961016,1.81179261740163,-0.226720701069425,-0.541511547511143,-1.46155047072859,-0.150581566321382,-0.722992973447886,-0.355194794147582,-1.56883496400639,-0.518794354221595
-0.157252247472792,1.64522869553411,0.33903503700427,-0.509861574337851,-1.37612656166778,-0.141780456619532,-0.6807358723403,-0.334434561502991,-1.47714054908146,-0.488472143238217
-3.09826767071249,0.894138095769021,0.121822939353021,-0.20637860835109,-0.557019981513211,-0.057389014589933,-0.275544047755918,-0.135370349250441,-0.597907797335584,-0.197720726984963
1.73407463977431,0.546373831036706,0.122115942327309,-0.20941187620894,-0.565206831979949,-0.0582324947099906,-0.279593880779591,-0.137359966936924,-0.606695600093369,-0.200626744865333
2.33479243265179,-1.83013584417731,-0.328739877566801,0.516224111996584,1.3932991777512,0.143549728005958,0.689230742009661,0.338607954045287,1.49557371377519,0.494567763231999
2.69026352206757,-1.00598426577836,-0.0151073066910175,0.24160414267291,0.652094401451898,0.0671844033624654,0.322575018596109,0.158475907146083,0.699961114801988,0.231468499150843
0.660892817625762,1.95397669126425,-0.560746592121308,-0.559798679461483,-1.51090780471923,-0.15566678562144,-0.747408829333838,-0.367189910592476,-1.62181535219377,-0.536314314514865
-2.600177307714,0.315096721365824,0.246065990384561,-0.0530083869750246,-0.143070694045202,-0.0147403799153607,-0.0707735439676116,-0.0347699013737132,-0.153572737745335,-0.0507846084085039
1.38247695589544,-1.28907510103294,0.137413617460288,0.344706379340799,0.930369395268207,0.095854699240817,0.460230795283144,0.226103971400156,0.998662766678613,0.33024544774365
-0.792405821943784,1.71518755097674,0.518354837879329,-0.528696357036135,-1.4269620159536,-0.147017964652492,-0.705882917883214,-0.346788899640524,-1.53170755835825,-0.506516779537795
-1.95593738289414,-0.943296390083319,-0.138481914242766,0.333779190822011,0.900876695441624,0.0928161063055218,0.445641484021114,0.218936477937862,0.967005167712616,0.319776670601007
-2.45532206111633,0.625440177986016,0.0712888722507071,-0.137064624831929,-0.369940157073421,-0.0381144335505048,-0.183000272325156,-0.089905084066727,-0.397095457618702,-0.131314565410709
-2.23210110595714,1.06889171946176,-0.123149700950749,-0.261232133233177,-0.705070739582939,-0.0726424837596252,-0.348781106579269,-0.17135053576412,-0.756826158595906,-0.250273067094376
0.578346653757547,-1.25260468784081,-0.0518771303098063,0.364256086724336,0.983134445543385,0.101291010936233,0.486332364374741,0.238927251571477,1.0553010131211,0.348975016603037
-2.91940607958914,0.487909617491108,-0.0491933986157877,-0.0777379415951748,-0.209816255357992,-0.0216170847358719,-0.103790927085367,-0.0509908095021495,-0.225217728716832,-0.074476722414779
-2.15593516228811,0.34118834378044,0.149150992141764,-0.0641159250172705,-0.173050160833851,-0.0178291237917622,-0.0856036468412416,-0.0420556918735377,-0.185752834596082,-0.0614261691510293
3.05176114864951,-0.165710481806148,-0.182635523381309,-0.00576028052160885,-0.0155471120543609,-0.00160179790695333,-0.00769077291399078,-0.00377835276737673,-0.0166883412298774,-0.00551862841536507
2.36383041442769,-0.448544680236613,0.397387790629037,0.0549693158191722,0.148363280119131,0.0152856678933432,0.0733916557738438,0.0360561375035544,0.159253823858395,0.0526632734490737
0.215971995961187,2.019609924753,-0.197243614710424,-0.593869422954797,-1.60286542117191,-0.165141054350403,-0.792897994355392,-0.389538004141329,-1.72052307853437,-0.568955740999126
0.408497352058993,2.17166001556845,-1.1305112494161,-0.581017359035791,-1.56817744423588,-0.161567199047998,-0.775738707632049,-0.381107923159558,-1.68328884534313,-0.556642839765679
-1.42632067609665,-1.46148607351885,0.234851506108583,0.451637853525164,1.21897957754072,0.125589815593815,0.602999134815422,0.296243755372226,1.30845825714269,0.432690991796059
-2.43186111739055,0.971838657555856,-0.0884406731077557,-0.230199194273497,-0.621312218175456,-0.0640129566930611,-0.307347831672378,-0.150995035652922,-0.666919378399645,-0.220542004846154
-0.570286034592735,-2.08862207269388,1.07550744760308,0.563507148625038,1.52091703698138,0.1566980232707,0.75236014968854,0.36962241447389,1.63255930791081,0.53986720802877
-0.185322348876698,-1.50447169968747,0.414483079133003,0.425028951585688,1.14716162031717,0.118190508689735,0.567472562534876,0.27879012305298,1.23136853318698,0.407198371810975
0.749570846709882,-1.95160856119929,0.505194042899382,0.531658653059768,1.43495731202379,0.147841709182404,0.709837993670985,0.348731964624373,1.54028974575014,0.50935480295513
-0.336086847045201,1.83781647728624,-0.258381752226653,-0.523370448626474,-1.41258728289578,-0.145536955366362,-0.698772091945874,-0.343295465474784,-1.51627765410861,-0.501414300695501
3.21579654980115,-0.108316468791287,-0.0690568633041066,-0.0340995137756894,-0.0920352680188217,-0.00948226906469653,-0.0455275773362997,-0.0223669648999303,-0.0987910778870662,-0.0326689898116442
-2.98472925382001,0.145572925104726,0.151117464920821,0.0123943747140867,0.0334526646403367,0.0034465827489725,0.0165482081956534,0.00812986795090911,0.0359082433196973,0.0118744127532069
2.65577793601055,0.874219949210626,-0.00412852938696762,-0.319092615526932,-0.861237335700229,-0.0887321167359654,-0.426032870333818,-0.20930308209867,-0.924456097558285,-0.305706218399282
1.97943963347015,1.0677013091396,-0.975939588133821,-0.296827813460055,-0.801144190704363,-0.0825408013624055,-0.396306273507683,-0.194698884232107,-0.859951840705886,-0.284375457008789
-2.18427226168475,-0.541266224264736,0.701884170213619,0.162693935331073,0.439114177455143,0.045241339221189,0.217218954254213,0.10671617093778,0.471347167668534,0.155868689234402
-2.48083241646432,0.0170820786045841,-0.449747754971911,0.0797913023115234,0.215358316899151,0.022188075833498,0.106532448252732,0.0523376746619163,0.231166602938131,0.0764439416767102
2.66554604950061,-0.736426388796801,-0.361614290267937,0.184947550473186,0.499177128717874,0.0514295437753008,0.246930614985196,0.121313030941545,0.535819014429604,0.177188733007819
2.12692677426163,-0.915354146909205,-0.573563177963812,0.264386526248505,0.713584509266346,0.073519645923986,0.352992658477021,0.173419603326741,0.765964877936996,0.253295128756532
-3.01519245038582,0.449008621168227,0.442725799476444,-0.0969377713499946,-0.26163697893266,-0.0269561037297839,-0.12942536104699,-0.0635845937137254,-0.280842330557316,-0.0928710915184432
0.746109581942009,1.82003899930416,-0.611615663995205,-0.518333308597297,-1.39899194145827,-0.144136245743715,-0.692046811821921,-0.339991443752663,-1.50168435239106,-0.49658847598212
-2.94384284050987,-0.707757637181641,0.247098965662929,0.259553245028523,0.700539386822152,0.0721756246193221,0.346539558119688,0.170249299136776,0.751962183804926,0.248664610680202
-1.23929740831112,1.94980998997145,-1.13456769308821,-0.478192026582672,-1.29064982041991,-0.132973903688975,-0.638452636452711,-0.313661489262244,-1.38538942384517,-0.458131178854997
-1.79638344394702,-1.56528641240999,0.56143841505523,0.468913356497133,1.26560650473516,0.130393724778144,0.62606432579596,0.307575311920054,1.35850781417945,0.449241762410994
-2.56990771659863,-0.100374189670751,0.309611065147091,0.0659747738491671,0.178067230918059,0.0183460257303231,0.0880854676820712,0.0432749704489099,0.191138180584889,0.0632070365836292
1.87226679918837,-1.71295810967603,0.234126160722815,0.453830025292972,1.22489629287926,0.126199406764972,0.605925987976726,0.297681671153305,1.31480928646469,0.434791198784903
2.25825939241393,1.42721820585652,0.503987494822944,-0.509231393960583,-1.37442569225645,-0.141605218346756,-0.679894494188968,-0.334021205979165,-1.47531482807139,-0.487868399840001
-0.0969930770616,1.76431620316551,-0.584147544093613,-0.484932893643654,-1.30884355510826,-0.134848379542855,-0.647452628313339,-0.318083040195195,-1.40491866192253,-0.464589256784948
-2.39763174565397,-0.960069713962369,-0.125795254708872,0.347687617498783,0.938415816536935,0.0966837111307196,0.464211161445793,0.228059461137534,1.00729983209258,0.33310161864538
-2.4654055552024,-1.45673370053563,-0.137684575472908,0.498097597171973,1.34437535258747,0.138509172533443,0.665029332249285,0.326718191525295,1.44305865594654,0.477201681943532
-2.4539876820453,0.966612417414071,-0.0231642463530897,-0.23251986578796,-0.62757575689399,-0.0646582806075212,-0.310446249806485,-0.152517238539735,-0.673642689524951,-0.222765320831269
2.4041697633088,-1.10264773908773,0.058763102306036,0.27180716848212,0.733612970708206,0.0755831511913883,0.362900244415,0.178287040600657,0.787463520108129,0.260404464306609
0.855889553135358,-1.25757297941528,0.21081380215405,0.342030164436085,0.923146237845742,0.095110507110443,0.456657677442098,0.224348556198867,0.990909396444852,0.327681503928176
-3.57818158817555,-0.486964919496785,0.221757537601603,0.209412877271167,0.565209533866874,0.0582327730817426,0.279595217336419,0.137360623565751,0.60669850031116,0.200627703931551
-2.05495965799671,0.88109875241595,0.0785614053776424,-0.222637303485439,-0.600902524067025,-0.0619101735401429,-0.297251659336119,-0.146034948921299,-0.645011519339521,-0.213297346322959
-2.36730476892528,1.15880924330614,-0.358579379815458,-0.269308026257909,-0.726867735983293,-0.0748881987895212,-0.359563543146012,-0.176647773050493,-0.780223154285114,-0.258010164716366
2.00228518463763,1.08430527606835,-0.716531657402355,-0.319642272420832,-0.862720870623372,-0.088884963330656,-0.4267667384737,-0.209663619686793,-0.926048530734124,-0.30623281639082
2.6326238558045,-0.793563934270232,0.680433319217843,0.132986283175405,0.358932631573214,0.0369803431004381,0.177555120925265,0.0872299689527266,0.385279929371286,0.127407316090327
0.222185241176267,1.9820776583476,-0.505743267144741,-0.562170453427586,-1.51730926997431,-0.156326319920233,-0.750575476324064,-0.368745633216539,-1.62868671429463,-0.5385865891298
1.65123337431768,1.46548943626854,-0.2912082734042,-0.454028017539585,-1.22543067790312,-0.126254463730518,-0.60619033506915,-0.297811540618881,-1.3153828977949,-0.434980884970164
-3.50869029951885,0.0261445777665028,-0.644339279829293,0.112810611031342,0.304478089920409,0.031369965395654,0.150617802115004,0.0739960984158254,0.326828175152169,0.108078042598241
-3.30812662085437,0.694197025497288,-0.235352903815621,-0.118216032931512,-0.319067431475527,-0.0328730855047203,-0.157834789583335,-0.0775416880305555,-0.342488441144962,-0.113256699225017
2.69521905448086,0.698493980488528,0.6080553662561,-0.308521887651407,-0.832706730261755,-0.0857926470829734,-0.411919483438634,-0.202369402606525,-0.89383121511147,-0.295578947859918
-2.5761229881399,-0.728252669751186,-0.109511387643196,0.281406471730662,0.759521681697023,0.0782524906088079,0.375716644786496,0.184583531519451,0.815274049053687,0.269601062888289
-1.03550701251866,-2.05315587248028,0.459862003808072,0.604400651049066,1.63128941591269,0.168069540047544,0.806958643567635,0.396445774459907,1.75103352457038,0.579045168830236
-2.85461559091789,0.150579487294259,0.400409814835522,-0.00865365957055954,-0.0233563998348826,-0.00240637825460233,-0.0115538349881557,-0.00567621289687253,-0.0250708664723774,-0.00829062602486715
2.31150131037088,0.638200755048471,-0.0761190553183245,-0.236285003119764,-0.637737937672865,-0.0657052763353945,-0.31547323002043,-0.154986912890456,-0.684550820879802,-0.226372505201735
1.16839381278495,1.56985413696747,-0.143941735626398,-0.484342609578198,-1.30725036663851,-0.134684235491709,-0.646664517268203,-0.317695853942045,-1.40320852612794,-0.464023735990512
2.23140120787037,1.16820712387322,0.0339792656131962,-0.399944231852453,-1.07945746127807,-0.111215040843252,-0.533980984762631,-0.262336250734195,-1.15869457902907,-0.383165992382233
-2.52635515460751,-0.831384406991296,0.0724172441438096,0.29889008416413,0.806710300480163,0.0831142701170897,0.399059690743653,0.196051593738631,0.865926528412306,0.286351212471563
2.76084854202502,0.951143027690155,-0.297418253829028,-0.324728182221599,-0.876447842647439,-0.0902992346744319,-0.433557133002579,-0.212999631066494,-0.940783125325686,-0.311105364913276
-2.7524756451661,1.50672104092212,0.235667764054543,-0.404321049112724,-1.09127057838784,-0.112432130306225,-0.539824642464457,-0.265207145570933,-1.17137483299695,-0.387359195822722
1.77411772656998,1.39743672841828,0.372653321124631,-0.4808690346477,-1.29787511859788,-0.133718316378491,-0.642026813272714,-0.315417424722825,-1.39314509197569,-0.460695882556562
-2.46618988533029,0.934875908723502,0.528064747458437,-0.259671030910012,-0.700857293266302,-0.0722083780898743,-0.346696818597473,-0.170326558674678,-0.752303426036962,-0.24877745527346
-2.04924716166851,-1.23775728846688,0.191121440518885,0.401600298220105,1.08392721744546,0.111675553769928,0.536192062906538,0.26342251778659,1.1634924357548,0.384752584368503
-1.63413138946993,1.18253694929194,0.277834745972281,-0.335162269837599,-0.904609653299267,-0.0932007078998379,-0.447488086211942,-0.219843683829388,-0.97101214176074,-0.321101727449798
2.47220270025503,-1.16094999272294,-0.345271179538958,0.31472759820445,0.849456066857977,0.0875183085568778,0.420204967184499,0.206439927219636,0.911810029666514,0.301524319872111
-2.81148620434502,1.0361630478088,0.00829808515160759,-0.247471284103298,-0.667929933231094,-0.0688159167631998,-0.330408465635035,-0.162324353411319,-0.716959047084445,-0.237089505505176
2.61528859698109,-0.779714919229134,0.125501088884619,0.166372100695089,0.44904161915773,0.0462641500998271,0.222129814836199,0.109128797585017,0.482003329024625,0.159392550237025
1.33690296853072,-1.68431266263658,0.398788933140901,0.446092774323583,1.20401329814271,0.124047860089103,0.595595685492169,0.292606560053696,1.2923933843443,0.427378536693829
1.56004231541903,0.844267755372072,-0.205699074873354,-0.272472027606649,-0.73540743875028,-0.0757680328043746,-0.363787923500656,-0.178723143027206,-0.789389710316801,-0.261041431628439
2.82106468902362,1.20913901796915,0.514149816801511,-0.457304698449535,-1.23427450505395,-0.127165631268909,-0.610565158256233,-0.299960820734229,-1.32487590233201,-0.438120104372744
1.38553971152887,0.902265051498783,0.15107049893488,-0.309787355097389,-0.836122252146501,-0.0861445436787534,-0.413609057882203,-0.203199463296906,-0.897497451933554,-0.296791327114699
-1.64948778926978,-1.18984880088919,0.15256433475635,0.381063864133649,1.02849897211237,0.105964856693185,0.508773076898899,0.249952011919466,1.10399550354916,0.365077683419732
-0.959053518371501,-1.46627501599574,0.846026372584787,0.40184958397056,1.08460004465957,0.111744874246911,0.536524893936252,0.263586032306684,1.1642146515656,0.38499141222087
0.687265331761598,-1.47551457394916,0.0250964977351599,0.423177164733296,1.14216361065654,0.117675570520811,0.565000170415527,0.277575476656493,1.22600364674407,0.405424270097617
-2.68708681354357,-0.306109139718484,-0.698463711522688,0.197372982693087,0.532713618186049,0.0548847628828017,0.263520289255913,0.129463270506753,0.571817235703124,0.189092900359513
-1.16755228382989,-1.43044565259494,-0.185000499096393,0.46475998312978,1.25439646715043,0.129238769782174,0.620518996662162,0.30485098110012,1.34647490853372,0.445262629068667
-0.951375065773502,-1.49938118244488,0.673654468168062,0.423087283919969,1.14192102054811,0.117650576790363,0.564880167071588,0.277516520947914,1.22574324941148,0.405338159914517
-2.03507697505055,1.94900215115874,0.096207558418573,-0.542732619844766,-1.46484616931933,-0.1509211176854,-0.724623274262964,-0.355995734659699,-1.57237258195632,-0.519964200803246
-1.70951404601662,-1.45550576308037,0.141726032053463,0.462340353398078,1.2478658382292,0.128565927925722,0.617288455591697,0.303263868344325,1.33946490156251,0.442944506306774
-2.91639310942273,1.31085023056226,-0.388522607019156,-0.300519801319959,-0.811108939599132,-0.0835674559505468,-0.40123558903758,-0.197120577497784,-0.8706480477728,-0.287912560633589
-1.86401565867435,-1.40967482882492,0.57326432150181,0.423208482480172,1.1422481378802,0.11768427924623,0.565041983948479,0.277596018971252,1.22609437865278,0.405454274019677
3.33868959721365,-0.976558479341624,0.109618484784717,0.210161721493076,0.56723067936241,0.0584410089658784,0.280595028168035,0.137851814511672,0.608868007135758,0.201345133054352
-1.87577211911486,0.576912404660033,0.0559540110155774,-0.134366069583657,-0.362656702617969,-0.0373640290984534,-0.179397327028922,-0.0881350151174842,-0.389277364273786,-0.128729218461427
-2.69342663355764,0.036133609078954,-0.228781174197742,0.0640190577402667,0.172788714120565,0.0178021872908444,0.0854743155999179,0.0419921535193269,0.185472196497541,0.0613333655965172
-1.4325153297035,1.54515086755162,-0.516945484835503,-0.394573193071175,-1.06496092044684,-0.109721481867132,-0.526809903523776,-0.258813214110058,-1.143133925758,-0.37802027645274
-2.04691628020231,-0.587404968589696,-0.358186969988238,0.244354311113848,0.659517160944119,0.067949160223861,0.326246874658524,0.160279830843998,0.707928738810896,0.234103294044645
1.83780503942175,-1.26065299473058,-0.402365608943722,0.362293082563246,0.977836258147622,0.100745145861645,0.483711481732736,0.237639654174683,1.04961391452355,0.347094363308075
-0.700107364504577,1.82284875828026,-0.631759677526269,-0.485882615195987,-1.31140687252643,-0.135112474666176,-0.648720638224162,-0.31870599302571,-1.40767013857011,-0.465499136143381
1.79402143809978,-1.78511832123658,-0.319645596951833,0.514133527001111,1.387656647138,0.142968385715857,0.686439521270105,0.337236672286795,1.48951699559217,0.492564881303338
-2.60441284620042,-0.106069956041793,-0.135170908657339,0.0981978785476056,0.265038033400107,0.0273065097671458,0.131107778816013,0.0644111384452579,0.284493037987461,0.0940783353950313
0.379046537489501,1.88054722889873,-0.244832129028596,-0.552814708481082,-1.49205792770206,-0.153724708311722,-0.738084260044777,-0.362608900000702,-1.60158180793785,-0.529623331226821
-3.02320059503542,1.11410259082794,-0.306138310888297,-0.24499854799505,-0.661255969140008,-0.0681283072782482,-0.327107020190942,-0.160702406479647,-0.709795183485948,-0.234720504256107
1.27863919978035,1.38515866165026,-0.0501981203374806,-0.437969479816319,-1.18208836419527,-0.121788963826935,-0.584749961376047,-0.287278230614426,-1.26885905990655,-0.419596026150116
2.41155891255925,-0.964428463224304,0.155246104260668,0.223967418075857,0.604492529884415,0.0622800469792831,0.299027546678084,0.146907413747409,0.648865048013422,0.214571660680886
2.14495110755901,0.498581814941297,-0.703369848068951,-0.148996532150736,-0.402144612986954,-0.0414324150442059,-0.198931022446695,-0.097731604818446,-0.431663867978671,-0.142745911945317
-2.24044818231562,-1.06746143694125,0.834279651106882,0.311999952923724,0.842094097824541,0.0867598148541515,0.416563182662845,0.204650777184982,0.903907658414271,0.298911103259347
2.71813213442314,1.25189733480059,-0.519635224076193,-0.398607627056998,-1.0758499382678,-0.110843362631444,-0.532196432097351,-0.261459528774414,-1.15482224732016,-0.381885460092765
-1.06889712767075,1.54537719044054,-0.814215974643533,-0.382779707441298,-1.03313006743345,-0.106441992174442,-0.51106396554323,-0.251077488584278,-1.10896654246083,-0.366721544616836
2.01235368542908,1.51474292430514,0.152921758099593,-0.50641101879916,-1.36681344342491,-0.140820938655265,-0.676128902423533,-0.332171231441253,-1.46714380533846,-0.485166343499266
-2.50739256580301,0.0332869396895784,0.505695245138383,0.0116121056446164,0.031341304814354,0.00322905220450488,0.0155037705596102,0.00761675257529876,0.0336419000199351,0.0111249610035837
-2.0398451630622,-1.50268996790416,1.11273235003852,0.418732935087029,1.13016854617199,0.116439735266138,0.559066507834539,0.274660363873385,1.21312808963142,0.401166482318308
1.09789798098788,-1.2349276048695,0.455636795100537,0.313549588507524,0.846276595182852,0.0871907318946253,0.418632160958213,0.205667232872255,0.908397170219711,0.300395729387213
-2.9183486025581,0.645152637284408,0.09481361837839,-0.134291258451537,-0.362454785879778,-0.0373432258902768,-0.179297443798163,-0.0880859440962003,-0.389060625922948,-0.128657545764593
0.481719098335812,-1.97795365015563,0.424027338075992,0.55086234583016,1.48678846195456,0.15318180238967,0.735477585293839,0.361328282711777,1.59592553928898,0.527752873015271
-2.39944004711536,-0.960159053924638,0.22492400577311,0.324285953453831,0.875254258380082,0.0901762613032657,0.432966696301418,0.212709559032286,0.939501926510716,0.31068168828247
3.6001212639975,-0.554317000750164,0.749616844696792,0.035639644457398,0.096192111456751,0.00991054301648426,0.0475838652699265,0.0233771860170313,0.103253052656964,0.0341445097818206
2.290268916669,1.27910145771453,-0.156674220628867,-0.421558315077515,-1.13779430313702,-0.117225406682336,-0.562838781740479,-0.276513621239219,-1.22131361205666,-0.403873333528281
1.00622673593677,-1.33743227628039,0.186578951389325,0.364147561804766,0.982841534620225,0.101260832720369,0.486187468564756,0.238856066595563,1.05498660119568,0.34887104446094
1.56302229736866,-1.58068580531073,0.155919331081314,0.426446187052958,1.15098676711938,0.118584608386202,0.569364768323038,0.279719733256805,1.2354744632701,0.408556152198857
0.874890190851578,-1.85552539748209,0.448000375464372,0.504063586743459,1.36047767747166,0.140168173266595,0.672994755257663,0.330631475457041,1.46034296516887,0.482917389616355
-2.61378124486401,0.502649384889665,0.348746169096499,-0.115511617907597,-0.311768161368701,-0.0321210515875195,-0.154224020674409,-0.0757677754665034,-0.334653371207482,-0.110665738326162
-2.83716280634553,-0.222562307234166,0.0909338062881362,0.122949534820056,0.331843247513418,0.0341893605349355,0.164154670703043,0.0806465437563956,0.356202060548036,0.117791623857299
2.97949258155625,-0.287459314414008,0.385897203688458,-0.00589879272162715,-0.0159209592457438,-0.0016403148769593,-0.0078757058998344,-0.00386920736244225,-0.0170896305160042,-0.00565132982808762
2.57283706469393,-0.680297892967413,0.51297634115646,0.111733279162374,0.301570349711621,0.0310703848585025,0.149179414743737,0.0732894418852575,0.323706993504901,0.107045906360681
0.32543171601749,-1.85280857849527,0.588408900568945,0.505993152524293,1.36568561401196,0.140704739917728,0.675570993027218,0.331897139547618,1.46593318808514,0.484766007319517
-2.63644621198173,0.526610689617837,-0.506280740066696,-0.0649431063460063,-0.17528273974366,-0.0180591433743275,-0.0867080485685768,-0.0425982666406566,-0.188149295015178,-0.0622186490256285
-2.48367683677497,-0.354179050299788,0.409367031888545,0.133086107520235,0.359202059471562,0.0370081018920477,0.177688400262009,0.087295446942579,0.385569134510398,0.12750295265939
0.948549025871498,-1.54223084973182,0.290600279694621,0.419536905308879,1.13233847784121,0.11666330038832,0.56013991951695,0.275187713730952,1.21545730421578,0.401936724825555
-0.584726419755539,1.74060814187136,0.4308359976505,-0.535007864767871,-1.44399690124593,-0.148773045821975,-0.714309655526909,-0.350928820016809,-1.54999288219051,-0.512563510383887
-0.165290321980537,1.50090764042724,-0.524718735413675,-0.408846159475152,-1.10348394153901,-0.113690456576982,-0.545866292012188,-0.268175310610192,-1.18448471289738,-0.391694471255069
0.471114391556901,1.3899377084873,0.133095726147375,-0.433825002626013,-1.17090233756988,-0.120636482647599,-0.579216509871684,-0.284559735082381,-1.25685192773446,-0.415625415777331
-2.30621453224449,-0.421972022275322,0.229007345544433,0.161452982555997,0.435764821156279,0.0448962595761461,0.215562110294219,0.105902190206407,0.46775195328914,0.154679796224596
2.96520619072989,-0.683563810023526,0.40166764484455,0.111489691459476,0.300912901641546,0.0310026488739097,0.148854191397303,0.0731296648973326,0.323001285737698,0.106812537514527
0.115366587987749,1.45656453651266,-0.252517685253138,-0.42003467238816,-1.13368196111942,-0.116801717651637,-0.560804507562003,-0.27551421512519,-1.216899405315,-0.402413609855311
0.748454996230118,-1.32206623224939,0.61186221469636,0.336800425482666,0.909031068069053,0.0936562402777646,0.44967525105864,0.220918202664315,0.975758108609053,0.322671160094223
2.35880462790884,0.225474527433815,-0.194295353558157,-0.106336760859309,-0.287005039142732,-0.0295697406294138,-0.141974314811646,-0.069749692425471,-0.308072522482703,-0.101875779812223
-2.01633116731872,0.0179780736722946,-0.0736352895148436,0.0440978402796142,0.11902095073505,0.0122625674211644,0.0588767290613174,0.0289251879714499,0.127757633213545,0.0422478720455334
-0.691764514321809,1.78785676098822,-0.662671947481815,-0.473562904453343,-1.27815572743467,-0.131686654203473,-0.632272116779364,-0.310625099568676,-1.37197820725611,-0.453696255099933
-0.602667658597218,1.50979908094069,0.382078922360075,-0.462516044810753,-1.24834003285733,-0.128614783556283,-0.617523027979752,-0.303379109977574,-1.33997390424647,-0.443112827210363
-2.38833021200239,1.21886204009916,-0.112523919496363,-0.303217612332083,-0.818390385346372,-0.0843176534481105,-0.4048375406754,-0.198890158278664,-0.878463984961128,-0.290497194568506
-3.54375401602168,-0.360933550124677,-0.271997719415389,0.204106269124541,0.55088689260406,0.0567571307427281,0.272510159925389,0.133879849061632,0.59132451163267,0.195543715678319
0.442301963482536,-1.60915300226162,0.534606251012459,0.434348010474738,1.17231394618841,0.120781918772501,0.579914797842502,0.28490279270695,1.25836715488576,0.416126482689716
2.92982096073015,-0.521799287037119,0.0387548565258771,0.0883131568287106,0.238358972265266,0.0245578022170976,0.117910305225477,0.0579274323963545,0.255855611669684,0.08460829206099
1.79887499053155,1.55157709593151,-0.423377110396872,-0.474118243536451,-1.27965459869986,-0.131841080880721,-0.633013571429434,-0.310989364286969,-1.37358710253169,-0.454228296904618
-2.16408823380539,1.11033575242177,-0.557935299400139,-0.24600037634176,-0.66395992383581,-0.068406892069886,-0.328444599894647,-0.16135953782803,-0.712697620830961,-0.235680304453465
1.53340255885561,1.63163206339857,-0.987820215304745,-0.454359992881143,-1.22632668597341,-0.126346778228966,-0.606633568164377,-0.298029293894224,-1.31634467695809,-0.435298933465589
1.64727817993653,-1.63583036987503,0.185064138789584,0.439080607256276,1.18508731932443,0.122097942113844,0.586233470518902,0.288007054744071,1.27207815206679,0.420660540185541
2.07092124046122,0.701120237123379,-0.116816471656674,-0.247012530978762,-0.666691749395134,-0.0686883483588602,-0.329795966627191,-0.162023442521453,-0.715629974888428,-0.236649997738288
1.4667892042195,-1.1763267089087,0.518286390344481,0.283733948602879,0.765803588211914,0.07889970693246,0.378824149016479,0.186110198258711,0.822017076255661,0.27183089873655
-0.0794340779351454,-1.71938384966664,-0.377020219954859,0.539745635081067,1.45678423784712,0.150090507800231,0.720635235585163,0.354036475539297,1.56371886781895,0.517102524374229
1.42015069056919,-1.03792716237273,-0.293585990241563,0.297815928061493,0.803811131728064,0.0828155726855166,0.397625543460622,0.195347020295069,0.862814547405874,0.285322118772339
2.41360327654986,-1.26842569223774,0.186264433277195,0.312506237219956,0.843460569241228,0.0869006005542549,0.417239142373076,0.204982865295026,0.905374435086543,0.299396148196473
1.7338082052524,1.50999465530323,-0.484589709270989,-0.456184260705703,-1.23125042122887,-0.12685406400648,-0.609069218567227,-0.299225889677625,-1.32162983691458,-0.437046670614168
-3.03376199110416,-0.686921875374016,0.979748971178686,0.206300433789214,0.556808986811004,0.0573672760914137,0.275439673880239,0.135319072047691,0.597681314656627,0.19764583195912
-1.11479715086193,1.79865477981724,0.477937384988332,-0.543763610308083,-1.46762883314968,-0.151207811772612,-0.725999789434423,-0.356671994375801,-1.57535950604656,-0.520951939724204
-0.548691954130123,2.12659868233198,-0.709850060394872,-0.574587138957584,-1.55082215195193,-0.159779106779942,-0.767153472551404,-0.376890135547272,-1.66465959517974,-0.550482376727895
3.27834801624536,0.181592161264018,-0.809781718319744,-0.0723736648495271,-0.19533796539584,-0.0201254061220851,-0.0966288741013481,-0.0474722083140894,-0.209676666012153,-0.0693374848437336
-3.1715310635266,-0.0194580960098878,-0.807564657603799,0.129886232892726,0.350565534009449,0.0361182923659961,0.173416124107906,0.0851965465316091,0.376298648554659,0.124437317404521
3.91436226435686,0.188144311058373,-0.195126907247046,-0.129503886486367,-0.349533573430281,-0.0360119708646144,-0.172905638659366,-0.0849457532591036,-0.375190937346254,-0.124071010983379
3.20709034549377,-1.48762970018506,-0.201407051242342,0.386294511973569,1.04261659499186,0.107419376265724,0.515756716771813,0.253382961621828,1.11914942455673,0.370088898011082
-0.418079723738353,1.88526453496995,-0.16632909349705,-0.541869440785003,-1.46251643181526,-0.150681087984404,-0.723470810575154,-0.355429547826095,-1.56987183105751,-0.519137233354545
-2.92568238469726,0.157567798214434,0.0219608932959055,0.0161555760876285,0.0436042221893321,0.00449248397985326,0.0215699333597641,0.0105969605803516,0.0468049716509795,0.0154778262845569
-1.87946487847938,-1.32715864127236,0.276176562163359,0.418820819284617,1.1304057473747,0.116464173784926,0.559183845419722,0.274718009937656,1.21338270248796,0.40125067964659
3.00409616775072,-0.06829405899272,-0.0310538148397595,-0.0439026034515178,-0.11849400264074,-0.012208276672401,-0.0586160608345349,-0.0287971258732648,-0.127192004717556,-0.042060825684993
2.67210566042942,1.30866104174516,0.499736731875618,-0.482730336691778,-1.30289880995072,-0.134235900497395,-0.64451190949184,-0.316638312438759,-1.39853754526454,-0.462479100285541
-3.03472797436674,0.479180787415355,-0.00905580150884224,-0.0752736148163417,-0.203164988214776,-0.0209318136867319,-0.100500709261639,-0.0493743785193883,-0.218078228126051,-0.0721157777115834
-2.65613984292921,-1.55233474428925,0.134452938142179,0.512610732536662,1.38354659449634,0.142544932556463,0.684406379589447,0.33623782255069,1.48510524627712,0.491105970271011
1.06634649151616,-1.31986174890109,-0.0858970664282891,0.375812434547609,1.01432525888548,0.104504558208089,0.50176169051441,0.246507430803206,1.08878137490599,0.360046558906596
-2.52934573779876,0.933811839039595,0.354193196808844,-0.246324309750026,-0.664834226567693,-0.0684969702967025,-0.328877095894257,-0.161572016141365,-0.713636101384575,-0.23599064838634
2.56464284436526,-0.867490635592903,0.388873894282922,0.176044063016234,0.475146438433164,0.0489536942885214,0.235043225140707,0.115472947920226,0.51002436150252,0.168658759738035
-2.58536277473169,-1.08281379281419,0.443285617681756,0.350359302175071,0.945626746782491,0.0974266435116102,0.467778230803967,0.229811904816682,1.01504007761869,0.335661222282069
3.24533725180525,-0.069307954522835,-0.0378703570319132,-0.0484720849314213,-0.130827124323248,-0.0134789415025102,-0.0647169519742617,-0.0317943953517741,-0.140430433973591,-0.0464386108022075
-1.44155770356451,-1.9072711560155,-0.352881200082906,0.624246504382661,1.68485377001565,0.173588202934221,0.833455608550587,0.409463306259383,1.80852974739958,0.598058459888387
0.613099732346476,1.72598710311492,0.448806113383893,-0.558304791619077,-1.50687577162719,-0.155251370710619,-0.745414282000281,-0.366210021637011,-1.61748734942035,-0.534883097429943
2.95877041471801,0.0876713155399178,-0.021952352019481,-0.0900233353260951,-0.242974778150423,-0.0250333624484701,-0.12019363056292,-0.0590491933304029,-0.260810238830859,-0.08624672609482
-0.198643048996857,-1.99817837435953,0.672220460649793,0.555312384892701,1.49879920616954,0.154419253105742,0.74141900425078,0.364247206077368,1.60881792709603,0.532016226497432
-2.54560524320107,-0.457482644388029,0.0698631299810189,0.187979319258673,0.507359933158396,0.0522726070387549,0.250978446539482,0.123301665338379,0.544602474164333,0.180093314704081
0.718786278969246,-1.83089374858622,0.249978263486056,0.5134160521724,1.38572016826058,0.142768872918762,0.685481592926438,0.336766057532111,1.48743837030292,0.49187750558228
1.89725501187305,0.720112945190668,-0.609765590434738,-0.215855589165939,-0.582598541812968,-0.0600243390288237,-0.288197130723637,-0.141586604961223,-0.625363941020584,-0.206800134736113
-1.65706751724417,1.35970291453715,-0.817537743587197,-0.314194584963459,-0.848017453486101,-0.0873700901687985,-0.419493320628184,-0.206090306737336,-0.910265815489386,-0.301013667308149
-0.947532621920099,1.70680594456222,-0.514256092309206,-0.453673905063062,-1.22447492126389,-0.126155993417902,-0.605717545830374,-0.297579266886619,-1.31435698424437,-0.434641628024632
-2.94257214599744,-0.824567136289425,0.867582711268134,0.25284125235277,0.682423584675622,0.0703091780497192,0.337578117565545,0.165846687839304,0.732516598874608,0.242234195813222
-3.00259759674359,-0.0594973002634211,0.353934830977755,0.0603746150565563,0.162952290604941,0.0167887538927869,0.0806084794703532,0.0396016466598282,0.174913734479878,0.0578418125589446
0.614345468425796,-1.6300061763886,0.224286499465035,0.457532173907586,1.23488846585372,0.127228886818916,0.610868869522518,0.300110029183924,1.32553493066425,0.438338036906045
0.747489767581735,1.14198120211724,0.0144746755933256,-0.358044652557429,-0.966369660799148,-0.0995637578605528,-0.478039238811033,-0.234852972656436,-1.03730561645328,-0.343024161090867
-2.23802431703388,-0.735739896429892,0.973587505994537,0.203697057812791,0.549782423109245,0.0566433387459313,0.271963806104477,0.133611434235931,0.590138969022375,0.195151671373455
-1.71484527873951,-1.30343833785009,-0.293825867439198,0.446252589924202,1.20444464363735,0.124092301031451,0.595809061470624,0.292711388232567,1.29285639257229,0.427531647798659
-2.77597254073498,0.432004938790266,0.876939478594778,-0.126205429261718,-0.340630971571611,-0.0350947478476454,-0.168501741073802,-0.082782189360423,-0.365634843768763,-0.120910928814025
-3.41186986027161,-0.661299125250145,-0.393985523344554,0.298932783498011,0.806825546834225,0.0831261437929258,0.399116700272828,0.196079601601395,0.866050234376176,0.286392120506578
3.33383961987416,-0.458499279963339,0.379696729545219,0.0376984898641352,0.101748976286697,0.010483059276913,0.0503327092591784,0.0247276487611572,0.109217816796194,0.0361169836434392
0.131622194078801,-2.02325225277435,0.116605868454637,0.592674641027062,1.5996406809112,0.164808813727063,0.79130279487622,0.388754308349754,1.71706162758063,0.56781108190278
-2.68092578573951,1.52191667429221,0.227618152521721,-0.409894357301798,-1.1063130483863,-0.113981935625354,-0.54726578139876,-0.268862857187864,-1.18752148913455,-0.392698695665556
-2.92523148688685,0.825135535486856,0.326270602072925,-0.203302486427537,-0.548717467068133,-0.0565336177667754,-0.27143699861464,-0.133352622207627,-0.588995840334118,-0.19477365282898
-0.492728975546613,-1.44177010595553,0.383645779104692,0.415182528421027,1.12058592774432,0.115452451062687,0.554326222822705,0.272331538254306,1.2028420631567,0.397765020351378
3.04163252977294,1.23777605094679,-0.85456453066307,-0.37912937262355,-1.02327774093051,-0.10542692031313,-0.506190262598032,-0.248683116885061,-1.09839101010379,-0.363224346628778
-1.70784441593728,-1.28350354715687,0.901837287393318,0.360145577369887,0.972040098784682,0.100147975409444,0.480844264639439,0.23623103663256,1.04339229053748,0.345036949066224
2.06410580417267,1.09840762048668,-0.448829317576544,-0.343126493836735,-0.92610525277157,-0.0954153704122743,-0.45812142915136,-0.225067673819851,-0.994085616608048,-0.328731840723464
2.31240286905967,1.00487026923736,-0.0946992531634388,-0.344411615161825,-0.929573820868153,-0.0957727322874448,-0.459837244247711,-0.225910626119979,-0.997808793476681,-0.329963049348674
-1.50948536939984,-1.6439986318476,0.268540138310275,0.505650135044012,1.36475980298895,0.14060935486141,0.675113017146274,0.331672143379286,1.46493941829611,0.484437379919073
1.24106114568034,1.38927425145813,-0.570577828364791,-0.403545904938376,-1.08917844879595,-0.112216581026741,-0.538789717550965,-0.264698703642579,-1.16912913151847,-0.386616570068557
0.363333379623107,-1.892029568457,0.66863614736816,0.511484369161854,1.38050651727504,0.142231717516072,0.682902528361753,0.335499004682651,1.48184201347499,0.490026859470257
0.101277329834108,-2.06980054741598,1.02258763341226,0.546603267008622,1.47529312323999,0.15199745320454,0.729791124727143,0.358534616293715,1.58358639010482,0.523672468715577
-1.34817408026711,2.00203319306751,-1.11358040964314,-0.492766026461075,-1.32998533686564,-0.137026588695129,-0.657910946354955,-0.323221043274542,-1.42761234721541,-0.472093778341734
-2.54691781102871,-0.671538146384282,0.00692635075151321,0.256056384131635,0.691101289493649,0.0712032302290611,0.341870764131463,0.167955595905254,0.741831286939442,0.245314448159861
-1.90175091871454,-1.44063453752299,-0.573284142965062,0.509995700131525,1.37648856986092,0.141817753833577,0.680914948865685,0.334522538913432,1.4775291303327,0.488600642260691
1.16417048512288,-1.76344534899523,1.16166971172435,0.422459155057138,1.14022568821518,0.117475908995278,0.564041527976386,0.277104511078213,1.22392347192669,0.404736381966737
1.06460679588078,2.22955596935794,-0.0579450718298874,-0.68454436273647,-1.84759889274846,-0.190355612601611,-0.913961607183723,-0.449014605735744,-1.98322110693742,-0.655826735799375
-1.27057464137206,-1.61400473878019,0.214443262298553,0.495048571189638,1.33614597062834,0.137661310451305,0.660958459945231,0.324718237579486,1.43422519969018,0.474280567014809
1.40367001538244,-1.68334630331493,0.169748490980817,0.459656138837511,1.24062108957598,0.127819511280074,0.613704657101275,0.301503205912156,1.33168835520285,0.440372898432589
-2.62002902540685,1.016938924198,-0.117209638780987,-0.237568334664192,-0.641201675115732,-0.0660621405148524,-0.31718665551152,-0.155828691216036,-0.688268812502629,-0.227601999130172
-2.89603301982484,0.179546141298074,-0.282790416632463,0.0293385768682137,0.0791854043174625,0.00815836500396139,0.0391710666636204,0.0192441136651361,0.0849979753831483,0.0281077810991877
-2.97717608880495,-0.0833179458292676,0.0971717408300974,0.0840982774604232,0.226982928756872,0.0233857438555548,0.112282857055242,0.0551627578174713,0.243644514505773,0.0805702329835008
2.63425063528145,-0.735465521505471,0.296622091241379,0.141306541375145,0.381389174456382,0.0392940103115506,0.188663818871473,0.0926874931959209,0.409384885273535,0.1353785274145
2.87614329045532,0.54585048088477,-0.446445972107423,-0.196434075802876,-0.530179489756718,-0.0546236750614841,-0.262266718418015,-0.128847411360027,-0.569097090649745,-0.188193381972472
-3.50032902553171,-0.941788046711819,0.0931801464287122,0.351936748016349,0.949884304580596,0.0978652939275775,0.469884339647778,0.230846602143908,1.01961015964372,0.337172491986855
-3.00930102806094,0.163483374382698,0.469976856234471,-0.013740637038906,-0.0370862535150472,-0.00382094649150485,-0.0183456550012396,-0.00901292459398649,-0.0398085542467834,-0.013164197424702
-1.57870267400925,1.42657931678316,-0.132174679256967,-0.381730343800767,-1.03029781403123,-0.106150188940775,-0.50966291963353,-0.250389177311882,-1.10592638869718,-0.365716203300044
-1.18412126565423,-1.38013080154916,0.494717181919287,0.404637729661117,1.09212530550622,0.112520191684084,0.540247454890836,0.265414866500826,1.17229230099744,0.387662591163694
0.361584927897008,-1.44625019687481,-0.0204605720072068,0.424691109704724,1.14624977833998,0.118096562845296,0.567021496796396,0.278568521726259,1.23038975783565,0.406874702885964
-2.77278505482203,-0.358564426310062,0.0607390462598811,0.164107399693168,0.442929145969244,0.0456343902624122,0.219106125094262,0.107643307552754,0.475442172330618,0.157222856720429
2.47748478304498,0.392972507247457,-0.696864269941853,-0.125280759780723,-0.338135270193814,-0.034837619113424,-0.167267179150619,-0.0821756689870973,-0.362955946488359,-0.120025050556274
0.139114714182546,1.30208018914076,-0.170234573098051,-0.379994026712155,-1.02561145956684,-0.105667360184794,-0.507344695653796,-0.249250271237397,-1.1008960343682,-0.364052727226726
2.63418325625634,0.200616185065791,-0.807236317230023,-0.0639906017812421,-0.172711910919417,-0.0177942743610079,-0.0854363229504129,-0.0419734883430173,-0.185389755589942,-0.0613061034061654
-1.31759544222282,1.40072676096796,0.609785996961239,-0.429435216303243,-1.15905421670167,-0.119415786794783,-0.573355536673812,-0.28168033342154,-1.24413410057208,-0.411419787345288
-3.03646241023551,0.43091579819702,0.331014977792174,-0.0835971919445617,-0.225630488952128,-0.0232464038134335,-0.111613838437395,-0.0548340797542337,-0.242192799429975,-0.080090168730382
0.820883267372824,-2.01449978708303,0.0420605336390474,0.579829801176577,1.56497220188024,0.16123696726742,0.774153153285662,0.380328965866254,1.67984832352992,0.555505101677723
-2.82239360118005,-0.273311674824565,0.0339762107914759,0.141569368571795,0.38209855030395,0.0393670963447576,0.189014729608801,0.0928598899849449,0.410146332554744,0.135630328629792
-3.196270255408,0.366880592638087,0.0210651725982869,-0.0402306580740568,-0.108583348805962,-0.0111871954250556,-0.0537135047967357,-0.0263885791147276,-0.116553863535602,-0.0385429237314845
-1.08972171724331,-2.16944584247471,0.972984126399684,0.60594321728006,1.63545283294673,0.168498491268039,0.809018183297142,0.39745759313191,1.75550255546843,0.58052302217488
2.8503838733455,0.132890476540695,-0.299375739737285,-0.0825513443571039,-0.222807725447296,-0.0229555783110474,-0.110217486945899,-0.0541480747738336,-0.239162832165626,-0.0790881959631471
-1.02947155218662,-1.81043207652935,-0.550180233035974,0.59946765815145,1.61797516966116,0.166697791281355,0.800372414299881,0.393210066182118,1.73674195171188,0.574319122125488
-1.37157291963985,2.03027245961834,-1.0468791008416,-0.505134192469982,-1.36336726368779,-0.14046588342246,-0.674424162296473,-0.331333720095024,-1.46344466023734,-0.483943081882883
-1.98274411008576,-0.459794174239664,0.450949830023295,0.150737225816902,0.406842779921478,0.0419164608229926,0.201255089764092,0.0988733816305374,0.436706901867159,0.144413580992426
-2.18604581321443,-1.01907548426771,0.0952612929360645,0.345819672391248,0.933374195423292,0.0961642797328337,0.461717195816175,0.226834216023188,1.00188813291643,0.331312036539072
1.28522217526574,1.87796547554239,-1.07789621376699,-0.51631411863494,-1.39354210746389,-0.143574756725374,-0.689350913347454,-0.338666992286539,-1.49583447564055,-0.494653993961586
-0.10876395476832,2.22451077550305,-0.477245367998491,-0.629067734330914,-1.697866365837,-0.17492887306497,-0.839892618789766,-0.41262570563365,-1.82249752730584,-0.602677432261282
-2.72460747973638,-0.825172149286865,0.00666682604809521,0.305815638289355,0.825402509239702,0.0850401030796794,0.408306265434044,0.20059428684125,0.885990830838928,0.292986229576067
-0.296084273813747,1.65668056290147,-0.0178147235609514,-0.486332139866416,-1.31262014858063,-0.135237476855482,-0.64932081596664,-0.319000850676504,-1.4089724746392,-0.46592980260317
0.119037849342863,1.92469908414512,-0.31286821588956,-0.555686811106512,-1.499809789991,-0.154523372188717,-0.741918915144471,-0.364492804241524,-1.60990269239488,-0.532374944989568
-2.15226938649305,1.58993701757905,0.122243772757973,-0.434804375945081,-1.17354568569806,-0.120908823226626,-0.580524109001051,-0.285202137457841,-1.25968930971243,-0.41656370296796
2.57778255381614,-1.13108055894949,0.0901004690954652,0.274355257145227,0.740490312848256,0.0762917144413871,0.366302295964252,0.179958413690154,0.794845690635135,0.262845656961782
1.98689086032297,-1.32513420992923,0.146648158310717,0.341493278116383,0.921697170957151,0.0949612117106887,0.455940859788866,0.223996395240003,0.989353961415043,0.327167140766761
-2.93037291318867,-0.0581012426887817,-0.147020232030147,0.0918843598997099,0.247997720604938,0.0255508694093937,0.122678356320518,0.0602698990445596,0.266201888248828,0.0880296779936235
2.95344819925038,0.588894060237171,-0.768291672693936,-0.189441894611456,-0.511307453216208,-0.0526793146860756,-0.25293118735925,-0.124261015427487,-0.548839760260053,-0.181494532903647
0.911525525631693,-1.64335979946326,0.703416229166233,0.422890346946331,1.14138948372706,0.117595813271296,0.564617228914855,0.277387343669732,1.22517269535521,0.405149484732002
1.42617540062184,2.02577874961813,-0.891593618682497,-0.575975137380598,-1.55456838738837,-0.160165076345226,-0.769006642833013,-0.377800568235929,-1.66868082144171,-0.55181214660785
-1.38360043462711,-1.5751361429822,0.475775749490682,0.468466276963867,1.26439982815495,0.130269402523709,0.625467412650508,0.307282058113158,1.35721256201594,0.448813438511325
1.8931786315421,-1.94481804100435,0.56291524750768,0.500513787070407,1.35089669733008,0.13918105785354,0.668255280665552,0.32830304798411,1.45005869723793,0.479516509178143
2.94179517206794,-0.484330553427858,0.00473396276949199,0.0791510829815278,0.213630352154123,0.0220100459651728,0.105677666708036,0.0519177342669751,0.229311797672859,0.075830580474365
2.30870184065424,1.45143355271935,-0.537451026418502,-0.447879610428906,-1.20883600444113,-0.124544736989948,-0.597981359361523,-0.293778603171747,-1.29757009935595,-0.429090412437978
-3.70604653659036,-0.196404672436183,-0.305409016148527,0.160859704426128,0.434163551646942,0.0447312829464316,0.214770001758091,0.105513040050367,0.466033143269674,0.154111406971082
1.40994696343398,-1.24007835415034,0.839506507828867,0.282507357183296,0.762492993498056,0.078558620841044,0.377186479456659,0.185305637601077,0.818463468739004,0.270655764602586
-2.88513762035407,-0.346311063551411,0.0878893327265518,0.161117774870568,0.43486008892539,0.0448030462392432,0.215114561571897,0.105682316733034,0.466780809572034,0.154358650986804
-0.289609734486588,-1.82794881341627,0.508366697478403,0.517518961524462,1.3967940024612,0.143909795064462,0.690959545605135,0.339457287385675,1.49932507461283,0.495808291947808
0.690544907105635,-1.6809945340279,0.272002989403276,0.467862324770722,1.26276974913587,0.130101457689208,0.624661052760402,0.306885906496623,1.35546282773687,0.44823482298694
1.64858836684752,-1.64020707924306,0.207099912769418,0.438882399300513,1.18455235209727,0.122042825164679,0.585968835424865,0.287877043787944,1.2715039157969,0.420470647340441
-1.41958805688102,-1.54139152310163,0.234907790652728,0.475315189180176,1.2828851788732,0.132173923182353,0.634611659769358,0.311774479329266,1.37705482207436,0.455375028945936
2.47256733475714,-1.22516386470255,0.622014659503111,0.269144160380239,0.726425458710085,0.0748426315608269,0.359344759486297,0.176540288164983,0.779748411835989,0.257853173249471
-1.73116664663819,-1.42855835970386,0.264532028768456,0.446564662577663,1.20528693395538,0.124179081062607,0.596225721718581,0.292916086696367,1.29376051085436,0.427830628552563
3.08083145130443,-0.755063037208156,-0.0445791253276149,0.160119310600831,0.43216521394046,0.0445253969179243,0.213781473377239,0.105027391990648,0.463888118430224,0.153402073738522
-1.83061365215716,-1.11919007209297,-0.394019295382096,0.400566394929757,1.08113669183683,0.111388049694343,0.534811658707252,0.262744347453803,1.16049707279578,0.383762054817824
2.08701451298619,-1.31682170709608,-0.10805572425255,0.353846395061744,0.95503848005654,0.0983963216490328,0.472433983144638,0.232099200896975,1.02514267518747,0.339002026574364
-2.23488759876366,-0.88132909667885,0.0109736286244842,0.311459048184333,0.840634185141036,0.0866094020268304,0.415840999862346,0.204295980415745,0.902340581458565,0.298392890256766
-1.48926821069084,1.37906749207717,-0.568933457770396,-0.340310809297429,-0.918505664022706,-0.094632395071962,-0.454362100016606,-0.223220776011448,-0.985928183265808,-0.326034278226459
1.39188911917058,-1.94528170120491,0.367730310759658,0.524784114071482,1.41640279413668,0.145930062323992,0.700659531259485,0.344222733986491,1.52037324133612,0.502768660828723
-2.36625976569398,0.666464538196221,0.464220054657386,-0.177558953679251,-0.479235158557068,-0.0493749495874918,-0.237065814150927,-0.11646661329944,-0.514413212395379,-0.17011009854484
2.32820673290075,1.41158817992193,0.0048018705407008,-0.472712151301913,-1.27585952770512,-0.13145007985398,-0.631136243401503,-0.310067063286935,-1.36951345595794,-0.452881192274724
2.6631178433949,-0.45077751806914,0.580946844265288,0.0367424494058279,0.099168604015234,0.0102172070151465,0.0490562627330332,0.0241005511575216,0.106448033391037,0.0352010504662855
1.81553083644863,-1.44630241061816,-0.144535226469122,0.400897685054828,1.08203085049415,0.111480173650276,0.535253976943493,0.262961651273673,1.16145686679063,0.384079446842585
-2.97869482517585,-0.673116719189418,0.249672318897994,0.249819995271614,0.674269151534813,0.0694690378428649,0.333544320593542,0.163864948406525,0.723763593022833,0.239339684840077
-1.4044197817388,-1.62093274081059,0.169582030640263,0.503072608979128,1.35780300871419,0.139892605765535,0.671671662585407,0.329981461353697,1.45747196348408,0.48196798480374
2.41966774576485,-0.1556533793122,0.715788608709021,-0.0549170446341956,-0.148222199147988,-0.0152711325118847,-0.0733218664967258,-0.0360218511566188,-0.159102386898319,-0.0526131951159727
1.84969626022775,1.81879416010659,0.137572266164338,-0.592467167462919,-1.59908070562216,-0.16475112023114,-0.791025788910713,-0.388618219783877,-1.71646054754267,-0.567612312154984
-3.64162293973635,-0.43807725227834,0.636859444664553,0.168458117597019,0.454671820395314,0.0468442221110504,0.224914936537703,0.110497082984423,0.488046812799434,0.16139105571028
-2.46220086238915,1.26161434530752,-0.0107880612891753,-0.321143546662978,-0.866772839755676,-0.0893024322247161,-0.42877114767472,-0.210648353618782,-0.93039793294441,-0.307671110005321
-2.61603284602849,-0.274659020646973,-0.800311716728686,0.193239617489727,0.521557583035127,0.0537353716844774,0.258001673794325,0.126752063683386,0.559842296516984,0.185132935809736
3.01543123251114,1.37523659717278,-0.544764525273155,-0.440275008243006,-1.18831103141777,-0.122430076806491,-0.58782816138903,-0.28879050066422,-1.27553849938097,-0.421804834321908
-2.83566418958279,0.777681587853182,-0.354835023105203,-0.145552770345136,-0.392849831165246,-0.0404747862565865,-0.194333123105268,-0.0954727309841661,-0.421686806634058,-0.139446620932521
-2.71925621219382,0.471647995589188,0.128051263749966,-0.0891690280717151,-0.240668985826095,-0.0247957997869248,-0.119053011964996,-0.0584888257985322,-0.258335190797561,-0.0854282582664239
-2.46377808368637,-0.942061936898972,-0.370057846429319,0.360122875159665,0.971978825066349,0.100141662461198,0.480813954042098,0.236216145524654,1.0433265190478,0.345015199246583
-1.53910735270554,-1.55457027825842,0.0841335542151589,0.491974089284044,1.32784788262446,0.13680636967839,0.656853600455247,0.322701586277058,1.42531799405095,0.471335064075658
-2.81945150721486,-1.05196033297021,0.341045289598091,0.353169415985961,0.953211300024219,0.0982080697639775,0.471530122244142,0.231655148605624,1.02318137177876,0.338353447750779
-0.295477945536558,-1.7835399245455,0.424062890527829,0.510045884577057,1.37662401868067,0.141831708942103,0.680981952056407,0.334555456501029,1.47767452171569,0.488648721396088
-2.52766948765547,-0.723766808388983,-0.786052197171747,0.324269016154196,0.875208544270442,0.0901715514404382,0.43294408265877,0.212698449314155,0.939452856776219,0.310665461527072
-2.80713158431684,0.672716638835993,0.410698957552236,-0.166105182207112,-0.448321200833242,-0.0461899263751725,-0.221773441657865,-0.108953717186775,-0.481230028698153,-0.159136829366
-3.80558492852825,0.201396489119556,-0.485870606015116,0.0564993766337073,0.152492944784649,0.0157111416530047,0.0754344990390357,0.037059753471764,0.163686624809606,0.0541291459975814
-2.77894709574149,0.811977018448081,0.537105425271779,-0.21671701244918,-0.584923540441166,-0.0602638804898549,-0.289347250206425,-0.142151640124685,-0.627859605188354,-0.207625420065658
0.687408211698232,1.86452447302322,-0.729228615393306,-0.52243349943228,-1.41005843832706,-0.14527641193405,-0.697521134903511,-0.342680890443673,-1.51356318077539,-0.500516657876295
0.25509012320722,1.2860194038826,0.36949981962215,-0.41388181789625,-1.11707528408676,-0.115090754199431,-0.552589593983994,-0.271478360498048,-1.19907372218835,-0.396518876515975
-3.01502739361153,0.597722645596113,-0.143118259493141,-0.102090114186073,-0.275543255044474,-0.0283888485309748,-0.136304452886121,-0.066964180652268,-0.295769390977244,-0.0978072861142133
-2.63676672159165,0.728824413643804,0.518514012783668,-0.193814948310441,-0.523110412398978,-0.0538953575915819,-0.258769820185101,-0.127129441623652,-0.561509110662602,-0.185684130669694
0.510620624462261,-1.4383351299081,-0.0961118527024356,0.424101259204438,1.14465776007127,0.117932539358379,0.566233964620856,0.278181619862411,1.22868087814021,0.40630959746801
-3.05706678941037,1.08518495354165,-0.0819825616474049,-0.250625925610323,-0.67644437359855,-0.0696931480272303,-0.334620349303646,-0.164393583967615,-0.726098486340863,-0.240111805234443
-1.31843523639103,-1.59371272124679,0.187193736254345,0.49187741188851,1.32758694840505,0.136779485979023,0.656724522732005,0.322638172472194,1.42503790606568,0.471242442436814
1.6619945479961,1.78245839815293,-0.171939647113355,-0.556774543968854,-1.50274560268842,-0.154825844996367,-0.743371189283548,-0.36520628311728,-1.61305400717992,-0.533417045883774
1.28320558926675,-1.48377533167078,-0.150486705283789,0.424228057337988,1.14499999076355,0.117967798923285,0.566403257704308,0.278264790825527,1.22904823013151,0.406431076236311
-0.827559256946219,-1.21652445178527,-0.12179449348995,0.389224962134184,1.05052593844239,0.108234265213596,0.519669273918381,0.255305137882599,1.12763935001332,0.372896411545451
0.873967960875781,-1.93168507735732,0.158256782936452,0.546184750997147,1.47416354017498,0.151881073790604,0.729232347842397,0.358260098216997,1.58237389047334,0.523271510056611
-2.19030215159566,1.65816212124277,-0.397747373192042,-0.419515813719592,-1.13228155122092,-0.116657435315699,-0.560111759321801,-0.275173879080981,-1.21539619892103,-0.40191651805897
-1.49228761118029,-1.54301834690381,0.46831800285759,0.461787413687724,1.24637344291895,0.128412168457343,0.616550204436825,0.302901177451586,1.3378629576066,0.442414763217683
0.514074327568945,1.68070888460518,0.416177456770098,-0.540431319599253,-1.45863491404218,-0.150281180463123,-0.721550719457906,-0.354486238009565,-1.56570539211626,-0.517759443434307
0.379992520039435,1.53796476329974,-1.02400033287192,-0.398531229982141,-1.07564374103852,-0.110822118410065,-0.532094431413214,-0.261409417482416,-1.1546009142706,-0.381812267985787
0.0539858489724084,1.79353839673487,-0.0881428927750177,-0.530172115716322,-1.4309451180751,-0.147428338271663,-0.707853260272373,-0.347756897096958,-1.53598303840398,-0.507930628005096
-0.408812777876632,1.99893850342302,0.429564740900598,-0.61584852589198,-1.66218745851659,-0.171252923546603,-0.822243143243364,-0.403954802784317,-1.78419962490504,-0.590012788751983
-2.65170302469916,1.09259260415539,0.0698683260971971,-0.271948855626059,-0.733995387136577,-0.07562255103828,-0.363089416391049,-0.178379977743284,-0.787874007652455,-0.260540207469759
1.52488684687189,-1.68993470310293,0.234700699892837,0.454597553839516,1.22696786773977,0.126412838318308,0.606950744971518,0.298185117747094,1.31703292440044,0.435526528397875
2.72999038387801,-0.649093350111867,0.0913331066107953,0.127170562328481,0.343235884974707,0.0353631285489798,0.169790327492538,0.0834152510976092,0.368430969736926,0.121835573151547
-1.34526689136352,-0.901711528115395,0.207812799024381,0.284718288973462,0.768460342511234,0.079173428731149,0.380138379848089,0.186755858682588,0.824868848479079,0.272773944603693
1.41193840593113,0.936399329299648,0.248200168742799,-0.327049475585728,-0.88271305975063,-0.090944731510591,-0.436656381392185,-0.21452224184445,-0.947508238036763,-0.313329276660565
-2.92089546412121,1.05454479285552,-0.140003301967317,-0.240613268640712,-0.649420012669518,-0.0669088647068607,-0.321252064420627,-0.157825961083971,-0.697090413643751,-0.230519193718647
2.24802756723903,-0.57547780176937,-0.661376847372902,0.166228352723638,0.448653640514788,0.0462241771854984,0.221937891369775,0.10903450867952,0.481586870973722,0.15925483270106
-1.00297301468247,1.28004926455653,-0.485644209457127,-0.327094541047774,-0.882834692331818,-0.0909572631507621,-0.436716550030424,-0.214551801726576,-0.947638799006057,-0.313372451561243
-2.39877046305647,-1.35501762995679,0.436080545124787,0.427898374328453,1.15490624954933,0.118988427354683,0.571303639619761,0.280672269472799,1.23968165364776,0.409947418116014
2.36685144869669,-0.698781092720477,0.208285449076697,0.142183039595985,0.383754860641928,0.0395377437565316,0.189834065485454,0.0932624164945148,0.411924223651566,0.13621825526619
-3.48141070537443,0.610678365867726,0.208311501924406,-0.119169221792248,-0.321640107228252,-0.0331381448045809,-0.15910742883147,-0.078166915179873,-0.345249963071682,-0.114169900433245
-2.83630539292139,0.0761620469273041,0.0314274989468951,0.0378253927635841,0.102091489744219,0.0105183479747396,0.0505021422196267,0.0248108884435862,0.109585472308998,0.0362385627825565
2.66653146055703,-0.978025938742949,0.112726532578719,0.225236459399816,0.607917697737125,0.0626329373860835,0.300721892744118,0.147739818658995,0.652541638861663,0.215787463884289
2.89573823362908,-0.927737850664167,0.301329549942159,0.192556808949515,0.519714669162005,0.0535454987631052,0.25709002975081,0.126304187659324,0.557864104331554,0.184478772076194
2.50973844244597,-1.1032213505711,0.120679382392163,0.265503572026255,0.716599438107293,0.0738302699607947,0.354484069421156,0.174152309483988,0.769201116352568,0.254365312846913
-2.67201165049602,-0.0116452995196781,-0.553995986855576,0.0995565789577681,0.268705192915318,0.0276843322473203,0.132921832189543,0.06530235362749,0.288429383793695,0.0953800363561847
-1.57287818537027,-1.13106014892886,-0.1458597971382,0.381808583261597,1.03050898389701,0.10617194548616,0.509767380158309,0.250440497083938,1.10615305939752,0.365791160502236
-2.49228961310747,-0.928762677527337,0.470139891824557,0.30056489149531,0.811230638882024,0.0835799944629041,0.401295790671507,0.19715015359016,0.870778680340008,0.287955759210813
1.92363461399821,1.82258116132486,0.0248286692968675,-0.587685330825433,-1.58617443313252,-0.163421404449316,-0.784641374201612,-0.385481659745766,-1.70260689558726,-0.563031080486445
-2.03163489610769,-1.18680820592968,0.0640876868965331,0.394517447932023,1.06481046320407,0.109705980461102,0.526735476036318,0.258776649085144,1.14297242426505,0.37796686990287
-1.34918538062792,1.73939676568095,-0.46930515607168,-0.457530395012632,-1.23488366458074,-0.127228392150262,-0.610866494451186,-0.300108862349662,-1.32552977695586,-0.438336332638309
2.11576437506288,1.36033662849774,-0.023610525517593,-0.450834519906358,-1.21681136407581,-0.125366427495899,-0.601926573086313,-0.295716823083016,-1.30613088688672,-0.431921359185437
0.56772422762599,1.78300788736298,-0.449554639562308,-0.514194195218181,-1.3878203918663,-0.142985256113533,-0.686520521748959,-0.337276466516433,-1.4896927599329,-0.492623004400881
-1.24983619426825,1.74009564922368,-0.319204846869693,-0.469976919932301,-1.26847708366642,-0.130689476639182,-0.627484330399698,-0.308272937293241,-1.36158910674135,-0.450260707820484
3.52162084959212,-0.823638468908754,0.616960678107006,0.126568391040694,0.341610612654719,0.0351956789421793,0.168986345357932,0.0830202676340249,0.366686394990659,0.121258663820963
2.90584855286248,-0.187510839055564,0.00329965342043046,-0.00847807094056798,-0.0228824826192696,-0.00235755120547683,-0.0113193998292294,-0.00556103868208217,-0.0245621615642755,-0.00812240359207914
2.54146774079461,-1.74666381312637,0.24607787707876,0.448302394490813,1.20997710705942,0.124662303247861,0.598545834685179,0.29405592079965,1.29879496412863,0.429495460096482
-2.84534336725328,0.512398690626584,-0.125910292852383,-0.0815434383019662,-0.220087366895189,-0.0226753034523024,-0.108871792659029,-0.0534869568615376,-0.236242786846184,-0.0781225730260288
-2.94908651490284,0.479642535909504,-0.0452818233339969,-0.0748787203914211,-0.202099160283159,-0.0208220028778776,-0.0999734704690715,-0.049115354599004,-0.216934163546535,-0.0717374496794224
0.408163512502234,-2.01714123240547,-0.131881104366201,0.601371986232591,1.62311498914646,0.16722733992453,0.802914956242214,0.394459176055913,1.74225905746958,0.576143560886992
3.05877576865641,1.30234416891313,-0.555217905958506,-0.418794479686394,-1.13033465627358,-0.116456849365023,-0.559148678405231,-0.274700732950283,-1.21330639297467,-0.401225445032641
3.18141610720051,-0.0910777400782701,-0.834779148600276,0.0127567971830711,0.0344308501150163,0.00354736387414067,0.0170320924261923,0.00836759247378775,0.0369582320848445,0.0122216310749884
-0.882641732056181,-1.52531441030643,0.362558420845936,0.450120068321527,1.21488304499393,0.125167755391492,0.600972681192269,0.295248191370971,1.30406102035936,0.431236879878802
-0.995531687764539,1.78025344056374,-0.269386824248651,-0.490903019492643,-1.32495704388796,-0.136508530477047,-0.655423573825502,-0.321999037244036,-1.42221495452139,-0.470308927212446
3.24359384414115,-1.34402839041137,0.0774751597402166,0.324001521078811,0.874486569725036,0.0900971673804493,0.432586939656328,0.212522990713737,0.938677885995093,0.310409188257315
-2.30154671710759,-0.473387965966689,0.669700747096127,0.147194576180979,0.397281097872761,0.0409313336663197,0.196525161462595,0.0965496440963107,0.426443348597417,0.141019550636934
3.24386417347984,1.0892071308408,-0.00161047662996161,-0.396363938114166,-1.06979417704601,-0.110219445751181,-0.529200796366725,-0.259987821225713,-1.14832196551076,-0.379735897148963
1.76669867436152,0.848292821692478,-0.171165610053893,-0.28054734533235,-0.757202882407074,-0.0780135878572038,-0.374569591963453,-0.184020002956492,-0.812785039283965,-0.268777978086025
2.44170165541714,0.177301083408652,0.57421960622779,-0.145225961934028,-0.391967768743331,-0.0403839085594114,-0.193896788578367,-0.0952583668642455,-0.420739996793652,-0.139133522607334
0.61499687989555,1.94555616563942,0.492716409629108,-0.62676589867546,-1.69165366547774,-0.174288786957839,-0.836819349138225,-0.411115857790962,-1.81582878630804,-0.600472161943624
3.20217112504164,0.586648222193459,-0.293730476516356,-0.226020428861755,-0.610033646956308,-0.0628509407695194,-0.301768600639794,-0.148254049376569,-0.654812908437089,-0.216538544692456
-3.3893670509324,-0.0700348434435352,0.414480882290049,0.0680078289314048,0.183554487147624,0.0189113703108922,0.0907998780133859,0.0446085164919171,0.197028226533909,0.0651548020621941
2.31224841134536,0.795793873655443,-0.541855725983295,-0.252135107880693,-0.680517686656806,-0.0701128159570855,-0.336635316818455,-0.165383505028982,-0.730470799218947,-0.241557675123936
-3.15806097380903,0.752181099570285,0.510465793565494,-0.188728805427501,-0.509382811281476,-0.0524810214331609,-0.251979114459214,-0.123793277357877,-0.546773840799266,-0.1808113588432
0.18896621479969,1.99847622952308,-0.920144227501399,-0.538597769188904,-1.45368612490246,-0.149771313417833,-0.719102675516391,-0.353283553480387,-1.56039333920577,-0.516002813117849
-2.73278569113111,-0.632918612727852,0.62214553698472,0.207476941488033,0.55998440456327,0.0576944350834823,0.277010474730863,0.136090781186333,0.601089822604079,0.198772983456905
-2.55449096910654,0.767358828296522,-0.842005985597152,-0.116085313383725,-0.313316576904886,-0.032280582743935,-0.154989983653491,-0.0761440807317987,-0.336315447530283,-0.111215366446607
1.44888741673522,-1.39057438841941,-0.169402856804322,0.394039782226562,1.06352123393485,0.10957315291488,0.526097726111515,0.258463332826789,1.14158855966737,0.377509242965204
-1.52221580287422,1.59162473324314,-0.991024481634027,-0.374728946299831,-1.01140090248745,-0.104203265727456,-0.500315083524111,-0.245796736106297,-1.08564235736515,-0.359008524559228
0.283426871875316,1.78637053873698,0.0150443730855345,-0.540006582381774,-1.45748853981803,-0.150163071078795,-0.720983636400839,-0.354207639244271,-1.56447486877773,-0.517352524557934
2.64840073484176,-0.709688076492112,0.068878039566572,0.148545956102426,0.400928499242874,0.0413071204915538,0.198329440969017,0.0974360575351742,0.430358485920281,0.142314238214471
-2.4294132940685,0.315826921534822,0.766481596708859,-0.0918210036288949,-0.247826720765953,-0.0255332515274862,-0.12259376691733,-0.0602283416342449,-0.266018336239087,-0.0879689796100813
3.23487484412253,0.204968070404999,0.58701511353807,-0.171850933599571,-0.463829098478148,-0.047787684074609,-0.229444816170595,-0.112722539832289,-0.497876277001459,-0.164641538170214
2.36552883565246,0.731220493311649,-0.090728710425519,-0.264241443220554,-0.713192927279276,-0.0734793017619902,-0.352798952525123,-0.173324438714861,-0.765544552040017,-0.253156132171621
-3.24068914160171,-0.61113720829599,-0.173716470066993,0.26545338541987,0.716463983455357,0.0738163142513871,0.354417063345394,0.174119390479017,0.769055718709277,0.254317231641314
0.461924378497788,1.28434216353534,-0.570923058389968,-0.35502166421052,-0.958210554937528,-0.0987231362295993,-0.474003130359282,-0.232870097630915,-1.0285475948816,-0.340127991481073
1.68613608853465,1.40146981605284,-0.274978014216205,-0.436792663523215,-1.17891211354087,-0.121461719022087,-0.583178748509279,-0.286506319058893,-1.26544965791814,-0.418468579004023
0.89913535712019,1.65827819316949,-0.270636039142618,-0.496288406243642,-1.33949231017573,-0.138006079284527,-0.66261381159267,-0.325531485161754,-1.43781717587474,-0.475468389193561
-0.0162594962642865,-2.21100677713706,0.482833479195329,0.627427808801616,1.69344017411436,0.174472848524058,0.8377030909023,0.411550025874883,1.81774643285448,0.601106303981831
3.01513152621052,-0.679288778675142,-0.0946145718062152,0.142320669420934,0.384126326285395,0.03957601535888,0.190017820378277,0.0933526923114685,0.412322956573261,0.136350111320755
2.35204382037078,1.45785438813706,0.290299097715213,-0.506140283910874,-1.36608272455984,-0.14074565367986,-0.675767433821806,-0.331993647743629,-1.4663594483646,-0.48490696633145
2.20597555317429,-1.25120542463976,-0.392811769887316,0.350704989005016,0.946559762433502,0.0975227708509976,0.468239770636705,0.230038651897083,1.0160415808884,0.335992407049094
-0.49441039616008,-1.4073366433976,0.398435927000419,0.403961069987655,1.09029898754713,0.112332028617267,0.53934402043671,0.264971023715703,1.17033192294209,0.387014318343041
-2.74927965925041,-0.547304558715855,0.00596992114122034,0.223540133053839,0.60333927908499,0.0621612291107135,0.298457061948814,0.146627143795392,0.647627143327514,0.214162300884063
2.74601513292903,0.689847881405963,-0.18988802892257,-0.253671195267085,-0.684663617160007,-0.0705399655639823,-0.338686206392404,-0.166391074018988,-0.734921059994765,-0.243029321420887
0.736782353677511,-1.63015622082505,-0.346617251977225,0.493074623298949,1.33081824588805,0.137112402184098,0.65832296590733,0.323423461839404,1.42850639557184,0.472389429095547
1.32486314790678,-1.84589021753781,-0.0657797864643881,0.525631573854035,1.41869010499793,0.146165720865417,0.70179100753341,0.344778610041944,1.52282845128237,0.503580568446648
0.167252532283584,-1.78565004194766,0.259768475372228,0.511449148434397,1.38041145582892,0.142221923463975,0.682855503808743,0.335475902277732,1.48173997408368,0.489993116303301
-3.1107689484807,-0.559572329885641,0.308543545046746,0.214935831695898,0.580116098050738,0.0597685762087858,0.286969127015919,0.140983306533446,0.622699274525404,0.205918962423346
-1.64871038325362,-1.12407684132751,0.627311159347295,0.329664355055154,0.889770671609514,0.0916718677056683,0.440147607925574,0.216237425166268,0.955083910904962,0.315834458151048
-2.85772241348455,0.793777458696537,0.0881988708012195,-0.179511232388992,-0.48450439774565,-0.0499178321674845,-0.239672376828754,-0.117747175528653,-0.520069237854862,-0.171980476336663
-1.16804314788623,1.86916095138768,-1.11819356801522,-0.456809841416459,-1.23293887604851,-0.127028023220681,-0.609904455526217,-0.299636228132642,-1.32344223204512,-0.437646007308541
0.633826480909983,1.64093464764467,-1.10655127936076,-0.429321649871356,-1.15874769863618,-0.119384206653466,-0.573203909746093,-0.281605841555981,-1.24380508267782,-0.411310985189613
0.344207159804534,-1.27665754809302,-0.267555628631662,0.391032426404031,1.05540432056842,0.108736878319585,0.522082489246592,0.256490711675454,1.13287582771312,0.374628050072761
2.86463665260482,-0.771023070345518,-0.622061583654158,0.208295819965528,0.562194573911928,0.0579221458393007,0.278103791000956,0.136627909846992,0.603462228497678,0.199557508796893
-1.91084126995743,-1.12207554734279,0.467987759827027,0.345517926084176,0.932559776120198,0.096080371214614,0.461314322671956,0.226636290941225,1.00101393150933,0.331022948926378
-2.41920575886516,-0.303415632989383,0.596189121738932,0.104022174245404,0.280757923692206,0.0289261087820225,0.138884020863196,0.0682314808201204,0.301366840168439,0.099658293457279
2.21593598152928,-1.23141562941211,-0.113013258123124,0.325860585601283,0.879504221962411,0.0906141292974629,0.435069048473972,0.213742410767476,0.944063856869774,0.312190262331959
2.56568425910112,0.376567317311054,0.00904404898841572,-0.16957185480867,-0.457677819350348,-0.047153926113803,-0.226401930087504,-0.111227618947036,-0.4912734658346,-0.1624580700337
-1.13144001340356,1.94890601638858,-0.808696321870424,-0.502110102569332,-1.35520518471065,-0.13962495547544,-0.670386583117795,-0.32935012252507,-1.45468344730985,-0.481045856931122
-2.5290749633665,1.40269010226625,0.302102553397196,-0.382675848072016,-1.03284974892361,-0.106413111337873,-0.510925298889559,-0.251009363892455,-1.10866564728949,-0.366622042298438
2.20046185010328,0.245667927529061,-0.513376420095123,-0.0875106385239458,-0.23619295934922,-0.0243346408387512,-0.116838832053621,-0.0574010348977772,-0.25353060349293,-0.083839440560805
-2.78459030336461,-0.151182647354271,0.226804062406908,0.0914095349393595,0.246716158563457,0.0254188318072656,0.122044399184186,0.0599584461220449,0.264826253688486,0.0875747726276983
2.82707364499405,-0.820305471781015,0.828680124786361,0.126746839382614,0.342092248289883,0.0352453012096218,0.16922459862866,0.0831373176256004,0.367203384885629,0.121429625996625
0.943813042435065,-1.84812826690403,1.16418483819633,0.452412159930204,1.22106944597653,0.12580513190945,0.604032941190766,0.296751647780817,1.3107015314859,0.433432814926551
-2.90224517375361,-0.317539765471142,0.0749454654899183,0.153781422846861,0.415059128441794,0.0427629800875753,0.205319514747395,0.100870168111584,0.445526367970651,0.147330069550315
-1.16396217117766,-1.52130645240804,0.634695366575263,0.436928012923707,1.17927742427323,0.121499356492277,0.583359458719367,0.286595099072296,1.26584178413008,0.418598250301237
0.759668435115149,-1.92217141616071,0.896029088211405,0.496504173103521,1.34007466923543,0.138066078950038,0.662901890257496,0.32567301356633,1.43844228275456,0.475675104321331
-0.35995498232414,2.30727140583579,-0.782610308331002,-0.627767910684218,-1.69435811588107,-0.174567422821552,-0.83815717405622,-0.411773109609173,-1.81873175574778,-0.60143213809814
-0.536300865742424,1.72183167481783,-0.150624276979536,-0.491569574637356,-1.32675608952235,-0.136693883713173,-0.656313517333185,-0.322436252144627,-1.4241460583386,-0.470947519403958
-1.66486603711908,-0.748338844988341,-0.0534015677425881,0.263516360696655,0.711235915080749,0.0732776734446203,0.351830866853896,0.172848833828871,0.763443886189931,0.252461467909201
-1.18866002581761,-1.48120794612548,0.477778222696064,0.436015158870321,1.17681361297029,0.121245513349294,0.582140672029749,0.285996328816944,1.26319711780197,0.417723691796803
3.07524693220953,-0.123019237211437,0.844343531068606,-0.0877304836848311,-0.236786325824701,-0.0243957745834081,-0.117132355815574,-0.0575452383908031,-0.25416752578323,-0.0840500628989516
1.92709045679519,-1.51186599178886,0.211362294691641,0.394171760961244,1.06387744717294,0.109609853082551,0.526273936015548,0.258549901912365,1.14197092058733,0.377635685000918
1.81521207121561,1.43262779478193,-0.195415632307582,-0.454259368254322,-1.226055098098,-0.126318796897844,-0.606499220340251,-0.297963290973743,-1.31605315328972,-0.435202530187524
-3.65298077945709,-0.00820723371619659,-0.640920408444806,0.126013160219623,0.340112033590932,0.0350412823700452,0.168245035252688,0.0826560739282744,0.365077813365403,0.120726725736567
-2.99728549145707,-0.725297881701934,0.657337136328099,0.238513570979377,0.643752886789348,0.066324988399701,0.318448677009062,0.156448702035632,0.691007294788605,0.228507581413647
2.58393769035288,0.00611164145119161,-0.126120381555004,-0.0504514032922994,-0.136169344069733,-0.0140293431705809,-0.0673596163342527,-0.0330926937555218,-0.146164797097919,-0.048334893892661
-2.88951688564381,0.922350267139736,-0.122862488812776,-0.203029555127348,-0.54798082004352,-0.0564577220211178,-0.271072597498583,-0.133173597812981,-0.588205120046663,-0.194512171391919
-3.22485555047999,-0.383835538651273,0.634932680163841,0.143206218551795,0.386516441057667,0.0398222656480795,0.191200151211659,0.0939335523922723,0.414888516708081,0.137198510383689
-0.99901639059315,-1.66037324511392,0.227105516716509,0.502031973107328,1.3549943117339,0.139603229518129,0.670282269456697,0.329298874904773,1.45445709529155,0.480971005113147
2.50997891449616,-1.09426990717973,-0.172070380355896,0.282417955819408,0.762251697433227,0.0785337604341563,0.377067116244176,0.185246996378764,0.818204460438735,0.270570113755327
2.93686044138255,0.740198754202503,0.0140628691426149,-0.286549327686075,-0.773402352528641,-0.0796825973326453,-0.382583070324986,-0.187956895708653,-0.830173624648672,-0.27452816859177
-0.567544838546906,1.44797565145285,-0.0284310326729887,-0.417385352738213,-1.12653139452617,-0.116065004456123,-0.557267298613953,-0.273776441384226,-1.20922395440953,-0.399875432999734
-3.093823075508,-0.194451070167404,-0.547959116633843,0.162985858775629,0.439902084656325,0.0453225162334415,0.217608712515452,0.10690765288913,0.472192910864109,0.156148366067881
-0.785418286354233,1.78271033818427,-1.05210337669925,-0.443901049393776,-1.19809778882885,-0.123438393173036,-0.59266942892153,-0.291168937367995,-1.28604364957471,-0.425278757797485
-2.30289523270245,0.903050005359901,-0.913434569052856,-0.157328854170017,-0.424633716359754,-0.0437494369184841,-0.210055827264125,-0.10319704210785,-0.455803774459502,-0.150728680994339
3.05730213525337,-0.241858366087292,-0.633607366395669,0.0470031480240927,0.126862434302797,0.0130704648571839,0.0627557175974177,0.0308308725149807,0.136174717561396,0.0450312979245184
2.31074630155944,0.492907463575966,-0.370787895154142,-0.173220595088049,-0.467525842162423,-0.0481685545716705,-0.231273504102964,-0.113620944737388,-0.501844378590157,-0.165953740376581
2.47827240996755,-0.813766800885674,0.36297655092717,0.163662738374243,0.441728996197783,0.0455107404562466,0.218512440600138,0.107351639930214,0.474153926073496,0.156796849587508
-0.97593881498212,-1.10926369908039,0.473861581861841,0.320656099758404,0.86545721083491,0.0891668847581357,0.428120338493355,0.210328621558175,0.928985730839938,0.307204112204004
-2.96602257402745,0.0883709912407366,0.165155718773899,0.0281009026033808,0.0758448967831556,0.00781419703515114,0.0375185999692272,0.0184322834137969,0.0814122593081263,0.0269220290613746
-2.47768593844392,0.344689352067581,0.710733286495547,-0.0956319880517402,-0.258112643758267,-0.0265929962480853,-0.127681959352561,-0.0627280885626228,-0.277059293052146,-0.0916200877197526
-2.96691173601064,-0.610031890317258,-0.0875167471846794,0.253309166656816,0.683686494717858,0.0704392939616166,0.338202848017842,0.166153607840675,0.733872212293601,0.242682480434878
-0.703250034959448,1.4873970379587,-0.324924613208683,-0.406304894821284,-1.09662501753604,-0.112983790922712,-0.542473351461127,-0.266508413607249,-1.17712231248301,-0.389259816332068
1.60630097124919,1.87323785822602,0.0109508546769768,-0.594855258006547,-1.60552620964552,-0.165415191784608,-0.794214220793534,-0.390184644974528,-1.72337918105894,-0.569900218843398
-2.04671178633494,-1.12989442525244,-0.0193682853190219,0.383461748130943,1.03497090886258,0.106631651574714,0.511974584399809,0.251524860950522,1.11094251007538,0.367374972712254
2.97186069126815,-0.202755726934771,-0.163529114655566,0.0057736938310179,0.0155833148440723,0.00160552783136519,0.00770868154123611,0.00378715098727857,0.0167272014700342,0.0055314790170278
-2.57246864637025,-0.114544649991437,0.343695803826818,0.0679765509463707,0.183470067241973,0.0189026726423024,0.0907581175680044,0.0445880002582252,0.196937609820838,0.0651248362339089
-1.14902499849297,-1.39137553259056,0.837619643441617,0.384270876360602,1.03715476209779,0.106856651016992,0.513054882737583,0.252055594110865,1.11328666813238,0.368150156841416
-3.49653499724845,-0.202097517356502,0.484936079469307,0.105044605474881,0.283517485979655,0.0292104227485449,0.140249108271106,0.0689021262601916,0.304328966956812,0.100637832216647
0.810811553520784,1.65789346108009,-0.278284559649684,-0.493711179246142,-1.3325363230898,-0.137289413352225,-0.659172856328213,-0.323840999304055,-1.43035058750291,-0.472999280599301
-2.53727248234322,-0.854629633370112,1.01778123173365,0.242804837455765,0.655335100626547,0.0675182882111028,0.324178112556431,0.159263481368997,0.703439696126985,0.232618823049477
3.31868148243718,-0.621424372669954,-0.175194904526816,0.123751952182843,0.334008987985053,0.034412493843703,0.165226009103367,0.0811728750438919,0.358526776281712,0.118560378650169
-1.1565847904738,-1.93548837111055,-0.450909579096099,0.632927288117835,1.70828337851199,0.176002123778103,0.845045658058113,0.415157310765891,1.83367919638421,0.606375072179899
2.62954934886786,0.244559991924251,-0.503090388726698,-0.0973452054624273,-0.262736651731059,-0.0270694015294428,-0.12996934206048,-0.0638518428173861,-0.282022724371725,-0.0932614331800733
-2.0585028956866,1.48241346653788,-0.247427082939461,-0.380072687531032,-1.0258237666864,-0.105689233899896,-0.50744971874997,-0.249301867391711,-1.10112392580195,-0.364128088110385
-2.05876489999861,-1.39510898028948,0.182684461575861,0.449301257331646,1.21267305779569,0.124940063402385,0.599879455027497,0.294711106977603,1.30168880998685,0.430452419195227
-2.0472376380383,-0.471324810690756,-0.357674656738204,0.209709131228798,0.566009129209245,0.0583151543073581,0.279990757432853,0.137554946039536,0.607556789610976,0.200911529606813
2.59765685196174,1.49535527913832,-0.325798651996141,-0.481522573364756,-1.29963903263433,-0.133900050053642,-0.642899378045302,-0.315846101730987,-1.39503848537489,-0.461322004378399
2.00028864693008,-0.544070170112013,-0.207408691583554,0.131956194805607,0.356152402511268,0.0366938998641185,0.17617981017369,0.0865543009487003,0.382295618772589,0.126420441418759
-2.33593574951882,1.1406111634682,0.168726221740466,-0.299858164318191,-0.809323168130675,-0.0833834703337667,-0.40035221193242,-0.19668658856491,-0.868731192506047,-0.287278680261805
-0.250374256492598,-1.4943203851752,0.243901988863652,0.434852661463831,1.17367600927654,0.120922250288481,0.580588576861314,0.28523380947845,1.25982919963799,0.416609962839303
0.612824936339048,-1.51693582645232,0.563478523543239,0.401148455178243,1.0827076840605,0.111549906896306,0.535588789816853,0.263126139441606,1.16218338303825,0.384319696796318
0.511021035462764,1.51413250887905,-0.558833665795204,-0.425444162865716,-1.14828228384607,-0.11830596913594,-0.568026927145078,-0.279062473450335,-1.23257145854757,-0.407596164376762
-1.37483727164218,-1.40764162253149,0.242395854419115,0.433938222438384,1.17120792010238,0.120667966402219,0.579367674014304,0.284633999589081,1.25717994142333,0.41573388585468
-2.8555907599222,-0.213641369353891,0.462857715049177,0.0958089369929414,0.258590232480975,0.0266422015676163,0.127918210715502,0.0628441550491705,0.277571938972767,0.0917896133967259
1.1554882840006,1.5367330724421,-0.401411122373309,-0.456951589691711,-1.23332145747151,-0.127067440066746,-0.610093709121042,-0.299729205373257,-1.32385289669544,-0.437781809038458
-0.548716053069947,-1.88597027541293,-0.494675669610702,0.607663146289981,1.64009495565976,0.16897676288656,0.811314526920316,0.398585749739899,1.76048543123309,0.582170797673131
-3.71034435899026,-0.530516276017803,0.568380348157557,0.202125751000036,0.54554143467161,0.0562063954487412,0.26986589371466,0.132580763694436,0.585586672624707,0.19364628315606
0.573960951364974,1.73325971878761,-0.223520302408969,-0.514620795021302,-1.38897179324625,-0.143103883438918,-0.687090091616024,-0.337556287011396,-1.49092867944348,-0.493031707724731
-2.25813698463261,0.885562124260784,-0.648519446314888,-0.170828743165303,-0.461070186101774,-0.0475034370675449,-0.228080050257666,-0.11205205233752,-0.494914847830609,-0.163662230104348
-1.31370661210591,-1.80962497818781,0.286595827744775,0.54951194005932,1.48314368983637,0.152806286452702,0.733674606413503,0.360442508249545,1.59201322421717,0.526459118721314
3.44090869143314,-0.143150902639021,-0.44216673161775,-0.00371627128591051,-0.0100302903460537,-0.00103340723513577,-0.00496173726947928,-0.00243762154373705,-0.0107665595606701,-0.00356036832593404
-2.74476595465739,-0.43320822837658,-0.143793275185638,0.199435422469767,0.538280184292182,0.0554582786525822,0.266273932227244,0.130816090913421,0.577792413236611,0.191068817802052
0.902476862643904,-1.73338102699652,-0.392479824497617,0.523268231379401,1.41231139650654,0.145508531165179,0.698635617752962,0.343228417903593,1.51598151639582,0.501316371609909
-1.33980721913279,1.45099343110672,-0.24519677422736,-0.386724582788776,-1.04377736470268,-0.107538968797555,-0.516330920921122,-0.253665058864959,-1.12039540007654,-0.370500926733036
-3.26851181730971,-0.0480240587737709,-0.0024441234013079,0.0866728698412447,0.233931804959824,0.0241016771632101,0.115720294741256,0.0568515155455805,0.251103470023271,0.0830368174870651
1.87148525087879,-1.97205456589971,0.985449920092974,0.480841765102086,1.2978015175502,0.133710733362191,0.641990404649558,0.315399537753128,1.39306608827428,0.460669757007861
3.85351355392402,-0.529149266476369,-0.215268642486716,0.087102597308758,0.235091647968372,0.024221174218161,0.116294040473804,0.0571333875759453,0.252348450816621,0.0834485172652591
1.4730958030915,1.94880588764803,-0.309934049297053,-0.592977708647634,-1.60045866646579,-0.164893089671347,-0.791707432157105,-0.388953100123626,-1.71793965701841,-0.56810143539796
1.96446374968941,-1.63318652090204,0.310542469647015,0.422890547771942,1.14139002575939,0.117595869116154,0.564617497044881,0.277387475397692,1.22517327717519,0.405149677132687
2.50033599612187,-0.253846779331,0.786980463985385,-0.0321787155732021,-0.0868509953474023,-0.00894814046993763,-0.0429630454990887,-0.0211070517452297,-0.0932262558759515,-0.0308287718742254
-3.59466788720566,0.8085147250674,-0.110455998484423,-0.154337385927031,-0.416559683887498,-0.0429175802836626,-0.206061802520031,-0.101234842129566,-0.447137071053301,-0.14786270917448
-0.891675842155942,1.32596952064351,0.143188590101135,-0.385325287144004,-1.04000063783932,-0.107149857741836,-0.514462667282587,-0.252747215966168,-1.11634144417737,-0.369160333566129
2.67985308596532,-1.04940654414138,-0.062196575721939,0.257934630369225,0.696170713562833,0.0717255261278162,0.344378483197517,0.169187597861234,0.747272829935317,0.247113899248907
0.442332969151418,1.60003836547942,0.54777517363785,-0.523594713483319,-1.41319257821884,-0.145599318124035,-0.699071516614536,-0.343442567988161,-1.51692738087849,-0.501629157316964
2.75319845258173,-0.201993818890995,-0.0179151865769808,0.000632080857670917,0.00170599884584815,0.000175766751470596,0.000843915556089928,0.000414602109884699,0.00183122696856777,0.000605564150715488
-1.97749348763227,0.89003912868553,0.0231754869386888,-0.223308313090697,-0.602713592379301,-0.0620967654564943,-0.298147550166052,-0.146475085645449,-0.646955528354198,-0.213940206103949
2.16379464242904,0.769913261149063,0.463997466820367,-0.308444441052935,-0.832497700347299,-0.0857711110138761,-0.411816081495,-0.202318602898323,-0.893606841444676,-0.29550475025836
1.42932797601571,1.02024607432111,-0.282303367194359,-0.316940284309304,-0.855428150801501,-0.0881336042804461,-0.423159209829199,-0.207891299012424,-0.918220491902491,-0.303644180591866
-3.31473567403743,0.372181833408598,0.164986628789979,-0.0488256783722523,-0.131781480074789,-0.0135772674835646,-0.065189048228447,-0.0320263286318772,-0.141454843804866,-0.0467773704863473
2.86489979098538,0.568947066022805,0.612088715769783,-0.273905175995178,-0.739275534844457,-0.0761665575082477,-0.365701375244349,-0.179663191026527,-0.793541742366475,-0.262414457367498
-0.107782937566727,1.48572535841994,0.538862949340201,-0.476757676325032,-1.28677848045702,-0.132575044773701,-0.636537580047168,-0.312720652918421,-1.38123390981198,-0.456757001666975
1.09502428831908,-2.12115139793075,0.18046869540099,0.596319845725536,1.60947916111987,0.165822459023421,0.796169648401114,0.39114531503918,1.72762229726203,0.571303364987494
0.722098177323355,-1.7625397177244,0.275588516147708,0.491244330816345,1.32587824996032,0.136603441091535,0.655879271750928,0.322222914289539,1.42320378133533,0.47063592003205
1.24640988427865,-1.80600504670774,0.214369043826021,0.496723464921891,1.34066654222842,0.138127058823216,0.663194675230494,0.32581685410425,1.43907760193392,0.475885196530482
2.75436435622823,0.433981294947951,-0.136459057697711,-0.18112497998666,-0.488859934708525,-0.050366577244152,-0.241826953549037,-0.118805684342351,-0.524744491163751,-0.17352652488661
0.415971817802896,-1.94122294158078,0.320750754549276,0.548271120476077,1.47979469302492,0.152461243845161,0.732017940283067,0.359628614882967,1.58841839571321,0.525270353315751
1.10228556327072,-1.70153622616417,0.128241487051236,0.474514537155151,1.28072420308341,0.131951280772305,0.633542678339636,0.311249305983435,1.37473522077198,0.454607965432354
3.73640480480566,0.118516297342871,0.0134652355809373,-0.118766626939243,-0.320553495687598,-0.0330261926886249,-0.158569908900072,-0.0779028403017003,-0.34408358927111,-0.113784195017104
-2.37509736115799,1.22835361000891,-0.188216318912941,-0.301275563793018,-0.813148757592553,-0.0837776156368605,-0.402244636693404,-0.197616306346553,-0.872837597742083,-0.28863661777689
1.90636369052436,-1.33932268859522,0.282626237342331,0.338404213375337,0.91335972358943,0.0941022157958041,0.451816530192264,0.221970178588027,0.980404507254542,0.324207666763214
2.08098514096648,-0.381320111670661,-0.147395745264421,0.0776220899174217,0.209503569368316,0.0215848691216765,0.103636249037665,0.0509148186705223,0.224882090144519,0.0743657308826102
2.87603585918759,-0.957702586977677,-0.80823857163849,0.276174506763762,0.745400503865536,0.0767976047743775,0.368731246366499,0.181151717871254,0.800116312144373,0.264588586425343
-3.31191407726354,-0.49813540555605,-0.221563290659537,0.236528135395811,0.638394156536781,0.0657728856765408,0.31579784530889,0.1551463911493,0.685255209211488,0.226605437726853
-1.56318569961738,2.31081791570976,-0.390895504679143,-0.628462829278379,-1.69623371503141,-0.174760663262787,-0.839084986700301,-0.412228929006075,-1.82074503245937,-0.602097903851338
-2.50047016340642,-0.904600168462967,0.115601745887066,0.317263486538487,0.856300480066452,0.0882234791836363,0.423590729603387,0.208103297721944,0.919156854127669,0.30395382401968
-3.180673257642,-1.27903986153574,0.23068936712341,0.43625244797488,1.17745406099778,0.121311497842514,0.582457485874366,0.286151974352177,1.26388457764566,0.417951026279935
-1.3336380037459,-1.38946715326466,0.0350109109610514,0.441485312435405,1.1915776665805,0.122766633804868,0.589444085243028,0.289584378007097,1.27904492051427,0.422964364501446
-2.31865705207106,-0.927801881432638,0.907301001141804,0.267191094323054,0.721154094455042,0.0742995300381136,0.3567371455905,0.175259209489326,0.774090105320441,0.255982041140568
1.94988840753146,-1.24844346430909,-0.602219856806155,0.369549627840074,0.997421818629123,0.10276301964271,0.493399975488347,0.242399454990883,1.07063714477691,0.354046486006242
-1.95751538931441,1.16314771316348,0.637074095249656,-0.346276119933538,-0.934606156446769,-0.0962912070092278,-0.46232661655215,-0.227133614607702,-1.00321052551705,-0.331749335446227
0.023646045138789,1.58283242408635,-0.378634784384478,-0.447226114102633,-1.20707220481826,-0.124363015102672,-0.597108851186507,-0.293349953969059,-1.2956768287688,-0.428464331228569
3.75938042354305,0.230767448322479,-0.516160459301344,-0.11731044957599,-0.316623243931179,-0.0326212641710186,-0.156625710283137,-0.0769476868591555,-0.339864839049133,-0.112389106402146
0.23794132678514,1.79604936708252,-0.00905987431723199,-0.540275543905262,-1.45821447233613,-0.150237862923351,-0.721342737314759,-0.354384059735039,-1.56525408806485,-0.517610202756173
1.85924676070818,1.82265906394664,0.305003531555842,-0.605034306560399,-1.63299966478019,-0.168245744672991,-0.807804661504623,-0.396861409435639,-1.75286931353164,-0.579652241575614
0.10882800590925,1.45440575835595,-0.2595132735302,-0.418778354707748,-1.1302911346345,-0.116452365389468,-0.559127149323696,-0.274690156059545,-1.2132596766481,-0.40120999652019
2.89049916757868,-1.63728542804155,-0.289198723041734,0.443792261672391,1.19780416859835,0.123408141878197,0.592524182234696,0.291097580011941,1.28572847627555,0.425174533878489
-0.261157294415297,-1.8254607454177,0.291644566656621,0.530650444171787,1.4322361361198,0.147561350113001,0.708491895060294,0.348070648074301,1.53736882308145,0.508388889889445
0.0332176809850205,1.75203947743368,0.451243070338018,-0.553430229555909,-1.49371923136362,-0.153895870178864,-0.738906065995462,-0.36301264001783,-1.60336505889106,-0.530213030301555
1.04491907043661,-2.13356882347767,0.409316807018773,0.585816356217388,1.58113003337646,0.162901686771663,0.782146034046116,0.384255739349012,1.69719221380362,0.561240512068663
-3.32261051598986,-0.492491760816353,0.151303957131686,0.210131029020975,0.567147839767848,0.0584324741146007,0.280554049463576,0.137831682334695,0.608779086735843,0.201315728175885
-2.32715309905406,1.00484493602695,-0.18452079903762,-0.235925873486593,-0.636768639627743,-0.0656054108700616,-0.314993742182113,-0.154751348244212,-0.683510371922214,-0.226028441576538
0.788906566158728,1.88174975810916,-0.526263024828445,-0.543393535096536,-1.46662999277014,-0.151104902600559,-0.725505687731837,-0.356429250173598,-1.57428734621201,-0.520597389703488
-1.1015089810337,1.59310333944484,-0.135963533504246,-0.441677581531907,-1.19209660470803,-0.122820099297598,-0.589700791136783,-0.289710493474933,-1.27960195107525,-0.423148567631029
2.60462432423197,0.787743172795538,0.0715227991177032,-0.297235502292648,-0.802244550997556,-0.0826541699937223,-0.396850594607894,-0.194966300414892,-0.861132972480354,-0.284766042704699
0.278268397775038,2.29164112554588,-0.630346589144658,-0.647390846164113,-1.74732081024933,-0.180024097520304,-0.864356512806412,-0.424644422437842,-1.87558215426429,-0.620231863029241
-1.25884269656666,-1.32287996055375,-0.129166628985085,0.430961323053751,1.16317320926949,0.119840161022667,0.575393100715466,0.28268135579232,1.24855544604479,0.412881871708479
-1.8777888314857,1.56339703551164,-0.263693896024521,-0.407126713994028,-1.09884312387985,-0.113212319416395,-0.543570593966979,-0.26704747116425,-1.17950323798352,-0.390047159000882
1.58624117034707,-2.05359530914978,0.818272079652916,0.522645701508347,1.41063117596413,0.145335420317412,0.697804454087843,0.342820080592198,1.51417795997613,0.500719957768096
-1.26290636723479,-1.27805615974689,0.382043752024583,0.383476050608428,1.03500951153466,0.106635628755759,0.511993680189681,0.251534242404287,1.11098394636027,0.367388675180105
-2.37934030622827,-1.3719640351514,-0.337612292814968,0.484294446243162,1.30712037283631,0.134670842406257,0.646600212540132,0.317664262065653,1.40306899018575,0.463977593177099
-3.03286369594961,1.11630469923559,-0.424988051570844,-0.237489070420259,-0.640987739339913,-0.0660400990015005,-0.317080826759257,-0.155776699255871,-0.688039172861796,-0.227526060136013
-1.93379691129158,-1.50784528898053,-0.0343482159020253,0.494684688004948,1.33516384265283,0.137560123135613,0.660472625456759,0.32447955492632,1.4331709790266,0.47393194925646
1.67582386140698,-0.984634364346897,-0.554329208820812,0.293723500808712,0.792765588922531,0.0816775653639508,0.392161585837361,0.192662665986658,0.850958211208938,0.281401374766854
-1.20449329435199,1.7378135467995,-0.262439012736139,-0.474096233574577,-1.27959519337363,-0.131834960430384,-0.632984185079588,-0.310974927246959,-1.37352333658264,-0.454207210292505
-1.47287930797152,1.43152174848528,-0.994397107550653,-0.327846198882825,-0.88486343182536,-0.0911662814342314,-0.437720117425572,-0.21504483821161,-0.949816457262868,-0.314092576262042
2.13060024248102,-1.74770268485755,-0.517969190571012,0.508812422691158,1.37329488044115,0.141488712336342,0.679335109471757,0.333746389284154,1.47410100949372,0.487467005021814
-2.66641768099469,-0.210490952461531,-0.221612863084705,0.136492472153258,0.368395905578354,0.0379553314096082,0.182236369194521,0.0895297907717721,0.395437850996692,0.130766415365134
2.78539899229334,-0.971285090844434,0.292207447034192,0.208591001979744,0.562991276057635,0.0580042289827809,0.278497899904352,0.136821529198708,0.604317412226956,0.199840307498318
0.93967869412259,1.50680223741041,-0.710906279676323,-0.422549414271719,-1.14046929963615,-0.117501007950174,-0.564162036538448,-0.277163714992313,-1.22418496554083,-0.404822854676611
0.538412631366581,1.66782470208407,-0.195852754664103,-0.496172696315266,-1.33918000677045,-0.137973903087484,-0.662459322800032,-0.32545558730809,-1.43748194797027,-0.475357533464177
2.50883052211942,-1.84075039070224,0.517030468205634,0.458951483479664,1.23871921070618,0.127623563274923,0.612763844528085,0.301040999859624,1.32964686972013,0.439697804387036
2.18133617426318,0.926928685659935,-0.210165869500578,-0.310546389158799,-0.838170900222154,-0.086355613116485,-0.414622473561941,-0.203697338085417,-0.899696480153515,-0.297518518598483
-2.69580302399213,0.363765312345073,0.0813819088259593,-0.0543908411768683,-0.146801965518085,-0.015124807763738,-0.0726193119454882,-0.0356766974298623,-0.157577901620341,-0.0521090666553922
2.0310418073438,-1.8886923819203,-0.380076309218078,0.543830831867131,1.46781026547872,0.151226504499846,0.72608953953316,0.356716087152655,1.57555425633888,0.521016341241543
-0.797627151025337,-1.35557677871673,-0.538315594434345,0.45790411018337,1.23589232928276,0.127332313508959,0.611365456003819,0.300353994117858,1.32661248226313,0.43869436991666
-2.89804128481521,0.462683721753341,0.481677162120485,-0.106209807443032,-0.286662389339281,-0.0295344378840508,-0.14180481440423,-0.0696664196074335,-0.307704720615556,-0.101754152275532
1.52725010315246,1.55651054916464,0.578951152322508,-0.536660910114149,-1.44845850361636,-0.149232718673989,-0.716516700188546,-0.352013105484379,-1.55478198659326,-0.514147208085003
-3.08745789787874,-0.559892800326838,0.308377518414868,0.214527672851795,0.579014469187101,0.0596550768783736,0.286424178385195,0.140715582055035,0.621516781061616,0.205527926433588
2.01390376763222,-0.167954599810641,0.188783645912653,-0.00702259982705749,-0.0189541370449966,-0.00195281907923639,-0.00937614415359153,-0.00460634849139797,-0.0203454574469371,-0.00672799159866487
1.0024851649103,-1.63822219454014,0.563009425509494,0.428744545891157,1.15719008347951,0.119223727672606,0.572433395941631,0.28122730054353,1.24213313144028,0.410758091556777
2.54658129489704,0.505313995113117,-0.232266751311762,-0.191398200738807,-0.516587562485271,-0.0532233171957441,-0.255543127197815,-0.125544219369097,-0.554507453713671,-0.183368769157081
-0.652435187305106,-1.78471932422105,0.275532635185794,0.528220104453781,1.42567660073185,0.146885530062418,0.705247054673628,0.346476510294943,1.53032778777658,0.506060506440676
2.96811207491818,-0.440279449088089,0.989478998774253,-0.000461118307184567,-0.00124456751111724,-0.000128226105748719,-0.000615656854511988,-0.00030246228903315,-0.00133592446214586,-0.000441773726700916
0.813614165589272,1.43334187495296,-0.247754601938225,-0.428849098021713,-1.15747227176585,-0.119252801149716,-0.572572987527625,-0.281295879639694,-1.24243603363827,-0.410858257574111
2.39594753856608,-0.52366957369427,0.549152924309469,0.0665087965363786,0.179508568805425,0.0184945248215448,0.0887984619890076,0.0436252530593659,0.192685319269412,0.0637186562460813
0.19608364606742,1.58623091804614,-0.672138527163783,-0.43240834316848,-1.16707874542944,-0.12024254312583,-0.577325073136359,-0.283630502701819,-1.2527476664324,-0.414268187234743
1.11289960463152,-1.45945677355726,0.696848216861334,0.364037891152505,0.982545531341672,0.101230335903315,0.486041043042821,0.238784130096826,1.05466886992184,0.348765974651296
1.67079138312662,1.40627172075159,-0.206009619363267,-0.442500806450207,-1.19431850518714,-0.123049018695905,-0.590799910507799,-0.290250473105537,-1.28198694921796,-0.423937257072337
-3.07046073298656,-0.15872458707442,0.941295810368158,0.0521624343226931,0.14078745095849,0.0145051404712394,0.0696440799214312,0.0342150138933177,0.15112189416689,0.0499741446945064
-1.84410533558504,1.22841484403562,0.698256042449025,-0.372339111245663,-1.00495068999533,-0.103538709066826,-0.497124322477916,-0.244229166635224,-1.07871866975697,-0.356718946545016
-1.54426262124721,-1.82051515233066,0.630039267895091,0.534870264500514,1.443625515379,0.148734782438895,0.714125940097569,0.350838563587628,1.5495942349013,0.512431682646931
1.27274210374081,1.77653042901264,-1.19063364148814,-0.478244246930078,-1.29079076417943,-0.132988424933707,-0.638522357854626,-0.313695742263186,-1.38554071352167,-0.458181208483237
-2.64836405430274,-0.803722838907813,-0.119086286884014,0.306149751832489,0.826304288358703,0.0851330121614625,0.408752353324744,0.200813442631593,0.886958804672219,0.293306326572416
3.56869800330289,-0.0836965287380645,0.133114236497717,-0.0627640686540639,-0.169401473537923,-0.0174532044793324,-0.0837987312190331,-0.0411689659212414,-0.181836316954564,-0.0601310251191549
-2.90405190638195,0.938159391136341,0.222135861638026,-0.230508646419437,-0.622147435691398,-0.0640990080229936,-0.307760993179572,-0.15119801524178,-0.667815904703597,-0.22083847502662
-3.1692705892089,-0.0511237269227033,-0.533938035120138,0.120970168378308,0.326500897995708,0.0336389454967111,0.161511942148427,0.0793482138148633,0.35046755812668,0.115895294703038
1.78254577933489,-1.73180012744224,0.0729773395508277,0.472213947215223,1.2745148649352,0.131311541069228,0.630471071890987,0.309740275245519,1.36807008878691,0.452403888570652
0.18309099009462,-1.54895323782172,0.799913035316713,0.40436689269371,1.09139431112757,0.112444878322888,0.539885849999334,0.265237215846232,1.17150764828604,0.387403116199124
2.43583356223699,0.925900424518517,-0.218036016868854,-0.315333859537253,-0.851092378291067,-0.0876868955085562,-0.421014410096112,-0.206837593474943,-0.913566453847305,-0.302105147664402
-2.06623933187241,-1.24779100807464,0.237482823168509,0.401865633166097,1.08464336175853,0.111749337148973,0.536546321836831,0.263596559488849,1.16426114833787,0.385006788129422
-1.54844038506265,-1.51853753230401,0.198337457918006,0.47379244242929,1.2787752550114,0.131750483290973,0.632578581792922,0.310775660890019,1.37264321099221,0.45391616362552
-0.21817694265996,-1.84831752827495,0.136035355093862,0.546930186388745,1.47617548516949,0.152088361759576,0.73022760741306,0.358749053201772,1.58453352143804,0.523985673354468
-2.79093386241107,-0.573912716873587,0.494032875007437,0.199736765223045,0.539093514395535,0.0555420749520273,0.266676266571213,0.131013751291506,0.578665445491723,0.191357518790618
1.68047614573773,0.838544594523436,-0.6467895341758,-0.243909703893242,-0.658317157185097,-0.0678255254611592,-0.325653262393152,-0.15998819870628,-0.706640649284193,-0.233677338740539
-1.82988359993629,-1.34881049965558,0.104883286731969,0.435644930075565,1.1758143580666,0.12114256146938,0.58164636527229,0.285753483874587,1.2621245130153,0.417368994635917
-1.57343732407689,-1.78629539198211,-0.146542702351995,0.577274107908391,1.55807433475936,0.160526289356434,0.770740948534574,0.378652604672352,1.67244412139456,0.553056623441661
-0.0736657635356446,1.51101381920449,-0.111878046055878,-0.441508742463725,-1.1916409046944,-0.12277314914213,-0.589475367578412,-0.28959974651424,-1.27911280059514,-0.422986811606162
3.08636428321293,-0.743254964486358,0.329359998394818,0.13145365930216,0.354796049161101,0.0365541566147104,0.175508855621437,0.0862246717920937,0.380839702879223,0.125938988007133
-3.03561330500316,0.641520393645914,0.0622971167389304,-0.128442331309281,-0.346668414827652,-0.0357167774526976,-0.171488315358528,-0.0842494451668121,-0.372115462989911,-0.123053989582638
1.91866667105756,-1.31583683838555,0.127820133565768,0.341487218830737,0.9216808168243,0.0949595267665217,0.455932769802667,0.223992420760184,0.989336406813997,0.32716133567692
-1.66464882283474,-1.47861468051051,0.241400214698981,0.461571469148343,1.24579060429873,0.128352119383361,0.616261888545235,0.302759532501325,1.33723733596432,0.442207877864322
-1.79175217170471,-0.920397144068424,-0.325198061751206,0.33581796019219,0.906379374648349,0.0933830398945478,0.448363523718872,0.220273772165627,0.972911768755903,0.321729910644861
-3.42721248647495,-0.592848313792635,0.252326514822664,0.235610175534715,0.635916564556958,0.0655176227290758,0.314572241658275,0.154544271830891,0.682595750641747,0.225725987610733
-1.98114962446194,-1.63041684603757,0.31047384730268,0.50921076224384,1.37437000684133,0.141599481153824,0.679866947987407,0.334007672974347,1.47525505509195,0.487848633653641
2.11375115408221,-1.93524279384917,0.570451919790565,0.49228239900652,1.32868001671668,0.136892103327351,0.657265236668769,0.322903816513721,1.42621121059377,0.471630439758979
0.573023263537974,-1.78682412204244,0.327296007531982,0.498318981307891,1.34497287278726,0.138570734230693,0.66532491075622,0.32686340448141,1.44370003686353,0.477413778694481
-1.02183743636914,-1.27389507609683,0.807186714213148,0.348462658630263,0.940507668014072,0.0968992317564165,0.465245948782774,0.228567835476765,1.00954523504142,0.333844145679474
3.00990479474924,0.3623734631979,-0.899317347138308,-0.114367157435161,-0.308679239719833,-0.0318028041718837,-0.152696007312989,-0.0750170871316278,-0.331337708573262,-0.109569289627222
3.35967865051611,0.0632678528691682,-0.570000072146539,-0.0549275477262875,-0.148250547203097,-0.0152740531736244,-0.073335889580475,-0.0360287404716309,-0.159132815830407,-0.0526232575881474
-1.91617945118243,1.48607405889918,-0.55466544050568,-0.363748942345315,-0.981765652746089,-0.101149986067428,-0.485655256334772,-0.238594599305542,-1.05383174466825,-0.348489147664839
3.22701255385018,0.318525115866152,-0.347255590785199,-0.143026464015175,-0.386031279976948,-0.0397722801587543,-0.190960153989958,-0.093815645625694,-0.414367742583717,-0.137026296810086
-2.53901849986261,-0.0837070540188923,-0.172876200550415,0.0926074594971686,0.249949380845439,0.0257519463217737,0.123643794510097,0.0607442032654909,0.268296809282675,0.0887224425162375
3.85990373370583,-0.028192667456471,-0.370643579137764,-0.0520394225807616,-0.140455439812742,-0.0144709338123766,-0.0694798421956121,-0.0341343265459216,-0.150765511883608,-0.0498562934732161
-3.69441602814363,0.422616229429904,-0.483328155730957,-0.0120992325727479,-0.0326560701123192,-0.00336451069319731,-0.0161541525280742,-0.00793627475309283,-0.0350531751077409,-0.0115916522519337
-1.87818888341219,1.12365556607693,0.00685011275794536,-0.294079361856598,-0.793726064990755,-0.0817765219129472,-0.392636709661272,-0.192896086662967,-0.851989190616149,-0.28174230692865
2.37609700618338,-0.470097501819795,0.1101426363509,0.0803468876938243,0.216857852930772,0.0223425710007325,0.107274231746362,0.0527021009357507,0.232776211777039,0.0769762194479794
3.29009138005123,0.70994629893183,-0.800126549077463,-0.230847468705308,-0.623061923800994,-0.064193226494872,-0.308213367894494,-0.151420259647529,-0.668797520425555,-0.221163083227133
2.01894724739759,0.437395030816494,0.463816081138634,-0.206068025140487,-0.556181711231176,-0.0573026487376429,-0.275129376120625,-0.135166627759989,-0.597007994178538,-0.197423173189633
2.18180963758286,-1.82809212174272,0.0171655290180221,0.495847226346151,1.33830155683018,0.137883397579402,0.662024775278711,0.325242101115206,1.43653901578419,0.475045717431405
0.856031142787504,-1.72990609548513,0.935589714460403,0.434390441404109,1.17242846811334,0.120793717811385,0.579971449014454,0.284930624514587,1.25849008324409,0.416167133580178
2.76674358710466,-0.82492965777165,0.428260271482004,0.156252259254255,0.421727965202372,0.0434500613106061,0.208618423827535,0.102490868968529,0.452684727869116,0.14969725079373
3.21081854458355,0.927976237308126,0.395553660665461,-0.374127117995375,-1.00977655588631,-0.104035911496215,-0.499511559319791,-0.245401977616481,-1.08389877628973,-0.358431943823327
-2.13833614330067,-1.27430077069607,1.0141697578657,0.359392104281627,0.970006459886511,0.0999384523469487,0.479838273629649,0.235736809464718,1.04120937323732,0.344315085264715
-2.44087224772554,-0.054563804188813,-0.0920146007748735,0.0763377650260294,0.206037150862172,0.0212277287158989,0.101921497290691,0.0500723887768046,0.221161220656102,0.0731352852795515
-1.77397739101727,2.18621391647021,-0.397093928349287,-0.586232565415769,-1.58225339030691,-0.163017424715383,-0.78270173101564,-0.384528744313026,-1.69839803027376,-0.561639260688684
-2.41357429637209,-1.26581855315424,0.999861702363591,0.363898739233449,0.982169957535843,0.10119164104256,0.485855255943392,0.238692855889523,1.05426572727986,0.348632660356676
1.96697388071966,-0.706254605264016,-0.147887213733246,0.177076558172493,0.477933163459787,0.0492408067952874,0.236421749285806,0.116150194612695,0.513015644899431,0.169647940227888
2.81879091741074,0.651444386120713,-0.210217198012485,-0.242465300999125,-0.654418684955796,-0.0674238711452081,-0.323724784324543,-0.159040768515733,-0.702456011352062,-0.232293530638693
-1.30191330267131,-1.25080855706052,-0.0849322606765504,0.407459152755598,1.09974038273,0.113304762780998,0.544014445792154,0.267265528411644,1.18046635973954,0.390365651475178
-0.848732390075126,2.15580913711526,-1.04826870331407,-0.554026669449134,-1.49532903453534,-0.154061726020261,-0.739702395923914,-0.363403864075874,-1.60509302898278,-0.530784448677875
-2.57758247081222,1.05152657943728,0.621723688021782,-0.29826613771975,-0.80502625657808,-0.0829407653537522,-0.398226635756796,-0.195642327251352,-0.864118867980852,-0.285753441483726
2.05294546086505,-1.74804446811313,0.408129107528518,0.448659897646219,1.2109420152086,0.124761716428159,0.599023150950238,0.294290418586955,1.29983070095182,0.429837965477011
2.75693930361928,1.61151136947725,-0.534646359161312,-0.505706113444772,-1.36491088980946,-0.140624921131982,-0.675187756070311,-0.331708861407971,-1.46510159558068,-0.48449100994489
1.83139716491973,-1.69422093624306,0.379747966274472,0.439400540065261,1.18595082435904,0.122186907868528,0.586660625163959,0.28821690893601,1.27300504232273,0.420967051350067
-2.60514344014698,1.17796582904091,-0.446083358627038,-0.263912870247612,-0.712306102269764,-0.0733879333818625,-0.352360262063591,-0.173108917162231,-0.764592630016288,-0.252841343310523
2.43847550833123,-0.153571828526447,-0.754560428104774,0.0424346454283539,0.114531954648179,0.0118000722316314,0.0566561334037314,0.0278342451179948,0.12293912427019,0.0406544506258609
3.12386782120845,-1.10182029012691,-0.46268880507218,0.290558126410462,0.78422218026752,0.0807973495364714,0.387935372271306,0.190586395382727,0.841787677260086,0.278368792406685
-2.02190667644401,0.913757355430313,-0.743346081570024,-0.178109286037315,-0.480720516571465,-0.0495279840128063,-0.237800584129092,-0.116827593946175,-0.516007602485714,-0.170637343663843
-0.969033904424512,1.77652089532209,-0.232434851034958,-0.492847730547291,-1.33020585782446,-0.13704930867097,-0.658020032634847,-0.323274635605524,-1.42784905542181,-0.472172054823262
0.512518651792389,2.01020578585076,-0.445539348734999,-0.580999699010257,-1.56812977947462,-0.161562288212175,-0.775715129050151,-0.381096339382327,-1.68323768177025,-0.556625920603781
0.50531608222353,1.75120608782281,-0.46827233392062,-0.502079291486806,-1.35512202498418,-0.139616387641405,-0.670345446051978,-0.329329912547711,-1.45459418327888,-0.481016338418109
0.469342967575587,-1.94522662259152,0.0720161650171773,0.56493035889316,1.5247583098903,0.15709378441811,0.754260332663991,0.370555943741249,1.63668254783067,0.541230712565959
0.211359623161524,-1.96052026834898,-0.37735358389648,0.605258451055211,1.63360463524372,0.168308073960827,0.808103925473288,0.397008432999698,1.75351869159581,0.579866982884405
3.44577643477308,-0.43621980875542,0.554491500123096,0.0168856689306456,0.045574757339121,0.00469550554858406,0.02254470850148,0.0110758518953679,0.0489201530988369,0.016177290675955
2.42986946843499,0.841038797662678,-0.570249179954125,-0.266326077365308,-0.718819396427655,-0.0740589892611153,-0.355582228054138,-0.174691817119481,-0.771584029773194,-0.255153312896366
0.450858814578677,1.72579716468635,-0.571784962185417,-0.486372482936287,-1.31272903533112,-0.135248695309971,-0.649374679556768,-0.319027312990123,-1.40908935417549,-0.465968453222861
3.01171597660319,-0.224448057844891,-0.5654041036683,0.0382539669306753,0.103248219971918,0.0106375243240937,0.0510743481362545,0.0250920039872096,0.110827111829139,0.0366491576429505
-2.99463050887681,-0.42518623690829,-0.399418118576574,0.219666535244783,0.592884361314057,0.061084073086862,0.293285271964311,0.14408632673854,0.636404786745688,0.210451206110369
-3.27411802229571,-0.599272111084533,-0.0716302374019567,0.255822156575278,0.690469104645838,0.0711380970800564,0.341558037878048,0.167801958537693,0.741152696830634,0.245090046788553
-2.15335956995036,1.81356570690488,0.00120122540094666,-0.493372431233763,-1.33162203544584,-0.13719521553405,-0.658720580778697,-0.323618803616672,-1.42936918696168,-0.4726747435564
-0.672401262474642,-1.50470303098555,0.200991771058038,0.450141105213809,1.21493982398592,0.125173605254168,0.601000768359336,0.295261990143422,1.3041219671892,0.431257034243001
-2.22364729835634,0.0658745311335036,0.0157018783722914,0.0284146811797851,0.0766917914212404,0.00790145144316924,0.037937537860767,0.0186381008471759,0.0823213198884255,0.0272226441722848
-2.87832898955276,0.444212089461074,-0.264575031341606,-0.0512012862383845,-0.138193293102545,-0.0142378678993668,-0.0683608140066195,-0.03358456603395,-0.14833731325226,-0.0490533181636559
-3.43839230055054,-0.587046017014372,0.102513037731326,0.2441514114426,0.658969530683257,0.0678927386194777,0.325975975474007,0.160146742441188,0.707340909982679,0.233908906308316
3.7349622936418,0.30471635174716,-0.590965601693861,-0.133819006738737,-0.361180169084776,-0.0372119038474907,-0.178666922303981,-0.0877761790492962,-0.38769244642196,-0.128205105694759
-2.918262151701,-0.274124817871435,0.0732143865547908,0.141303584033659,0.381381192532706,0.0392931879447603,0.188659870410678,0.0926855533807767,0.409376317440131,0.13537569413777
1.69981314884766,1.08882823734304,0.427755394037589,-0.390880357390413,-1.05499388326666,-0.108694591520043,-0.521879456035518,-0.256390964731485,-1.13243526243505,-0.374482360574394
-2.96106541288415,0.569144848897871,-0.145316152377655,-0.0946122196114689,-0.255360268392012,-0.0263094227403237,-0.126320427137323,-0.0620591897314064,-0.274104880737873,-0.0906431000417286
2.25784101305897,0.699223385073813,0.278587782271213,-0.277033419549706,-0.747718726611443,-0.0770364481254296,-0.369878013987423,-0.181715106319009,-0.802604703049081,-0.265411466576588
2.1219528738205,-1.17572589368923,0.685336244781173,0.257906949302938,0.696096001812642,0.0717178286773403,0.344341525137222,0.169169440961927,0.747192634000747,0.24708737944342
-2.05285586011305,1.22397441319896,-0.0728143766089057,-0.314808582063554,-0.849674643909454,-0.0875408282545773,-0.420313091861368,-0.206493047130552,-0.912044651273878,-0.301601906341097
-2.61190054006163,0.733722919544726,0.794726773568337,-0.214307662860242,-0.578420657830359,-0.0595938972982029,-0.286130434551454,-0.140571270444287,-0.620879381233736,-0.205317146179659
-0.0591204041231026,-1.77350372557096,-0.348812501919962,0.553549380626648,1.4940408224808,0.15392900327629,0.739065149190121,0.363090795027152,1.60371025626798,0.530327182812398
1.48058153473832,1.36105125756765,-0.144050087370262,-0.428960019237086,-1.1577716503392,-0.119283645718823,-0.572721082724652,-0.281368636422891,-1.24275738796899,-0.410964525483933
-2.97959829096697,-0.914819387927937,0.801039600578971,0.285027177944748,0.769294040007551,0.0792593234555173,0.380550789439061,0.186958468867126,0.825763743187008,0.273069875235498
-3.085024167925,-0.0423401123180807,0.0325067051589386,0.0785866020057132,0.212106806738128,0.0218530771435707,0.104924006364069,0.05154747308801,0.227676417050885,0.0752897802926069
-1.88930282513387,1.23225645909784,0.301581166198269,-0.345943211209858,-0.933707629159512,-0.0961986329592668,-0.461882137262416,-0.226915249097085,-1.00224604221483,-0.331430392725411
-1.12792997587903,-1.63400524764763,0.332065407277247,0.48999217419067,1.32249865424516,0.136255245920369,0.654207469097449,0.321401584593171,1.41957610782809,0.469436293189396
0.932197117806179,-1.89254146129171,0.815726705444195,0.489230769666607,1.32044360824351,0.136043517312984,0.653190888521504,0.320902154942168,1.41737021204508,0.468706830687297
-2.7280917400559,0.41059284036388,0.0804082612865698,-0.067577707126599,-0.182393579814855,-0.0187917636000578,-0.0902256057858948,-0.0443263858030728,-0.19578210329007,-0.0647427244897277
-1.87147691052658,-1.11247920706928,-0.413239970230424,0.400753685240026,1.08164219212098,0.111440130704262,0.535061717231289,0.262867197176044,1.16103967911419,0.383941488028463
2.10470927869711,-0.79820202208038,-0.324103476402103,0.213247031323668,0.5755579921519,0.0592989607288882,0.284714344438723,0.139875568197435,0.617806582793605,0.204301009671374
-3.12306613412352,0.573922558807553,0.412213503746178,-0.129766036944484,-0.350241122747049,-0.0360848687128258,-0.173255645856953,-0.0851177061536166,-0.375950424020943,-0.124322163850299
1.87223608995035,1.23741717072988,0.437553278669733,-0.43965698245442,-1.1866429674838,-0.122258218437635,-0.587003011298306,-0.288385117724995,-1.27374799192042,-0.421212735609785
-2.2252999400104,-0.278234794781741,-0.39252481268517,0.158389490584754,0.427496395204472,0.0440443748443005,0.211471923889879,0.103892747554445,0.458876587032355,0.15174482217614
-3.20560850263789,1.05964214917654,-0.725630494589228,-0.196658322968426,-0.530784737330616,-0.0546860328996259,-0.262566119466346,-0.128994502269116,-0.569746766165458,-0.188408221644815
0.35148231316494,-1.53881866898517,0.527846666445118,0.415830689408288,1.12233532718076,0.115632689318249,0.555191607580623,0.272756687836993,1.20471987651783,0.39838599004697
0.993785416199818,-1.87559797626502,0.683664552343378,0.491654468279968,1.32698521915752,0.136717490629284,0.656426862112963,0.322491936607961,1.4243920071376,0.471028851635375
1.25251680091827,1.45163010536904,0.133380492591934,-0.469500082242015,-1.26719008922669,-0.130556879344416,-0.626847685989922,-0.307960164156599,-1.36020764101986,-0.449803874161557
-2.50374078955221,0.767660257454021,-0.873601085216237,-0.115181886000339,-0.310878208372348,-0.0320293609351423,-0.153783782874929,-0.0755514937316803,-0.333698091588362,-0.110349839149721
-0.368630176577144,1.76327117263445,-0.895971006878513,-0.457756398070119,-1.23549365134201,-0.127291238260462,-0.611168239858633,-0.300257105004596,-1.32618453953699,-0.438552854540381
2.92590786527584,-0.620544794340643,0.234114190486192,0.104775556445691,0.282791317281923,0.02913560657072,0.139889890524944,0.0687256483716252,0.303549494153385,0.100380070183696
2.37286999993396,-0.700383068450593,0.406393390450147,0.129271547753408,0.348906486554507,0.0359473629527668,0.172595434246993,0.0847933548313967,0.374517819423961,0.123848419196592
-2.50816519733756,0.813026297691197,-0.924982131324812,-0.125175310673323,-0.337850660949069,-0.034808296208248,-0.167126389976211,-0.0821065015350496,-0.362650445622548,-0.119924025191574
-2.72656110364574,0.854652088349667,-0.236478363792509,-0.178836699751915,-0.482683820700205,-0.0497302605792279,-0.238771782263025,-0.117304727934924,-0.518115022122485,-0.171334241320139
0.0197174123721059,-2.24070412753479,0.917819113806964,0.606382826621114,1.63663934732913,0.168620736238529,0.809605122700569,0.397745947000112,1.75677616543653,0.580944189267716
-1.90262330562024,-0.720242256139549,-0.380853487207774,0.282299611722416,0.761932284354296,0.0785008517370621,0.376909110471321,0.185169370689408,0.817861600978029,0.270456734364514
-0.286653485549934,2.09794327881462,-0.613409764188503,-0.578281950345137,-1.56079452160416,-0.160806546524407,-0.772086557882074,-0.379313680855304,-1.67536398240259,-0.554022185429271
-2.95336128510433,0.278102045972505,-0.0264675881625144,-0.0159388595507066,-0.0430192999323487,-0.00443222023159632,-0.0212805867444526,-0.0104548092521406,-0.0461771134234606,-0.0152702013200696
2.32104095758699,-1.22678968834143,0.284113408265679,0.29558611953156,0.797792834017633,0.082195515620109,0.394648440005146,0.193884417354433,0.856354479101003,0.283185853938023
-1.15287293581278,-1.53786446154622,-0.661178721838334,0.528334028947696,1.42598408521389,0.146917209772324,0.705399159663785,0.346551237024873,1.53065784302679,0.506169651637158
-2.7676452773112,-0.638688963746912,0.114357201554339,0.243946164172666,0.658415564206702,0.0678356642033698,0.325701941919849,0.160012114173095,0.70674627983154,0.233712269458463
2.42720142005147,-1.46558701303808,-0.0199853549713809,0.384805457947389,1.03859760846626,0.10700530552498,0.51376862325292,0.25240624332148,1.11483542602742,0.368662311956797
-0.656480398257159,2.12533608701384,-0.72886024891674,-0.570557959511726,-1.53994731623918,-0.158658687179038,-0.761773959517001,-0.37424726750423,-1.65298649675743,-0.546622227192277
3.19133860593184,-0.130592423091486,-0.0147325444532322,-0.030551189378135,-0.0824582696752421,-0.00849556389089943,-0.0407900724414613,-0.0200395051075197,-0.0885110840363243,-0.0292695227589862
0.608938430062723,1.27355686598175,-0.6592060628404,-0.3491447035665,-0.942348520904833,-0.0970888923375662,-0.466156573309142,-0.229015210628486,-1.01152121495895,-0.334497577843335
1.66563760225741,-1.60493849709665,0.361815137940769,0.417635174885009,1.12720566948472,0.116134474092254,0.55760084580713,0.273940307743886,1.20994772423582,0.400114774745839
-0.0587399187749297,-1.91397806316091,-0.20840029180855,0.586038296451383,1.58172905449606,0.162963403106649,0.782442355021064,0.384401317067695,1.6978352058148,0.56145314158857
1.61797342312631,-1.13982296211438,0.0575469996902241,0.300338813125606,0.810620448851577,0.0835171274101553,0.400993944711811,0.197001861535526,0.870123699568816,0.28773916515598
-2.68610186922386,-0.899512866372903,0.0184041258955663,0.32635007280609,0.880825357694214,0.0907502441233292,0.435722581738949,0.214063481126452,0.945481970010414,0.312659214839961
0.207865792009381,1.54276252864295,-0.289328864651236,-0.445320764997041,-1.20192962956759,-0.123833182536722,-0.594564946035011,-0.292100174372575,-1.29015676495994,-0.426638914276067
-3.36332846073928,0.337481320142828,-0.312953486902544,-0.00542273523929827,-0.0146360706028523,-0.00150793453959149,-0.00724010317582418,-0.00355694598922613,-0.0157104251664839,-0.00519524364626508
1.51855861857855,-1.12099914725527,0.374469600869102,0.275713972811614,0.744157513540322,0.0766695411639572,0.368116369706957,0.180849638879433,0.798782080640793,0.26414737253914
0.779984008105353,-1.41050397721631,-0.0384550513210482,0.405994155866552,1.0957863268975,0.11289738176166,0.542058471885834,0.266304589959227,1.17622205811336,0.388962113326301
1.38833060481057,1.72103909395387,-0.678283126138879,-0.498531938669318,-1.34554764895459,-0.138629952641068,-0.665609238351197,-0.327003090045831,-1.44431700423197,-0.477617802186327
2.44556958755622,-0.176991331074375,0.36840242709869,-0.0258803824332622,-0.069851668541181,-0.00719672284313902,-0.0345538977615388,-0.0169757730063072,-0.0749791006854254,-0.0247946629267327
2.52276262899004,0.244452919328433,-0.245043838606482,-0.112221901059168,-0.302889149959834,-0.0312062590626563,-0.149831792702579,-0.0736099446609516,-0.325122599726768,-0.107514029861594
-2.72654220061024,1.41245094425013,-0.475736759271591,-0.329176753674208,-0.888454625753937,-0.0915362772828588,-0.43949659249684,-0.215917591779654,-0.953671261260756,-0.315367312353866
0.131586671039019,-1.44214973567955,0.265796825778581,0.409393116874194,1.10496019047167,0.113842552505937,0.546596555952264,0.268534077513045,1.18606932525769,0.392218482999466
2.8167879100067,-0.3584829021863,-0.0731530372097172,0.0495928278818836,0.133852031907108,0.0137905936356917,0.066213299156422,0.0325295266031971,0.143677383617473,0.0475123369635532
2.25007372414491,1.73640878118688,-0.568301805948156,-0.529507115020799,-1.42915026793009,-0.147243417291128,-0.706965392169816,-0.347320701809452,-1.53405643804426,-0.50729352505138
3.10410031401035,-1.02241536755157,-0.277672464950803,0.25493388110401,0.68807163142641,0.0708910886600083,0.34037206700233,0.167219310162762,0.73857923810496,0.244239035759137
0.508583501732704,1.89875108808305,-1.22402837814839,-0.49558192457292,-1.33758550205105,-0.137809623424918,-0.661670560638651,-0.325068081172025,-1.43577039930727,-0.474791545451601
-2.75188289274232,-0.486946986404818,-0.110393000646852,0.213383875330165,0.575927336855685,0.0593370138136926,0.284897050154992,0.139965328570859,0.618203039088939,0.204432112873708
-2.94442442446699,0.922353376541289,-0.509807319162008,-0.175925546161344,-0.47482655907722,-0.0489207375515378,-0.234884988712113,-0.115395208913423,-0.509681001537934,-0.168545214836767
1.41432648451304,-2.20450003289752,0.835503107476741,0.570293098473357,1.53923245101223,0.158585035582505,0.761420333319071,0.374073536653182,1.65221915715127,0.546368477457869
1.58642214375375,1.1151117863242,0.219969140981293,-0.382310510153028,-1.0318636945912,-0.106311519494947,-0.510437522129163,-0.2507697270324,-1.10760721205645,-0.366272030834001
0.774291036983227,1.3081155103073,-0.394154120166252,-0.380838728887212,-1.02789132759044,-0.105902251900732,-0.508472490139489,-0.249804338489636,-1.10334325513846,-0.364861992922781
-2.92476206431343,-0.70831399759476,-0.17899791448499,0.287809862991304,0.776804562467091,0.0800331224166204,0.384266059677019,0.188783721249705,0.83382557236668,0.275735822616242
0.74989612744033,1.95282807404501,0.240518091725772,-0.615038152577037,-1.66000024477135,-0.171027577875527,-0.821161182544157,-0.403423252932597,-1.78185185966121,-0.589236411770667
2.08875145007899,-1.14661854725844,-0.751026912569698,0.346073380412883,0.934058958435554,0.0962348299389405,0.462055931190873,0.227000631252803,1.00262316066758,0.331555101141941
-2.45091895435977,-0.738282047904194,0.0263617399377177,0.272540365988552,0.735591885406494,0.0757870360936565,0.363879164712704,0.178767968363996,0.789587696201693,0.261106903116297
2.0530500681692,-0.778724789887305,-0.40392410926901,0.21392053186202,0.577375783542293,0.0594862453148762,0.285613561009597,0.140317338804503,0.619757808391102,0.204946255887209
0.270769606964272,-1.48399831132817,0.882278881703216,0.377547792639003,1.01900902499724,0.104987120289603,0.504078634099935,0.247645707840654,1.09380895088542,0.361709116214018
-2.98250927321922,0.375252259677812,-0.029134063249881,-0.0440892947693337,-0.118997886232306,-0.0122601911166719,-0.0588653196206217,-0.0289195826971415,-0.127732875670747,-0.0422396850317792
-0.9620583509951,-1.6417049522012,0.0413243787641336,0.508079852681109,1.37131765936812,0.141285001925991,0.6783570269687,0.333265873115821,1.47197865134526,0.486765167384127
2.70090656522142,0.591316629560404,-0.211841720455296,-0.221821443481091,-0.598700501637617,-0.0616833021503853,-0.296162373146061,-0.145499800174002,-0.642647858386327,-0.212515712826801
-2.06335598329811,-1.41481030740336,0.954540533358812,0.403629627801486,1.08940441847388,0.112239862376736,0.538901499177827,0.264753620154081,1.1693716884049,0.386696780636365
3.01882211483736,-0.265792890371305,-0.0665392147860404,0.0170457293519601,0.0460067636097026,0.0047400145697829,0.0227584113494975,0.0111808406599866,0.0493838706067383,0.0163306363308979
1.42215218862208,0.791181207366439,-0.102693178103974,-0.260487496993324,-0.703060951514927,-0.0724354180158713,-0.347786913986955,-0.170862104968609,-0.754668842885989,-0.249559669422692
-2.50799883500015,0.552269796472028,-0.0721046247236673,-0.104484869454566,-0.282006747293222,-0.0290547733869516,-0.139501783100418,-0.0685349774497432,-0.302707333136961,-0.100101577932637
3.73075703129402,0.12106825157699,0.388101834737169,-0.144471612896836,-0.389931765641516,-0.0401741419162152,-0.19288962805534,-0.0947635651334011,-0.418554541746479,-0.13841081960422
-0.994197691512414,-1.57645965163327,0.305447764558197,0.471658182392636,1.27301484459067,0.13115699600389,0.629729048819703,0.309375731271045,1.36645996008431,0.451871438886876
3.24706302095707,0.180363609675559,-0.38331087277598,-0.0998534626753791,-0.269506487992441,-0.0277668885943061,-0.133318213102841,-0.0654970891810479,-0.289289497596573,-0.0956644653720843
-2.54852043777886,0.587940430200183,-0.797399426032221,-0.065694969763847,-0.177312034109255,-0.0182682188255133,-0.0877118904452455,-0.0430914379740371,-0.19032754887419,-0.062938970684722
0.524804477038071,1.86914425508863,0.262852906291552,-0.586604772490183,-1.58325798462686,-0.163120926708127,-0.783198679050646,-0.384772886872468,-1.69947636641428,-0.561995853137533
0.984454506453651,-1.49646143714506,-0.0224462615808914,0.426041717813377,1.14989509657196,0.118472135047629,0.568824745825758,0.279454428908353,1.23430265910851,0.408168651029371
-2.0377518418023,-1.612884159705,0.0805558004855598,0.520617055543724,1.40515582003097,0.144771301808271,0.69509593053968,0.341489426630866,1.50830068785974,0.498776416438279
-1.15558715048828,-1.2474180975048,0.164090712165911,0.386553041743279,1.04331437199838,0.10749126728604,0.516101889848521,0.253552539590673,1.11989842158887,0.370336582082714
-3.22600459396476,-0.546204330939556,0.0252884108010859,0.232448129290742,0.627382138656744,0.0646383323826622,0.310350471639488,0.152470184270109,0.673434858823005,0.222696593783953
-0.0914123215708061,1.74521600072266,-0.108394967593989,-0.511194793626392,-1.37972494712734,-0.142151193401861,-0.682515904884593,-0.335309062800191,-1.48100307250163,-0.489749432047686
1.26672738499713,-1.71000565616743,0.337234713791744,0.459423818787995,1.23999405312719,0.127754908563651,0.613394477633887,0.301350819739518,1.33101529140911,0.440150324545448
2.3040414940037,-1.34354340466488,0.0436150182123168,0.346873290132421,0.936217930728029,0.0964572659313721,0.463123921539882,0.227525317696655,1.00494061140677,0.332321453490826
-2.83742876668337,0.786472268274895,-0.119301126894105,-0.163896058909597,-0.442358732977811,-0.045575621384142,-0.218823955854795,-0.107504682353605,-0.474829888415142,-0.157020381988658
-2.66317694279706,-0.969369617478859,0.682438088210141,0.302243205700956,0.815760442408035,0.0840466939876457,0.403536572762852,0.198251013713142,0.87564099217529,0.289563665706068
-1.94873965204264,-1.09295914577795,-0.62905459651427,0.41107987082217,1.10951277303062,0.114311598923604,0.548848606269432,0.269640473533745,1.19095608821117,0.393834475177644
-0.299742123609979,-1.6082559296832,0.0424096601066254,0.483404185984667,1.30471754263656,0.134423282063779,0.645411591698361,0.317080311805114,1.40048978125288,0.463124680625154
-2.52048507407233,-0.93459074303154,0.115062061203955,0.326685579285674,0.881730896376486,0.0908435405478264,0.436170529392883,0.214283550588496,0.946453979376126,0.31298064633706
1.21495021674835,-1.92839480058336,0.594757914085079,0.508464372705014,1.37235548658441,0.141391927859053,0.678870414497943,0.333518092133798,1.4730926598288,0.487133556236413
1.44793586006718,-1.65520581514026,-0.360009046044944,0.485734824822534,1.31100798335983,0.135071377655366,0.648523317590758,0.318609052579071,1.40724196911318,0.465357545790029
-2.62906008752411,-0.494585944516521,-0.284519242954112,0.224600966993459,0.606202491053308,0.0624562219635328,0.299873422297666,0.147322978804894,0.65070052815768,0.215178631304294
2.45451570141935,-1.32607962926397,-0.5903860403922,0.380765767914574,1.02769440446961,0.105881963178191,0.508375077128084,0.249756481047304,1.10313187695934,0.36479209276856
0.550776731776517,1.18761364801019,0.0885716765804499,-0.372267013764544,-1.00475609745534,-0.103518660460874,-0.497028062347378,-0.244181875584678,-1.078509793234,-0.356649873657597
-2.71560514463779,0.987455671591369,0.722197124704948,-0.282833411258168,-0.76337301995142,-0.0786492887751357,-0.377621806840128,-0.185519506927664,-0.81940809316145,-0.270968140237033
-1.88471955044995,-1.27294471100236,0.86552104523146,0.363333166776139,0.980643466189514,0.101034368705744,0.485100138320341,0.238321878772833,1.05262718448279,0.348090814482651
2.21569287607701,0.941699395504203,0.2712912621517,-0.347926694183372,-0.939061089278592,-0.0967501927077087,-0.464530361957523,-0.22821627920385,-1.00799247080654,-0.333330665716973
-0.55909930257527,-1.95224191270044,-0.273032418137125,0.612825148113539,1.6540273015715,0.170412193623942,0.818206514846541,0.401971672318163,1.77544047509556,0.587116246047874
-2.96724165791507,0.318150103073426,-0.0170401174364783,-0.0282064661922922,-0.076129815015785,-0.00784355177493065,-0.0376595419923211,-0.0185015259579406,-0.0817180918429474,-0.0270231641049213
-1.55378305573476,0.960669341295313,-0.490526769818068,-0.219355751753985,-0.59204555047178,-0.0609976515413821,-0.292870332927197,-0.143882473877885,-0.635504403348805,-0.210153460436889
-2.84916513510887,0.607159871529855,0.106243985691853,-0.125253692371131,-0.33806221471529,-0.0348300923063757,-0.16723104040707,-0.0821579146049016,-0.362877528403376,-0.119999118663696
-2.39152399796376,1.69960486348638,-0.974592217202971,-0.388831596331012,-1.04946423629137,-0.108124879478331,-0.519144076047726,-0.255047116634254,-1.12649971406558,-0.372519548007143
0.107345007873286,1.75707429193015,-1.0019031998867,-0.459332163830617,-1.23974667456857,-0.127729421485662,-0.613272105561731,-0.301290700312947,-1.33074975413217,-0.440062514646208
3.1374753681056,-1.14477608453053,-0.406632637465788,0.299317105744034,0.807862840244066,0.083233014728632,0.399629823741185,0.196331690890515,0.86716366986943,0.28676031987805
1.05491265215298,-1.90030620133951,0.451364181269403,0.513217329757885,1.38518381249898,0.142713612910774,0.685216270958659,0.336635709125987,1.48686264357382,0.491687119860718
-1.64764190143378,1.71561588331444,-0.399228738356456,-0.448535860561587,-1.21060723664245,-0.124727224645718,-0.598857544249794,-0.294209058684392,-1.29947134810681,-0.429719131927631
1.56876464585292,1.76159669193075,-0.134326193521625,-0.551010906033067,-1.48718942890621,-0.153223113471861,-0.735675933756267,-0.361425728114248,-1.5963559390499,-0.527895200902616
2.61109485546211,1.45233187710231,-0.808268094326661,-0.436704452254988,-1.17867402956797,-0.121437189552683,-0.583060974239459,-0.286448458458499,-1.26519409749205,-0.418384068326188
0.929927470892744,-1.84320034443082,0.68812804130391,0.483104361418577,1.30390831015072,0.134339907936319,0.645011284344721,0.316883647254706,1.39962114739916,0.462837434133627
-0.991794125973803,-2.08035502724442,-0.288777905474379,0.661641640343996,1.7857839880663,0.183986906658527,0.883383298302423,0.433991975464971,1.9168687053582,0.633884815764372
2.40042196023433,0.673558518111242,0.11335458993007,-0.261471999929358,-0.705718144581644,-0.0727091850201712,-0.349101361865976,-0.17150787202438,-0.757521086084339,-0.250502871035431
2.41804481250915,1.34171743198015,-0.717165449550357,-0.405548922437165,-1.09458463298848,-0.112773572865093,-0.541464023544943,-0.266012547071083,-1.17493215437192,-0.38853555808378
1.7843834193224,-0.676218755553929,-0.156249463443125,0.172711312984463,0.466151279603877,0.0480269352521753,0.230593541904397,0.11328689026934,0.500368916849185,0.165465823394458
1.69457404883014,-1.10144568257281,-0.105210477152739,0.298092828211356,0.804558490757131,0.082892572074491,0.397995243541105,0.195528647985525,0.863616766007933,0.285587402560085
-0.876174184146914,1.82310830501054,-0.255183163761224,-0.507269933882668,-1.36913167237199,-0.141059782645215,-0.677275673112023,-0.332734621396055,-1.46963220289954,-0.485989225851689
2.70219739865319,1.1930631479696,-0.300033222551697,-0.395404460432287,-1.06720452763955,-0.109952637678755,-0.527919760670688,-0.259358469036881,-1.14554222398644,-0.378816670944742
1.25921833695869,-1.90910012322389,0.47224443213884,0.5099304696448,1.3763125114758,0.14179961477651,0.680827857124478,0.334479752144783,1.47734014845639,0.48853814828731
2.59384178461259,0.15563528082659,0.338643372392098,-0.126361306453501,-0.341051687222225,-0.0351380936115545,-0.168709858730568,-0.082884434210606,-0.36608644187352,-0.121060266731971
-1.89673970641343,-1.35580756357509,0.489040501166166,0.413502459484862,1.11605138816563,0.114985263588849,0.552083097922898,0.27122952714729,1.1979746676208,0.396155432739089
1.47056905961633,1.44358267189933,-0.183650990600024,-0.450701932112221,-1.2164535069741,-0.125329557963184,-0.601749550003487,-0.295629854495806,-1.30574676143602,-0.431794333641193
-1.151302712241,-1.98793568966122,0.75699382427433,0.567625333461716,1.53203210001975,0.157843193167738,0.757858497256495,0.372323664007808,1.64449026744383,0.543812629050222
1.08298741931935,1.20772598585231,-0.231590548260687,-0.368595723716537,-0.994847212367831,-0.102497761445166,-0.492126381265233,-0.241773758677751,-1.06787355063346,-0.353132599541523
-2.15931881018211,1.89497865320429,-0.875066561152184,-0.458885063396066,-1.23853994157537,-0.127605093419073,-0.612675164510165,-0.300997432796226,-1.3294544414147,-0.439634170722092
2.03926740680021,1.17135392428712,-0.0860594507192863,-0.388606933122145,-1.04885786580826,-0.108062405948374,-0.518844119523901,-0.254899752829008,-1.12584883321397,-0.372304309745102
-0.894682094071521,2.01798902130263,0.362760067403504,-0.606328895024397,-1.63649378487357,-0.168605739135799,-0.809533116543631,-0.397710571535854,-1.75661991803057,-0.580892520179549
1.80018853361125,1.08155620475571,0.575796318186215,-0.400834617809145,-1.08186063073976,-0.111462636139429,-0.535169773428917,-0.262920283444213,-1.16127415212726,-0.384019025359152
-2.90193176312646,0.554037609987372,-0.673600645563012,-0.0560629175384077,-0.151314932978399,-0.0155897726914239,-0.07485176565034,-0.0367734659508029,-0.162422141545654,-0.0537109969931311
-1.79729937611211,-1.52269393971069,0.343789035356656,0.470795373554555,1.27068610632231,0.130917069252796,0.628577079429154,0.308809787277718,1.36396028176968,0.451044826128521
-2.39208679387778,1.21124958066279,-0.39950681283543,-0.281661070057534,-0.760208847660883,-0.0783232883877647,-0.376056568842089,-0.18475053072883,-0.816011656144082,-0.269844980446803
2.5865786858823,-0.528513667495665,-0.217776453407633,0.115061990578277,0.310554608236104,0.0319960208512018,0.153623705868081,0.0754728504784494,0.333350737721175,0.110234973514171
0.179141290553105,-1.77101645883656,-0.272776739785184,0.542457536960826,1.46410371512724,0.150844623635139,0.724256000484373,0.355815298972254,1.57157562822872,0.519700658044486
-3.30798805880003,-0.492153323558296,0.131399459491311,0.211039053323498,0.569598615476851,0.0586849742179875,0.281766387766353,0.138427284601531,0.611409760597762,0.202185659544496
-2.64356079847512,-0.576133175549789,-0.334640581205179,0.252594492040013,0.681757573668238,0.0702405598372881,0.337248658345202,0.165684829834805,0.73180169961131,0.241997787452785
-1.20390229396028,1.42609410486022,0.543633784194053,-0.435084832525608,-1.17430264360445,-0.120986811574935,-0.58089855740942,-0.28538609792525,-1.26050183179333,-0.416832393988956
-2.39411432122327,0.00908291803474704,-0.60064565832272,0.0903588974847645,0.243880467111657,0.0251266743560054,0.12064165255615,0.0592692993141444,0.261782409506697,0.0865682109351863
0.29100384630549,-2.33440446625033,0.592241442990693,0.650120958929216,1.75468943907233,0.180783277372133,0.868001591761722,0.426435190974649,1.88349167416513,0.622847443611841
2.17328952042267,-0.020840758392608,-0.315004707454219,-0.02070495386819,-0.0558830835862168,-0.00575755844619334,-0.0276439832743474,-0.0135810433975937,-0.0599851576681056,-0.0198363510817182
-3.51032221598477,0.381638562140213,-0.215658752011532,-0.0218555061671012,-0.0589884471962826,-0.00607749985483181,-0.0291801300684838,-0.0143357275568625,-0.0633184691787206,-0.0209386360461945
2.16558402907357,-1.03501015545515,0.968902803771604,0.196003637161304,0.529017727275195,0.0545039802458313,0.261692023169525,0.128565072847785,0.56785004948532,0.187781000855
1.4578170005779,-1.22401853023284,0.0755870550679377,0.327778052176199,0.884679502504544,0.0911473314453151,0.437629132126587,0.215000138600783,0.94961902668816,0.314027288408405
0.37858257678203,1.46023517409765,0.108053688338296,-0.451070151136587,-1.2174473374674,-0.125431950973441,-0.602241173438906,-0.295871381165296,-1.30681354363576,-0.432147105344467
-0.15520367757793,-1.63485259919315,0.103822516915976,0.484034326020504,1.30641830316556,0.134598509118556,0.64625291598829,0.317493640867703,1.40231538538817,0.463728385374322
-3.05918875514825,-1.06157735966055,0.458163724076742,0.353495281260506,0.954090816901732,0.0982986851971593,0.471965197553005,0.23186889409202,1.02412544922016,0.338665642505346
-2.90872085286538,-0.209482320831348,0.0989784935483326,0.12009085882749,0.324127623974457,0.0333944302872899,0.160337942019252,0.0787714464747566,0.347920074931078,0.115052873460731
-1.44072298178281,-1.44521304142693,0.204484931399298,0.449134882430254,1.2122240086174,0.124893798473477,0.599657321473342,0.294601976342951,1.30120679854381,0.430293023961786
-2.03079481704263,-1.35114086978516,0.278215972786629,0.42917867781531,1.1583618142044,0.119344449502878,0.573013022234284,0.281512061598287,1.24339087256276,0.41117401101828
2.09006388454838,0.553794979632099,0.0269793483079905,-0.213121288350117,-0.575218609357517,-0.0592639945790465,-0.284546460140122,-0.139793089347609,-0.617442287748942,-0.204180541797584
-2.65753550906363,1.01438215306251,-0.284676254609563,-0.224771520596316,-0.606662818630229,-0.0625036488905818,-0.300101134997476,-0.147434850383878,-0.651194645885417,-0.215342029936624
0.7639032404642,1.5239167839031,-0.109669463037717,-0.464002807124508,-1.25235283400537,-0.129028217025951,-0.619508061744909,-0.304354325070231,-1.3442812633632,-0.444537217692876
-0.823257575766767,-1.70520317989789,0.279051346568183,0.508043686239665,1.37122004542108,0.14127494489318,0.678308739756435,0.333242150386762,1.47187387208779,0.486730518177255
-0.517787895265388,1.78896887301598,-0.0257639845336527,-0.520355410804669,-1.40444963566005,-0.144698544588582,-0.69474659854714,-0.341317805453709,-1.50754266632416,-0.498525748074775
-3.64338971329758,1.00855014797867,0.193371681658086,-0.233247391912948,-0.629539364420609,-0.0648605884326156,-0.311417598023867,-0.152994446262063,-0.675750434830393,-0.223462326182175
1.40045014426607,-1.66833440210319,-0.268330632736551,0.484564225697791,1.30784851296688,0.134745861698138,0.646960405505498,0.317841219063695,1.4038505791342,0.464236054993084
0.666454765220629,-1.72502981673796,0.25204515282526,0.482862262018261,1.30325487903901,0.134272585813508,0.644688048088525,0.316724846492185,1.39891975145345,0.462605491153609
2.06205053570409,-1.6873276270137,0.648616122243042,0.414259434024454,1.11809447755081,0.115195760322226,0.553093763855545,0.271726051029377,1.20016772911696,0.396880651100978
-3.83880774949781,0.387254534226268,0.353707845255339,-0.0543744459764033,-0.146757714544921,-0.0151202486458808,-0.072597422080371,-0.0356659432919665,-0.157530402423233,-0.0520933592573199
2.76286693515455,-0.833116258398462,-0.747308482810615,0.237442059257759,0.640860855274379,0.0660270263080069,0.317018060341223,0.155745863126404,0.687902974925172,0.227481021159831
2.59532965588873,0.264484443841597,-0.265285318757626,-0.118444043136258,-0.319682835567294,-0.032936489755148,-0.158139214810578,-0.0776912472377608,-0.343149018713436,-0.113475144071615
2.55715335989931,-0.697002592332087,-0.026767501762272,0.153178174936241,0.413430950295298,0.0425952310974036,0.204514095172078,0.100474478456548,0.443778674096911,0.146752128762784
-1.9379939199465,1.58764441255306,0.503793317602203,-0.464384328040796,-1.25338256657036,-0.129134308978049,-0.620017445049785,-0.304604576877319,-1.345386583011,-0.44490273325445
1.14979059478794,-1.60189257485145,0.086279955423909,0.446556975246355,1.2052661856948,0.124176943397409,0.596215458065763,0.292911044329174,1.29373823957651,0.427823263715931
3.08764774833799,-0.710515324446922,-0.0301279349947322,0.145716533913999,0.393291832304945,0.0405203250356193,0.194551770168547,0.0955801487620484,0.422161252680212,0.139603514382612
2.37266992730064,-1.20901373246518,0.0669447195913578,0.30367638451843,0.81962862063054,0.0844452271530894,0.405450065133404,0.199191081671783,0.879793112381888,0.290936720597534
-0.659366823013228,-1.25105911311482,-0.247618972692258,0.404228909083663,1.09102189061107,0.112406508341263,0.539701622754368,0.265146707970284,1.17110789039925,0.387270921201258
-1.49637580093758,-1.69508119331502,-0.0671208697313562,0.543055321889246,1.46571714857579,0.151010853499042,0.725054126221244,0.356207405282028,1.5733074950762,0.520273365029829
3.5221977120265,-0.46015405353972,0.0167044120983637,0.0583214573918373,0.157410777104182,0.0162178192590212,0.0778672294050589,0.0382549146881385,0.168965448527652,0.0558747878303332
-3.41508146962006,0.610152091543296,-0.585561836690346,-0.0673554703464046,-0.181793758311142,-0.0187299648025812,-0.0899288888806678,-0.0441806135702258,-0.195138252142925,-0.064529810864164
2.58530462900724,1.10551728927655,0.510942687977295,-0.42098058819326,-1.13623500674987,-0.117064754486576,-0.562067436272764,-0.276134671644017,-1.21963985617864,-0.403319843123116
2.79917613043311,0.219247961298211,-0.468103586060127,-0.0958839807578089,-0.258792777099592,-0.0266630694654632,-0.128018404543223,-0.0628933786617355,-0.277789351293327,-0.0918615089670267
2.21656815122577,-1.30187920672354,0.333038138378879,0.317013260128046,0.855625113992265,0.0881538971313377,0.42325664266221,0.207939166192791,0.918431913092852,0.303714094969374
3.69286680973692,0.245044290049639,0.219171492529947,-0.169303616313878,-0.456953838301129,-0.0470793353264427,-0.22604379451711,-0.111051672713982,-0.490496341263099,-0.162201084532056
2.90109236221906,-0.647370179229699,0.0805301832267883,0.123600637412027,0.333600586399656,0.0343704167812623,0.165023982910977,0.0810736228319705,0.358088396150914,0.118415411753026
-2.73437034615771,-0.638858103591797,-0.793471852756691,0.304008739552565,0.82052565349867,0.0845376472350708,0.405893805170849,0.199409083999667,0.880755991567772,0.291255132856883
-1.59612878002214,-1.4660648612357,-0.329909100209122,0.494544431668334,1.33478528800198,0.137521121162431,0.660285363806811,0.324387556296115,1.43276463673194,0.473797576876198
2.29288122332548,-1.02477269694726,0.913339357286338,0.193857131794095,0.523224266462986,0.0539070878216586,0.258826140982723,0.127157111123706,0.561631322135956,0.185724544495146
2.45058088010486,-1.05775271154998,-0.461626463231781,0.292214999221741,0.788694113042347,0.0812580867160652,0.390147527129236,0.191673191407366,0.846587870366204,0.279956157005105
-2.44568206443776,1.28929983144298,-0.383294548766607,-0.304838748729338,-0.822765864826751,-0.0847684531753577,-0.407001982467275,-0.199953513643023,-0.88316064465957,-0.2920503219472
-2.24011230838527,-1.16259648604082,0.475130234697718,0.364396523221874,0.983513486452166,0.101330063007911,0.486519866564496,0.239019368375012,1.05570787736725,0.349109561586213
-3.43937604058403,-0.210862488666873,0.264786167361565,0.121127390231709,0.326925242914855,0.0336826651792437,0.161721855114832,0.0794513406717339,0.35092305190489,0.1160459208721
1.00614071857151,-1.25800486720537,-0.477380552473667,0.384890824672007,1.0388280149592,0.107029043994018,0.513882599662747,0.252462238094476,1.11508274541139,0.368744097423744
2.94007305750027,0.591630784743886,-0.177052566661468,-0.229525193200955,-0.619493075833298,-0.0638255329203418,-0.306447946818982,-0.150552936729424,-0.664966702684342,-0.219896279094263
-1.83283153104648,-1.16802257086685,0.589485818057576,0.349367578342166,0.942950064371053,0.0971508685465086,0.466454142026755,0.229161401343028,1.01216691446853,0.334711102699536
-2.45687848701378,0.760119591230558,0.0523342016089774,-0.175926663085116,-0.474829573676765,-0.0489210481416478,-0.234886479960162,-0.115395941539553,-0.509684237422882,-0.16854628490397
1.89601636254772,-1.46563535158905,0.923228157054591,0.333436693178376,0.899952287468093,0.0927208658034919,0.445184202194144,0.218711822747061,0.966012903963312,0.319448541229308
-0.953784046045362,-1.44166343310464,-0.510569778308208,0.485169528684631,1.30948223780509,0.134914182156448,0.647768568892417,0.318238256709144,1.40560422685222,0.464815964643413
-0.312465333477784,1.90980695653026,0.106628335479522,-0.569786011481393,-1.53786381310374,-0.158444026671685,-0.760743301898778,-0.373740922029259,-1.65075005495679,-0.545882663499259
1.91268840341494,1.32216466699562,-0.405122006034214,-0.409436921283161,-1.10507841944544,-0.113854733477044,-0.546655040909852,-0.268562810230007,-1.1861962327792,-0.392260449750068
-2.8707479319683,-0.382635933166779,0.0199539650629678,0.1761788191499,0.475510147926522,0.0489911667852244,0.235223143257351,0.115561338790887,0.510414768937191,0.168787862656825
2.7939292154673,-0.280143309337821,0.0640093616065375,0.0175566896285854,0.0473858555907652,0.00488210054954803,0.0234406141416799,0.0115159958955632,0.0508641942505693,0.0168201610842723
-1.83037192278348,1.56430167478667,-0.467376506990298,-0.394814391364478,-1.06561191945274,-0.109788553413374,-0.527131936677209,-0.258971423807584,-1.14383271107021,-0.378251356128489
3.32762647335587,-0.197756334192331,0.472477091232154,-0.0461326955651863,-0.124513065749331,-0.0128284125957448,-0.0615935429136048,-0.0302599148255693,-0.133652894604316,-0.0441973622062968
-2.49989098337812,-0.0392473612695494,-0.683047695997156,0.112622243038063,0.303969680948316,0.0313175847075541,0.150366304734775,0.0738725418067298,0.326282446634811,0.107897576914955
1.00332431302284,1.64724512278693,-0.126105607153582,-0.504970353584231,-1.36292505926631,-0.140420323699581,-0.67420541467471,-0.33122625291438,-1.46296999598759,-0.483786116275556
2.04221998414105,0.158134405695016,0.271356902308143,-0.110421209227621,-0.298029046779892,-0.0307055292117369,-0.147427619518209,-0.0724288131276186,-0.319905742731355,-0.105788879658993
-1.17542505856948,2.0132252192239,-0.850393063659971,-0.517530130075765,-1.396824146604,-0.143912900774685,-0.69097445716917,-0.33946461319673,-1.49935743147366,-0.495818991962217
3.48724421749431,0.418894727212435,-0.51686800020791,-0.167357030935799,-0.451699965528293,-0.046538035927461,-0.22344483322619,-0.109774844923632,-0.484856810184601,-0.16033616122839
-2.14855384594431,-0.865372451569681,1.01132883125232,0.237855252719653,0.641976072671882,0.0661419256466668,0.317569730884533,0.15601688997212,0.689100054383399,0.227876880557875
-0.864903901760988,-1.86249984592499,0.638232588908013,0.531838784903248,1.43544349146325,0.147891799591852,0.710078494649641,0.348850118878623,1.54081161298544,0.509527378007024
-1.13365552527681,-1.31117454640965,0.330888737569685,0.393921202584844,1.06320118511601,0.109540178718363,0.525939405853802,0.258385552636091,1.14124501780053,0.377395637911107
-1.72882511404137,1.40307561786689,-0.774953107968606,-0.328394124317107,-0.886342293504451,-0.0913186465509142,-0.438451673826872,-0.21540424007983,-0.951403874157156,-0.3146175154312
1.90187414658002,0.932214464682601,0.101225244748681,-0.326787244625689,-0.882005293157568,-0.0908718112766971,-0.436306266713374,-0.214350236146144,-0.946748518136706,-0.313078046668894
-1.99317879983676,-1.50758480561988,0.336748828069136,0.471086678959718,1.27147234542284,0.130998074402896,0.628966012522139,0.309000863837206,1.36480423441838,0.451323910850255
2.78617483373278,0.651565650823794,-0.203345648043648,-0.242240923455124,-0.653813085487857,-0.0673614770518997,-0.323425209202908,-0.158893592087235,-0.701805958111675,-0.232078566057464
-1.90217679222639,-1.47691219098616,0.0491494457461494,0.479174100935935,1.29330045869327,0.13324699536179,0.639763841837114,0.314305663332674,1.38823463109834,0.459072053767527
1.91938475867016,-1.89748965500823,-0.23036317346233,0.538902424172034,1.45450839478027,0.149856030770138,0.719509432146312,0.353483386456279,1.56127596745569,0.51629468738343
2.1856638039851,0.43747675678697,0.00308615426376848,-0.178944882012249,-0.48297580677925,-0.049760343509655,-0.238916220575435,-0.117375688149654,-0.518428441315995,-0.171437885178052
-2.00619395883072,1.64160724426219,-0.974923261776183,-0.380023390376542,-1.02569071268287,-0.105675525526044,-0.507383900215773,-0.24926953180677,-1.10098110502565,-0.364080859042886
-1.84478213951444,-1.04537294849844,0.464794895751204,0.321397987068021,0.867459579485368,0.0893731860893436,0.429110860882781,0.210815249242167,0.931135082513098,0.307914876267054
-1.84930532369673,-1.35872810553505,0.43682541365161,0.416819769222984,1.1250048733343,0.11590772904436,0.556512166227048,0.273405457014292,1.20758537957611,0.399333576531686
0.851933321624262,1.61004781122015,0.363904995709411,-0.523322485051085,-1.41245782824886,-0.145523617829348,-0.698708053924622,-0.343264004627152,-1.51613869689816,-0.50136834926153
-1.94984100013481,-1.12793159450646,-0.0535149466180897,0.383021835333176,1.03378357544446,0.106509322220083,0.51138723983961,0.251236308035328,1.10966802095059,0.366953514893154
-2.7960592998096,-0.57511004388231,0.118712230502795,0.225321474051471,0.608147153978116,0.0626565779519502,0.300835399087739,0.147795582496041,0.65278793824084,0.215868912048243
1.78696228074066,-1.03878063012506,0.709960411050475,0.222817241734953,0.601388180992511,0.0619602101156832,0.297491901839997,0.146152976191057,0.645532825705927,0.213469735902434
-0.842827072681373,-1.57639364472512,-0.137576207996044,0.497940151864318,1.34395040456083,0.138465390713562,0.664819120940477,0.326614918097611,1.44260251478999,0.477050841694445
-1.93141135914683,1.40379142076779,-0.566713211197974,-0.338067629777408,-0.912451277743255,-0.0940086198501458,-0.451367144436044,-0.221749402609511,-0.979429377325793,-0.323885203334444
0.443956745654022,2.15317051796993,-0.834578388214499,-0.596088709470218,-1.60885531975524,-0.165758185492193,-0.795861049463064,-0.39099370535513,-1.72695266308625,-0.57108192523267
-2.37387313366456,-1.10104859045288,-0.718016836731875,0.428834586960231,1.1574331061214,0.119248765966391,0.572553613249205,0.281286361368994,1.24239399305627,0.410844355272663
-0.193239602573521,1.8526595108065,-0.199365073112738,-0.534900970127253,-1.44370839047819,-0.148743320948167,-0.714166936365293,-0.350858704393155,-1.54968319341205,-0.51246110012818
2.62871471821213,0.753208238234248,0.0316848307655949,-0.284802634786228,-0.76868799354272,-0.0791968833087242,-0.380250993199088,-0.186811183806753,-0.825113210138112,-0.272854751987518
1.53920790486143,-1.84629006571464,0.138100607592544,0.507374287371046,1.36941332451913,0.141088800884629,0.677414999483177,0.332803070196442,1.46993452960325,0.486089201560171
0.315652999692643,1.74986324332294,-0.460175945500145,-0.498031747762111,-1.34419762371645,-0.138490861368475,-0.664941414159902,-0.326674998785106,-1.44286788096302,-0.477138595011734
-2.20502687993025,1.26069671414985,0.32110686171872,-0.34875837370935,-0.941305808912503,-0.0969814631326419,-0.46564076940166,-0.228761804482829,-1.01040196313445,-0.334127455082928
2.00674533718108,-1.82732120712144,0.939087236317829,0.437793698839762,1.18161392783244,0.121740083290775,0.584515269407796,0.287162930233354,1.26834979774345,0.41942761943998
2.72738405947309,1.15743345603115,0.468828359464709,-0.436783141604323,-1.17888641369181,-0.121459071201431,-0.58316603542775,-0.286500073326857,-1.26542207158254,-0.418459456543412
3.45239881663759,-0.480883159993599,-0.277018460690493,0.085699304158232,0.231304131757226,0.0238309515505457,0.114420449611003,0.0562129225849018,0.248282913582163,0.0821040942937513
-2.98770166752634,-0.158909374275355,-0.175131923795486,0.125095085496812,0.337634131597047,0.0347859874822511,0.167019278245763,0.0820538792683823,0.36241802202515,0.119847165577348
-1.29239182099681,-1.58008987033881,0.414398698129597,0.472036218302833,1.27403517105469,0.131262118858139,0.6302337791584,0.30962369715085,1.36755518318028,0.45223361564341
-0.255138844746439,-1.74183942056854,-0.468365987504915,0.556435374701429,1.50183017806869,0.154731530037117,0.742918351300157,0.364983811115201,1.6120713862037,0.533092105258087
3.13693380664702,-0.304475966666259,-0.164253556073582,0.0325119258491823,0.0877503365303352,0.00904079837446819,0.0434079274029402,0.0213256150536737,0.09419161281751,0.0311480034967857
-2.41952175322848,-0.415349808068416,-0.257287212947022,0.194520756025225,0.52501540150314,0.0540916260399693,0.259712171314527,0.127592403544063,0.563553934685114,0.186360328729143
-1.04302528949341,-2.09344875519867,0.0404648234013354,0.644646840981914,1.73991468551541,0.179261054515536,0.860692885548687,0.422844541419033,1.86763238608108,0.617602972836552
-1.08031194846097,-1.52891170242183,0.0933883408301626,0.473569967200092,1.27817478992906,0.131688618186462,0.632281546525224,0.310629732250821,1.37199866902483,0.453703021554233
-2.07619666857382,-1.35056310887425,0.3157963901501,0.427494427261987,1.15381598835757,0.118876099220114,0.570764314295967,0.280407307634443,1.23851136229499,0.409560417213725
1.00857545529074,-1.79855447778175,0.243304647621879,0.497818043100112,1.34362083056997,0.138431435151468,0.66465608881508,0.326534823042269,1.44224874855992,0.476933855569657
-1.85028001251871,1.64118829095137,-0.226353133272584,-0.433432199285371,-1.16984215351645,-0.120527253319874,-0.578692062966466,-0.284302082771251,-1.25571392131962,-0.415249091105435
-3.6683484023546,0.405138877234274,-0.500331712628099,-0.00632498567561581,-0.0170712625317702,-0.00175882906721381,-0.0084447325669166,-0.00414876099200919,-0.0183243713275411,-0.00605964337071578
2.58986506092212,0.795660205947338,-0.241462955893606,-0.278327268349748,-0.751210850337048,-0.0773962369051682,-0.371605481472528,-0.18256378324991,-0.806353164637709,-0.266651036546542
2.76205922328036,-1.12810131824663,0.0826672652180408,0.269894285220011,0.728450060618784,0.0750512235545315,0.360346280120264,0.17703231910924,0.781921628790295,0.258571829266362
-2.78747983678982,-0.593832415281691,0.113005533125528,0.231097329881455,0.623736304100533,0.0642627069841433,0.308546967197264,0.151584151607792,0.669521403325354,0.221402462365251
-3.60184461763424,-0.254872800114216,0.159546551104535,0.144882661806065,0.391041194848588,0.0402884449054512,0.19343843532359,0.0950331852982325,0.419745408134608,0.138804624416687
-0.42119834498405,1.89071751448902,-0.0726460841716347,-0.549695540965682,-1.48363923234576,-0.152857341526569,-0.733919739071944,-0.360562937973417,-1.59254514181458,-0.52663501730388
2.72950041942187,-1.24411246885378,-0.116687108872465,0.318550506966515,0.859774173879757,0.0885813691544613,0.425309080265391,0.208947495704607,0.922885532964089,0.305186852077711
3.07671158155661,0.0689868293736989,0.0478898544636822,-0.0917294328947613,-0.247579569527548,-0.0255077878699919,-0.122471507294878,-0.0601682774524005,-0.265753042968706,-0.087881250400799
2.11435825337465,0.853130810443042,-0.041396330361777,-0.298351918815843,-0.805257781467903,-0.0829646190497073,-0.398341165409977,-0.195698593823891,-0.864367387857151,-0.285835623938665
2.94389980265242,0.670324344229334,-0.48504776192445,-0.232468709599031,-0.627437685319426,-0.064644055280118,-0.310377949203638,-0.152483683554473,-0.673494482864934,-0.222716310718518
0.08291856781154,1.76840787167844,-0.683115382920569,-0.483504209616341,-1.30498750841408,-0.134451096272351,-0.645545137110664,-0.317145920513601,-1.40077956375396,-0.46322050812069
-2.84983153964028,0.151312898485634,-0.376814540173682,0.0430296299937906,0.116137829861158,0.011965523380757,0.0574505202678672,0.0282245145798605,0.124662878073025,0.0412244747275005
-2.84610389233075,0.4902821272677,-0.0870486228751111,-0.0775313449605555,-0.209258646919231,-0.0215596350933284,-0.103515091942323,-0.0508552961424761,-0.224619189266794,-0.0742787928080434
-0.578151195209522,2.20655346930791,0.0673446434120218,-0.649786707353128,-1.75378728739963,-0.180690329906647,-0.867555319577894,-0.426215944644062,-1.882523300431,-0.622527214373219
-2.77340581443258,-0.55137515753441,0.239925961500009,0.209631851075288,0.565800548533063,0.058293664522672,0.279887577716315,0.137504255507924,0.607332898158601,0.200837491467611
0.34630706087102,1.86381288766625,-0.678778664281705,-0.518063670547459,-1.39826418298206,-0.144061265773165,-0.69168680765155,-0.33981457950656,-1.50090317311214,-0.49633014963879
-2.18348182399689,1.53748935826945,-0.383533304275213,-0.384629949024448,-1.03812390638157,-0.106956500640502,-0.513534294513954,-0.252291121389101,-1.11432695204183,-0.368494165887233
1.23010640559202,1.41027693582141,-0.212713642369264,-0.433513830808178,-1.17006247862518,-0.120549953117546,-0.578801052364149,-0.284355627505565,-1.25595041929964,-0.415327298067694
-1.17118978904443,-1.20222777246727,-0.12485081247117,0.392755167173226,1.06005403227583,0.109215931821922,0.524382586958127,0.257620712606544,1.13786684953907,0.376278519372914
2.2591596599802,0.759266633022842,-0.491174811424187,-0.24346056647639,-0.657104926336024,-0.067700630957923,-0.325053601687875,-0.159693595067528,-0.705339435143074,-0.233247043288478
-1.64636050462268,1.49172808618037,-0.073786580880448,-0.403572077602259,-1.08924908933795,-0.112223859026149,-0.538824661684974,-0.264715871132364,-1.16920495739954,-0.386641644751303
-2.46664654578986,-0.224133297115992,0.00232716100330122,0.121164014234628,0.327024091829439,0.0336928494490896,0.161770753235088,0.0794753635300414,0.351029156782183,0.116081008445081
-2.57628158183345,-0.456650693257198,0.298944066631783,0.173079855747168,0.467145983873417,0.0481294182864144,0.231085597575371,0.113528629289191,0.501436636964332,0.165818905254779
-2.07644584442206,1.34808174680864,0.51150531122041,-0.390399008997688,-1.05369471435104,-0.108560739905509,-0.52123678921277,-0.256075232880422,-1.13104072857544,-0.374021205443525
-1.66335976004829,-1.28594879480211,0.107414790793436,0.41305081388261,1.11483238767412,0.114859671618517,0.551480088442459,0.270933278309279,1.19666618691451,0.395722734323636
1.83108917546846,1.95434051869123,-0.654106261774557,-0.579504653722593,-1.56409462241474,-0.161146551443176,-0.773719036366743,-0.38011569122139,-1.67890632571545,-0.555193594630105
-0.433744362843476,-1.9951076436413,0.73146156861801,0.55562489602627,1.49964267995413,0.154506155067855,0.741836249930459,0.364452192154336,1.60972331571653,0.532315627336569
2.74255636703931,-0.874956287661711,-0.387642675423765,0.226301471913075,0.610792187759065,0.0629290922014989,0.30214383206796,0.148438394528984,0.6556271296062,0.216807797580946
2.76854999205562,-0.198438882925936,0.113935627180357,-0.00958988576621689,-0.0258832930161278,-0.00266672063810486,-0.0128038267272593,-0.00629031369005136,-0.0277832451773499,-0.00918757617637137
2.10673105718024,-1.25384712370152,0.0593745871731237,0.323426816087677,0.872935429487708,0.0899373555017638,0.431819628834786,0.212146023275167,0.937012884965615,0.30985859297248
-0.252064478369376,1.62616447703953,-0.493550987721048,-0.446369980279945,-1.20476148254962,-0.124124944515639,-0.595965793866715,-0.292788388332445,-1.29319648891072,-0.427644113459049
3.82751827145611,0.457598188771554,-0.00982912693101921,-0.220342868381299,-0.594709797943411,-0.0612721453514699,-0.294188270446354,-0.144529955337606,-0.638364218777673,-0.211099166092775
3.00666556229853,-0.377258930120734,-0.101111739671389,0.0528695735400004,0.142696033814528,0.0147017791790173,0.0705882087912817,0.0346788491889446,0.153170575739113,0.05065161839802
-3.02348254900306,-0.622653281432451,0.201674167110168,0.238971486379408,0.644988809590155,0.0664523238526499,0.319060057538578,0.156749063435123,0.692333939979142,0.228946286599786
-3.57838100432043,-0.488949559723451,0.434989587934035,0.195740809681083,0.528308350662264,0.05443089413377,0.261341112053591,0.128392675872757,0.567088601382565,0.187529199368034
1.37014708267554,1.09272513675378,-0.00257926883853212,-0.355965926920259,-0.960759138830621,-0.0989857133777781,-0.475263851958605,-0.233489469831468,-1.03128325649593,-0.34103264100326
2.61945056508264,-1.01703881110951,-0.151498736268348,0.255591417168279,0.689846334382737,0.0710739339029685,0.341249968787509,0.167650609159184,0.740484212380137,0.244868987233686
3.11277185060615,-0.584909768883185,-0.179133113399402,0.117673568123005,0.317603308134351,0.0327222388590398,0.157110523874328,0.0771858679619425,0.340916844450042,0.112736991600478
1.89993237041331,-1.3834791635296,-0.215135355465348,0.385022341253138,1.03918298083564,0.107065615647707,0.514058192527732,0.252548504038715,1.11546376740764,0.368870096693919
-1.15684964597889,-1.99333557581379,0.109311980999892,0.612697604543516,1.65368305893131,0.170376726770767,0.818036226502074,0.401888012399353,1.77507096347017,0.586994053115241
-2.84536703556499,1.54521317041812,0.0122929995738703,-0.398801753787434,-1.07637389018637,-0.110897344688278,-0.532455618189888,-0.261586862723934,-1.15538465970741,-0.382071442925849
3.27030550270734,-1.01942329664881,-0.479665158365344,0.263887077837891,0.712236488041328,0.0733807611221519,0.352325825621594,0.173091999093349,0.764517905784897,0.252816632929726
2.05253799121142,-1.57412941882889,-0.413206446450471,0.45176244900747,1.21931586323333,0.125624462653455,0.603165487054159,0.296325481545736,1.30881922774414,0.432810360317522
1.76898323261943,-1.73701160311049,0.286789702435156,0.459760504990763,1.24090277590588,0.12784853304129,0.61384400038179,0.301571663019841,1.33199071859848,0.440472886274636
-2.87432120775386,-0.89134276181477,-0.651490502473335,0.372896241267074,1.00645439503873,0.1036936337617,0.497868168278858,0.244594606087399,1.0803327536322,0.357252704155549
1.98330073915351,0.531263187294068,-0.197869721840441,-0.188998118755336,-0.510109693326521,-0.0525559111061937,-0.2523386850807,-0.123969928608402,-0.547554079312963,-0.181069374087084
2.75944504020583,0.217911352280685,-0.29653397241329,-0.106088396956749,-0.286334700014475,-0.0295006764965487,-0.141642714576647,-0.0695867825749808,-0.307352977394653,-0.101637835134897
0.334955345889497,1.6253283210439,-0.282508997034511,-0.473207151805368,-1.27719554393997,-0.13158772779793,-0.631797137684361,-0.310391749995346,-1.37094754189866,-0.453355426790516
2.55363135616703,1.04505910420563,-1.02217375759404,-0.299663024459281,-0.808796481758134,-0.0833292065498429,-0.400091673172942,-0.196558590071925,-0.868165844943403,-0.287091726802454
-0.00598760325692504,-1.76491261202698,0.294963024712219,0.506735828798058,1.3676901120924,0.140911260641224,0.676562568793139,0.332384284738502,1.46808482549818,0.485477527248528
2.14786706495094,-1.81720152651889,0.617177957863698,0.453199422739836,1.22319428400685,0.126024051095062,0.605084046162095,0.297268038710784,1.31298234235187,0.434187050921707
-2.89878404535626,-0.357825922178686,-0.18599475004225,0.183180031992302,0.494406561073229,0.050938038649368,0.244570732822033,0.120153658873017,0.530698265287534,0.1754953644858
-1.98831310385132,-0.928732144057528,-0.582635270516121,0.3598711617323,0.971299445503817,0.100071666904629,0.480477881727216,0.236051038613401,1.04259726991623,0.344774045561867
-3.04521866015283,0.43520864486329,-0.373518024224265,-0.0375404818571197,-0.101322509523257,-0.0104391209836355,-0.0501217466687299,-0.0246240062409127,-0.10876004542061,-0.0359656043010443
3.09350377823013,-0.83832200889128,-0.54695700889607,0.218285757557408,0.589157614787174,0.0607001114375452,0.291441742365628,0.143180630362009,0.632404479968428,0.209128354045741
-2.14270921925474,-1.0786676522356,0.0164033190059238,0.367911174434593,0.992999600198042,0.102307404464648,0.491212413090225,0.241324740845349,1.06589031527488,0.352476768092884
-1.79507806416783,-1.02681917699301,0.305170258495012,0.325448262507343,0.878391353705382,0.0904994719875657,0.434518539992521,0.21347195482402,0.942869298989682,0.311795236788673
1.4984823692238,-1.1808775729614,0.557694562621811,0.281754181383521,0.760460156987438,0.0783491804474518,0.376180885368203,0.184811605434289,0.816281412725313,0.26993418561788
-2.02502107816339,1.12406640607654,0.0501487790834989,-0.293856307375135,-0.793124036495003,-0.0817144957320688,-0.392338901011512,-0.192749778073628,-0.85134297047365,-0.281528609905569
2.60932378867291,0.623525293361357,-0.217831629666787,-0.22900338809639,-0.618084713445255,-0.0636804312501723,-0.305751264678326,-0.150210668023331,-0.663454960051703,-0.21939636446918
-0.0974369524197116,-1.77519749692673,0.859026221429922,0.474078687263264,1.27954783552932,0.131830081215799,0.632960758321935,0.310963418058534,1.37347250245583,0.454190400074351
2.08782402215222,-1.84164169186227,-0.211154220906806,0.517241712013809,1.39604570050039,0.143832698526507,0.690589379079573,0.33927543053827,1.49852184386352,0.495542673455462
-2.86778412023928,-0.119881897291502,-0.209368283568273,0.113098569892135,0.305255296630916,0.0314500399508388,0.151002267107399,0.0741849798695129,0.327662432392082,0.108353921167986
-2.55271438481273,0.376396077382714,0.166609409930395,-0.0670208275698229,-0.180890550780505,-0.0186369085534811,-0.0894820943899581,-0.0439611106386868,-0.194168745046047,-0.064209206836476
1.68635378491374,0.68752850409747,0.0733732499170383,-0.24719217080346,-0.667176600866087,-0.0687383019495103,-0.330035810692576,-0.162141274044802,-0.716150416676252,-0.2368221014123
-0.878705335995321,1.22259946814509,-0.136611994306342,-0.33606147493105,-0.907036625787031,-0.0934507555895658,-0.448688649648201,-0.220433501294099,-0.973617265136047,-0.321963209587924
1.30496012045379,2.01479485816679,-0.081210391161494,-0.624248827060465,-1.68486003896938,-0.173588848816037,-0.833458709647395,-0.409464829778259,-1.80853647652321,-0.598060685126495
0.0324913657853469,-1.81276498525471,0.818545727332545,0.485121428261503,1.30935241380339,0.134900806565311,0.647704348160465,0.318206706098691,1.40546487317466,0.464769882102663
1.87675189158049,1.81957596890386,0.134820400417788,-0.593113724676477,-1.60082577644137,-0.16493091251513,-0.791889032408442,-0.389042317399948,-1.71833371454626,-0.568231745357501
-0.817218039149712,-1.2391540300195,0.580247637527315,0.348768392954863,0.941332851056042,0.0969842492480804,0.465654146483161,0.228768376427349,1.01043099029508,0.334137054006588
-2.82042024443305,0.749605675821748,-0.079302304854834,-0.155953673122741,-0.420922075276158,-0.043367031562539,-0.208219769955709,-0.102295016747083,-0.451819681934196,-0.149411190782655
3.37336521596331,-0.0328722731093019,-0.13043749312429,-0.0559716051220845,-0.151068478944919,-0.015564380866009,-0.0747298509179699,-0.0367135712078965,-0.162157596658229,-0.0536235152648531
-0.654069315264107,-1.40317019484357,0.0835247634003566,0.427316869133574,1.15333675542642,0.118826724500013,0.57052724958366,0.280290841562462,1.2379969514735,0.409390307905825
0.737535391375432,-1.55890643796762,0.757233000092635,0.397945813991411,1.07406369159958,0.110659328055476,0.531312819922588,0.261025424355633,1.15290488197181,0.381251411043295
-1.66652249756892,1.62621190039827,-0.295423432517261,-0.428402465951335,-1.1562668028969,-0.119128603324137,-0.57197667180715,-0.281002919338059,-1.24114207783756,-0.410430362365613
-3.35488923998022,0.40003298569305,-0.131822303839975,-0.0363839106404084,-0.098200900733962,-0.0101175058561741,-0.0485775637850637,-0.0238653740803893,-0.105409296260265,-0.0348575529210825
2.56499002450895,0.426467319444311,-0.0776346961256777,-0.178637871362863,-0.482147178911218,-0.0496749711022255,-0.238506318804549,-0.117174310016701,-0.517538988370267,-0.171143754069824
0.361999782862527,1.82311602388683,0.136437044088007,-0.560823283184197,-1.51367323060927,-0.155951703706999,-0.748776817321343,-0.367861981040549,-1.624783773,-0.537295934628234
-0.776337358763569,-1.43532564873445,-0.0183327999712973,0.44642256128897,1.20490339974205,0.124139566051845,0.596035996801881,0.292822877902911,1.29334882347455,0.427694488618631
2.07883265036419,1.51786649045227,0.252131833638284,-0.515449382353287,-1.39120816698688,-0.143334293997765,-0.68819637055258,-0.338099784021147,-1.49332921325135,-0.493825534618708
0.294956275336824,1.93997546291953,-0.739912032326829,-0.535552414980426,-1.44546665313424,-0.148924472369247,-0.715036705539372,-0.351286007968831,-1.55157052059368,-0.513085215926756
-0.844612737529595,-1.48927617654018,-0.312776547294136,0.4837224529731,1.30557655158826,0.134511784593128,0.645836522242086,0.317289073331918,1.40141184539286,0.463429595852712
2.79707838730036,0.763652125079089,-0.690119860582839,-0.243336405989196,-0.656769814703894,-0.0676661048601458,-0.324887830227906,-0.159612154221266,-0.704979724783521,-0.233128091513452
-0.277443776200777,-1.64387194319664,-0.116879597621466,0.504192074065276,1.36082446731676,0.140203902554845,0.673166303641585,0.330715754412925,1.46071521097567,0.483040486709028
-2.02506446857623,-1.26067722731917,0.203227625672408,0.407091422900932,1.09874787251547,0.113202505797277,0.543523475466088,0.267024322604252,1.17940099473308,0.390013348420227
-1.57846921743779,-1.39129224958659,0.340792926354595,0.426975582364212,1.15241561562671,0.118731820713508,0.570071584441682,0.280066980622938,1.23700819579693,0.409063338610471
-1.50536522078975,1.8342168349398,-0.0903060530209111,-0.507719342540746,-1.37034463530654,-0.141184752574228,-0.677875695961934,-0.333029402950627,-1.47093420286456,-0.486419781166014
-3.00490443353343,-0.363502830149088,0.00722615944457895,0.174287466642731,0.470405349774254,0.0484652263425795,0.232697925504782,0.114320740012279,0.504935255238646,0.166975855125182
3.09625079430523,0.963509389439139,-0.311157169807779,-0.334904396621224,-0.903913648343303,-0.093128999451491,-0.44714378972494,-0.219674536514936,-0.97026504685577,-0.320854672388138
-0.827054591299409,2.10378615123023,-0.722774007076381,-0.560771240741151,-1.51353276701716,-0.155937231933267,-0.748707333446407,-0.367827844732782,-1.6246329987374,-0.537246075441008
0.754390545838943,1.615587044752,0.229580823294354,-0.513831872094139,-1.3868424745256,-0.142884502613846,-0.686036770157688,-0.337038807157089,-1.48864305898399,-0.492275881256377
-2.87524479239475,-0.0696083808734392,0.332996905490307,0.0619783695147565,0.167280855885015,0.0172347201134901,0.0827497139643243,0.0406536006527982,0.179560036261012,0.0593782871960896
-1.40804283143459,-1.1950983643873,-0.279686132194126,0.406220809905537,1.09639807067082,0.112960408894433,0.542361086443811,0.266453259613808,1.17687870667926,0.389179258900255
-2.27744290692714,-1.18604114209335,0.0540752871806464,0.400387506725305,1.08065386900392,0.111338305111524,0.534572818159076,0.262627008942283,1.15997880855731,0.3835906712325
1.9337374956629,1.30946959569377,-0.212667051204632,-0.418993868058227,-1.13087280946727,-0.116512294560005,-0.559414889518336,-0.274831518179174,-1.21388404907561,-0.401416468773648
1.15021447563995,1.5093754777078,0.477619788176921,-0.507496414253997,-1.36974294741284,-0.141122761485117,-0.677578055799609,-0.33288317713645,-1.47028834832586,-0.486206205043597
-2.55193700234068,0.100557259591421,0.0107007778678152,0.0256565797806397,0.0692476207165424,0.00713448861353916,0.0342550901995786,0.0168289736675058,0.074330712986058,0.0245802491193559
3.15653124342466,0.213036961869444,-0.712096632107691,-0.0855974402660808,-0.231029199079967,-0.0238026256090174,-0.11428444719589,-0.0561461067905388,-0.247987799588175,-0.0820065037393302
-0.165308465503753,-1.72318503408784,0.138462083456195,0.508282537457562,1.37186470962364,0.14134136377321,0.67862763923888,0.333398820562242,1.47256585759309,0.48695934924081
-2.41723145162171,-0.924435627539615,0.197214761080623,0.315879426413355,0.852564874174573,0.087838604765938,0.421742817495328,0.207195448289197,0.915147037667478,0.30262782722031
1.54700616017659,1.52425032256671,-0.59959818506314,-0.448614255076655,-1.21081882500271,-0.124749024308023,-0.598962211793472,-0.294260480161496,-1.29969846802104,-0.429794237679311
3.03759558026769,-1.18182002952921,0.647227453209382,0.242051803272531,0.653302646341797,0.0673088871977244,0.323172707545685,0.15876954209304,0.70125805039629,0.231897379740293
-2.95580760817884,-0.429177625036305,0.0882104101974722,0.18736995965057,0.505715259418456,0.0521031585299229,0.250164867000899,0.122901966824919,0.542837073845099,0.179509518613624
3.16281286098412,-0.126858708437178,0.0800971557090799,-0.037380158353141,-0.100889793187316,-0.010394538805364,-0.0499076925688906,-0.0245188449119356,-0.108295565725302,-0.0358120066001358
2.98332137361924,0.45363663285114,-0.519971150384659,-0.16638080132164,-0.449065102322382,-0.0462665695384892,-0.222141431378615,-0.109134504605063,-0.482028535961031,-0.159400885859697
1.26110600740535,-1.82677593904222,0.843692184087521,0.460482371604936,1.24285110829989,0.128049267090152,0.614807792367783,0.302045158487484,1.33408206750668,0.441164469539398
2.13074926390472,0.595318482940771,0.392849251921182,-0.250885241245561,-0.677144271671807,-0.0697652575781812,-0.334966571619761,-0.164563677410868,-0.726849760135752,-0.240360242203407
2.87858246322617,-0.777907978725334,0.165032127374216,0.157372993997523,0.42475285063485,0.0437617111615607,0.210114760051953,0.103225994836589,0.455931653735603,0.150770969092185
-1.70675064328872,1.20829047830435,0.277187134788472,-0.341195432766165,-0.920893280414433,-0.0948783879563964,-0.455543194962748,-0.223801028920772,-0.988491061627517,-0.326881790460134
-1.6049040245617,-1.749711342967,0.326144213095504,0.535429132673588,1.44513391172841,0.148890190472677,0.7148721065719,0.351205143149233,1.55121335444588,0.512967105491148
-0.599599674246666,-1.80032062194979,-0.370449591422222,0.574931544668705,1.55175170983767,0.159874877870455,0.767613301912938,0.377116042300742,1.66565738686838,0.550812334120885
-0.583108619799906,-1.71811583801566,0.417356723812093,0.49733605503404,1.34231993516324,0.138297405658892,0.66401256793975,0.32621867160894,1.44085236147684,0.476472087600664
-0.85914480412476,-1.56216739556978,0.651961137470338,0.4412263290437,1.19087866523917,0.122694616642993,0.589098306518082,0.289414502493034,1.27829460927553,0.422716245837918
2.88614114995925,0.0593670847762425,-0.1781018386509,-0.0695295574951763,-0.18766166290209,-0.0193345270684939,-0.0928315965688966,-0.0456066670695761,-0.201436887785076,-0.0666126919099192
0.47038223888282,1.80045910488409,-0.263984492620809,-0.529666073186662,-1.42957929919121,-0.147287619801131,-0.707177623354026,-0.347424967569364,-1.5345169621634,-0.507445814692083
0.802912966337361,-1.49293113916013,0.211646400648453,0.413334144963172,1.11559710391345,0.114938459297367,0.5518583747068,0.271119124253467,1.1974870368255,0.395994179255229
0.733884987404509,-1.72671072613408,0.343196284527622,0.475774964774031,1.28412612237425,0.132301775911251,0.635225523915465,0.312076060889556,1.37838685650752,0.455815516288075
1.19831208557574,-2.08599359406403,0.695999590159281,0.549057177295648,1.481916276064,0.152679827673433,0.733067435090506,0.360144214765369,1.59069571265669,0.526023433913875
3.10040595929176,-0.0411166782603448,0.479677717403571,-0.0883100492109919,-0.238350584743041,-0.024556938062038,-0.117906156125083,-0.0579253940102093,-0.255846608464943,-0.084605314812333
2.56567014058618,0.286168434310886,0.617757503133718,-0.183344170882857,-0.494849575213663,-0.050983681796495,-0.244789880991793,-0.120261322836436,-0.531173798693312,-0.175652617512295
2.7111829055563,0.797883837813477,-0.514946167626013,-0.263369775146275,-0.710840277755666,-0.073236911466639,-0.351635154826294,-0.172752683664334,-0.763019207274568,-0.252321031834851
2.35668432927466,-1.40604575217134,-0.747849511824077,0.417310940323256,1.12633055393356,0.116044312121768,0.557167947725872,0.273727631894319,1.20900837119828,0.399804142293301
-3.05282168629021,0.398350527761686,-0.517096138769178,-0.0167730800822949,-0.0452708777911001,-0.00466419725014999,-0.0223943867832816,-0.0110020012582078,-0.0485939674012988,-0.0160694250927719
-0.235954213676047,-1.64551900170622,-0.175349459538648,0.50767943061331,1.37023691221808,0.141173654010262,0.677822408006717,0.333003223437162,1.47081857240842,0.486381543601708
0.626531003782638,2.18625271005352,-0.0922640403482817,-0.65965860317195,-1.78043173117428,-0.18343547087694,-0.880735668814068,-0.43269123777369,-1.91112356831592,-0.631984969872262
-1.61656279168639,-1.86507665633747,0.472099166802283,0.560324916383268,1.51232812867037,0.155813119675262,0.748111428564764,0.367535086269644,1.62333993442298,0.53681847503602
-2.54649094706479,0.623356493836602,0.117601698343188,-0.137528695219458,-0.371192692308287,-0.0382434805600445,-0.183619870616108,-0.0902094827199524,-0.398439934671983,-0.13175916737371
3.4553013576025,-0.263704578035001,0.147304548216934,-0.00752627785353271,-0.0203135740876117,-0.00209288003730255,-0.0100486241324496,-0.0049367270655074,-0.0218046833898886,-0.00721053960282437
-0.777043058903086,1.8312768155245,-0.0804498623148439,-0.523587578938356,-1.41317332193964,-0.145597334175658,-0.699061991008109,-0.343437888211264,-1.51690671110027,-0.50162232207649
2.56659839767309,1.22955646768836,-0.16679573724956,-0.412208415171457,-1.11255873674556,-0.114625420441464,-0.550355369400355,-0.270380721972903,-1.19422563960252,-0.394915675457841
-2.85021268512212,-0.450295840759962,0.0675299580693292,0.192719625292939,0.520154113721345,0.0535907741411247,0.257307412136834,0.126410984121656,0.55833580613265,0.184634758038324
-1.08688973119946,-1.53836103906825,0.616600295529313,0.441522742146504,1.19167869011754,0.122777042123121,0.589494059095382,0.289608929355244,1.27915335964125,0.423000223981983
1.90149814065445,1.28374071072054,0.0614225824417978,-0.428949447717391,-1.15774311759662,-0.119280706028983,-0.572706968280567,-0.281361702224019,-1.24272676079253,-0.410954397454792
-3.38451649822741,-0.433995457175822,0.16127712880076,0.193385859024687,0.52195229185573,0.053776037999899,0.258196926513659,0.126847988197174,0.560265978771388,0.185273042300611
-0.0195970484842091,-1.85046143775088,0.269664372513502,0.534242044354096,1.44192993666985,0.148560089260001,0.713287179126124,0.350426493842094,1.54777419295515,0.511829817245042
2.57944255850782,1.27362262075894,0.0696930058924101,-0.441458266149073,-1.19150466811408,-0.122759112871699,-0.58940797470196,-0.289566637480325,-1.27896656362633,-0.422938452845977
0.676895892797751,-1.6398689894729,0.274460489954913,0.455734667689732,1.23003696070869,0.126729042811893,0.608468949573976,0.298930987196797,1.32032730283886,0.436615938676031
-3.34428850452843,-0.515168513613502,0.367972678860763,0.202874270712711,0.54756170431025,0.0564145410945267,0.270865271281471,0.133071741784342,0.587755239300505,0.194363401383259
2.34150262217825,0.0578470034804618,-0.367584958362118,-0.0443683212198477,-0.119750984189255,-0.0123377817796164,-0.0592378586071954,-0.0291026050964007,-0.128541254464257,-0.0425070059187862
-2.35586354689287,-0.818620680586771,-0.255680547324849,0.313272735515419,0.845529363433514,0.0871137456191091,0.418262523839873,0.205485636114084,0.907595088240296,0.300130490778888
0.983361240034303,-1.529770811219,-0.363542974660205,0.458823904815434,1.23837487334603,0.127588086662878,0.612593509327988,0.300957316921398,1.3292772564219,0.439575577832448
3.22944392796073,-0.208444392312434,0.0284684231100477,-0.0110661505971867,-0.0298677612486903,-0.00307723500584884,-0.0147748448978689,-0.00725864314701984,-0.0320601916129395,-0.0106019095606973
3.89253059241623,-0.203936997627588,-0.435469757967575,0.00398914872749088,0.0107667920052077,0.00110928800398696,0.00532606647682824,0.00261661061079415,0.011557123812176,0.00382179816383314
-2.81700658278739,1.0945843953916,-0.0720748652533622,-0.259393939344269,-0.700109417601956,-0.0721313254726666,-0.346326862950258,-0.170144805428406,-0.75150065287623,-0.248511988100008
3.25934720429427,0.312779504296096,0.750952527116302,-0.215513288394851,-0.581674665202369,-0.0599291532723973,-0.287740111748806,-0.141362078905441,-0.624372247638684,-0.206472193977874
2.78617072483563,-0.388205180402086,-0.0985295864983762,0.0608310158442713,0.164184125436888,0.0169156681678384,0.0812178377824901,0.0399010145765168,0.176235991625932,0.0582790666729466
0.476445020324735,1.85921528342395,-0.749890383393772,-0.514808324041344,-1.38947793781284,-0.143156030828384,-0.687340468850696,-0.337679293311034,-1.49147197733761,-0.493211369630923
2.98360432492407,-0.684474627669091,0.855876002750893,0.0809618060498057,0.218517529842141,0.0225135652660053,0.108095232983846,0.0531054456102535,0.234557716569147,0.077565341088795
3.17280191438936,-0.458604713075069,-0.624634908642016,0.108491029149954,0.292819452240179,0.030168791739169,0.144850561577235,0.0711627461000439,0.314313740110929,0.103939673429639
-1.82550303525229,2.05093835754571,-0.467070647372297,-0.54006957742653,-1.45765856470068,-0.15018058851227,-0.72106774351717,-0.354248959714826,-1.56465737426488,-0.517412876869373
0.277697792372933,-1.56982257057647,0.240181251509295,0.445955428983507,1.20364260032959,0.124009667595276,0.595412310426084,0.292516470839496,1.29199547561522,0.427246953189585
-1.50268689001331,-0.969766267516074,-0.12641562145258,0.330855405010357,0.892985339201902,0.0920030705556275,0.441737824704136,0.217018673037347,0.958534549810428,0.316975541836512
1.35988585277726,-1.24950825412125,0.746262116223474,0.292664635492669,0.789907690308523,0.0813831199388328,0.39074785387385,0.191968122260507,0.847890529757604,0.280386930383591
2.81505682062809,-0.623229313387288,0.479147244709749,0.0916280761439376,0.24730600563485,0.0254796029524838,0.122336181983731,0.0601017943083018,0.26545939823433,0.0877841457123925
0.778381371814,1.80279204165752,0.215789921172795,-0.569268108819713,-1.53646598348691,-0.158300010178674,-0.760051830060281,-0.373401213060633,-1.64924961824896,-0.545386487603932
-2.51423881706943,1.04305256867359,-0.144252995383407,-0.24588292854611,-0.663642929892085,-0.0683742326130171,-0.328287790808318,-0.161282500051475,-0.712357358081056,-0.235567783762855
-0.326778427878347,-1.84702398965923,-0.0937617642883001,0.564319746345478,1.52311025444144,0.156923987496386,0.753445080277404,0.370155423384528,1.6349135175696,0.540645716098552
-2.75468777285963,-0.982617355001795,-0.149217592093089,0.363865012805354,0.982078929233519,0.101182262519808,0.485810226487151,0.238670733643488,1.05416801708356,0.34860034880106
3.6379489160677,-0.97777705644245,0.313009734441558,0.190305934279483,0.513639513519143,0.0529195837018947,0.254084800078377,0.124827766761656,0.551343004461803,0.182322324856849
-2.75841282759793,0.656051193576014,-0.0267295752169462,-0.132940755835132,-0.358809752373478,-0.0369676830228457,-0.177494335615574,-0.0872001061098556,-0.385148030275938,-0.127363698687883
-1.62985269649059,-0.886834111797534,0.139753619734524,0.291120901518382,0.785741121512034,0.0809538439965191,0.388686755045188,0.190955537628221,0.843418115743321,0.278907958284177
3.01753955651939,0.99242260824554,-0.25698574134983,-0.345413507150134,-0.932277947333898,-0.0960513347763072,-0.46117490892177,-0.226567799212927,-1.00071141520034,-0.330922910517772
0.263395832725393,1.66596400544977,0.326560878184608,-0.524500961644234,-1.41563856008621,-0.145851324324408,-0.700281483522081,-0.344037005226743,-1.51955290900886,-0.502497387055679
2.10886468809093,1.2208249314781,-0.219991574271102,-0.395935507860325,-1.06863783524305,-0.110100309420701,-0.528628782594234,-0.259706800079407,-1.1470807429275,-0.37932544016445
0.411296653826301,-1.8781429732888,0.148777547240253,0.541069877410119,1.46035839431392,0.150458748302237,0.722403282644265,0.354905088560813,1.5675553837274,0.518371212820655
2.7391428314293,0.110913100644658,0.124317516478039,-0.101891579582288,-0.275007406187785,-0.0283336407487136,-0.136039381671699,-0.0668339554372257,-0.295194208362184,-0.0976170803244483
2.81832895872624,-0.744537792925943,0.0730086649290256,0.154909628142535,0.418104177044264,0.0430767073226369,0.206825825194749,0.101610194154602,0.448794937076084,0.148410945000688
1.30039371121132,-1.33842950244336,0.506709296636595,0.336526678278522,0.908292218903387,0.0935801176484955,0.449309760597713,0.220738643092093,0.974965024533314,0.322408896981559
-1.51145286285406,-1.98154723122878,-0.139839928423039,0.633685589084279,1.7103300479497,0.176212989359446,0.846058094954458,0.415654704693898,1.83587610072515,0.607101561323113
3.34844676511393,0.3085650902364,-0.410996365774076,-0.138472905395186,-0.373741134411036,-0.0385060430997561,-0.184880522075245,-0.0908288204617628,-0.401175444087916,-0.132663766565764
-0.275254576893615,2.12992665648734,-0.104968609008285,-0.622094088706745,-1.67904435716231,-0.172989666992848,-0.830581835282447,-0.408051467774237,-1.80229389705628,-0.595996341165831
2.28032374206883,1.5923896103093,-0.158137271923996,-0.51467110439293,-1.38910757924403,-0.143117873286438,-0.687157261600401,-0.337589286542027,-1.49107443275491,-0.493079906545394
-0.629782063817462,-1.68950255799546,-0.0353549123131386,0.520126703028063,1.40383234880791,0.144634946359903,0.694441241964775,0.341167788686745,1.50688006779209,0.498306634920466
2.99703628015966,0.775859785235412,-0.0732946121664101,-0.292667868619971,-0.789916416583619,-0.0813840189951422,-0.390752170546934,-0.191970242972415,-0.847899896581228,-0.280390027876524
2.78220137829334,-1.44024301070188,-0.0287779656378559,0.369995178635484,0.998624369115366,0.10288691679127,0.493994847556868,0.242691706049583,1.07192796797227,0.354473345300822
-3.29291297947641,-0.578487979552997,-0.463774011284113,0.276279060731455,0.745682697110353,0.0768266787623519,0.368870840405326,0.181220298172454,0.800419219664806,0.264688754202743
2.19443593825292,0.988974554332497,-0.25680555392505,-0.326218454261335,-0.880470116615927,-0.0907136441159662,-0.435546852738395,-0.213977148301003,-0.945100652611235,-0.312533117883685
-3.06119761200965,0.585584000801338,-0.336126391608126,-0.0845353012162661,-0.228162464593194,-0.0235072698358907,-0.112866344344029,-0.0554494157173955,-0.244910633670579,-0.0809889229601671
1.48299020770979,1.16661879313325,-0.665138312436974,-0.336160190805117,-0.907303061900672,-0.0934782061416475,-0.448820449022833,-0.220498252202422,-0.973903258879764,-0.322057784188177
-2.3864091481995,0.826484479033451,-0.120998056638276,-0.18567622912014,-0.501143846924273,-0.0516321720895216,-0.24790350197915,-0.12179099464,-0.537930098752959,-0.177886842530726
-0.586599769272252,-1.75755452823329,0.212997344023726,0.522849389469982,1.41118093383647,0.145392061126726,0.69807640574929,0.34295368605996,1.51476807259225,0.50091510072489
-0.887106794789014,-1.67209998280351,0.379143748319727,0.492883997420031,1.33030374283757,0.137059393631352,0.658068453936813,0.323298424210691,1.42795412564285,0.472206800248192
-1.80004496316262,1.56472223951231,-0.391817895858805,-0.400665581725984,-1.08140439897878,-0.111415631198751,-0.534944086828242,-0.262809407255076,-1.1607844308671,-0.383857080584371
-1.97200098558571,1.64299338287163,0.192771282619379,-0.459327780372115,-1.23973484352662,-0.127728202549427,-0.61326625303705,-0.301287825061906,-1.33073705463759,-0.440058315080135
3.10948662976129,0.888551619003043,0.120625821958965,-0.341735037561976,-0.922349684524282,-0.0950284393001235,-0.456263642158386,-0.224154973015316,-0.990054372464203,-0.32739875805365
3.15775188073509,1.08185494757108,0.204695661927946,-0.406074380380171,-1.09600285446036,-0.112919690303322,-0.542165582731228,-0.266357211791082,-1.17645447979026,-0.389038972305444
3.66583650475409,0.622112499588475,-0.0469531218767066,-0.263350144018969,-0.710787292951396,-0.073231452513987,-0.351608944550321,-0.172739806978224,-0.762962333143182,-0.252302224261753
2.89780227745513,0.832176544161975,-0.206801798110987,-0.298337695637125,-0.805219392824768,-0.0829606639197765,-0.39832217549495,-0.195689264384731,-0.864326181311926,-0.285821997442883
-2.24819300868934,1.31569121557287,-0.890384394135711,-0.283139277153083,-0.764198558104297,-0.0787343428533956,-0.378030180205124,-0.185720134179438,-0.82029422959279,-0.271261174614897
1.34950122477368,-1.81484533478227,0.482650748979591,0.479131047780975,1.29318425736906,0.133235023296672,0.639706359907754,0.314277423387314,1.38810990006513,0.459030806754739
-1.59126584717815,1.46313142398911,0.115345209331049,-0.408916325311438,-1.10367332053106,-0.113709968038148,-0.545959973129135,-0.26822133463293,-1.18468799317413,-0.391761693532953
-2.77722697509557,0.0321309654173649,-0.172263087434753,0.0632816483778432,0.170798431538922,0.0175971311709442,0.0844897718906706,0.0415084630645391,0.183335818065958,0.060626891624293
-2.24136677740803,-1.29406122697579,-0.117011867862577,0.443253253257679,1.19634937413298,0.123258256373962,0.591804531290487,0.29074402710289,1.28416689323863,0.424658137647022
-2.38985528260051,-0.804213774005849,0.00706615975579818,0.292145372677136,0.788506189609302,0.0812387252191733,0.390054566041433,0.19162752112334,0.84638615249315,0.279889451394836
1.80036841012604,1.24281485407492,-0.432158090678284,-0.381483055274704,-1.02963037736559,-0.106081423844704,-0.509332755175211,-0.250226972835332,-1.1052099591258,-0.365479288885615
-2.16295184499868,-1.2165826263096,0.306465473314586,0.390078531268435,1.05282973856576,0.108471622621374,0.520808907023625,0.2558650212578,1.13011225960899,0.373714172218925
-3.81333320010014,-0.187654111498339,-0.316268273968722,0.16134621254689,0.43547664677147,0.0448665693594158,0.215419557532945,0.105832156332558,0.467442625585668,0.154577505371927
0.10624079195966,-1.63227017636813,-0.177275417869049,0.496299561369701,1.33952241808353,0.138009181261507,0.662628705232141,0.32553880216676,1.43784949384075,0.475479076345933
-1.64225358131803,-2.09305646136764,0.60789329732347,0.61979496264479,1.67283897004996,0.172350334359646,0.827512183313796,0.40654339724084,1.79563300613118,0.593793666770301
-3.67282129676712,0.426350496575806,-0.270632660536515,-0.0279222563551492,-0.0753627269949084,-0.00776451973463964,-0.0372800824661417,-0.0183151036091232,-0.0808946960507913,-0.0267508772818577
3.25754237911878,-0.677803907524858,0.327070567543181,0.108307132319277,0.292323111025154,0.0301176543757421,0.144605033818815,0.0710421222699206,0.313780965179235,0.103763491337211
-0.225070013927296,1.46874435896819,-0.568265151441665,-0.395020099640043,-1.06616713019269,-0.109845756024255,-0.527406585737783,-0.259106354464058,-1.14442867681937,-0.378448434644119
-0.700442505796142,-1.93962844615952,0.853612640727215,0.536796137966609,1.44882348628815,0.149270322344543,0.716697248115166,0.352101805770529,1.5551737606635,0.514276762933302
0.895219063373707,1.89808436325076,-0.251246815387026,-0.569015511063564,-1.53578421710334,-0.158229768711165,-0.759714577043898,-0.373235526089765,-1.64851780709277,-0.545144486689305
-1.62694438994312,-1.72228473424363,0.669436608799956,0.504765331955583,1.36237170180009,0.140363312028983,0.673931682382944,0.331091772651644,1.46237601955093,0.483589695601011
-0.0636415449566384,1.66336594705699,-0.826252949396198,-0.439363212596347,-1.1858500767757,-0.122176527981411,-0.586610787819094,-0.288192424651791,-1.27289689940571,-0.420931289822507
0.690885377324696,1.66977259679264,-0.493235544613234,-0.48022181790313,-1.29612826769131,-0.133538340694511,-0.641162689209668,-0.314992894499207,-1.39127001421818,-0.460075817491313
-2.10727364955529,1.39252137410424,-0.183654566594904,-0.356454802845306,-0.962078624706158,-0.099121658221187,-0.475916569080376,-0.233810139232442,-1.03269959867331,-0.341501007875573
-2.83448903332218,0.00408228727775518,-0.186548429132851,0.0738670336849966,0.199368597677799,0.0205406767093405,0.0986227284887067,0.0484517568362566,0.214003165149632,0.0707682046948114
-1.43603211025411,-1.94736135048158,-0.144462909678574,0.62213413283551,1.67915243706479,0.173000802318879,0.830635299744761,0.408077734002794,1.80240991051822,0.596034705385427
-1.167236068576,1.63942936735674,0.678080399946993,-0.508512967417258,-1.37248664468229,-0.141405440900314,-0.678935295174377,-0.333549966964338,-1.47323344553131,-0.487180112330135
-2.67737987244776,1.56298835126786,-0.498532910770271,-0.373631148535221,-1.008437924418,-0.103897994108303,-0.498849371345437,-0.245076655338291,-1.08246188314545,-0.357956780999974
0.28946418831034,-1.84318301365214,0.387972775826179,0.51732904355015,1.39628141005938,0.143856983363261,0.690705978785388,0.339332714094301,1.49877485558285,0.495626341307437
-1.13930517180562,1.25061646571481,-0.287915871153879,-0.328536872688456,-0.886727574206773,-0.0913583415000733,-0.438642262688607,-0.215497873315555,-0.95181743622625,-0.314754275301734
2.27461451622477,0.547897878568801,-0.27699970418065,-0.195097912663016,-0.526573158783708,-0.0542521196636617,-0.260482755424172,-0.127970979096318,-0.565226038479089,-0.186913272810508
2.49537799959185,0.444204118907913,-0.724172098829271,-0.139127194365106,-0.375507073394931,-0.0386879854025014,-0.185754088539396,-0.0912579895848441,-0.403071011074976,-0.133290607166272
2.05110249013087,1.34449949299588,0.590056701796113,-0.485746696385647,-1.31104002494553,-0.135074678856562,-0.648539167773002,-0.318616839518123,-1.40727636269791,-0.465368919323885
-2.6579012891869,0.46969697014614,-0.910237336541376,-0.0204655655269137,-0.0552369696769432,-0.00569099020484348,-0.0273243666577423,-0.0134240209056602,-0.0592916160409772,-0.0196070054278879
-2.6759609900684,1.53991032606023,-0.592667574125287,-0.360481058307887,-0.97294556852971,-0.10024126473143,-0.481292178191818,-0.236451089341059,-1.04436422590564,-0.345358356093245
-1.12990009935955,-1.35022534517199,-0.555041719432551,0.464765880165748,1.25441238336817,0.129240409608539,0.620526870022553,0.304854849155171,1.34649199307467,0.44526827871544
2.15009520999147,0.911805441585364,-0.79013280145752,-0.266538017293633,-0.719391426522733,-0.0741179247473848,-0.355865197234898,-0.174830835316893,-0.772198049495123,-0.255356361637901
1.17720875154792,1.21424993564701,-0.495404564572888,-0.354969257726964,-0.958069108792822,-0.0987085632248031,-0.473933160439808,-0.232835722537302,-1.02839576594255,-0.340077783525365
3.66413694461699,-0.502295398241741,-0.423233877496217,0.0971925324254146,0.262324584158098,0.0270269467652663,0.129765502394452,0.0637516996750969,0.281580409153098,0.0931151649979669
-2.03845391955797,0.740815588247145,-0.627168779499819,-0.133942243330109,-0.361512787103651,-0.0372461730316702,-0.17883146023497,-0.0878570138826533,-0.388049480125634,-0.12832317233273
1.88177545267472,-0.741332704627211,0.374409537802988,0.154470100849793,0.416917884111901,0.0429544851678439,0.206238995337192,0.101321894104519,0.447521564813465,0.14798985651412
0.184587578408481,1.60548781451748,-0.00408077903536348,-0.482600159436185,-1.30254745894063,-0.134199701278492,-0.64433810481209,-0.316552925001103,-1.39816040348237,-0.46235438415426
3.06031321380495,-0.297026119200739,0.045013669677263,0.0179793783264913,0.0485267008197087,0.0049996402889858,0.0240049621411756,0.0117932509711589,0.052088782740349,0.0172251173794329
2.5703926699052,1.60109887952076,-0.512483193166473,-0.499963877380048,-1.34941248010425,-0.139028140962127,-0.667521075007357,-0.32794234457868,-1.44846553167526,-0.478989668995322
0.737276564240558,-2.11578879318689,0.59126171211326,0.575133632584052,1.55229714915316,0.159931073744703,0.767883117290811,0.377248598246817,1.66624286392581,0.551005944155648
2.78285579068611,-0.243828886548874,-0.480949239075225,0.043437084113187,0.117237556658752,0.0120788267438798,0.0579945279934271,0.0284917768067304,0.125843329850416,0.0416148355567732
-2.60511675971635,0.14149270445712,0.710494057309622,-0.0322032776155353,-0.0869172887897106,-0.0089549705935492,-0.042995839230085,-0.0211231627766759,-0.0932974155603144,-0.0308523035033277
-2.99110340685975,0.199700349273697,0.0340012685848643,0.00422979088730013,0.0114162899957176,0.00117620490264514,0.00564735711496341,0.00277445552252231,0.0122542979275904,0.004052345036694
1.47352607136227,1.89989999859279,-1.02051241586797,-0.530854177114791,-1.43278601539775,-0.147618003430571,-0.708763906778103,-0.348204283046785,-1.53795906601491,-0.508584075940574
-2.25383848516915,-1.09184037323176,0.209852980505848,0.361349365027413,0.975289145689778,0.100482720313448,0.482451488016142,0.237020639571182,1.04687983235454,0.346190236088959
0.0416047034945013,1.52824171695366,-0.620273079367739,-0.415173300151213,-1.12056102045998,-0.1154498848989,-0.554313901803397,-0.272325485136119,-1.2028153275637,-0.397756179220841
-0.560328622814069,-1.82354025450051,-0.28166373907602,0.575047818044647,1.55206553399917,0.159907210748953,0.767768542986173,0.377192309737738,1.66599424715954,0.550923729660393
-3.50455204412585,0.482020988775822,-0.360329874275162,-0.0422388730246603,-0.114003561024647,-0.0117456325519493,-0.056394750109292,-0.0277058317185958,-0.122371944136519,-0.0404668911578949
0.238758997895716,1.75530235394619,0.106403193641771,-0.535867994906073,-1.44631840964987,-0.149012227689926,-0.715458048481831,-0.35149300696496,-1.55248479993558,-0.5133875568177
-2.9263509367565,0.557438162637574,-0.315207777558436,-0.0805194542469459,-0.217323613500617,-0.0223905576816872,-0.107504632013785,-0.0528152928733825,-0.233276161304246,-0.0771415465843968
2.97262473356046,0.243631360766953,-0.558650889315367,-0.100927512767914,-0.272405370621158,-0.0280655565469746,-0.134752218847691,-0.0662015930891832,-0.292401171476857,-0.0966934575084831
1.69410484618317,0.692603267215975,-0.123091215520878,-0.235730434717504,-0.636241146490665,-0.0655510639662798,-0.314732804336115,-0.154623153686452,-0.682944158374824,-0.225841201746722
2.62234451759992,1.10262784376478,0.248467259107243,-0.403373492334294,-1.08871310373763,-0.112168637155377,-0.538559522826848,-0.26458561268506,-1.16862962800323,-0.386451390422793
-1.94327396059347,0.990760949050542,0.271156687051319,-0.270695399186089,-0.730612283196695,-0.0752739944194712,-0.361415878305321,-0.177557795457025,-0.784242568400748,-0.259339335341901
-0.605830990748392,-1.97517345774214,0.613417060272074,0.561379580636036,1.51517468853078,0.156106396883947,0.749519551526505,0.368226874383634,1.62639544480431,0.537828894596693
2.03047962056603,0.418658769764165,-0.572081822132153,-0.131418394010504,-0.354700867435326,-0.0365443501703628,-0.175461771569046,-0.0862015401560878,-0.380737534379181,-0.125905202145511
3.10235402065211,-0.0030145495586855,0.675254358184291,-0.112803013903227,-0.304457585120051,-0.031367852813833,-0.150607658895952,-0.0739911152158006,-0.326806165205625,-0.108070764180647
1.64298701575849,1.37245976557913,-0.523172147229237,-0.410580350883672,-1.10816455875042,-0.114172694231555,-0.548181677914365,-0.269312822382919,-1.18950890883275,-0.393355910823652
2.19359161247258,-0.631549222825599,0.179162296873391,0.127908148696321,0.345226645297502,0.0355682338899042,0.170775107528552,0.0838990576559281,0.370567860978048,0.122542216703555
2.37448457631391,-1.62634812533627,-0.0642656802230291,0.436875717223268,1.17913627713436,0.121484814293647,0.583289636710709,0.286560796644882,1.26569027614527,0.418548148481133
-2.85131873404692,1.21508459372461,0.611419791975955,-0.340308077253378,-0.918498290181301,-0.094631635355065,-0.454358452359115,-0.223218983976119,-0.985920268150698,-0.32603166079561
1.3754701664993,1.38271507064457,-0.268871298169719,-0.424746887182498,-1.14640032286534,-0.118112073243933,-0.567095967460396,-0.278605107963112,-1.23055135301813,-0.406928140417804
-1.94428971953529,1.54755746804612,-0.27969617692359,-0.39986345547146,-1.07923944421415,-0.111192578840313,-0.533873137097799,-0.262283266914827,-1.15846055851492,-0.383088604687351
2.95766964237179,-0.861270003003875,0.0852730610416662,0.18582397936498,0.501542627782943,0.0516732579415125,0.248100769035293,0.121887908764994,0.538358151951661,0.178028394438917
-1.74066025374548,-1.31905915242474,-0.160751493026385,0.442576626951344,1.19452314623244,0.123070102585755,0.5909011413861,0.290300206204336,1.28220661185252,0.424009896793696
-2.9317538037578,0.337776953569164,0.808860834501443,-0.090108302031191,-0.243204104982694,-0.0250569896815316,-0.12030707289124,-0.0591049257177631,-0.261056399302124,-0.0863281283236426
-2.36765328136114,1.04935549793233,0.0885914190333808,-0.266580757230928,-0.71950678246622,-0.074129809714071,-0.355922260975259,-0.174858869812739,-0.772321873092784,-0.255397308572958
1.98640775624691,-0.989399533470147,0.409044136042948,0.223821373669696,0.604098353118374,0.0622394354807228,0.29883255715302,0.146811618536724,0.64844193686882,0.214431743048972
2.52750642710766,-0.293787578406911,-0.405907615689869,0.0589541974513485,0.159118555148949,0.0163937693189477,0.078712025086976,0.0386699491896556,0.170798585296482,0.0564809835284176
0.697771824456762,-2.02733741525563,0.103179827893785,0.582287529290984,1.57160565909652,0.161920403383899,0.777434560977758,0.381941068573352,1.68696870686362,0.557859724540017
1.58067530464775,-1.63857420806508,0.171067454629618,0.442306441656353,1.19379391073064,0.122994970439259,0.5905404065676,0.290122983002583,1.28142384712758,0.42375104616294
-1.41124537707222,2.17404909464571,-0.211957177539846,-0.603004255353776,-1.62752051607084,-0.167681235399254,-0.805094261763613,-0.395529833731004,-1.74698797023192,-0.577707353955733
2.64854648490224,-0.738335961676734,0.309683516988569,0.140972844111606,0.380488518884311,0.0392012169872865,0.18821828677173,0.0924686104567157,0.40841811746066,0.135058829234214
-2.5131032821597,0.532415843992732,0.0313063808914585,-0.105370898614866,-0.284398157674528,-0.0293011571609958,-0.140684754839637,-0.0691161523972541,-0.305274283984447,-0.10095043688708
1.24127424465056,1.63638380355534,0.108843009462221,-0.522708023553548,-1.41079938440755,-0.145352750605614,-0.697887662656485,-0.342860959620758,-1.5143585156891,-0.500779665313286
-2.94197314961751,-1.19533388620688,0.293750275262468,0.401797685987259,1.0844599709672,0.11173044264402,0.536455602935099,0.263551990754699,1.16406429582316,0.384941691433094
-1.12513966628242,-1.63954256644266,0.162157677083522,0.50295122544979,1.35747539214671,0.139858851874123,0.671509598749082,0.329901842003169,1.45712029836123,0.481851693489167
-2.60772747477581,0.776331339450195,-0.578966819747968,-0.135186539739403,-0.36487116793798,-0.0375921824623844,-0.180492768410097,-0.0886731878109637,-0.391654381482696,-0.129515268706458
-2.16471221557638,1.37688015364931,-0.163798451859716,-0.351850294828972,-0.949650965702989,-0.0978412533389167,-0.469768912659576,-0.230789894725137,-1.01935969262463,-0.337089665635834
-0.941626378911916,-2.1900549547993,1.01415824769997,0.606063429344518,1.63577728770712,0.168531919402749,0.809178683065479,0.397536444081046,1.75585082669309,0.58063819116922
-0.26301546221221,1.71974699764535,0.3268735289342,-0.528935152553632,-1.42760652981966,-0.147084368043557,-0.706201742997904,-0.346945533280325,-1.53239938249168,-0.506745557237662
-1.08399286366578,-1.68430441338068,0.623282807176101,0.484535556549291,1.30777113436308,0.134737889485345,0.646922128218493,0.31782241404957,1.40376752058677,0.464208588556864
-2.50391629693867,-0.723077169736824,0.161853224221937,0.260110014662386,0.702042119172367,0.072330449098934,0.347282922753299,0.170614502199198,0.75357522358684,0.249198023021966
-1.27359416748379,1.26375306080822,0.15362113886496,-0.359033947083265,-0.969039786462341,-0.0998388572927593,-0.479360084126589,-0.235501882669658,-1.04017174155987,-0.343971953279279
-0.923989426013672,-1.14843213240701,-0.269704590570736,0.3809452101916,1.02817872275545,0.105931861835502,0.508614657439946,0.249874182992799,1.10365174642383,0.364964007182311
2.69139812220947,0.404218135491571,-0.33917798478344,-0.157293351719084,-0.424537894536357,-0.0437395645257451,-0.210008426571226,-0.103173754911466,-0.455700918875744,-0.150694667922614
-3.06122935303715,-0.573979350888815,0.818005987508334,0.184047763791339,0.496748586511428,0.0511793343595823,0.245729275047817,0.120722831994349,0.533212206111081,0.176326693679772
-2.18926597566444,-0.872887503984465,0.129852924134379,0.299979207117907,0.809649865062101,0.0834171294763224,0.400513820847472,0.196765984419949,0.869081870487356,0.287394645140857
-0.547990508325837,1.31258476603362,-0.554820353119055,-0.342217147578458,-0.923650909077611,-0.0951625027042279,-0.456907325854418,-0.224471204439832,-0.991451112854748,-0.327860642857057
-1.57776243554542,1.18675299090945,0.280786826772196,-0.337862083331554,-0.911896503784922,-0.0939514622402834,-0.451092711440565,-0.221614578102335,-0.978833880420018,-0.323688279859534
2.26421641386046,-1.57983696422648,-0.29115644570461,0.440622587397056,1.18924915448929,0.1225267303565,0.588292227736738,0.289018488980702,1.27654548497922,0.422137832027304
-1.6103867888692,-0.849848937332346,-0.422750753722861,0.317300847461065,0.8564013179419,0.0882338683734273,0.423640611613531,0.208127803949495,0.919265093964656,0.303989617597474
-1.67855955842347,-1.23582223546262,0.160739148711424,0.394869343724345,1.06576023696841,0.109803834366218,0.527205305694437,0.259007468823135,1.14399191577029,0.378304003157313
2.26218999393762,1.10623917264919,-1.07245732962555,-0.308107054958637,-0.831587088547412,-0.0856772919129392,-0.411365624294895,-0.202097300536696,-0.8926293865713,-0.295181517999105
0.110121015679199,1.42281919553051,0.056584876432245,-0.430538598171445,-1.16203226637813,-0.119722611221202,-0.57482870440478,-0.282404076982215,-1.24733075272372,-0.412476880746905
-0.394836814390305,-1.40638511356576,-0.308639428249533,0.448791825132659,1.21129809012666,0.124798402344904,0.599199292430764,0.294376954057166,1.30021291339843,0.429964358414421
-0.755305277013352,-1.55497825481465,0.665084567510324,0.435910830808326,1.17653202944946,0.121216502180356,0.582001379606342,0.285927896694537,1.26289486476205,0.417623740448031
-3.44612382532742,0.876718930104645,-0.623417469481284,-0.143633657883165,-0.387670108341115,-0.0399411264264341,-0.191770841965303,-0.0942139235607443,-0.416126868449845,-0.137608018016364
3.50733763452248,0.46615710024413,-0.352435188280554,-0.192898584164515,-0.520637127286236,-0.0536405383748015,-0.257546347035416,-0.12652836898601,-0.558854275103695,-0.184806209326183
2.89452077788194,0.492909810891192,0.016546132014056,-0.212032667564267,-0.572280400136835,-0.0589612748608491,-0.283093000500091,-0.139079028054343,-0.614288400524868,-0.203137590229547
2.11009293525384,0.790858406985083,-0.517525306336169,-0.247826545494597,-0.668888790814224,-0.0689147065618682,-0.330882788834285,-0.162557380753636,-0.71798828920235,-0.237429863166847
1.85737762774545,-1.30514621659253,0.0750163142174438,0.343185967376299,0.926265773041441,0.0954319085983635,0.458200834570151,0.225106684422192,0.994257919800342,0.328788819261951
2.40225303757728,1.64467827627748,0.173112263011806,-0.555123216621381,-1.49828863723105,-0.154366649879228,-0.741166438388443,-0.364123124540235,-1.60826988006086,-0.531834994108927
-1.65857102067908,-1.58378259601763,0.194018727130042,0.495971444184799,1.33863682325503,0.137917939625264,0.66219062331082,0.325323579580127,1.43689889229896,0.475164724151908
-2.36167477108763,-0.70339667507435,0.12286421596423,0.253708232453615,0.684763581265402,0.0705502647304276,0.338735656170051,0.16641536789768,0.735028361922977,0.243064804843829
-0.347798784561869,-1.77550183706607,0.256938619420082,0.519987325209568,1.40345616529499,0.144596188681851,0.694255153258284,0.341076366304754,1.50647627068773,0.498173104203215
-2.18947053205176,-0.705227279533078,0.00436065435199781,0.258380534692652,0.697374218228244,0.0718495215841635,0.344973827274941,0.169480080810299,0.74856467735096,0.247541097240492
1.1247153376774,1.55217956999206,-0.732440539264221,-0.438727771656988,-1.18413500900233,-0.121999826870616,-0.585762386088219,-0.287775618556545,-1.27105593780884,-0.420322506550394
-0.191824889238727,-1.62035672707055,-0.264893804842157,0.505192612057172,1.36352493931918,0.140482128529298,0.67450216054276,0.331372039376195,1.46361390998167,0.483999050683824
-2.00247695069423,-0.8602173406099,0.857048899515453,0.243415243145479,0.656982597761625,0.0676880276105136,0.324993088758958,0.159663866040941,0.705208127091482,0.233203621336907
-2.92163402615596,-0.484162135812742,0.427216709981943,0.18032848706817,0.486710184430249,0.0501450913833583,0.240763525103021,0.118283239087908,0.522436939376804,0.172763445999023
-0.301784704268156,-1.57095728879614,-0.044003912847021,0.478108244671628,1.29042369137042,0.132950605919145,0.638340775988672,0.313606534019307,1.38514669588858,0.4580509117164
-1.29811416295915,1.87109232982379,-1.06771190938387,-0.457891078853474,-1.23585715746338,-0.127328689804024,-0.611348057372168,-0.300345446450571,-1.32657472867124,-0.438681885269916
2.28969045800518,0.643098765895575,-0.491232427962151,-0.209486851814844,-0.565409192636166,-0.0582533436544405,-0.279693983605649,-0.137409145841839,-0.606912814947847,-0.200698575136038
1.966146065017,0.691044720507288,0.0124925589587247,-0.250346392658237,-0.675689908583753,-0.0696154165181664,-0.334247134067269,-0.164210229337727,-0.725288640141202,-0.239843999094338
-1.4607221360166,1.61402609885142,0.0512897935249475,-0.452513782776025,-1.22134372806494,-0.125833390821689,-0.604168621775618,-0.29681830546516,-1.31099594713483,-0.433530174546884
0.289290011877759,2.0205427791737,-0.000299083839251932,-0.60894537052098,-1.64355570444159,-0.169333319148317,-0.813026473994497,-0.399426801743082,-1.76420021481348,-0.583399230741541
0.0416617983044804,-1.57613640834129,0.605714411055176,0.428591880017453,1.15677803524046,0.119181274900376,0.572229565839612,0.281127162099885,1.24169083697476,0.410611830237468
-2.24394600610981,-1.05444513677888,0.0533778824522172,0.360449162563931,0.972859481280404,0.100232395278681,0.48124959295265,0.236430167899475,1.04427181945826,0.34532779842192
2.44807072364679,0.974557716630994,-0.15532648900301,-0.33431112693676,-0.902312401628281,-0.0929640251702439,-0.446351692464597,-0.219285391898508,-0.968546261303825,-0.320286291225731
-0.462133985265245,-1.72160538812017,0.20677777599933,0.509795726782033,1.37594883780086,0.14176214597013,0.680647956726323,0.33439136997893,1.47694977946937,0.488409058082684
3.02253635378669,-1.1619364592698,0.292912082513758,0.260163497923299,0.702186471560645,0.072345321530071,0.347354330319795,0.17064958358562,0.753730172101041,0.249249262582664
1.43269684433319,-1.68859826153333,0.24372153180779,0.45563144830702,1.22975836953536,0.126700339940468,0.608331137391083,0.298863282292695,1.32002826179845,0.43651704949584
-1.03736975035048,-1.25442734783229,0.168125300407248,0.385762488651528,1.04118065343098,0.107271433150714,0.515046391894507,0.253033990459122,1.11760807831375,0.369579193837537
0.60196928077933,-1.87915273841301,0.232539547817997,0.531554975087046,1.43467748310687,0.147812878787933,0.709699569206864,0.348663958916373,1.5399893761101,0.509255474423444
1.82891418269871,1.55496771773887,-0.228748391007285,-0.488816354103547,-1.31932509237058,-0.135928278136866,-0.652637586303746,-0.320630326481096,-1.41616959198823,-0.468309800457
2.42109090027161,0.561750833840528,0.170612241606721,-0.23241602371436,-0.627295485065534,-0.0646294045804732,-0.310307606244947,-0.152449125192705,-0.673341844461633,-0.222665835082975
0.0487645653295515,-1.88825133257727,0.355258035824835,0.538274651917546,1.45281402494038,0.149681462139407,0.718671269172676,0.353071610497429,1.55945722311533,0.515693251083757
3.22058122664309,-0.269290053787043,-0.1296428458017,0.0178552359911298,0.0481916381797358,0.00496511923880425,0.0238392149164188,0.0117118220312658,0.0517291249692017,0.0171061829947436
0.0968252239216002,1.81737743467061,-0.246026342730075,-0.527662937657494,-1.42417279643232,-0.14673059514132,-0.704503159773131,-0.346111046720948,-1.52871359735937,-0.505526713598026
-2.56273273331046,-0.494999880802647,-0.839019142617721,0.260363675969592,0.702726756101452,0.0724009863148617,0.347621595757759,0.17078088678732,0.754310115999732,0.249441042870144
2.06496336476488,0.66839751685429,-0.256906724946245,-0.227748130791709,-0.614696748935588,-0.063331373853439,-0.304075322188596,-0.149387304492141,-0.659818303442145,-0.218193767025492
-2.42615587993668,-0.55147626429959,0.249404512480197,0.201358494308617,0.543470593553507,0.0559930394918913,0.268841499684142,0.132077495419144,0.583363822291415,0.192911213993497
-2.89582842588501,0.647718767831987,-0.0455463942874997,-0.126161779749842,-0.340513160668183,-0.0350826099497601,-0.168443462925301,-0.0827535582454327,-0.365508385005866,-0.120869110462357
0.101603680925789,2.01621996878778,-0.562681917502827,-0.565879385896998,-1.52731975270822,-0.157357686403905,-0.755527415256304,-0.371178440995127,-1.63943201227377,-0.542139926513212
-2.92591803251102,-0.739520021513729,0.510130308759615,0.251029056182012,0.677532431054619,0.0698052491138939,0.33515858449374,0.164658010240856,0.727266412193658,0.240498023895093
-1.64938899758611,-1.40792013233543,-0.681590444332936,0.501913135773693,1.35467356739943,0.139570183663579,0.670123605144557,0.329220925685682,1.45411280685506,0.480857153177682
2.43284029961686,-0.959148247682151,-0.0918866656033241,0.238459506688902,0.64360696619069,0.0663099543979716,0.318376493687566,0.156413239533282,0.690850662950206,0.228455785198419
0.555680034805336,-1.47020600598587,0.358250467154454,0.402207299724563,1.08556552661661,0.111844346545854,0.537002494049904,0.263820669544228,1.16525100431677,0.385334121281176
3.59832246948052,-0.444038257809607,0.230164317069434,0.0375504695668947,0.10134946655121,0.0104418983297305,0.0501350816456502,0.0246305575001311,0.108788981217783,0.0359751730119364
-2.77143689735445,0.696445475931136,0.0984137122482201,-0.15307360709795,-0.41314871961346,-0.0425661532523437,-0.204374482614081,-0.100405889057177,-0.443475726391409,-0.146651947696678
1.5244540500926,1.14939017634629,-0.269456850683525,-0.358414819155243,-0.967368747832047,-0.0996666924449673,-0.478533462526953,-0.235095776801823,-1.03837804104667,-0.343378798664064
-1.91272843740332,0.771973318688262,0.0585993470096169,-0.191898901198078,-0.517938963014594,-0.0533625501627258,-0.256211631711742,-0.125872644861365,-0.555958053226476,-0.183848464507291
0.850317704425788,-1.74844002972519,0.173387093164594,0.491046404340707,1.32534404245363,0.136548402415342,0.655615012471872,0.322093087965255,1.42263036055287,0.470446296858575
0.591400531082069,1.5830116682701,0.314817792375109,-0.506220934578942,-1.36630040232207,-0.140768080725005,-0.675875113642459,-0.332046549103857,-1.46659310467076,-0.484984233587246
1.25040761440645,1.62331826026916,-0.259848832841927,-0.494342396259569,-1.3342399904028,-0.137464939889023,-0.660015618532501,-0.32425503479079,-1.43217931179344,-0.473604017145289
-1.769144430482,-1.40214119024096,0.216742403051826,0.442722994483828,1.19491819512288,0.123110803938111,0.591096562329594,0.290396213363943,1.28263065913944,0.424150123996317
2.80762305577806,-0.672026409759587,0.093888544329205,0.132124204701767,0.356605864573064,0.0367406194464387,0.176404126672483,0.0866645040288668,0.38278236702497,0.126581403056571
-2.45465757780739,1.05901838775686,-0.57449665514843,-0.223170636931367,-0.602342001678415,-0.0620584809696493,-0.297963733410407,-0.146384779436288,-0.646556661195297,-0.213808305658797
-0.648132149463398,-1.19928933010837,-0.220049201320101,0.386696923321883,1.04370271124969,0.107531277353361,0.516293991699013,0.253646916133388,1.12031526671845,0.370474427620819
-2.20715442451635,0.993154627261138,-0.289980034223157,-0.228033021696616,-0.615465675171949,-0.0634105952825827,-0.304455691034641,-0.149574173575152,-0.660643672383214,-0.218466706344542
-1.82768867380211,1.53165916240275,-0.126525735638367,-0.407946740934418,-1.10105639295277,-0.113440349532608,-0.544665443594221,-0.267585353138561,-1.18187897113533,-0.390832784624082
1.81336050868536,1.28547225706989,-1.0110353242733,-0.355756147011515,-0.960192938671487,-0.0989273785419162,-0.474983766703379,-0.233351868460186,-1.03067549465393,-0.340831661665357
2.72863620286096,0.09216887882693,0.408261158207012,-0.115069519386206,-0.310574928638916,-0.0319981144347933,-0.153633757870215,-0.0754777888650725,-0.333372549734549,-0.110242186477709
2.31438211163885,1.3113313418638,-0.388013252147834,-0.416222663683394,-1.12339327356976,-0.115741688102438,-0.555714947568435,-0.273013796337444,-1.20585548101344,-0.398761520433829
-3.64918749061574,0.952635577757165,-0.524522664922626,-0.168406600275985,-0.454532774117993,-0.0468298963613419,-0.22484615377344,-0.11046329112103,-0.487897559889018,-0.161341699615438
-0.385306055945841,-2.38287923927921,0.499215681345211,0.685738900959167,1.85082297524441,0.190687785456338,0.915556481282888,0.449798141673366,1.98668185184346,0.656971161414461
2.60063185420926,0.502756914082392,-0.246204843673138,-0.190896697434341,-0.515233995060749,-0.0530838609764836,-0.254873550774272,-0.125215267264913,-0.553054528245642,-0.182888304642195
0.441522791826696,1.76483379997065,-0.0621068564884237,-0.5319129032248,-1.4356435382919,-0.14791241014578,-0.710177452882263,-0.348898735463232,-1.54102634416682,-0.509598386957696
2.36275196094065,0.207594165161773,0.0824988000156464,-0.119613145615911,-0.322838266485285,-0.0332615895307398,-0.159700128667196,-0.0784580990556141,-0.346536072701508,-0.114595201009897
1.35019396936443,-1.47261974467297,0.90657682217206,0.348688697187667,0.941117750590327,0.0969620877383054,0.46554774158753,0.228716101417235,1.01020010047079,0.334060701592191
-2.46212262151287,1.43776364813407,-0.381849087426538,-0.348847980285138,-0.941547658848346,-0.0970063806041102,-0.465760406600474,-0.22882058031021,-1.0106615659624,-0.334213302533151
-0.769426618424014,1.85289934465454,0.292783813605819,-0.555178958906421,-1.49843908677052,-0.154382150491597,-0.741240862065266,-0.364159687693045,-1.60843137328505,-0.531888397924419
0.72813890142496,-1.86782253241777,0.401187076553303,0.514104496864269,1.38757829421947,0.142960313120736,0.686400762013628,0.337217630488836,1.48943289121084,0.492537069022759
-0.66249500110979,1.92102302568927,-0.185083716499339,-0.545880474509514,-1.47334229186407,-0.151796461688955,-0.728826096556427,-0.358060513508443,-1.581492358778,-0.522979998408093
-0.828194360890417,2.28093296315121,-0.322108759575729,-0.640386023970427,-1.7284146553915,-0.178076221980852,-0.855004104257484,-0.420049734866428,-1.85528820111664,-0.613520903266494
2.81908020664229,-0.832168955601054,0.22857513869912,0.17061716194356,0.460499124162915,0.0474446013290999,0.22779755999991,0.111913269427261,0.494301867331996,0.163459525021134
1.33328934095033,1.39772425273089,-0.227980928109776,-0.431027570003065,-1.16335201110742,-0.119858582733963,-0.575481549575119,-0.282724809291386,-1.2487473727559,-0.412945339502372
2.949987682042,0.29786528917952,0.590516736801461,-0.193497578595327,-0.522253825205866,-0.0538071045727413,-0.258346087625625,-0.1269212686472,-0.560589646049379,-0.185380075073541
2.89599358815414,-0.583323013563078,0.0650927431897327,0.105645776770502,0.285140059300835,0.0293775942811521,0.141051755277564,0.0692964537968372,0.306070644585407,0.101213783506184
-1.10444563607503,1.73532380655706,-0.22145344219585,-0.478305886688631,-1.29095713111758,-0.133005565494112,-0.638604655476023,-0.313736173758048,-1.38571929255444,-0.458240262364691
-2.46258043862236,0.93916408839998,0.114037200007997,-0.233325095269627,-0.629749087330587,-0.0648821959001032,-0.311521342775294,-0.153045414386209,-0.675975552361751,-0.22353676977056
1.05525311449582,-1.97440543786883,0.212495229048711,0.551291873940752,1.4879477668948,0.153301244008171,0.736051064857264,0.361610023977542,1.59716994251735,0.528164381799855
-2.15188295933264,1.67645500107409,-0.213358723238293,-0.438158016815565,-1.18259722931784,-0.121841391511601,-0.585001684402668,-0.287401898079957,-1.26940527805792,-0.419776653749324
2.92534350288086,1.34876220301047,-0.380357768865675,-0.441391249257669,-1.19132378818709,-0.122740477057701,-0.589318497862897,-0.289522678951544,-1.27877240628491,-0.422874247410179
0.80228433360838,-1.79302120844023,0.275781413885237,0.498550796441303,1.34559854645742,0.138635196541878,0.665634416090624,0.327015459463379,1.44437163784444,0.47763586884748
2.08166141173356,1.30680428594929,0.111626729360792,-0.443166002747445,-1.19611388326508,-0.123233994068654,-0.591688039765756,-0.290686796694481,-1.2839141162633,-0.424574547421993
0.869326449335872,1.64664707948627,0.373590733668123,-0.535269555719507,-1.44470321034554,-0.148845815892292,-0.714659049219651,-0.351100471506281,-1.55075103761042,-0.512814223021288
1.78842517717667,1.30650493956069,-0.0998096665762091,-0.422452219031517,-1.14020696774365,-0.11747398025044,-0.564032267420797,-0.277099961516521,-1.22390337728687,-0.404729736917432
0.520487301536795,2.05320368829429,0.351097629892399,-0.647305396704904,-1.74709018045407,-0.180000336044731,-0.864242425934438,-0.424588373396573,-1.8753345951866,-0.620149998298538
0.187670644648928,1.8199696486067,-0.879927950441328,-0.488025101211416,-1.31718948502799,-0.13570824940359,-0.651581154019226,-0.320111318328027,-1.41387722129318,-0.467551741769081
-0.347132157508569,-1.75803437733637,0.32768900831101,0.510029135285323,1.3765788120081,0.14182705135983,0.680959589430366,0.334544470103312,1.47762599666648,0.488632674761388
2.3139766983113,0.90610768853509,-0.0011334207935068,-0.321253833183835,-0.867070505275857,-0.0893331003002745,-0.428918395466595,-0.210720694085487,-0.930717448476027,-0.307776769846982
-1.45730662162072,-1.68432173553877,0.967606780997455,0.46974530890364,1.26785196087907,0.130625071084705,0.627175097573427,0.308121016190126,1.36091809708055,0.450038813209746
2.55822256919829,-1.07417441778652,0.515906189277043,0.229323796714123,0.618949502697164,0.0637695293160267,0.306179054594012,0.150420834313489,0.664383228792376,0.219703331481587
-1.67815291123368,-1.06971724266801,0.0364291748082432,0.353641868407691,0.954486458536627,0.0983394476191746,0.472160911712565,0.231965045303954,1.02455013276169,0.338806080109513
-1.32293005092295,1.24842009448419,0.494257427914846,-0.376165204049315,-1.01527739080888,-0.104602655071141,-0.502232686695658,-0.246738823635206,-1.08980339766996,-0.360384529217049
1.74378967074294,-1.67425470450647,0.238866363948956,0.444808022930776,1.20054572850074,0.12369060108336,0.593880364306691,0.29176385040402,1.28867127922142,0.426147682481708
2.19739749127094,-1.12151520975076,1.02071770288515,0.217631803722536,0.58739258033946,0.060518262327938,0.290568623353217,0.142751681064756,0.630509883914643,0.20850183452088
-2.99059465793431,0.165042820627324,-0.0330550594339165,0.0190413421128139,0.0513929622668196,0.00529494732547657,0.0254228309919808,0.0124898270833559,0.0551654408950069,0.018242530247661
-2.68161377192159,-0.616297232799207,0.0315611515753537,0.240908592457434,0.65021709754302,0.0669909872822673,0.321646362650025,0.158019673448499,0.697946008194794,0.230802128273758
-2.43214188930303,-0.758042752684109,-0.0108543389521075,0.28050909579474,0.757099646141925,0.0780029515645689,0.374518523529073,0.183994913857837,0.812674225004498,0.268741333171886
2.19266120013511,1.40799142655827,0.462130062340046,-0.499247833545845,-1.34747986350955,-0.138829026090793,-0.666565057239705,-0.327472668459197,-1.44639105217797,-0.478303664236482
-2.06105740230649,1.35616113154581,-0.596428354875422,-0.319011390212994,-0.861018106957338,-0.0887095298953818,-0.425924423281279,-0.209249803809783,-0.924220776422374,-0.305628400604842
1.41039166952664,-2.06034394583969,0.681788597085025,0.537674811366583,1.45119504332558,0.149514660655445,0.717870398894787,0.352678155838891,1.55771940084081,0.515118574712213
-3.07141052396739,-0.133934522135034,-0.0766034122119288,0.112902732700394,0.30472672814315,0.0313955822551314,0.150740797311935,0.074056523973555,0.327095064558342,0.108166299629924
2.86286107107528,-0.760174894934092,-0.0749300277327949,0.168488740055599,0.454754471021987,0.0468527374932224,0.224955821764408,0.110517169237286,0.488135530360352,0.161420393512395
-1.9034202219956,-1.0410423229988,0.511952944638749,0.318245986561743,0.858952267231622,0.0884966892252185,0.424902503316231,0.208747751002977,0.922003294606559,0.304895106744731
0.484804879502024,-1.41305865062962,0.415964477489306,0.382867950193488,1.03336823638219,0.106466530398792,0.511181781848504,0.251135369836013,1.10922219410038,0.366806085457835
-0.0536058658131039,2.09104278794404,-0.552181292946457,-0.585468150066761,-1.58019021802866,-0.162804858868722,-0.781681130571072,-0.384027339765363,-1.69618341170827,-0.560906913670105
-1.9832149960336,-0.441480088913811,0.289368386358867,0.156098069430025,0.421311803790448,0.0434071847637437,0.208412559040333,0.102389730916849,0.452238018305012,0.149549529455826
1.4244651604398,-2.04254347120818,-0.0359269007832302,0.58008110115404,1.56565046553324,0.161306847853341,0.774488673587619,0.380493801582454,1.68057637483909,0.555745859257359
1.78350333000979,1.57708761585631,-0.273327133890724,-0.491427159298211,-1.32637170768059,-0.136654281372401,-0.656123373115604,-0.322342837355407,-1.42373346111055,-0.470811078594446
-2.6936046440138,-0.362751326212246,0.210574609539189,0.153581093933469,0.414518436707675,0.0427072733502089,0.205052047880942,0.100738765951314,0.444945986988794,0.147138144724828
-2.23689251200388,-1.07029460605353,-0.185624046693567,0.381012810579159,1.02836117755021,0.105950659905994,0.508704913327253,0.249918524255425,1.10384759423552,0.365028771635757
1.24031456695363,1.96593181138753,-0.879159725151812,-0.5548544326563,-1.49756318394664,-0.154291907409469,-0.740807574539606,-0.363946820515721,-1.60749117518536,-0.531577486020262
-1.64551949837732,-1.09361807219708,-0.65843807974596,0.406545736175188,1.09727505315539,0.113050763212541,0.542794908050988,0.266666389176773,1.17782006369167,0.389490554042543
3.10547716984921,0.720185088912778,0.566609754000565,-0.321278234597311,-0.867136365177674,-0.0893398857567962,-0.428950974735802,-0.210736699755313,-0.930788142796042,-0.30780014758584
0.652686962055072,-1.83875794854518,0.0102195641805974,0.53326456343562,1.43929169616862,0.148288274912865,0.711982106613847,0.349785332752886,1.54494229352734,0.51089334306606
-1.64749288145795,1.903175544706,-0.327813549098608,-0.509252837232821,-1.37448356807605,-0.141611181214096,-0.679923123929603,-0.334035271309264,-1.47537695224101,-0.487888943535928
-3.31894110944873,0.360284257072009,-0.509384035792319,-5.93898026279713e-05,-0.000160294262211636,-1.6514900825921e-05,-7.92936183758721e-05,-3.89556765979661e-05,-0.000172060594638151,-5.6898314437307e-05
-2.54943824708048,1.42478216074238,0.216931317758916,-0.383115312618153,-1.03403587250163,-0.106535316044318,-0.5115120449717,-0.251297622785027,-1.10993883776639,-0.367043070670712
-1.43635313584967,1.66593231413554,-0.594690331443921,-0.425306203316924,-1.14790992827138,-0.118267605845182,-0.567842732025224,-0.278971981356937,-1.23217177036962,-0.407463992430746
2.95020014066562,-0.232929093942638,0.0920107188922259,-0.00184881798224727,-0.00498999662087423,-0.000514112596286235,-0.00246842826619754,-0.00121269901932637,-0.0053562852093631,-0.00177125739161363
1.7129285555442,-1.00682458748023,-0.0227736601346449,0.263952859431091,0.712414033873821,0.0733990534289084,0.352413653166334,0.173135147350413,0.764708484294026,0.252879654889869
-1.02972662888098,1.72915058428228,-0.167135584350355,-0.481749757729754,-1.30025220776814,-0.13396322465755,-0.643202700662015,-0.315995119243411,-1.3956966703697,-0.461539658030423
1.94720926524999,1.94935917029476,-0.50926426374756,-0.590275731072553,-1.593165975082,-0.164141733551074,-0.788099917580222,-0.387180786360452,-1.71011164871234,-0.565512809693434
-3.76547872669964,-0.33170814970147,0.176339334183322,0.170287168126084,0.459608464265658,0.0473528378456796,0.227356972513987,0.111696815897124,0.493345828922212,0.163143374921987
1.82138992708836,1.3676594557156,-0.895011063662936,-0.388207472182382,-1.04777971276197,-0.107951325299641,-0.518310783801065,-0.254637733585057,-1.12469153879997,-0.371921606770007
-1.43191824563244,-1.19985086131493,0.0363140521017013,0.387020396668332,1.04457577226555,0.107621227647857,0.51672587345233,0.253859092677419,1.12125241440841,0.370784330792136
0.189172160324233,1.45023306442996,0.218754191886702,-0.451311494118283,-1.21809872699017,-0.125499062754106,-0.6025633997714,-0.296029685768581,-1.30751274813056,-0.432378323638722
2.60912478651331,1.08305082555793,-0.481915606967864,-0.348369880818718,-0.940257258849651,-0.0968734324392154,-0.465122077544668,-0.228506979534127,-1.00927644469834,-0.333755260031425
3.71906631809148,0.196362267444451,0.0975750944995938,-0.14722748181102,-0.397369910824761,-0.0409404839445274,-0.196569095039665,-0.096571227954573,-0.426538680826543,-0.141051075828162
1.89395964483109,-1.3543005223922,-0.580518916537181,0.400901956160327,1.08204237829311,0.111481361343796,0.535259679461341,0.262964452828774,1.16146924078278,0.384083538769026
1.73907334609103,1.32372865161918,-0.0938958644023512,-0.426894509599169,-1.15219679861633,-0.118709276293168,-0.569963341063063,-0.280013802395765,-1.23677331661659,-0.40898566696528
-2.40013467921031,1.05016000175398,0.158096484200193,-0.270754210939754,-0.730771017293222,-0.0752903485785388,-0.361494400148208,-0.177596371972766,-0.7844129543064,-0.259395679857366
2.61355139166836,1.0361095345879,-0.441373849689626,-0.337181418786812,-0.91005937659835,-0.0937621855133923,-0.450183929928175,-0.221168108393675,-0.976861899690413,-0.323036170177748
2.10874523956831,1.12266596740673,0.165964617769063,-0.392485531164943,-1.05932627930982,-0.109140952419081,-0.524022585513518,-0.257443849699563,-1.13708567617482,-0.376020194985494
-2.53679420888953,1.61128908952425,-0.459655595523791,-0.393742025019528,-1.06271758129235,-0.109490353671125,-0.525700178968764,-0.258268024323499,-1.14072591524302,-0.377223977104026
1.43242871285577,1.52495160317018,-0.198493746389866,-0.473132621964893,-1.27699438641355,-0.131567002810314,-0.631697630016937,-0.310342863482275,-1.3707316184892,-0.453284023584735
-0.496192072910238,-1.82867152673968,0.904513524737353,0.495788993633902,1.33814438557799,0.13786720443807,0.661947026536371,0.325203904411303,1.4363703074428,0.474989927665729
1.99486121757205,1.2305321042193,-0.378063289590215,-0.385735274644909,-1.04110720228415,-0.107263865578496,-0.515010057423607,-0.253016139919233,-1.1175292355166,-0.369553121497889
-0.133716694817695,-1.9729150816225,-0.0113905897823715,0.592087869523332,1.59805697291563,0.164645646436337,0.790519373587854,0.388369426098514,1.71536166817041,0.56724892631302
1.56095528905275,-1.42525756011134,-0.178387134354663,0.402509251187253,1.08638049963881,0.111928312113004,0.537405641105309,0.264018729194342,1.1661258000885,0.385623405442913
2.8481677154587,0.927591522236585,-0.104226798469807,-0.332560373137061,-0.897587082192639,-0.0924771819060266,-0.444014193474526,-0.218137016322133,-0.963474081796375,-0.318608984082255
2.96841422072969,0.354014362881231,0.277085303261044,-0.18967645024202,-0.511940523542849,-0.0527445390647655,-0.253244351637204,-0.124414867989444,-0.54951930084589,-0.181719248585975
-2.95423032238963,0.143200258433463,0.1806017403572,0.0104554439849563,0.0282194519177356,0.00290741192699643,0.0139594669220712,0.006858061090344,0.030290888833672,0.0100168229748856
-2.354842644126,-1.01951243566344,0.235477544007465,0.340295460545623,0.918464237435349,0.0946281269467509,0.454341607305494,0.223210708272795,0.985883715777352,0.32601957337701
-1.30860572641426,-1.89091946909891,0.0333334163975191,0.590590283974496,1.59401495964016,0.164229203280729,0.788519889303683,0.387387111698789,1.71102295262242,0.565814166645805
-3.27577153226846,0.413841503434437,-0.520591298010597,-0.0162349958299014,-0.0438185776582738,-0.00451456873361938,-0.0216759697238643,-0.0106490545368657,-0.0470350617923306,-0.0155539142536765
-2.8103139514594,-0.390000076790788,-0.0460921147537009,0.181459712066981,0.489763383271735,0.0504596583265118,0.242273867272617,0.119025245851077,0.525714256986096,0.173847214471616
-2.67701885551949,-0.470992387635574,0.260083605796757,0.182182091872859,0.4917131007804,0.050660535081861,0.243238344440668,0.119499077937622,0.5278070926827,0.174539289398948
-0.64322799456429,-1.93311154857343,0.401453954893217,0.563845039868743,1.5218290121896,0.156791982841751,0.752811281333121,0.369844048179217,1.63353822627293,0.540190924245683
1.89554356429369,1.71105539419488,0.314367640217507,-0.573179546673424,-1.54702303229333,-0.159387688624845,-0.76527414174931,-0.375966850616573,-1.66058160275168,-0.549133834977632
2.93603515525737,0.176954690323331,-0.203589632148239,-0.103993549781569,-0.280680665693213,-0.0289181489949798,-0.138845803236413,-0.0682127051161006,-0.301283911078752,-0.0996308698311378
-3.00715184223306,0.0410945394657848,-0.508001575825549,0.0881523498217761,0.2379249509452,0.0245130855880784,0.117695605582174,0.0578219539222792,0.255389731198445,0.0844542311407744
3.27504662795401,-0.725761255704357,0.459973147622099,0.113329490002934,0.305878554617176,0.0315142533773834,0.151310577462556,0.0743364477774395,0.328331440366848,0.108575153845865
3.14927300632428,0.19492112391024,0.200222889540226,-0.141082054204455,-0.380783279103822,-0.0392315857336502,-0.188364097383013,-0.0925402448597616,-0.408734514429241,-0.13516345780558
-2.21814233140839,-1.16015878929171,0.528293936215596,0.359626890382018,0.970640152255815,0.100003740813852,0.480151745616768,0.235890813199229,1.04188958152659,0.344540021748328
-3.26537268640842,0.25105035475469,-0.890154434360212,0.0568128918639463,0.15333912864618,0.0157983228306766,0.0758530853269432,0.0372653981679458,0.164594922439099,0.0544295088100792
2.56575590902844,-1.23844626849909,0.673531377114907,0.267599948468716,0.722257599951457,0.0744132227154603,0.357283022545178,0.175527390038332,0.775274613170441,0.256373743262978
3.57134998873293,0.212609349665732,0.0769624304575742,-0.14743106050406,-0.397919373778986,-0.0409970943688267,-0.196840900812391,-0.0967047617495574,-0.427128476876202,-0.141246114100336
-1.64549560959213,-1.56910399852778,-0.187001954735262,0.51680099411757,1.39485619410543,0.143710145293013,0.690000959601322,0.338986349533163,1.49724502225545,0.495120444312937
-1.93401262503671,-1.79309097019668,0.232322208023188,0.561912673941803,1.51661351799908,0.156254637536149,0.750231304980393,0.368576547382989,1.62793989094033,0.538339623866597
1.83662189575363,-1.04755223736748,0.260183269650016,0.254433051789476,0.686719883114159,0.0707518198614225,0.339703390448766,0.166890800150193,0.73712826528037,0.243759216959329
-2.8212165887821,-0.313498267256878,-0.0448165205906755,0.158800402289661,0.428605454094341,0.0441586396802565,0.212020547971343,0.104162277722561,0.460067055920304,0.152138495540206
-0.989789445488366,-1.66963883139187,0.565873119589687,0.481922913922198,1.30071955978628,0.134011375303268,0.643433888179661,0.316108697944389,1.39619832816479,0.46170555006994
-2.21308773664177,0.868189692776204,0.00893730546479353,-0.21063626186887,-0.568511473304495,-0.0585729674317656,-0.281228605344539,-0.138163080766047,-0.610242817214693,-0.201799765774455
1.4007857846669,-1.60036838250479,0.237628283564343,0.430431604768713,1.16174348904947,0.119692858883984,0.574685853382053,0.282333896577322,1.24702077781756,0.412374375872298
-1.05095655770726,-1.58914767005666,0.551182184939524,0.46025239997716,1.24223041028823,0.127985317414325,0.614500748368927,0.301894312719996,1.33341580742036,0.440944145554305
2.34189907935755,1.13500084463394,-0.391628367823954,-0.364002342118035,-0.982449583788378,-0.101220450556795,-0.485993580154442,-0.238760812344805,-1.05456587937903,-0.348731916950281
2.32639524717395,1.7423321050065,-0.58775898126453,-0.531657242154121,-1.4349535039613,-0.147841316842881,-0.709836109916385,-0.348731039166101,-1.54028565815844,-0.509353451239018
1.38493911522535,1.32373957418063,-0.22172260047755,-0.41052298969849,-1.10800973976717,-0.114156743441308,-0.548105092781461,-0.269275197341576,-1.18934272542761,-0.393300956023222
1.95841032321209,1.10645088222338,-0.139581418776462,-0.363884041667944,-0.982130288513304,-0.101187553996873,-0.48583563265625,-0.238683215284852,-1.05422314636952,-0.348618579375319
0.246263350292934,1.57009962857942,-0.265817549947184,-0.455894656832645,-1.23046877459744,-0.126773532012253,-0.608682557255449,-0.299035929207626,-1.32079081384323,-0.436769216042805
-2.7174603638269,0.996219078410141,-0.773861702725062,-0.185297700107451,-0.500122189566784,-0.0515269121151207,-0.247398113280279,-0.121542705318453,-0.536833447069857,-0.177524193358063
-1.32516127858527,-1.53777644337961,0.217254434818145,0.473332868949711,1.27753485702081,0.131622686765279,0.631964987497387,0.310474211902965,1.37131176211248,0.45347586991867
-1.52792961826215,1.51728847424105,-0.16710107475919,-0.407566346998134,-1.10002970212929,-0.113334570967021,-0.544157564963857,-0.267335840553807,-1.1807769165068,-0.390468348764069
-3.32714484215221,-0.210511724623625,0.634873731608867,0.0937798121007818,0.253113583912845,0.0260779498800439,0.125209047732695,0.0615131869439048,0.271693279336076,0.0898456132310762
1.2834696191371,-1.65428654583561,0.928945490297456,0.402843127521169,1.0872816385254,0.112021155232509,0.537851412288826,0.264237729391552,1.16709308669339,0.385943275181315
2.62658104660809,-1.42566390134444,-0.257668224773333,0.384400411930387,1.03750438118508,0.106892671798233,0.513227830677838,0.252140560646216,1.11366195086069,0.368274258206538
-0.807366137383398,-1.78010654171534,-0.565948419081725,0.586573597849813,1.58317384365052,0.163112257777246,0.783157056584715,0.384752438425856,1.69938604910521,0.561965986318454
1.67121732409866,-1.70389416390655,0.155356797237074,0.460838069710908,1.24381114458464,0.128148178328852,0.615282698641653,0.302278472284964,1.33511257484829,0.441505245594929
-1.43834618373343,2.1419143844941,-0.21307173763408,-0.592747763442232,-1.59983803976865,-0.164829147342958,-0.791400423435781,-0.388802271687422,-1.71727347348142,-0.567881136726784
0.582633390648316,-1.25455005872256,0.225350023510455,0.346191020385736,0.934376471069385,0.0962675428357488,0.462212996860405,0.22707779508455,1.00296398018182,0.331667805947642
2.50583415632401,-0.941470589274181,0.0796900466670326,0.220094478407963,0.59403938844961,0.061203073968938,0.293856635403256,0.144367028386458,0.637644598158926,0.210861196438379
3.11526323232157,0.379008683946914,-0.0374325692975502,-0.179327798968122,-0.484009307282938,-0.0498668236673752,-0.239427467786657,-0.117626855663886,-0.519537805486426,-0.171804738213329
-2.7609344951435,0.722606185103599,-0.595938515811488,-0.114645021888502,-0.309429201423228,-0.0318800717108705,-0.153066994872275,-0.0751993473396678,-0.332142720897855,-0.10983549726452
0.101426575226327,1.78533109124716,-0.569491528205637,-0.496562994375298,-1.34023342902153,-0.138082435755868,-0.662980424808384,-0.325711596325306,-1.43861269623552,-0.47573145795561
-2.58077358189709,0.182168300835897,-0.535912047863853,0.0385313971859545,0.103997009766081,0.010714671122859,0.0514447559809452,0.0252739793908129,0.111630866220999,0.0369149492974233
-2.18910657883017,-1.1869107057298,0.158479582797027,0.39170968971275,1.05723226775111,0.108925209243104,0.522986729637455,0.256934950404304,1.13483795458454,0.375276901205299
0.645454028239751,1.67324445739003,-0.306545482164592,-0.492746124449675,-1.3299316209398,-0.137021054416011,-0.657884374411171,-0.323207988906866,-1.42755468829478,-0.472074711248523
2.52637245894383,-1.54003780527754,-0.314978925807058,0.424557660323075,1.14588959579638,0.118059453725452,0.566843323374819,0.278480987996162,1.230003136245,0.406746851899052
-0.212550058972465,1.84347440721563,0.668427197769747,-0.589803246065098,-1.59189072862007,-0.164010346634557,-0.78746908460534,-0.3868708682881,-1.70874279332399,-0.565060146115992
-0.707818408779274,-2.05757500854745,-0.390938932106024,0.655412336298821,1.76897097216409,0.182254684391937,0.87506631397433,0.42990597512356,1.89882153714468,0.627916840041195
1.48850451788856,-1.27905179461194,0.821562451400437,0.293595930005452,0.792421272779295,0.0816420909378557,0.391991261132748,0.192578988204695,0.85058862068504,0.281279155743457
2.75841947232157,-0.822426512421045,-0.0353506756192952,0.186711951806512,0.503939283119066,0.0519201820961508,0.24928633532431,0.122470358373,0.54093073275765,0.178879115151131
2.76359174481003,-0.561638359254512,0.0786082832478008,0.101198671805607,0.273137234273936,0.0281409594683078,0.135114253747667,0.0663794550000092,0.293186757271093,0.0969532410320255
-1.21975641802244,-1.66032659278138,0.223972815717999,0.507102880354976,1.36868079156777,0.141013329006369,0.677052633497695,0.332625045628644,1.46914822538085,0.485829180461303
-1.64947102578056,-1.04880738687994,0.25111243695642,0.332407120660558,0.897173450700931,0.092434566013419,0.443809580176463,0.218036493106895,0.963030087860208,0.318462160768983
-2.85185288972414,-1.08668173253577,-0.48637414337125,0.419606264255089,1.13252567902085,0.116682587472421,0.560232523323806,0.275233208488607,1.21565824681872,0.40200317406357
-3.51820381951146,0.301344352903987,0.0104212845117929,-0.0128637602759626,-0.0347195456368103,-0.00357710778290903,-0.0171749029810812,-0.00843775299748408,-0.0372681191791415,-0.0123241069112974
-2.36056126949766,1.79645820629026,-0.738118153782888,-0.434223081704797,-1.17197676094582,-0.120747179033445,-0.579748000618576,-0.284820847919389,-1.25800521870325,-0.416006794862516
2.93846558191104,0.136296940375344,0.131153649375113,-0.11432129165297,-0.308555447058606,-0.0317900499815906,-0.152634770136426,-0.0749870022938463,-0.331204828964169,-0.109525347980988
0.0594968954410399,-1.56207424638217,-0.548156424324515,0.50121511755279,1.35278960229466,0.139376081289387,0.669191654069144,0.328763073144172,1.45209055008972,0.480188417831571
-2.4808320240876,1.25858056004042,-0.308020352601557,-0.299938129179801,-0.809538994887585,-0.0834057066723403,-0.400458976106393,-0.196739040082683,-0.868962861934637,-0.287355290481717
-0.640541984086727,1.84620621160267,-0.297305976010696,-0.516543774035033,-1.39416195197073,-0.143638618465754,-0.689657535138522,-0.338817630630145,-1.49649981957088,-0.494874014985205
0.562038750945284,-1.74894811342586,0.613278005701465,0.468129636250836,1.26349122815397,0.13017579069569,0.62501795063771,0.307061244671014,1.35623726661672,0.448490920363514
-1.2689082380634,-1.26939620889579,0.40693990549566,0.379360076343416,1.02390041487332,0.105491073566469,0.506498284041301,0.248834442855234,1.09905939116365,0.363445371993638
1.74132535178604,-0.711916234446563,0.0296138755975966,0.171871183968226,0.463883754627175,0.0477933152236487,0.229471853219602,0.112735822698664,0.497934945161956,0.164660939006591
1.97354369543366,1.23603423394936,-0.255315975525001,-0.395118924115671,-1.06643385942411,-0.109873236775865,-0.527538530110552,-0.259171176607627,-1.14471498519705,-0.37854311328994
-2.47748595596186,1.41815362797093,-0.16084252257879,-0.357449043322376,-0.964762099590411,-0.0993981330055668,-0.477244017926375,-0.234462293453731,-1.03558005289488,-0.342453538525406
-2.5425483160154,-0.769240044667039,0.208767955517411,0.271590868103805,0.733029171671606,0.0755230031670069,0.362611453429111,0.178145162244226,0.78683686755051,0.260197238042273
-1.85160244832879,1.43703962953108,0.185783554308183,-0.400098742377934,-1.07987448826907,-0.111258006569555,-0.534187277730454,-0.262437599144112,-1.15914221770972,-0.383314020967506
-1.74831801499186,1.47876515346753,0.0736470374683051,-0.407319869778185,-1.09936445519505,-0.113266031476011,-0.543828483711654,-0.267174168238962,-1.18006283740311,-0.390232211620288
-2.48094261744788,0.229872572782242,-0.0777340064625922,-0.00855884993469402,-0.0231005067360821,-0.00238001393506638,-0.0114272509829559,-0.00561402421548754,-0.0247961896490406,-0.00819979379046899
2.52851384590276,0.656900256731193,0.185809342503916,-0.264181371416131,-0.713030792280611,-0.0734625972125794,-0.352718748339819,-0.173285035691409,-0.765370515590445,-0.25309858046635
2.02558102264149,0.27280215274159,-0.29773722056518,-0.106169790802108,-0.286554383627033,-0.0295233102017383,-0.141751386641993,-0.0696401714090326,-0.307588786789746,-0.101715814390621
1.87241934882352,-1.83563722825897,0.932574426940301,0.443676228385836,1.19749099244289,0.123375875762885,0.59236926171407,0.291021470057275,1.28539231155705,0.42506336835627
2.4423839666895,-0.0590687661890754,0.630085323493603,-0.0784878843428933,-0.211840365796606,-0.0218256260940791,-0.104792204601204,-0.0514827210063874,-0.2273904181249,-0.0751952039786423
-0.808524087949817,-1.81000435992201,0.268657949656755,0.539668080867126,1.45657491747637,0.150068941805814,0.720531689959962,0.353985605242657,1.56349418237503,0.517028223671827
-3.39105036276219,0.82313069339314,-0.00881291373656051,-0.169994674334718,-0.458819017687058,-0.0472715022334558,-0.226966452760703,-0.111504959837007,-0.492498433351872,-0.162863151668573
2.75213880414522,-0.409844710512703,0.0889122384432986,0.0554934836522728,0.149778019558631,0.0154314265824909,0.074091492484586,0.0363999559990836,0.160772411647253,0.0531654516828104
1.49972891164181,-2.2383720842161,0.59256117953862,0.594764782584325,1.60528201467582,0.165390032707476,0.794093423564302,0.390125299242901,1.72311706106091,0.569813538996107
-2.4570988086639,1.14691393826778,-0.131853257262355,-0.278948677862728,-0.752888047010665,-0.0775690362078267,-0.372435149304328,-0.182971385682506,-0.808153475222791,-0.267246377030924
-2.38610055002718,1.18516882511632,-0.0442852097624627,-0.297784866685257,-0.803727296453881,-0.0828069352507154,-0.39758407221801,-0.195326646142036,-0.862724558238897,-0.2852923604658
2.08530506979683,1.28863967492264,0.138599742184434,-0.439634224580931,-1.1865815435292,-0.122251890010749,-0.586972626382788,-0.288370190105766,-1.27368205916645,-0.421190932462032
-1.80026225554986,1.25176169115418,0.0273471436574991,-0.33537641564729,-0.905187637112167,-0.0932602567895943,-0.447774000550079,-0.219984148935147,-0.971632552230626,-0.321306889532783
0.784517735778638,1.75603065300028,-8.024614798001e-05,-0.541013353584536,-1.46020583538094,-0.150443030361909,-0.722327815502489,-0.354868012770491,-1.56739162627055,-0.518317060251376
-1.24900040116883,1.66977226911731,-0.266052172041329,-0.452579885332636,-1.22152214018408,-0.125851772380786,-0.604256877850999,-0.296861664252422,-1.31118745552001,-0.433593504005558
-2.80352470552334,-0.64483351233785,0.21034102159853,0.240148323191404,0.648165115625454,0.0667795743633168,0.320631297800911,0.157520988449656,0.695743401413667,0.230073753403975
2.21224582602667,-1.61310093585417,0.238809026934285,0.416228102531672,1.12340795312978,0.115743200517633,0.555722209184751,0.273017363852493,1.20587123812034,0.398766731114549
2.64937291077842,1.17492381444117,-1.06365020550612,-0.337731055580708,-0.911542857271183,-0.093915026518747,-0.450917771231767,-0.221528632797562,-0.978454274633721,-0.323562748912507
1.43547594931559,-1.57239178261617,0.333752248959864,0.414890030749259,1.11979647069244,0.115371114371415,0.553935697888547,0.272139679648909,1.20199465634429,0.397484793380349
2.67120836010282,-1.02069490948673,0.840704682210974,0.189145738133682,0.510508120973914,0.0525969605673049,0.252535777411935,0.124066756893865,0.547981753373063,0.181210800618821
0.422837218336631,1.87312299143759,-0.505288206634386,-0.534139444693261,-1.44165301813823,-0.148531558718587,-0.713150194357835,-0.350359195433451,-1.54747694733601,-0.511731521788499
0.825544532812959,1.72144034759345,-0.289198900134314,-0.512257503682509,-1.38259322277152,-0.142446707958349,-0.683934770109012,-0.336006128414684,-1.48408189270463,-0.490767559878611
0.429960975239847,-1.82618595554445,0.245202346947025,0.518710556796169,1.40001014187371,0.144241149554056,0.692550490456815,0.340238892947341,1.50277729337675,0.496949898072959
2.87251072778643,0.135484967871323,0.0727786293837444,-0.108716340391975,-0.293427571777702,-0.030231445471835,-0.145151383315144,-0.0713105349710228,-0.31496649840554,-0.104155532538905
-2.72611538931456,0.217037818207254,-0.368495370562595,0.0201397898678595,0.0543576946734256,0.00560039969161206,0.0268894109979801,0.0132103342009391,0.0583477982282351,0.0192948965293114
2.21208699396776,0.135197401899418,-0.112729737431073,-0.081631443368142,-0.220324894324635,-0.0226997755817886,-0.108989291620529,-0.053544682207392,-0.236497749875986,-0.0782068861522857
1.32697530977971,-1.99301193460939,-0.245234904365192,0.581468458420809,1.56939497047618,0.161692639128223,0.776340987836772,0.381403813716163,1.68459574358142,0.557075014878502
2.73446481865076,0.156612537346953,0.220466688018346,-0.121850758379211,-0.328877627977281,-0.0338838167690455,-0.162687651855943,-0.0799258210432532,-0.35301875096591,-0.116738942678695
1.59640712049374,1.54492488060094,0.202732555380208,-0.509558632338451,-1.37530891516723,-0.141696215607528,-0.68033140278109,-0.334235852128075,-1.47626288358585,-0.488181910094219
-0.00738359425418496,1.46824927677621,-0.663782481674483,-0.393288703810793,-1.06149405830551,-0.109364295754222,-0.525094932321418,-0.257970676401447,-1.13941258006955,-0.376789673376208
3.69744729137596,-0.107289940268843,-0.468891429523783,-0.0182884640255125,-0.0493609292881066,-0.00508558971868878,-0.0244176343909414,-0.0119959901957284,-0.05298424739614,-0.0175212364859595
-2.46625420557732,0.899765086815347,-0.318929006073433,-0.192522425481219,-0.51962186749507,-0.0535359375329977,-0.25704412305483,-0.126281634439546,-0.557764490597562,-0.184445831044164
2.65373903301363,0.728785281842357,-0.135892153233955,-0.26685843014473,-0.720256227200579,-0.074207023990438,-0.356292992802713,-0.175041004383852,-0.773126330500448,-0.255663332706077
-0.0915783595663715,1.85237664188388,-0.304572097371878,-0.530021982896592,-1.43053990659927,-0.147386589881892,-0.70765281214851,-0.347658420164668,-1.53554808255138,-0.507786793474481
-2.51595792308704,1.07840534245952,-0.837339175990761,-0.210010442682727,-0.56682237483503,-0.0583989419031937,-0.280393049987853,-0.137752585887374,-0.60842973118748,-0.201200200609082
-2.90326027178102,1.03690817209726,-0.0561206645268338,-0.241356048815356,-0.651424791180501,-0.0671154143227359,-0.322243778908624,-0.158313174426775,-0.699242352072227,-0.231230813189745
2.21333618806591,1.24502800786427,0.233355447153271,-0.435796336359324,-1.17622300664726,-0.121184663979407,-0.581848513647144,-0.285852796112784,-1.26256315827194,-0.417514049206902
3.07139756666221,0.00954150879259158,0.130478541381337,-0.0794103834531531,-0.214330209300487,-0.0220821512994813,-0.106023868778626,-0.0520878177639284,-0.230063027536633,-0.0760790029158521
1.46010299687021,-1.89590096993878,-0.455796061005672,0.56365695039669,1.52132135495185,0.156739679603823,0.752560155817333,0.369720674261128,1.63299330467065,0.540010725399254
0.0541656217876399,1.52159017554727,-0.20161479403793,-0.44148142020553,-1.19156716137441,-0.122765551467707,-0.589438888576654,-0.28958182496867,-1.27903364417797,-0.422960635556249
2.66189498272541,0.925551523431505,-0.65477268078008,-0.290998465184363,-0.785410663403723,-0.080919797345001,-0.388523285568688,-0.190875227709332,-0.843063400497532,-0.278790658331604
-2.30167300058667,1.22763289174173,-0.419501806916132,-0.287205875705581,-0.775174388732443,-0.079865167823703,-0.383459652933458,-0.188387546614823,-0.832075736419484,-0.275157173471465
-2.97452372787149,0.938004248460373,-0.544407448844631,-0.177613007792279,-0.479381051686594,-0.0493899807591137,-0.237137983884121,-0.116502069126076,-0.514569814748286,-0.17016188500958
-2.94650488639664,-0.192003641022584,0.0604049538148127,0.118293901139555,0.319277599322627,0.0328947388134773,0.157938754434184,0.0775927642859993,0.342714036273863,0.113331300749013
0.257945705721854,-1.67743500852248,0.108650210770913,0.487285727681447,1.31519390111895,0.135502647095105,0.650593987874057,0.319626339512741,1.41173515239251,0.466843386028983
0.713698475520542,-1.60502227634463,0.0631844808165876,0.458667152071975,1.23795179456398,0.127544497428735,0.612384222688377,0.300854497768786,1.32882312172104,0.439425401093487
-2.86931203886088,0.446945213872706,-0.295672984532088,-0.0501346100331852,-0.135314312742866,-0.0139412504505333,-0.0669366534234377,-0.032884898895051,-0.145247002558644,-0.0480313905693445
2.247597541975,-1.24737872620695,0.103824092081884,0.315412323100042,0.851304153012504,0.0877087143714008,0.421119169828067,0.206889060242662,0.913793773802474,0.302180319567151
2.5358609987329,0.739592934629869,0.369596455351349,-0.301302700103444,-0.813221999035805,-0.0837851616036029,-0.402280867429117,-0.197634105923016,-0.872916215442455,-0.288662615679812
-2.37079690137135,1.88779403386866,-0.551843467052887,-0.473700140087781,-1.27852612915009,-0.131724816190754,-0.632455345373217,-0.310715116823428,-1.37237579815256,-0.45382773350085
-1.97918265059873,1.38906855401126,0.735220534914658,-0.419740240040864,-1.13288728233969,-0.116719842972814,-0.560411399567854,-0.275321087504055,-1.21604639347602,-0.402131529371194
-0.565941198500855,-1.56897174743652,0.546050931552044,0.443866892184902,1.19800559784061,0.123428894860328,0.592623824313241,0.29114653255903,1.28594469134603,0.425246033532968
1.42100472256333,-1.25116431386935,0.0411848659307164,0.338988635401656,0.914937090298591,0.0942647297523767,0.452596814602631,0.22235351974167,0.982097659898911,0.324767571439542
-0.428826129458216,-1.83396745065786,0.00263264382943363,0.556229560391046,1.50127468113865,0.154674297940459,0.742643560668405,0.364848810907088,1.61147511325678,0.532894925155953
2.14920107338864,1.07335659489847,-0.25616664341264,-0.35042699081805,-0.945809439780387,-0.0974454661238498,-0.467868604524494,-0.229856303968869,-1.01523618111872,-0.335726071288492
-2.40007416001765,-1.00173247779626,0.0434918930519333,0.348838649734763,0.941522475506723,0.0970037859985166,0.465747949022439,0.228814460102921,1.01063453404825,0.33420436341287
-3.70478087163664,-0.0398304848175761,0.142968599619875,0.0841344099310828,0.227080451016081,0.0233957914418934,0.112331098911802,0.0551864582640028,0.243749195345115,0.0806048496447122
-1.92628120134043,-0.930851030669503,0.673265931074772,0.27509490084802,0.742486625959135,0.0764973918785503,0.36728982282759,0.180443569720462,0.796988542264399,0.263554271540564
2.80061731597973,0.0500146382034756,-0.0242486866876445,-0.0751465963973691,-0.202822162967755,-0.0208964928656553,-0.100331122066615,-0.0492910630639982,-0.217710237936972,-0.0719940878991537
-0.795529666857651,1.75422692658843,0.157909541779206,-0.516150820515698,-1.39310136258201,-0.143529347376883,-0.689132887723936,-0.338559879811994,-1.49536137806729,-0.494497546434831
2.2550672508526,0.411217136768679,-0.135819638939291,-0.16335160417948,-0.440889238798507,-0.0454242213882804,-0.21809703332462,-0.107147557031577,-0.473252526637997,-0.156498767922601
-2.2417747025604,1.22519606113683,-0.069862111690363,-0.311198053900314,-0.839929756361227,-0.0865368256833172,-0.415492536317435,-0.20412478589291,-0.901584444382529,-0.298142845060767
0.320529130354436,-2.25284353656449,0.0152691881526547,0.663753248178337,1.79148325974104,0.184574094903382,0.88620258744579,0.435377046777829,1.92298632965635,0.63590783859338
-0.454828068863357,1.4638867434167,-0.308325985242194,-0.405890801365851,-1.09550737103802,-0.112868641317114,-0.541920479301697,-0.266236796426902,-1.17592262561717,-0.388863094696517
-1.77471769186271,-0.938012196301649,0.346717992993382,0.295733983910706,0.798191922927072,0.0822366332101535,0.394845859446406,0.193981406343779,0.856782862962809,0.283327515192421
-1.61859069228913,-0.976415627308073,-0.20217413825743,0.340467577847552,0.918928785467264,0.0946759887015641,0.454571407760305,0.223323605532159,0.986382363760794,0.326184470108973
-0.0836595944236125,1.43780887437469,-0.831690616082267,-0.37129050026388,-1.00212046803408,-0.103247115129773,-0.49572428147197,-0.243541349055845,-1.07568069655137,-0.355714326311849
-3.1581146597752,0.441832479380949,-0.540965199267634,-0.0258178243051428,-0.0696828229052549,-0.00717932690585633,-0.0344703739894784,-0.0169347391233886,-0.0747978610071071,-0.0247347292026447
1.28494438174089,1.00983216140353,-0.321344982451873,-0.308033329354511,-0.831388101670937,-0.0856567905644486,-0.411267190394472,-0.202048941548045,-0.892415793147436,-0.295110885290795
2.32260691305621,0.624447831169649,-0.252911697323086,-0.220598801453066,-0.595400566410371,-0.0613433142914439,-0.294529976571386,-0.144697830048976,-0.639105692811382,-0.211344362401702
0.690950489758267,-1.41614086942984,0.296542585926809,0.387225345988286,1.04512893456916,0.107678219211115,0.516999509201964,0.253993525510562,1.12184618135663,0.370980682191441
1.53948128924915,2.10435835952086,-0.72443137760448,-0.613097571946313,-1.65476257893143,-0.170487948254902,-0.818570238423259,-0.402150363848653,-1.77622972517868,-0.587377241306513
1.76609498470067,1.12443170455629,-0.687141484701399,-0.328359181159721,-0.886247981225497,-0.0913089296844954,-0.438405019868381,-0.215381319742024,-0.951302638925309,-0.314584038189849
3.15997710017413,-0.47550651163719,-0.172604024678556,0.0835673380912919,0.225549912806522,0.0232381021622374,0.111573979405314,0.0548144976542482,0.242106308626528,0.0800615672894721
2.58849791655938,0.559743099480033,-0.670494485930493,-0.17923223273592,-0.483751372115531,-0.0498402489562754,-0.239299873620479,-0.117564170706695,-0.519260936697302,-0.171713181122907
-1.03746325785715,-1.46921446061674,0.347339010460163,0.437827407020075,1.18170490688364,0.12174945673925,0.584560274500718,0.287185040510083,1.26844745507337,0.419459913513334
-2.02135983833685,1.28478652894606,-0.396608098610788,-0.311973349097186,-0.842022293565928,-0.0867524169585967,-0.416527662866929,-0.204633326881781,-0.903830583394466,-0.298885615501843
1.45375919758675,1.72562558360895,0.227806103816726,-0.561975393975005,-1.51678280062006,-0.156272078495409,-0.75031504491818,-0.368617687464645,-1.6281215996804,-0.538399712703616
-0.524133780575183,1.85022614878231,-0.112446675211532,-0.532683364760832,-1.43772302934955,-0.148126657294191,-0.711206125824554,-0.349404105898909,-1.54325847938481,-0.510336526517001
-0.239159807685033,-1.66367544952186,-0.196107523731054,0.514553951535108,1.38879138134338,0.14308529584481,0.687000846296953,0.337512442224654,1.49073502448129,0.492967668419543
2.50091756418569,-1.98102215951559,0.420176167160559,0.507439752450756,1.3695900160754,0.141107005176462,0.677502404438535,0.332846010842156,1.47012419112837,0.486151920285022
-0.421673541203343,1.80403643410831,-0.611226382859074,-0.48779569299184,-1.3165703076663,-0.13564445639827,-0.651274862248409,-0.31996084211805,-1.41321259347951,-0.467331957556399
-1.74040794410664,1.53031883087617,-0.36756808749184,-0.393345419447066,-1.06164713493938,-0.109380067032571,-0.525170655557051,-0.258007878006553,-1.13957689322889,-0.37684400970944
-2.50463681212396,0.99287734601722,0.332167362134546,-0.263010979440524,-0.709871880987312,-0.0731371388586314,-0.351156112827368,-0.172517338051796,-0.761979725751589,-0.251977288128335
1.78627402449672,-2.06503543765967,0.806311959091442,0.522439875470698,1.41007564738196,0.145278184959678,0.697529647798565,0.342685072691796,1.51358165305368,0.500522766430672
0.084349963582368,-2.01633472040957,1.0842901042141,0.526903480329465,1.42212300595162,0.146519408003143,0.703489178973789,0.345612894298284,1.5265133428766,0.50479911660427
0.587651145198423,1.58694181381833,-0.9361521940051,-0.423602016441981,-1.14331029389473,-0.117793711742438,-0.565567406334222,-0.277854150520242,-1.22723450177969,-0.405831298662123
-2.86894456031807,-0.405572184120931,0.0789743851703728,0.179029823275525,0.483205064943541,0.0497839636679474,0.239029628935397,0.117431403848908,0.518674528078735,0.171519263032375
0.426664431906263,-1.97752786992376,0.439189522670579,0.550936716279646,1.48698918928153,0.153202483054419,0.735576880152199,0.361377064675185,1.59614100092037,0.527824123516745
-3.90129914420149,0.399373292691257,0.346686405297309,-0.0561385590028949,-0.151519090800215,-0.0156108067954124,-0.074952757489899,-0.036823081613721,-0.162641285485911,-0.0537834651886874
-2.70153635712661,-0.537208576499669,0.182162926943216,0.207684928066524,0.560545764488274,0.0577522712365745,0.277288165641633,0.136227206254778,0.601692388916619,0.198972244697356
0.524741928679382,1.52103210979298,-0.419348815506187,-0.437138406611458,-1.17984528103415,-0.121557862005578,-0.583640363454643,-0.286733103040917,-1.26645132417603,-0.418799817669229
-1.27273851384687,-1.18985452158841,-0.395586261674153,0.409424088362766,1.10504378313726,0.113851164945103,0.546637907182386,0.268554392705876,1.18615905400749,0.392248155189259
2.68758776874357,0.725397805350537,-0.0196151658783911,-0.274376403135139,-0.740547386296924,-0.0762975946415362,-0.366330528791776,-0.17997228402324,-0.79490695353613,-0.262865915846808
-2.23556913706623,1.68144745012075,-0.754195743210081,-0.401608720120507,-1.08394994832267,-0.111677895701434,-0.536203307310912,-0.263428041981214,-1.16351683518243,-0.384760652957992
-2.75455252805873,1.24200341243298,0.196790415164315,-0.322728322652645,-0.871050181770529,-0.0897431209817509,-0.430887043282643,-0.211687859025466,-0.934989251438236,-0.309189402348161
-2.40022353391622,-1.15067801575089,0.112521506045465,0.388642130094671,1.04895286313934,0.108072193394786,0.518891112360784,0.254922839652305,1.12595080378391,0.372338030153681
3.44948893338693,-0.742498440416658,-0.546609376301882,0.181823340486007,0.490744823629637,0.0505607747978919,0.242759361613614,0.119263761395271,0.52676773955779,0.174195588152089
0.520064211648627,1.88995761500616,-0.350053972177629,-0.551694713962835,-1.48903504015169,-0.153413264299855,-0.736588912123363,-0.361874259669977,-1.59833702660715,-0.528550322099876
-3.19441907413665,-0.515934075618407,0.623362213841309,0.182703317081251,0.4931198980171,0.0508054754966065,0.243934252339554,0.119840966271213,0.529317155274723,0.175038648455341
1.06112371524804,-1.71833286390208,-0.482738976635509,0.521316324917708,1.40704316202287,0.144965752098573,0.696029552077876,0.341948099843816,1.51032656939118,0.499446350449789
-1.93068192687815,-0.839578533101605,-0.0687209331317909,0.297622127389415,0.8032880598475,0.0827616812978078,0.397366792701186,0.195219900217684,0.86225307965546,0.285136448318993
-0.101409729787805,-1.49134739235838,0.440939972994498,0.417491334722413,1.12681744201603,0.116094475541746,0.557408799252749,0.27384595836726,1.20953099909423,0.399976968886281
2.14050993562027,1.13791791189246,-0.076282713694517,-0.381525699031911,-1.0297454737171,-0.106093282065981,-0.509389690501824,-0.250254944243573,-1.10533350407624,-0.365520143675478
1.44757611451026,-1.45189472138427,0.144578764038183,0.391346034820402,1.05625075594118,0.108824085410119,0.522501199950903,0.256696417495409,1.13378439531592,0.374928502162098
-1.0501780856707,1.47003237377401,0.224758794637974,-0.430246027296748,-1.16124261175008,-0.119641254173926,-0.574438081734565,-0.282212170360668,-1.24648313383215,-0.412196583643917
-2.4996589809485,0.724196054084853,-0.306515253625289,-0.140256258219058,-0.378554439263323,-0.0390019513823338,-0.187261545281054,-0.0919985787837763,-0.406342067544254,-0.134372305157161
1.99612500560565,0.660717428999153,0.0711201102335661,-0.245887184358672,-0.663654416415099,-0.0683754160539325,-0.328293472907975,-0.161285291575449,-0.712369687767428,-0.23557186103792
-1.01384334720132,-1.50793195696676,-0.586590358546099,0.51134579340837,1.38013249855158,0.142193182873349,0.682717510523224,0.335408108400829,1.48144054006555,0.489894097170229
1.7878689970825,-1.57004348531117,0.389179764085491,0.402697954075764,1.08688981249982,0.111980785927555,0.537657585617093,0.264142505471963,1.16667249884435,0.385804191972092
-3.76645454578073,0.305165724222151,0.436792096486439,-0.0370510385670542,-0.100001492318217,-0.0103030183694211,-0.0494682720360189,-0.0243029646870238,-0.107342059507138,-0.0354966938654965
2.43131203461124,1.02453970689234,0.186401403112066,-0.371713465885299,-1.00326206068511,-0.103364731875096,-0.496288999202739,-0.243818785774455,-1.07690608732744,-0.35611954791318
2.93213104722515,1.34972236693892,-0.764594472754766,-0.416116449762458,-1.12310660007803,-0.115712152520689,-0.555573137261947,-0.272944127219665,-1.20554776437546,-0.398659762340627
1.86931146628859,1.02754367926302,-0.59320899669248,-0.308029821437495,-0.831378633732922,-0.0856558150956127,-0.411262506839032,-0.20204664059275,-0.892405630219441,-0.295107524535975
-2.23418133716612,0.12672124741206,-0.201527004672529,0.0250371130525278,0.0675756676580454,0.00696222955344745,0.0334280162548619,0.0164226455698239,0.0725360309214421,0.0239867699172047
-2.41820300695922,-1.37953736771984,0.00422990821811433,0.464537072459831,1.25379482680483,0.129176783591879,0.620221380020706,0.304704766841366,1.34582910503336,0.445049069823999
3.2928478124721,0.366721919029147,-0.434440038179871,-0.153020055328191,-0.41300418231844,-0.0425512617705155,-0.204302983578781,-0.100370762733606,-0.443320579397466,-0.14660064250118
2.71144837311931,0.647362181012513,-0.437154685989585,-0.223691716013339,-0.603748404516996,-0.0622033807500905,-0.29865944621027,-0.146726571920874,-0.648066300438575,-0.214307524718986
2.98039419267819,-0.251389873990414,0.129295007216585,0.000494926244962743,0.00133581580970134,0.000137627294417975,0.000660795137476993,0.000324637999883393,0.00143387080344018,0.000474163372550201
-0.760070495172726,1.63494411698371,-0.450243379581324,-0.440666534417859,-1.18936776837525,-0.122538950984588,-0.588350903100893,-0.289047315241341,-1.27667280566724,-0.422179935406968
-2.76114942348114,0.327233923886228,-0.014372432783069,-0.0356456850216054,-0.0962084150600655,-0.00991222275466159,-0.0475919302604105,-0.0233811482168589,-0.103270553019375,-0.0341502969356155
-1.99878862307213,-1.2984299282304,0.20055957819908,0.417948430288495,1.12805115206865,0.116221583018245,0.558019085190307,0.274145782011366,1.21085526911074,0.400414888631691
-0.618694001202675,-1.92999648839106,0.397471558329731,0.562640681565508,1.51857842510035,0.156457079254659,0.751203296065301,0.369054070935771,1.63004903121515,0.539037090516652
2.25293161563493,1.11157704761967,-0.356915952683563,-0.35737464188764,-0.964561288633635,-0.0993774437245523,-0.477144681698412,-0.234413491166104,-1.03536450149487,-0.342382258338558
2.84786916556051,1.42273834687319,-0.610771130654254,-0.446323682622912,-1.20463652424958,-0.124112070231157,-0.595903980077377,-0.2927580202141,-1.29306235809958,-0.427599758055747
2.55316127198233,-1.01523707538748,0.0537130655251112,0.242786470549656,0.65528552798051,0.0675131808084941,0.324153590190985,0.159251433926122,0.703386484621862,0.232601226661667
-1.49921641909249,1.77989732422039,-0.313392519688788,-0.476727965730035,-1.28669829096835,-0.132566782959245,-0.636497912284737,-0.312701164786132,-1.38114783404785,-0.456728537474446
-0.314505457901816,-1.40933796171128,0.392955687457799,0.40095129574322,1.08217554681174,0.111495081515984,0.535325554643335,0.262996816243866,1.16161218448012,0.384130808484994
-0.828774407649162,-2.22024491439356,0.896349681772617,0.620457528700893,1.67462724905461,0.172534578324485,0.828396800835268,0.406977995570254,1.79755255299875,0.594428437221246
-3.19159974013871,0.483635646030612,-0.0988520832538813,-0.067128859086437,-0.181182129999243,-0.0186669495656415,-0.0896263314386081,-0.0440319719757747,-0.194481727513841,-0.0643127062745859
2.48133017494512,0.928545932424841,-0.146058293458228,-0.321944001987331,-0.868933284646432,-0.089525019936955,-0.429839866481782,-0.211173397942333,-0.932716964377337,-0.308437985070109
3.11320744574472,-1.63949289607917,0.25901935308842,0.402848114148794,1.08729509753285,0.112022541895825,0.53785807012789,0.264241000280568,1.16710753365358,0.385948052612693
1.24223963721575,-1.28914845016033,0.357570460087325,0.33309378151742,0.899026762053552,0.0926255101730275,0.444726367596666,0.218486895989019,0.965019440747715,0.319120015208915
-2.91842321210184,0.86893319162026,0.156736073661748,-0.205170066428092,-0.553758102750751,-0.0570529476370369,-0.273930476775833,-0.134577627836593,-0.594406481744104,-0.196562885145074
-3.34203033955082,0.685172179508053,-0.186789526300717,-0.11802541160408,-0.318552940709596,-0.0328200782176348,-0.157580283689682,-0.077416653387308,-0.341936184402265,-0.113074074738206
-3.40564669160938,-0.535441726373338,0.214544680894784,0.220541961882641,0.595247155275758,0.0613275085499359,0.294454087866483,0.144660547151484,0.638941020597408,0.211289907333535
-2.47695755919894,1.49780464429328,-0.327022354467856,-0.370094771644079,-0.998893172632599,-0.102914611253738,-0.494127818027673,-0.242757032298578,-1.07221650289783,-0.35456876023854
-3.80405454834747,0.0132656864447699,0.345185865483673,0.0569610454882728,0.153738998234132,0.0158395208529715,0.0760508909506112,0.0373625768824843,0.165024144284793,0.0545714471754036
-2.89155434619236,0.325445919366664,0.682954623869578,-0.0788937473450806,-0.212935798137107,-0.0219384870051015,-0.105334087964749,-0.0517489395684414,-0.228566260212395,-0.0755840404403761
-0.643574492072384,1.63473355080921,-1.05885128497135,-0.402451868405781,-1.08622562236674,-0.111912355317339,-0.537329027138366,-0.263981089987301,-1.16595955411587,-0.38556842995219
2.3211287937225,-1.46920899475832,-0.0592343647457325,0.390854643168426,1.05492448006847,0.108687441002494,0.521845123984984,0.256374097948445,1.1323607647245,0.374457725101242
3.57602461390609,0.527725355425884,0.384488682028379,-0.262087750511324,-0.70738006768755,-0.0728804107078263,-0.349923474240502,-0.171911762582601,-0.759305001951942,-0.251092789989146
-1.90563902441945,1.38861098726484,-0.605195003218503,-0.33153465169036,-0.894818639543257,-0.0921919530078366,-0.442644713170573,-0.217464212723044,-0.960502422786863,-0.317626293135037
0.650275283205533,-2.21914570980439,0.298661590226044,0.627457949777381,1.69352152520931,0.174481230017236,0.83774333328271,0.411569796307723,1.8178337554921,0.601135180500032
-3.36930370923866,0.33983902431703,-0.620402018152071,0.0145789068858527,0.039348760556741,0.00405404952898092,0.0194648614373373,0.00956277267588768,0.0422371396596091,0.0139673006381218
0.623529666021324,-1.54606383283566,0.810657287513368,0.393058858874781,1.06087370223745,0.109300381308381,0.524788057473628,0.257819913735152,1.13874668702706,0.376569470767977
-2.7772620567216,0.236658804806806,0.320196947741494,-0.0306656505095209,-0.08276720255253,-0.00852739282700657,-0.040942893917024,-0.0201145838351801,-0.0888426940006238,-0.0293791820802209
2.5672998495382,-0.190189755164093,0.135287394997387,-0.00903397760130025,-0.0243828857877868,-0.00251213571265178,-0.012061612274097,-0.00592567569274537,-0.0261727011918961,-0.00865498916368442
2.89979184530452,-1.64486452541206,0.371631176470991,0.401628122437118,1.08400231556231,0.111683291027238,0.536229212092893,0.26344076858305,1.16357304641712,0.384779241319335
3.38124607501294,-0.0482208060585733,0.547132527254924,-0.0969076828206551,-0.26155576939166,-0.0269477368207178,-0.129385188689828,-0.063564857682178,-0.280755159864354,-0.0928422652464645
-2.76936558094146,0.266109305233114,0.879288294814422,-0.0770343062904243,-0.207917129631854,-0.0214214203833843,-0.102851476424449,-0.0505292725351642,-0.223179198471124,-0.0738026056296185
2.27342343450441,-1.82141457290693,1.03452927621868,0.423755954959678,1.14372577702531,0.117836518406892,0.56577293559237,0.277955123731905,1.2276804832735,0.405978779236168
-1.79864587605855,1.65002459890988,-0.346445138540972,-0.429171871709326,-1.15834344438856,-0.119342556885621,-0.573003935139417,-0.281507597255052,-1.24337115431837,-0.411167490438293
-0.286895375672308,-1.67722438480275,0.144727265128867,0.496842025434341,1.34098653941699,0.138160027700335,0.663352969947983,0.325894621747447,1.43942108838059,0.475998783257812
-2.39432549988757,0.824165121031555,0.539499782615893,-0.229006660680333,-0.61809354621461,-0.063681341278441,-0.305755634031495,-0.150212814616114,-0.663464441186752,-0.219399499763489
1.90804132946873,0.796974383834458,-0.512383506697951,-0.245532093877992,-0.662696020123137,-0.0682766737814687,-0.32781937789809,-0.161052376338888,-0.711340940801573,-0.235231667116919
-1.02611205087739,1.4026298092793,-0.356310397527968,-0.371794395294666,-1.00348049077566,-0.10338723643161,-0.496397051181661,-0.243871869970042,-1.07714055118627,-0.356197082216674
-1.2305115050891,1.63853199154632,0.628246977399574,-0.503513281281476,-1.35899239205032,-0.140015146320445,-0.672260021189493,-0.330270512452308,-1.45874865300025,-0.482390170265103
-1.75334713719619,-1.58730185941954,0.216250909859681,0.497626514528984,1.34310389113521,0.138378175581348,0.664400371625344,0.32640919330878,1.4416938634049,0.476750361899338
2.42707581010692,-0.80442795900806,0.188241246234279,0.173700721424153,0.468821712722835,0.0483020663611329,0.231914539310738,0.113935875002313,0.503235371980202,0.166413724717873
-0.747566242835608,-1.70530821715501,0.71491853575059,0.477237429277308,1.28807334324703,0.132708452733943,0.637178116735777,0.313035338268916,1.38262382145666,0.457216628288431
-1.3489369314729,1.64742951709605,-0.505705554538594,-0.427673237909049,-1.15429860186154,-0.118925822236056,-0.571003051294277,-0.280524595273582,-1.23902940183881,-0.409731726495303
-1.1592202982749,-1.62330024702728,-0.281738492790387,0.528563197667703,1.42660261616146,0.146980936178472,0.705705131669481,0.3467015561394,1.5313217769766,0.506389206397625
1.96821274561172,0.666269568120606,-0.194284690351705,-0.229167048369647,-0.61852643578805,-0.0637259413051375,-0.305969773827652,-0.150318018046311,-0.663929106835984,-0.219553158957065
-2.21777638060001,1.35688890591926,0.0388741731702584,-0.358278208742248,-0.967000033601782,-0.0996287043169962,-0.478351068690387,-0.23500616964987,-1.0379822615045,-0.343247919255646
1.11777074557865,1.86573266942458,-0.663556286642447,-0.536693107577495,-1.44854540521232,-0.149241672027772,-0.716559688264921,-0.35203422483339,-1.55487526716407,-0.514178054818154
-1.18064260758505,-2.0065573868592,-0.406921086101751,0.651709700219601,1.75897748351294,0.181225068785604,0.870122781595723,0.427477297349269,1.88809448069174,0.624369534905293
-1.41294755435115,-1.41055064516781,-0.053939406834993,0.455476618074281,1.2293404796481,0.126657285311131,0.608124417569758,0.298761724176532,1.319579696881,0.436368714615492
-1.87809872724933,1.51619568965467,-0.162527565788208,-0.399812758293972,-1.07910261152063,-0.111178481153146,-0.533805449338846,-0.262250013009893,-1.15831368167548,-0.383040034329845
1.43705643941616,1.93314802877783,0.198171783636358,-0.621511897835498,-1.6774730123852,-0.172827773467782,-0.829804529773354,-0.407669590106775,-1.80060720838133,-0.595438574044389
1.7073429858529,1.56048692455962,0.189190493461521,-0.51574355534775,-1.39200214576815,-0.143416096556693,-0.688589132274749,-0.33829274152444,-1.49418147370877,-0.494107366630219
0.158238022241429,1.82020421081326,-0.310885480121175,-0.525522272662713,-1.41839509890182,-0.146135326786721,-0.701645075293039,-0.344706915884487,-1.52251179038873,-0.503475852598522
-1.92971072974157,2.12968195197982,-0.132002805313686,-0.583672316885586,-1.57534322844301,-0.162305480093668,-0.779283444358392,-0.38284939517666,-1.69098063090498,-0.559186418290459
2.38719478985151,-1.59285609806869,0.260186910173999,0.4048962252472,1.09282299025045,0.112592073198742,0.540592582327665,0.265584422047534,1.17304119899482,0.387910242485754
2.04008224525043,1.25490833802028,-1.09574679728592,-0.345980095692488,-0.933807181114032,-0.0962088896623656,-0.461931383159191,-0.22693944281239,-1.00235290173841,-0.331465729850602
1.27479987864552,1.44368583166577,-0.509593468088645,-0.424598682653113,-1.14600031588362,-0.118070861066145,-0.56689809387142,-0.278507895858313,-1.23012198369334,-0.406786153282963
-2.1663842756024,1.42287889935847,-0.145436059878733,-0.36676005100997,-0.989892695108283,-0.101987304239444,-0.4896755037641,-0.240569682066406,-1.06255534913291,-0.351373935962245
-2.16000983507039,-0.96755635945517,0.032315893756729,0.334092330052483,0.901721864472282,0.0929031829265429,0.446059568297216,0.219141876003736,0.967912376018006,0.320076673187472
2.86961790409798,0.596385493913896,-0.442425656874807,-0.211629776298367,-0.571192988571864,-0.0588492403194708,-0.282555084816394,-0.138814758749444,-0.613121167974533,-0.202751600835461
-0.00114731943848759,1.78102976548777,0.472395856757828,-0.562732311682683,-1.51882573661476,-0.156482559425174,-0.751325634972343,-0.369114174068856,-1.63031449652653,-0.539124876617771
1.55872749790636,-1.62348561947833,0.389409905685651,0.423681079519561,1.14352368671855,0.117815697316181,0.565672966501521,0.277906010528943,1.22746355861336,0.40590704492915
-1.63170026443952,-1.69993630779096,0.565173700254782,0.505182223612353,1.36349690069935,0.140479239748256,0.674488290529011,0.331365225262007,1.46358381319882,0.483989098049303
-1.55633921299427,1.21744438239667,0.546030201888125,-0.365236826796962,-0.985781482566687,-0.10156373157713,-0.487641788309551,-0.239570550444436,-1.05814235477597,-0.349914613209934
1.92582131266647,0.968733749035354,0.21492053097348,-0.345814971683919,-0.933361508120426,-0.0961629725771958,-0.461710919720339,-0.226831132678467,-1.00187451430747,-0.331307533033221
-1.48029695309795,1.73317859021449,-0.266079790881526,-0.466379037585302,-1.25876632742854,-0.129688990570618,-0.622680658773251,-0.305912970852113,-1.35116553655472,-0.446813761846099
0.0171739851941346,1.83391212633859,-0.285452510330038,-0.528196655015551,-1.42561331023021,-0.146879009327718,-0.705215746423325,-0.346461129056217,-1.53025985146247,-0.506038040740324
-0.538777324594556,-1.48932339542909,0.669639317555428,0.411243966075693,1.10995566939383,0.114357229936303,0.549067696177705,0.269748108874235,1.19143149519434,0.393991686397743
-1.29597303965091,2.30873525110989,-0.812436525381099,-0.605536047757735,-1.63435387428231,-0.168385267044638,-0.808474555548121,-0.397190517581388,-1.75432292820871,-0.58013293400342
-1.48575759894382,-1.88186676854256,-0.216729659401359,0.608535940042124,1.64245064341039,0.169219466206327,0.812479827555121,0.399158243158647,1.76301403724532,0.583006976463949
-3.25857355139023,1.29930571586665,-0.214592444580173,-0.301158117098983,-0.812831766622109,-0.0837449564863247,-0.402087829077883,-0.197539269292583,-0.872497338183711,-0.288524098141681
-1.42241831013112,1.20664620103351,-0.272420486071207,-0.310207961613454,-0.837257477525114,-0.0862615044126199,-0.414170625880336,-0.203475352602642,-0.89871600805027,-0.297194288578561
0.694512780431955,-1.74958606020846,0.98492239803994,0.440525664805624,1.18898755848126,0.122499778473946,0.588162822642985,0.288954914343984,1.27626468662702,0.422044975478884
1.11343036622469,1.66725064476122,-0.223323230231533,-0.506862987362184,-1.36803331559399,-0.140946620433356,-0.676732343101369,-0.332467692119594,-1.46845322170744,-0.485599351326819
-3.10161747284029,0.598266940097147,0.115869144846219,-0.117670077404916,-0.317593886616583,-0.0327212681728193,-0.15710586328184,-0.0771835782879758,-0.340906731349753,-0.112733647323065
-2.49458162898034,-0.769061229043007,-0.534816501436225,0.320234832519461,0.864320202152065,0.0890497402928485,0.427557888338598,0.210052298863109,0.927765260516299,0.306800517735544
-1.2925533584847,1.51389189885813,0.617204572330539,-0.464233363662257,-1.25297511070071,-0.129092329351421,-0.619815886679651,-0.304505554498932,-1.34494921801581,-0.444758102050121
-0.603103902266846,-1.40991663699279,-0.221395290630118,0.448606828489349,1.2107987804954,0.124746959149571,0.598952296270037,0.294255608824658,1.29967695215516,0.429787122648093
2.77711626501999,-1.03866151087858,0.209298651190466,0.234415069708117,0.632690950086754,0.0651852920371155,0.312976609729228,0.153760363583664,0.679133361307537,0.224581018203551
3.4168037563857,0.980469757773769,-0.505357724065345,-0.334047179966331,-0.901600003488941,-0.0928906277544073,-0.445999286674065,-0.219112260613943,-0.967781569880797,-0.320033417212791
0.889130466288396,1.19560522713979,0.354624205352825,-0.399925881896868,-1.07940793438183,-0.111209938154183,-0.533956485028484,-0.262324214409712,-1.158641416632,-0.383148412233847
-3.06906895742726,-0.0207738123503534,0.0481905061419712,0.0707531364458976,0.190964126902387,0.0196747754634992,0.0944652440652356,0.0464092517522524,0.204981767756586,0.0677849399524515
0.940302408882211,-1.65923943678637,0.222437889848413,0.459174974550032,1.2393224175641,0.12768571086086,0.613062236084548,0.30118759482163,1.33029435472197,0.439911919683485
-2.13758320861489,-1.40489625271818,0.335971744823837,0.443703663045198,1.19756503913587,0.123383504693417,0.592405890786965,0.291039465330376,1.28547179361617,0.425089652091959
3.24573002124105,0.213828783277894,-0.72416597787454,-0.0869959823840308,-0.2348038921594,-0.0241915271267325,-0.116151694771673,-0.0570634554269162,-0.252039572414368,-0.0833463749909559
-1.87357091138404,2.08406226495286,-0.745598917383321,-0.530248727189684,-1.43115189397022,-0.1474496421122,-0.707955547208231,-0.347807149019813,-1.53620499259611,-0.508004025516251
-1.57180813730888,-1.45632106749735,0.773194179820752,0.41728771761755,1.12626787538753,0.116037854436026,0.557136942194915,0.273712399376728,1.20894109176013,0.399781893813715
-1.05696347029021,-1.65310429996117,0.434852900308536,0.487242657326081,1.3150776533705,0.135490670246961,0.650536482979772,0.319598088285083,1.41161037152732,0.466802122537372
-3.39296975559233,0.3349105949837,-0.069208203747959,-0.0203115546711118,-0.0548212913043781,-0.00564816342487223,-0.0271187408181988,-0.0133230002451138,-0.0588454249735307,-0.0194594555504271
2.6969443395866,0.515852730481468,-0.186254043743265,-0.200940909143088,-0.542343522860272,-0.0558769189242193,-0.268283965607757,-0.13180358791414,-0.582154019451303,-0.192511147130142
-1.41955716021691,-0.868067716464225,-0.0885895558874346,0.296159268091064,0.799339773414938,0.0823548946919342,0.395413672774729,0.194260363879571,0.858014970929575,0.283734958085788
-2.22897389438284,0.0272907941895835,0.0446189283445694,0.0381039813663623,0.102843405941393,0.0105958168825744,0.050874096618784,0.0249936236444706,0.110392582596158,0.0365054641901738
-0.42541797028306,-2.06000305679593,0.62633387116654,0.581829011031261,1.57036810916537,0.161792900289915,0.776822375546993,0.381640311738851,1.68564031510393,0.557420441785023
-2.4394531970029,1.31053237425306,-0.59044547532332,-0.29744696607249,-0.802815295958379,-0.0827129730743494,-0.397132928064432,-0.19510500629124,-0.861745612733292,-0.28496863527287
1.60850321136724,-1.61054912420071,0.118055280911382,0.436881353885475,1.17915149059812,0.121486381716222,0.583297162436039,0.286564493912432,1.26570660634689,0.418553548677201
-1.0307308312002,1.56914306995438,-0.0789384993397317,-0.439911024900208,-1.18732863311353,-0.122328861639197,-0.587342193175602,-0.288551752314139,-1.27448398854529,-0.42145612060723
1.98609880624819,-1.40435700255221,0.0793792231663611,0.369638257382367,0.99766103153207,0.10278766542425,0.493518308212021,0.242457589950654,1.07089391700168,0.354131397410939
3.19865231691702,0.152346345943474,-0.78157705399936,-0.0637790033575706,-0.17214080255221,-0.0177354338391132,-0.0851538097256991,-0.0418346941494615,-0.184776725254928,-0.0611033818426687
0.305603273063947,-1.79090792356132,0.75909386422129,0.476549440450246,1.28621644767635,0.132517139297199,0.63625955629129,0.312584064328541,1.38063062125308,0.456557501588571
1.47468872840591,-1.64256864261907,-0.00128546030228707,0.457371397972997,1.23445452839853,0.127184178830382,0.610654211365103,0.300004571091197,1.32506914021395,0.438184005754645
-1.23316764929235,-1.68771543376552,0.0804603369148424,0.525170194246357,1.41744483223157,0.146037422098175,0.701175001806521,0.344475976357535,1.52149176979602,0.503138544381387
2.29152552253061,-1.03640178572438,0.190908031391396,0.245696373067621,0.663139412933572,0.0683223559424533,0.328038713386561,0.161160132328971,0.711816880673463,0.23538905455674
0.733253421071213,1.55172907067229,-0.119790074288794,-0.470942984828376,-1.27108451209542,-0.13095811646023,-0.628774160939724,-0.308906610247163,-1.36438793234983,-0.451186244895729
-1.85908439983897,1.48893703965182,0.182563983525225,-0.415195163034052,-1.12062002881696,-0.115455964450033,-0.554343091782346,-0.272339825702272,-1.20287866740413,-0.397777124924098
0.275671090078993,1.63216595474186,-0.254357278501361,-0.475820732131112,-1.28424964938414,-0.132314502731846,-0.635286629680864,-0.312106081167151,-1.37851945096525,-0.455859363638275
2.13251635339925,-1.92543295650953,0.436653646986077,0.497895478783542,1.34382983102451,0.13845296818535,0.66475947618562,0.326585615590945,1.44247309060431,0.477008042714074
0.0183952371318164,-1.8128277870779,0.259158411339901,0.52288266819654,1.41127075378341,0.145401315154259,0.698120837461923,0.342975514644195,1.51486448573436,0.500946983360695
2.07487285400487,-1.35870997922459,-0.143594123452358,0.368984717094126,0.995897113254964,0.102605931312189,0.492645741341684,0.242028911911902,1.06900051905053,0.35350527408383
-1.35159415044028,1.17843565985024,-0.252236885768715,-0.304709653754782,-0.822417434914781,-0.0847325549132392,-0.406829622782721,-0.199868836108216,-0.882786638397487,-0.291926642693701
1.50562423403294,1.42741140407243,-1.10298001528962,-0.385136925153373,-1.0394922450685,-0.10709747872293,-0.514211177916725,-0.252623663294401,-1.11579573305053,-0.368979873633671
2.16486229772472,-0.322759584347029,-0.0415075028170486,0.0512199248144038,0.13824359899109,0.0142430508469584,0.0683856990890503,0.033596791673833,0.148391311823247,0.0490711748244307
-2.79461530898058,0.624038932206522,0.16098268036146,-0.135155038478896,-0.364786145407372,-0.0375834227061612,-0.180450709861011,-0.0886525251237272,-0.39156311790924,-0.129485088969429
-0.277372169878293,-1.73113130086302,0.416135371140471,0.494546915168264,1.33479199101784,0.13752181176508,0.660288679623449,0.324389185303383,1.43277183177984,0.473799956189711
-1.65527149013265,-1.50726412046753,0.408997334240991,0.458693644161551,1.2380232972423,0.127551864252881,0.612419593299961,0.300871874780129,1.32889987302318,0.439450781801556
1.61648327084074,1.17346989460731,0.620377063894406,-0.427171416162428,-1.15294417495529,-0.118786277465556,-0.570333049706319,-0.280195434292974,-1.23757555379916,-0.409250956897371
1.87224773797212,-1.68332336150838,0.144605155789445,0.450982889579929,1.21721181678498,0.125407685596384,0.602124667165668,0.295814143511184,1.3065607346574,0.432063504536427
2.7328043121297,-0.368755283454668,0.719182326691514,0.00149232648399142,0.00402781895452288,0.000414980733938431,0.00199246270365783,0.000978864810397072,0.00432347929893458,0.0014297212277531
2.74706259314103,-0.453946144100705,0.197852067924253,0.0614680749102604,0.16590356056631,0.0170928192414153,0.0820683999367015,0.040318882052924,0.178081641162779,0.0588894001889351
-1.62722775784704,1.62107590154102,-0.184343393472229,-0.43517151296536,-1.17453659584075,-0.121010915357112,-0.581014287811041,-0.285442954406143,-1.26075295719445,-0.416915438058785
2.42823240562271,-0.865352783987916,0.740674780417267,0.154878599957521,0.418020431353853,0.0430680791175305,0.206784398267019,0.101589841772757,0.448705044068738,0.148381218492952
1.72270773150937,1.21285877457064,-0.810842132736182,-0.345494718138146,-0.932497137410828,-0.0960739176331891,-0.461283336847212,-0.22662106810498,-1.00094669483203,-0.331000714587279
2.7447728800559,-0.745173700130876,0.126846714418039,0.153121256078036,0.413277325161383,0.0425794033078374,0.204438100606999,0.100437143551658,0.443613772175108,0.146697597733075
2.65654174511201,0.36855958769444,0.163506196725063,-0.179526176358966,-0.484544731818765,-0.0499219877324324,-0.239692329100014,-0.117756977757918,-0.520112532633531,-0.171994793385465
-3.37021530385123,1.38964650766896,-0.0494132010997584,-0.336687212981167,-0.908725505268742,-0.0936247585561259,-0.449524096677046,-0.22084394295305,-0.975430116100804,-0.322562697021044
1.72662649753142,-1.56719467508191,0.047594856371577,0.426057974279798,1.14993897309917,0.118476655586826,0.568846450461697,0.279465092046139,1.23434975637362,0.408184225513493
-0.349821142292715,-1.75124322728617,0.253494070396133,0.51302795904956,1.38467269717897,0.142660953391312,0.684963434814858,0.336511494803927,1.48631401005022,0.491505693527732
-0.398754103768239,-1.58162175920938,0.644531610982858,0.437357201024496,1.18043581152023,0.121618703562086,0.583932484322578,0.286876617314725,1.26708520230232,0.419009433339922
-0.78109438451185,2.37504832508874,-0.213094091592255,-0.676788480881995,-1.82666561288134,-0.188198885116817,-0.903606429885196,-0.443927274040982,-1.96075122852776,-0.648396224415813
-2.79220916475765,0.992023755256888,-0.13621577767264,-0.225063504008933,-0.607450887686405,-0.0625848425785351,-0.300490973324388,-0.147626371670203,-0.652040562816882,-0.215621764222418
-2.21952123595519,-0.843195400774023,0.528065325131399,0.265146260008436,0.71563504584227,0.0737309099313439,0.354007008351269,0.173917937069957,0.76816593328179,0.254022990585473
-1.81559781342511,0.959492360871957,-0.103475788149982,-0.239121754550773,-0.645394386382751,-0.0664941098805126,-0.319260686375633,-0.156847629148892,-0.69276928796442,-0.22909025080384
-2.86099587943092,0.0265022245501878,-0.085566871761186,0.0610091294733049,0.164664857675293,0.0169651973595359,0.0814556441651212,0.0400178450191735,0.176752011810688,0.0584497081774117
-2.87053046788319,-0.377302942711603,0.0932950535288498,0.169675994785771,0.457958895226297,0.0471828849807756,0.226540971391508,0.111295927698528,0.491575173966176,0.162557841188012
1.82220282557435,-2.12046563618739,-0.00721453252690236,0.592613843336554,1.59947658673151,0.164791907325884,0.79122162153238,0.388714429194335,1.71688548813718,0.567752834763397
-0.388095868642544,-1.8218180091118,0.269892660920638,0.533823136342715,1.44079929558926,0.148443600840155,0.712727878867171,0.350151718640064,1.54656055764493,0.511428483031134
-1.54470066611626,-1.5083965650942,-0.0139059119876376,0.484887742824163,1.30872169214563,0.134835824166796,0.64739234571108,0.318053424324383,1.40478785366074,0.464546000107694
3.28888251064835,0.414950600843628,-0.591548890622253,-0.156802595053927,-0.42321333250574,-0.0436030966929506,-0.209353198400724,-0.102851851872725,-0.454279127930274,-0.150224499209961
1.7048683082526,1.58241836409115,-0.455815079410723,-0.479069101257506,-1.29301706246628,-0.133217797432191,-0.639623652712675,-0.314236790675504,-1.38793043229134,-0.458971458977601
2.31585269122281,-1.26444048071641,0.163013232414329,0.315032482521306,0.850278955712087,0.0876030896814725,0.420612030006731,0.206639910622875,0.912693322328432,0.301816413850535
0.336106705043794,-1.56619338365814,-0.198865932744435,0.472961787881824,1.27653330181494,0.131519497888345,0.631469542837168,0.310230807927324,1.37023668817092,0.453120356238744
1.08413650596673,1.47008123508507,-0.0685763249702261,-0.457770010207158,-1.23553039077146,-0.12729502347414,-0.611186413948323,-0.300266033641918,-1.3262239758087,-0.438565895628567
2.60585748809027,0.634629905743499,-0.20999599124524,-0.232762823351285,-0.628231504204786,-0.0647258413651879,-0.310770631829246,-0.152676602198901,-0.674346571689359,-0.222998085973117
1.23992715211118,1.33607358058395,-1.00436546506746,-0.358628360342466,-0.967945099756839,-0.0997260732035013,-0.478818569610289,-0.235235845316311,-1.03899669984039,-0.343583381489369
1.65506943805286,-1.61506014182305,0.0563651793301251,0.441326173871133,1.19114814842047,0.122722381130331,0.589231613201939,0.289479993918082,1.27858387375561,0.422811902030308
3.08562397137194,-0.472686382117088,0.728104093548638,0.0240979067274581,0.065040731048058,0.00670105846637099,0.0321740456299248,0.0158065900141695,0.0698150183632473,0.0230869646570309
0.18775193411698,-1.75984976301102,-0.613199574776571,0.561716441601752,1.51608388299815,0.156200069959033,0.749969307607166,0.368447832296579,1.62737137830647,0.53815162375727
0.811806993999645,-2.09569651685663,1.04618896627803,0.537054275750657,1.44952020531755,0.149342104362909,0.717041897836682,0.352271126623404,1.55592162205815,0.514524071463639
2.82022615861249,0.256025705934703,-0.209150221589287,-0.124644690506481,-0.336418506532065,-0.0346607432775448,-0.166417938505582,-0.0817584507468466,-0.361113164517139,-0.119415665308836
2.06560278359074,-1.27835564869006,-0.0168948438743737,0.33674775527811,0.908888910136104,0.0936415939383893,0.449604929035077,0.220883654587638,0.975605515633246,0.322620699480992
-1.18329544648341,-1.64093721749238,0.254501762092804,0.498472386808795,1.34538691729488,0.13861339267577,0.665529728363068,0.326964028070261,1.44414447413286,0.477560748612558
-1.28810714851419,1.06500124258485,0.172288242816856,-0.30068977442889,-0.811567700411364,-0.0836147214559511,-0.401462526697538,-0.197232068312181,-0.87114048372815,-0.288075403124553
-3.53920260168512,0.16820558173476,-0.659631668914341,0.0721416489071308,0.194711749738234,0.0200608879706659,0.096319100659117,0.0473200216150667,0.209004483259429,0.0691152023059783
3.09786606528473,-0.650802074323917,-0.471595949533201,0.157223539101383,0.424349468888312,0.0437201512863216,0.209915217050048,0.103127962576128,0.455498661922809,0.150627784045284
2.79445087294608,0.521746281720604,0.00192539754462911,-0.217443967706899,-0.586885607185636,-0.0604660295702505,-0.290317836236876,-0.14262847339686,-0.629965696611187,-0.208321878498004
0.968052706743093,1.65549530627431,-0.397894896484393,-0.488465089777681,-1.31837702294679,-0.13583059982765,-0.652168599740871,-0.320399920942209,-1.41515192992994,-0.46797327217808
1.56751973810337,1.29022547439161,0.320652344685487,-0.440853481427844,-1.18987234208509,-0.12259093653081,-0.588600503271467,-0.289169939781914,-1.27721441739654,-0.422359039719267
-3.12433282366581,-0.386989940034644,0.138770136682676,0.175127352136456,0.472672217478836,0.0486987786532494,0.233819289053269,0.114871647848728,0.507368521406973,0.167780506206658
0.166656078933966,1.64503863014163,-0.114120194344969,-0.48663592339358,-1.3134400663814,-0.135321951876473,-0.649726409082057,-0.319200112036474,-1.40985257815887,-0.466220841971624
2.4740296679541,0.739445408329167,-0.191537702585154,-0.262345038901764,-0.70807449418665,-0.0729519565298994,-0.35026698990382,-0.172080526290963,-0.760050402534091,-0.251339284759166
-2.91497207605454,-0.101023532629855,0.219621763519621,0.0798110095410166,0.215411507104743,0.0221935559483701,0.106558760135673,0.0523506012658923,0.231223697548237,0.0764628221593988
1.37812270720295,-1.36634865658984,0.0591111959117496,0.373087022592506,1.00696931764245,0.103746685540449,0.498122887792017,0.244719745678466,1.08088547391156,0.357435481928212
-0.970858445885699,-1.37402781726606,0.314373323411575,0.410175250565697,1.10707118490982,0.114060045404991,0.547640812839957,0.269047104089905,1.18833527634848,0.392967805050424
2.98881245122193,0.390475319590481,-0.573981969617491,-0.144051684560267,-0.388798370682893,-0.0400573697680422,-0.192328965520835,-0.0944881206673504,-0.417337950410957,-0.138008507869242
2.60046333478026,0.477546598641845,-1.02518946605988,-0.131249173437669,-0.354244137733029,-0.0364972939274655,-0.175235838649082,-0.0860905429542549,-0.38024727862653,-0.125743080620663
-2.9655460444524,-0.352361616714488,-0.0160818097589679,0.171655265640984,0.463300986754043,0.0477332734386433,0.229183572324851,0.112594194941786,0.497309399459923,0.164454078765732
1.39129192002964,1.02523060680346,0.104614413735456,-0.34347719861366,-0.927051811961594,-0.0955128931241508,-0.45858966863884,-0.225297712332638,-0.995101657574509,-0.32906783292733
-0.651190929776156,-1.54519198781701,-0.506783313911507,0.509107975135084,1.37409258238404,0.141570898487572,0.679729712950162,0.333940251612599,1.47495726640987,0.487750158612888
-0.0321690975577949,1.76966169459447,-0.788933137651667,-0.474255585379149,-1.28002528707349,-0.13187927240201,-0.633196941826034,-0.311079451207126,-1.37398500112837,-0.454359877058204
-2.40462758227198,0.633169225461412,0.0789225529933718,-0.141000046973197,-0.380561939950485,-0.0392087814603355,-0.188254606362473,-0.092486453686223,-0.4084969279691,-0.135084890896384
-2.74902958308561,-1.54795875874799,0.196248685271867,0.509222200184176,1.3744008780705,0.141602661774772,0.67988221922314,0.33401517548631,1.47528819241063,0.487859591755823
2.16588177024319,-0.307123844049099,0.2012311399701,0.0302916782752659,0.0817578440309491,0.00842339998501889,0.0404435891489657,0.0198692834507772,0.0877592439442706,0.0290208985225408
0.912029506788664,1.73583080148,-0.253906301501574,-0.520820767048557,-1.40570564144688,-0.144827949164392,-0.69536791363456,-0.341623047541367,-1.50889086868381,-0.4989715819506
1.82336552370362,-0.698804632873393,-0.271436017361135,0.186293701825335,0.502810418075132,0.0518038766589555,0.248727913626886,0.122196014794088,0.539719003853287,0.178478411362107
-1.83697097276657,1.52869061111799,-0.202344081504552,-0.401783083360075,-1.08442055818508,-0.111726381998436,-0.536436106403775,-0.263542412423118,-1.16402198996247,-0.384927701407258
1.23706031014209,1.23230056823367,0.0380788851071876,-0.397372110207781,-1.07251525364128,-0.11049979458894,-0.530546845851839,-0.26064911364118,-1.15124278158101,-0.38070177496386
-2.47430745739334,0.83431195819024,0.416244142972445,-0.22201863944382,-0.59923273747539,-0.0617381376881989,-0.29642565708913,-0.145629147331436,-0.643219162770348,-0.212704636133441
1.29689414599893,-1.25321404385882,0.595463273513593,0.305251656720229,0.823880311732321,0.084883273131277,0.407553271867227,0.20022435323915,0.88435689706823,0.292445907850164
3.06470734756868,0.41896451570285,0.213697447259999,-0.206931330905182,-0.558511790714379,-0.0575427136722866,-0.27628200897708,-0.135732897703422,-0.599509112159322,-0.198250262027811
1.8323042203343,1.29556169248594,-0.174536106878191,-0.4151574779913,-1.12051831613469,-0.11544548513008,-0.554292777026844,-0.272315106873902,-1.20276948854551,-0.39774102082344
-2.27177597678375,-0.877713862714682,0.653728477775172,0.268185906088322,0.72383911125754,0.0745761636842428,0.358065357185429,0.175911738436869,0.776972214644113,0.256935119112232
-2.5574101909549,1.07135979410198,-0.149683938290601,-0.253007969436838,-0.682873557411786,-0.0703555381315437,-0.337800707981001,-0.16595604292255,-0.732999601668889,-0.24239391887428
-2.70883985890336,0.284087355615983,0.218756292859565,-0.0395333155050739,-0.10670120729921,-0.0109932809336977,-0.0527824558102866,-0.0259311697549851,-0.11453356422871,-0.0378748356927169
1.7117723122056,-2.01843538998118,-0.408368248785098,0.591467862946847,1.5963835627956,0.164473237257168,0.789691578870732,0.387962743896967,1.71356542208928,0.566654929909916
1.68438142469338,1.90270727997494,-0.924418804495263,-0.542778332364307,-1.4649695483216,-0.150933829256971,-0.724684306812646,-0.356025718967592,-1.572505017542,-0.520007995616421
-1.38033279409159,1.69641841832891,-0.37460238203166,-0.450362268352152,-1.21553674770885,-0.125235105497214,-0.601296051803876,-0.295407058140139,-1.3047627078452,-0.431468919267543
0.940141180733254,2.21032858565336,-0.422641136170609,-0.651657870747955,-1.75883759473489,-0.181210656234186,-0.870053582067126,-0.427443300736276,-1.88794432343718,-0.624319879755009
1.78185079547187,0.776315159570283,-0.415129647943094,-0.243091697564745,-0.656109341783988,-0.0675980572293699,-0.324561110562859,-0.159451642116125,-0.704270770128665,-0.232893648961637
-2.13543801993842,-0.103936623136556,-0.379549426197704,0.103556526050458,0.279501129923643,0.0287966230215213,0.138262315980646,0.0679260472323989,0.300017791985598,0.0992121798781657
0.568007266253726,1.63532498994897,-0.252453689165841,-0.483346660375394,-1.30456227986941,-0.134407285551077,-0.645334787036505,-0.317042578912736,-1.40032312148807,-0.463069568298462
2.1057051027981,-0.920162129238838,0.0281139498697328,0.22602808708762,0.61005431666071,0.0628530703411808,0.301778825432811,0.148259072652568,0.654835095392388,0.21654588164466
2.84993072933135,0.370872579197647,0.717893144656085,-0.221583688324339,-0.598058795725959,-0.0616171880590621,-0.295844937057168,-0.145343848940185,-0.641959048324013,-0.21228793184304
1.93337225265713,-0.908342204305128,-0.109808139322329,0.235538185242982,0.635722261323253,0.065497603929959,0.314476124640423,0.154497051089302,0.682387184661468,0.225657017415949
-2.03821415221448,-0.705594932888213,-0.076137936813028,0.260536108408983,0.703192154695663,0.0724489357019569,0.347851816964763,0.170893990755454,0.754809676980637,0.249606241519096
2.38612022694063,-1.76908581778767,0.501459874975057,0.441331364088515,1.19116215692074,0.122723824407148,0.589238542861547,0.289483398348151,1.27859891054391,0.422816874510558
3.01739914055642,0.238696248601319,0.146576708436418,-0.147634647871812,-0.398468860146434,-0.0410537072053587,-0.197112718167062,-0.0968383012345644,-0.427718298057724,-0.141441160683307
-1.5777170473308,1.64605432128888,-0.205217514533154,-0.442317394821341,-1.19382347354148,-0.122998016255637,-0.59055503056105,-0.290130167534845,-1.28145557998402,-0.423761539826802
-2.41701261837551,0.0993900248857825,-0.434595000208873,0.0528215761401988,0.142566487874841,0.0146884322362333,0.0705241256097505,0.0346473661547959,0.153031520534591,0.0506056345586192
0.472244446599032,1.58411240601102,-0.19966180918904,-0.469491351646023,-1.26716652517392,-0.13055445157196,-0.626836029434148,-0.307954437478635,-1.36018234725778,-0.449795509826705
-2.87247129038885,0.970969799402959,0.197797472568707,-0.239362413697262,-0.646043930220649,-0.0665610315027652,-0.319581999693341,-0.157005485202729,-0.693466511292631,-0.229320813950765
2.8374380873335,0.194022867418535,0.5293398800199,-0.155949818619336,-0.420911671894567,-0.043365959716218,-0.208214623659401,-0.102292488454659,-0.451808514896785,-0.149407497981248
-3.00487127925789,-1.08158557044239,0.46966352735578,0.357493084290603,0.964880967042341,0.0994103797582139,0.477302818723363,0.234491181337499,1.03570764576177,0.342495731911264
2.5832262653013,-0.803293744068632,-0.0106894432450271,0.18322515005206,0.494528335616692,0.05095058491572,0.244630971685508,0.12018325325567,0.530828978639784,0.17553858977764
1.91022957905561,0.569679391220684,-0.23471304118734,-0.196375604306491,-0.530021674021379,-0.0546074155199264,-0.262188650865759,-0.128809058029951,-0.568927690517195,-0.188137363440002
1.6426712646322,-1.49448164252371,-0.15530705346433,0.419804448985563,1.1330605835625,0.116737697963181,0.560497127408864,0.275363204210522,1.21623241580169,0.402193044657716
0.037335402197241,-1.45741815185476,-0.0281471404654648,0.435697291723294,1.17595568319852,0.121157122006392,0.581716275329721,0.285787829558944,1.26227621205867,0.417419159636726
0.259765084870305,1.66426359407444,-1.10348635446343,-0.428222605936927,-1.15578135712953,-0.119078588503931,-0.571736533757982,-0.280884943385216,-1.24062099812923,-0.410258047739168
-3.51851028834931,-0.152225329439001,0.12818150739226,0.114528911271476,0.309115816551287,0.0318477840917815,0.152911971104752,0.0751231866614652,0.331806332142121,0.109724257655955
-1.0977312164371,1.52058486640551,-0.225305365726281,-0.414155925610234,-1.11781510627567,-0.115166977077968,-0.552955565775527,-0.271658156540238,-1.1998678507117,-0.396781485014569
-2.33751951558139,-1.19327467429264,-0.363597781802045,0.431819993386291,1.16549077762882,0.120078936953156,0.576539544627489,0.28324458520711,1.25104313452795,0.41370451957759
0.503466283273443,1.48197119110971,-0.288913941180216,-0.433747579467376,-1.17069337092001,-0.120614953096566,-0.579113139223479,-0.284508950749119,-1.25662762197616,-0.415551240632274
-2.40091328634299,0.704317710641629,-0.249235846401874,-0.140341737570058,-0.378785149737118,-0.0390257211701082,-0.187375672062711,-0.0920546474320292,-0.406589713222663,-0.13445419852565
1.00657129001974,-2.22267257819926,0.173413440093911,0.629021637347111,1.69774194915801,0.174916054582971,0.839831072927005,0.412595469143315,1.82236397787323,0.602633269112678
-2.14241648627973,0.379081086543771,-0.453864880196967,-0.035364478385847,-0.0954494327396446,-0.00983402583371486,-0.0472164804243457,-0.0231966957641639,-0.102455857923184,-0.0338808873252911
-1.19729579555762,-1.42319973548828,-0.182897807860899,0.463115275377427,1.24995736811236,0.128781415418027,0.618323083844066,0.303772164527851,1.34170995931089,0.443686919187341
2.2415761703124,-1.25169956908762,0.197329897237115,0.31057698714948,0.83825348480948,0.0863641216947124,0.414663326120609,0.203717408289,0.899785126827495,0.297547832959163
3.33386630772829,-0.918734159969149,0.0527033074932268,0.196832051343442,0.531253633680937,0.0547343426557977,0.262798070927036,0.129108456282997,0.570250081653777,0.188574661863017
3.0148859529281,-0.285266205918351,0.244348751397616,0.00213714099903968,0.00576818619568873,0.000594288414649952,0.00285337945732596,0.00140181933461473,0.00619159746032193,0.0020474848404862
2.28503904577828,-1.28751583408823,0.121188399872839,0.325393361377658,0.878243174460998,0.090484205280625,0.434445239374686,0.213435943411989,0.942710242710624,0.31174263884085
0.0439943062560531,2.31583694342212,-0.372035231533064,-0.666717341822203,-1.79948340762411,-0.185398339309006,-0.890160063305735,-0.437321290878451,-1.93157372500639,-0.638747584218177
-2.41506432923638,0.993896495560652,0.0913995715179225,-0.249182301130791,-0.672548002325743,-0.0692917101699824,-0.3326929105264,-0.163446664364163,-0.721916103585047,-0.238728742891563
-1.67511423659772,1.01614191288842,0.213335756182364,-0.280318063243116,-0.756584045473698,-0.0779498299257525,-0.374263468594126,-0.183869609479452,-0.812120776887597,-0.268558314712335
1.90112524441657,1.68345039963494,-0.457691626405204,-0.513408274358779,-1.38569917578643,-0.142766710092571,-0.685471208467191,-0.336760955814667,-1.48741583688511,-0.491870054059199
2.39419688118054,0.629194334302107,-0.0365555934533383,-0.238072826950391,-0.642563309861587,-0.0662024278993081,-0.317860222639971,-0.156159603889217,-0.689730397470296,-0.228085327234682
-0.974498703758986,1.89631618813294,-0.529728291212491,-0.508559701804113,-1.37261278172484,-0.14141843662904,-0.678997692058561,-0.333580621547781,-1.47336884161004,-0.48722488614181
1.97344669571206,-1.46600750825323,0.147587302699376,0.383739287755288,1.03571999384603,0.106708828786433,0.512345138267363,0.251706908092804,1.11174658132478,0.367640869147603
3.24039361476146,0.373680109366459,0.281956880239301,-0.201874099272237,-0.544862221637437,-0.0561364170493632,-0.269529903777251,-0.132415697253908,-0.584857602245435,-0.193405188582523
0.406431407681694,1.28539706759951,-0.157984942397487,-0.381742258069493,-1.03032997088023,-0.106153502017393,-0.509678826833687,-0.250396992262915,-1.10596090600607,-0.365727617747951
-1.7507821655739,1.541259669158,-0.270338958882526,-0.402885178129599,-1.08739513395653,-0.112032848513125,-0.537907555679607,-0.264265311734484,-1.16721491320857,-0.385983561705851
-1.70191249354299,-1.39962163079899,0.115957571924922,0.447230713483718,1.20708461863957,0.124364294081876,0.597114991997764,0.293352970850648,1.2956901538214,0.428468737658959
-2.24642701221687,-0.518482985378453,0.0889818888195386,0.198284257981484,0.535173168370788,0.0551381670085446,0.264736968075443,0.130061005199506,0.574457328127455,0.189965946330435
0.77468610923125,-1.43343740776273,-0.180463860506292,0.422452949275546,1.14020893868685,0.11747418331405,0.564033242397793,0.277100440507003,1.22390549290633,0.404730436526666
-1.27045464928601,-1.92987924170831,-0.120175640988451,0.611638465924277,1.65082442266652,0.170082205346488,0.816622129640914,0.401193289404869,1.77200249022111,0.585979346894247
2.11028741408969,-1.11044013577372,0.119821132355436,0.276535976241058,0.746376117196636,0.076898120895075,0.369213858221043,0.181388817296315,0.801163539958831,0.264934891734818
-3.00337496883621,0.240959477075845,-0.036952939837717,-0.00305580963756535,-0.00824769117993496,-0.000849748456370814,-0.00407992942405094,-0.00200440356287488,-0.00885310945776562,-0.00292761399979604
-2.88375459242473,-0.289615300486501,-0.329349564821725,0.172098521301315,0.464497342624915,0.0478565323643675,0.229775380069918,0.112884940547766,0.498593573326791,0.164878739209472
1.7634776190228,-1.7316233741981,0.229881615572489,0.46208317898369,1.24717171935374,0.128494413797696,0.616945092102205,0.303095179396511,1.33871983118498,0.442698120731345
2.98828416406668,-0.0203244076799059,-0.0296905441534393,-0.057950352643952,-0.156409157985524,-0.0161146237972389,-0.077371753128759,-0.0380114951800262,-0.167890305981815,-0.0555192514638188
0.0414323775648273,1.47394446030932,0.221047187983374,-0.455273322664801,-1.22879178128185,-0.126600753661296,-0.607852990019848,-0.298628376196321,-1.31899072154358,-0.436173947742721
0.47684178487598,1.96358179893352,-1.19510805632709,-0.5161502126925,-1.39309972205507,-0.143529178355613,-0.689132076195717,-0.338559481121261,-1.49535961711816,-0.494496964110695
-2.8123857938414,-0.661863556909165,0.495432106301612,0.226346049406292,0.610912503302647,0.0629414881490685,0.302203349200175,0.148467634336703,0.6557562768613,0.216850504983793
-0.481257418496972,-1.65886410678914,0.424096115714709,0.476965293831911,1.28733884425038,0.132632778296698,0.636814778196179,0.312856835900957,1.38183540687225,0.456955909318902
-0.133876991505002,1.94474503496239,-0.803655447131253,-0.523238373825764,-1.41223081037357,-0.145500228484998,-0.698595753780378,-0.343208833376418,-1.51589501487189,-0.501287766623868
-2.6719371774121,-0.0537680531961341,0.799182873181379,0.0215695437551209,0.0582166289409537,0.00599798046488907,0.0287983306119769,0.0141481556379918,0.0624899959312556,0.020664670171345
-0.0870644102406243,-1.37172872179935,0.374604789847223,0.385940033058102,1.04165984932661,0.107320804055095,0.515283438286256,0.253150447530508,1.11812244938114,0.369749289999248
-0.474328843225043,-1.92606431224719,-0.311406727797807,0.605713923090139,1.63483396335336,0.168434729971673,0.808712043771722,0.397307191717642,1.75483825801468,0.580303347208144
-3.35987631641502,0.519991515418033,-0.152392788537383,-0.0706719246761141,-0.19074493471544,-0.0196521923892251,-0.0943568150960204,-0.0463559823474111,-0.204746485859994,-0.0677071351339694
-0.839594812837582,-1.96714355896038,-0.208353960521425,0.619136194122898,1.67106094066592,0.172167146399342,0.826632636026864,0.40611128983593,1.79372446125327,0.593162534541512
-2.56315830154105,-0.54083163216644,0.0651713549118863,0.213537684452569,0.576342470745784,0.0593797844963724,0.285102406652487,0.140066216907998,0.618648645706414,0.204579469480779
2.67062853784951,0.838377119412803,-0.410571534927322,-0.281534398138824,-0.759866957624982,-0.0782880639202237,-0.375887444272942,-0.184667442554076,-0.8156446698149,-0.269723622598447
3.44180209841718,-0.783715513875604,0.578626394176452,0.118990347312601,0.32115732143886,0.0330884040383054,0.15886860660781,0.0780495856708928,0.344731738595899,0.113998529996951
2.05417520914564,-0.260077603746856,0.101164359389447,0.0254243641360575,0.0686208660587525,0.00706991492966071,0.0339450501272492,0.0166766559774135,0.0736579516680691,0.0243577752572104
1.43491257450644,1.44178349081737,-0.0828159636072913,-0.456125210489234,-1.23109104351648,-0.126837643536541,-0.608990378343444,-0.299187156746482,-1.32145876014871,-0.43699009763976
-2.72088445327121,0.984007988338641,0.16351508158329,-0.244304633973479,-0.659383081351126,-0.0679353461849147,-0.326180548790511,-0.16024724601413,-0.707784817162168,-0.234055700932225
-2.12958056991901,-1.19183843176207,0.198382411462693,0.389194504717867,1.05044373326808,0.108225795725778,0.519628609045974,0.25528515988625,1.127551110603,0.372867231861837
-2.98625908574924,-0.783489364880971,0.411208751502199,0.272093782338709,0.734386547225532,0.0756628517326842,0.363282913640355,0.178475039822943,0.788293880682068,0.260679054297023
-2.03479666220521,1.28221539004535,-0.245151034250384,-0.32104450129716,-0.866505514337225,-0.0892748900487639,-0.42863890838293,-0.210583386586251,-0.930110984616842,-0.307576219735974
1.97869776550182,-0.872697152861939,0.0184901904275886,0.215321863539749,0.581158005699224,0.0598759225432529,0.287484533034338,0.14123651720262,0.623817662963537,0.206288799672542
-0.961926117393506,-1.25806009533071,0.368199687430635,0.371791738509012,1.00347332005818,0.103386497642296,0.496393504004563,0.24387012729911,1.0771328541053,0.356194536887024
2.30195294803162,1.17402933409205,-0.229716876175389,-0.385593617799133,-1.04072486763113,-0.107224474156808,-0.514820925899805,-0.252923222650143,-1.11711883575031,-0.36941740736185
-1.33677093460035,-1.52183105488546,0.218431478653961,0.468755202577484,1.26517964415062,0.130349745910011,0.625853168391922,0.307471573691033,1.35804962007449,0.449090243277213
0.429148113611493,1.53721762804185,-0.941515484653614,-0.404913493053402,-1.09286959640391,-0.112596874967636,-0.54061563724239,-0.265595748555523,-1.17309122625324,-0.387926785882489
2.84492636335887,0.978650619838011,-0.112983719515882,-0.347129915014491,-0.936910566404799,-0.0965286272474449,-0.463466551327558,-0.227693646188593,-1.00568408971203,-0.332567312587613
-2.2278068325852,1.62578595237628,0.151306860420858,-0.445771870215282,-1.20314717155187,-0.123958624239029,-0.595167234027895,-0.292396068755379,-1.2914636800979,-0.4270710949774
2.65641253138789,0.371384506874594,0.836666263911535,-0.225410032059905,-0.608386173809748,-0.0626812038416132,-0.300953636303795,-0.147853670534459,-0.653044503221978,-0.21595375492003
1.54432512520148,1.305512402543,-0.855485926845196,-0.366199313118723,-0.988379252352219,-0.101831376281217,-0.488926840956852,-0.240201876096676,-1.06093081275234,-0.35083672183724
-2.57625737954242,0.551029321075115,-0.0688367291579497,-0.102826061444815,-0.277529591379109,-0.0285934980743883,-0.137287044484295,-0.0674469120663511,-0.297901533489229,-0.0985123593201219
3.06909528613861,-0.285108128716979,-0.0118097939022145,0.0180334986925437,0.0486727727674695,0.00501468988400832,0.0240772203313401,0.0118287502552786,0.0522455770375678,0.0172769673177868
1.5689975531622,-1.50365427167313,0.6641660801222,0.369332359635011,0.99683540740882,0.102702602488578,0.493109892319602,0.242256941805842,1.07000768828935,0.35383833251689
2.801313288153,0.0374862580301807,0.243209671816848,-0.089322565885581,-0.241083387449037,-0.0248384950251109,-0.119258006227987,-0.0585895361756989,-0.258780011396119,-0.0855753549467426
2.09392264888439,-1.40575416062213,0.198892930634975,0.359676346390874,0.970773635010441,0.100017493361349,0.48021777624356,0.235923252981844,1.04203286252629,0.344587403006021
-0.602442828457775,1.60961059119252,-0.842585682229453,-0.410339327066145,-1.10751403065811,-0.114105671202903,-0.547859877710276,-0.269154727129651,-1.18881062900136,-0.393124998304167
0.999262328853825,1.93137506691337,-0.309631807604841,-0.57733468686981,-1.55823783858487,-0.160543134934222,-0.770821829844763,-0.378692340356346,-1.67261962714913,-0.553114661027957
-1.14064139960675,1.74330908029145,-0.784133696943496,-0.442236351955734,-1.19360473723028,-0.122975480149623,-0.590446827102322,-0.290077008919671,-1.28122078742654,-0.423683896826722
-2.28385324301543,-0.227136060935431,0.409389287587178,0.0907839899784973,0.245027800233497,0.0252448825342648,0.121209209956259,0.0595481311165298,0.263013962130404,0.0869754701834593
-3.03114164875923,0.207071529957437,0.912397352730323,-0.0558617442209194,-0.150771962180778,-0.0155338311452303,-0.0745831713873779,-0.0366415099188002,-0.161839314206604,-0.0535182631875223
-2.11971412325563,-1.31547821373929,-0.348873998974621,0.462468514935832,1.24821174877662,0.128601566621122,0.617459569008739,0.303347933607992,1.33983620352715,0.443067291282497
1.38427071763969,1.53306317125893,-0.528444476742716,-0.452409564193475,-1.22106244003132,-0.125804410096399,-0.604029475522445,-0.296749945153833,-1.31069401127224,-0.433430328084735
-2.23332023303159,1.39988432123649,-0.113281808713517,-0.360575757088536,-0.973201162428071,-0.10026759822475,-0.481418614189939,-0.236513205308952,-1.04463858156585,-0.345449082122964
-2.58472152984178,-0.838135301822633,0.0823855472278266,0.301525405954812,0.813823086571974,0.0838470908386895,0.402578210609377,0.197780185834692,0.873561425554632,0.288875978698335
1.0936093711527,-1.60709086445285,0.407059261787205,0.42788321158527,1.15486532500296,0.118984210954075,0.571283395255943,0.280662323743168,1.23963772505239,0.409932891471857
-2.5090868134108,1.71592843171521,-0.482222878387142,-0.424049940655497,-1.1445192502838,-0.117918268882493,-0.566165447244888,-0.27814795838001,-1.22853220110045,-0.406260431806485
1.9358852207655,-1.81127964860808,-0.250964183624391,0.51420653628104,1.38785370064118,0.142988687871514,0.686536998778439,0.337284561415428,1.48972851372429,0.492634827738288
-2.77724016643589,1.05608008114383,-0.248777298807513,-0.236965286429741,-0.6395740358992,-0.0658944470499054,-0.316381502531566,-0.155433132535004,-0.686521697118779,-0.227024249642106
2.8351107780366,-0.738368739325183,0.155353637198542,0.147189142197422,0.397266431442725,0.0409298226038888,0.196517906341357,0.0965460797721893,0.426427605584296,0.141014344616854
-1.03814880319474,1.96318280667148,-0.247159854427914,-0.546003196071536,-1.47367351980845,-0.151830587655641,-0.728989946851847,-0.358141010517529,-1.58184790036935,-0.523097571622942
-2.0832630020932,1.35146258829482,0.358964449839122,-0.381049485191657,-1.02846016306105,-0.105960858249168,-0.508753879018311,-0.249942580310179,-1.10395384573587,-0.365063907695171
-1.38362191257326,-1.1740888913339,-0.386989237528427,0.406596054716531,1.09741086390241,0.113064755609943,0.542862090278205,0.266699394722115,1.17796584356906,0.389538761648238
-2.10647714382085,-0.706016316955525,0.214210367194944,0.242740865566471,0.655162439221005,0.0675004991402424,0.324092701217245,0.159221520154775,0.703254360584098,0.232557534873543
-1.71751760430971,1.36383931503378,-0.0994018833707766,-0.362146866712897,-0.977441618650296,-0.100704486688507,-0.483516263305917,-0.237543746508254,-1.04919030668106,-0.346954281424304
-2.45118958893727,0.246637181017705,-0.318025800791919,0.0018634432239858,0.00502947044012281,0.000518179530442929,0.00248795499108556,0.00122229218451841,0.00539865658759485,0.00178526908329029
-1.34445017289758,-1.41940677118958,0.323869120804297,0.431324010395782,1.16415210964181,0.119941015802771,0.575877338588235,0.282919254053926,1.24960620218433,0.413229343791499
2.67817945626502,0.590951922458404,-0.734937768057486,-0.186207963009966,-0.50257900730183,-0.051780034720271,-0.248613440424332,-0.122139775954832,-0.539470606470182,-0.178396269414156
-1.82573942027163,-0.899508744823245,0.699949430688929,0.261741798943735,0.706446337504357,0.0727842097511554,0.349461580946315,0.171684841852287,0.758302731700124,0.250761351590604
0.0291298357219908,-1.73676546238184,-0.367437019768459,0.541890299656954,1.46257273032683,0.150686888343832,0.723498660060403,0.355443229829301,1.56993226213746,0.519157217166623
0.900547293147407,-1.73613686458058,-0.309360370883898,0.518570800293454,1.39963293628453,0.144202286572871,0.692363896154402,0.340147222174224,1.50237239917105,0.496816004557839
0.650432376736683,1.95181770401088,-0.361444498201526,-0.57226001287267,-1.54454119221897,-0.15913198800195,-0.764046436671092,-0.375363698900656,-1.65791758425782,-0.548252876950902
-1.42400622977169,-1.11468801099799,0.726366800231049,0.315273354453405,0.850929073862591,0.0876700704743753,0.420933627422721,0.206797906249618,0.913391162126423,0.302047180856406
-0.181408526163204,-1.23069426323779,0.293956161935962,0.351360269948189,0.948328378772998,0.0977049889980658,0.469114661522644,0.230468471687241,1.01794002176121,0.336620198008142
3.00043525537135,1.21638510122275,-0.519431942473302,-0.394265456752794,-1.06413033398371,-0.109635907668302,-0.526399032884199,-0.258611359987535,-1.14224237044733,-0.377725450118382
3.11557358010166,0.846474529768115,-0.431383840904387,-0.29238352017153,-0.789148954448084,-0.0813049484103244,-0.39037252595546,-0.191783729704001,-0.847076099212686,-0.280117608257107
2.42204296564696,-1.32886702601254,0.145210589058532,0.333092055158015,0.899022102575074,0.092625030113268,0.444724062667574,0.218485763614508,0.965014439242193,0.319118361272786
-1.79277727003176,1.32242160376908,-0.259840333437345,-0.33739723360427,-0.91064186509651,-0.0938221985147726,-0.450472072623018,-0.221309668255166,-0.977487145510073,-0.323242931251209
-0.738439318712892,-1.66285143756611,0.558930964817914,0.47481203362745,1.28152715199765,0.132034007511891,0.633939877365374,0.311444443462448,1.3755971098112,0.454892981496995
-2.82103262731004,-0.637068500470541,0.39376443661469,0.225945570139729,0.60983160177201,0.0628301243277142,0.301668653869914,0.148204947139539,0.654596032211612,0.216466826402181
-1.64868461225504,1.5750327101862,0.22438707462782,-0.448316439081513,-1.21001501368993,-0.124666208716684,-0.598564586160449,-0.2940651330972,-1.2988356532793,-0.429508915496272
-1.52580244204084,1.39526831391824,-0.629635022001216,-0.340273592353279,-0.918405214747908,-0.09462204591917,-0.454312410237621,-0.223196364223967,-0.985820360554538,-0.32599862258699
2.498413356327,-1.06716504604835,-0.0769821207608035,0.268227249609196,0.723950698245247,0.0745876603405174,0.358120556516315,0.175938856978392,0.777091992627391,0.256974728212558
-3.03952516604609,0.625506443561185,0.134530605205753,-0.128413652352948,-0.346591009752319,-0.0357088025125786,-0.171450024976707,-0.0842306337194145,-0.372032376027807,-0.123026513750038
-2.87526228053358,0.274583631261102,0.0100155290234136,-0.0190557051145788,-0.0514317282951473,-0.00529894133689292,-0.0254420075901557,-0.0124992482369373,-0.055207052527225,-0.0182562907007106
2.73624838422797,-0.282625154908182,-0.167508251018952,0.0350626714167181,0.0946348497084481,0.00975010044681034,0.0468135262878722,0.0229987308920115,0.101581480769591,0.0335917415954014
-3.01677619870801,1.20721141065271,-0.0843922406008054,-0.287745859184009,-0.776631814914227,-0.080015324470118,-0.384180605722877,-0.188741739099442,-0.833640144352863,-0.275674503861313
-2.09091651676767,1.34811119359746,0.303366770404448,-0.376160685154126,-1.01526519422061,-0.104601398473164,-0.502226653344229,-0.246735859546899,-1.08979030579629,-0.360380199896055
3.29125481926301,1.07907725377829,-0.735781002158864,-0.345262871971184,-0.931871379980507,-0.0960094466923067,-0.460973790078718,-0.22646899276711,-1.00027500394257,-0.330778594702633
-1.86137438321919,0.93176123906612,0.626339454069265,-0.27867594312708,-0.75215193051767,-0.0774931951221234,-0.372071010629179,-0.182792490220847,-0.807363324410403,-0.266985083912236
1.26356906735718,1.68870266499029,-0.671401916552867,-0.486593418054371,-1.31332534362282,-0.135310132145971,-0.649669658562657,-0.319172231421038,-1.40972943422479,-0.466180119792924
1.56468042184819,1.08849670242404,-0.895183751203383,-0.299273018978546,-0.807743849184417,-0.0832207552408489,-0.399570961798507,-0.196302772966855,-0.867035944321445,-0.286718082616193
-2.13060420658535,1.43044853515127,0.014683630440182,-0.380522080477223,-1.02703668721425,-0.105814199459804,-0.508049720622333,-0.249596638640353,-1.10242588024743,-0.364558628371958
1.28161748317026,1.24854449925197,-0.329441592778751,-0.378608039278788,-1.02187065183158,-0.105281949828215,-0.505494210322103,-0.248341157621356,-1.09688063422552,-0.362724883972491
-1.07543523816461,1.69046412167845,-0.63955149887192,-0.43759145403144,-1.18106806505968,-0.121683843788297,-0.584245244556053,-0.287030271376143,-1.26776386614505,-0.419233859094128
-0.978270424702996,-1.46858668935792,-0.695016906276241,0.506081722296373,1.36592466559391,0.140729369078583,0.675689245949373,0.331955235302189,1.46618978714721,0.484850861461448
1.94498895728969,-1.82922309772668,-0.390754884591295,0.5287106988959,1.42700072491925,0.147021952784818,0.705902066253889,0.34679830692639,1.53174910873913,0.506530519735782
-1.14211259230186,1.85420635837701,-0.408825459111779,-0.500389798812343,-1.3505620505478,-0.139146579648614,-0.668089739155343,-0.328221720108458,-1.44969948585034,-0.479397722406985
-2.149796185484,1.73911817470516,-0.229727176664701,-0.455796535946314,-1.23020394436757,-0.126746246912202,-0.608551552271913,-0.298971568570845,-1.3205065438625,-0.436675211469691
-0.288419477150252,-1.87735569721649,0.160069384808767,0.555533219269627,1.49939524255886,0.154480661928006,0.741713848753262,0.364392058428927,1.60945771528406,0.532227796552575
0.54048240630211,-1.67291741323049,0.648413623943997,0.443580386988881,1.19723231460032,0.123349224534969,0.592241300164806,0.290958604610696,1.28511464557701,0.424971547644654
1.24231452128566,1.53945140776946,0.535402913224778,-0.522366435248861,-1.40987743075798,-0.145257762969259,-0.697431594923052,-0.342636900894542,-1.51336888642237,-0.50045240713245
-2.52082284671734,1.14684628232295,-0.136599361169275,-0.277203527857937,-0.748177852329282,-0.0770837512265646,-0.370105132157186,-0.181826685814964,-0.80309753069578,-0.265574438595046
3.03213905093575,-0.0691771320114578,0.158569783370396,-0.0569471860755411,-0.153701591402652,-0.0158356668777663,-0.0760323867135969,-0.0373534860491034,-0.164983991620692,-0.0545581691850984
-1.995261770725,0.850655538259103,0.653139852593193,-0.253324544386045,-0.683727999515857,-0.0704435701447644,-0.338223379417831,-0.16616369458655,-0.733916763733718,-0.242697213046106
3.16496052121489,-1.60040357686535,0.239823819963935,0.391332164143527,1.05621331870756,0.108820228302622,0.522482680674696,0.256687319273515,1.13374421001801,0.374915213380197
3.10431897613054,0.600711319912586,0.288451584013741,-0.267009752177823,-0.720664648387007,-0.0742491030723464,-0.35649502869125,-0.175140261359334,-0.773564731671083,-0.255808306560834
-2.01348418354338,1.01672047709199,0.332990253594069,-0.281024105363443,-0.758489667243096,-0.0781461635567827,-0.375206132687442,-0.184332725153978,-0.81416628001587,-0.269234737343674
-0.35499258540001,1.71756221597388,-0.0304244548087552,-0.502343759844603,-1.35583583035843,-0.139689930042749,-0.670698547966914,-0.329503385826975,-1.4553603852343,-0.481269711945462
3.53548718870842,0.352929716724169,0.567975581667205,-0.221341993251428,-0.59740645590198,-0.061549978370149,-0.2955222406341,-0.145185313388979,-0.641258823771547,-0.212056376228306
-2.85355299396051,1.36216253320653,-0.636607443083701,-0.300609774502238,-0.811351779013207,-0.0835924753666179,-0.401355715706874,-0.197179593794122,-0.870908712711213,-0.287998759310629
0.126282798183457,1.61177946314318,-0.729686458302759,-0.434635158110001,-1.17308896338502,-0.120861767745033,-0.580298179736371,-0.28509114205179,-1.25919906189144,-0.416401584066015
1.52789136965023,-1.64034804112203,0.220630396072133,0.440684727454609,1.18941687174442,0.122544010038236,0.588375193326645,0.289059248637726,1.27672551344843,0.422197365219491
-1.28511585901403,-1.00771237105632,0.273224528547838,0.310624903987652,0.838382813311721,0.0863774462352107,0.414727301741198,0.203748838480192,0.899923948633668,0.297593739616611
-3.10833871103157,0.437875159683164,-0.770640065311446,-0.0103683835781557,-0.0279844741427904,-0.00288320248496169,-0.0138432292117737,-0.00680095537687569,-0.0300386626146797,-0.00993341487817559
-0.747857887489231,-1.87682333340662,-0.319166209543111,0.597589337467814,1.61290554466061,0.166175474680914,0.797864595838036,0.391978015394589,1.73130019303536,0.572519599713516
1.913291009989,0.845320163924274,-0.574110087497241,-0.255935542695316,-0.690775136046048,-0.0711696270809083,-0.341709424064456,-0.167876332130926,-0.741481192336159,-0.245198676196721
0.219336039403623,-1.87729241343236,0.411527985898631,0.527473957601111,1.4236627354897,0.146678044252933,0.704250845203822,0.34598708864003,1.52816609560929,0.50534566152857
-0.815646282179934,1.52752947032333,-0.710882369777659,-0.389964821726642,-1.05252283424378,-0.108440002684574,-0.520657089024344,-0.255790435521863,-1.12978282710524,-0.373605232957012
-3.08045897645028,0.0590078327501252,-0.0121235718977072,0.0512477114606382,0.138318595703663,0.0142507776567227,0.0684227981132087,0.0336150178264139,0.148471813637743,0.0490977957806327
2.92474951007213,1.17573280849188,-0.56345246036282,-0.377524741624207,-1.0189468098484,-0.104980710347046,-0.50404785780014,-0.247630587940638,-1.09374216885993,-0.36168703222266
1.2592927400894,-1.72006438981603,0.231965031900863,0.469631863598538,1.26754576973719,0.130593524625885,0.627023632366754,0.30804660377551,1.36058943010759,0.449930127099412
-2.21309130084258,-0.0193580609512146,-0.0453213513127912,0.0576833738404471,0.155688576868222,0.0160403833002612,0.0770152994208359,0.0378363752188942,0.167116830912793,0.0552634728075893
-2.79260329916839,0.682857953242587,0.406317477145076,-0.16915725707914,-0.456558811806477,-0.0470386362814939,-0.225848384652258,-0.110955670997133,-0.490072318015916,-0.162060865279079
1.87511599829181,1.30714866429308,-0.393164223346558,-0.404929112863223,-1.09291175458225,-0.112601218467676,-0.540636491853523,-0.265605994089823,-1.17313647903481,-0.387941750418677
-2.20862496203088,-1.47395324774991,-0.312407814088467,0.509253256371344,1.37448469933929,0.141611297766616,0.679923683537627,0.334035546235666,1.47537816654415,0.487889345090983
-2.05943139489115,1.68259763293191,-0.228339379501173,-0.441029334785194,-1.19034697380512,-0.122639837194358,-0.58883529187811,-0.28928528763987,-1.27772388925696,-0.422527515773718
-1.30537597910264,-1.92304140737529,1.05450289740042,0.531767350444172,1.43525068843298,0.147871935356664,0.709983119745429,0.348803262725503,1.54060465733039,0.509458940326912
0.334289222590495,-1.90406538220213,0.143803078034388,0.550834213036319,1.48671253098269,0.153173979324435,0.735440024114647,0.361309829509877,1.59584403463628,0.527725920432856
2.05281530807415,-0.00753915972841506,0.000298940139381032,-0.0431094883965034,-0.116353369283379,-0.0119877301156266,-0.0575571423044562,-0.028276896267828,-0.124894239075244,-0.0413009829546195
-0.293383281045839,1.98448466355077,0.590465247576097,-0.624853966942861,-1.68649332358544,-0.173757123918856,-0.834266655267273,-0.409861760438271,-1.81028965170476,-0.598640438514847
-1.25597435509915,-1.66796716553892,0.541517193100678,0.488933027398674,1.31963999592194,0.13596072222344,0.652793361324525,0.320706856237914,1.41650761090141,0.468421579138504
-1.15216526606643,1.16107838836376,-0.222012788361432,-0.305960241992405,-0.825792797519302,-0.0850803139527461,-0.408499331420762,-0.200689137048551,-0.886409768064389,-0.293124766944452
0.0986716762659923,-1.86505888340928,-0.534699530771426,0.589807022245519,1.59190092060637,0.164011396701107,0.787474126329609,0.386873345205967,1.70875373344873,0.565063763880178
-3.08761402279896,-0.648628483342921,0.374133799203505,0.236594256783178,0.638572619480508,0.0657912724720261,0.31588612652594,0.155189762288258,0.685446772152013,0.226668785226304
1.97210470878455,-1.46599159456416,-0.162499317660234,0.404513508092099,1.09179002901303,0.112485648600895,0.540081601878166,0.265333385589036,1.17193241367527,0.387543580869316
-2.43675952529855,-0.658347676858993,0.226765162688247,0.234979305285614,0.634213833167793,0.0653421926192438,0.313729942432425,0.154130463798001,0.680768030976137,0.225121583281806
1.57555835594584,-0.828551332658351,0.0729519624687061,0.207415804666671,0.55981939506264,0.0576774343780257,0.276928848600328,0.136050679584109,0.600912700650944,0.198714411413699
0.340884526580144,1.8142567731129,-0.0195360952005641,-0.54727800582749,-1.47711425677421,-0.152185082127081,-0.730691994574141,-0.358977199128694,-1.58554120317479,-0.524318901264267
1.17280416024445,-2.31863527555699,0.168584430669592,0.65429186834549,1.76594680680297,0.18194310872896,0.873570333951456,0.429171024251576,1.89557538420609,0.626843377340453
2.69260974513437,0.25028564264925,0.292012540399697,-0.153649477898261,-0.414703006393015,-0.0427262893150151,-0.205143349952464,-0.100783621187382,-0.445144104933714,-0.147203659883307
1.97005866389534,0.638883585958421,-0.668748112507705,-0.189292096114757,-0.510903144084904,-0.0526376592636395,-0.252731185602972,-0.124162757788396,-0.548405772988207,-0.181351018670727
-3.10718515951353,1.51636761521321,-0.172696349274186,-0.372038363970224,-1.00413896709855,-0.103455078355698,-0.496722783179401,-0.244031896850155,-1.07784736268475,-0.356430816053133
1.04219973915986,1.5768209238735,-0.279382865083855,-0.474570204072132,-1.28087444920298,-0.131966760426598,-0.633617001389653,-0.311285819699918,-1.37489649564433,-0.454661297041586
3.33743180033938,-0.815036124820183,-0.149651539611714,0.179368463629138,0.484119062014345,0.0498781315487638,0.239481760745538,0.117653528919453,0.519655616717406,0.171843696932952
0.496924756165798,-1.42407563546131,0.288411396131789,0.394420979357304,1.0645500925962,0.109679154829868,0.526606677117807,0.258713372252551,1.14269294126299,0.377874448324504
-0.0382026373696379,-2.06271251358056,0.495491441760066,0.582840390375306,1.57309784219354,0.162074140988237,0.778172707155979,0.382303707892754,1.68857042302888,0.558389392301551
-2.99051592186767,0.178419731246489,0.0029942447679548,0.0126380496553367,0.0341103481684636,0.00351434299248963,0.016873548017378,0.00828970216126715,0.0366142038286507,0.0121078651779368
-2.76901317667289,0.206421977107683,-0.229378977034421,0.0149442054365148,0.0403347086332513,0.00415563042450652,0.0199525856355623,0.00980238371299521,0.0432954608370865,0.0143172743857914
-2.58791988313184,-0.754900143087672,-0.676707741191315,0.327567681845482,0.884111708784723,0.0910888324270531,0.43734825857619,0.21486214995279,0.949009554310819,0.313825743417586
-2.37936715995038,-0.969047538196164,0.211841987528865,0.327368775586956,0.883574856824474,0.0910335212963901,0.437082691151174,0.214731680957482,0.948433294959806,0.313635181564534
2.46568631735277,-1.16437183707851,0.039265767306483,0.290160853731893,0.783149933381857,0.080686877391472,0.387404958180475,0.190325811489488,0.840636722545922,0.27798818589206
2.60494248785695,1.47834073787316,-0.194462258268497,-0.485397645947572,-1.31009793084906,-0.13497761617723,-0.648073137057189,-0.318387886139254,-1.40626511458331,-0.46503451205696
-3.37623297823846,0.000188692956744514,-0.279887513339209,0.0932387405001359,0.251653220867483,0.0259274906525505,0.124486642149292,0.0611582807250184,0.270125718959893,0.089327240367312
3.45187791154202,-0.175712526990296,0.17590366314138,-0.03560579006937,-0.0961007377880159,-0.00990112891109807,-0.0475386649694397,-0.0233549798379723,-0.103154971742776,-0.0341120756343768
-2.62081453624902,0.256028024918519,0.0682457382541566,-0.0230380679748417,-0.062180205109318,-0.00640634235154281,-0.0307590139936629,-0.0151114077797455,-0.0667445167295231,-0.0220715876742689
1.95273878672087,-1.93193292585112,0.449884437533448,0.502919110634162,1.35738871361859,0.139849921502718,0.671466721018867,0.329880776865447,1.45702725723247,0.481820925936543
-2.72623278624236,-1.28083052276556,0.873950759881464,0.383706244873396,1.03563081044855,0.106699640341728,0.512301021440048,0.251685234206651,1.11165085145778,0.367609212462438
-1.54544148817336,-1.64009829903146,0.459788631121327,0.492483754745876,1.32922347987456,0.136948095600756,0.657534074490209,0.323035892202077,1.42679456643457,0.471823348333593
-0.643223568553307,2.2952778093846,-0.0589115775150145,-0.666360961568088,-1.79852153020791,-0.185299238381025,-0.889684246269543,-0.437087529638122,-1.93054124138585,-0.638406154631604
1.53763782184168,-1.69046666703314,0.627898718177564,0.42816388975704,1.15562288098853,0.119062260921673,0.571658139519334,0.280846429559382,1.24045088911423,0.410201794788022
0.0135547793231694,1.59794209652245,0.136535040142277,-0.485981713954754,-1.31167434205351,-0.135140031689446,-0.648852948802939,-0.318770995080389,-1.40795724158455,-0.465594077565766
-1.00327980836386,-1.23079222202788,0.366912105891362,0.364659262097143,0.984222623918564,0.101403124481029,0.486870659380538,0.239191707231209,1.05646906876902,0.349361278185333
2.35909654015423,0.858302181309387,-0.334704880080759,-0.285672736034858,-0.771036414172643,-0.079438837906884,-0.381412698968502,-0.187381911126078,-0.827634015589723,-0.273688351229243
3.87256389322358,0.171855152929016,-0.0651509108874168,-0.132420201581239,-0.357404766056354,-0.0368229291846925,-0.176799323533942,-0.0868586578768416,-0.383639911533274,-0.126864982438474
-2.62516199701627,0.410504010606168,-0.626246650604307,-0.0225389477804496,-0.0608330697464311,-0.00626754881888478,-0.0300926193523852,-0.0147840188339015,-0.0652984954658901,-0.0215934062945389
3.30328406094497,-0.930114307877955,0.406250045105295,0.177243880614391,0.478384770068813,0.0492873352128208,0.236645147937873,0.11625994676956,0.513500401500319,0.169808243251139
-1.57533830323477,1.81901283649545,-0.199157838051814,-0.49435595169682,-1.33427657679839,-0.13746870933583,-0.660033716920116,-0.324263926236903,-1.43221858379791,-0.473617003912325
-1.33773844319168,1.69226787870682,-0.893778270543381,-0.415324743976,-1.12096977036462,-0.115491997848201,-0.554516100300727,-0.27242482199868,-1.20325408158197,-0.397901269757954
2.73347431003705,0.47374614752275,0.141030520779282,-0.211090587792066,-0.569737708035711,-0.0586993047360203,-0.281835193424952,-0.138461087712543,-0.611559063186994,-0.202235032067509
-1.22279736073152,-1.46673648728906,-0.560179807482403,0.501907920112639,1.35465949022618,0.139568733311477,0.67011664151412,0.329217504566293,1.45409769635287,0.480852156321159
-0.443335590200319,-1.79066614049658,0.270245060382986,0.52572929964958,1.41895386886989,0.146192896100056,0.701921485015984,0.344842711526004,1.52311157662964,0.503674194503606
2.41123045680593,-1.06060324756355,0.0144856549698566,0.262075321393421,0.70734652125035,0.0728769544638174,0.349906879645334,0.171903609925478,0.759268993052728,0.251080882290731
-2.50057605964039,0.662404387449806,0.373908369243737,-0.167338475149835,-0.45164988309176,-0.0465328760018276,-0.223420058679958,-0.109762673588402,-0.484803051468026,-0.160318383884508
2.23684388203996,1.02997108582847,0.518641521134971,-0.39126999467821,-1.05604552208029,-0.108802940443281,-0.522399675821348,-0.256646540326996,-1.13356409635039,-0.374855652013944
3.04300013973066,0.404780248799583,-0.542236364506566,-0.151638788666183,-0.409276116039267,-0.0421671641489068,-0.202458801131187,-0.0994647456229277,-0.439318855992057,-0.145277321975112
1.63340065446742,-0.926354423342704,-0.174139206067058,0.251839647421138,0.679720232981572,0.0700306553845357,0.336240836151936,0.165189703036037,0.729614808794436,0.241274609658356
-1.2871943592286,-1.0703658571785,-0.531466627601853,0.383201240760946,1.03426779427343,0.106559210630486,0.511626770952608,0.251353985810213,1.11018778365762,0.367125394003529
2.27304408846911,-0.849113831882417,-0.124316061266439,0.211343712384457,0.5704208963608,0.0587696927042396,0.282173149840741,0.138627120252201,0.612292400661728,0.202477537716834
1.94557859122752,-1.07900741455812,-0.495296516200378,0.311960025978812,0.841986334203619,0.0867487121141806,0.416509874657216,0.204624587821072,0.903791984450398,0.29887285130757
-2.61057525368377,0.406890530290747,-0.369386091686074,-0.038971202200733,-0.105184052275761,-0.0108369705055882,-0.0520319566359145,-0.0255624616076877,-0.112905043083342,-0.0373363038551869
-1.44402454301114,-1.71685093368808,0.881531699061254,0.484912663721559,1.30878895414491,0.134842754079521,0.647425618563324,0.318069770740375,1.40486005299859,0.464569875537369
-0.006896779595565,-1.9643529930377,0.239449008836534,0.569948699804245,1.53830291213301,0.158489266450209,0.760960513359595,0.373847634518792,1.65122138586432,0.546038526811465
-2.70413111205432,0.936019890595972,-0.00110478350604388,-0.219347921177532,-0.592024415589702,-0.0609954740430944,-0.292859878022256,-0.143877337551607,-0.635481717069659,-0.210145958364453
1.4391850571402,1.21831796499386,0.700479723903526,-0.441990513234932,-1.19294121361797,-0.122907118210139,-0.590118598334978,-0.289915755416897,-1.2805085581445,-0.423448371396124
-0.714684171122993,1.88276766717852,-1.04989481790204,-0.475450635416356,-1.28325075096701,-0.132211587580259,-0.634792499268512,-0.311863322860303,-1.37744722883289,-0.455504793016441
-3.08475940089242,-0.518882425132013,0.19763250004077,0.209648219229751,0.565844726508529,0.0582982161196751,0.27990943147127,0.13751499190548,0.607380318999645,0.2008531729543
-0.181141533489585,1.80113000976458,-0.805214318958458,-0.479260612606934,-1.29353395541934,-0.133271052213364,-0.639879346909057,-0.314362409112728,-1.38848526755269,-0.459154936148696
2.2410693946013,-1.11987031557153,-0.188191325253548,0.297070415781969,0.8017989792115,0.0826082633358294,0.396630181233921,0.194858014877036,0.86065469368606,0.284607881812116
-2.72552739019027,-0.866217027503454,0.166767616325867,0.307363477674051,0.829580158620794,0.0854705206396237,0.410372845554642,0.201609564343913,0.890475138803435,0.294469134857982
-0.498746546215343,-1.74964661778712,-0.15060712624799,0.54288120803251,1.46524721180261,0.150962436549513,0.724821660089028,0.356093198418322,1.57280306279323,0.520106555501423
2.09792962141575,-1.50064032248359,-0.062199382721163,0.405356160043178,1.0940643634412,0.112719970197988,0.541206659030672,0.265886108033603,1.17437369465888,0.388350882351256
2.42207359732205,-1.17367187531566,0.143973607669137,0.286891089040011,0.774324773241585,0.0797776330899073,0.383039369103152,0.188181067943423,0.831163755263366,0.274855592562188
3.28654147351717,-0.639988368225471,0.0599559644656126,0.114263002336618,0.308398123030809,0.0317738410999952,0.152556945819764,0.074948768461497,0.331035956632744,0.109469503985834
-2.51552410474125,-1.61365984537664,0.802531089589986,0.483089616173789,1.30386851244085,0.134335807632149,0.644991597399128,0.316873975375664,1.39957842835525,0.462823307473203
3.12479653103179,-0.0307915693583611,-0.821028811908023,-0.00489165728058088,-0.0132026805964443,-0.00136025430778483,-0.00653104048958882,-0.00320859492064792,-0.0141718177737544,-0.00468644517668407
0.830177460095703,-1.7264677962983,-0.31700968755837,0.517753260837768,1.39742638098245,0.143974948167379,0.691272367664023,0.339610971820922,1.50000387261159,0.496032762065758
-0.425416138200204,1.63992746844029,-0.250732359893474,-0.462893971162519,-1.24936006362096,-0.128719875944921,-0.618027612042758,-0.30362700399449,-1.34106880993629,-0.443474899004601
3.14245478371705,-0.189167220755552,-0.178087610033038,-0.00107225010611686,-0.00289402442946359,-0.000298167418976458,-0.0014316025134908,-0.000703323239305554,-0.00310645906697138,-0.00102726766201692
1.02834692863093,-1.85330753910444,1.17889071686964,0.451105720214216,1.21754333911758,0.12544184189349,0.602288663087678,0.295894712064267,1.30691659224641,0.432181182247801
-0.164046843846928,2.00723653183769,0.151545944639133,-0.60512550892244,-1.63324582177496,-0.16827110589491,-0.807926429299271,-0.396921231990411,-1.75313353957636,-0.579739617866545
3.12105287970647,0.2962182725662,-0.0226400146741374,-0.155755341488975,-0.420386774239601,-0.0433118802214443,-0.207954969734395,-0.102164924666587,-0.451245087351772,-0.149221179448023
2.90947206533195,-0.601605082909866,-0.185610298912771,0.127575962037914,0.344330066878821,0.0354758606292341,0.170331592296041,0.0836811657710847,0.369605469600281,0.122223965756328
-3.05197521672815,-0.539400497153266,-0.771169206941882,0.279870153521039,0.755375128197316,0.0778252768154245,0.37366544703154,0.183575811125084,0.810823119550569,0.268129195451475
-2.73319583701518,-0.522320130408497,0.322457258508148,0.194556302483626,0.525111342103569,0.0541015106701451,0.259759630763494,0.127615719606356,0.563656917764683,0.186394383962157
2.89375685883058,0.457969707289281,-0.0110947937466873,-0.199746204241154,-0.539118990493736,-0.0555446997199348,-0.266688868968707,-0.131019942646261,-0.578692791652121,-0.191366561828254
-1.74964596002029,-1.2803851863281,0.262569431306342,0.402915184399363,1.08747612147729,0.112041192547747,0.537947618208833,0.264284993809337,1.16730184558399,0.386012309169162
-3.20492925057624,0.155047555527264,-0.699723173960385,0.0713657490921509,0.192617580657198,0.0198451285653769,0.0952831668606443,0.0468110840377839,0.206756592583964,0.0683718526113997
1.33833605848035,-2.17686633543345,0.31555718164192,0.598522325040803,1.61542369673466,0.166434916479976,0.79911026356698,0.392589991871274,1.73400318899586,0.57341344710726
2.74824949851246,0.75491412013172,-0.553836011388408,-0.248771476851299,-0.671439179398813,-0.0691774696449686,-0.332144403169984,-0.163177191541181,-0.720725887980797,-0.238335153285289
-2.11017847348063,-0.450106112701232,-0.31358717110981,0.201821181468377,0.544719395429027,0.0561217018584719,0.269459251174297,0.132380986768905,0.584704291939689,0.193354490757137
-2.13426054703225,0.879435771128099,0.0232129004347137,-0.216686321851853,-0.584840705906655,-0.0602553461599074,-0.289306274005049,-0.142131509177432,-0.627770690219921,-0.207596016983316
-2.43850777006657,-0.428072848317449,-0.0320738601904407,0.183664337790889,0.495713712086267,0.0510727126485927,0.245217348191525,0.120471330581449,0.532101367167053,0.175959352955073
-1.94635811416977,1.46504071040659,-0.0752106529190476,-0.388892290469575,-1.04962805098229,-0.108141757084161,-0.519225111135366,-0.255086927866631,-1.1266755535045,-0.372577695938735
3.67843498547849,-0.162951085531321,0.519809876420528,-0.0674275927059177,-0.181988417998421,-0.0187500203266272,-0.0900251822273122,-0.0442279209393086,-0.195347200742102,-0.064598907586294
-3.04516743755788,0.665327562047593,0.142833747320415,-0.140720290407826,-0.37980687139897,-0.0391309877697006,-0.187881092571365,-0.0923029523812089,-0.407686433930363,-0.134816870523895
-1.54918284619443,1.32488201630731,0.30125162813787,-0.381056195582131,-1.02847827453883,-0.105962724250203,-0.508762838319705,-0.249946981870541,-1.10397328667899,-0.365070336575052
0.811921013097083,1.26527329475005,0.556595711721145,-0.432512257618972,-1.16735921260458,-0.120271439279181,-0.57746381333108,-0.283698663523174,-1.25304872118174,-0.414367742323615
2.84411339295932,-0.984628255688957,0.196469637820623,0.217679776853544,0.587522060777189,0.0605316025221439,0.290632674132545,0.142783148180225,0.630648868809064,0.208547795109598
2.53175758552573,1.06864397315795,0.714945953159001,-0.42245222314645,-1.14020697884994,-0.117473981394706,-0.564032272914803,-0.277099964215637,-1.22390338920841,-0.404729740859737
-2.20923528917932,0.597855268548483,-0.145991518553044,-0.119733880284185,-0.323164131763801,-0.033295162989222,-0.159861326184064,-0.0785372927973565,-0.346885857982777,-0.114710870684067
-1.12308891138412,-1.70291659636768,0.171649506663379,0.521170506102539,1.40664959413141,0.144925203331537,0.695834863748055,0.341852452605498,1.50990411181535,0.499306648944998
2.15855187550074,1.60722069695423,0.228523590108177,-0.542277951446192,-1.46361901024024,-0.150794685146834,-0.724016228930452,-0.355697503072618,-1.57105534378477,-0.519528606402152
3.61026608100327,-1.08728545263367,-0.0891249362726617,0.250484149356173,0.676061716659943,0.0696537234008946,0.334431058353114,0.164300588374743,0.725687740631748,0.239975976699385
3.21984790400274,0.703383018722407,-0.388010017869503,-0.254915378979701,-0.688021693823754,-0.0708859436564133,-0.340347364101846,-0.167207174025933,-0.738525634853732,-0.244221309825726
0.417051441009616,1.42553155932154,0.208089158354587,-0.448264115054147,-1.20987379009612,-0.124651658641005,-0.598494726331416,-0.294030812089246,-1.2986840632274,-0.429458786537596
2.63106321447451,0.787000777180207,-0.140943199926694,-0.283380941669108,-0.764850815454628,-0.0788015440451606,-0.378352835830512,-0.185878649687402,-0.820994365617665,-0.27149270095465
-3.20362126520329,1.22852771752115,0.5269808586063,-0.330886107085794,-0.893068204716062,-0.0920116080773663,-0.441778816230381,-0.217038811513461,-0.958623498032558,-0.317004955915442
-2.36255077505029,-0.993406901604037,0.470721922670356,0.316939091568816,0.855424931571127,0.088133272607499,0.423157617355325,0.207890516655678,0.918217036365875,0.303643037888568
-0.2699281468099,-1.82370842691404,0.248818906254948,0.533187232152306,1.43908297749207,0.148266770910189,0.711878858631933,0.349734608683595,1.54471825394474,0.510819255942023
2.41322762759061,-1.5169545190517,0.930172426265251,0.336853705170751,0.909174871010207,0.0936710561001082,0.449746386827194,0.22095315052079,0.975912467344197,0.322722204622267
-1.27532382984093,1.01684450131676,0.00197655742576083,-0.275214221252208,-0.742808674110665,-0.0765305720636068,-0.367449132105874,-0.180521835801024,-0.79733423022409,-0.263668586281072
-0.919225644989132,-2.03461027835446,0.873712706341298,0.568609076695638,1.53468724263532,0.158116748916831,0.759171930827897,0.372968932750595,1.64734030967853,0.544755102831452
2.82660155018905,0.469794425959891,-0.0973953367356212,-0.196014690670956,-0.529047560918283,-0.0545070539656893,-0.26170678113701,-0.128572323199331,-0.567882073054343,-0.187791590653923
1.36462269387993,-1.73575234144526,0.263289018333364,0.469888084088114,1.26823731395055,0.13066477348996,0.6273657222344,0.30821466701344,1.36133173683104,0.450175598768555
-1.11345362883958,1.40360520080673,0.13255548307348,-0.402868555248719,-1.08735026846938,-0.112028226082724,-0.537885361829578,-0.264254408253701,-1.16716675438934,-0.385967636178886
0.472053130776569,1.91578210028544,-0.561726522836367,-0.544171873357404,-1.46873074326528,-0.151321340080033,-0.726544877193556,-0.356939787205757,-1.57654230140749,-0.52134307554762
-2.07619419531602,1.60667844588719,-1.05006736374485,-0.363032509600308,-0.979831986473369,-0.100950763049188,-0.48469871931729,-0.238124668086987,-1.05175613844177,-0.347802770310566
2.26331489294381,1.10145253496307,0.659871662328786,-0.422622535748327,-1.1406666559604,-0.117521341305077,-0.5642596638449,-0.277211677714347,-1.22439680872248,-0.404892908601428
-0.662576760403462,1.38885544928457,-0.795762341309605,-0.346309708384903,-0.934696812347146,-0.0963005471639118,-0.462371461790331,-0.227155646350374,-1.00330783597539,-0.331781514813436
3.45029922482526,-0.0290735747597595,0.488707903309327,-0.100233489761086,-0.270532188678893,-0.0278725651474161,-0.133825601936835,-0.0657463611367401,-0.290390489407488,-0.0960285497714326
-0.182289962986157,2.34328227002456,-0.749741352816222,-0.644630516637377,-1.73987062578381,-0.179256515101038,-0.860671090286055,-0.422833833757813,-1.86758509216354,-0.617587333321899
1.81375777481701,-1.77436553773589,0.182794037634074,0.476870332503232,1.28708254172965,0.132606371794975,0.636687991660048,0.31279454771939,1.38156029057354,0.456864931755423
1.15934837807043,-1.76220807436215,0.138896000514801,0.490635179817341,1.3242341392605,0.136434050591964,0.655065970734408,0.321823352609478,1.42143898538593,0.470052323799238
-1.77928640222516,0.965888516441067,0.426887101308837,-0.277320239951442,-0.748492860598242,-0.0771162061020506,-0.370260958979178,-0.181903241020883,-0.803435662013304,-0.265686254447281
-2.50904889846482,0.764861866896176,0.0616399368523383,-0.17681139785629,-0.477217490475996,-0.0491670719766606,-0.236067723510487,-0.115976267455717,-0.512247438243381,-0.169393903770786
0.994394586373799,1.40747738576254,-0.119851177412122,-0.433686932443081,-1.17052968339143,-0.120598088592101,-0.579032167039917,-0.284469170420501,-1.25645191903388,-0.415493137838438
-1.57313717343415,2.05768389845498,-0.132323874207275,-0.570054393147224,-1.53858818057445,-0.158518657271528,-0.761101628622354,-0.373916962172791,-1.65152759431489,-0.546139786165709
-2.35130643115049,0.83249073097171,0.394744923967411,-0.22275345508838,-0.60121601956077,-0.0619424725564466,-0.297406737825521,-0.146111136483478,-0.645348026837205,-0.21340862519802
3.04316024605506,0.766232227498471,-0.320200855481615,-0.274293734007444,-0.740324260671898,-0.0762746063104619,-0.366220154047749,-0.179918058690597,-0.794667449469101,-0.262786714808688
-1.85450308621292,1.81155479772372,-0.201768514973268,-0.485791538310747,-1.31116105419604,-0.13508714833639,-0.648599037958433,-0.318646252775196,-1.40740627604929,-0.465411880065315
-3.09213265320966,0.146944081856133,-0.0598376935013522,0.0284735238477266,0.076850608956017,0.00791781419876676,0.0380161009784995,0.0186766976405824,0.0824917953570767,0.0272790183051277
2.58049592847545,-0.0375176905965944,0.313315297378672,-0.0667687056564415,-0.180210068706065,-0.0185667994066025,-0.089145476689625,-0.0437957357883531,-0.193438312473144,-0.063967661802323
-2.72352410981374,0.735314060025413,0.133325224412727,-0.168059465186556,-0.45359584958574,-0.046733366295212,-0.224382680313552,-0.110235594080777,-0.486891860808301,-0.16100912734551
0.40876105796425,1.48853829707505,-0.69586970007042,-0.406383134727097,-1.09683618860284,-0.113005547591836,-0.542577812580019,-0.266559733671183,-1.17734898447252,-0.389334773960575
0.621655958089201,1.88244583568855,-0.921895175578728,-0.513433703168528,-1.38576780865129,-0.14277378124372,-0.685505159452828,-0.336777635386665,-1.48748950771634,-0.491894416093569
-0.0734558000584259,1.86572357209458,-0.220332082804591,-0.540039507742054,-1.45757740602234,-0.150172226843516,-0.721027596320513,-0.35422923604423,-1.56457025816813,-0.517384068651689
2.53067001199961,1.64524855280806,-0.861048302282085,-0.488929006973711,-1.31962914471475,-0.135959604238253,-0.652787993499938,-0.320704219112217,-1.41649596316595,-0.468417727376188
3.14036916999636,-0.714886415294256,-0.625826462360903,0.185716651860475,0.501252948706933,0.0516434126984848,0.247957471940389,0.121817509212031,0.538047209105767,0.177925569478589
1.39350852049419,1.59322879992376,-0.461509170744126,-0.47503542777655,-1.28213009726314,-0.132096128146314,-0.634238139518511,-0.311590974850686,-1.37624431401853,-0.455107003938164
-2.69315668364235,-0.681385307552522,0.155371532260358,0.252289687473975,0.680934900063177,0.0701558008895116,0.336841702001366,0.165484898742685,0.730918637998706,0.241705769879516
1.32467876915258,1.51938210837123,0.231425669876245,-0.497859820694781,-1.34373358913151,-0.138443052513409,-0.664711867694649,-0.326562226306718,-1.44236978411592,-0.476973880533755
-0.322962047770446,2.01938506030248,-0.135898297786066,-0.586004528916676,-1.58163791524617,-0.162954013153119,-0.7823972706818,-0.384379167858515,-1.69773737652687,-0.561420790650825
-1.43355728965094,-1.86698330867465,0.608293585922881,0.547738326739664,1.47835667210028,0.152313086496118,0.731306586795789,0.359279138380761,1.58687481747166,0.524759911047832
-2.66281009027534,-0.00646869593066812,0.580238864035188,0.0219126731143339,0.0591427419274329,0.00609339663209477,0.0292564558668027,0.0143732251913038,0.0634840898492609,0.020993404757238
1.1849106088283,1.09407300330148,0.120227198867177,-0.360494366050079,-0.972981486391396,-0.100244965300093,-0.481309945872196,-0.236459818316037,-1.04440278030275,-0.345371105556388
2.56864041726141,0.839142209656515,-0.150746872174873,-0.296896156550923,-0.801328650070165,-0.0825598059611392,-0.396397521006851,-0.194743712657657,-0.860149840233309,-0.284440933008063
1.95028693901665,-1.17654997106717,0.712358254371746,0.260135903554879,0.70211199380973,0.0723376481882238,0.347317488013171,0.170631483554225,0.753650227342364,0.249222825837944
0.0614866303357915,1.6818453223215,-0.372329126129006,-0.478011904253806,-1.29016366666058,-0.132923815925317,-0.638212148177383,-0.313543341248934,-1.38486758417504,-0.457958612918565
3.78457645717475,-0.752136703337647,0.467790614388879,0.109418883250541,0.295323748969792,0.0304268060408514,0.146089375408985,0.0717713553675131,0.317001863681308,0.10482860270758
1.96027716242826,-1.05791332472696,0.766693582415491,0.22089903024929,0.59621088992141,0.0614268008257532,0.294930823628285,0.144894759746896,0.639975497776544,0.211631996165324
1.73795171245928,1.67605747017229,0.113588495073991,-0.545826708499106,-1.47319717632926,-0.151781510631864,-0.728754311480165,-0.358025246657557,-1.58133659109882,-0.522928487959652
-3.40250076303424,0.0867622920933505,-0.392205540070039,0.0755161956468048,0.203819718716061,0.0209992696838913,0.100824588293812,0.0495334950673853,0.218781018842477,0.0723481819250579
2.00218209737876,1.10738235691509,-0.150057043064123,-0.364427588246673,-0.983597331573894,-0.101338701457292,-0.486561342678445,-0.239039744921254,-1.05579787710462,-0.349139323388253
2.23209265070738,1.12640553476689,-0.40280867211154,-0.358265729564417,-0.966966352051838,-0.0996252341525043,-0.478334407258276,-0.234997984156835,-1.03794610757465,-0.343235963597389
-0.943427642065797,-1.77571802207556,0.368936166090811,0.525712400556196,1.41890825787968,0.146188196861484,0.701898922383976,0.344831626868579,1.52306261758401,0.503658004351651
-0.468431967621115,1.79265162926309,-0.599157645109032,-0.48417534313243,-1.30679891116416,-0.134637722645376,-0.64644119337873,-0.317586138514839,-1.4027239317557,-0.463863486614271
3.05453206172252,-0.485614633832279,0.025479574085751,0.0756559707003189,0.204196974374225,0.0210381378236153,0.101011207364113,0.0496251780085675,0.219185966792446,0.072482093212744
1.68297765852482,-1.66594228031836,0.713354802292287,0.41192191416222,1.11178546480549,0.11454575128035,0.549972850841856,0.270192796770815,1.1933956059632,0.394641193580669
1.95020609489579,0.757748207471157,-0.285026934847507,-0.249978586544169,-0.674697192543581,-0.0695131383285073,-0.33375606192433,-0.163968973509347,-0.724223054200556,-0.239491622979178
-2.45305089009891,1.27129669208867,-0.0987825312106615,-0.318345030998168,-0.859219590141622,-0.0885242311427284,-0.425034741367152,-0.208812717425889,-0.922290240241545,-0.304989996123674
2.23853869613968,1.35339645450214,-0.448311514009816,-0.423057639068587,-1.14184100850277,-0.117642333257654,-0.564840587085996,-0.27749707593897,-1.22565736411583,-0.405309758707563
-2.84948151371929,-0.558905539625907,0.119235218287179,0.221633758160776,0.598193935213473,0.061631111297506,0.295911787228862,0.145376691352001,0.64210410766837,0.212335901177359
1.75577162892421,1.77406559218793,-0.192074585523716,-0.554995410260226,-1.49794368531236,-0.154331109950048,-0.74099579918139,-0.364039292248292,-1.60789960709267,-0.53171254940963
1.51497673256966,-1.66946765425397,0.849525901473996,0.407571848564928,1.10004455096783,0.113336100822753,0.544164910318085,0.267339449207942,1.18079285531804,0.390473619532172
-0.278158532013022,2.20444257853888,-0.227095845023766,-0.636080360653936,-1.71679358419562,-0.176878918748392,-0.849255446933069,-0.41722551218383,-1.84281409011163,-0.609395868758843
-3.59282989283287,-0.089890522510231,0.570244603470627,0.0680000355263079,0.183533452591777,0.0189092031490803,0.0907894727373577,0.0446034045475239,0.197005647945399,0.0651473356017224
0.641254146691458,-1.69706809088695,0.335857310824256,0.469471693182555,1.2671134665888,0.130548985017768,0.626809782660609,0.30794154286186,1.36012539392969,0.449776676064237
-3.45222106622179,-0.407773779040103,-0.0868683715710142,0.203665764613424,0.549697962139805,0.0566346368465949,0.271922025345852,0.13359090802267,0.590048308231246,0.1951216909691
-2.95036535852172,-0.221727714946073,-0.229448597055995,0.146639061360734,0.395781752289538,0.0407768581207259,0.195783472179091,0.0961852641063926,0.424833944186691,0.140487340467541
1.84454546202899,-1.46151606002878,0.197443144558092,0.381910614561178,1.03078436841026,0.106200317979739,0.509903606085545,0.250507422686204,1.10644865839433,0.365888911441102
0.00421069850801127,1.68145543445907,-0.0326984338931854,-0.499356909027496,-1.34777426041075,-0.138859357404963,-0.666710688126381,-0.32754421456644,-1.44670705915902,-0.478408163843784
2.01528645086655,1.24258370969813,-0.131342170189278,-0.406289718444419,-1.09658405619209,-0.112979570730899,-0.542453088894453,-0.266498458934848,-1.17707834438895,-0.389245276626181
-2.00263043755464,-0.478671828392888,0.572052236782917,0.148702694911799,0.401351540416554,0.041350705850956,0.198538709004692,0.0975388675479727,0.43081258025214,0.142464401603901
2.42662954685952,1.49888635743133,0.117322122601859,-0.508449629208701,-1.3723156935937,-0.141387828041094,-0.678850729886807,-0.333508421401637,-1.47304994585047,-0.487119431251112
-1.48777776270296,1.59638642667895,-0.247671333093309,-0.426650781301311,-1.15153897107766,-0.118641501212439,-0.569637930002871,-0.279853933187096,-1.23606720152605,-0.408752163422329
-1.82952602490664,2.10952239146428,-0.465529812956367,-0.557555050207737,-1.50485220459948,-0.155042885339301,-0.744413273296416,-0.365718242195762,-1.61531524331203,-0.534164808756106
2.94525949475467,-0.659518783741611,-0.268155704869922,0.149580374988773,0.403720416455389,0.0415947679422029,0.199710533560428,0.0981145660639163,0.43335534263329,0.143305261731151
-1.8396348840614,1.06619963150087,0.61362170085514,-0.318397950576659,-0.859362421139797,-0.0885389468271028,-0.425105396339484,-0.208847429074929,-0.922443555688647,-0.305040695649243
-2.5084817752262,0.355079839061606,0.168475154185721,-0.0617655474886834,-0.166706444990514,-0.0171755393366792,-0.0824655670608039,-0.0405140038591775,-0.178943460978087,-0.0591743933620833
2.02953393250419,-0.47642910921038,-0.00712997239230013,0.0977364684467828,0.263792678332138,0.0271782025204809,0.130491732376549,0.0641084847594175,0.283156268158187,0.0936362821158576
1.48750940862946,-1.63408255598176,0.00412374164079203,0.454195527151969,1.22588278968902,0.126301044195742,0.606413983619759,0.297921415546871,1.31586819665496,0.435141367311829
-1.46809236607407,-1.75657611127602,0.469967234034049,0.524830934892144,1.41652916446579,0.145943082087918,0.700722043544782,0.344253445264641,1.52050888782573,0.502813517448182
-0.363271816897744,1.61112889462696,-0.122648223039347,-0.464248720159043,-1.25301655819192,-0.129096599630328,-0.619836389731385,-0.304515627317766,-1.34499370794255,-0.444772814319637
1.98281442537784,1.32961061315208,-0.142313136609648,-0.430792024721946,-1.16271626969419,-0.119793083156837,-0.5751670639765,-0.282570307585884,-1.24806496501348,-0.412719675686762
-1.44318833295854,1.50690920006093,-0.398175629229091,-0.390880293496269,-1.05499371081509,-0.108694573752591,-0.52187937072798,-0.256390922821266,-1.13243507732475,-0.374482299360701
1.25819579420841,1.20170119121793,0.189123988986781,-0.398820530506334,-1.07642456892531,-0.11090256605014,-0.532480687712212,-0.261599178976164,-1.15543905849771,-0.38208943193421
2.57847058971762,-0.49976308077901,0.341272172915393,0.0692583972264068,0.186929795926613,0.0192591238048274,0.0924695600252631,0.0454288043512477,0.200651298424239,0.0663529072069458
0.984067528254344,2.00524636535909,0.335895200896939,-0.642224554014604,-1.73337688466226,-0.178587473744648,-0.857458796700373,-0.421255685697166,-1.86061468072532,-0.615282304313931
-1.08648642227143,1.58267013343522,-0.232018771282989,-0.432470423653746,-1.16724630189778,-0.120259806241921,-0.577407959189005,-0.283671223283469,-1.25292752231233,-0.414327663353787
-1.41340707973207,-1.44266762517908,0.509185491641428,0.427383563887782,1.15351676589869,0.11884527073527,0.570616296324916,0.280334588791123,1.23819017553825,0.409454204718549
-2.67056058580329,0.719586468712886,0.204404802042991,-0.169295104388091,-0.456930864443603,-0.0470769683610043,-0.226032429916367,-0.11104608946882,-0.490471681019291,-0.162192929693877
-2.38099835937139,-0.917667666773608,0.675623311214822,0.281048293890062,0.758554952559039,0.0781528898144997,0.375238427723187,0.184348591184485,0.814236357572778,0.269257911126587
1.87884950508612,-1.58646154266587,0.0578378356852794,0.427756478596448,1.15452327013761,0.118948969504379,0.571114189149732,0.280579195510569,1.23927056179453,0.409811475115369
-2.63725178226081,-0.946340504435773,0.218894675794211,0.325820605072316,0.879396313717055,0.0906030116570323,0.435015668926203,0.213716186256066,0.94394802766537,0.312151959044056
-3.84307092490087,0.18976703246926,-0.368846831552501,0.0529648736091148,0.142953250602452,0.0147282798764516,0.0707154475928464,0.0347413595612291,0.153446673416412,0.0507429204912822
1.78898243835875,-1.78927172626049,0.073980581229342,0.489144120684859,1.32020974091299,0.136019422278535,0.653075200120679,0.320845319095589,1.41711917778222,0.468623816755764
0.806761082106946,-1.45034996631924,-0.078312543361406,0.419952881428028,1.13346120568617,0.116778973518212,0.560695305293392,0.275460565810821,1.21666244542267,0.402335250144354
3.00893806913631,-0.300826429547437,-0.0359963925354133,0.0256681385939753,0.0692788181843515,0.00713770284641175,0.034270522817519,0.0168365554639462,0.0743642004907783,0.02459132302374
2.80688878159841,-0.639612769317082,-0.06039306209973,0.132797560886085,0.358423266349038,0.0369278638909806,0.177303150510713,0.0871061799494929,0.384733174408566,0.127226510974231
2.71721896277675,-1.02018548851336,0.155426819091569,0.233832745871505,0.631119246433475,0.0650233615375236,0.312199126692945,0.153378398699954,0.677446287413269,0.224023123694835
-2.2993499653085,0.148793253861043,-0.405271670074121,0.0335274812929919,0.090491340935085,0.00932320034746011,0.0447638346839498,0.02199175044537,0.0971338194896637,0.0321209549196482
-0.15885007769507,-1.86378374893919,0.352961352137188,0.535716803829315,1.4459103419172,0.14897018502388,0.715256187438153,0.351393835887939,1.55204677816383,0.51324270842547
-2.06600540326072,-0.915691443442382,0.488265897490535,0.286039046482192,0.77202509337846,0.0795407001869645,0.38190177418904,0.187622185898671,0.828695268373897,0.274039294423054
-0.145791230969658,-1.90612461717534,0.370137392286642,0.546906164121767,1.47611064859164,0.152081681734737,0.73019553435698,0.358733296226297,1.58446392555865,0.523962658856363
-2.38085154848222,1.46522086871984,-0.09797365925103,-0.37782675138071,-1.01976194020676,-0.105064692124328,-0.504451082685866,-0.247828685827535,-1.09461713351701,-0.3619763722327
2.7227636973417,-1.18007102800912,0.978444077595422,0.226320254371926,0.610842881990242,0.0629343151595062,0.302168909253913,0.148450714546231,0.655681545025945,0.216825792088459
2.53099013863959,-1.65935839015845,0.516296603616068,0.404415564005181,1.0915256759683,0.112458412664583,0.539950832946352,0.265269140920661,1.17164865590726,0.387449745678623
-0.967034119269057,-2.18166224325582,-0.14133500361547,0.681441049696303,1.83922298893713,0.189492654571405,0.909818254132875,0.44697904316733,1.97423037345436,0.65285361123348
-0.335986516814089,2.13366581650577,-0.713394365966131,-0.581155315797088,-1.56854979228707,-0.161605561563619,-0.775922899030211,-0.381198413424549,-1.68368852544531,-0.556775009041139
-2.99785337746893,0.074644871443598,0.0131439221864684,0.0430691901584498,0.11624460353486,0.0119765241278061,0.0575033385710197,0.028250463360837,0.124777489423022,0.0412623752859865
0.447035367393671,1.53519231285716,-0.228592345834928,-0.452409524887439,-1.22106233394354,-0.125804399166319,-0.604029423043439,-0.296749919371743,-1.31069389739713,-0.433430290427645
2.35766096225811,1.04180557497435,-0.183354607942357,-0.35049386110324,-0.945989924014281,-0.0974640611701244,-0.46795788562394,-0.229900166333932,-1.01542991372136,-0.335790136268419
-2.36003451874723,-0.727292697467312,0.267978868931652,0.251088104314744,0.677691803142964,0.0698216690043948,0.335237421935447,0.164696741805209,0.727437482922647,0.240554594873181
-3.08712122814351,0.290538166491944,0.446227397630639,-0.0483236434847607,-0.130426477897074,-0.013437663443625,-0.0645187620678833,-0.0316970278453343,-0.140000378266194,-0.0462963966891125
-0.0379235657634416,1.59854610001022,0.236406147404985,-0.491707744788983,-1.3271290135183,-0.136732305567603,-0.656497993637016,-0.322526882379181,-1.42454635666253,-0.471079893117715
-2.64099809038279,0.626965409809581,0.0130595618770247,-0.129522311041206,-0.349583301671392,-0.0360170942979729,-0.172930237993857,-0.0849578385156298,-0.375244315867842,-0.124088662601472
1.57439727361409,1.11187255857232,0.123826821594842,-0.37464558761627,-1.01117591573739,-0.104180085647189,-0.500203788127425,-0.245742058471842,-1.08540085555798,-0.35892866289311
-2.78957250888738,-0.136076166348508,-0.30002296438609,0.122266870082679,0.330000721767016,0.0339995276017339,0.163243218656244,0.080198762057226,0.354224284979604,0.117137597893855
2.45886694440891,-0.355250890225308,0.0497907588618515,0.0483071571609953,0.130381980980304,0.013433078986531,0.0644967505405296,0.0316862139367426,0.139952615072094,0.046280601990494
1.40762797650744,-1.65325388124154,0.0321994399183499,0.459798456380989,1.24100520746528,0.127859086426182,0.613894670748085,0.301596556554061,1.33210066910312,0.440509245549104
3.14602855385645,-0.0358466951459733,-0.0378167291951157,-0.0562613533984856,-0.151850515323853,-0.0156449530153933,-0.0751167050282274,-0.0369036263966804,-0.162997038086335,-0.0539011081816306
2.87611393392498,1.0352332641796,0.3639176966139,-0.396604744526583,-1.07044411835759,-0.110286408324608,-0.529522306304859,-0.260145773875995,-1.14901961548903,-0.379966601383797
2.97454177306393,0.239610924545463,-0.383521714052003,-0.111489559349906,-0.300912545075182,-0.03100261213736,-0.148854015012717,-0.0731295782424284,-0.323000902997731,-0.106812410947145
-0.933736237670332,1.38369536978298,0.0855148390014617,-0.397752424019586,-1.07354172820719,-0.110605550873803,-0.531054617504916,-0.260898573669718,-1.15234460407768,-0.381066134060732
2.55370798332347,-0.232198089747031,-0.34565363908504,0.0359761256686417,0.0971002809592204,0.0100041104908247,0.0480331143257308,0.0235978948368369,0.104227885957116,0.0344668751191754
-2.89554212563609,0.451486982352775,0.83631997563528,-0.126656644461035,-0.341848810397013,-0.0352202201330907,-0.169104175906667,-0.0830781558833428,-0.366942077537339,-0.121343214882569
-3.16145537135492,1.35113981687479,-0.685848781324092,-0.287227322869134,-0.775232275054775,-0.0798711317731252,-0.383488287869536,-0.18840161449736,-0.83213787186279,-0.27517772089546
-2.18250277943257,0.922378740038985,-0.171195344727303,-0.215418768945247,-0.581419555322078,-0.0599028696468041,-0.287613915182487,-0.141300080566533,-0.624098411525679,-0.206381639756003
1.37467946683686,-1.62417381483671,0.378121637959487,0.428706495092488,1.15708738361473,0.119213146644575,0.572382592851284,0.281202341804123,1.24202289293542,0.410721637044193
-2.0505418808683,-0.676956483064967,0.300441980614637,0.227068974381073,0.612863692233057,0.063142516503008,0.303168554244277,0.148941824017018,0.657850691988739,0.217543102209404
1.88418831696134,1.09482898239038,-0.688924121131536,-0.32201980038482,-0.869137866033551,-0.0895460976803033,-0.429941067848651,-0.211223116542641,-0.932936562974528,-0.308510603615101
-2.38483455359627,0.63611268463806,-0.547492358483663,-0.100398688651559,-0.270978063780255,-0.0279185030554743,-0.134046165353409,-0.0658547203881074,-0.290869093781819,-0.0961868183293149
2.27324687581355,1.83691262482458,-0.308270123404028,-0.577391581578317,-1.55839139853827,-0.160558956008328,-0.770897792166649,-0.378729659420674,-1.67278445910587,-0.553169168921084
-1.38498549953895,-1.43078610603485,-0.534031139742921,0.493018929938093,1.33066792839593,0.137096915176388,0.658248607551074,0.323386930777536,1.42834504408787,0.472336072151799
2.52521815934789,1.46209918647137,-0.177978156936063,-0.479896270769827,-1.29524960948336,-0.133447813728891,-0.64072803866346,-0.314779357691857,-1.39032685847662,-0.459763927531502
2.07786575968667,0.699568265329536,0.170099369997655,-0.265901932533519,-0.717674621064307,-0.0739410446052506,-0.355015935914076,-0.174413606918963,-0.770355222659158,-0.254746961554246
-0.759347534556841,-1.66837804312006,0.056372843855551,0.51055046184814,1.37798588280242,0.141972019958847,0.681655632651459,0.334886424918522,1.4791363528965,0.489132130920242
-3.09769253341867,1.27535606440986,-0.403848103180238,-0.284904933116216,-0.768964098776368,-0.0792253300571499,-0.38038757564893,-0.186878284562828,-0.825409582759493,-0.27295275875448
3.53285309813881,-0.207549723913108,0.580062899155398,-0.0549436982135059,-0.148294137690326,-0.0152785442425099,-0.0733574527194889,-0.0360393340942587,-0.159179606058889,-0.0526387305390482
-3.38894022227949,-0.28963226990224,-0.671620111678921,0.206163859723491,0.556440370682751,0.0573292980707601,0.275257328572319,0.135229488737079,0.597285640417603,0.197514987373153
0.638902558448051,-1.9515243227901,1.15527591079079,0.490577737688109,1.32407910180764,0.136418077293089,0.654989277529976,0.321785674474336,1.42127256747451,0.469997291450478
2.18154024916849,-1.41705336761479,-0.351342407029324,0.397929742987466,1.07402031563929,0.110654859089011,0.531291362904761,0.261014882868633,1.15285832201753,0.381236014241229
1.02896475150534,-1.83463668875644,0.0331098193300384,0.522193452367195,1.40941054650909,0.145209660517173,0.697200638799318,0.342523435873664,1.51286773073293,0.500286681133074
0.528399540384143,1.58587530246349,-0.0692295668527051,-0.479985139067403,-1.29548946679157,-0.133472525902633,-0.640846690158529,-0.314837649258877,-1.39058432240896,-0.459849067675352
-1.02682667165052,-1.47415384394964,1.09415224304136,0.389092816307184,1.0501692742188,0.1081975185815,0.519492840922944,0.255218459195811,1.12725650500346,0.372769809427183
2.81456110763475,0.012189031168588,-0.50980214920855,-0.0316833919490726,-0.0855141070034016,-0.00881040267376281,-0.0423017198053444,-0.0207821530916041,-0.0917912338092859,-0.0303542277931397
0.766734594063761,-1.53107539749198,0.819271112341841,0.384849762934253,1.03871718850976,0.107017625694972,0.513827776551385,0.252435304383542,1.11496378379337,0.368704758285329
0.66215315559281,2.13265717099401,-0.430343623318957,-0.621839351786299,-1.67835681713163,-0.172918830674293,-0.830241726185223,-0.407884377656887,-1.80155588844084,-0.595752290827944
3.21488110902966,-0.296452452089307,0.446529549027863,-0.0124727240477181,-0.0336641310549987,-0.00346836984738745,-0.0166528154158506,-0.00818125979205952,-0.0361352323369629,-0.0119494752188769
3.13337045812581,-0.771182562371947,-0.08124468853815,0.166219656446813,0.448630169090134,0.0462217589563925,0.221926280634846,0.1090288045126,0.481561676639083,0.159246501245637
-2.20130264096725,-0.780461710586126,0.488533053465876,0.248680426650518,0.671193433090311,0.0691521507355001,0.332022838531707,0.16311746879386,0.720462102768603,0.238247922772231
1.52044192902723,1.50449453296852,-0.232247466353153,-0.46671702948815,-1.25967857431779,-0.129782978132598,-0.62313192481174,-0.306134670583,-1.3521447465405,-0.447137574499358
-0.994346016877553,-2.23029015317865,0.656625699739453,0.643151071591586,1.73587757408799,0.178845116390696,0.858695826087857,0.421863418295931,1.86329893219921,0.616169953137367
-2.56602339708878,1.00634595326824,-0.653988437972429,-0.199683650662725,-0.538950157137515,-0.0555273050478136,-0.266605351271114,-0.13097891174763,-0.578511565154895,-0.19130663246299
-2.97030741002115,0.468754412791879,-0.0355633381276705,-0.0718132412482371,-0.193825370914638,-0.019969565560469,-0.0958806309147544,-0.0471046084972239,-0.208053040173703,-0.0688005718237656
-0.84809314972595,1.40772277796547,-0.650271630326429,-0.357574613071911,-0.965101014849718,-0.0994330509859026,-0.477411670946904,-0.234544658680368,-1.03594384608525,-0.342573840442178
2.13293956898384,-1.41377974052638,0.0553909984469022,0.370810435435801,1.00082476348506,0.103113620444239,0.495083328385935,0.243226459136007,1.07428988135871,0.355254400898231
-2.92511763452285,0.431295411742556,-0.0350770334450222,-0.061672622011764,-0.166455637274301,-0.0171496989572265,-0.0823414986689556,-0.0404530510580837,-0.178674242827692,-0.059085366243436
0.966352909620718,-1.5420792200468,0.439638976909364,0.409125607069596,1.10423817617183,0.113768164350102,0.546239393284281,0.268358609251264,1.18529431180397,0.391962195618408
0.868906911871234,-1.41690180559767,0.855171796068532,0.34614152535232,0.934242882986692,0.0962537794364434,0.462146914130416,0.227045329704474,1.00282058612249,0.331620387302525
-2.84189220188643,-0.58226441221989,0.168797901142482,0.225115872956287,0.607592232520152,0.0625994051454005,0.30056089312783,0.147660722142617,0.652192283008286,0.215671936216622
-2.26990892345553,1.24211146433088,-0.127444559348861,-0.311768177474327,-0.841468531262339,-0.086695363578153,-0.416253730312102,-0.204498748233032,-0.903236172403523,-0.298689051125561
-1.3737097224458,-2.10671130359639,0.0709190764284501,0.653867623883113,1.76480176253468,0.181825136368183,0.873003908790751,0.428892748700159,1.89434628844826,0.626436930547392
-0.857779740707022,-1.18098332760118,0.142345238921384,0.361618344424522,0.976015126449133,0.100557517128236,0.482810612793825,0.237197071785832,1.04765910342405,0.346447931410996
1.34080844630713,1.93902987314412,-0.956104423417604,-0.54390235623745,-1.46800331118124,-0.151246393737227,-0.726185034481344,-0.356763002281444,-1.57576147247942,-0.52108486506099
0.379789563518597,-2.03086470801773,0.661152201425312,0.553025806986355,1.49262768677954,0.153783409818122,0.738366105809136,0.362747366281744,1.60219338993909,0.52982557384422
1.31004236879276,1.41804547823844,-0.522063398496142,-0.416896024474672,-1.12521068778002,-0.115928933828067,-0.556613977557595,-0.273455475279923,-1.20780630174404,-0.399406632765181
-1.29896746947715,1.56482771002728,-0.510268410541048,-0.403837608900611,-1.08996576360996,-0.112297697006146,-0.539179182772884,-0.264890041628434,-1.16997423884295,-0.386896036627316
1.77024865056131,-1.19796055694738,0.462568993544075,0.287211897122279,0.775190640656247,0.0798668422374104,0.383467692359362,0.188391496255184,0.832093181308872,0.275162942281016
-2.60533068534571,-0.769480819826732,0.840150521325492,0.23080054277693,0.622935269784058,0.0641801775029739,0.308150715275827,0.151389479425857,0.668661569424148,0.221118125909378
-0.157262109416679,1.35383901673435,-0.0437384684512299,-0.397348549688163,-1.07245166332876,-0.110493242965131,-0.530515389292485,-0.260633659540609,-1.15117452344854,-0.380679202842145
2.3948987427319,-0.768037026445099,-0.457005877146672,0.206735155475516,0.557982309315704,0.0574881619206043,0.276020087587105,0.135604219946359,0.598940764402835,0.198062316441395
-1.70576323589125,-1.65618856015932,-0.157787781400339,0.542147977843885,1.46326820889443,0.150758542559099,0.723842696156066,0.355612249217685,1.57067879201476,0.519404085380607
-2.91987476691184,-0.593822368707945,0.492384175089679,0.208632391045718,0.563102985972474,0.0580157383040714,0.278553160044259,0.136848677614722,0.604437322160779,0.199879960233061
2.77121785423315,-0.171069992535165,0.217829065448422,-0.0247628822045837,-0.0668355131281132,-0.00688597243426532,-0.0330618800624253,-0.0162427687601194,-0.0717415456617258,-0.0237240434502979
1.91386665933914,-1.7098205938424,0.341123323098436,0.444815903949773,1.20056699952825,0.123692792608527,0.593890886559419,0.29176901981718,1.2886941116397,0.426155232880549
-1.13746123658768,-1.45914872712613,0.0769668011725685,0.455125932040326,1.22839397104572,0.126559767811232,0.60765620310674,0.29853169795786,1.31856371021555,0.4360327403683
2.16863525387104,0.741585618363408,-0.610341536245281,-0.228214357176703,-0.615955103250626,-0.0634610203949308,-0.304697799035,-0.149693117333262,-0.661169026722714,-0.218640434538744
-1.51975132997511,1.07773714271576,-0.182704026769598,-0.275617742990236,-0.743897787332489,-0.076642781924387,-0.367987889557251,-0.180786518652816,-0.798503289340679,-0.264055179698068
-3.22216754967922,0.113742084806009,-0.514429990428372,0.0716659672411596,0.19342787543119,0.0199286121389472,0.0956839997020351,0.0470080067518546,0.207626366702649,0.0686594761744732
-2.00082148244173,-1.09533761475947,0.237264434301436,0.354970046633478,0.958071238067242,0.0987087826010638,0.473934213739351,0.232836240006389,1.02839805151545,0.340078539336108
-1.91809158719801,-1.42677078565894,0.372127955158303,0.442960190221193,1.19555839115045,0.123176762468121,0.591413251516067,0.290551797656638,1.28331784848527,0.424377369029144
-0.284977760374149,-1.33750860526403,0.0363266286866211,0.402741548754978,1.0870074754088,0.111992908577773,0.537715790556391,0.264171100620452,1.16679879874933,0.385845957791408
2.79599656055501,-1.22913501160936,1.05824433913362,0.233995154521216,0.631557590619349,0.0650685235455546,0.312415964751353,0.153484927742903,0.677916808068451,0.224178719066594
-2.67814187634547,-0.684560913539793,0.138324450048794,0.254045818865957,0.685674733727684,0.0706441395350792,0.33918638082251,0.166636801654337,0.736006397145843,0.243388229017496
2.7339472869804,-0.286736661183501,0.0127672375376911,0.0242765810872599,0.0655229767099942,0.00675074358404594,0.032412600665853,0.0159237882581238,0.0703326630637472,0.0232581433687969
2.11707220826901,1.15053730768296,-0.942197862709834,-0.32682909821356,-0.882118256826277,-0.0908834497705516,-0.4363621470544,-0.214377689256971,-0.946869773855672,-0.313118144438169
-3.04548590014731,0.556409310290513,-0.735233855245657,-0.0494755623380629,-0.133535529864706,-0.0137579848587502,-0.0660567334015463,-0.0324526083714632,-0.1433376488767,-0.0473999908790449
2.31832434538082,1.03164085423329,-0.405751411554889,-0.331712114609507,-0.895297615502695,-0.0922413012524899,-0.442881650765312,-0.217580616344213,-0.961016557773738,-0.317796311227838
-0.0660885844320671,-2.11956181671498,0.651168762270753,0.589993061563077,1.59240304443623,0.164063129839512,0.787722514604979,0.38699537436196,1.70929271546565,0.565241998579061
1.27899753887606,-1.94524838647355,-0.152602695259207,0.562085351545284,1.51707957829607,0.156302655097585,0.750461853515438,0.368689812162113,1.62844016219602,0.538505057394651
-3.27874721333174,-0.146091567945851,-0.560890402932582,0.153513319941113,0.41433551335011,0.0426884270043244,0.204961560207168,0.100694310815733,0.444749636219643,0.147073213949558
-2.70820183606461,0.858063233143171,-0.539156830455225,-0.160005851589137,-0.431858985804214,-0.044493846647625,-0.213629989870366,-0.104952970585438,-0.463559411747337,-0.153293374496607
2.8973802365297,0.6929963455125,0.196221421880794,-0.283789515131854,-0.765953563382254,-0.0789151586712205,-0.378898338034593,-0.18614664612748,-0.822178060289859,-0.271884134169198
-2.94414181661113,-0.715684759079588,0.30679077863402,0.257929658622252,0.696157294718558,0.0717241436024573,0.344371845226187,0.169184336732915,0.747258426086462,0.247109136073916
-0.185307157464457,1.95259655130555,-0.446149629101139,-0.548366385720699,-1.48005181582084,-0.152487734858727,-0.732145132589108,-0.35969110241275,-1.58869439249907,-0.525361622045459
2.5216930688835,0.814209330349502,-0.0637264406958821,-0.294246624657755,-0.79417751062823,-0.0818230337457997,-0.392860028684682,-0.193005799699556,-0.852473774429438,-0.281902552813175
-0.220231190498827,-1.84038401981787,0.887693118537078,0.494312694470635,1.33415982468187,0.137456680523326,0.659975962527386,0.32423555243468,1.43209326154172,0.473575561389396
-0.0290632302512274,-1.42498324224481,0.22594864034947,0.410488131301812,1.10791565625905,0.114147050144839,0.548058551990264,0.269252332601038,1.18924173575943,0.393267559986745
-2.58297956836763,1.66559335903976,0.0277518957158179,-0.441531561531374,-1.19170249381327,-0.122779494585666,-0.589505834196616,-0.289614714272681,-1.27917891063718,-0.423008673380892
1.12017389506788,1.6503280725968,-0.246773431983279,-0.500396028836875,-1.35057886550831,-0.139148312071231,-0.66809805710162,-0.32822580658139,-1.4497175351059,-0.479403691072969
-3.27626335923711,-0.041568978700364,-0.265216635675216,0.102502324325269,0.276655818434397,0.0285034744308268,0.136854810557334,0.0672345625050841,0.296963621611589,0.0982022034413705
2.50039917055393,0.976097035654012,-0.264400567197318,-0.328627250103413,-0.886971504652912,-0.0913834733237008,-0.438762929064555,-0.215557154761074,-0.952079272283472,-0.314840861253306
0.723952734985056,-2.12851403795488,0.201138452970286,0.605327832251816,1.63379189647762,0.168327367232237,0.808196558987505,0.397053942352101,1.75371969866128,0.579933453439379
-3.50088065324745,0.353419540210895,0.785501787603783,-0.0806406882219286,-0.217650826417902,-0.0224242699855673,-0.107666496174315,-0.0528948141264114,-0.233627393147136,-0.0772576946186352
2.54029762889759,-0.487125764494665,0.341379498616783,0.0663255292261492,0.179013926678648,0.01844356251288,0.0885537747276415,0.0435050421518975,0.19215436814682,0.0635430772648068
2.12691796486184,1.05638034914609,-0.488933062289463,-0.329296637535927,-0.888778194688585,-0.0915696141521412,-0.439656654069028,-0.215996227450086,-0.954018581636008,-0.315482166914047
-0.908993490162918,-1.82850647673864,1.05424281613759,0.494837699088801,1.33557682262096,0.137602671902628,0.660676916462175,0.324579919804375,1.43361427361437,0.474078541303853
0.730058604024505,-1.18721192554157,0.011381474477403,0.337170746284587,0.910030571301912,0.0937592177426975,0.450169680658417,0.221161107957123,0.976830979953391,0.323025945402441
-0.314852652645673,-1.6314639306658,0.228949527109539,0.478176873004755,1.29060892061077,0.132969689837011,0.638432404325794,0.313651549544405,1.38534552180287,0.458116660991609
-2.68730621419211,0.41394679539868,0.707816192944554,-0.111461478280735,-0.300836753709228,-0.0309948034555337,-0.148816522893129,-0.073111158968399,-0.32291954819866,-0.106785507919475
-2.93545115095358,-0.371074168911759,-0.875170252934842,0.234056722730072,0.631723764443432,0.0650856442096802,0.312498166843986,0.153525312306022,0.678095179811709,0.224237704399964
-2.11517478208244,-1.10958682230636,0.126566524090009,0.36915239568231,0.99634968110992,0.102652558765589,0.492869615498406,0.242138897676539,1.0694863074572,0.353665918312514
3.23098085100314,0.675581643153754,-0.00518865449733113,-0.272486539738679,-0.73544660728417,-0.0757720682853941,-0.363807299208406,-0.178732662000113,-0.789431754000331,-0.261055334955523
3.69646212557701,-0.131754979310861,-0.421279509133011,-0.0141565550165238,-0.0382088244348469,-0.00393660345361167,-0.0189009631506787,-0.00928573853696005,-0.0410135270094966,-0.0135626670410917
-0.155903904370829,1.61201904757052,-0.263333288703119,-0.459680162857589,-1.24068593088549,-0.127826191792409,-0.613736732497987,-0.301518964037547,-1.33175795616122,-0.440395914610249
-1.91532914329307,-1.45062161767278,-0.152056634472371,0.485087703379729,1.30926138967462,0.134891428472554,0.647659320768778,0.318184584866938,1.40536716745827,0.464737572028498
2.53331706730654,1.54192871561676,-0.0930429164789585,-0.509565704981613,-1.37532800437224,-0.141698182342476,-0.680340845740032,-0.334240491301595,-1.47628337402586,-0.488188686029762
1.42546410278891,1.58737150441994,-0.324390738439841,-0.483169624886888,-1.3040844575538,-0.134358056164786,-0.645098420120916,-0.316926455657035,-1.39981022482776,-0.462899959704969
-3.27297998865753,0.225926255742041,-0.215981612596041,0.0193615206256018,0.0522571304608926,0.00538398140458283,0.0258503136856715,0.0126998424403005,0.0560930429893555,0.0185492768083593
-0.835896294560807,1.93817029784989,-0.794990188700114,-0.506352872466844,-1.36665650531388,-0.140804769534152,-0.676051269010379,-0.33213309139672,-1.46697534725186,-0.485110636489762
-3.14508535986956,0.0548137098838932,-0.148927233509833,0.0630799865801372,0.170254142323448,0.0175410537899441,0.0842205254389108,0.0413761866226926,0.182751575531151,0.0604336898309187
1.98646134214721,0.931690617570082,-0.83067052875655,-0.266141738356037,-0.718321861763783,-0.0740077289382694,-0.355336109926005,-0.174570903250234,-0.771049973788046,-0.254976707175376
-2.43767848445017,0.822263862897197,0.607614122936877,-0.232040022384986,-0.626280649975743,-0.0645248474950772,-0.309805592353657,-0.152202493859726,-0.6722525158319,-0.222305607553653
-0.305015234164048,1.2499635649144,0.139418989528483,-0.375362982069106,-1.01311217767872,-0.104379576093652,-0.501161609158158,-0.246212620505411,-1.08747924798704,-0.359615961610176
-2.27363367312477,-0.701207028650532,-0.263760545671038,0.276981624494477,0.747578930723989,0.0770220451444038,0.369808860409514,0.181681132280848,0.802454645503718,0.265361844398903
1.32379225102699,1.56933618231233,-0.335716939566029,-0.474787660560856,-1.28146136860464,-0.132027229937968,-0.633907335943183,-0.311428456386251,-1.37552649761608,-0.454869630915826
2.17634952843762,-0.42932855895445,0.556695694612155,0.0427192075780051,0.115299993567544,0.0118792022417064,0.0570360633159422,0.0280208985598874,0.123763540761136,0.0409270749814128
-3.29119142012205,-0.545320498011432,0.790446998139158,0.182423950637731,0.492365882412245,0.0507277902896405,0.243561259415192,0.119657720859635,0.528507791473751,0.174771001838527
-0.815648745428067,-1.78451234478252,0.789901134429709,0.497344291491783,1.34234216552702,0.138299696023176,0.664023564752472,0.326224074165776,1.44087622365105,0.476479978527083
2.37056410653541,-0.653268703320467,-0.625617579806539,0.184328416100751,0.497506072693979,0.0512573771354697,0.246103984781375,0.120906920846612,0.534025295246035,0.176595572218542
-1.98575521439955,1.8396039345896,-1.00473513848172,-0.437527491466769,-1.18089542882148,-0.121666057310395,-0.584159845666532,-0.28698831627824,-1.26757855761691,-0.419172579851636
-2.31686172691332,-0.0385620025958139,-0.369173077741081,0.087372723980092,0.235820725243749,0.0242962900628029,0.116654697021596,0.057310572324561,0.253131045700604,0.0837073117317056
0.620230882437583,-1.46667653588059,0.231167129964768,0.408232806377596,1.10182848929136,0.113519897573092,0.545047380611657,0.267772992638899,1.18270774287864,0.391106849207821
2.59186518643879,0.623608188763257,0.472733625670143,-0.27485143390319,-0.741829503817495,-0.0764296894739229,-0.366964760709915,-0.180283871941627,-0.796283184350269,-0.263321018386502
0.182912270827203,-2.34472366740859,0.641222040575948,0.652308161390994,1.76059274215476,0.1813914866967,0.870921810210694,0.427869847228501,1.88982830671003,0.624942889764237
2.05391651126486,1.06573108582966,0.413781200418652,-0.390877751787112,-1.05498685069136,-0.108693866963331,-0.521875977193956,-0.2563892556327,-1.13242771363655,-0.374479864279923
-2.33836962693376,1.21898408369734,0.0499196348439724,-0.315227271203267,-0.850804694251036,-0.0876572558113845,-0.420872099896306,-0.206767678767634,-0.913257652482161,-0.302003030865319
-1.09985216193874,-2.08361218218877,0.187214653386819,0.633148681974946,1.70888092494948,0.176063688178587,0.845341249544188,0.415302530098449,1.83432060546486,0.606587178244223
3.21254202546727,0.678966747090087,0.0384583694614782,-0.276009451740026,-0.74495501706337,-0.0767517068722598,-0.368510875031961,-0.181043452986694,-0.799638124572176,-0.264430455698781
-1.46362107937395,-1.57232952300448,0.493414697133604,0.468216280966104,1.26372508396918,0.130199884543731,0.625133633342193,0.307118077719072,1.35648828851899,0.448573930207552
2.96177489031459,-0.407120934420889,0.0261860837643068,0.0542485239630409,0.146417848518516,0.0150852327092981,0.0724292987388063,0.0355833470041856,0.157165588675107,0.0519727198546979
-0.0798061934260825,1.8996621327437,-0.0808830646572774,-0.559351757166375,-1.50970155252794,-0.155542507091221,-0.74681212612312,-0.366896759923131,-1.62052055557128,-0.535886141256984
-0.315624640101803,2.251883645299,-0.324443211289495,-0.642887042360823,-1.73516495392637,-0.178771696100204,-0.858343310468378,-0.421690233054175,-1.86253400245645,-0.615917000315033
2.17588586110526,0.699226752671473,0.637387500123583,-0.299233333214427,-0.807636736515265,-0.0832097195675576,-0.399517975802665,-0.196276741801164,-0.86692096909218,-0.286680061727326
3.06769379209696,1.15106301796085,0.127273140860154,-0.419544258060703,-1.13235832306508,-0.116665345014868,-0.560149736459781,-0.275192536636728,-1.2154786061699,-0.401943769118796
-1.30173714252399,1.77956122931207,-0.212428883432785,-0.487745143745452,-1.31643387424177,-0.135630399847247,-0.651207371997981,-0.31992768524587,-1.41306614521723,-0.46728352892407
1.59446348832793,-1.67394000381154,0.204831434103247,0.450289577976946,1.21534055493589,0.125214892021425,0.60119900007755,0.295359378191343,1.30455211362483,0.4313992783588
-2.52081640326672,0.00448415513745027,-0.564173131211384,0.0920881213874221,0.248547676925631,0.0256075306645722,0.122950406149468,0.0604035527404333,0.266792213880313,0.0882248913919688
-2.11288311425467,1.17652244388957,-0.267963652487764,-0.286273139576887,-0.772656915311563,-0.0796057959453583,-0.382214320917499,-0.187775735068516,-0.829373468928397,-0.274263566973562
1.11111472609433,1.59771253201155,-0.478494197014735,-0.46899917903437,-1.26583814147546,-0.130417589997902,-0.626178910778813,-0.307631605675169,-1.35875645411656,-0.449323984568562
2.97421367120294,-0.360970659703845,0.0188936562698268,0.0406986127673602,0.10984636785961,0.0113173225682512,0.0543382891742901,0.0266955256087077,0.117909593967943,0.0389912470480104
-0.0741394683141984,-1.81674597593011,0.164726642164962,0.532413728609881,1.43699527599847,0.148051677851677,0.710846124189462,0.349227242898346,1.54247730560723,0.510078201992897
-1.61595201575609,1.54273328383255,-0.276393328907783,-0.405897338298323,-1.09552501434919,-0.112870459083578,-0.541929207012614,-0.266241084210596,-1.17594156402811,-0.388869357395208
2.73273665410193,-0.94057594747512,-0.0402889549366357,0.222844723803949,0.601462355645043,0.0619678522297143,0.297528594211326,0.146171002561658,0.645612445117411,0.213496065058854
-2.78689479152674,-0.993715710525584,0.474809747663202,0.326129582840837,0.880230250878881,0.0906889310738136,0.435428197073792,0.213918854685559,0.944843179631354,0.312447974747924
-0.3450236470336,1.80166416473677,-1.02402970975081,-0.461158512657966,-1.24467602649208,-0.128237285940881,-0.615710534391747,-0.302488661092829,-1.33604094304584,-0.441812245496497
-2.51401459118092,0.309166774939303,-0.66036445284079,0.00751055354187128,0.0202711338567131,0.00208850747776954,0.0100276299968752,0.00492641298509792,0.021759127851816,0.00719547494879904
-3.15628864738054,0.998024577091045,-0.89294529198282,-0.168175884940635,-0.453910068824754,-0.046765739878011,-0.22453811682189,-0.110311957531888,-0.48722914517747,-0.161120663122381
-0.97728468433387,1.60353892298693,0.155536852325026,-0.467038949111933,-1.26054744180517,-0.129872496373533,-0.623561732129939,-0.306345827990496,-1.3530773928778,-0.447445989128924
-1.95305759414974,-1.82086335196318,0.183999786642742,0.573849188013447,1.54883040763044,0.159573900058964,0.766168205755502,0.376406089851666,1.66252164770992,0.549775383894094
0.827485002906064,-1.75944794885747,0.698388966248619,0.459703216882569,1.24074815415887,0.127832602572027,0.613767512816794,0.301534085912038,1.33182474690763,0.440418001485508
-1.89512624662155,1.52581720461801,-0.15746530213029,-0.402644808700821,-1.08674637207251,-0.111966007454523,-0.537586629175201,-0.264107645715788,-1.16651852923323,-0.385753276122559
-2.85096892496344,0.797671820964691,-0.141617738998971,-0.165443693294154,-0.446535829059437,-0.0460059819383914,-0.220890262271792,-0.108519825390101,-0.479313602465471,-0.158503090870486
2.78966629588501,-0.499288238457384,0.233777216976782,0.0716453675423385,0.193372276433076,0.0199228838494426,0.0956564962488378,0.0469944947486187,0.207566686483627,0.068639740662837
-0.351501165817173,2.43981987850556,-0.341921103759283,-0.696972426431687,-1.88114248462101,-0.19381156346022,-0.930554794838728,-0.457166571370022,-2.01922695196431,-0.667733424232187
-0.546707421872008,-1.95524516707182,-0.281380886250322,0.614005744679728,1.65721375525837,0.170740489633413,0.819782774901851,0.402746063476073,1.77886082906573,0.588247314879125
1.98253753393198,-1.62799663321364,0.0629685980975809,0.437509932686043,1.18084803732198,0.12166117462836,0.584136402260485,0.286976798910726,1.26752768736445,0.419155757687178
-0.0706687914659317,-1.97056936500505,-0.327349611162962,0.611138138630874,1.64947402931932,0.169943076148117,0.815954123355145,0.400865108684064,1.77055297182221,0.585500009055057
0.597889531660837,1.93068686676136,0.267159575981467,-0.606860626353081,-1.63792893833855,-0.168753601054355,-0.810243051569334,-0.398059351170752,-1.75816041832781,-0.581401944609282
-2.79533038368218,0.812305810173077,-0.126376204665026,-0.172056610805393,-0.464384225360242,-0.0478448780457287,-0.229719423748756,-0.112857450109122,-0.498472152737214,-0.164838586919522
-2.28976792049985,-1.07358272855793,-0.171136116828615,0.382191746456716,1.03154314900533,0.106278494117196,0.510278956133056,0.250691826114391,1.10726313695761,0.366158249446667
-2.20461811617955,-0.888546922508398,0.830903411218095,0.258077773719391,0.696557060320862,0.0717653309112515,0.34456959941072,0.169281490176235,0.747687536313486,0.247251037528324
2.81098118164116,-0.615200538038139,0.079564491706563,0.116061635490156,0.313252669797732,0.0322739984812038,0.154958370383645,0.0761285496418879,0.336246849348996,0.111192681874948
-2.49810639054099,1.92030843749779,-0.508834786227506,-0.483462936598241,-1.30487611171476,-0.134439619221232,-0.645490031910753,-0.317118848217109,-1.40065999002711,-0.463180966565444
-3.32982308929682,-0.391446002706809,0.895602110857781,0.130351534363648,0.351821391962955,0.0362476817107389,0.174037366065826,0.0855017526919217,0.377646692229335,0.124883098805186
-2.35124458900004,1.19060592943878,-0.962504003902052,-0.238733905714396,-0.644347574635183,-0.0663862582833565,-0.318742854420342,-0.156593226656036,-0.691645635443889,-0.228718672787584
-2.23611969495765,-1.17903798012778,0.289762800291283,0.381615397782722,1.02998757243517,0.106118225169145,0.509509450767069,0.250313780531508,1.10559337394817,0.365606079433847
-2.54270557232657,0.45567695242372,-0.422106152322953,-0.0514917354677228,-0.138977221367442,-0.0143186349672006,-0.0687486039862056,-0.03377508100025,-0.149178785439417,-0.0493315826273803
2.90980205900932,-0.529093860871567,-0.640175958161883,0.136361107408286,0.368041349510745,0.0379188019779678,0.182060979051855,0.0894436244217414,0.395057268891109,0.130640561561373
-0.754435217561874,-1.86054114222511,-0.532375588550544,0.607145671136333,1.63869827989563,0.16883286527343,0.810623625864298,0.398246321187505,1.75898623307604,0.581675031351256
-2.96023957305685,0.0905259822546128,0.104818084548228,0.0313679786812256,0.0846628003004982,0.00872269369667961,0.0418805993741483,0.0205752634116716,0.090877437298419,0.0300520465684591
-2.25987492708573,0.0963608015729914,0.346197388842688,-0.00199195268548595,-0.00537632004067495,-0.000553914975215528,-0.00265953293455362,-0.00130658566253076,-0.00577096653617061,-0.00190838738685511
-0.0522642490591119,1.69252628039521,-0.356577419407392,-0.479738984480269,-1.29482509064973,-0.133404076128185,-0.640518039665852,-0.314676188569244,-1.38987117801782,-0.459613239629472
0.534338372356561,1.64938472245967,0.319146416485297,-0.525044424358281,-1.41710537679435,-0.14600244846404,-0.7010070815733,-0.344393479853609,-1.5211273967762,-0.503018050722176
-2.6515833365824,1.44357763727917,0.348999965422761,-0.395301969973568,-1.06692790384663,-0.109924137503869,-0.527782921702359,-0.259291242257407,-1.14524529474115,-0.378718480109128
-0.427509608886675,1.82949578706711,-1.00016570572969,-0.469233687059371,-1.26647108331374,-0.13048280113861,-0.626492011496743,-0.307785427011111,-1.3594358567824,-0.449548654642449
-0.883686134595406,1.61612019012391,-0.294204871842733,-0.442763890143927,-1.19502857332541,-0.123122176054886,-0.591151163704268,-0.290423038139217,-1.28274913960719,-0.424189304024276
0.618138037960182,1.88898853753759,0.248245650701978,-0.593606729607747,-1.60215640658708,-0.165068005537607,-0.792547262325831,-0.38936569514855,-1.71976201903424,-0.56870406801825
-2.56382038340132,0.776779492476757,0.111103563784038,-0.182465704232358,-0.492478576197194,-0.0507394009777365,-0.243617006251378,-0.119685108381687,-0.528628757498253,-0.174811003809419
0.129926360351619,1.56895730021844,-1.03817045890293,-0.401302903708847,-1.08312454372609,-0.111592855383298,-0.535795000012922,-0.263227447187094,-1.16263084211103,-0.384467665987489
-3.38650336749068,1.03960678856906,0.278217397602117,-0.253860187900019,-0.685173712046992,-0.0705925199496112,-0.338938537753153,-0.16651504034927,-0.735468598180883,-0.243210385539291
-0.116775521522004,-1.57542459831471,0.0948401805231524,0.466063752200004,1.25791536588318,0.12960131715465,0.622259709082983,0.305706165054447,1.35025211053755,0.446511703139109
1.05035527722159,1.80029081653864,-1.11501467520003,-0.485478633479657,-1.31031651781399,-0.135000136896299,-0.648181266637996,-0.318441008459396,-1.40649974683182,-0.465112102044839
3.4730290561648,-0.313655970081975,-0.518258920384925,0.0515148683158118,0.139039657385971,0.0143250676656624,0.0687794895447889,0.0337902545773469,0.149245804547441,0.0493537450190057
-0.0712472931235468,1.30949198093599,-0.421936660425427,-0.360715868061448,-0.97357932473939,-0.100306559775721,-0.481605681759197,-0.236605108590442,-1.04504450272147,-0.345583315237742
2.45425334711902,0.913599365364616,0.00976167270521563,-0.327315186041447,-0.88343021757195,-0.0910186193100182,-0.43701114168001,-0.214696529855583,-0.948278038524211,-0.313583840178033
-1.62646307020117,-1.64150344919173,0.124892740412173,0.517101653702467,1.3956676803237,0.143793751619474,0.69040238182081,0.339183561799193,1.49811607527586,0.495408490793025
2.0330355472805,1.21627671361348,-0.271076175134361,-0.389486070250459,-1.05123067445773,-0.10830687321117,-0.520017889445132,-0.255476407071663,-1.12839581687738,-0.373146565798278
-2.6426784409142,0.517757804942056,-0.193437006477815,-0.083099131062551,-0.224286212694493,-0.0231079048505189,-0.110948858124975,-0.0545073856453604,-0.240749847143004,-0.0796130022233455
-3.09448851091998,-0.583223121977639,-0.0671017340115179,0.246765682598145,0.66602550069084,0.0686197056568384,0.329466389824049,0.161861526750419,0.714914820480179,0.236413505004566
3.05873924830542,-1.25066354002087,0.467165636738158,0.274164448762629,0.739975317216702,0.0762386551386801,0.366047540326027,0.179833256351424,0.794292891967369,0.262662853267042
1.90252532721668,-1.81938855240609,0.506305877163213,0.466689153684788,1.25960333696835,0.129775226530344,0.623094706750459,0.3061163859494,1.35206398642529,0.447110868126299
-3.0735479458128,0.429981305945368,-0.716033659858832,-0.012436584562932,-0.0335665898645219,-0.00345832031058595,-0.0166045641944602,-0.00815755474473741,-0.0360305311767119,-0.0119148518377917
2.14833973255198,-1.23541637518001,-0.0714602898914184,0.325766116790645,0.8792492487577,0.0905878597533696,0.434942919517692,0.213680445644291,0.943790167464962,0.312099756624677
1.19585079904031,-1.67309383957507,0.354132304578113,0.448850457913433,1.21145634117179,0.12481470673584,0.599277575320037,0.294415413178847,1.3003827807945,0.430020531465168
0.868461513944786,1.59154535875478,-0.525792277969098,-0.458635876756187,-1.23786738186268,-0.1275358005024,-0.612342465806808,-0.300833983285938,-1.32873251274115,-0.439395437822469
-1.13847076320388,-1.36765809320378,0.310338421560019,0.412247468327699,1.11266414199342,0.114636280201452,0.550407510776994,0.270406338190795,1.19433878207796,0.394953090277646
-0.559229143149655,-2.03973486266042,0.363370066647702,0.59633596530232,1.60952266817922,0.165826941496845,0.796191170270414,0.391155888386662,1.72766899793864,0.571318808324697
-2.15144489988406,-1.90041268031798,0.35019790105751,0.59083321835337,1.59467064437566,0.164296757591347,0.788844240371988,0.38754646015053,1.71172676761822,0.566046909575822
-2.63956649030297,1.16575229510261,-0.366735949197884,-0.264819734619002,-0.714753747301498,-0.0736401109358087,-0.353571051697531,-0.17370375859303,-0.767219943394899,-0.253710163408791
2.53002996343315,0.37234236722407,-0.146175919057089,-0.157137934807315,-0.424118421190684,-0.0436963467548323,-0.209800923452077,-0.103071811973709,-0.455250654266795,-0.15054577097527
-2.37871125968958,1.42413975502216,-0.248077659830492,-0.355578457479129,-0.959713351078395,-0.0988779672814758,-0.474746526548556,-0.233235316196124,-1.03016070313669,-0.340661426466072
3.24653630537516,0.341720754430077,-0.217969088624511,-0.159026333911246,-0.429215248048686,-0.0442214659258207,-0.212322198001959,-0.104310473520396,-0.460721611541595,-0.152354949003216
0.026794626449218,2.04142691278757,-0.522123354036152,-0.574458475686748,-1.55047488721691,-0.159743328564427,-0.766981689251153,-0.376805741180782,-1.66428683962393,-0.550359111067518
1.39350963461435,-1.28901491258234,0.256033709065893,0.336507347265684,0.908240044114053,0.0935747421505859,0.449283951016153,0.22072596326069,0.974909019875668,0.322390376932692
-2.71077649557574,0.351447678373651,-0.115713845233598,-0.0371981293130119,-0.100398493176245,-0.0103439208303557,-0.0496646585697419,-0.0243994462255462,-0.107768202045005,-0.0356376139417384
0.977810186583026,1.81617362139001,-0.456549306402811,-0.532674031119952,-1.4376978376666,-0.148124061829201,-0.711193664120268,-0.349397983664459,-1.54323143851704,-0.510327584435867
3.3446468252179,-1.02725699695219,0.456959955422775,0.201907491920085,0.544952349060213,0.0561457027557154,0.269574487590596,0.132437600562772,0.584954345433506,0.193437180360456
1.63435125052729,2.044262139276,-0.053045372741822,-0.64219618772762,-1.73330032348774,-0.178579585750487,-0.857420923775471,-0.421237079339625,-1.86053249961021,-0.615255128033748
-0.648587413045154,-1.74209312211186,0.365475923457878,0.509404407185374,1.37489265840205,0.141653329236548,0.680125490824981,0.334134690903072,1.47581607166912,0.488034154909564
-0.127919005007612,1.82177343922338,-0.0820265936527162,-0.5349842839783,-1.44393325622441,-0.148766488561572,-0.714278171904359,-0.350913352620525,-1.54992456533313,-0.512540918842573
1.977224351401,1.20984526121107,-0.277367546926595,-0.385914437142773,-1.04159076544046,-0.107313686435833,-0.515249264191508,-0.2531336583486,-1.11804829442159,-0.369724767869619
-2.13235870775105,0.757287522416226,-0.356172592072142,-0.154914238349301,-0.418116620084306,-0.0430779893122068,-0.20683198045979,-0.101613218137102,-0.44880829349221,-0.148415361802607
-1.18160080228292,1.84933211689118,-0.403109917230112,-0.498446507308502,-1.34531706800726,-0.13860619619823,-0.665495175643086,-0.326947052875879,-1.44406949758786,-0.477535954794765
-3.24194358590587,-0.618266990118491,-0.203319107764746,0.269588218489503,0.727623980406637,0.0749661136286387,0.359937638611915,0.176831560122958,0.781034910510053,0.25827860247825
2.95825750494185,-0.00284570724829432,-0.223628450486284,-0.0495224963687284,-0.133662205749879,-0.0137710361037031,-0.0661193968378899,-0.0324833939076857,-0.143473623351572,-0.0474449559591841
-1.81770464187703,0.817618251806172,-0.00938029265863128,-0.203061192709538,-0.54806621050907,-0.05646651968518,-0.271114838056011,-0.133194349917982,-0.58829677856317,-0.194542481731738
-1.27908563444879,1.49981752809964,-0.135973716672265,-0.409934842716894,-1.10642231932939,-0.113993193662687,-0.547319835039492,-0.268889412870281,-1.18763878106494,-0.392737482658883
0.600669122814403,1.50474465848947,0.337517729894231,-0.484603422588342,-1.30795430615651,-0.134756761427241,-0.647012738787364,-0.317866929561531,-1.40396413802812,-0.464273607517337
0.377855407852246,-1.92523892234206,0.328831589568999,0.543805388959319,1.46774159456291,0.151219429428359,0.726055569724654,0.356699398333286,1.57548054466358,0.520991965700543
0.585955135935944,1.85634240611696,-0.026814522604113,-0.564754511699544,-1.5242836948063,-0.15704488546855,-0.754025552286788,-0.370440599926284,-1.63617309382745,-0.541062242416666
-1.90279226365395,1.28613784340278,-0.00798463532118817,-0.340999582150593,-0.920364675695482,-0.0948239265278391,-0.455281707244611,-0.223672564219693,-0.987923654903057,-0.326694156061392
3.30083126866527,0.723203181067158,0.0181242744970148,-0.289791139827025,-0.782152068176251,-0.0805840686902694,-0.386911338872384,-0.190083304279925,-0.839565609467535,-0.277633982020684
1.20861643822293,-2.14937125863533,0.120048358862392,0.606269953736954,1.63633470116279,0.168589348956448,0.809454421755194,0.397671910054753,1.75644915684738,0.580836051564436
1.91252007414718,-1.38476111570557,-0.63915774298635,0.413499938893012,1.11604458503794,0.114984562671813,0.552079732583406,0.271227873810242,1.1979673651124,0.396153017889716
3.03074208039186,-0.317243793768767,-0.157232591763404,0.0381951229005242,0.103089398760511,0.0106211611896979,0.0509957831997833,0.025053406300286,0.110656632413975,0.0365927822050446
3.55535414086441,-0.818295154561209,0.345113237518856,0.142420425803486,0.384395570752197,0.0396037552517859,0.190151008975959,0.0934181257226825,0.412611964816113,0.136445682778656
-2.66500617833962,0.153959149042116,0.616419213287002,-0.0283034005508366,-0.0763914427834871,-0.00787050692963982,-0.0377889627967995,-0.0185651083130856,-0.0819989242861277,-0.0271160319268063
-1.11299163508935,2.09718897424189,-0.169959123266861,-0.5894800764639,-1.5910184874187,-0.163920480804438,-0.787037608394035,-0.386658890980321,-1.70780652562667,-0.564750533947372
-1.01519862519157,-1.86217312157759,0.875038153358173,0.519214957113672,1.40137152839422,0.144381411364191,0.69322393479431,0.340569745295305,1.5042386118982,0.497433138066992
-0.402004685445631,-1.85369761147181,0.291959308827263,0.542161032846449,1.46330344460682,0.150762172846843,0.723860126394009,0.355620812412634,1.5707166141897,0.519416592706916
2.1597114578522,-1.44718310348688,0.0785942238142161,0.378628240072643,1.02192517417724,0.105287567191674,0.50552118118188,0.248354407970029,1.09693915876086,0.362744237313802
0.820295605470623,1.95319502605795,-0.131079758013011,-0.591837080278456,-1.59738008774007,-0.164575907873081,-0.790184535184693,-0.388204925388201,-1.71463509652523,-0.567008658039999
-2.97140838033707,1.42943725776032,-0.502543135905154,-0.3270407178093,-0.882689422337318,-0.0909422961798983,-0.43664468854676,-0.214516497337966,-0.947482865529139,-0.313320886285535
0.76187227221691,-1.70325227962033,0.245084161250868,0.474726087953678,1.2812951829094,0.132010108050772,0.633825127978181,0.311388068938131,1.37534811313027,0.45481064136865
0.477165229862145,2.00071385821134,-0.157487509588506,-0.596663043313136,-1.61040545825613,-0.165917894163329,-0.796627864750295,-0.39137042934568,-1.72861658884725,-0.571632164939495
-3.47295929904403,0.345405769389124,-0.0898263478744302,-0.0202951974592539,-0.0547771428632219,-0.00564361487074899,-0.0270969016731375,-0.0133122710251639,-0.0587980358347501,-0.0194437845472847
0.680241416245962,-1.96231188780316,1.17223506284042,0.491747045903644,1.32723508801089,0.136743234278969,0.656550466072515,0.322552661240954,1.42466021750832,0.471117545493725
-2.31712430312977,-1.04993479745465,0.120802700968031,0.356208554511477,0.961413995540116,0.0990531823779986,0.475587793422867,0.233648617051344,1.03198618268483,0.341265090015808
0.625105418246741,1.23652531226062,-0.0491313778012975,-0.379280944470947,-1.02368683637072,-0.105469068862494,-0.50639263202329,-0.248782537721758,-1.09883013502153,-0.363369559817767
-2.18599152381927,0.0789200316438554,0.548103092817222,-0.0119328895312732,-0.032207106924577,-0.00331825462378004,-0.015932061511325,-0.00782716501638258,-0.0345712559673566,-0.0114322875418407
3.2461523355033,-0.33837322253195,-0.00736015899592318,0.0297103037602625,0.0801887026156306,0.0082617334693353,0.0396673735886123,0.0194879412575618,0.0860749203679559,0.0284639135100173
0.713179724888811,1.23864267164798,-0.468751072508065,-0.353778884756778,-0.954856268396502,-0.0983775486283811,-0.472343847530079,-0.232054918722411,-1.0249470883577,-0.338937348424417
0.0563326427260666,2.00626427007713,-0.379719526817888,-0.574153364462651,-1.54965138593563,-0.15965848434229,-0.766574323476303,-0.376605608941805,-1.66340288957988,-0.550066799700939
-2.553553103597,1.04860169047384,-0.892564334081452,-0.196596564935685,-0.53061805116808,-0.0546688594499631,-0.262483663932516,-0.128953993194421,-0.569567844475759,-0.188349054450947
1.0409456209758,-2.04736206334854,0.493984807780737,0.554529581422938,1.49668640398651,0.15420157395718,0.740373853116275,0.363733740171464,1.60655003556361,0.531266262766382
2.00594926824627,-1.44003538025964,-0.392751151676627,0.411432450846423,1.1104643935506,0.114409643097453,0.549319349472017,0.269871742081406,1.19197756203237,0.394172263959498
0.416266863375639,-1.72250955150482,0.0699727748478133,0.49981953296478,1.34902289164754,0.138988002190866,0.667328355205767,0.327847664446551,1.4480473456429,0.478851380037222
-2.23521852278086,0.735495943596762,0.367280588695382,-0.194553308690433,-0.525103261796011,-0.0541006781669967,-0.25975563363462,-0.127613755881369,-0.563648244325571,-0.186391515762923
-0.332479863391228,1.87940379337629,-0.146736707090775,-0.543323170917048,-1.46644007844583,-0.151085335984835,-0.725411741799222,-0.356383096051191,-1.57408349130716,-0.520529977403186
-2.24459524039464,-0.879521380777144,0.619793385954614,0.27039540127846,0.72980258285858,0.0751905720898246,0.361015339516699,0.17736101720634,0.783373432352255,0.259051922780763
-2.84258099882543,-0.610558955831658,0.591321445389031,0.205296222381971,0.554098600187277,0.0570880286269496,0.274098912460413,0.134660377573462,0.594771973250744,0.196683748674069
-1.77771828301257,2.15679091427881,-0.513447436068944,-0.569589522260692,-1.53733348477681,-0.158389387662131,-0.760480961554278,-0.373612038446592,-1.65018079810363,-0.545694417285797
0.0137505602284471,1.75823343189533,-0.681052018205662,-0.479080383930228,-1.29304751462507,-0.133220934876884,-0.639638716644622,-0.314244191342458,-1.38796311977794,-0.458982268325871
-2.50438706848929,-1.57991094492468,0.0700097772999637,0.52179526695473,1.40833583613643,0.145098934562444,0.696669006082222,0.342262253288983,1.51171413170055,0.49990520017506
-1.97326310906902,1.40760539951248,0.205961658015796,-0.389983971410238,-1.05257451962187,-0.108445327759106,-0.520682656506233,-0.2558029964136,-1.12983830642662,-0.373623579283661
-3.0538511581943,0.754240379331369,-0.292700445977797,-0.1379009186262,-0.372197330709518,-0.0383469870944227,-0.184116840457036,-0.0904536359922921,-0.399518318129552,-0.132115775469723
-2.41210702997846,0.762350197073041,0.612613409379912,-0.215071562710734,-0.580482438767825,-0.0598063197969075,-0.287150346734051,-0.141072336859938,-0.623092506327668,-0.206048999325631
-2.58965744892587,-1.1661729292586,-0.0114376440442533,0.405741557974881,1.09510456014816,0.112827140256465,0.541721218688509,0.266138902899465,1.17549024656454,0.388720112281836
2.81084595656292,0.742875436907012,-0.601228798806611,-0.243392457461883,-0.65692109874699,-0.0676816914502943,-0.324962666713093,-0.159648920180171,-0.705142113767724,-0.233181791545722
-3.5043739210762,0.577589477308245,-0.0107469115171534,-0.0941359221603181,-0.254074732068482,-0.0261769756732966,-0.125684504021674,-0.0617467709549425,-0.272724980164992,-0.0901867839581236
2.33944698885745,-0.607854417942368,-0.574304961073386,0.168038423274763,0.453539057045992,0.0467275150367287,0.224354586444743,0.110221792015867,0.486830899436227,0.160988968172377
1.4072617598409,1.14608326069863,0.0239217605463459,-0.374471658908355,-1.01070647868457,-0.104131720183171,-0.499971569194548,-0.245627973053187,-1.08489695967714,-0.358762030746264
1.9553418708076,-1.13289448248035,0.166407209771385,0.283537212324157,0.765272593070448,0.0788449992219071,0.378561478815276,0.185981152622763,0.821447103640734,0.271642415829508
0.887069487647704,1.73999974156893,-0.11636956348282,-0.530716007710704,-1.43241309341943,-0.147579581784013,-0.708579431472341,-0.348113653302566,-1.53755876985671,-0.508451702942997
-3.43750575258063,0.372996716382247,-0.532304896197762,0.000301761007912955,0.00081445898095763,8.39126061763562e-05,0.000402892771879684,0.000197934724716469,0.000874243997498359,0.000289101696813293
-3.01566520715302,0.114392909490074,0.870359138826132,-0.0257515068095245,-0.0695038306614441,-0.00716088557729997,-0.0343818309407308,-0.0168912393507378,-0.0746057299134499,-0.0246711938219662
0.206648995135987,1.88275812458964,-0.250674567735374,-0.549275588800478,-1.48250577307318,-0.152740562752216,-0.73335904472291,-0.360287477877401,-1.59132848144416,-0.526232682739913
-2.07111462183295,-0.822249528266368,-0.0563585535988462,0.294728515873958,0.795478144635241,0.0819570363067163,0.393503420252014,0.19332188760595,0.853869880924862,0.282364227995292
1.99055544383664,-2.03036603927853,0.899398310549115,0.50136006239895,1.35318081132632,0.139416387026292,0.669385175529199,0.328858147118182,1.45251047565465,0.480327282031617
0.0516731087169399,1.96944303990455,0.182964915110522,-0.600721260925432,-1.62135866855946,-0.167046388592195,-0.802046147761798,-0.394032344453549,-1.74037381491376,-0.575520134448434
-2.47254818273623,0.00205350974149305,0.187369209810307,0.0414577952662655,0.111895416571025,0.011528433282943,0.0553519030386591,0.0271934977621337,0.120109052232164,0.0397185807421231
-3.01185424946886,0.454317095981563,-0.0157761601341182,-0.0679141342334311,-0.183301603288438,-0.0188853160292398,-0.0906747826048102,-0.0445470591340593,-0.196756779842146,-0.0650650379924292
1.12846342734192,-1.86500802522145,0.762088861940035,0.480274090991814,1.2962693538006,0.133552876605345,0.641232481028499,0.315027182094846,1.39142145669357,0.460125897648258
-3.02682479496805,0.19925734985129,0.63630414320064,-0.035152030266049,-0.0948760310256401,-0.0097749490314043,-0.0469328327375289,-0.0230573442276629,-0.101840365899222,-0.0336773517116505
2.72712794914419,0.437720305532376,0.000992087881761861,-0.190836001963492,-0.515070176773958,-0.0530669830001762,-0.254792513907846,-0.125175455158646,-0.552878684946894,-0.182830155434208
-1.26903913984813,2.23882448695974,0.125829688001089,-0.648065493874297,-1.74914169787939,-0.180211701107673,-0.865257261010689,-0.425086945511712,-1.87753670337961,-0.620878208291388
-0.458095334020911,-1.8521967393025,0.444892473661593,0.532718772074576,1.43781859439577,0.148136503231526,0.711253399496119,0.349427330691758,1.54336105934278,0.510370448442679
-3.10319367649214,-0.358204751100087,-0.52449299329958,0.210458017086045,0.56803038707939,0.0585234017692977,0.280990623853417,0.138046164295412,0.609726417058994,0.20162899861829
-0.637145310148487,-1.84429812587655,0.0562629378250269,0.560322648244179,1.51232200691772,0.155812488959374,0.7481084002847,0.36753359852446,1.62333336330567,0.53681630204865
2.39727505368925,-1.25861982762371,0.251789024242412,0.305557951220806,0.82470700670043,0.0849684463946442,0.407962217480189,0.200425261627127,0.885244275230335,0.292739352853062
3.05079841150931,0.374772955286275,-0.283850727909951,-0.160151872085764,-0.432253098037943,-0.0445344514975087,-0.213824947472887,-0.105048750113094,-0.463982453622661,-0.153433269222026
1.66383233546149,1.68325444340447,-0.369873200981857,-0.51398539312241,-1.38725683084389,-0.142927193184354,-0.686241742009584,-0.337139506524045,-1.48908783095233,-0.492422961855281
0.617756619273731,1.4716387792998,-0.184034937067877,-0.440208316528075,-1.18813102914857,-0.122411531416386,-0.58773911870563,-0.288746755429118,-1.27534528412143,-0.421740940420959
-2.96891504659849,-0.472257441646069,-0.0782898314810312,0.211648221402092,0.571242772274825,0.0588543694669887,0.282579711586494,0.138826857484643,0.613174606029125,0.202769272140384
-1.32133085735019,-2.05433300823031,0.20763176297168,0.627942210172719,1.69482855367808,0.17461589139089,0.838389888032571,0.411887438234707,1.81923672583203,0.601599125470789
-1.46727969777149,1.2931965822467,0.487405850722222,-0.385872135865396,-1.04147659344884,-0.107301923450105,-0.515192786122938,-0.253105911583865,-1.11792574168328,-0.369684241192061
2.52698932174924,-1.72347309583274,0.719638074602586,0.410018011248475,1.10664679285547,0.114016320866182,0.547430876556929,0.268943965777953,1.18787973197513,0.392817162150173
1.73957300834786,-1.00978634870161,-0.134575893155416,0.271728872834057,0.733401649191964,0.0755613790216614,0.362795708872478,0.178235683973593,0.78723668662549,0.26032945327432
0.939009042954897,1.55314296493535,-0.35060849717377,-0.460463772593281,-1.24280090919635,-0.128044095144475,-0.614782960109262,-0.302032958799136,-1.33402818355921,-0.441146650783205
-2.725092343267,-0.268184391061416,0.136881157473492,0.131005473875785,0.35358638775332,0.0364295268375318,0.174910465955399,0.0859306925944334,0.379541246788145,0.12550960460817
3.00523584751505,-0.198049810520687,-0.108517007789212,-4.79552747495553e-05,-0.000129432243331229,-1.33352288023199e-05,-6.40269387477436e-05,-3.1455402975698e-05,-0.000138933162333142,-4.59434815555855e-05
2.40383069817539,0.491991889723269,-0.0702209366258181,-0.195115704581657,-0.526621179527096,-0.0542570671758415,-0.26050651010165,-0.127982649386468,-0.565277584164807,-0.186930318332407
2.61149309997827,0.861704725973369,-0.106475702945625,-0.307533680789807,-0.830039540226036,-0.0855178501044913,-0.410600090305591,-0.201721206027164,-0.890968241120843,-0.294632197706652
-2.14568478687899,0.768876885288636,0.22956140051329,-0.197270325349498,-0.532436543967527,-0.0548562163011763,-0.263383227473151,-0.12939593426214,-0.571519822968944,-0.18899454964009
1.33617945216637,-1.09313544719241,0.479015678356521,0.26443663269976,0.713719747577986,0.0735335793441459,0.353059557534573,0.17345246975539,0.766110043359624,0.253343133169625
-2.92324801968014,1.42655819260581,-0.649971077638902,-0.317380679527354,-0.856616786281585,-0.0882560677847595,-0.423747198487342,-0.208180168362556,-0.919496378666556,-0.304066100593019
3.05667368992323,0.037316980474057,-0.125090481769983,-0.0702672309615845,-0.189652658305657,-0.0195396566294719,-0.0938164928935703,-0.0460905307586392,-0.203574031362974,-0.0673194189065836
-1.77017695072321,-1.41217833719157,0.224820985342517,0.445198550536429,1.20159977030003,0.123799197582956,0.594401772790262,0.292020009987571,1.28980269251256,0.42652182688899
-0.861092231202183,1.75175673028747,-0.546397676421525,-0.466837703839069,-1.26000427679856,-0.129816534818249,-0.623293041796578,-0.306213824760655,-1.35249435707393,-0.447253186386572
2.23349439033655,1.91578611548881,-0.543701500023764,-0.584281860538992,-1.5769883989249,-0.162474979781151,-0.780097269622966,-0.383249214411339,-1.69274656442929,-0.559770390705254
2.10269275512681,0.982143174772522,0.0427136778766707,-0.342197169499848,-0.923596987844849,-0.0951569472726161,-0.456880652350364,-0.224458100177232,-0.991393233556733,-0.327841502887764
1.83827129775187,-1.17444245360495,-0.465836474720048,0.340819781693439,0.919879390674326,0.0947739282690984,0.455041648712632,0.223554627332364,0.987402747740461,0.326521898493688
3.16217234221947,-0.11174285072716,0.654901373089271,-0.0803367416797997,-0.216830468636491,-0.0223397496339661,-0.107260685411326,-0.0526954458396971,-0.232746817350235,-0.0769664990739302
-2.39908769225942,-0.107197433377571,0.0765751912317704,0.0798304627096137,0.215464011594907,0.0221989654149101,0.106584732812104,0.0523633612231769,0.231280056108264,0.0764814592394135
-2.7228631652468,-0.508867950242315,0.443561254140853,0.182212695374047,0.491795700240691,0.0506690451924299,0.243279204356626,0.119519151755723,0.52789575532139,0.17456860903896
2.32427950759751,1.2409200978185,-0.24418213176774,-0.405067271120578,-1.09328464647533,-0.112639637014591,-0.540820952276852,-0.265696616522543,-1.17353674289936,-0.388074112737144
0.753138910086636,1.60589476496325,-1.12708113609163,-0.420133233857284,-1.13394798049104,-0.116829125267352,-0.560936100784634,-0.275578864754357,-1.21718495172592,-0.402508036528131
2.02999553038096,-1.46691974799585,0.134103937824463,0.383664654334548,1.0355185567544,0.106688074995592,0.512245492305928,0.251657953638115,1.11153035782875,0.367569366706899
2.126675529783,1.16722194687649,-0.411881359465097,-0.367502895236344,-0.991897646496165,-0.102193871666592,-0.490667303770035,-0.241056937422794,-1.06470747312824,-0.352085616798011
1.57801722269353,-1.84710698475661,0.224287591238311,0.500993613266234,1.35219175780589,0.139314486181083,0.668895915144454,0.328617781377399,1.45144882107946,0.479976205970477
1.17584177408755,2.10449936280136,-0.943283666085573,-0.590463974570154,-1.59367404803777,-0.164194079619868,-0.788351248741465,-0.387304261308838,-1.71065701654825,-0.565693156103816
3.11865435149063,-0.0817978121632366,-0.702061742679914,0.00249469391443548,0.00673322864807771,0.000693715432024807,0.00333076215886779,0.00163634976109333,0.00722747844519383,0.00239003789350119
-2.95479515806957,0.435383842931478,-0.287731312217292,-0.0453301810538029,-0.122347063071697,-0.0126052522722482,-0.0605220748064392,-0.0297335198151926,-0.13132789741752,-0.0434285143403554
-2.77366209480539,-0.431966808890313,-0.0548280715606954,0.1937503190027,0.522935976607929,0.0538773857081849,0.258683531101165,0.127087049187582,0.561321870486191,0.185622212654967
1.82828756692947,0.577207977451685,0.098785730713808,-0.219127012802662,-0.591428179478461,-0.0609340446437503,-0.292564934722263,-0.143732436662423,-0.634841714499203,-0.209934317415687
3.30752007064552,0.537507884235421,0.458284920058158,-0.264013082300818,-0.712576576600754,-0.0734157999860105,-0.352494059044756,-0.173174649462444,-0.764882958400987,-0.252937351323034
0.700163145233467,1.72731260449655,-0.235765891696791,-0.514815071412525,-1.38949614910228,-0.14315790711288,-0.687349477526458,-0.337683719128228,-1.49149152541903,-0.493217833940115
1.90697807722704,1.93133760813456,-0.720670593488274,-0.56986654478537,-1.53808117409794,-0.15846642108065,-0.760850825022101,-0.373793746406615,-1.6509833712427,-0.545959818314557
-3.14364458935239,0.742313663621916,-0.573682834266198,-0.113559095602741,-0.306498264712045,-0.0315781012694811,-0.15161713276334,-0.0744870534554414,-0.328996640018759,-0.108795127158392
-2.17581449034612,-1.37140674855373,-0.125405141861282,0.465433480386182,1.25621424968278,0.129426053455529,0.621418208851178,0.305292749554451,1.34842612462294,0.445907872140234
-0.43784111854247,-2.19916960845687,0.24281426584506,0.649269386469931,1.75239102801453,0.180546475192485,0.866864624494312,0.425876617282605,1.8810245492171,0.622031595849927
-2.88804310279879,0.57734303084186,-0.0171164891518558,-0.107248301544956,-0.289465305639944,-0.0298232185558611,-0.143191347973291,-0.0703476012007936,-0.310713383800121,-0.102749080046596
-2.30344294174388,1.43330741848134,-0.469658345488078,-0.345147849473394,-0.931560931964094,-0.0959774616534668,-0.460820219101196,-0.226393545821219,-0.999941767620997,-0.330668397565127
2.65137573527033,0.632371235538716,-0.164826474425659,-0.236117034597979,-0.637284587281333,-0.0656585682583103,-0.315248968762162,-0.154876736949069,-0.684064192494792,-0.226211583202584
-3.52751538620065,-0.446833410076462,0.254517751131844,0.194133525632008,0.523970258946,0.0539839464172432,0.259195165066575,0.127338406707914,0.562432073881228,0.185989343211461
-2.94420008764545,0.687330195627278,-0.446132363138203,-0.110101516271764,-0.297166189113662,-0.0306166301545401,-0.147000785110322,-0.0722191162630399,-0.31897954736359,-0.105482598285409
-2.47936815341459,1.0767431261992,0.335598983289841,-0.288809546679033,-0.779502728685515,-0.0803111108292704,-0.385600775963718,-0.189439445847468,-0.836721796333584,-0.276693568126168
2.73349130257633,0.79452680920489,-0.403335126872964,-0.270329732037048,-0.729625340265806,-0.0751723110254458,-0.360927661977169,-0.177317942644417,-0.783183179342028,-0.258989008459088
0.704834997939992,1.25625605219645,-0.253358185711066,-0.373260267271212,-1.00743690848678,-0.103794860792106,-0.498354193451089,-0.244833382420421,-1.08138738806377,-0.357601458741864
-2.2825917211952,-1.09163383980087,0.137395900087876,0.366771244572369,0.989922906756528,0.101990416904662,0.489690448721414,0.240577024283041,1.0625877784544,0.351384659938499
2.44176395537666,-0.922147913279162,-0.0784623131924359,0.226329714312216,0.610868414557824,0.0629369457453777,0.302181539585418,0.148456919624515,0.655708951800837,0.216834855170559
-1.59062611092781,-1.05803468721871,0.306410416598681,0.330159057679759,0.891105883863408,0.0918094328165486,0.440808104498878,0.216561916486386,0.956517133848838,0.316308407284438
-2.97352112126565,-0.840268637746174,-0.489777146833058,0.349034576225234,0.942051285013542,0.0970582685260907,0.466009538044084,0.22894297457278,1.01120216059295,0.33439207050345
-1.94317539710659,1.83622283571609,-0.670514300538226,-0.459823827736773,-1.24107368526075,-0.127866141600742,-0.613928545024717,-0.30161319844016,-1.33217417348216,-0.440533552539787
2.36078738487603,1.62546854169053,-0.103191739848645,-0.529989820745481,-1.43045310031173,-0.147377646347608,-0.707609871218864,-0.347637323978085,-1.53545490428508,-0.507755980572165
-2.9806348534153,-0.0126955101422212,0.0556553801701867,0.0658913476714865,0.177842062000018,0.0183228268815357,0.0879740821713802,0.0432202485428971,0.190896483237787,0.0631271102548669
-1.88780657076105,-1.51430007410566,0.15783887542499,0.482733811582712,1.30290818875068,0.134236866782457,0.644516548952882,0.316640591731187,1.39854761251134,0.46248242939977
2.95673668144053,-0.454191924063111,-0.00651596368223687,0.0705857835069796,0.190512437981296,0.0196282385654652,0.0942418046954203,0.0462994795914145,0.204496922801552,0.0676246077115748
0.25966077263089,-1.55277702301578,0.342095275237028,0.434450844104513,1.17259149620686,0.120810514375149,0.580052094991756,0.284970244583326,1.25866507834576,0.416225002299863
1.41010597281117,1.96767335238445,0.37395531269876,-0.64297547757507,-1.73540364233404,-0.178796287843705,-0.858461383737175,-0.421748240547947,-1.86279021168559,-0.616001725544027
0.108115923316526,1.82283659677691,-0.271270483113317,-0.527851156791919,-1.4246808036314,-0.14678293443529,-0.704754458406157,-0.346234505688746,-1.52925889461173,-0.505707036667303
2.87447230240986,-0.527772171891597,-0.380306659380257,0.119358174364536,0.322150093990752,0.0331906880502905,0.159359706705703,0.078290855233092,0.345797385196483,0.114350926171604
0.236103803022838,-1.83570397049357,0.257823568899896,0.524985991968504,1.41694766660852,0.145986199797106,0.700929066233784,0.344355152174811,1.52095810994098,0.502962069655734
0.788459695854659,1.3909240488043,-0.433428596353519,-0.403219186955867,-1.08829663044262,-0.112125728475622,-0.538353503758777,-0.264484398837677,-1.1681825836624,-0.386303558378358
-0.853742408328796,-1.82145570034269,0.207277324764858,0.548189094963741,1.47957330453059,0.15243843448831,0.731908424854754,0.359574811718283,1.58818075629022,0.525191768892394
1.56827617496524,-1.69404517243106,0.914981696057701,0.40934437241236,1.10482862819665,0.113828997822854,0.546531475339371,0.268502104456946,1.1859281057096,0.392171783438366
-2.80484456464598,0.785508454265632,0.0714855593056791,-0.177094688323012,-0.477982097097764,-0.0492458483617607,-0.236445955549723,-0.116162086759984,-0.513068170490378,-0.169665309792348
3.64624322693978,0.0716152356696917,-0.52903619893512,-0.0664870046841115,-0.179449752161375,-0.0184884650223355,-0.0887693668457184,-0.0436109590844438,-0.192622185214516,-0.0636977785935618
-1.49401271781063,-1.66190844343741,0.239243158776006,0.512609959135112,1.38354450707013,0.142544717491766,0.68440534699118,0.336237315251805,1.48510300562427,0.491105229314776
2.37437990845549,0.613463358900987,-0.00922494331218763,-0.234772606435811,-0.633655948848212,-0.0652847145530728,-0.313453970817943,-0.153994883392109,-0.680169195394363,-0.224923555747961
0.154371723305765,1.96593224481797,-0.329129761301452,-0.567675805272074,-1.5321683244429,-0.157857228185631,-0.75792588411909,-0.372356770087212,-1.64463649136307,-0.543860983495074
3.00326275180659,1.25160374162985,-0.51496510542726,-0.405129876957081,-1.09345362087713,-0.112657046218448,-0.540904539746217,-0.26573768169892,-1.17371812079556,-0.388134092168179
1.8935803971405,-1.21260386162852,-0.205221228590668,0.33353995538128,0.900230994213971,0.0927495805822007,0.445322071547929,0.218779555738301,0.966312069059829,0.319547471433322
1.88141192998928,-1.99918118751244,0.902820286442212,0.494241492425947,1.33396764894267,0.137436880917087,0.659880897928596,0.324188848729612,1.43188697922378,0.473507346373552
0.188273238442829,1.77930002685473,-0.353134657608099,-0.511159886637709,-1.37963073246844,-0.142141486593104,-0.682469299216333,-0.335286166186597,-1.48090194205559,-0.489715989457708
0.141066454756931,-1.5295927748902,0.162171518588552,0.442195490591023,1.19349445159167,0.122964117569585,0.590392271516743,0.290050206639842,1.28110240631734,0.423644749655409
-2.31113613940492,0.0253760631257702,-0.351438622714356,0.0669916514680775,0.180811803899786,0.0186287953689697,0.0894431402501037,0.0439419730976665,0.194084217783901,0.0641812547144331
-3.29620463921877,1.10726911536243,0.550180735615911,-0.294231412740302,-0.794136453359525,-0.0818188036709892,-0.392839718666399,-0.192995821714944,-0.852429703369312,-0.28188797905768
0.397668602386758,1.39979173344908,0.0868116004460815,-0.432044532693665,-1.16609681369934,-0.120141376029036,-0.576839335725649,-0.283391867741393,-1.25169365641953,-0.413919639135985
0.462051790738977,1.85034273548516,-0.133046651258674,-0.553120286836375,-1.49288268977976,-0.153809682432007,-0.738492249504522,-0.362809338646015,-1.60246711132654,-0.529916090127766
2.78223195260837,1.09053089991267,-0.827274297172927,-0.331314272737186,-0.894223832351737,-0.0921306708281568,-0.442350476721926,-0.217319659098533,-0.959863954025374,-0.317415159397961
-0.0655048578558763,1.87071582682259,-0.226839592920931,-0.541268477046237,-1.46089441869417,-0.150513974168453,-0.722668440685866,-0.355035356432648,-1.56813075475025,-0.518561480914552
-2.78489475491766,-1.07445432292898,0.835333535261982,0.326039365823184,0.879986753348265,0.0906638438528863,0.435307744850476,0.213859678449777,0.944581808267634,0.312361542464756
2.1175627789508,-1.28841299420051,0.940648641393675,0.274525878097707,0.740950822203152,0.0763391600967748,0.366530098585144,0.180070329445916,0.795340003484182,0.263009120118321
1.62051711262874,1.5252982666848,-0.775860444840826,-0.438755796883909,-1.18421064964894,-0.122007620024032,-0.585799803650663,-0.287794001201852,-1.27113713082508,-0.420349356078478
-0.29057963275988,1.6715333851616,0.196965903169066,-0.50525515885286,-1.36369375436865,-0.140499521315299,-0.674585669184454,-0.331413065825808,-1.46379511682834,-0.484058973550893
-2.4713916393938,-1.70809994620146,0.696828715884426,0.517352345641671,1.3963443028693,0.143863463124322,0.690737090307412,0.339347998683594,1.49884236501285,0.495648665842487
2.35735519493957,1.02131306500968,-0.170572653013912,-0.345231030451717,-0.931785439084177,-0.0960005923181065,-0.460931277236758,-0.226448106893107,-1.00018275459114,-0.330748088981
-2.96194914129303,-0.0907385358181646,0.0442159074325309,0.0895185039496985,0.241612228193359,0.0248929807710426,0.119519610702055,0.0587180582370839,0.259347671471292,0.0857630731254379
-3.09639655133897,0.740431724150021,-0.0694521905487998,-0.147781760526101,-0.398865920135484,-0.0410946157584824,-0.197309133951442,-0.0969347971434635,-0.428144504067099,-0.141582101748793
2.44424185543461,0.398367086879587,0.222412702903463,-0.187668431440576,-0.506520840734659,-0.0521861564823183,-0.250563368210963,-0.123097744046102,-0.543701788516621,-0.179795469079983
0.357348422438133,-1.65937437207278,-0.24555918625081,0.503406004012415,1.35870284856077,0.139985315046707,0.672116791165871,0.330200145850384,1.45843785569349,0.48228739343277
2.21896922945556,0.858092394025974,0.117092542599087,-0.312747214931859,-0.844110972893534,-0.0869676107620219,-0.417560881019767,-0.205140930306136,-0.906072581343475,-0.299627016544532
-1.68656466678404,1.61368659350883,0.064846272531706,-0.448331771450127,-1.21005639605872,-0.124670472286116,-0.598585056997729,-0.294075190089593,-1.29888007330334,-0.429523604649828
-2.60007740509294,-0.818335385445797,0.339907310120577,0.27872775242288,0.752291764840709,0.0775076020631155,0.372140183220225,0.182826473599856,0.8075134232127,0.26703471973308
2.30581151323701,-1.9402542530095,0.500580200602467,0.494210594086045,1.3338842537068,0.137428288818838,0.659839644362088,0.324168581517341,1.43179746239595,0.473477744263736
-0.281577093482595,1.74704455987623,0.0416965663729152,-0.517583512151967,-1.39696822589272,-0.143927745068745,-0.691045729640051,-0.339499628212855,-1.49951208684155,-0.495870134583048
1.23872325425546,-1.76803864009203,-0.222526776017882,0.514805417339114,1.38947009256553,0.143155222543174,0.687336588000327,0.337677386711802,1.49146355621324,0.493208584869058
-3.10180657250479,0.944181028888836,-0.816401986755011,-0.158443537356402,-0.427642268519466,-0.044059403974458,-0.211544083821313,-0.103928198565634,-0.459033168116254,-0.151796601607482
1.78076068133077,-2.00184807688392,0.261935558402862,0.540144334167129,1.45786033463507,0.15020137659545,0.721167554127709,0.354297995058967,1.56487395503584,0.51748449745649
2.3149499279374,-0.819834582854735,0.129787551136984,0.1846831451463,0.498463493465312,0.0513560189013638,0.246577597225262,0.121139599006277,0.535052995083582,0.176935419867139
-2.94833363084427,0.822596844849052,-0.167526090711128,-0.168992942087794,-0.456115322366495,-0.0469929441648979,-0.225629001363533,-0.110847891523556,-0.489596274421428,-0.161903443539476
-0.347244564473889,2.0668098354078,-0.481081067949228,-0.576513709641375,-1.55602200466556,-0.160314840565357,-0.769725711451264,-0.378153835057624,-1.67024114087947,-0.552328124982671
-2.81384886615916,0.545625170225053,-0.504934300523962,-0.0667857341374107,-0.180256028915946,-0.0185715346248046,-0.0891682120719928,-0.0438069053152456,-0.193487646372765,-0.0639839759138658
2.48413142806629,0.897307271783099,0.801899615988133,-0.376121963048703,-1.0151606824855,-0.104590630770586,-0.502174953966318,-0.246710460475858,-1.08967812242154,-0.360343102239007
-1.44840501808423,-1.38072481580631,0.0129665269534045,0.442887930176922,1.19536335984926,0.123156668657197,0.591316774341185,0.290504399975706,1.28310850099402,0.42430814039833
-1.89638664029987,-1.24966213197843,0.0611535922573942,0.41047133739293,1.10787032916391,0.114142380155592,0.548036129794145,0.269241316937502,1.18919308144807,0.39325147060665
-3.20701407017922,0.126550921378805,0.0739242533017354,0.0281418788789711,0.0759554925685139,0.00782559156918972,0.0375733089767562,0.0184591610673577,0.0815309733302671,0.0269612863228881
-2.75263032230382,0.394034951070196,0.0108848959289595,-0.0574456508927233,-0.155046957889374,-0.0159742781655078,-0.0766979063354593,-0.0376804451120128,-0.166428114164554,-0.0550357226816412
1.95730102060717,1.23460856968785,-0.183229455513278,-0.399158666648024,-1.07733720511807,-0.110996593721534,-0.532932146329548,-0.261820973317934,-1.15641868636366,-0.382413382775283
-1.728393628633,1.7948212047825,-0.477833121409393,-0.465113621273073,-1.25535094355481,-0.129337108193927,-0.62099115260033,-0.305082943702002,-1.3474994478743,-0.445601431579936
-0.447389660724153,1.85694474570246,0.00540082360597164,-0.544267685198533,-1.46898934133608,-0.151347983089172,-0.726672799281696,-0.357002633265722,-1.57681988176016,-0.52143486794332
-2.54608356485136,-0.355713282016169,0.858361999356329,0.104877623191515,0.283066797465293,0.0291639889210617,0.140026163777828,0.0687925972242193,0.303845195842937,0.100477855081785
-3.34667099299422,1.21993825713255,-0.25585671231557,-0.272781887103745,-0.736243755715121,-0.0758541974090387,-0.364201628878106,-0.178926389810755,-0.790287416774232,-0.261338292071091
1.65694185141712,-1.66865411377233,0.292376405734397,0.441475277577655,1.19155058229923,0.122763843348035,0.589430687317027,0.289577795822009,1.27901584812279,0.422954750620505
-0.847806647846196,-1.84287075125715,1.09171335237812,0.49526280328987,1.33672418734113,0.137720883336421,0.6612444894932,0.324858759285978,1.43484586015588,0.474485811768322
-2.90475516508826,0.134920583817116,-0.0493270259303656,0.0272175514962564,0.0734607145208008,0.00756855796441686,0.0363392038021949,0.0178528650872677,0.0788530671566016,0.0260757358118994
-2.12664014138347,-0.844642811395222,-0.486155876031211,0.331392793893,0.894435762517899,0.092152505706261,0.442455313348553,0.217371163643365,0.960091440835623,0.317490386477625
-2.45596786204636,1.23925568256082,-0.704653525042973,-0.268183554485845,-0.723832764235535,-0.0745755097591583,-0.358062217470172,-0.175910195945372,-0.776965401721646,-0.256932866162883
0.531184259530567,1.80174536093691,-0.191338524986985,-0.536253598717656,-1.44735916203073,-0.149119454998734,-0.715972883017846,-0.35174593687404,-1.55360194830416,-0.513756983991202
-0.0461325562974924,-1.49747279212456,-0.556111893343911,0.484814590774534,1.30852425330418,0.134815482310258,0.647294677585408,0.318005441548523,1.40457592190476,0.464475916892439
1.91017486896315,-0.674605930218866,0.190319253782269,0.146261623811615,0.394763040814,0.0406719016565543,0.19527954073537,0.095937690710813,0.423740454626758,0.140125736969972
-0.21504022679066,1.31657457558159,-0.112521982587718,-0.380356672305881,-1.02659024725965,-0.105768203355681,-0.507828877786792,-0.249488142114951,-1.10194666955705,-0.364400159312843
-1.78734694971164,-1.16569083110303,-0.075461492151492,0.392162331582469,1.05845395718839,0.109051078251878,0.523591069273053,0.257231852726104,1.13614932161753,0.375710554093356
-0.624135491253615,-1.63155747868197,0.138616587467534,0.491080091487236,1.32543496473423,0.136557770014819,0.655659989481777,0.32211518444525,1.42272795694496,0.470478570780543
-0.133477859980503,-1.56171714807643,1.02933510661973,0.399813361448638,1.07910423944711,0.111178648876207,0.533806254633928,0.262250408638386,1.15831542909921,0.383040612181301
-0.548089723081284,2.22797183041874,-0.885956098752197,-0.593048370709234,-1.60064938477987,-0.164912739121048,-0.791801775803628,-0.388999449636466,-1.71814437492955,-0.568169133083789
2.37654876995966,1.0461158939155,-0.168129081354558,-0.353215266253123,-0.953335050810072,-0.0982208196399076,-0.471591338705991,-0.231685223266601,-1.02331420643864,-0.338397374532862
-0.564554103195983,-1.997959476918,0.233535184899356,0.592682960983301,1.59966313663908,0.164811127310306,0.791313903171007,0.388759765675932,1.71708573166171,0.567819052824811
-3.47001938842376,0.843357816446266,0.362492771118162,-0.199128598560251,-0.537452060438786,-0.0553729581730983,-0.265864279779969,-0.13061483526914,-0.5769035013025,-0.190774865599687
-1.17729051027779,-1.71946436068481,0.765527889401434,0.487563397130717,1.31594333650247,0.135579860408067,0.650964715075879,0.319808471811355,1.41253959976294,0.467109406842912
2.88864793636881,0.622817023932194,-0.319884080469773,-0.22813243141459,-0.615733983984138,-0.0634382387762605,-0.304588416787061,-0.149639379597949,-0.660931676290123,-0.218561945680945
-2.05161217673576,-1.85488182666998,0.309653723500351,0.577762906236769,1.55939361119994,0.160662212622042,0.771393562054036,0.378973223175181,1.67386023876349,0.553524915972598
-0.73061031202133,1.64525656558404,-0.176476288092518,-0.462711632296013,-1.24886792738232,-0.128669171814518,-0.617784164382451,-0.303507402083041,-1.34054054864548,-0.443300209517491
2.21416144636142,-1.33722094334718,0.16695071937191,0.338719876582833,0.914211704884431,0.0941899942751978,0.452237984327535,0.222177232211393,0.981319027875654,0.324510087442213
1.4777410376282,1.59177458314091,-0.457396411387722,-0.476737281386114,-1.28672343410997,-0.132569373423087,-0.636510349976822,-0.312707275223774,-1.38117482281114,-0.456737462325268
-2.86420362253142,0.788773675546324,-1.04357846129139,-0.102143390679931,-0.275687049364345,-0.0284036634650793,-0.136375584389939,-0.0669991264135462,-0.295923740458263,-0.0978583275820327
3.37793692927429,-0.544479850320279,0.518774613581316,0.0530597757289637,0.143209393317369,0.0147546699135981,0.070842155076983,0.0348036089058254,0.153721618178831,0.0508338413298268
2.50697176916981,0.885861381311504,-0.365644056015398,-0.295087220220914,-0.796446294824384,-0.0820567835100016,-0.393982340274285,-0.193557173293323,-0.854909097768587,-0.282707884175646
-1.92084810655261,0.899842678266645,-0.237650862995815,-0.210029933093799,-0.56687497984338,-0.0584043617259862,-0.280419072388151,-0.137765370273193,-0.608486197644186,-0.201218873369197
-0.817876037478407,1.92141943168755,0.34393487403897,-0.577966071119539,-1.55994195727199,-0.160718707975483,-0.771664815332695,-0.379106485538736,-1.67444883594671,-0.553719557794442
2.80455640575202,0.87014226193641,0.39628715329379,-0.347956085384403,-0.939140416716574,-0.0967583657062489,-0.464569603284738,-0.228235557835391,-1.00807762124151,-0.333358823914575
-0.67754107183206,-1.79244660329808,0.306342412152364,0.529017428102213,1.42782859316681,0.147107246929579,0.706311592259262,0.346999500451802,1.53263774630477,0.506824381207881
-2.65900119203557,-0.625216837858843,0.338267194509381,0.222546109028158,0.600656388407354,0.0618848145163507,0.297129902095421,0.145975131551512,0.644747316196,0.213209977605171
2.39107675799945,-0.124153902090929,-0.612666419477342,0.0252135376300347,0.068051841112681,0.00701128905982491,0.0336635675195899,0.0165383681094044,0.0730471576868364,0.0241557932282997
0.274367904354714,1.4541108763627,0.303195229057043,-0.459999901066479,-1.24154891069056,-0.127915103433405,-0.614163627324944,-0.301728690585041,-1.33268428263337,-0.440702239338435
2.43240206278074,1.10084045050422,-0.110866606914513,-0.374600748155728,-1.01105489313877,-0.104167616852696,-0.50014392123252,-0.245712646831352,-1.08527094934677,-0.358885704512846
-2.69375271152028,0.403612516124821,-0.161013854024468,-0.0500997333260318,-0.135220179814414,-0.0139315520623541,-0.0668900881852174,-0.0328620221440845,-0.145145959842449,-0.0479979769905423
-0.39732173324647,-1.86144036073051,-0.247108147150897,0.580438179825189,1.56661422799095,0.161406142994597,0.774965423107357,0.380728020936919,1.68161088187181,0.55608795796136
0.777093327968577,1.77142326988715,-1.05896592883614,-0.474584912302294,-1.28091414700964,-0.131970850437875,-0.633636638915589,-0.311295467299879,-1.37493910745167,-0.454675388240202
1.00304610534794,1.75536881104653,-0.117742801994315,-0.537768981592372,-1.45144921064383,-0.149540847170147,-0.717996129198907,-0.352739925110696,-1.5579922252034,-0.515208794360712
2.91737692468603,0.10954758748381,-0.130722082122827,-0.0883548960315287,-0.238471627206434,-0.0245694089031715,-0.117966032846602,-0.0579548104783566,-0.255976535999094,-0.0846482802438297
-2.47198451361354,-1.28189712243797,0.34402533615059,0.413868838831957,1.11704025333328,0.115087145028325,0.552572265134167,0.271469847113447,1.19903612001725,0.396506441942216
-1.80563581170605,-0.600636211507091,-0.229880469385044,0.234385770598363,0.632611871204966,0.0651771446469835,0.312937491356632,0.153741145357745,0.679048477673924,0.224552948233863
-3.02717415875414,0.578900360333693,-0.27919564098599,-0.087103004009387,-0.235092745661484,-0.0242212873119962,-0.116294583475515,-0.0571336543439337,-0.252349629085431,-0.083448906904208
-0.752312041478829,-1.80061511342885,0.326242993107155,0.531773210382651,1.43526650452385,0.147873564867094,0.709990943575529,0.348807106447121,1.54062163439471,0.509464554432489
2.75539414615733,0.583419217278389,-0.0581722605171467,-0.230952367423532,-0.623345047534372,-0.0642223963498231,-0.308353422223063,-0.151489066081661,-0.669101426736667,-0.221263581292279
-1.31428042154905,-1.40964902923497,0.416182514916882,0.421570573247435,1.13782738818221,0.11722881538975,0.562855148096396,0.276521661766076,1.22134912569557,0.403885077450228
1.05489239754804,1.67700448370604,-0.219355122123161,-0.508744498006942,-1.37311155036325,-0.141469824086612,-0.679244420603463,-0.333701835304948,-1.4739042221491,-0.487401929876426
1.95259827859087,1.37975124649082,-0.78081513589505,-0.402352749801876,-1.08595809927724,-0.111884792775605,-0.537196690063579,-0.263916074915559,-1.16567239360728,-0.385473469517199
2.92545755392539,-1.4667919922951,0.39773990887017,0.346208554300394,0.934423795454876,0.0962724186031172,0.462236407066805,0.227089296141612,1.00301477839378,0.331684604289199
-0.886881214417905,-1.41011677635274,0.164132968639034,0.429136457980995,1.15824786202923,0.119332709164542,0.57295665290349,0.281484368254669,1.24326855577644,0.411133562367129
-2.37881949890596,-1.6506095600604,0.436559992896667,0.515578541718634,1.39155677069088,0.143370210165441,0.688368816207764,0.338184503791939,1.49370340606259,0.493949275561712
3.18944746005537,0.724999209345502,-0.121527051358701,-0.278522056529479,-0.751736587520468,-0.0774504028954218,-0.371865550691556,-0.182691551065241,-0.806917493336406,-0.266837653080165
1.81609464930787,0.783493456174705,-0.199299718198244,-0.260430920897213,-0.702908251502743,-0.0724196855403445,-0.34771137705678,-0.170824994892371,-0.754504933994085,-0.249505466775711
-2.78132208433835,1.01175436774922,0.0555688437540001,-0.24402130762437,-0.658618377882081,-0.0678565598217707,-0.325802268843315,-0.160061403173454,-0.706963980958861,-0.233784260533594
0.519918285444125,-1.72544016821499,0.914339801217956,0.441903806039162,1.19270718916664,0.122883006987746,0.590002832210365,0.289858881385874,1.28025735522744,0.423365301692731
3.33734806089745,-0.00729602496092103,0.305902664378972,-0.0920011504618488,-0.248312940662304,-0.0255833461051525,-0.122834287909012,-0.0603465057205723,-0.266540246900997,-0.0881415690226191
-2.82963704977819,0.530830197241319,-0.720653362199972,-0.0475900530598531,-0.128446502703981,-0.0132336692800127,-0.0635393171695528,-0.0312158423541636,-0.137875063832651,-0.0455935814444472
0.826639526506398,1.7282091608363,-0.684369480907965,-0.487857628060726,-1.31673747165293,-0.135661679077502,-0.651357554150033,-0.320001467316432,-1.41339202806777,-0.46739129435949
2.76034972748115,-1.36413718258219,-0.0675415957421161,0.350374986306198,0.945669078565328,0.0974310048978862,0.46779917129296,0.22982219254139,1.01508551674812,0.335676248441192
-2.42392176383475,-1.00703606600071,0.170111325480303,0.342474311944981,0.924345000833684,0.0952340140381801,0.457250675928616,0.224639886796928,0.9921961541222,0.328107018806142
-0.946560210489066,-1.50600433764281,0.56525535377753,0.432209619682123,1.16654238677492,0.120187282819788,0.577059749737521,0.283500153592639,1.25217193659802,0.414077800486303
1.11515052498169,-1.72237692732015,0.357190428291283,0.465125591281107,1.25538325084531,0.129340436770329,0.621007134220188,0.305090795214235,1.34753412666778,0.445612899428806
-2.59786721644568,-0.931168023708174,0.244838991431528,0.318689903781029,0.860150408663312,0.0886201321148564,0.4254951943342,0.209038930546696,0.92328938510258,0.30532040099407
2.01349045465758,-1.76578046863612,0.439929327876879,0.452692706636107,1.22182664713311,0.125883145319497,0.604407509929003,0.296935667364352,1.31151431467267,0.433701592292033
-2.71221943189441,0.434251742315621,-0.537698525929161,-0.0336235532350687,-0.0907506410235346,-0.00934991568452716,-0.0448921040429066,-0.0220547671138901,-0.0974121533912817,-0.0322129965046848
1.42014170016431,1.73703573777605,-0.0977371505449288,-0.542852118329974,-1.46516869811509,-0.15095434739058,-0.724782821304094,-0.356074117549315,-1.57271878584172,-0.520078686154018
-1.83703568614842,-1.3989513371404,0.371821352194517,0.432894077764257,1.16838975279461,0.120377614439793,0.577973596148142,0.28394911160416,1.25415490773794,0.414733544561097
2.76896147681238,-0.269141885888433,-0.678845288863223,0.0645350553376354,0.174181401930816,0.0179456740304845,0.0861632439135027,0.0423306128951619,0.186967113966644,0.0618277163477379
-1.26018659539413,1.03580309877816,0.070093397933288,-0.285760476132088,-0.771273226445618,-0.0794632363547671,-0.381529844159732,-0.187439462670301,-0.827888210967296,-0.273772410502385
1.30970356003502,-2.20108328877271,0.398066527090394,0.600855711395623,1.621721553061,0.167083776091108,0.802225657775336,0.394120534829732,1.74076333679844,0.575648944526775
-1.27310651088442,-1.64627201262392,0.221201703807659,0.504275155987818,1.36104870708332,0.140227005674412,0.673277229523951,0.33077025051095,1.46095591096732,0.483120083224654
-3.61396976881167,-0.228291997243654,0.572588019170921,0.109584884614787,0.295771789963878,0.0304729670979048,0.146311010239275,0.0718802409871693,0.317482792934801,0.104987640074299
1.76488014444178,1.3912626290564,-0.279963847552799,-0.435154117951861,-1.17448964635226,-0.121006078214874,-0.580991063056942,-0.285431544458807,-1.26070256139864,-0.416898772791283
1.89777233863791,-1.83955902886919,0.292382858184113,0.487124042421156,1.31475750937556,0.135457686244579,0.650378115640792,0.319520284964118,1.41126672749802,0.466688483699411
-3.47311705842711,1.18482328377008,-0.5174309173168,-0.242013940045064,-0.653200452735434,-0.0672983583288127,-0.323122154888893,-0.158744706387601,-0.701148355311535,-0.231861104930028
0.638610815631107,-1.66044647490876,0.264656191301141,0.463372990062519,1.25065294518923,0.12885307978257,0.618667168669833,0.30394120785655,1.34245659492849,0.443933822368336
-2.56912011314312,-0.967752397579551,0.171415002223386,0.333878514237072,0.90114477132053,0.0928437258003987,0.445774094547183,0.21900162735181,0.967292921587872,0.319871827255029
-0.120341866947842,2.30728186086545,-0.383627646040389,-0.659760822618103,-1.78070762349888,-0.183463895689635,-0.880872145943056,-0.432758286787327,-1.91141971239976,-0.63208290106468
1.08333979207737,1.37805723054471,-0.949966351242092,-0.371330686476109,-1.00222893142267,-0.103258289965859,-0.495777935635403,-0.243567708481504,-1.07579712164906,-0.355752826654303
-0.143468131427026,-1.88606781320043,-0.0131166645964076,0.566518716538616,1.52904531886558,0.15753546914899,0.756381010278836,0.371597798470854,1.64128424288406,0.542752436308942
2.35930151357256,1.17933731947637,-0.0531113408430282,-0.400260665966053,-1.08031152326403,-0.111303033693418,-0.534403468164403,-0.262543810019602,-1.15961133307338,-0.383469151626709
0.5017424450064,1.70765978586763,-0.10230792378238,-0.513502141112874,-1.38595252402852,-0.142792812218965,-0.685596533594537,-0.336822526029654,-1.4876877820476,-0.491959982967082
2.23789218732788,-1.64900154706471,1.10192396636978,0.368613136108067,0.994894208759972,0.102502603419823,0.492149629221411,0.241785180023895,1.06792399677586,0.353149281458022
2.24120812126284,-0.942502268548581,-0.342965279252475,0.25452841977063,0.686977283198034,0.0707783394435904,0.339830719922317,0.166953355068163,0.737404559708381,0.243850584115623
1.7431650944931,0.674436356334632,-0.107624989335253,-0.232431055358684,-0.627336055773469,-0.0646335845255862,-0.310327675573617,-0.152458984930389,-0.6733853932452,-0.22268023612806
2.6704807855394,0.0770596628570427,-0.0778801876914551,-0.0767492098530152,-0.20714764865917,-0.0213421418005082,-0.102470833164025,-0.0503422686367928,-0.222353234073547,-0.0735294694004534
-1.05823777891551,1.72877501046288,-0.245319887903824,-0.475776390989064,-1.28412997175708,-0.132302172507952,-0.635227428110218,-0.312076996389745,-1.37839098845267,-0.455816882671322
2.03795499283223,1.24542247206725,0.237924922566289,-0.432346324742923,-1.1669113564615,-0.120225297267077,-0.577242269942027,-0.283589822827123,-1.25256799034817,-0.414208770571914
-0.218984169281992,1.81350469834126,-0.0561742714207577,-0.532237000286026,-1.43651828272638,-0.148002533880617,-0.710610167381258,-0.349111321121793,-1.54196529884603,-0.509908887678053
-2.76542074307572,0.0955273712151262,-0.437497448497991,0.061862567094505,0.166968302842318,0.0172025181966419,0.0825951016822133,0.0405776421307462,0.179224540394595,0.0592673428549988
-2.80295274096427,-0.670906282886644,0.642374834642693,0.219001863730483,0.591090399635734,0.0608992436438475,0.292397843364315,0.143650347371558,0.634479140070183,0.209814418528248
3.20934079825496,-0.348901047930857,0.19346639081409,0.020224740315759,0.0545869776271997,0.00562402240393133,0.0270028316206887,0.0132660559246828,0.0585939116001204,0.0193762831829505
-2.47009387215636,0.785559157293671,-0.162465292897579,-0.168848278806298,-0.45572487328348,-0.046952716724473,-0.225435855831331,-0.11075300223684,-0.489177164588845,-0.161764849092048
-1.19933665205494,-1.60943180779838,0.248872361131362,0.489807658819972,1.32200064357827,0.136203936555578,0.653961115502366,0.321280555042807,1.41904154089913,0.469259518505596
2.25299018344789,-1.22467601823109,0.539014018749989,0.27940214222513,0.754111956372107,0.0776951339323818,0.373040587081662,0.18326882750364,0.809467225132534,0.267680817906905
1.78896959173114,1.57949366133651,-0.465013128523327,-0.479438833263709,-1.29401497652775,-0.133320611166948,-0.640117296188557,-0.314479309758313,-1.38900159781183,-0.459325680190934
2.22744188235728,0.905133576971379,-0.690360820238111,-0.272932759833509,-0.736650964222901,-0.0758961515503077,-0.364403064884422,-0.179025352073771,-0.790724516250055,-0.261482835471444
-0.922614372853465,1.64836342015517,0.601089865802239,-0.511428172361841,-1.38035484099059,-0.142216090513828,-0.682827497844442,-0.335462143398891,-1.48167920345712,-0.489973020207353
2.0564204599086,1.35920644833223,-0.683719316135118,-0.40501589347919,-1.09314597719616,-0.112625350106491,-0.540752356004277,-0.265662916279509,-1.17338789466048,-0.388024890462184
1.55513307142465,1.55339348935418,-0.259098750179419,-0.480269351519071,-1.2962565618691,-0.133551558669961,-0.641226153175461,-0.315024073322645,-1.39140772577576,-0.460121357003257
-2.25942805580016,2.03667510854918,-0.0688625102332443,-0.552878331024173,-1.49222964621523,-0.153742400237658,-0.73816920495836,-0.362650632067544,-1.60176613137575,-0.529684284712132
-1.23323778629725,1.69701903342438,0.551504174151096,-0.515760147681562,-1.39204692880815,-0.143420710492676,-0.688611285340209,-0.338303624968421,-1.49422954402885,-0.49412326289161
0.281550438182726,-1.61402320464389,0.126825787096421,0.46663720878352,1.25946313664344,0.129760781880675,0.623025353107317,0.306082313622415,1.35191349475492,0.447061102388833
3.1790912916415,-0.737903476807114,0.126281362593205,0.141398701158631,0.38163791555074,0.0393196377697513,0.188786864956456,0.0927479437541301,0.409651885102572,0.135466820961662
-2.95204084020303,-0.866194809857601,-0.644228323545377,0.366627041332153,0.989533699334108,0.101950317390847,0.489497917408087,0.240482436752158,1.06217000142598,0.351246506232953
2.69474438125048,-0.228794394553834,-0.220381738143462,0.0234636509495093,0.063328862048987,0.00652468692096098,0.0313272262538039,0.0153905613043094,0.0679774903453456,0.0224793168270915
2.68661833553838,-0.640076302653081,0.64695753855302,0.0882599596900091,0.238215392126545,0.024543009349787,0.117839279671792,0.0578925386866688,0.255701492091692,0.0845573266192632
-0.158714417091787,1.23365963657231,0.0791838783684812,-0.369701289950563,-0.997831157691227,-0.102805193292107,-0.493602465427344,-0.242498935034037,-1.0710765311995,-0.354191785671655
-1.03711549992287,1.7765163695983,-0.211040121367461,-0.492774371738938,-1.33000786093709,-0.137028909319717,-0.65792208845762,-0.323226517209985,-1.42763652465679,-0.472101773523111
1.72344611831223,-1.57275703912172,-0.0973478899931655,0.437485839124907,1.18078300831977,0.1216544747783,0.584104234016822,0.286960995171125,1.26745788493588,0.419132674885808
-2.72502245944423,-0.920474671093879,0.115076320213092,0.326992210752319,0.882558500822736,0.0909288075134952,0.436579924902252,0.214484680003325,0.947342333776229,0.313274414169811
1.64798237418971,2.0288511610581,0.0083602299455103,-0.642010235165859,-1.7327984338135,-0.17852787673682,-0.857172651331115,-0.421115107089542,-1.85999376893701,-0.615076976451131
2.71585185358609,0.446114083307454,0.433461141675965,-0.222028696455233,-0.599259881549845,-0.0617409343054419,-0.296439084593342,-0.145635744047822,-0.643248299344093,-0.212714271238667
-2.80292261848101,-0.422267412927015,0.0692569821682572,0.183200852498454,0.494462756034735,0.050943828340174,0.244598531083623,0.120167315710864,0.530758585216389,0.17551531154158
2.03282322381003,1.72042253632334,-0.781631002280789,-0.505666648871533,-1.36480437413891,-0.140613946966649,-0.675135065394954,-0.331682975328474,-1.46498726117245,-0.484453200967625
0.61902803546667,-2.2520473490448,0.420418654943562,0.629812828352308,1.69987738946652,0.175136066106953,0.840887422583889,0.413114436702758,1.82465616927314,0.603391268509909
-1.92546860824548,-0.897932109470385,0.541608256402069,0.274069534349331,0.739719141321519,0.0762122616830157,0.365920816428431,0.179770998943159,0.7940179115891,0.262571920650776
-0.130667440795197,1.31837727103639,0.364455833957716,-0.41467450051213,-1.11921475028226,-0.1153111805051,-0.553647935147888,-0.271998306452785,-1.20137023499379,-0.397278304948661
3.76808109428281,0.00060739468296197,0.318822774875152,-0.104735729287783,-0.282683822988118,-0.0291245315791574,-0.139836715748798,-0.0686995244612131,-0.303434109286471,-0.100341913832715
-0.65804085268092,1.33930710045162,-0.119894496902101,-0.376858772630398,-1.01714934624699,-0.104795520105638,-0.503158696885159,-0.247193757515227,-1.09181276320416,-0.361049001592173
-2.27552675046509,-1.16001174188202,-0.00317332769010011,0.396413340375394,1.06992751473472,0.110233183352733,0.529266755232985,0.260020225753535,1.14846509079603,0.37978322691382
0.995094386246905,1.73106451236465,-0.155094342239408,-0.527845850762158,-1.42466648255121,-0.146781458953786,-0.704747374120972,-0.346231025293624,-1.52924352229872,-0.505701953233172
-0.830496509373636,1.78322589069951,-0.452575989257622,-0.483176361771967,-1.30410264054104,-0.134359929533344,-0.645107414796279,-0.316930874596058,-1.39982974252948,-0.462906413967967
3.15356862502975,-0.29133161598884,-0.105744777735556,0.0243094688851073,0.0656117415325468,0.00675988890354185,0.0324565104344722,0.015945360419678,0.0704279436305038,0.0232896514759174
0.565140870611757,-1.65616226246114,0.672997401417219,0.436393970106223,1.17783603205386,0.121350851803302,0.582646437535727,0.286244803257748,1.26429458712533,0.418086611353006
0.306012103956442,1.94826231915149,0.28645741880987,-0.606947056552403,-1.63816221517094,-0.168777635250581,-0.810358447865296,-0.39811604351092,-1.75841081874727,-0.581484748936629
-0.517347454787293,1.74457028755874,0.26337480069277,-0.526471984662525,-1.42095839053754,-0.146399419253711,-0.702913072449922,-0.345329862449197,-1.52526323936131,-0.504385722805175
-1.1115965894343,-1.68294365427771,0.285700124563883,0.507328607667724,1.36929003408849,0.141076098438473,0.677354010747695,0.332773107413759,1.46980218909076,0.486045438186527
2.96001976682911,-0.362519673988273,-0.331024561165418,0.0648886932088484,0.175135877600844,0.0180440123665783,0.0866353994884063,0.0425625753185776,0.187991652518971,0.0621665185983407
-2.70371957945455,1.86858214185023,-0.587907722677141,-0.458204620912537,-1.23670341373644,-0.127415878442158,-0.611766679480275,-0.30055110874464,-1.3274831040276,-0.43898227378573
2.45032991119981,0.197093349353036,-0.512598448718853,-0.0785950558660083,-0.212129623875732,-0.0218554279623677,-0.104935293439331,-0.0515530182461531,-0.227700909070811,-0.0752978795012251
1.12189509936224,-1.58327561851404,-0.0768775640905601,0.452538649214347,1.2214108430781,0.125840305590633,0.604201821917451,0.2968346161597,1.3110679886971,0.433553997802123
-2.89799257834174,0.481137092560249,0.611614723232211,-0.120408860385863,-0.324985916525132,-0.0334828590068115,-0.160762518177058,-0.0789800338974704,-0.348841370082914,-0.115357534393404
-2.36461639369562,-0.762513705509352,-0.00481203249773951,0.279946779312394,0.755581942736987,0.077846584637457,0.373767753083903,0.183626072439569,0.81104511522393,0.268202606679963
-2.87063270725204,-0.516335896042535,0.147330078990496,0.207525611453278,0.560115765770509,0.0577079690508246,0.277075455880484,0.136122705377731,0.601230826325098,0.198819611646656
-1.8511930445898,-1.25016034457051,0.675273991946085,0.368528153463169,0.994664838905858,0.10247897175428,0.492036165611248,0.241729437181107,1.06767779012475,0.353067863958096
-0.416501434972489,-1.64728107362787,0.364190700031455,0.476089311802962,1.28497455127704,0.132389188392485,0.635645220769919,0.312282251189181,1.37929756397458,0.456116676004105
-2.33621759686845,1.5255590462613,-0.588031878022092,-0.364014813378864,-0.982483243970177,-0.101223918519756,-0.486010231016259,-0.238768992644826,-1.05460201037222,-0.348743865023666
2.25360770136337,-1.54765794118303,-0.607744802280384,0.452444690203878,1.22115724583421,0.125814177809921,0.604076373615059,0.296772985430798,1.31079577625494,0.433463980508155
3.38716382142454,0.481815713003128,0.207847221979973,-0.232405333676112,-0.627266632439019,-0.0646264319334247,-0.310293333562167,-0.152442113253712,-0.673310873920288,-0.222655593507305
-1.479248409467,-0.991021989320051,0.187057517301665,0.31570080082155,0.852082760138434,0.0877889332094907,0.421504327571435,0.207078282033736,0.914629534254711,0.302456695230653
-1.55308008446315,1.70752712661679,-0.275689892127897,-0.456478609654864,-1.23204487491538,-0.126935915494252,-0.609462215213307,-0.299418962595248,-1.32248260713745,-0.437328671198824
-3.2531237789898,-0.410315171172014,0.385632106779302,0.168409280758736,0.454540008794417,0.0468306417402593,0.224849732589447,0.110465049335648,0.487905325623801,0.161344267648057
-0.122255446672815,2.08281400322861,-0.423073347336979,-0.590137156516477,-1.59279195959037,-0.164103199241322,-0.787914901340399,-0.387089890864048,-1.70971017877197,-0.56538004854058
-0.838087350363714,1.43328301564632,0.180120790514707,-0.420983688905407,-1.13624337563382,-0.117065616721359,-0.562071576153262,-0.276136705500577,-1.21964883937697,-0.4033228137559
-1.10938856762005,-1.6703838290087,0.528314458510301,0.487299743791291,1.31523173087907,0.135506544644075,0.650612701323435,0.319635533128784,1.41177575903014,0.46685681414273
-1.01115537172656,1.5238752736079,-0.228265005603745,-0.416851251466575,-1.12508984453787,-0.115916483512429,-0.556554199385914,-0.273426107227723,-1.20767658805489,-0.399363738049586
-3.55462118178066,0.369495890080409,-0.786160557960847,0.0209190245808864,0.0564608647108276,0.00581708645324974,0.0279297973475871,0.0137214592448248,0.0606053505714546,0.0200414412181365
-0.416707663016658,-1.82851483381317,0.370437919830271,0.529724260190813,1.42973634707634,0.147303800232121,0.707255311069718,0.347463134291858,1.53468553808202,0.507501560667181
2.99689861596336,-0.811437513267731,0.0601814072549373,0.171775288302765,0.463624930312828,0.0477666489049433,0.22934381921436,0.11267292165563,0.497657121958438,0.164569066303111
1.04926120501804,1.69573320986969,-0.484161307843248,-0.496486097579912,-1.34002588303657,-0.138061052574018,-0.662877756928077,-0.325661157250584,-1.43838991542544,-0.475657787092103
-2.81843739088335,-0.190220041552702,-0.609856136754119,0.159783792101772,0.431259642817383,0.0444320971510949,0.21333350967564,0.104807314644645,0.462916074242404,0.153080630726182
-0.0554055118318996,-1.4584920107679,-0.240606200811845,0.452282407323057,1.22071924110108,0.125769050775246,0.603859703475551,0.296666538883699,1.31032561996989,0.433308505629099
-3.33027056258977,-0.300124228708488,-0.548840936964772,0.199781341714815,0.539213827236192,0.0555544706211182,0.266735782366358,0.131042990442344,0.578794589845491,0.191400225234031
0.647701248976562,-1.57977330989374,0.207262525368013,0.442953948362924,1.19554154425044,0.123175026754821,0.59140491777011,0.290547703421579,1.28329976494571,0.424371389025865
-0.000744803672047303,-2.04918295803429,-0.404797099835735,0.638220720562765,1.72257045829305,0.177474102265796,0.852113124081128,0.418629442904629,1.84901501320544,0.611446437471193
0.336437543066605,-1.40391103170121,0.071625054203402,0.406458038485528,1.09703835534129,0.113026376557201,0.542677819479741,0.266608865449035,1.17756599117478,0.389406535397912
0.509894633729151,-1.82921030520526,-0.42849947647957,0.562927602519729,1.51935283048031,0.15653686519255,0.751586375308559,0.369242271593244,1.63088028149403,0.539311974721507
1.7916910493904,-0.960942698912594,-0.357244468724327,0.270911198569172,0.731194730037168,0.0753340031289164,0.361704000393133,0.177699345194613,0.784867769504856,0.259546081628481
-3.50280106928304,0.728570293839099,-0.0697779307551146,-0.135246863885153,-0.365033984010919,-0.0376089571819555,-0.180573309506047,-0.0887127563531863,-0.39182914900051,-0.129573062166971
-2.50945228903132,0.468931169623972,-0.0638174764621166,-0.0801536447644824,-0.216336286408981,-0.0222888347081002,-0.107016225650786,-0.0525753466997173,-0.232216359885622,-0.0767910833392545
1.75028910163503,1.42210487791953,-0.245653361423027,-0.446325664957798,-1.20464187461099,-0.124112621471649,-0.595906626769216,-0.29275932049114,-1.29306810120201,-0.427601657228815
0.218002350107364,2.16522528709967,-0.580359372491423,-0.611704350578031,-1.65100224666151,-0.170100526311949,-0.816710094785777,-0.401236505262657,-1.77219336731113,-0.586042467591404
-0.519464421298117,2.13304056510693,-0.639191984055328,-0.581881837412708,-1.57051068862287,-0.161807590058393,-0.776892906088354,-0.381674962256961,-1.68579336054611,-0.557471052023299
-0.135911441048493,-1.66146213005124,0.718852717279323,0.450389358470656,1.21560986447919,0.125242638619074,0.60133222086697,0.295424827417839,1.30484119172109,0.431494872916361
1.70583051209088,1.58627708112095,-0.0385914223495407,-0.508159479058692,-1.37153257254988,-0.141307144140155,-0.678463339219581,-0.333318102611064,-1.47220934013811,-0.486841453319907
-0.340400446824906,-1.46342584925669,0.207262261675321,0.430079165082942,1.16079224730586,0.11959485373495,0.574215297550792,0.282102720082172,1.24599971057664,0.412036721541523
-2.4657904110568,-0.976315602740845,0.0102245906963333,0.344936161946994,0.930989583106845,0.0959185963542086,0.460537586911989,0.226254693182325,0.999328479142872,0.33046559063689
2.92922197705172,-0.858338583249817,-0.508919928048805,0.22533823973701,0.608192404897888,0.0626612400929526,0.300857783601782,0.147806579646981,0.652836510785212,0.215884974389004
-0.373523373160371,-1.78292350739296,0.316397650759584,0.518790119333086,1.40022488274825,0.144263274015639,0.692656717471558,0.340291080567443,1.50300779721423,0.497026122846281
-0.697100707457958,-1.33533176464753,-0.450816223775391,0.443791359302759,1.19780173308471,0.123407890950524,0.592522977446162,0.291096988118754,1.28572586198407,0.42517366936457
2.46599231083671,0.732796053182259,-0.251036075839658,-0.256203214005758,-0.69149758625339,-0.0712440601477023,-0.342066802365127,-0.168051906329572,-0.742256673694983,-0.245455118308219
-3.25207900188751,0.000826442889149986,0.157606884295364,0.0610317507537148,0.164725912962449,0.0169714878031136,0.0814858467099458,0.0400326830426201,0.176817548835338,0.0584713804623627
0.299574393782482,-1.56962657438345,-0.577655296838479,0.500139037634657,1.34988524112615,0.139076848890181,0.667754938225771,0.328057237808315,1.44897299551975,0.479157481023695
-0.677899684668191,1.47770574599834,-0.81037646585094,-0.371490765242511,-1.00266098720701,-0.103302804088393,-0.495991662976656,-0.243672709279254,-1.07626089230525,-0.35590618988473
-3.78200165434459,0.105011267145598,0.297581879222231,0.0322985758791832,0.0871745007046446,0.00898147078892594,0.0431230756211018,0.0211856719646971,0.0935735080069244,0.0309436038668654
-0.954399760819232,1.60398563763714,-0.0105918569410305,-0.45656116098899,-1.23226768261321,-0.126958871069718,-0.609572432686593,-0.299473110663311,-1.32272176993998,-0.437407759384985
-2.08567900886555,0.4374976813508,0.311447126996756,-0.10524940933275,-0.284070255678196,-0.0292673738622344,-0.140522549808695,-0.0690364636800868,-0.304922312480954,-0.100834044256212
0.036835348183402,1.94384589587745,-1.02129552929348,-0.512177225825479,-1.38237655123373,-0.142424384583144,-0.68382758804277,-0.335953471593175,-1.48384931648438,-0.49069064979389
-2.1174755265223,-0.507703487769084,0.0181245273408785,0.196962953337671,0.531606940775059,0.0547707434073906,0.26297284323332,0.129194319099972,0.570629323105504,0.1887000723291
2.99031435583152,-0.601497841980269,-0.809302776180745,0.167492665381287,0.452066045602783,0.0465757526619287,0.223625924010857,0.109863811907191,0.485249762211909,0.16046610561255
0.579931316757148,2.05087070545948,-0.976878556002756,-0.559061487340132,-1.50891810847557,-0.155461789911149,-0.746424575671533,-0.366706362633076,-1.61967960314007,-0.535608048670135
-3.17746192206479,0.887291176013071,-0.234196673611205,-0.178764710158886,-0.482489519352316,-0.0497102419744041,-0.238675666178039,-0.117257507651637,-0.517906458166449,-0.171265271794747
0.470911986775408,-1.92860226816512,0.0172947287288424,0.563599573170103,1.52116649267253,0.15672372435284,0.75248354926693,0.369683038697713,1.63282707479131,0.53995575523038
1.69921672155847,1.29826289458408,-0.522716942025144,-0.389725326753383,-1.05187643253266,-0.108373404791389,-0.520337330039262,-0.255633343086591,-1.12908897655029,-0.373375785144565
2.56035286922595,-1.0137365072083,0.153340278323878,0.235513615505183,0.635655947110729,0.0654907716664202,0.314443320634913,0.154480935010153,0.68231600268226,0.225633478414217
-2.62059559753907,1.32905131661657,-0.401940160591182,-0.311582881595507,-0.840968413988461,-0.0866438371724947,-0.416006334630492,-0.204377206722354,-0.902699344232977,-0.298511528677084
-1.55163110889064,1.77884758501113,0.0227000940147496,-0.497746801119573,-1.34342854704311,-0.138411624440013,-0.664560970896394,-0.326488093141996,-1.44204235054221,-0.476865602293329
-1.98343081721673,-0.628678723820727,0.567186324760515,0.193340053325282,0.52182866135914,0.0537633005172089,0.258135769555943,0.126817942769619,0.560133273230558,0.185229158216602
-0.0345814459235367,1.44478800001329,-0.718180629749046,-0.382051251700082,-1.03116395085409,-0.10623942584504,-0.510091376159333,-0.250599671096847,-1.10685610392668,-0.366023648648449
1.0110925258594,-1.36284314414913,-0.602821311266019,0.424440667899946,1.14557383091218,0.118026920896922,0.566687122273924,0.278404248913051,1.22966419277321,0.406634767477427
2.52450759336931,-1.43355155366268,0.137638976160388,0.362555239453628,0.978543824825199,0.100818045498517,0.484061497518287,0.237811611288324,1.05037341983341,0.347345522337417
1.68694156046437,-1.66582450130771,-0.429013101703016,0.488240354936257,1.31777045912598,0.135768106378371,0.651868547577653,0.320252510150871,1.41450084154877,0.467757965288572
-2.19067905284986,1.78400376214327,0.0657957677684858,-0.488054414960398,-1.31726860342135,-0.135716400864545,-0.651620291937219,-0.320130546156285,-1.41396214733869,-0.46757982576386
1.61023741103211,1.29529642944473,-0.225674977668669,-0.40675193243523,-1.09783158097518,-0.113108101520375,-0.543070208638477,-0.266801639917919,-1.17841744320036,-0.389688100070995
-2.75598900374445,-1.20219042398926,-0.429668594650177,0.448142184257974,1.20954469644454,0.124617752567617,0.598331931818012,0.293950833768847,1.29833081259571,0.429341970914825
2.7893629031262,-0.11491659310389,-0.0689329154226035,-0.0227214032090777,-0.0613255205885674,-0.00631828536245977,-0.0303362226392806,-0.0149036972021848,-0.0658270944535204,-0.0217682074538205
1.16022790152435,-1.97541637504179,0.948063986425999,0.500054617817077,1.3496573903542,0.139053373733616,0.667642226068089,0.32800186414202,1.44872841945838,0.479076602739666
-0.0716835030930398,-1.78901761011139,0.370494868012749,0.510321295123658,1.37736735724081,0.141908294107607,0.681349663310066,0.334736107112924,1.47847242472801,0.488912578071585
-2.24893793551953,1.22982557811954,-0.199903263828728,-0.303718832364041,-0.819743188212746,-0.08445703089598,-0.405506738890882,-0.199218924575325,-0.879916089748941,-0.290977387694577
-1.97549918569318,0.87684795945561,-0.381195148012166,-0.192360116993691,-0.519183793648926,-0.0534908033777031,-0.256827418726819,-0.126175171096186,-0.557294260126285,-0.18429033163264
-0.753523071703678,1.47156355301421,-0.134236138769941,-0.413232486373363,-1.11532272535131,-0.114910190445569,-0.551722646398769,-0.271052443123496,-1.19719251762121,-0.39589678539042
-0.8477018629748,1.51105437188618,-0.166996009036871,-0.420737514636499,-1.13557894637048,-0.116997161473875,-0.561742899382688,-0.275975231901036,-1.21893563796496,-0.403086966853925
-2.02912846882673,-1.77498951523134,-0.0312572921444728,0.576252389683591,1.55531669688576,0.160242173659665,0.769376813086736,0.377982426914919,1.66948406028082,0.552077767775392
3.20639128670245,0.450005245599586,-0.0870366591952687,-0.199194130657147,-0.537628932875775,-0.0553911811008277,-0.26595177421256,-0.130657819873575,-0.577093356985814,-0.190837648530256
-2.65267242349444,-1.08219291697036,-0.557598740063739,0.418634515420076,1.12990290952726,0.116412367082256,0.558935103937461,0.27459580725681,1.21284295404129,0.401072191498853
-2.34930259148106,0.551131362829671,-0.808728473350506,-0.0583593739957652,-0.157513114774678,-0.0162283629706656,-0.0779178533268255,-0.0382797854049106,-0.169075298251507,-0.0559111137778397
-3.00138349449156,1.65834293606792,0.0972749800301837,-0.434780674291474,-1.17348171446209,-0.120902232356789,-0.580492464008262,-0.285186590782959,-1.25962064269498,-0.416540995633032
-0.438001948631842,-1.70072061387356,0.00207508088716046,0.516731996309469,1.39466996764476,0.143690958632887,0.689908837963899,0.338941091657578,1.4970451259203,0.495054341062765
2.38730216635628,0.854022988630775,0.24280793892535,-0.323663564134457,-0.873574417189458,-0.0900031895396,-0.432135720292274,-0.212301313913247,-0.937698777288975,-0.31008540909599
-0.0734296883737987,1.84644342321562,0.429750979869219,-0.577790322789868,-1.55946760902375,-0.16066983651765,-0.771430166952561,-0.378991206571803,-1.67393966836622,-0.553551182361607
1.55633239378268,1.47083248014872,0.636588347656428,-0.515608648077197,-1.39163802835331,-0.143378582032393,-0.688409012369411,-0.338204251518246,-1.49379062840932,-0.493978118914952
-1.63802139543997,-1.95626711794052,0.275977497016112,0.601117519293053,1.62242817779963,0.167156578681286,0.802575207606922,0.394292263027701,1.74152183102673,0.575899769203924
0.67012825267986,1.31853639037255,-0.415131491424867,-0.380242294910718,-1.0262815403881,-0.105736397704639,-0.507676168110692,-0.249413118312565,-1.10161530218834,-0.364290580214976
-3.84221619971003,0.494635433555017,-0.0380368345313473,-0.0601093830633419,-0.162236424163466,-0.0167149991424767,-0.0802543579962887,-0.0394276724875983,-0.174145320165464,-0.0575877074317852
3.18781657892907,-0.704327071123439,0.249914519712237,0.122919810789925,0.331763021763054,0.0341810949844868,0.164114985002847,0.0806270468115712,0.356115945860446,0.11776314679326
0.732402266503625,-1.5328753688726,-0.155428851681143,0.451366487455813,1.21824715510537,0.12551435510187,0.602636823499487,0.296065757662695,1.30767207154868,0.432431009926137
-1.40160422327938,-1.59764276993546,0.760273238488499,0.456538899642316,1.23220759879439,0.126952680715208,0.609542710703196,0.299458508731948,1.32265727569389,0.437386431934029
1.86749151697577,-1.39007068924161,-0.4413586210318,0.402842220454606,1.08727919033465,0.11202090299873,0.537850201229239,0.264237134417497,1.16709045879423,0.385942406167508
-0.618247685339479,1.43423650626274,-0.7442961461935,-0.364266349687566,-0.983162145485904,-0.10129386482381,-0.486346066853176,-0.238933983378266,-1.05533074636616,-0.348984849020103
0.501702931450615,-1.53387275674907,0.505741463238985,0.412517129753286,1.11339196356125,0.114711266672245,0.550767546157229,0.270583217769802,1.19512002907971,0.395211439016079
3.90087159672006,0.160485037581701,0.114134114327599,-0.141651333909902,-0.382319776386837,-0.0393898889685768,-0.189124164696178,-0.0929136536794219,-0.410383797644546,-0.135708855403316
2.68549668739433,-1.70555904054185,0.215243748295102,0.434926201601784,1.17387449557612,0.120942700063212,0.580686763138691,0.28528204681389,1.26004225574032,0.416680417862015
-0.0430904460021067,1.69354541800241,0.122033202172887,-0.512271573023433,-1.38263119620338,-0.142450620309624,-0.68395355462926,-0.3360153569467,-1.48412265356017,-0.490781038990316
2.46339646967657,1.46110869664273,-0.422475310560942,-0.46187507368369,-1.24661003899701,-0.128436544630957,-0.616667242681766,-0.302958676454821,-1.33811692091956,-0.442498745749925
2.52792620069554,1.50300373500338,0.307377686648105,-0.524632235995226,-1.41599287217866,-0.145887828619618,-0.700456752976254,-0.344123112284463,-1.5199332292304,-0.502623154257619
-2.00144277467316,-0.722180565170695,0.255410491959009,0.242484799744879,0.654471312459616,0.0674292932856785,0.323750817852795,0.159053558368536,0.70251250195551,0.232312211383837
2.28052342715588,-1.10525692561584,-0.541123363420254,0.315457281231588,0.851425495906533,0.087721216165496,0.421179195165213,0.206918549723271,0.913924023820245,0.302223391639999
2.94333010783318,1.14672210157009,-0.475328781794638,-0.375180153416342,-1.0126187194972,-0.104328735765264,-0.50091750756531,-0.246092697327445,-1.0869495677167,-0.359440802884052
-2.71005812463292,0.267145039914741,-0.194658496381952,-0.00679029613624456,-0.0183271447486732,-0.00188822091178156,-0.00906598652734016,-0.00445397304895863,-0.0196724410466588,-0.00650543338395549
2.29184405841739,-1.25021869604024,-0.0417138588501024,0.325020674136727,0.877237284162037,0.0903805697649184,0.433947650250826,0.213191485895927,0.941630515460303,0.311385586369165
2.55538993617247,-0.51844607192294,0.226500004214031,0.0830198187792577,0.224072147259481,0.0230858499785559,0.110842965233507,0.0544553621746381,0.240520068325401,0.0795370172051458
3.01081769224354,-0.206618502500424,0.142540518358071,-0.0144152549331603,-0.0389070606713139,-0.00400854178776796,-0.0192463633971175,-0.00945542811063221,-0.04176301698117,-0.0138105141217413
-2.55205662519187,1.85222967266202,-0.184400528772823,-0.48367801802122,-1.30545662076659,-0.134499428282936,-0.645777195422312,-0.317259927021635,-1.40128311110002,-0.463387025011386
-2.64188773986087,-0.961598015787324,0.841571644022318,0.288806972612932,0.779495781229752,0.0803103950423087,0.385597339228689,0.189437757434944,0.836714338902773,0.276691102045866
-2.26058530660089,1.29302208837227,-0.545713266258985,-0.299168622524907,-0.807462081073174,-0.0831917250538112,-0.399431578062775,-0.196234295984175,-0.866733493141336,-0.286618065744904
1.91391230015992,1.34967188120431,-0.377865205830903,-0.419491167057612,-1.1322150293885,-0.116650581661363,-0.560078852611848,-0.275157712544794,-1.21532479408167,-0.401892905360138
0.294082522072887,-1.67771174279063,-0.600869497499711,0.53404738971319,1.44140455991038,0.14850596040374,0.713027288199937,0.350298813619163,1.54721025113718,0.511643328648097
0.362627211463979,1.4048473878449,-0.120744574829559,-0.418889799398442,-1.13059192607818,-0.116483355524692,-0.559275943432834,-0.274763256206997,-1.21358254756031,-0.401316765944787
-0.886388033389139,-1.6048397569158,-0.72611016863389,0.546767090148776,1.4757352851638,0.152043008548941,0.730009851326352,0.358642073146318,1.58406100873736,0.523829419237857
1.13861004481603,-1.68583073979857,0.180716667540025,0.465517161718996,1.25644010726961,0.12944932325693,0.621529935029339,0.305347638824901,1.34866856119028,0.445988042920002
-0.549597858706048,1.97603778226059,-0.247181406273391,-0.560625414581752,-1.51313917930348,-0.155896681123974,-0.748512635311022,-0.367732192677149,-1.62421051988431,-0.537106366900089
-3.0056321875184,-0.00505704938220825,-0.0457866916935858,0.0709534091732636,0.191504666989299,0.0197304665768592,0.0947326359155559,0.0465406170583056,0.205561985959638,0.0679768109489973
-3.24332607805751,1.09631173078327,0.274528162476111,-0.273686320889325,-0.73868484054726,-0.0761056990745019,-0.365409173343092,-0.179519636942354,-0.792907688404575,-0.262204783550142
2.93156808574203,0.568794495727972,-0.158614897791643,-0.223760754039056,-0.60393473952582,-0.0622225785937855,-0.298751621543784,-0.146771856176483,-0.648266313289802,-0.214373666499587
-0.0851317195133856,-2.21132505158171,-0.199823897587159,0.674723574013494,1.82109238804516,0.187624683307094,0.900849493004327,0.442572835389651,1.95476890348297,0.646417943379527
1.04682250325293,-1.61271039044432,0.60597621710426,0.417281962814559,1.12625234305944,0.116036254161291,0.557129258735264,0.273708624616849,1.20892441928807,0.399776380433041
-2.43812975019855,-0.317948745801047,0.302706889348437,0.128412511378775,0.346587930240263,0.0357084852346206,0.171448501618039,0.0842298853178555,0.372029070465473,0.123025420641383
0.263097155938066,-1.84488132148333,0.222219499707661,0.529509172485404,1.42915582106811,0.147243989423421,0.706968139170245,0.347322051366485,1.53406239880803,0.507295496202367
2.32628683913325,0.331515945036738,-0.288281507392471,-0.130953728941376,-0.353446727142959,-0.0364151377939218,-0.174841379295731,-0.0858967514321258,-0.379391334449832,-0.125460030448664
1.18455799381063,1.69233067984198,-0.464643690110206,-0.49976551569047,-1.34887709794645,-0.138972981263221,-0.667256234657367,-0.327812232783612,-1.44789085001693,-0.478799628865763
-2.72085355967179,-0.697194057609422,0.33332606414703,0.245708196080606,0.663171323481505,0.0683256436430057,0.328054498747653,0.161167887422436,0.711851133601653,0.235400381577215
-2.65242152988599,-1.55453136456418,0.688621325843986,0.476101732426936,1.28500807478896,0.132392642274533,0.635661804024516,0.312290398274864,1.37933354826569,0.456128575564924
0.884455752654305,-2.346227482274,0.253538082827038,0.663204285564271,1.79000159869302,0.184421441371508,0.885469646265719,0.43501696459012,1.92139590790665,0.635381905755631
-2.35047038236269,-1.02239167815268,0.16799862177023,0.345572884225276,0.932708109239528,0.096095653775082,0.461387699407931,0.226672339748872,1.00117315295846,0.331075601493904
-3.30292124845472,-0.670725678586789,-0.420065317920105,0.301082930425141,0.812628836289319,0.0837240488488687,0.401987444446874,0.197489951941437,0.872279511835793,0.288452065657644
-1.78106231816337,-2.04302386154253,0.457133313099134,0.61802772833707,1.66806916939436,0.171858908255556,0.825152680561195,0.405384211570606,1.79051308027865,0.592100570499971
0.964675185857236,1.41863138492077,0.129991182008104,-0.453075065222014,-1.22285864058512,-0.125989470207723,-0.604918011638927,-0.297186468625813,-1.31262206116693,-0.434067910381773
1.63272765177387,1.29810700216334,0.417508694458238,-0.451125217009504,-1.21759596135706,-0.125447263491582,-0.602314694011789,-0.295907500637698,-1.30697307719909,-0.432199861124304
0.200177719075517,1.63288443513921,-0.869896972251135,-0.433179074473372,-1.16915896459863,-0.120456865290587,-0.57835410625747,-0.284136050087544,-1.25498058320865,-0.415006585245714
2.65881401577162,-1.49715532316708,0.694266570946182,0.341310695747956,0.921204377501963,0.0949104398681548,0.455697087019744,0.223876633607834,0.988824994664995,0.326992217992989
-1.7309581275483,-1.05798437636193,0.0470430655041098,0.350598850671637,0.946273292954088,0.097493256288362,0.468098061250083,0.229969032359607,1.01573408323818,0.335890721372443
-1.87771671797582,-1.77226843219861,0.311289971693559,0.549175442332183,1.48223547575717,0.152712714385682,0.733225335306691,0.360221788596435,1.59103834306815,0.526136737560931
-0.907062908031055,1.41359512333272,-0.130550002056944,-0.392800478566035,-1.06017632862906,-0.109228531849628,-0.524443083948024,-0.257650433802547,-1.13799812300431,-0.376321929887204
-0.20006500874486,1.51296916488726,-0.772424317690365,-0.395100059382604,-1.06638294313319,-0.109867990939342,-0.527513343077116,-0.259158802624082,-1.14466033141735,-0.378525039959733
-2.59166322613484,-1.06291322278634,0.235459379715513,0.358470219214575,0.9675182736975,0.0996820978924536,0.47860742928502,0.235132115477814,1.03853854279495,0.343431874610712
0.466112694976752,1.41308196934317,0.317202582129813,-0.452936171860491,-1.22248376463123,-0.125950847245709,-0.604732569749643,-0.29709536401469,-1.31221966760242,-0.433934843797823
2.73955563742733,-0.718235677998822,-0.711058889921093,0.20127102566631,0.543234513942786,0.0559687165292083,0.26872471692286,0.132020121930912,0.583110413356858,0.192827414787351
1.25075378957214,-2.11527201885758,0.88006004688265,0.544314186841657,1.46911485019865,0.151360914097366,0.72673488542074,0.357033135185086,1.57695460354763,0.521479418775201
2.90801598380662,0.938568093211666,-0.87159194970842,-0.285807705383026,-0.771400699136197,-0.0794763696935023,-0.38159290175606,-0.187470441850971,-0.828025040736737,-0.273817658417879
1.06906020987489,1.38025343113434,-0.838868975451023,-0.379104312113182,-1.02321010211302,-0.105419951577336,-0.506156803343117,-0.248666678892441,-1.09831840628756,-0.363200337443096
-3.3335805029317,0.239662409393094,0.232505973724976,-0.0134069134600233,-0.0361855269173392,-0.00372814584956561,-0.0179000877668657,-0.00879402459370347,-0.0388417101946649,-0.0128444740330389
-0.496482034377202,2.08850011794533,-0.789372806761346,-0.559057055731751,-1.50890614747614,-0.15546055758557,-0.746418658860091,-0.366703455798986,-1.61966676414854,-0.535603802974141
-0.982644395793426,2.1783947221611,-0.794083079247761,-0.574813447958954,-1.55143296446184,-0.159842037965907,-0.767455626436339,-0.377038578880612,-1.66531524412324,-0.55069919173906
3.63506328610399,-0.674244155812338,0.300102273065733,0.10071228759966,0.271824473597966,0.0280057075131057,0.134464863416267,0.0660604199975205,0.291777633953711,0.0964872613475895
-2.2464026544238,2.06710664917983,-0.0988359590971801,-0.560235788029937,-1.51208756946648,-0.155788335186159,-0.747992429859216,-0.367476624123712,-1.62308171707262,-0.53673308574613
1.09961920549335,-1.08692286721376,-0.041431608231752,0.302634014611106,0.816815243453775,0.0841553687113765,0.404058356826919,0.198507357813337,0.876773220445041,0.289938079616717
-1.43480968735258,1.30559188034337,-0.345812292937748,-0.334531372300497,-0.902906848259245,-0.0930252702018577,-0.446645750552829,-0.219429857897422,-0.969184343037962,-0.320497296977641
-0.381271616012559,-1.51264608625257,0.102221821853335,0.452689275370523,1.22181738607884,0.125882191165613,0.604402928713849,0.29693341668719,1.31150437381463,0.433698304973007
1.43572850369009,2.10977644907128,-0.48358507399348,-0.628538067228206,-1.69643678375911,-0.174781585158883,-0.839185439791858,-0.412278279990784,-1.82096300736101,-0.602169985460258
-1.14474468407283,-1.74747147168549,0.426738521250415,0.51786697933981,1.39773330948832,0.144006570595813,0.691424197626477,0.339685563434174,1.50033333107444,0.496141709912025
-2.54551900062001,-0.658977744503641,-0.615127296469873,0.293904147207994,0.793253157158369,0.0817277988592091,0.392402773819335,0.192781157754565,0.851481569184622,0.281574442788189
-0.317775243841217,-1.75089778006458,0.401740667320311,0.502297317902865,1.35571048263109,0.1396770156361,0.670636541537497,0.329472923067665,1.45522583641013,0.481225218310408
-3.33600247223831,0.931344774403757,0.0136886292281674,-0.204988263203305,-0.553267412219794,-0.0570023924559396,-0.273687744271466,-0.13445837726973,-0.59387977228255,-0.196388708828738
3.19862950813695,-0.782047945439916,0.557869528307669,0.125252609939931,0.338059293211884,0.034829791307835,0.167229595211385,0.082157204603556,0.36287439244825,0.119998081642052
2.91740608912042,-0.158939990772923,-0.429018338475379,0.0116745267611569,0.0315097806532948,0.00324641004210481,0.0155871114022218,0.00765769658792775,0.0338227427564769,0.0111847634639268
-2.78960919747145,1.70939653859284,-0.592827753691833,-0.408505352983118,-1.10256409801739,-0.113595686344253,-0.545411268107012,-0.267951764699973,-1.18349734865164,-0.391367962088714
0.161637467434858,-1.50212205132959,0.13922861629373,0.435083926632939,1.17430019858206,0.120986559667589,0.580897347917143,0.28538550372119,1.26049920729511,0.416831526099796
3.03231953934013,-0.931816933886426,0.491932882439251,0.178002651312994,0.480432707322995,0.0494983314155785,0.237658211991759,0.116757648809958,0.515698666721259,0.170535182420567
1.3977115169295,-1.97272234035913,0.313777027917561,0.536449268117787,1.44788727764559,0.149173866035559,0.716234128788251,0.351874282710098,1.55416883002205,0.513944444776753
-2.81637659642372,0.638673146507562,-0.039812027228869,-0.125602611785717,-0.339003955176741,-0.034927118551171,-0.167696896188364,-0.0823867820412611,-0.363888396924535,-0.120333400403758
2.97277986633366,-0.0315318541336117,-0.376819290460336,-0.0310376024669805,-0.0837711083067325,-0.00863082387775331,-0.0414395013355352,-0.0203585590552283,-0.0899202910315186,-0.0297355301146416
2.76888637762223,-0.662087076904425,0.0508047617882466,0.132898509160157,0.358695727754834,0.0369559352207558,0.17743793044878,0.0871723951605877,0.385025635728457,0.127323224322078
-2.07087825828041,1.71630684701283,0.15535314368531,-0.476504088900754,-1.28609404293943,-0.132504528102869,-0.636199005686657,-0.312554316792481,-1.3804992314483,-0.456514052602229
2.9648413885914,0.403035193007222,-0.70507154796376,-0.138496125336719,-0.373803805496506,-0.0385125000168467,-0.184911523915647,-0.0908440511662429,-0.401242715517871,-0.132686012397137
0.0118783709308228,1.40228817327367,0.203157035837664,-0.432053798621508,-1.16612182262345,-0.120143952664631,-0.576851707023645,-0.28339794556069,-1.25172050111313,-0.413928516344742
3.0493533070717,-0.473003147781128,-0.566795662071328,0.111641158315986,0.301321713709266,0.0310447682277885,0.149056420645176,0.0732290168671395,0.323440106482101,0.106957650117149
-3.04921749250233,0.530532754182722,-0.184882020628682,-0.0785026959101688,-0.211880342512196,-0.021829744840965,-0.10481198009651,-0.0514924363884759,-0.227433329314366,-0.0752093941792299
2.58313644292013,1.54157760204457,-0.281235986929275,-0.497968422378814,-1.34402670724349,-0.138473252075656,-0.664856865995832,-0.326633461634906,-1.44268441843876,-0.477077926219935
-1.16813683719433,-1.27110189928502,-0.00396677023045065,0.405138812315426,1.09347773758758,0.112659530930475,0.540916469688114,0.265743542687079,1.17374400778292,0.388142652675307
2.90787397648542,0.0657331783852241,0.0346297755038001,-0.0861429243331856,-0.232501471460337,-0.0239543118391736,-0.115012744033616,-0.0565039072877149,-0.249568143499059,-0.082529103960198
0.995098367550167,-1.78848847045969,0.233111248502033,0.495795847082501,1.33816288317249,0.13786911022019,0.66195617684019,0.325208399808079,1.43639016284539,0.474996493602239
-2.75556665744517,-0.321845463224372,0.322752404240806,0.135244085998246,0.365026486438735,0.0376081847172438,0.180569600641991,0.0887109342480577,0.391821101072215,0.129570400816441
1.98449470525592,-1.60285963611042,-0.417798975527997,0.462140606320642,1.24732671688194,0.128510382983187,0.617021765556892,0.303132847828922,1.33888620624109,0.442753138908382
0.26525714859779,1.61554807397863,-1.02914606344834,-0.418790171898957,-1.13032302946934,-0.116455651471122,-0.55914292691191,-0.274697907334321,-1.21329391270979,-0.401221317963122
2.02204813465388,0.810821948945606,-0.899430639938113,-0.226280591553838,-0.610735831252887,-0.0629232858669641,-0.302115953894205,-0.148424698431578,-0.655566636274555,-0.216787793183004
-1.10328166625962,-1.96626655822504,0.928036252167579,0.548657241732468,1.48083684199964,0.152568615043143,0.732533465679623,0.359881884200695,1.58953704319203,0.525640276226502
1.23952361815568,-1.70882844792451,0.507946833588506,0.448250423876961,1.20983683733574,0.12464785144813,0.598476446712174,0.294021831606957,1.29864439796529,0.429445669725112
-1.90631107314483,-1.20318144274316,-0.405036296289963,0.428023743358644,1.15524462306312,0.119023289519712,0.571471024652144,0.28075450304118,1.24004486532602,0.410067527733909
0.526682089597107,-1.90186632026818,0.4728657526656,0.523910165128937,1.41404398850411,0.145687037773069,0.699492688285376,0.343649482841304,1.51784128857515,0.501931375309413
-1.5908915385951,-1.00040760315915,-0.30929524647643,0.35417879589614,0.955935636540488,0.0984887544669846,0.47287778433178,0.232317233266719,1.02610568706314,0.339320482712586
2.44127005922438,-1.25633220878003,0.0186423878860917,0.319504983960193,0.862350326328989,0.0888467866536563,0.426583439349547,0.20957356778164,0.925650786792752,0.306101287379838
3.48317821076997,-0.146612432143232,-0.577107483645871,0.00541200018042705,0.0146070964647778,0.00150494937337146,0.00722577038427225,0.00354990451976264,0.0156793241940757,0.00518495893865317
1.68055012952474,2.05172712484683,-0.323046587997383,-0.627375738814605,-1.69329963618055,-0.174458369091,-0.837633570252354,-0.411515871500147,-1.81759557879315,-0.60105641840615
-2.69787661521694,-0.414158434567126,-0.399097187605906,0.209802279157677,0.566260537327737,0.0583410565454447,0.280115122828902,0.137616044754006,0.607826652235924,0.201000769845238
2.12723771913154,1.19112147171269,-0.129093625595974,-0.393565378456651,-1.06224080869477,-0.109441232435861,-0.525464331322799,-0.258152156176594,-1.14021414535485,-0.377054741120169
0.408308903211367,-1.8906396686463,0.6990906478163,0.508038699520217,1.3712065861658,0.14127355820433,0.678302081794776,0.333238879437517,1.47185942486157,0.486725740657907
0.37250327879484,2.10861290946533,-1.02092690176088,-0.568752981316254,-1.53507564407748,-0.158156765391591,-0.759364063442668,-0.373063324407304,-1.64775722156405,-0.544892970444922
2.29294894260431,1.15288243662238,-0.349261400244319,-0.371088950181437,-1.00157648034033,-0.103191068814148,-0.495455184175571,-0.243409145891623,-1.07509677767136,-0.355521231547121
2.91552223938192,-0.436859267779186,0.0368102993391398,0.0634278426799995,0.171193012877245,0.0176377843520391,0.0846849615476648,0.0416043565968167,0.1837593634803,0.0607669528638486
-3.45162803960519,0.850057965424496,-0.458334485209119,-0.146607594066158,-0.395696821433656,-0.0407681078096255,-0.195741458979231,-0.0961646236984998,-0.424742779017305,-0.140457193271523
1.69233828288491,-1.80028472494611,-0.194379884487964,0.512520162402874,1.38330214389823,0.142519747142282,0.684285455907148,0.336178414694709,1.4848428518864,0.491019199685442
2.90103935067663,0.211821195336194,-0.0743637703689467,-0.12226580296725,-0.329997841601182,-0.0339992308621472,-0.163241793909236,-0.0801980621019859,-0.354221193396417,-0.117136575545462
2.05568565797507,0.831890946267225,-0.952498296430382,-0.229755797761727,-0.620115482143738,-0.0638896585998796,-0.306755835871116,-0.150704197657965,-0.665634796466385,-0.220117209459896
1.51231636973742,-2.0477471614251,0.315415514554088,0.556182773149056,1.50114840143904,0.154661287513968,0.742581093215289,0.364818121654267,1.61133956404931,0.532850100706492
2.13191117773847,-0.856962149917883,-0.175889452505838,0.220252308395985,0.594465374736235,0.0612469627593398,0.294067360313673,0.144470554138334,0.638101853788498,0.211012405229935
2.44576843093735,0.560175536633065,0.615003779529222,-0.262227540835135,-0.707757364560551,-0.0729192830938591,-0.350110113698767,-0.172003455540061,-0.759709994142105,-0.251226715906518
-2.01765875815573,-1.7764488535162,0.94170723696609,0.511328735251304,1.38008645824532,0.142188439402925,0.682694735519154,0.335396919408433,1.48139112019011,0.489877754627544
-2.80382669184923,-0.518172605313317,0.0449746914829637,0.21344697830236,0.57609765303664,0.0593545612592388,0.284981301369412,0.140006719834483,0.618385857257021,0.204492568584874
0.807000828122482,1.94979349290408,-0.36041691458357,-0.575183025908232,-1.5524304627206,-0.159944808861073,-0.767949064224874,-0.377280996912543,-1.6663859633192,-0.55105326535838
-2.53696923707687,0.849554018570299,-0.0246316811056944,-0.195679235860138,-0.528142161691039,-0.0544137719090548,-0.26125890246804,-0.128352287628488,-0.566910213380296,-0.187470208658009
-3.16196789017943,0.462916769875357,-0.437770231621489,-0.0389258356807272,-0.105061607133133,-0.010824355148312,-0.0519713860435703,-0.0255327042519883,-0.112773609906879,-0.0372928405263661
3.06033437714335,0.0514278751031764,-0.0808033000746037,-0.0775197600381095,-0.209227378982412,-0.0215564136001292,-0.103499624465102,-0.0508476972202328,-0.224585626120316,-0.074267693889864
-2.83951582470153,-0.433064001306523,0.156531965982584,0.181388878445518,0.489572201914167,0.050439961170067,0.242179294569898,0.11897878380662,0.525509042041949,0.173779352423109
0.756660965849431,-1.99952628176067,0.341539601355442,0.556743195642985,1.50266099293146,0.154817127767653,0.743329334923402,0.365185720744779,1.61296318667958,0.533387012665555
1.85142353650937,-0.738388381634675,0.307437748721539,0.158743765106182,0.428452589206133,0.0441428902177761,0.211944929481065,0.104125127577159,0.459902970049722,0.15208423436856
3.22492159348778,0.577093820805717,-0.979827160079365,-0.17776363122588,-0.479787587339053,-0.04943186557701,-0.237339087045503,-0.116600867867742,-0.51500619197813,-0.170306189572104
0.648964520387662,-1.33649349262711,0.00242958478545368,0.38408026137384,1.03664028844545,0.106803645493097,0.512800385309603,0.251930563626666,1.11273442975949,0.367967538429275
-2.81141417239331,0.762640306288954,-0.0784041926607254,-0.160099926961617,-0.432112897111486,-0.0445200067858628,-0.213755593532171,-0.105014677639916,-0.463831961306578,-0.153383503271032
-0.83864408739332,-1.87217161617125,-0.360153371726172,0.600949795932202,1.62197548910236,0.167109938777665,0.802351273672484,0.394182247895236,1.74103591290736,0.575739082080851
-2.25599752260236,-1.09878275854976,0.201357662714796,0.364035902125399,0.982540162917829,0.101229782801874,0.48603838741594,0.238782825430144,1.05466310743111,0.348764069066757
2.75565189971447,-1.06910105480431,0.0840514458995401,0.252347824514766,0.681091813096196,0.0701719674268714,0.336919323009048,0.16552303269261,0.731087069166454,0.241761467987289
-1.20054614871314,-1.6169246541892,0.240317849820683,0.492641346773465,1.32964882390123,0.136991918219984,0.657744481690466,0.323139261868073,1.42725113265937,0.471974329147502
0.797147000793727,1.82076157788317,-0.242386989157682,-0.544382791756919,-1.46930001623372,-0.151379991503278,-0.726826482491765,-0.357078135349655,-1.57715336161707,-0.521545145614958
2.49856855269638,-0.129592332781541,-0.466132941787454,0.0146561507805723,0.039557243369725,0.00407552923095423,0.0195679927433653,0.00961343942419657,0.0424609260651791,0.0140413040396426
1.33380655635065,-1.96647879278224,-0.247467782272069,0.573554153615869,1.54803410390498,0.159491857964183,0.765774293940778,0.376212567326438,1.66166689164676,0.549492726616575
2.73034207373062,0.514632440708261,-0.45053272484876,-0.183630493683529,-0.495622366165261,-0.0510633014020175,-0.245172161617155,-0.12044913114581,-0.532003316037403,-0.175926928657009
3.6910983195525,-0.225704117985926,-0.217678105361201,0.00035597294318245,0.00096077807586227,9.89876644345108e-05,0.000475273219641134,0.000233494072022905,0.00103130358359238,0.000341039362923094
3.23937394106038,1.10602041216145,-0.375232745433847,-0.3762781166548,-1.01558214418387,-0.104634053398785,-0.502383440674507,-0.246812886635056,-1.09013052133736,-0.360492704975287
-2.55534412558349,0.980409957741594,-0.209514243756221,-0.221926570073267,-0.598984240407339,-0.0617125353716982,-0.296302731717942,-0.145568756077969,-0.642952424880266,-0.212616429206258
2.30296973141827,-1.2277652134738,0.0791803715589242,0.309989176696972,0.836666972670428,0.0862006654968795,0.413878517691618,0.203331844557929,0.898082157436829,0.296984682006029
0.312121994156647,-1.87598847171664,0.624171435218544,0.51080689250226,1.37867799425408,0.142043327264716,0.6819980031179,0.335054626010118,1.47987926849613,0.489377803937222
-1.43951859511512,-1.75881048627943,0.548988084348983,0.519578559703083,1.40235289903748,0.144482520652965,0.693709394649192,0.340808243897026,1.50529201963787,0.49778148700144
-2.87611031216548,-0.274565270640377,-0.196244995815822,0.15853475681416,0.427888471655925,0.0440847699502924,0.211665874441114,0.103988032334036,0.459297443689667,0.151883994276941
-1.35027405627197,1.16020840326474,0.0273125338041446,-0.318008929158229,-0.858312444569873,-0.0884307691625839,-0.424585998824623,-0.208592257447891,-0.921316506033315,-0.304667994242449
2.71396583204652,-1.27392893072036,0.278028844618765,0.301373344215664,0.813412668904146,0.0838048060620052,0.402375187110728,0.197680443662281,0.873120881351725,0.288730296169263
1.06795794733543,-1.31279232948301,-0.327890126215463,0.389861440319795,1.05224380576408,0.108411254758065,0.520519060516774,0.255722624340934,1.12948331665817,0.373506188549834
3.45396466153261,-0.782029233835179,-0.562342391992132,0.194566327435418,0.525138399648469,0.0541042983723651,0.259773015463669,0.127622295293808,0.563685961457207,0.18640398835271
-2.34110307265753,1.13816945751468,-0.612575310886164,-0.246735369903311,-0.665943686122698,-0.068611276412645,-0.329425918174881,-0.161841643681534,-0.714827000348314,-0.23638446397116
0.246910181796249,2.03371522109859,-0.576424989018165,-0.573386488666864,-1.54758157286244,-0.159445234303516,-0.765550437994249,-0.376102590508176,-1.6611811427547,-0.549332095454886
-0.41632946764777,-1.79048501283938,0.17117654746693,0.531707965528495,1.43509040736074,0.147855421814783,0.70990383265181,0.348764310254413,1.54043261089394,0.509402046694411
-0.943151665350436,-1.51851789701008,0.219293824633667,0.459016078135524,1.23889355297111,0.12764152552245,0.612850087346957,0.301083369566414,1.32983400950518,0.439759689203578
-3.1679826020075,-0.384673115466579,-0.708816047121504,0.232116357934218,0.626486681146131,0.064546074607633,0.309907510892555,0.152252564795092,0.672473670633088,0.222378740716094
-3.12539426980826,-0.372135708742213,0.133694234511751,0.171060544990782,0.461695823853546,0.0475678956781084,0.228389537824133,0.112204098590388,0.495586410256567,0.1638843075077
1.24978634989265,-1.79098674277898,-0.334330571287564,0.528886085489552,1.42747409683475,0.147070723652412,0.706136231666299,0.346913348619064,1.5322572283196,0.506698548607948
1.07245848794499,-1.8597047012735,-0.180076305905867,0.542974037055187,1.4654977591869,0.15098825010732,0.724945599701093,0.356154087951985,1.57307200150214,0.520195490212223
1.73948176681561,-1.50190076031626,0.198106345005208,0.396230365454367,1.06943366177223,0.110182302350596,0.529022458351732,0.259900206633524,1.147934986766,0.379607928055597
0.923248315304308,1.45938148127406,0.616635852848947,-0.496876460192216,-1.34107947951552,-0.138169603192863,-0.663398945122659,-0.325917208609706,-1.43952085070769,-0.476031773427747
0.83193070378108,1.70359434853126,-0.189366706472023,-0.513756658035778,-1.38663947028145,-0.142863587361402,-0.685936348964549,-0.336989471843558,-1.48842515329928,-0.492203822536641
0.418361719418914,-1.47929673572109,0.488411345699728,0.39924148679911,1.07756073835824,0.111019624048646,0.533042722710736,0.261875297711665,1.15665862796666,0.382492728501145
-1.83567754535879,-0.45238028262638,0.172043441901659,0.163941065636354,0.442480207031282,0.0455881366914169,0.218884046073281,0.107534203709371,0.474960279220059,0.157063500618078
-0.39843136327874,1.7349234892419,-0.88362122669229,-0.449470613327268,-1.21313015300679,-0.124987157303159,-0.600105568755651,-0.294822193007586,-1.30217945807832,-0.430614670461679
-3.30324236957167,0.357293966797469,-0.007345760028196,-0.0331080272947298,-0.0893592262250171,-0.00920656010156254,-0.0442038054568318,-0.0217166171130305,-0.0959186023787999,-0.0317190976237988
-1.27439461863545,-1.58356132605307,0.302865599525729,0.480137206804978,1.29589990064928,0.133514812347338,0.641049721665909,0.314937395365849,1.39102488399015,0.459994755951208
-1.02609846459784,-1.54475237516525,0.728597031021793,0.434591961881515,1.17297237590251,0.120849755894549,0.580240506784025,0.285062808259915,1.25907391635415,0.416360199981844
1.24909419600063,-1.47219748321549,-0.457087900946569,0.442044729793562,1.19308754519141,0.122922194554045,0.590190984955567,0.289951317796814,1.28066563112511,0.423500313491637
