-1.63810897492134,-0.18786084835049,1.39932391808344,0.466313878396444,0.730796929315922,0.622581384956945,0.974779982721076,0.0670295206355669,0.748019928548759,0.512704077632779
2.15158230995617,-1.39119118025021,-0.159975227222425,0.187462896639311,0.293787758785524,0.250284015176832,0.391871414540134,0.026946545408209,0.300711578715797,0.206112226044696
-1.29125322196109,-0.457029509533862,1.42283035835361,0.616594224081274,0.966313006042337,0.823222519786578,1.28892519597041,0.088631321480185,0.989086511915338,0.677934729325224
-1.00168614275874,1.95779089230464,-1.2625344786565,-0.574972394587689,-0.901084183578333,-0.767652704151523,-1.20191915108473,-0.0826484601325361,-0.922320414301166,-0.63217224468016
-1.55632431892852,2.08299562251596,-0.97827494316096,-0.393534950832595,-0.616739383000842,-0.525413345107484,-0.822643310321132,-0.0565680335278895,-0.631274339969294,-0.43268490030089
-2.11134121393895,0.446833726964715,1.10404563735466,0.451040223412454,0.706860390690663,0.602189340641243,0.942852017822026,0.0648340342489071,0.723519267429491,0.495910957047184
2.35895118214271,-1.26349425275122,-0.454686557460053,-0.252509069607729,-0.39572670092582,-0.337127959414747,-0.527843578997829,-0.0362965004390231,-0.405052958868417,-0.277629372885783
0.242293105098208,1.49655809374143,-1.70591809534439,-0.616117448575987,-0.965565813879764,-0.822585970955101,-1.28792854706002,-0.0885627881702178,-0.988321710360161,-0.677410522869013
-2.01881547228359,0.641821002644948,0.836490408663005,0.345530446551312,0.5415077719608,0.461321941989938,0.722294956944309,0.0496677051023503,0.554269713844965,0.379904774660216
-1.73856197574796,1.57393364254839,-0.326168054776673,-0.212003081929863,-0.332246601393533,-0.28304791788938,-0.443170083744998,-0.0304740339358725,-0.340076797076306,-0.233093737098145
1.14649435144393,-1.59341615564894,0.786497535381218,0.480686887126132,0.753321994795009,0.641770965399412,1.00482524161269,0.0690955451093715,0.771075851739343,0.528506953174256
1.49095426129205,-2.35477729395614,1.29583663894526,0.273131634696133,0.428045934685384,0.364661399290598,0.570952876344214,0.0392608571013317,0.438133873631167,0.300303528003
-2.32789443522765,1.50191528860399,0.186463147146473,0.0964740411320439,0.151192010970037,0.128803676928778,0.201668808295205,0.0138675021920732,0.154755216813534,0.106071546581892
0.0828113635652593,1.56834413512355,-1.65423051024729,-0.385054301468004,-0.60344869447242,-0.514090726006167,-0.804915407241115,-0.0553489965488881,-0.617670424182866,-0.423360572392933
1.79275357626221,-0.0559295164912118,-1.26904449734857,-0.547068937742598,-0.857354495219465,-0.730398456288598,-1.14358991740451,-0.0786375236730994,-0.877560129946551,-0.601492874480576
0.116943168445449,1.60404880513954,-1.71774634165236,-0.463530210663187,-0.72643442601944,-0.618864875985369,-0.968961018905853,-0.0666293869007303,-0.743554612298479,-0.509643482905203
-0.989313257382733,1.78196191497463,-1.08729208670667,-0.366227687042589,-0.573944035381379,-0.488955081913111,-0.765560355344717,-0.0526427958574873,-0.587470416356074,-0.402661034096704
-1.43096779956785,-0.184329731529795,1.25418857385064,0.746756304537421,1.1703001767391,0.997003511675417,1.56101529754383,0.107341255415469,1.19788113423578,0.821045694910291
2.38386317083555,-1.91940709548782,0.201157190452136,0.129045561906116,0.202237387201805,0.172290314262861,0.26975613729886,0.0185494418147266,0.207003600940399,0.141883372669921
1.03582269943549,0.685007350245842,-1.46874690618529,-0.685983175346554,-1.07505785551475,-0.915864560653997,-1.43397548044404,-0.0986055220266294,-1.10039419708657,-0.754226686104871
2.24882590268344,-1.60644303488548,-0.0323418412184409,-0.360506707475313,-0.56497824110817,-0.481316931844421,-0.753601250925792,-0.0518204430695345,-0.57829332143053,-0.396370915599088
-0.317602199694517,-1.8061785437367,2.07773330393149,0.759094215616981,1.18963588161265,1.01347600825605,1.58680639943062,0.10911474812847,1.21767253181526,0.834611015637424
0.670567043374032,-1.89819701466635,1.44099953629287,0.489820064389316,0.767635310799639,0.65396478251059,1.02391718544548,0.0704083786367288,0.785726495694705,0.538548724267752
2.54342575013119,-0.742918996704402,-1.11170478427088,-0.186731629524383,-0.292641732928569,-0.249307691472397,-0.390342777759891,-0.02684143062085,-0.29953854398447,-0.20530821044698
-3.24575239818895,1.91687524602859,0.434379073498395,0.00832570240076726,0.0130478590296345,0.0111157475073094,0.017404002793717,0.00119676438281635,0.0133553634225004,0.00915396638999739
-2.72582273720735,0.288068354620605,1.71104679938524,0.420671366738477,0.659266981546384,0.561643507193908,0.879369125814359,0.0604687129504999,0.674804204353322,0.46252092219912
-0.210800454643543,-1.21837752512231,1.4035152254731,0.644744022037498,1.01042875481227,0.860805660691821,1.34776937976295,0.0926776678370258,1.03424195512944,0.708884947333586
-2.2682231248188,0.70818534350062,0.953508024262019,0.407396059898163,0.638462210502491,0.543919482022724,0.851618496952705,0.0585604758273496,0.653509118501917,0.447924950978489
-1.57465993944761,1.8827266243654,-0.763322272637948,-0.402049498125416,-0.630083195622303,-0.536781221749018,-0.84044207344505,-0.0577919431087693,-0.644932631846651,-0.442046498397087
1.2917706825653,0.617257973604846,-1.57689374360642,-0.384147024999581,-0.602026830599433,-0.512879410052646,-0.80301884147032,-0.0552185815868211,-0.616215050644729,-0.422363037542586
-1.3810930756062,2.01681309118746,-1.04030748615052,-0.423018018464377,-0.662944602897392,-0.564776550727904,-0.884274553756353,-0.0608060285389328,-0.678568497756669,-0.465101025353653
1.27222169649268,-2.18359702110966,1.29095257008038,0.516708087444761,0.80977363349307,0.689863312252357,1.08012376188177,0.0742733532380472,0.828857909998552,0.568111642505177
-0.477789131963822,-0.38765131970673,0.76330928495853,0.719618431127087,1.1277702940244,0.960771403656904,1.50428643529126,0.103440366486281,1.15434893185062,0.79120807051102
1.57340198659193,-1.62253728936668,0.502545729691992,0.419217993853249,0.656989287291759,0.559703091208744,0.876331003078614,0.0602598002581808,0.672472830718248,0.460922963744313
-2.46903081868673,0.980241190412031,0.831532554168749,0.581445159852639,0.9112281599834,0.776294572536422,1.21544978421713,0.0835788771177397,0.932703458073423,0.639288938603815
-0.70535686239851,1.62774525046266,-1.14761573865125,-0.626349572019516,-0.981601374345231,-0.836247004605716,-1.30931772198182,-0.0900335879067862,-1.00473518763742,-0.688660566359847
-0.771739878636259,-0.387587084602943,0.977323546973753,0.712914797355696,1.11726450553653,0.9518212998942,1.49027319589484,0.102476763687759,1.14359554901771,0.78383754064095
-2.11144590111736,2.2205412623583,-0.716814764878252,-0.53032436179803,-0.831112761379014,-0.708042567336858,-1.10858714736892,-0.0762306021749233,-0.850699946104914,-0.58308250163357
2.17981227522275,-0.529543099289182,-1.071127928016,-0.466926761929057,-0.73175742700731,-0.623399653286989,-0.976061151107883,-0.0671176185698119,-0.749003062694048,-0.513377932520747
2.38171579969257,-1.28603780190732,-0.436502307689165,0.105665389621616,0.165596491650626,0.141075159158597,0.220882352941697,0.0151886974465852,0.169499173961194,0.116177275936877
-3.35270092054169,2.10017255452027,0.330075714720695,0.0822985616073945,0.128976508948484,0.109877820153437,0.172036463374188,0.0118298712286029,0.132016152692955,0.0904858509991655
-3.17021966881089,1.88021487487491,0.419100331573017,0.0925339056313048,0.14501711663721,0.123543153640465,0.193432370579612,0.0133011339021954,0.148434796143511,0.101739435462658
0.787465441457715,-1.93059301728691,1.39129552417285,0.57494469163788,0.901040768120224,0.767615717603066,1.20186124098987,0.0826444780176305,0.922275975652658,0.632141785763994
1.82676595207831,-1.10570796490191,-0.222981460789533,-0.170377642812397,-0.267012122005791,-0.227473283001158,-0.356156493321286,-0.0244906537287823,-0.27330490921929,-0.187327283733795
1.7783213700898,0.0500136172376963,-1.3653103662772,-0.546970545439406,-0.857200296950076,-0.730267091516439,-1.14338423867169,-0.0786233804334861,-0.877402297621559,-0.601384693837899
0.393403775900335,1.36760229562896,-1.68968538457393,-0.722704591913904,-1.13260685783017,-0.964891774818627,-1.51073772893235,-0.103883981587028,-1.159299480994,-0.794601251140926
-2.16247610611669,1.72718345286611,-0.180192870927681,-0.467574027130997,-0.732771806900222,-0.624263825005926,-0.977414190748335,-0.0672106586405027,-0.750041348905414,-0.514089589461959
-0.787142069138416,1.94666582445878,-1.40473807918403,-0.485982507119986,-0.761621174831513,-0.648841212678599,-1.01589517670418,-0.0698567552858235,-0.779570622049516,-0.534329396147172
-2.37908723209017,1.05557105872213,0.684467729492113,0.416309589936541,0.652431300171904,0.555820045426996,0.870251291427261,0.0598417365260399,0.667807423594943,0.457725223731455
1.92834999462318,-2.0189362397746,0.639929604391492,0.31783685795206,0.498106984534813,0.424347891799024,0.664404430698138,0.0456869358083506,0.509846081770134,0.349456150982218
2.12139486184788,-1.95780599831916,0.432927265994224,0.179888363597438,0.281917115975068,0.240171163104258,0.376037652068669,0.0258577566280404,0.288561175463259,0.197784157426866
-1.82729134778913,-0.546148195218635,1.90312425018119,0.60660184424954,0.950653166531018,0.809881570775905,1.26803717978437,0.0871949832943415,0.973057610366303,0.66694827980628
-0.678886582327043,1.85558268565189,-1.39285321580589,-0.515795996822509,-0.80834422498331,-0.688645568862946,-1.07821713263012,-0.0741422462733651,-0.827394814016008,-0.567108814575614
0.140830321243042,1.25447889196331,-1.38581235176319,-0.553202596469158,-0.866967031261188,-0.738587579370172,-1.15641168408247,-0.0795191963473017,-0.887399208676443,-0.60823672660595
0.590291050730258,-1.61110388799092,1.20759761599931,0.414469984091962,0.649548310055904,0.553363965075212,0.866405789424276,0.0595773054129351,0.664856488835822,0.455702608790213
-0.694105406379132,1.74186582309488,-1.26855330393277,-0.558047968243377,-0.87456059211803,-0.745056694722686,-1.1665404227565,-0.0802156863347837,-0.895171730182359,-0.613564129416331
-2.48945196730056,0.470040002113823,1.36063513643524,0.579375430770234,0.9079845257533,0.773531251824115,1.21112323385555,0.0832813673187258,0.929383379748369,0.637013307126165
0.804056857460015,-1.8107480051558,1.25539556838539,0.485826548755616,0.76137676028787,0.648632990751301,1.0155691621917,0.0698343373075321,0.779320447285313,0.534157922611732
-0.693137129722393,1.38501700257574,-0.912600182816826,-0.648523182524899,-1.01635137261872,-0.865851264263201,-1.35566931619048,-0.0932208970386667,-1.04030415376586,-0.713040069198246
0.206797629313859,0.881533829915216,-1.0563138436002,-0.503820865399482,-0.789577060467003,-0.672657423856352,-1.05318438335454,-0.0724209007247537,-0.808185355823989,-0.55394236383242
2.15853648295463,-0.392764984621647,-1.1945070890407,-0.497155221414507,-0.779130808742985,-0.663758040723973,-1.03925055760001,-0.071462758705527,-0.797492912882942,-0.546613603078189
0.579836781030574,0.723158257077221,-1.17178771095433,-0.597483230030531,-0.936362673411267,-0.797707196963825,-1.24897567845953,-0.0858842431077901,-0.958430327172368,-0.656922520529025
1.80072207390705,-2.1232839389079,0.829720010708393,0.0671245106380059,0.10519606756028,0.0896187583806762,0.140316710162867,0.00964870225701792,0.107675267620117,0.0738022433120724
1.54755570460079,0.576934341217982,-1.730040927192,-0.601412254504957,-0.94252015478624,-0.802952885784474,-1.25718888974645,-0.0864490142614856,-0.96473292450602,-0.661242415266201
-0.478460996976762,1.60043585924838,-1.28383200436428,-0.576615956875222,-0.903659938511897,-0.769847044343057,-1.20535484470756,-0.0828847112873311,-0.92495687313682,-0.633979313107031
2.55075874670337,-0.451656839675959,-1.42113396643234,-0.498360015902135,-0.781018936360037,-0.665366576638184,-1.04176905341204,-0.0716359399053827,-0.79942553879931,-0.547938253866282
-0.175127320980213,-1.19564515649981,1.36005626777139,0.807028992088501,1.26475821675158,1.07747431691859,1.68700899417502,0.116005053644806,1.29456530668726,0.887314476752236
-0.413804407176747,1.65582685786108,-1.38179921869654,-0.427933611357554,-0.670648212758745,-0.571339419158589,-0.894550082273652,-0.061512612345536,-0.686453661838368,-0.470505635074858
-2.1960452697877,2.0415722227237,-0.449666503301992,0.214430202270853,0.336050331401259,0.286288396059463,0.448243722840166,0.0308229163528848,0.343970171192233,0.235762314108999
0.801307708870973,0.714910504186813,-1.3313921226338,-0.789239716153358,-1.23687925189456,-1.05372363618147,-1.64982238898902,-0.113447963466647,-1.26602930651566,-0.867755474259223
-1.5952071578354,1.64196696618489,-0.491352482386655,0.0228656595548657,0.0358345624345169,0.0305282228411815,0.0477982497592504,0.00328678658299698,0.0366790906701465,0.0251403988486394
-2.48776529306258,1.51295367440489,0.291114242429117,0.0734223677154629,0.115065931672631,0.0980271046967397,0.1534817161761,0.0105539773528073,0.117777738979728,0.0807266286961495
-2.37135469823813,1.1038332649138,0.625142775137808,0.266611599909463,0.417827878517901,0.355956420786823,0.557323431261973,0.0383236454365608,0.427675004227512,0.293134862054371
-2.83633452426543,1.35652036544621,0.699011796657932,-0.0427895028940357,-0.0670587747236872,-0.0571287907299633,-0.0894469429799618,-0.00615070663795042,-0.0686391771300058,-0.0470463214371683
1.58395709170528,0.51903242116264,-1.69940714667099,-0.636855934628362,-0.998066716443191,-0.850274178333353,-1.33128016495591,-0.0915438077006214,-1.02158857539204,-0.700212131089525
1.11566905814788,-1.84730671178041,1.06294485344135,0.422810164045598,0.662618857990311,0.564499041741129,0.883840056015383,0.0607761508477505,0.678235075882076,0.464872493000233
0.573367567949157,0.4998045951777,-0.937463527076101,-0.46479034127734,-0.728409275205844,-0.620547291841581,-0.971595189054326,-0.0668105223009791,-0.745576003587974,-0.511028974811316
-2.35550578104137,1.69958225212582,0.00922261211366795,0.152272372642871,0.238637937883661,0.203300714481591,0.318309335514829,0.0218881414797066,0.24426201874145,0.167420851022677
-1.55210223116199,2.03367169530528,-0.939701627989225,-0.633189748532632,-0.992321149636831,-0.845379408259517,-1.32361638957926,-0.0910168178168921,-1.01570760039124,-0.696181222622668
-1.18826027793417,1.50597397007603,-0.661165903947206,-0.280453453425853,-0.439520529143279,-0.374436849381915,-0.586258366198788,-0.0403133198788097,-0.449878894692702,-0.308353741587302
-0.145609295495822,-0.989721932910856,1.13219836563958,0.843669454762679,1.32218034989307,1.12639344854641,1.7636020170875,0.121271876621126,1.35334073144146,0.927600034377076
-1.89052140182911,0.826445749159812,0.561582003317302,0.485944282300703,0.761561269729286,0.648790178253008,1.01581527175087,0.0698512607221152,0.779509305138497,0.534287368616745
-0.139352122168859,0.93463737177112,-0.862973468363094,-0.666956063267548,-1.04523898087842,-0.890461229681705,-1.39420130934841,-0.0958705011301451,-1.0698725684643,-0.733306704091837
-2.32547274289043,1.30077364600686,0.39489665799629,0.317724542848672,0.497930966756929,0.424197938525363,0.664169647819883,0.0456707912587478,0.509665915707095,0.349332662460528
-2.13446137882657,2.19051934923743,-0.659972091961195,-0.239161848851143,-0.374809227962422,-0.319307921090911,-0.499942621678651,-0.0343779261683889,-0.383642515003871,-0.262954333552837
0.364082530233623,-1.60771855291128,1.38335401198895,0.837844985676683,1.31305236910558,1.11861712835051,1.75142657874427,0.120434647902707,1.3439976276837,0.921196130936103
-0.379279897718087,1.80483401154662,-1.55927201282648,-0.490410456088677,-0.768560559781013,-0.654753021717881,-1.02515133702699,-0.0704932435194373,-0.786673550408776,-0.539197849772453
1.70923543724306,-2.29301438420023,1.06680689805672,0.0463244305925259,0.0725986362356242,0.0618483161059112,0.0968363365204326,0.00665882899949367,0.0743095988930092,0.0509329135570198
-1.99484709587513,0.287451610661237,1.17477669378735,0.302605997411096,0.474237512426345,0.404012982869683,0.632565923068893,0.04349760083844,0.485414067752524,0.33271008214965
-1.8450110294712,0.785156293597567,0.565163354264866,0.341590536296801,0.535333230628944,0.45606171943063,0.7140589900822,0.0491013691901206,0.547949654495236,0.37557291119533
-0.921530400071999,1.73428018455303,-1.09340532996644,-0.507619012025391,-0.795529432935202,-0.677728376054385,-1.06112400830224,-0.0729668590576126,-0.814278010362816,-0.558118360629357
0.0114844487983253,0.810465664897883,-0.841399676507275,-0.477551795119082,-0.748408747049191,-0.637585265564724,-0.998271662416272,-0.0686448964709402,-0.766046811413175,-0.525059973510481
-2.46278202643622,1.39313127624072,0.403413669390001,0.362537417170486,0.5681607250065,0.484028157293712,0.757846235373562,0.0521123440909786,0.581550808268173,0.398603645932537
2.72887739317598,-1.37304324489863,-0.619620607455807,-0.420806044647418,-0.659478045824889,-0.561823317323857,-0.879650655779115,-0.0604880720047651,-0.675020242872634,-0.462668998240344
1.09228105007023,0.875471320606982,-1.70263589757606,-0.707961757901248,-1.10950221024192,-0.945208436099751,-1.47991938929052,-0.101764797186864,-1.13565031643841,-0.778391759070596
-1.2505608642008,1.98611708137964,-1.10306330308861,-0.379438356551314,-0.594647508210415,-0.506592808989203,-0.793175866681698,-0.0545417417938377,-0.608661816654901,-0.417185937684548
2.07531365490833,-2.10191213895535,0.624739582789135,0.564817594273339,0.88516980223274,0.754094905560132,1.18069161200956,0.0811887750818543,0.906030972023171,0.621007216638066
-0.316567547055514,-0.918864803275201,1.18246361240279,0.756104224786983,1.18495003326355,1.00948403478456,1.58055613894165,0.108684956819816,1.21287625010323,0.831323572218634
-1.28143495726333,1.92161812043301,-1.01762842347677,-0.441496627512753,-0.691903875559444,-0.589447568568884,-0.92290213711464,-0.0634622057704232,-0.708210265802644,-0.485417937731777
-2.00750258013668,2.46489009839928,-1.03293322094665,-0.353100492884455,-0.553371383299292,-0.471428803802594,-0.738119340424369,-0.0507558489479603,-0.566412919911876,-0.388227910219077
-2.58518755252225,1.4952058756535,0.378312778678598,0.0224165432844538,0.0351307172209637,0.0299286021938157,0.0468594195622652,0.00322222910420423,0.0359586576398046,0.0246466032447787
-1.64317033948948,-0.511322975988584,1.73649534417611,0.687059507548001,1.07674465984158,0.917301584992529,1.43622543939516,0.0987602376266792,1.10212075504189,0.755410094821908
0.351619069624365,-2.18515724589416,1.96760904089083,0.633124727830536,0.992219250612085,0.845292598321754,1.32348047065897,0.0910074715231299,1.01560329986924,0.696109733480613
2.14016387935651,-2.15291434353398,0.613848522769288,0.11854430479738,0.18578004633215,0.158269956951111,0.247804366834288,0.0170399559025981,0.190158402982403,0.130337421349678
-0.0806449314902677,-0.8060935780843,0.887506582597377,0.480301524110663,0.752718062290694,0.641256462505553,1.00401968087139,0.0690401517372369,0.770457686103168,0.528083253176136
-0.873856048496578,1.5338075619933,-0.931554916927462,-0.670105048408759,-1.05017400164077,-0.894665478410405,-1.40078393067655,-0.0963231468142704,-1.07492389494086,-0.73676895901733
2.51927332228982,-1.58453134938975,-0.24280657208935,-0.0993243888647686,-0.155659013705879,-0.132609211186414,-0.207627159616871,-0.0142772207336406,-0.159327495285501,-0.109205454820405
1.70649906393914,-2.5508338517887,1.34596393145992,0.559645140826795,0.877063646120118,0.747189099450632,1.16987914359539,0.0804452692779441,0.897733774713044,0.615320193162531
-1.44209390488516,2.25119853687006,-1.22566048037514,-0.231835532157329,-0.363327584393403,-0.309526465712502,-0.484627729304521,-0.0333248168384684,-0.371890278701839,-0.254899174534486
-2.09478761670228,2.70944450173884,-1.21888863529804,-0.444569299628287,-0.696719300214076,-0.59354993083995,-0.929325234110997,-0.0639038819643268,-0.713139177599606,-0.488796287799933
2.26727403709929,-1.9157168132102,0.279673032207146,0.0469466828980052,0.073573816463302,0.0626790927996483,0.0981370893388326,0.00674827363256802,0.0753077616041094,0.0516170692493888
1.03885834555422,0.68426278539185,-1.4671151236877,-0.594057353644727,-0.930993714735683,-0.793133267334495,-1.24181424518707,-0.0853917961476292,-0.95293483598489,-0.653155828449201
-0.611635611941154,-0.340683186757696,0.814475325653689,0.747226224072427,1.17103662437473,0.997630907016788,1.56199761477142,0.107408803225277,1.19863493804322,0.821562363345263
-1.30854026765919,1.4673546613231,-0.542012565480803,-0.502220910021741,-0.787069645330408,-0.670521303785535,-1.04983984537761,-0.0721909177734055,-0.805618847378101,-0.552183240451793
1.82983304708554,-1.96581542076547,0.656695003633188,0.272907517191919,0.427694702625878,0.364362177258763,0.570484382338339,0.0392286416997118,0.437774363937686,0.300057114667256
-1.94590400146836,2.17661795003115,-0.775724880313351,-0.0103499114915521,-0.0162201553226933,-0.0138182939198609,-0.0216353984136038,-0.00148773098558624,-0.016602422559285,-0.0113795494208855
0.564627230241589,-2.20566182627771,1.83030031322086,0.553393810924268,0.867266698380503,0.73884287213713,1.15681139773433,0.0795466821543052,0.887705938177055,0.608446963605918
-0.178769637110297,1.34535912797457,-1.25466622284169,-0.857717841474336,-1.34419667483288,-1.14514962214654,-1.79296868788688,-0.123291238837459,-1.37587592439008,-0.94304599360093
-2.1871989471218,0.693248212601826,0.901611899711538,0.173239421799654,0.271497039554159,0.231294079267085,0.362138740474947,0.0249020154372101,0.277895524709722,0.190473760439777
1.57829021481365,-2.04338952395483,0.920725185953024,0.345632924601179,0.541668373323176,0.461458761692653,0.722509176499649,0.049682435640892,0.554434100167335,0.380017447510991
-2.41563358366529,1.76613117590154,-0.0197075941210332,-0.0166087192283277,-0.026028822160882,-0.0221745049816905,-0.0347187758985044,-0.00238739299819652,-0.0266422543827829,-0.0182610007274588
0.507377063307735,1.06432346848071,-1.4644151230885,-0.643786426285792,-1.00892803165713,-0.859527162845315,-1.3457676268374,-0.0925400198124373,-1.03270586379921,-0.707832087297956
-0.714824230929354,-0.944249865945192,1.49451391815718,0.640639000681229,1.00399545496657,0.855324996273142,1.33918826555615,0.0920875983013395,1.02765703899491,0.704371547056146
1.0206166452053,-1.89367793831079,1.18383031144596,0.566747790438834,0.888194763521844,0.756671934161736,1.18472648352425,0.0814662279514765,0.909127223849867,0.623129434076852
-1.29421922892382,1.33320123837215,-0.416735852491605,-0.487651458741499,-0.764236719374971,-0.651069450481687,-1.01938394405199,-0.0700966559886262,-0.782247808233571,-0.536164379709455
-2.04536113696256,1.23160970000412,0.256612220698511,0.205234084848056,0.321638376952639,0.274010546768338,0.429020209241727,0.0295010355959188,0.329218564139101,0.225651341394072
2.0493262487802,-1.38348456994502,-0.0985856324999909,0.0272858772254632,0.0427618310624396,0.0364297097294448,0.0570382486187854,0.0039221634938963,0.043769617157371,0.0300003520448279
1.59006667814407,-1.49373749121233,0.347757564139443,0.0387215849998582,0.0606836226137026,0.0516976635991188,0.0809433896475303,0.00556597047832931,0.0621137791233911,0.0425737157772376
0.244694732729787,-1.45041332198987,1.30446569148081,0.619086180269548,0.970218345374383,0.826549561092496,1.29413436756638,0.0889895236193091,0.993083890025356,0.680674592233452
-1.52422158604909,-0.324920255855399,1.45644993939656,0.525707730713632,0.823877677937226,0.701878846488052,1.09893656698269,0.0755669921412641,0.843294350402375,0.57800659527188
2.14214118765805,-2.15383733101386,0.623789596771022,0.429051537713328,0.672400202536124,0.5728319763633,0.896886989417637,0.061673306828812,0.688246941497219,0.47173477584817
3.06738274321882,-2.37666241454046,0.155817728937118,-0.106664549142255,-0.167162352636986,-0.142409149303371,-0.222970990542647,-0.0153323199867017,-0.171101938253364,-0.117275834620566
2.03690130064732,-0.600396716981418,-0.889058981227063,-0.275044514069803,-0.431043757476412,-0.367215308030802,-0.574951548931926,-0.0395358207972262,-0.441202347375366,-0.302406705927433
-2.41356303288345,1.76415024943208,-0.0191714550135083,-0.01515621945452,-0.0237524962274121,-0.020235254698305,-0.0316824783100998,-0.00217860580984088,-0.0243122813166648,-0.0166640022436204
-1.71535077287567,-0.133007817583459,1.39620093995621,0.343205167322259,0.537863645120233,0.458217433138918,0.717434205952912,0.0493334616682856,0.550539704331302,0.377348170197853
0.547295172266652,-1.74209461765018,1.37387503971171,0.500391373292193,0.78420243531165,0.66807866683287,1.04601539179765,0.0719279340286615,0.802684064612425,0.5501716963291
1.37215087037301,0.34885302377648,-1.36478611462571,-0.379517703820593,-0.594771859518462,-0.50669874650273,-0.79334173377972,-0.0545531474364101,-0.608789098602634,-0.417273178640465
-2.57010419373214,1.63027751674901,0.228105849732035,-0.0684227482424321,-0.10723063718986,-0.0913520513475214,-0.143030538955529,-0.00983531528383797,-0.109757786809641,-0.0752296331976457
-1.43060598157864,1.44381527235527,-0.430782686895303,-0.546480137130639,-0.856431739755529,-0.729612341361635,-1.14235909182341,-0.0785528874986298,-0.876615627515695,-0.600845498349069
-2.57610974817096,1.22415061064622,0.642914310422288,-0.037139358097266,-0.0582039911562996,-0.0495852130331623,-0.0776359111781497,-0.00533853587745027,-0.059575709146373,-0.0408340845496857
-2.82932171445624,1.04911773752974,1.01973082328945,0.431604882937717,0.676401749425279,0.576240978925136,0.90222448831917,0.0620403332338516,0.692342794528391,0.474542134944258
-0.546572495193815,-1.05684822865766,1.48399459162947,0.600387717331974,0.940914522497189,0.801585013624441,1.25504720283974,0.0863017438525187,0.963089451604107,0.660115954290857
-2.44113369751634,0.922776632719321,0.861853735593813,0.365626262563411,0.573001496068351,0.488152112706015,0.76430314090058,0.0525563450860103,0.586505663821817,0.40199977824062
-1.13283115642898,-0.583827443120627,1.43660221783642,0.659869539452225,1.03413313547323,0.880999924719806,1.37938767869687,0.0948518604327094,1.05850498691981,0.725515193213258
-1.61169772834936,-0.115553306214206,1.3112527731712,0.587227158827758,0.920289582540358,0.784014190365786,1.2275364432727,0.0844100010400005,0.941978434994784,0.645646146889372
-2.42119492174212,1.54333417257115,0.213483968439254,0.118769045619746,0.186132255242256,0.158570011182665,0.248274163821022,0.0170722609020595,0.190518912548334,0.130584520012994
2.40026367381456,-0.721673325103822,-1.0342593682225,-0.350452128490641,-0.549220924442343,-0.46789293998091,-0.732583213970405,-0.0503751641688666,-0.562164645441805,-0.38531607918279
0.109610225173836,1.82522871488183,-1.94202021230078,-0.661676710067626,-1.03696529380621,-0.883412700398838,-1.38316537827406,-0.0951116291972026,-1.06140389192186,-0.727502146178674
-1.53237896862976,2.07720223484504,-0.983323241592793,-0.198379510028962,-0.310896036950265,-0.264858919759428,-0.414691443504165,-0.0285157360250279,-0.318223054882454,-0.218114854441821
0.734553699157224,0.907796126211608,-1.47195992369551,-0.634926798109957,-0.995043415809873,-0.847698564479591,-1.3272475085217,-0.0912665071482255,-1.0184940233585,-0.698091078714465
-1.4625798897038,-0.361232726210309,1.45084156606208,0.606761082572996,0.95090272135493,0.810094171816852,1.26837005070539,0.0872178727449509,0.973313046553927,0.667123359600242
-1.07514288111268,-0.578820400433739,1.37944576682562,0.361260950140093,0.566160273745234,0.482323930487582,0.755177915669869,0.0519288604394763,0.579503211528927,0.397200192418142
-1.89745672611237,0.832147627495295,0.556596386307686,0.358372574113704,0.561633673897824,0.478467624188123,0.749140070210976,0.0515136755834522,0.574869931395146,0.394024472725736
-1.67332566580713,1.93700138857582,-0.741597581026184,-0.268319595329831,-0.420504611650492,-0.358236786445186,-0.560893815553514,-0.0385691584259419,-0.430414821057967,-0.295012773601015
-0.673752211203645,-1.03297304092674,1.55603450835181,0.700971960449455,1.09854795228186,0.935876271693515,1.46530795490064,0.100760060261288,1.12443789486426,0.770706597162731
-0.142858237579572,1.16069225142768,-1.09219119039356,-0.783108344887315,-1.22727030071102,-1.04553756711652,-1.63700540400603,-0.112566619599691,-1.25619389712981,-0.861014137157288
2.30579641550339,-0.709768385280455,-0.977412302946974,-0.35116620053572,-0.550340002561247,-0.46884630633645,-0.734075906270616,-0.0504778072792229,-0.563310097346379,-0.386101189097371
0.470318594606294,-1.92414781537171,1.61169742166138,0.446695863127533,0.700052004101399,0.596389131880057,0.933770590826905,0.0642095613330081,0.716550424724034,0.49113440774
-1.95324344268043,0.844868400898298,0.573760663087489,0.0409680880485698,0.0642042931443394,0.0546969974044657,0.0856394673421003,0.00588889036006069,0.0657174227802354,0.0450437071861351
0.120715640746336,-1.75658724439579,1.70974325895277,0.80524613910727,1.26196416848395,1.07509400801154,1.68328212804739,0.115748780378596,1.29170540990653,0.88535426060675
0.076157514678169,1.16942877389105,-1.25568133753245,-0.63488030404441,-0.99497055132544,-0.847636489681774,-1.3271503175812,-0.0912598239353287,-1.01841944164606,-0.698039959290197
1.54967836363519,-0.252629694475206,-0.893667949955603,-0.55038613374648,-0.862553132373289,-0.734827285405527,-1.15052416580061,-0.0791143485507098,-0.882881285573183,-0.605140074352358
-1.93432086965999,1.42181153603962,-0.0267157727503795,-0.111152063338862,-0.174195086911204,-0.148400484609849,-0.232351665692337,-0.0159773703259244,-0.178300415940218,-0.122209779188004
-0.0200647302596927,-1.86333994418409,1.91779888162255,0.740268559335859,1.16013272410443,0.988341643393208,1.54745335043382,0.106408685163943,1.18747406095972,0.813912530804342
1.28446561901393,0.333242692311095,-1.29256442996274,-0.600553178811347,-0.941173830115187,-0.801805923277268,-1.25539308261188,-0.0863255278404287,-0.963354870434025,-0.660297876337565
-0.0254100970194996,1.40167565904963,-1.41482174676367,-0.607630621253862,-0.952265443391175,-0.811255103586819,-1.27018772961134,-0.087342863150883,-0.97470788443473,-0.668079402403155
-2.45890636235442,1.33217720363014,0.456973486024824,0.212322744629852,0.332747569797845,0.283474703485301,0.44383830490591,0.030519983324338,0.340589572014139,0.233445200730998
-1.14254594110865,-0.540038903236518,1.40286341041343,0.758426242071481,1.18858904805583,1.01258418857335,1.58541007118197,0.109018731371032,1.21660102709081,0.833876590229142
0.896162424191003,-1.3807714063367,0.756364538864073,0.531460018663067,0.832892538023406,0.709558796762202,1.11096111827256,0.0763938453010592,0.852521667495585,0.584331136796433
1.10617510002002,0.466914667115784,-1.29306333408679,-0.473994805643397,-0.742834310801703,-0.632836285239145,-0.990836151057334,-0.0681336028755602,-0.760341000077256,-0.52114912484659
-0.924004574237056,-0.509194377961455,1.20811647150735,0.629851119828936,0.987088923623792,0.840921964081892,1.31663733838462,0.0905369121311372,1.0103520643026,0.692510457866592
-3.19627243155437,2.28943658167324,0.0185019943767097,-0.118252596018452,-0.185322886702615,-0.157880492978447,-0.247194580397177,-0.0169980247044876,-0.189690469279205,-0.13001669257156
-0.446795269463553,-1.37369587412253,1.73595387752809,0.758385993796141,1.18852597183745,1.01253045260673,1.58532593640718,0.109012945948964,1.2165364643286,0.833832337943631
-0.252003916547894,1.45483660999017,-1.30633249652949,-0.70039109050948,-1.09763762559391,-0.935100745104099,-1.46409370755291,-0.100676564068204,-1.12350611412359,-0.770067940668475
-1.91067161825214,0.348989076229425,1.05260662430433,0.339085375098488,0.531407196693467,0.452717047953664,0.708822214805423,0.0487412689185714,0.543931094063347,0.372818529606004
0.115346571205065,0.810354455585346,-0.924859793860351,-0.710800237947796,-1.11395061419909,-0.948998125663849,-1.48585293246587,-0.102172809827422,-1.14020355780645,-0.781512618992564
1.89763867247626,-0.400735657055792,-0.989410014501925,-0.293507162858056,-0.459978017567258,-0.391865017132515,-0.613545769049686,-0.0421897038474049,-0.470818513368326,-0.322706070274448
-2.20589379944778,0.96973916392351,0.641476140113388,0.319945974077738,0.501412345279204,0.427163798636442,0.668813315519699,0.0459901072330465,0.513229341344256,0.351775087835555
0.138314116344285,1.25705013469517,-1.38898443050395,-0.624936478365394,-0.979386804822189,-0.834360365916593,-1.30636379873062,-0.0898304650862202,-1.00246842642108,-0.687106894225882
-0.952807750004593,-0.884892744576883,1.61100886751842,0.724571020458999,1.13553188389681,0.967383666487227,1.51463930096189,0.104152268285054,1.16229344238272,0.796653357179398
-1.93221039385203,0.689568524798011,0.733474974344892,0.590721697963746,0.925766147978935,0.788679792476003,1.23484140878286,0.0849123178141292,0.947584068959189,0.649488332480394
1.33465998843807,-1.96010201504692,1.01958443040465,0.499955051310749,0.783518641028433,0.667496127997807,1.0451033067124,0.0718652156438699,0.801984155061145,0.549691967825594
-1.87853604644851,1.28319252284275,0.0741293091899013,-0.0580762574798164,-0.0910158427588723,-0.0775383244848669,-0.121402291214998,-0.00834807600530024,-0.0931608514844556,-0.063853844809308
2.3905358051838,-0.954194602706315,-0.791973373660158,-0.32633587008633,-0.511426450794969,-0.435695027259619,-0.682170719211531,-0.0469086123134442,-0.523479453505228,-0.358800668439162
-2.14630645996671,0.589714173922702,0.982700452169243,0.367482986783044,0.575911313727994,0.490631048010531,0.768184427061214,0.0528232368517507,0.589484058380608,0.404041214540391
-2.46223017078847,0.70045692305583,1.09391893399715,0.145375162769657,0.22782878115531,0.194092164888405,0.303891445693159,0.0208967134031624,0.233198118060884,0.159837487562756
0.816062046876687,-1.66710647791906,1.10202331829068,0.490912094803081,0.769346717022081,0.655422765725147,1.02619995985383,0.0705653507504601,0.787478235348876,0.53974939289885
-2.04995077382895,-0.249165103758524,1.76269396787607,0.505589734941004,0.792349194193218,0.675019063301346,1.05688201857623,0.0726751639644471,0.811022821594065,0.555887205426793
-2.4343577604731,1.80356280006534,-0.0514387700599687,-0.243893957584345,-0.382225285454224,-0.325625817566596,-0.509834595910787,-0.0350581353465345,-0.391233349848133,-0.268157205600431
-1.66034248354907,0.710234082500729,0.502802164003712,0.245028395468857,0.384003151738951,0.327140419516072,0.512206018664203,0.0352212032523218,0.393053115856887,0.269404500515201
0.0771987524134501,1.45028056893822,-1.54098096297039,-0.677691861802348,-1.06206388995032,-0.904794726131347,-1.41664336392812,-0.0974137008133762,-1.08709399725928,-0.745110529670359
-2.35628945236101,1.75066921390184,-0.0478487596003103,-0.0303350026688222,-0.0475403538865264,-0.0405006345493576,-0.0634121237803241,-0.00436045501017904,-0.048660757442796,-0.0333528129524892
2.70064675221103,-0.639790176413856,-1.34336874846708,-0.575537054487105,-0.901969106244629,-0.768406588516743,-1.20309951305228,-0.0827296262400305,-0.923226192312895,-0.632793078514019
-2.59333278727738,1.68487986966543,0.205410481453997,0.389340209028294,0.610165475227825,0.519812893816952,0.813874644980145,0.0559650672741311,0.624545502141169,0.428072853936159
-1.67442257095645,2.2278061613546,-1.04679795209895,-0.650593178238943,-1.0195954247081,-0.868614940958683,-1.35999642391738,-0.0935184451642065,-1.04362465979806,-0.715315993832791
-1.58950226745425,0.76925474336874,0.400544408155961,0.5088658909689,0.797483514392693,0.679393099442402,1.06373047723083,0.0731460896182843,0.816278144481577,0.559489282551839
2.1689190358699,-0.532982257758649,-1.0596604163027,-0.465170507925407,-0.729005064076617,-0.621054857001516,-0.972389887337611,-0.0668651687298377,-0.746185833666164,-0.511446961492978
-2.09167071128509,0.158353217418587,1.38317977274274,0.530826251750693,0.831899312355198,0.70871264677541,1.10963629538284,0.0763027455197762,0.851505034059451,0.583634320992107
-1.44016401860008,1.52938009911472,-0.506377503317732,-0.43696499228195,-0.684801995763719,-0.583397326727885,-0.913429231596215,-0.0628108133257881,-0.700941013012633,-0.480435482847169
-1.20686127079404,0.277414509122088,0.621715170648944,0.638350343241245,1.00040872099428,0.85226938162239,1.33440406855246,0.0917586190060445,1.02398577495143,0.7018552076201
0.511705945872802,-1.06458555466908,0.714819754913522,0.438880638467265,0.687804154641549,0.585954929472289,0.917433687911866,0.0630861747324667,0.704013925034019,0.482541702833351
-3.01893580182048,1.66936149546136,0.523656952845264,0.16113570297014,0.252528355661823,0.215134255635155,0.336837192787655,0.0231621863035805,0.258479797849606,0.177165930057906
-0.372047627889641,-1.00423075233432,1.31312584509435,0.879846228857413,1.37887580041644,1.17469350385813,1.83922574792784,0.126472047446087,1.41137234754203,0.967375774395264
-0.580227076325956,1.32916028393911,-0.931686738366264,-0.442749061089607,-0.693866662117042,-0.591119708016087,-0.925520217418413,-0.0636422347727192,-0.710219310178274,-0.486794966877951
2.65818237744665,-0.836207892381858,-1.10673488094019,-0.347218628048967,-0.544153453146308,-0.46357585383679,-0.725823922320106,-0.0499103699720359,-0.556977746914013,-0.381760901140107
-0.939970549666168,1.68571751765418,-1.03558121992839,-0.643409936175827,-1.0083380045766,-0.859024506276545,-1.34498061396927,-0.0924859018614945,-1.0321019313018,-0.707418142906613
2.87718204421454,-1.83929249660046,-0.25169464263108,-0.24057664332206,-0.377026462968411,-0.32119683056142,-0.502900100307974,-0.0345812934700646,-0.385912004521716,-0.264509875705572
-0.284416989728888,1.31444562277241,-1.13333996123279,-0.467270076981905,-0.732295462862627,-0.623858017429643,-0.976778815017938,-0.0671669678267942,-0.749553778667127,-0.513755401508188
-1.75258501733163,0.527986982092833,0.752682133610113,0.213093239227376,0.333955072109081,0.284503400283428,0.44544894260137,0.0306307368015923,0.341825532041254,0.234292346270186
2.33902589385091,-2.63721951187756,0.965981209613249,0.383888753380563,0.601622072956884,0.512534588442755,0.802478951889531,0.0551814567582056,0.61580075390823,0.422079072345876
0.375042678212334,-1.81533767104593,1.57805014822345,0.641955017835092,1.00605788831785,0.857082026934757,1.34193926062178,0.0922767670202182,1.02976807858221,0.705818485250095
0.0788479955165614,-2.09730138401053,2.07913231667808,0.669325721863426,1.04895265809375,0.893624989970311,1.39915483072566,0.0962111238032206,1.07367376747572,0.735912102903645
-2.67889164106133,1.53167585966192,0.414516377590846,0.160570414351568,0.251642447680592,0.214379531859269,0.335655516549024,0.0230809298218863,0.257573011301609,0.176544404958164
0.917436703052147,-1.89816316422897,1.26124915934468,0.497661748874103,0.779924627518784,0.664434311754975,1.04030939983308,0.0715355686611779,0.798305439920391,0.547170521295723
2.41425731584069,-1.53878013040209,-0.211198937598783,-0.0647714776775686,-0.101508445677826,-0.0864771951820939,-0.135397942923074,-0.00931046940853359,-0.103900737998584,-0.0712151241000747
-2.12501743560011,1.18649824529993,0.357389217801227,0.122978826570937,0.192729732037933,0.164190541422877,0.257074266912469,0.0176773889332247,0.197271874860209,0.1352131016607
-2.19658563705222,0.547858680192336,1.06474819849894,0.462584010260836,0.724951561407018,0.617601592209711,0.966983086756319,0.0664933768818717,0.742036800390773,0.508603151859918
2.21998794993615,-0.255120605293969,-1.38750437309749,-0.777894152590158,-1.21909873238299,-1.03857603495505,-1.62610568492667,-0.111817114113425,-1.24782974600703,-0.855281222534402
-2.65153454407739,2.39133096942816,-0.475374370944016,0.0592297815785594,0.0928236205418374,0.0790784086733244,0.123813611686325,0.00851388742752557,0.0950112339283326,0.0651221246878889
-2.48528477634157,1.21666982700153,0.594261571522308,0.260601560521896,0.408409076005299,0.347932343402672,0.544760077774594,0.0374597422206952,0.418034224826473,0.286526927263035
2.54359334613192,-1.81393761422665,-0.0245085038105568,0.0428666022494149,0.0671796031501478,0.0572317270260399,0.0896081110510532,0.00616178915784057,0.0687628531709168,0.0471310908504693
1.36270178462936,0.486079084243429,-1.50709162682859,-0.702438266550908,-1.10084591519058,-0.937833954974468,-1.46837311316089,-0.100970832017478,-1.12679001483335,-0.772318775466018
0.582694224571216,-1.77111626349816,1.3794849744381,0.564668801627906,0.884936617647368,0.753896250672177,1.18038057667678,0.0811673871280328,0.905792291878398,0.620843621687177
-2.20963661672378,0.630783745634199,0.998620167367404,0.698633106969175,1.09488255217113,0.932753639693001,1.46041882836867,0.100423865618831,1.12068611072431,0.768135068044943
-1.13944585303178,-0.328638476226625,1.18136588309976,0.575869917505117,0.902490761899146,0.768850998019345,1.20379532808583,0.082777473086475,0.923760142046079,0.63315905566918
1.63063035368162,-0.234169854599255,-0.961870067295697,-0.270441331598959,-0.423829750408165,-0.361069542591089,-0.565329081453967,-0.0388741439123783,-0.433818324762147,-0.29734558608471
0.867845231305848,1.06193179321194,-1.72904766518638,-0.769869459845572,-1.20652260911466,-1.02786216913583,-1.60933091107304,-0.110663617868005,-1.23495723594134,-0.846458211076868
-0.907480255862726,1.85677108412998,-1.21780424970875,-0.23088157920823,-0.361832570158975,-0.308252831416485,-0.482633591273636,-0.0331876924425425,-0.370360030836864,-0.253850319697578
2.92138470890844,-0.672292452682057,-1.46343483215327,-0.334895519987342,-0.524840947239272,-0.447123120947167,-0.700063764581098,-0.0481390050944742,-0.537210095040871,-0.36821185607623
-0.504559164145887,-1.48355375098488,1.89118337555391,0.829080453020255,1.29931678488014,1.10691549318044,1.73310524758259,0.119174804587352,1.32993833115586,0.911559678238301
1.88887775249049,-1.71291728464304,0.351930444491694,0.0710169940677758,0.111296282607859,0.0948156608039145,0.148453536249753,0.0102082208784164,0.113919249006702,0.0780819618000227
-2.02246636364141,0.0875189171655591,1.39928682197785,0.3870219399894,0.606532334604222,0.516717744356892,0.809028548051942,0.055631831508308,0.620826737761277,0.425523957057134
-1.7290953197761,0.0996675909911563,1.17064558384289,0.312358690994492,0.489521720882276,0.417033923827073,0.652952900431434,0.0448994857191744,0.501058485590777,0.343433000766838
-1.28948745302099,-0.663752616792435,1.62879611128486,0.583191934377095,0.913965666881262,0.778626712652823,1.2191012321359,0.0838299643455856,0.935505480950089,0.641209487107482
-1.76569156150316,1.83671691048803,-0.5796656688381,-0.461251189250834,-0.722862793419269,-0.615822126513428,-0.964196965001658,-0.0663017927203608,-0.73989880552753,-0.507137738115569
-1.89547292448183,1.47065999103581,-0.105615296445677,-0.150902269522009,-0.236490742185744,-0.201471472981309,-0.315445279439397,-0.0216911982625575,-0.242064219177568,-0.165914446239575
-1.71003047291928,-0.0336273659280357,1.29976097277757,0.569412652937858,0.892371077849079,0.760229824806268,1.19029709752717,0.0818492842235383,0.91340196313699,0.626059404495657
1.64124357105282,-1.58068658290501,0.410101701673491,0.39549619073603,0.619812995358276,0.528031820584801,0.826743075495946,0.0568499487285064,0.634420389444552,0.434841249794851
0.000560908415330986,1.6539620886519,-1.68593731205027,-0.544532197774342,-0.853378971725184,-0.727011623608123,-1.13828713003964,-0.0782728841632611,-0.873490913614568,-0.598703772577602
-2.21068600812553,1.79184644713019,-0.20905808806658,-0.432880386655317,-0.678400691003769,-0.577943919600529,-0.904890794319067,-0.0622236784155426,-0.69438884600553,-0.475944529312829
0.843327266823951,-1.60717761733867,1.02471727250371,0.579442820037778,0.908090136742103,0.773621224062692,1.2112641040121,0.0832910540780284,0.929491479715856,0.637087400465135
-1.93536684256302,2.48847043039048,-1.10096497967091,-0.105704565657648,-0.165657887478975,-0.141127463565349,-0.220964246313298,-0.0151943287413789,-0.169562016730906,-0.116220349313736
1.71359346696824,-0.161282999997897,-1.0995683522089,-0.381662377652716,-0.598132945524071,-0.509562126870639,-0.797824948236488,-0.0548614300450709,-0.61222939673869,-0.419631210579602
0.544853286668327,0.935148486074741,-1.360274365266,-0.606532427553966,-0.950544378201269,-0.809788891693269,-1.26789207150335,-0.087185005105735,-0.972946258176138,-0.666871957345111
-0.187727261045435,1.32093682293753,-1.22210670869453,-0.815794732676247,-1.27849569402061,-1.0891775648126,-1.70533285038973,-0.11726507059226,-1.30862654087285,-0.896952257549718
-2.91494275544262,1.03579875155237,1.09444566469538,0.397955018519289,0.623666416577267,0.531314631750397,0.831882995655136,0.0572033888795996,0.638364625865463,0.43754468859236
-0.900422586503093,-0.764797016002487,1.44831992617729,0.622356574076065,0.975343635146318,0.830915904021035,1.3009707809049,0.089459620992122,0.998329969661436,0.684270333895339
2.24068157665682,-1.57781361757332,-0.0386366486524472,0.133408366768241,0.209074679729769,0.178115148605556,0.27887612073736,0.0191765660160058,0.214002030822996,0.146680201472057
2.37875285666907,-2.09980680573026,0.378267547781337,-0.122239517510293,-0.191571103019231,-0.16320348081797,-0.255528819292857,-0.0175711181696204,-0.196085939943111,-0.134400244082182
-1.39533843947852,1.28059550467776,-0.285618938226264,-0.357852694721874,-0.560818930265336,-0.477773526828445,-0.74805331717174,-0.051438946376287,-0.574035986356092,-0.39345287428868
0.920391868622822,-1.81443663657666,1.17508697867726,0.509213552427401,0.798028361840056,0.679857266524614,1.06445722684351,0.0731960636421906,0.816835832578362,0.559871530337435
-1.66982501338544,2.64928024394536,-1.47056465512941,-0.518925014657146,-0.813247953418737,-0.69282315899546,-1.08475801440973,-0.0745920217898843,-0.832414110686185,-0.57054911579144
-2.37400313016455,2.18723286406205,-0.477106306364665,-0.0931454327236847,-0.145975488545079,-0.124359610970497,-0.194710703471168,-0.0133890368571725,-0.149415754406046,-0.102411798967952
-1.60350889195367,2.68663625086442,-1.55162915738026,-0.372225003804618,-0.583342899273008,-0.496962173163686,-0.778097113525209,-0.0535048702804937,-0.597090787234256,-0.409254980580393
-2.97557580876471,2.01496900312281,0.140485588272717,0.0664753071956427,0.104178650099295,0.0887519988931497,0.138959618835228,0.00955538357714888,0.10663387225303,0.0730884553088984
-0.105157938901364,1.95084243051804,-1.90562748343755,-0.470508940958383,-0.737371339773308,-0.62818226449494,-0.983549318572077,-0.067632532996104,-0.754749280908226,-0.517316476665009
-2.04320081052147,1.88833161816078,-0.428115258828621,-0.423814818780015,-0.664193330955729,-0.565840368613294,-0.885940180781181,-0.0609205632883233,-0.679846655115444,-0.465977093576823
1.38140338021471,0.898737031031015,-1.93350626547853,-0.607965955818453,-0.952790972399533,-0.811702812881608,-1.27088871115236,-0.0873910652657211,-0.975245798806715,-0.668448096981212
2.55601488870353,-1.41924595781084,-0.442920790958797,-0.298946622694811,-0.468502620265139,-0.399127306752181,-0.624916386162601,-0.0429715900452336,-0.479544018970744,-0.328686662677176
-2.5917662238735,1.09880519654279,0.799077871613139,0.509493478555453,0.798467055956385,0.680230999335413,1.06504238289163,0.0732363011625517,0.817284865583822,0.560179304293855
1.98956594445385,-1.64681473430298,0.203175932683869,-0.187919035879074,-0.294502610243314,-0.250893012276815,-0.392824925513867,-0.0270121123921675,-0.301443277379172,-0.206613743282397
0.517953475229146,-1.98704641073704,1.63704823896666,0.347980242934922,0.545347039367441,0.464592695222965,0.727415997915034,0.0500198470497716,0.558199462884665,0.382598283589365
-1.88399659902997,1.23835028620782,0.134039168931238,0.260615027019331,0.408430180406068,0.347950322688753,0.544788228067229,0.0374616779401954,0.41805582660355,0.286541733445021
1.06696577318466,-2.31775750351159,1.57766387173411,0.571233155971675,0.895224130457119,0.762660400760837,1.19410266711895,0.082110969434564,0.916322254838283,0.628061016225488
-1.12441383670563,-0.66707838049194,1.52131250657165,0.865733132323943,1.35675806365667,1.15585093538032,1.80972380807063,0.124443383622966,1.38873335275836,0.951858667836872
-1.54309019965392,1.73973910475155,-0.641225272492242,-0.372904172204874,-0.584407277161786,-0.497868939234437,-0.77951684343705,-0.0536024962238958,-0.598180249765329,-0.410001714538662
-2.16746306267322,0.911524745582533,0.680776880632197,0.576567344354419,0.903583754030639,0.769782141169616,1.20525322535977,0.0828777235605718,0.924878893183783,0.633925864477697
0.405095623567004,-1.31146799825146,1.0482961936948,0.64368310747936,1.00876611267942,0.859389220638186,1.34555164976913,0.0925251684207274,1.03254012880871,0.707718490049819
-1.46142646667532,2.05955834358451,-1.02012485399824,-0.28330681676671,-0.443992257874345,-0.378246409814996,-0.59222302133121,-0.0407234718940026,-0.454456010539416,-0.311490965435015
2.01115827795834,-0.595788040269636,-0.877254866858243,-0.343913715229815,-0.538974065931417,-0.45916342415062,-0.718915350626238,-0.0494353107205895,-0.551676294897738,-0.378127206418374
-1.01136780306561,1.60455032672413,-0.894316779798878,-0.423708947119918,-0.664027411201493,-0.565699018059891,-0.885718867241564,-0.0609053449408669,-0.679676825060431,-0.465860689510051
1.49349060706405,-1.74421529333482,0.682973108224534,0.404847224299941,0.634467731001007,0.540516500318157,0.846290424949063,0.058194097651098,0.649420499418519,0.445122550138699
2.49538689688426,-1.20603208028668,-0.603918872650085,-0.010154314841107,-0.0159136205225256,-0.0135571504301028,-0.0212265242445638,-0.00145961526712995,-0.0162886635242902,-0.0111644942726249
-1.19279361468501,-0.83780891345532,1.73314994494687,0.565343920730422,0.885994649565135,0.754797610475793,1.18179184195876,0.0812644310117987,0.906875258880285,0.621585903512324
1.23465097126939,1.13983785769463,-2.06500309554833,-0.472985510053304,-0.741252564788592,-0.631488762303581,-0.988726325072195,-0.0679885233428296,-0.758721976389216,-0.520039421729117
1.26228091594556,-2.11369167885608,1.23214957138293,0.647849317257673,1.01529530568425,0.864951578470475,1.35426067191894,0.09312403338539,1.03922319805685,0.712299165943404
-2.19548219460421,0.642823833594667,0.969446239905811,0.499053922437614,0.782106411532563,0.666293019774243,1.0432195918412,0.0717356843577653,0.800538642957552,0.548701192150383
1.03360379995431,-1.61726629367227,0.895907478861546,0.571772979058113,0.896070129412371,0.763381125192076,1.19523111034839,0.082188565415272,0.917188191807465,0.628654542411259
2.36760354099438,-1.91701632773645,0.213886026988109,0.226623631144193,0.355159606915666,0.302567992672464,0.473732799912757,0.0325756407090513,0.363529803056431,0.249168779138916
3.18517317846736,-1.79210502432374,-0.523852089930109,-0.242107653476668,-0.379425828656576,-0.323240901018248,-0.506100515567299,-0.0348013660038362,-0.388367917072284,-0.26619319500086
-0.927909683545667,-1.43587786814386,2.14370044322167,0.589372268099144,0.923651350956875,0.786878152094003,1.23202056796932,0.0847183462401614,0.945419431624414,0.648004657586479
1.56517459325708,-1.93446923589764,0.809627361405999,0.0227807948742436,0.035701564359874,0.0304149189640221,0.0476208490947133,0.00327458784921588,0.0365429581738256,0.0250470915939818
0.931462992999082,-1.45175931773333,0.805662467906856,0.634775141918646,0.994805743537919,0.847496086436371,1.32693048724828,0.0912447075787167,1.01825074976395,0.697924335344203
0.578568479933492,-1.78620751450822,1.39964788485398,0.622390328059106,0.975396533651598,0.830960969378262,1.30104134004657,0.0894644729028362,0.998384114848085,0.684307445818323
2.22451639341131,-1.82525453480664,0.22502138031747,0.206240700423972,0.323215922906045,0.275354491584067,0.431124432939879,0.0296457298944244,0.330833288782859,0.226758097882118
1.76376318941551,-1.19720638483725,-0.0819196286809587,-0.0842555384274842,-0.132043440294774,-0.112490603935832,-0.176127317022878,-0.0121111736393238,-0.135155363702863,-0.0926375133064148
2.88762422550504,-1.91815359015267,-0.170540945363879,0.0349386787944397,0.0547551345997567,0.0466470590736208,0.0730356231915247,0.00502220285461956,0.0560455719338165,0.0384144755601333
-2.10721720006873,1.21971393965717,0.303079290911453,-0.11025713613676,-0.172792576538778,-0.147205656313432,-0.230480914760366,-0.0158487304888111,-0.176864852014748,-0.121225822143278
1.54416045288071,0.311823652227097,-1.4548195939802,-0.437615347771001,-0.685821218687121,-0.584265624327091,-0.914788731155953,-0.0629042976047114,-0.70198425639223,-0.481150537505834
2.36263161416387,-2.48396395356916,0.792831076937041,0.340564928086255,0.533725919833208,0.454692417315195,0.711915064284426,0.0489539448266227,0.546304463528565,0.374445272632633
-2.37924802622348,0.253243024301879,1.49428005459066,0.444418469495938,0.696482922523693,0.593348555678194,0.92900993962671,0.0638822011353034,0.712897229096571,0.488630452667273
-2.12661523674183,0.049517013498515,1.51174503205908,0.334217185489187,0.523777876223661,0.44621746822935,0.698645777853651,0.0480414990189565,0.536121970182596,0.367466038978959
1.4803172910024,-1.85645674975766,0.798324847381268,0.185252713983875,0.290324008782255,0.247333173174529,0.387251260797155,0.0266288463416053,0.297166197056379,0.203682168282633
1.79253123361816,-0.466233802463905,-0.850989542173902,-0.419179759163645,-0.656929366720979,-0.559652043605167,-0.876251077492441,-0.0602543042756795,-0.672411497974123,-0.460880925361638
2.4817671860566,-1.80470394702814,0.0148164572663139,0.148570381152385,0.232836257644368,0.198358140185558,0.310570712736672,0.0213560048084637,0.238323607858796,0.163350575140988
2.09837189178855,-0.486673224577822,-1.05562527477239,-0.486488075496564,-0.762413490553347,-0.649516203226088,-1.01695201407535,-0.0699294273796653,-0.780381610609894,-0.534885259869447
-0.0680825217942513,-1.60476176480932,1.6891434225861,0.650692968460288,1.0197518137643,0.868748172108534,1.36020502485066,0.0935327893452629,1.04378473454106,0.7154257114624
-1.5223268893274,-0.187003365458963,1.31772909630395,0.575648371900566,0.902143560464641,0.768555209762331,1.20333221036496,0.0827456273783373,0.923404757969035,0.632915470092818
-1.04558449106033,-1.0795270621553,1.87956050160994,0.86481436837013,1.35531819684739,1.154624282344,1.80780322892316,0.124311317411226,1.38725955200114,0.950848502694196
-2.20367304445418,1.75452263840622,-0.165944410423149,-0.117866080411652,-0.184717147882329,-0.157364451245748,-0.246386610285255,-0.0169424656550098,-0.189070454756849,-0.129591725319123
-1.45519361032337,1.56618512959794,-0.537481642043783,-0.584368623060404,-0.915809747695413,-0.780197724162575,-1.2215609757282,-0.0839991055228775,-0.937393021993989,-0.642503236047813
-2.17777260388058,1.14278811220599,0.454996475339053,0.571147200578817,0.895089423042074,0.762545640660379,1.19392298643552,0.0820986139181485,0.916184372716814,0.627966509751513
2.08535948954459,-1.33987929240785,-0.165473718020906,0.126394290863168,0.198082373107793,0.168750569738226,0.264213934801433,0.0181683392241391,0.202750663878072,0.138968345822975
-2.18083815719632,0.0863798868245754,1.5247153773905,0.64902517398653,1.01713808267754,0.866521479227622,1.3567186763982,0.0932930549747589,1.0411094045522,0.713592000164143
-0.508353078144328,-1.13632463175553,1.53868124611449,0.672815885720705,1.05442236669106,0.898284750592198,1.40645065017712,0.0967128116601154,1.07927238300079,0.739749477951085
-2.1422493139719,1.21945569924128,0.337033762464946,0.131975849263189,0.206829669571625,0.17620257689455,0.275881593974347,0.0189706511459704,0.211704111564279,0.145105173148546
2.29694245568172,-1.25467583339427,-0.420753578893026,-0.323374580037779,-0.506785581683938,-0.431741372553853,-0.675980454679227,-0.0464829465513618,-0.51872921107593,-0.355544781035239
0.784925196967083,-1.60972241713096,1.0687720072845,0.547108467403524,0.857416445241028,0.730451232824289,1.14367254999166,0.0786432057991212,0.877623539970381,0.601536336661916
-2.21245452822656,1.63789214206286,-0.0471264658116214,-0.27080047758799,-0.424392596161035,-0.361549042811029,-0.566079838266492,-0.0389257687612155,-0.43439443533809,-0.297740460913816
-0.591154354431046,-0.909504397903876,1.36666526093661,0.561509215806209,0.879984983730003,0.749677848844792,1.1737757957441,0.0807132176665457,0.9007239607176,0.617369711496074
-1.47738196112652,0.597132249129211,0.493271890519621,0.537645907266849,0.842586927588391,0.71781765259419,1.1238920660004,0.077283025672963,0.862444528825217,0.591132414772218
2.68002738291535,-2.49980011890144,0.564977084049325,-0.0283877834646476,-0.0444887144628634,-0.0379008782797851,-0.0593416673986124,-0.00408055519189135,-0.0455371987466998,-0.031211878975876
-1.14307198576997,1.72960016679732,-0.924336046759871,-0.423339320681925,-0.663448140717826,-0.56520552526385,-0.884946202155809,-0.0608522135971502,-0.679083902665137,-0.465454291607823
1.32542013654856,0.493372876836306,-1.48364984941849,-0.595083259303392,-0.932601491685618,-0.794502966576566,-1.24395879276877,-0.0855392632673171,-0.954580504091813,-0.654283794050982
0.0595360529929207,1.46550238847161,-1.54244397016257,-0.647876355652913,-1.01533767966694,-0.864987677763967,-1.35431719283257,-0.0931279199749933,-1.03926657068506,-0.712328894193268
-2.77488831658206,2.10642124974326,-0.102722224496873,-0.0735216746778832,-0.115221563375994,-0.0981596906416663,-0.153689306907573,-0.0105682520686054,-0.117937038521036,-0.0808358149908945
2.57139934967259,-1.93883096096704,0.0902179293345697,0.313366854356231,0.491101692491831,0.418379935110659,0.655060359612609,0.0450444025016045,0.502675693057144,0.344541459018738
-1.22563718102853,2.04779893289145,-1.1868159220361,-0.480637101268494,-0.75324397148588,-0.641704495689555,-1.004721169528,-0.0690883887232408,-0.770995989622004,-0.528452214481281
-1.12052560051192,-0.717491369907268,1.56327777046857,0.687001161964154,1.07665322191642,0.917223687087105,1.43610347410558,0.0987518508367987,1.10202716216061,0.755345944857397
-1.27213238257892,-0.676121543524054,1.63759820141802,0.850167082953673,1.33236329093301,1.13506851172916,1.77718462354461,0.122205867486696,1.36376365814456,0.934744064659684
-2.78265074200201,1.75330977619723,0.260750425385242,-0.0177878555152573,-0.0278767388059889,-0.0237487843170902,-0.0371836359480306,-0.00255688600224067,-0.0285337216582828,-0.0195574407658135
2.40611392635639,-0.148944365322417,-1.62179175528042,-0.527354663050844,-0.826458714339069,-0.704077686074294,-1.10237930533895,-0.0758037277183011,-0.845936215176897,-0.579817369010328
0.773270899246319,-1.92250397041336,1.39164352946492,0.520083283934978,0.815063167742771,0.694369578530786,1.08717925417749,0.0747585153000646,0.834272104931229,0.5718226129127
-1.49620248284149,1.89557325799697,-0.833234861225279,-0.395031775471991,-0.61908517389593,-0.527411774063187,-0.825772264366302,-0.0567831921210656,-0.633675415107057,-0.434330633211004
-2.2684126902615,1.41636570226398,0.223583324057074,-0.0743097894845732,-0.116456679694337,-0.0992119123974103,-0.155336777791968,-0.0106815383338134,-0.119201263346203,-0.0817023336465738
-2.37302198913624,1.63434281293793,0.0769118882080521,-0.169826288352715,-0.266148051334153,-0.226737162891906,-0.355003944972243,-0.0244114001898145,-0.272420474629965,-0.186721079001755
-0.499126431481929,-1.10285082464146,1.49562007452731,0.595791133612294,0.933710856847698,0.795448058258433,1.24543852935515,0.0856410154942916,0.955716014130217,0.655062089661384
1.31287397082056,0.211721580501417,-1.18543732390736,-0.441780602219648,-0.692348914520147,-0.589826706687011,-0.923495756289846,-0.0635030252470841,-0.708665793184098,-0.485730163030905
-2.37802664038645,0.215196027222656,1.53542051089015,0.553723958344818,0.867784098209968,0.739283656012216,1.1575015360978,0.0795941386516641,0.888235531786363,0.608809955008443
1.79420444212651,-0.773663678635364,-0.542966089674167,-0.438396447105337,-0.687045340510357,-0.58530847963955,-0.916421536935282,-0.0630165754423973,-0.70323722761039,-0.482009342770492
2.36814248604405,-0.983706512152858,-0.7447248419302,-0.291441657044865,-0.456741001952464,-0.389107334958793,-0.609228046986992,-0.0418928011152704,-0.467505209642275,-0.320435082208558
-1.82604936299059,-0.611198376613576,1.96788713297156,0.609500870841771,0.955196457712684,0.813752096776598,1.27409728912789,0.0876116990984157,0.977707975206051,0.670135709612388
-2.42009812986535,1.76299448236505,-0.0162041352311332,-0.103152099242349,-0.161657717840239,-0.13771963431232,-0.215628584469483,-0.014827428659305,-0.165467573408394,-0.113413956453106
0.551540584347573,0.654664851063279,-1.0848229962135,-0.677875666295413,-1.06235194433889,-0.905040125766989,-1.41702758783582,-0.0974401214875863,-1.08738884034703,-0.745312619544684
-0.0455964266531336,-1.88325515977488,1.95491450095693,0.693543707938012,1.08690655712499,0.92595872055331,1.44977997645048,0.0996922983351059,1.11252214204138,0.762539361468611
2.46537420573967,-1.72086557095635,-0.0633624288578414,-0.0184097435542422,-0.0288513481631698,-0.0245790746741577,-0.0384836273057416,-0.00264627827442758,-0.0295313000449403,-0.0202411959534458
-1.85251947046894,1.84902351164198,-0.525624459398777,-0.367838470085706,-0.576468419398753,-0.491105658132926,-0.768927527414174,-0.0528743352137666,-0.590054293595506,-0.404432062308919
0.703505103345237,-1.59978092971876,1.10908973072864,0.279134259582318,0.437453117353298,0.372675577482911,0.583500730598429,0.0401236945319046,0.447762759337742,0.306903310677772
-1.20928239090318,1.3069661923917,-0.449251533794706,-0.399644329540774,-0.626313867927859,-0.533570051638382,-0.835414322181371,-0.0574462161108282,-0.641074470817821,-0.439402056964246
2.21832067945312,-1.43826512442434,-0.177473710410927,-0.296573420936884,-0.4647833902836,-0.395958815944417,-0.61995545817877,-0.0426304580661633,-0.475737136328733,-0.326077368219721
-0.0209370668567748,-2.00067502522946,2.05280349835758,0.619493787556541,0.970857138615377,0.827093762586407,1.2949864276113,0.0890481144576274,0.993737737975884,0.681122749424983
-1.15444954209534,-0.583500311202603,1.45970437297091,0.887754347836962,1.39126923182533,1.18525173061223,1.85575683662018,0.127608786987597,1.42405786017223,0.976070615005976
2.44292294312874,-1.06987450810132,-0.701861422463353,0.0212117335508512,0.0332425657107523,0.0283200459245164,0.0443408918801343,0.00304904571284098,0.0340260072671773,0.0233219356939997
-1.35694979679061,1.49273174890671,-0.535595920368568,-0.600139593008628,-0.940525667474874,-0.801253739793601,-1.25452852511036,-0.0862660776302113,-0.962691432271595,-0.659843145870965
2.5578827923327,-1.66720470228569,-0.187806213038625,-0.104861626486911,-0.164336851614263,-0.140002045127973,-0.219202170877946,-0.0150731618382326,-0.16820984745721,-0.115293552214067
-0.422403910272189,-1.60932989088565,1.95198211025326,0.648201864525316,1.01584781006503,0.865422268656465,1.35499763480034,0.0931747097118865,1.03978872354123,0.712686785591998
0.93432457388928,-2.09947478095257,1.44608064359299,0.325981095022335,0.510870455060385,0.435221362715364,0.681429099356809,0.0468576157560293,0.522910354384839,0.35841059936685
-2.14933285334856,-0.0711817957165426,1.66023999199799,0.639249332530573,1.00181759738112,0.853469633261342,1.33628331084937,0.0918878427411976,1.02542785492186,0.702843630859768
2.08015724632036,-2.56696424359854,1.07746344060784,0.192920762811248,0.302341207490041,0.257570879320612,0.403280508155511,0.0277310773943812,0.309466610150846,0.21211305589593
0.0656755753669334,-1.41062713278942,1.39429533973884,0.601867795131604,0.943234068110624,0.803561083668735,1.25814114938259,0.0865144951987872,0.965463662926603,0.661743274339091
1.00260484444422,1.23778153926301,-2.00346204016655,-0.737515362088339,-1.15581797348794,-0.984665815941288,-1.54169808195544,-0.106012931358907,-1.18305762279697,-0.810885437851018
-1.04620633563646,-0.509054473963301,1.2903914322229,0.431550869459936,0.676317100682163,0.576168864867716,0.902111578840434,0.0620325691554246,0.692256150832671,0.474482748055752
-1.18923415358825,1.98327016629894,-1.14517190223629,-0.387402409511585,-0.607128598132701,-0.51722571388778,-0.809823879461628,-0.055686521473308,-0.62143705368363,-0.425942276743673
2.32498772667227,-1.48545411836445,-0.198988968603961,-0.0386059199600943,-0.0605023548886688,-0.0515432377842688,-0.0807016040805853,-0.00554934439763807,-0.0619282393854848,-0.0424465440582006
-0.0541656993544931,1.75852729734398,-1.75737441987541,-0.720799726979105,-1.12962159509277,-0.962348566254171,-1.50675580968385,-0.103610169913453,-1.1562438633115,-0.792506884953994
-1.53455184363175,1.91917057761619,-0.832441009027109,-0.495399594214471,-0.776379428125231,-0.661414081291702,-1.03558060409658,-0.0712103989644062,-0.79467668931858,-0.544683321210198
2.20055051989658,0.0200328071161885,-1.63678686778106,-0.364902794660461,-0.571867692966131,-0.48718620182526,-0.76279080755043,-0.0524523513835352,-0.585345139904036,-0.401204337742142
-2.40682558427827,1.1381041783527,0.611142522274119,0.108714548709952,0.170375067202386,0.145146128898332,0.227256298434511,0.0156269937991098,0.174390368216948,0.119529773836611
-2.3937661090029,0.241608242959471,1.5245006499538,0.679351936438284,1.06466552267579,0.90701111216199,1.4201135748738,0.0976523255085036,1.08975694375967,0.746935753139894
-1.61672763715485,-0.332432198502201,1.52446787107001,0.317887310926188,0.49818605333434,0.424415252184298,0.6645098973195,0.0456941880880427,0.509927014017383,0.349511623158283
2.70589428605899,-1.88280124245716,-0.0753796145251007,-0.0153716408792431,-0.0240900999809995,-0.0205228664876318,-0.0321327940789365,-0.00220957120783307,-0.0246578415201984,-0.0169008543897431
-2.10591721983235,2.07433762502934,-0.562216984109432,-0.195976129698791,-0.307129511769186,-0.261650137169294,-0.409667430397859,-0.0281702660767813,-0.314367762415003,-0.215472379163971
-1.75522292690793,1.2667947733741,0.0104400351837553,0.229582300576601,0.359796369054291,0.306518148561438,0.479917586323398,0.0330009297749812,0.368275841722574,0.252421785220526
2.45656464668332,-2.34823472105693,0.583221618577847,0.212462293917599,0.332966268394859,0.283661017452911,0.444130017974298,0.0305400426069287,0.340813424773162,0.233598632769317
-2.17053979003397,-0.427650806030182,2.03004888758501,0.491492528978099,0.770256360788705,0.656197710519417,1.02741329628087,0.0706487843052275,0.788409317073523,0.540387570277041
-0.816692156120699,-1.2699482745517,1.90000772696672,0.72744744039373,1.14003974641841,0.971224010061904,1.52065215347213,0.104565734532369,1.16690754360024,0.799815931354956
-1.11232187097245,2.47187105063943,-1.69140245810554,-0.31749043848745,-0.49756408351316,-0.423885382918107,-0.663680277342703,-0.0456371403128112,-0.509290385971295,-0.349075268747515
-2.89770848079231,1.07576620986166,1.03979600211655,0.344550024892515,0.53997127654242,0.460012968994594,0.720245488867341,0.0495267760053313,0.552697007191493,0.378826817932887
-1.01569403901678,-0.426934312018121,1.19576351485713,0.740339734425375,1.16024426815077,0.988436670129185,1.54760213445193,0.106418916109991,1.18758823381161,0.813990786589364
0.973363946256691,0.777517862316226,-1.51582752754702,-0.667127850393582,-1.04550820191175,-0.890690584783061,-1.39456041221775,-0.0958951943877186,-1.0701481343432,-0.733495581078095
2.03068094252321,-0.622592945646428,-0.870779801666256,-0.531406653390312,-0.832808905133055,-0.70948754813127,-1.11084956379807,-0.0763861743977962,-0.852436063593658,-0.584272462598187
1.21428971822936,0.504708750053742,-1.41503201055501,-0.6240523501796,-0.978001218432349,-0.833179955519451,-1.30451562200332,-0.0897033775359248,-1.00105018533283,-0.686134810513587
-2.33007214164223,1.08566223888558,0.614271918249152,0.293637087535527,0.460181632685179,0.392038481164763,0.613817362885356,0.042208379656239,0.471026927169546,0.32284892021954
1.7855581963643,-0.341786639840061,-0.96721281865297,-0.296307184693553,-0.464366150655716,-0.395603360666806,-0.619398919390847,-0.04259218837574,-0.47531006343869,-0.325784646055759
-1.04565505490261,-0.666537878731638,1.45572957170526,0.639392479703107,1.00204193450462,0.853660750809109,1.33658254491645,0.0919084191958129,1.0256574790929,0.703001018710441
1.40384200773847,0.407252730901276,-1.45108645329974,-0.508116015425342,-0.796308325812663,-0.67839193139641,-1.06216294149309,-0.0730382999929919,-0.81507525973699,-0.558664807307351
-1.22973754032898,1.78389335461113,-0.925817302835634,-0.718541443110068,-1.12608246191772,-0.959333503730949,-1.50203510542686,-0.103285556617102,-1.15262132189333,-0.790023940736057
-3.11484750439008,1.89276044998146,0.366612672941754,0.108200569307557,0.169569569904528,0.144459908686995,0.226181878700944,0.0155531126762113,0.173565887424789,0.11896466233632
1.40993019106374,0.828844792319419,-1.88077165210376,-0.516452906002858,-0.809373718708629,-0.689522616375877,-1.07959033199033,-0.074236672601853,-0.82844857025384,-0.567831074904982
-1.08471034250675,1.7942451593601,-1.03224416412935,-0.429199148358846,-0.672631534717037,-0.573029053148656,-0.89719555390425,-0.061694524878002,-0.688483725581135,-0.471897071210512
2.00527600171148,-0.460983503695225,-1.00893375828741,-0.346409503243346,-0.542885410416345,-0.462495581373489,-0.724132532248777,-0.0497940636591257,-0.555679819686608,-0.380871282352473
1.94961300404339,-0.981884894969134,-0.442435164444014,-0.321234111464746,-0.503431086068561,-0.42888360667899,-0.671506030873073,-0.0461752684207444,-0.515295658648609,-0.353191372706041
-0.749231502718415,-0.14542190828066,0.710904588674979,0.537462246984676,0.842299099203976,0.717572445496281,1.12350814355035,0.0772566257281101,0.86214991706796,0.590930483455285
-2.21587226354687,1.72077525019461,-0.122514755492088,-0.102467123428079,-0.16058423869901,-0.136805114691809,-0.214196714771127,-0.0147289679387376,-0.164368795131818,-0.112660837343155
1.99870268987929,-0.549628626308901,-0.917722417319517,-0.43361381076422,-0.679550097254587,-0.578923123134106,-0.906423940067724,-0.0623291032564488,-0.695565340797887,-0.476750916488269
-2.16521636011692,1.74151890889496,-0.177388980336538,-0.0143524208699433,-0.0224928006347844,-0.0191620933381219,-0.0300022221421315,-0.0020630651058048,-0.0230228979470979,-0.0157802395442877
-1.90214747142367,1.00568436407419,0.37801516902355,0.148179657374181,0.232223923869736,0.197836480071546,0.309753945886249,0.0212998408623166,0.237696842956025,0.162920981076574
2.82633433439992,-1.82977803530284,-0.221770434001244,-0.167963019193942,-0.263227976588783,-0.224249489358779,-0.351108977306601,-0.024143567632574,-0.269431581252385,-0.184672446654128
-1.30036097229769,1.96230680176275,-1.04510758365095,-0.449305431554704,-0.704141662766447,-0.599873198730297,-0.939225618404241,-0.0645846694497566,-0.720736466098457,-0.494003583279174
-1.2154047653613,-0.428202425688089,1.3431698746554,0.756057121922522,1.18487621468275,1.00942114717183,1.58045767537122,0.108678186096122,1.21280069180883,0.831271783430446
-0.473599737019726,-1.10659529604193,1.4801911483238,0.578170665900693,0.906096444553065,0.771922755453374,1.20860479995701,0.0831081903762731,0.927450801342743,0.635688688902648
0.16118006996221,1.0693515426642,-1.20970668184941,-0.424488429678493,-0.665248999249056,-0.56673971479518,-0.887348293321681,-0.0610173903777832,-0.680927202788358,-0.466717717157608
-2.51375654184812,0.925966368141788,0.914390336034765,0.448990856480305,0.703648667577883,0.599453205685771,0.938568032388054,0.0645394513736544,0.720231852284508,0.493657713403028
1.3715047055995,-1.93963342096672,0.969157381973798,0.412823160187208,0.646967443587043,0.551165270258477,0.862963277734638,0.0593405854223433,0.662214797999165,0.453891954271386
1.77892222258369,0.447446405152479,-1.77083728338362,-0.679925261542294,-1.06556402526154,-0.907776565548264,-1.42131205053766,-0.0977347371815643,-1.09067662173454,-0.747566114216956
-1.7379425025034,-0.607710676488065,1.90506634713322,0.755930476661414,1.18467773899456,1.00925206152864,1.58019293680959,0.108659981681593,1.21259753856044,0.831132539147162
2.29917099530756,-0.412401770775549,-1.2735286585423,-0.386821880530808,-0.606218805788561,-0.516450642517177,-0.808610344853142,-0.0556030742908429,-0.620505819879878,-0.425303995128182
2.70561910109099,-0.561992719590312,-1.41623439109684,-0.302839828193624,-0.474603966923559,-0.404325173218666,-0.633054721658669,-0.0435312124592578,-0.485789158637319,-0.332967175067603
1.86175625770407,-0.35370497896392,-1.02269179244032,-0.651026825464625,-1.02027502717249,-0.869193908694485,-1.36090291770781,-0.0935807790706353,-1.04432027874015,-0.715792781488406
-2.81925332093785,0.990908864979229,1.06533918374859,0.261501833827913,0.409819964675062,0.349134309348072,0.546642004172971,0.0375891505247131,0.419478364504145,0.287516762256937
1.98366273963605,-0.952681515223579,-0.485384224735676,0.0148129241519639,0.0232144913243213,0.0197769169245087,0.0309648556859468,0.00212925939183183,0.0237615970252769,0.0162865549712854
-1.8296411289672,1.22665311637818,0.0973571084923632,-0.00214536922933266,-0.00336217581693385,-0.00286430880126288,-0.00448466811129587,-0.000308382567387813,-0.00344141363142493,-0.00235879651639194
1.70558871585691,0.0468209635394762,-1.30951251682506,-0.560221896617847,-0.877967525203699,-0.747959133189302,-1.1710847907487,-0.0805281740894649,-0.898658955895934,-0.615954326220906
2.39100294998829,-2.45194810731429,0.731436795436814,0.0898923661303532,0.140877353603348,0.120016401817045,0.187910510844385,0.0129214301560886,0.144197469569498,0.0988351082785235
-2.3192106086206,0.447054188588583,1.25176706257802,0.343992014261654,0.539096774464631,0.459267962149468,0.719079026494443,0.0494465656859969,0.551801895354672,0.378213294855279
-2.41116296124345,2.40714222746399,-0.684391450056734,-0.470642226880949,-0.737580222561157,-0.628360216166787,-0.983827938736123,-0.0676516919615797,-0.754963086524772,-0.517463022241189
2.61124555908582,-1.38830390023626,-0.513836105743613,-0.282896931955491,-0.44334989534711,-0.377699167570526,-0.591366200362099,-0.0406645536767146,-0.453798509183773,-0.311040304144825
2.55164280072204,-1.35363723268908,-0.499277827334262,-0.103197786134563,-0.161729317340247,-0.137780631443109,-0.215724088099262,-0.0148339958464,-0.165540860323995,-0.113464188404197
-1.04890937016553,1.89193502551491,-1.15947859697952,-0.508282412325727,-0.796569099402047,-0.678614089941316,-1.0625107766642,-0.073062218441455,-0.81534217908746,-0.55884775783335
-0.070655008947475,1.29279016327778,-1.26858860349342,-0.50393838077784,-0.789761228002284,-0.67281432008098,-1.05343003685917,-0.0724377927793195,-0.808373863713192,-0.554071569966872
-1.56179607313184,-0.253210020979724,1.41295768965512,0.56724443607506,0.888973095719805,0.757335011849018,1.18576466884776,0.0815376174606981,0.909923899330771,0.623675487399792
2.45372198138012,-2.07733063010394,0.31648559748647,0.339122367134649,0.531465169804902,0.452766436475371,0.708899542755631,0.0487465862778997,0.543990433451532,0.372859201712623
-1.40139358085938,1.56596325908468,-0.561733476459688,-0.146264445116895,-0.229222445034437,-0.19527945666978,-0.305750396651377,-0.021024541829908,-0.23462462700402,-0.160815238186786
-1.94347360895471,-0.221520257258813,1.66462032740495,0.726004496090151,1.13777839560926,0.969297517404153,1.51763583058646,0.104358320879348,1.16459289858351,0.798229438946053
0.464481853220356,0.934104377137223,-1.29491461092798,-0.436829170872613,-0.684589139416357,-0.583215989896515,-0.913145311264479,-0.0627912899009412,-0.700723140190024,-0.480286149546954
0.0289957110377273,1.29679548118942,-1.34604778122276,-0.526857206086759,-0.8256791106458,-0.703413525173225,-1.10133942402012,-0.0757322215860922,-0.845138238234819,-0.57927042364638
0.678403199108209,-1.87720372130229,1.40755311217754,0.294579020881567,0.461657810060113,0.393296067941145,0.6157863752037,0.0423437763141142,0.47253789423882,0.323884559709906
0.562859382119724,0.77039694907206,-1.21083109508144,-0.710489890091704,-1.11346424381476,-0.948583776430391,-1.48520418300373,-0.102128199385855,-1.1397057249263,-0.781171396870137
-0.935223126867593,1.26780068836444,-0.610322359922485,-0.421834792419552,-0.661090276873,-0.563196811106518,-0.881801144499273,-0.0606359476593739,-0.676670470049342,-0.463800088696932
-0.251994275374034,-1.63226361077052,1.84693920410219,0.531657932849513,0.833202704815396,0.709823034422732,1.11137483700619,0.0764222941499119,0.852839144119084,0.584548740035609
2.35793006046939,-0.751016761836003,-0.977176334046259,-0.450224793255251,-0.705582466351365,-0.601100649825622,-0.941147447078214,-0.0647168215836161,-0.722211225708698,-0.495014405634088
2.08705947061168,-0.494382093203001,-1.03890473977764,-0.465614075634952,-0.72970021370672,-0.621647069697137,-0.973317118853287,-0.0669289286398847,-0.746897366180576,-0.511934656549733
-1.41003214818459,1.95504198938808,-0.956827611583232,-0.419559724109551,-0.657524839488529,-0.560159339470069,-0.877045354138631,-0.060308921711193,-0.673021004499352,-0.461298690275247
-1.94573044138494,2.0064189767613,-0.611908497800996,-0.236663035599074,-0.370893142389705,-0.315971724834921,-0.494719116114005,-0.0340187383719202,-0.379634137391999,-0.26020693142107
-2.2244247165897,1.66974696249449,-0.0687795603030446,-0.219413182572159,-0.343859549337381,-0.292941234246198,-0.458660117627107,-0.0315391866515121,-0.351963432258708,-0.24124101512478
1.58424188726635,-1.91568371780684,0.787409658726308,0.338246126066673,0.530091943933908,0.451596556266074,0.707067853216304,0.0486206324483683,0.54258484418768,0.371895789750522
2.11410816479208,-0.457309982519399,-1.09669946744359,-0.486590251093861,-0.762573617918658,-0.649652619120662,-1.01716560138549,-0.0699441144426603,-0.78054551176431,-0.53499760017883
-1.74186772374322,2.0103077622744,-0.757550905272289,-0.0315785736472545,-0.0494892511733707,-0.042160941432582,-0.0660116777567942,-0.00453921007285756,-0.0506555852133763,-0.0347200978243453
-0.822217879109806,-0.724345758305905,1.35436936639499,0.736418251712371,1.15409860605964,0.983201050406817,1.53940468842187,0.105855229034373,1.18129773431185,0.809679183888974
0.620606621451615,0.611263587670645,-1.09529350574678,-0.792739707041653,-1.24236436120032,-1.05839651699313,-1.65713875081241,-0.113951063893935,-1.27164368570417,-0.871603653958006
2.48281282868193,-2.24753054049296,0.461836644849969,0.190519003962424,0.298577223459127,0.254364261590135,0.39825988458495,0.0273858405233009,0.305613918721918,0.209472363408893
-0.885520101722336,-1.07082007827446,1.74385011481426,0.560646911414516,0.878633599113803,0.748526575663129,1.1719732393567,0.080589267141599,0.899340727450599,0.616421622669504
1.16455507537631,0.615818957663435,-1.48643632437453,-0.495239994214596,-0.776129306489931,-0.661200997372126,-1.03524697712915,-0.0711874575252154,-0.794420672961285,-0.544507843759243
-0.336881958958143,1.24429315979436,-1.03008906283227,-0.636973753167031,-0.998251359084694,-0.850431479311035,-1.3315264521852,-0.091560743332467,-1.02177756958449,-0.700341670543518
1.11189403944845,-1.74187427371715,0.969367413183593,0.718295069829757,1.12569635109182,0.959004567739166,1.50152008806827,0.103250142095592,1.15222611143087,0.789753057557822
-2.54822817418005,2.00788800478658,-0.163873839462644,0.0682731622573077,0.106996209299844,0.0911523372620019,0.1427178452298,0.00981381329270879,0.10951783405874,0.0750651659834298
-2.12149338529028,0.564089271575785,0.982887141237045,0.143094941345401,0.224255267922685,0.191047813265838,0.299124883290642,0.0205689467290577,0.229540386335822,0.157330423380703
2.34017643456366,-1.82492667996857,0.134990912282559,0.0464728602730528,0.07283125199032,0.0620464863949639,0.0971466131133506,0.00668016477952238,0.0745476968012336,0.0510961094342464
1.08077081116164,0.97355345130794,-1.79666090560141,-0.813406893841629,-1.27475352513205,-1.08598953186402,-1.70034132514078,-0.116921834630701,-1.30479617871292,-0.894326869878545
2.41584129442638,-1.18240470638209,-0.577258556240274,-0.233431019583954,-0.365827997454556,-0.311656620566921,-0.487962927500863,-0.0335541575515403,-0.374449620051422,-0.256653385479816
2.14865539169043,-0.609239428652441,-0.97400815582317,-0.643068560914869,-1.00780300872079,-0.858568731973863,-1.34426700498958,-0.0924368314367035,-1.03155432697317,-0.707042806686945
1.41531409327643,0.343177651837497,-1.3982530188778,-0.608844365582064,-0.954167597002977,-0.812875588543078,-1.27272493412119,-0.0875173308308356,-0.976654866902377,-0.66941389338681
-0.590597128365961,1.83072704820145,-1.43836924158084,-0.700075347022959,-1.09714279929537,-0.934679192098204,-1.46343367909441,-0.100631178040625,-1.12299962604513,-0.769720786143326
1.64101442014293,-1.98915424957957,0.820622971613432,0.354430689190575,0.555456037908422,0.473204765224495,0.74089997551238,0.0509470558257334,0.568546704454772,0.389690438146715
-3.1904454198701,1.24937860089842,1.0707130920343,0.121719988503243,0.190756908502121,0.162509851261314,0.254442798696051,0.0174964393279386,0.195252556960668,0.133829030887157
-0.885259067450471,-1.34507227039174,2.02789479450321,0.792006884926695,1.24121589838127,1.05741811718906,1.6556068634686,0.113845725585657,1.27046815657784,0.87079792866454
0.418710032802454,1.54987896586362,-1.89389015076435,-0.782708893483312,-1.22664428919178,-1.04500425464213,-1.63617039297433,-0.112509201115344,-1.25555313213326,-0.86057494721863
0.579952910094427,1.24035220096441,-1.68649813296646,-0.398231633618335,-0.624099921721227,-0.531683943965715,-0.832461230346317,-0.0572431504615482,-0.638808347607855,-0.437848822129417
-2.18151527376407,0.567370610299026,1.03219431926718,0.406177255602764,0.636552127020571,0.542292241442129,0.849070715115083,0.0583852808107438,0.65155401927756,0.446584896648053
0.742089305661629,-1.84875901293514,1.34121861615479,0.555057039850539,0.869873274440919,0.74106346949953,1.16028820239129,0.0797857602577031,0.890373944514047,0.610275655163347
-2.67403699321415,1.31985541905443,0.627439543846242,0.24811304725559,0.388837350672736,0.331258775993254,0.518654157899758,0.0356646014443365,0.398001244394352,0.272796022025506
2.58135752899391,-1.80773390641869,-0.0519500624128359,0.231321871394807,0.362522586460997,0.308840670921172,0.483553975654002,0.0332509815179338,0.371066309043888,0.254334413373247
-0.509228483641523,-0.941289271191619,1.33336268759346,0.394739160771117,0.618626594525298,0.527021100583006,0.825160584194904,0.0567411307026965,0.633206028203126,0.434008908387308
-1.25582412446645,2.00343175025104,-1.12946505379,-0.759265492562597,-1.18990430310238,-1.01370468220927,-1.58716443582161,-0.109139368050999,-1.21794727930736,-0.834799331689101
-0.895194711369387,1.66207322725693,-1.04700134540405,-0.720940678877116,-1.12984249182996,-0.962536752863966,-1.50705045476106,-0.103630430811947,-1.15646996601521,-0.792661859138139
-1.85781977106818,1.9576176215647,-0.618194536784266,0.0192138473569563,0.0301115220869987,0.0256526435348239,0.0401645215000363,0.00276186285154227,0.0308211730187416,0.0211252942348637
0.589303090568874,-1.49292276899423,1.08521409299226,0.296327524487194,0.464398026736236,0.39563051657505,0.619441437584305,0.0425951120858861,0.475342690756234,0.325807009308539
2.73417817658526,-1.74232592432461,-0.243982638543062,-0.204997211038539,-0.321267153489967,-0.273694293636657,-0.428525049524967,-0.0294669865601971,-0.328838591896629,-0.225390902720359
2.00915350535,-1.87033695704093,0.424436158318656,0.115970851355573,0.181746986283675,0.15483410766129,0.242424833824967,0.0166700390749552,0.186030294108004,0.127507953614877
-1.11249917229463,1.93914705018371,-1.16123985018151,-0.524072348771122,-0.821314743061783,-0.699695427975605,-1.09551797350839,-0.0753319168566951,-0.840671013760555,-0.576208520993466
-2.49635328589397,1.6263825387404,0.181487195665381,0.0273314385113131,0.0428332337148963,0.036490539161634,0.0571334896817069,0.00392871262591133,0.043842702586231,0.0300504458938846
-0.907295397746434,-0.353485269687387,1.03307646678097,0.454490409263291,0.712267446629104,0.606795726135836,0.950064267467326,0.0653299755330921,0.729053753734076,0.499704376965111
-1.93215315053996,0.28173196567527,1.14072344069825,0.477531581098647,0.748377068077693,0.637558277577832,0.998229407138436,0.0686419908398564,0.766014385850004,0.525037748543174
-2.32635743875458,1.94277288430095,-0.262287663395796,8.67920042809503e-05,0.00013601853420236,0.000115877070642253,0.000181429531379711,1.24757737469832e-05,0.000139224140323809,9.54263138248502e-05
1.39067045564685,0.147847836732654,-1.19036013883149,-0.815801135025237,-1.27850572764217,-1.08918611266735,-1.70534623382506,-0.117265990887373,-1.30863681096099,-0.89695929682216
0.264707849691053,-1.37465043525688,1.21061143882142,0.533098795606485,0.835460793470149,0.711746747982047,1.1143868086382,0.0766294085944435,0.85515045010085,0.586132943819869
1.66043091033001,-0.0568820743670198,-1.18156392260844,-0.84263743986752,-1.32056299868108,-1.12501559278768,-1.76144469879123,-0.121123531339298,-1.35168526343182,-0.926465351774995
2.231004845838,-2.0815053467784,0.474967824756194,0.0985614196342202,0.154463304985468,0.131590561598141,0.206032252907407,0.0141675489778713,0.158103606793737,0.108366583292593
1.79470496469572,-1.75276045956979,0.460906534757549,0.0756937188300686,0.118625543549636,0.101059613459974,0.158229736131806,0.0108804689788567,0.121421241730063,0.0832239401255213
0.171838988709544,-1.70677268628158,1.61507202704705,0.591753494509635,0.927383156998712,0.790057356713942,1.23699827064302,0.0850606317097015,0.949239186712036,0.650622775011215
-1.65240455687598,0.87231044057325,0.335356243565479,0.29596564869366,0.463830902893349,0.395147371759598,0.618684974403366,0.0425430948457955,0.474762201266723,0.3254091331064
0.0428399144259168,-1.30463840562032,1.30134536759871,0.519835289725477,0.814674516632033,0.694038478416538,1.08666084843738,0.0747228677807577,0.833874294315964,0.571549947550739
-2.6870847825358,2.09198487019498,-0.14964072566263,0.00201533532147112,0.00315838951552905,0.0026906989341788,0.00421284594101361,0.000289691057411096,0.00323282461236746,0.00221582647436695
1.53229289624738,-1.63211939924207,0.542525757569182,0.429635397510096,0.673315214862363,0.573611494747232,0.898107486745665,0.0617572327939373,0.689183518304589,0.472376719638473
1.56791410953361,-2.6585777058023,1.55112585026949,0.426572052283573,0.66851440710456,0.569521584920212,0.891703886627121,0.0613168972783375,0.684269567887022,0.469008624324141
0.605082411544109,1.00203910852501,-1.47238987136643,-0.629690781742083,-0.986837645274694,-0.840707894733328,-1.3163021685242,-0.0905138645968489,-1.01009486397074,-0.692334168901716
-1.49981894090067,1.44040559872072,-0.368890395225978,-0.308951712287152,-0.484182378235793,-0.412485224720306,-0.645830970762746,-0.0444097551746881,-0.495593308405839,-0.339687086358997
-1.43509084984428,1.39120792745043,-0.361307941664895,-0.155037205377241,-0.242970923381108,-0.206992076614877,-0.324088926751324,-0.0222855678086412,-0.248697121534283,-0.170460736993386
-2.19645842230374,1.92524000709005,-0.344007973306333,-0.139260045292918,-0.218245302555501,-0.185927796457137,-0.29110843754249,-0.0200177059103863,-0.223388781581887,-0.153114021222211
-2.0738462511269,-0.121964869730159,1.65197274367449,0.507846872016638,0.795886530138678,0.678032594726613,1.06160032558256,0.0729996124168689,0.814643523426588,0.558368888765134
1.84931746789918,-0.449749626040976,-0.911869663623107,-0.504262521820523,-0.790269214767492,-0.673247084767223,-1.05410761952318,-0.0724843858997818,-0.80889382241659,-0.554427957460384
-0.413852307096153,-0.793682034890846,1.11649739611061,0.438027791578705,0.686467591617778,0.58481628311919,0.91565090143733,0.0629635836607356,0.702645862666163,0.481604012368583
0.00195948869017754,1.3972984523027,-1.42532120525934,-0.457844261250379,-0.71752353023951,-0.611273495106048,-0.957075141330369,-0.0658120694646523,-0.734433709682143,-0.503391879459076
-2.55445999345165,1.30136449170584,0.548735193503958,-0.0538812801152311,-0.0844415658209202,-0.0719375586949065,-0.112633133460081,-0.00774507589131661,-0.0864316357911302,-0.0592415394501019
-2.1398167159506,1.17049277544719,0.385917025371522,0.170654129954606,0.267445426618591,0.227842424379732,0.356734460532196,0.0245303969177861,0.273748425704519,0.187631276584515
-2.18616387120083,1.64827535117099,-0.0777973612075789,-0.301618700067525,-0.472690241584902,-0.40269483006317,-0.630502082098053,-0.0433556834074344,-0.483830331727053,-0.331624565725337
-2.10342644499501,1.73930226701055,-0.221085332098939,-0.0405785703252524,-0.0635938494725934,-0.0541769475091418,-0.0848252216222206,-0.00583289977628736,-0.0650925925252016,-0.0446154391582956
0.214310231005311,1.25274781258788,-1.4401376608782,-0.627463006989565,-0.983346325320963,-0.837733565306197,-1.31164524035763,-0.0901936367832167,-1.00652126260822,-0.689884768931914
2.11931525895706,0.14369834910216,-1.70771778216324,-0.52829937303377,-0.827939243198708,-0.705338979972676,-1.10435412192386,-0.0759395234992735,-0.84745163628415,-0.580856061365125
-1.8103878778133,0.36054295711158,0.974833976713084,0.546605462551522,0.85662814701894,0.729779664869938,1.14262107139825,0.0785709021948986,0.87681666359186,0.600983291490759
-1.42557449890952,-0.133321727388051,1.19808325420472,0.724264231340749,1.13505109068873,0.96697406856836,1.51399799066588,0.104108169388398,1.16180131811848,0.796316047827935
0.671138467457136,0.745277071974006,-1.2700819530281,-0.877769419207924,-1.3756210696762,-1.17192072979377,-1.83488439638754,-0.126173519862616,-1.4080409111907,-0.965092357956059
-0.726379268142818,1.61848825125529,-1.12398227956001,-0.656769684214028,-1.02927511002225,-0.87686126992789,-1.37290775824947,-0.0944062768455975,-1.05353247033557,-0.722106955769929
-1.25587586614203,1.8182676246222,-0.929832340323192,-0.374585940824496,-0.58704290822485,-0.500114289169082,-0.783032403367656,-0.0538442392849877,-0.600877995856462,-0.411850790169608
2.09160739187922,-2.27732159366894,0.780001063930796,0.277465891008035,0.43483848654873,0.370448118113339,0.580013182049361,0.039883877638266,0.445086508427047,0.305068968165878
0.508167067936975,0.771738981983561,-1.16212651751723,-0.407953513095871,-0.63933583898321,-0.544663744632001,-0.852783794070384,-0.058640606019373,-0.654403336153238,-0.448537861167945
-1.88002717108533,-0.113236010850551,1.49486170753341,0.299640905762056,0.469590685530028,0.400054252600424,0.626367711691705,0.0430713886215548,0.480657727128303,0.329450014951468
-1.78425535395594,-0.25981340381135,1.57468027877528,0.355803923359966,0.557608140517235,0.475038187026114,0.743770576714544,0.0511444491102978,0.570749526572786,0.391200285463746
-2.37921690249586,1.69126607578539,0.0166938794645803,-0.38834054503978,-0.608598823650424,-0.518478230150923,-0.811784952842306,-0.0558213722201105,-0.622941928625767,-0.42697374059873
-2.26453905082911,2.11013310346448,-0.483205293511849,-0.212301607548136,-0.33271444422486,-0.283446483107959,-0.443794120065818,-0.0305169450093303,-0.340555665756815,-0.233421960873711
2.50884982451587,-1.25159667636257,-0.574668066119252,-0.214043486289626,-0.335444278558547,-0.285772086804407,-0.44743533386664,-0.0307673285009151,-0.343349835246752,-0.235337126548331
-1.88946376957232,0.321735846638416,1.07215714537202,0.563100303441537,0.882478501534295,0.751802129483825,1.17710179664076,0.080941925938862,0.903276244306897,0.619119084946653
-0.688589516006808,-1.02465438462509,1.55363524443463,0.557451557564324,0.873625910323094,0.744260419501702,1.16529368913274,0.0801299562637501,0.894215020347633,0.612908386147128
-2.2882973849338,0.904567908235002,0.767185528734489,0.318171904419466,0.498632062043551,0.424795216451723,0.665104810002378,0.0457350965111332,0.510383534001818,0.349824528802381
-0.6170612311935,-0.727365926239989,1.20915951881902,0.775488637680476,1.2153288619355,1.0353644024616,1.62107720970702,0.111471337333561,1.24397102943387,0.852636400323145
-1.13040868412227,-0.250413605151813,1.09737293350377,0.618840880693638,0.969833917234577,0.826222058616643,1.2936215946736,0.0889542634356707,0.992690401905559,0.680404889574712
0.934077234250866,1.0804889539194,-1.79806646357605,-0.830077474323455,-1.30087929489881,-1.10824662856485,-1.73518941546549,-0.119318119772923,-1.33153766550668,-0.912655885988744
-1.97918475727038,1.891780449595,-0.473543044922897,-0.283611035845277,-0.444469023372342,-0.378652576442325,-0.592858959230311,-0.0407672013645358,-0.45494401217084,-0.311825449072113
-3.01836417408389,1.65313815178049,0.545013223653963,0.322143962928079,0.504856985417352,0.430098360539834,0.673407979399153,0.0463060535212148,0.516755162768308,0.35419173871894
1.12696523209703,0.793289485540581,-1.6428673335629,-0.642144482597961,-1.00635481335769,-0.857334983666119,-1.34233531672655,-0.0923040013205914,-1.0300720013796,-0.70602679849358
-2.16075649419476,1.55798987430558,-0.00265633517723321,-0.222708938391093,-0.349024585901453,-0.297341438308937,-0.465549547577768,-0.0320129296450397,-0.357250195416328,-0.244864641882491
-0.53709256266986,1.89797492210922,-1.54137051032158,-0.587418013095573,-0.920588685182008,-0.784269002242263,-1.22793540399101,-0.0844374350724743,-0.942284586714448,-0.645855987869612
2.03395900943077,-1.93621543508347,0.475684067589738,0.202913767642529,0.318002026487006,0.270912662775856,0.424169830837188,0.0291675054197555,0.325496514269478,0.223100192591111
-2.1277616776782,1.93895641317323,-0.412433473207747,-0.273417498875786,-0.42849393478654,-0.365043060067005,-0.571550445262946,-0.039301948177143,-0.43859243193952,-0.300617830744882
-0.690694991477017,1.34005409393541,-0.869510580360613,-0.661971489376631,-1.03742726550345,-0.883806263873912,-1.38378158333046,-0.0951540017636031,-1.06187675110079,-0.727826250951725
-2.627560297946,1.52792323304969,0.373679944925487,-0.053202483964077,-0.0833777713128076,-0.071031289618502,-0.111214181695727,-0.00764750345624865,-0.085342770389501,-0.0584952147733093
-0.252586074575774,-1.56418762944489,1.78429067680983,0.696259609314353,1.09116285846643,0.929584753829658,1.45545728184358,0.100082691106549,1.11687875343039,0.765525448253947
1.7056986627207,-0.100067902333245,-1.16058044230254,-0.532064107465764,-0.833839252806082,-0.710365323140343,-1.11222390220402,-0.0764806790513334,-0.853490693904544,-0.584995322030335
0.335948390626665,1.58850618932683,-1.86870332645883,-0.67024239966123,-1.05038925552488,-0.894848857754128,-1.40107104898401,-0.0963428901438995,-1.07514422180398,-0.736919974353721
0.0495508483836117,-0.869839387059116,0.855497625569417,0.440323593908693,0.690065522905692,0.587881437000319,0.920450034080029,0.0632935899864797,0.706328587917114,0.484128207488126
0.73399285609624,-1.24464052153563,0.733541283180559,0.41760424913391,0.654460261800071,0.557548560818639,0.87295763993737,0.0600278351806296,0.669884202616921,0.459148679220103
-1.36643863851957,-0.81871999397677,1.83973015313213,0.542352357564675,0.849962773740466,0.724101292177743,1.13373040397946,0.0779595466215637,0.869994204652162,0.596307075812052
2.96062465707586,-2.56158018996485,0.425756254402779,0.0629324593249856,0.0986263762664572,0.0840218991980895,0.131553669010148,0.00904612274349857,0.100950745642728,0.0691931550961645
0.297837475591761,1.12938222815587,-1.38510995009281,-0.877884007402031,-1.37580064979223,-1.17207371789876,-1.8351239309222,-0.126189991153901,-1.40822472354701,-0.965218345701843
-0.00931896946696349,-1.76497582807596,1.8037252930008,0.529701196767279,0.830136150748218,0.707210572052403,1.1072844865946,0.0761410263436577,0.849700319279783,0.582397342415486
2.5151862959013,-1.65112514141212,-0.171520929017943,-0.0642915884852569,-0.100756373812929,-0.0858364892288363,-0.134394785178341,-0.00924148852675187,-0.10313094173908,-0.0706874941986097
0.700957737673346,0.982340016574422,-1.52335583316114,-0.657165049690836,-1.02989471816559,-0.877389127230703,-1.37373422808128,-0.0944631080050676,-1.05416668104517,-0.722541653302011
-0.795766835612789,1.79636519487406,-1.24891195247044,-0.544363397056335,-0.853114430925305,-0.726786255696792,-1.13793426994132,-0.078248620181992,-0.873220138270165,-0.598518179095532
-1.77818746372221,0.206767492485526,1.10173800669691,0.409168981660833,0.641240694781217,0.546286531637929,0.855324602915333,0.0588153215468997,0.656353084490652,0.44987424792022
-1.94908203383398,1.69887387562635,-0.299877609099666,-0.249107667884591,-0.390396098407219,-0.33258670620807,-0.520733307426437,-0.0358075715489481,-0.399596727793639,-0.273889590276016
0.0273677020189188,-0.838460226001693,0.84071264106713,0.460307150950516,0.721383317205949,0.614561729386744,0.962223552498398,0.0661660934892989,0.738384461874755,0.506099784264231
1.86191900028764,-0.126177566861994,-1.24679309169569,-0.491629428923419,-0.770470907394111,-0.656380487317421,-1.02769947117833,-0.0706684627624534,-0.788628919989201,-0.540538089408994
0.218459124433597,0.550774662761125,-0.733780364758976,-0.574253000545291,-0.899956764941426,-0.766692232332014,-1.20041533371042,-0.0825450520204383,-0.921166425314085,-0.631381283321193
0.186003634919784,-2.01495692719147,1.91314110098368,0.524770515893411,0.822408895332937,0.70062755947343,1.09697741824493,0.0754322737401133,0.841790952379422,0.576976143719381
2.02285064192957,-0.737879600716669,-0.7355653397104,-0.136404475292323,-0.21377011559547,-0.182115289885543,-0.285139169620611,-0.0196072367025227,-0.218808126004668,-0.149974371190122
2.99576563237693,-1.92928515305782,-0.244824690188388,-0.163028430721121,-0.255494597269738,-0.217661259696462,-0.340793740533437,-0.0234342533376523,-0.261515946123638,-0.179246951620278
2.97942405864241,-1.89671224180568,-0.257991741451634,0.0672830633137394,0.105444547852051,0.0898304440049305,0.140648147809637,0.00967149315032448,0.107929603951648,0.073976569248173
1.02927345301723,0.769581102246081,-1.54316082119936,-0.505899983826507,-0.792835409472997,-0.675433280397954,-1.0575305611508,-0.0727197601796498,-0.811520495714261,-0.556228318732761
0.751712218580951,0.896887057138172,-1.47370453883752,-0.64180626894665,-1.00582477230748,-0.856883430467298,-1.34162831675838,-0.0922553853561734,-1.02952946862857,-0.705654938409264
1.58565864151606,0.0497372704012492,-1.22235627997027,-0.481173653227145,-0.754084844001082,-0.64242085279792,-1.00584277480979,-0.0691655145010713,-0.771856679334164,-0.529042144118393
-2.39153447426882,0.264333689693167,1.49368601787364,0.492780457308065,0.77227477394843,0.657917239447342,1.03010557462255,0.0708339154423651,0.790475299026859,0.54180362529291
2.61409160851563,-2.38126693026508,0.49450203442766,-0.000573314947253345,-0.000898486668302538,-0.000765439825863419,-0.00119845443223586,-8.24102130945456e-05,-0.000919661682288035,-0.000630349909883382
-2.25211783994738,0.303402561832879,1.3489488981798,0.382449442987243,0.599366417132554,0.510612947463212,0.79947022531001,0.054974565455631,0.613491938092425,0.420496575358714
1.46995730803261,-1.7757983059655,0.735720261090177,0.516381298843207,0.809261497531404,0.689427012777756,1.07944064477517,0.0742263795485945,0.828333704312835,0.567752344066288
0.124160126948243,1.36799776997283,-1.48928613578655,-0.588846359655325,-0.92282715872574,-0.786176005272983,-1.23092121183276,-0.0846427503968453,-0.944575815307606,-0.647426430310605
2.19975124728269,-1.9213576900471,0.337993973414224,0.148172775041188,0.232213138027729,0.197827291384258,0.309739559094977,0.0212988515726927,0.237685802919534,0.162913414069988
-0.11477504045545,1.01346029053142,-0.962996641423266,-0.745725875830904,-1.16868531136732,-0.99562777365662,-1.55886129500762,-0.107193138137715,-1.19622821065119,-0.819912756295301
1.74286115766215,-0.176414438291976,-1.10845220571643,-0.464806527228071,-0.728434641474446,-0.620568901903151,-0.971629024077268,-0.0668128489238157,-0.745601967674119,-0.511046770985362
-3.12070026480977,2.26451909955626,-0.0013822960816769,0.181631891090316,0.284649534195934,0.24249896806893,0.37968231241038,0.0261083771166786,0.291357989735933,0.199701135875239
-2.04882072548336,0.134601436022286,1.37512144442627,0.508236119217317,0.796496549853251,0.678552283443841,1.0624140058034,0.073055564114811,0.815267919732871,0.558796859357993
2.55881580759861,-1.03675597761418,-0.827606605435161,-0.212582953771299,-0.333155363883244,-0.283822111905179,-0.444382244672996,-0.030557386658925,-0.341006976754617,-0.233731296200248
1.80489407853524,0.429907260770141,-1.76951860627416,-0.603460680591899,-0.945730403426953,-0.805687764605957,-1.26147090844274,-0.0867434618964932,-0.96801883042943,-0.663494624467256
-0.877167779524459,1.93684504781922,-1.32250656428964,-0.286975819272109,-0.44974223849645,-0.383144940111965,-0.599892684115245,-0.0412508666179025,-0.460341503378213,-0.315524970495795
1.26961183772344,0.256292610536839,-1.20805777027853,-0.716066075643342,-1.12220312006791,-0.956028610230865,-1.49686061080375,-0.102929738996443,-1.14865055395917,-0.787302316841453
-2.47793358248759,1.82944111362276,-0.0394414177257441,-0.0563277592627005,-0.0882756345275053,-0.0752038830452295,-0.117747240098507,-0.00809674100809096,-0.0903560636108194,-0.0619314011352495
-1.26389812890331,1.76319146722654,-0.868090560655278,-0.363409147400029,-0.569526881589986,-0.485192015027229,-0.759668495480882,-0.0522376495174667,-0.582949161639638,-0.399562098305474
-2.65865200141339,0.653163492311131,1.29339079486597,0.400818375518312,0.628153807151222,0.535137534839208,0.837868541475966,0.0576149774167304,0.642957772664317,0.440692900295099
-2.12367481992065,2.40969822167513,-0.884887829861981,-0.123864821513153,-0.194118243967682,-0.165373444149441,-0.258926345897196,-0.0178047448173484,-0.198693110435806,-0.136187237839529
1.90767391639792,-1.12332079237442,-0.260617162328357,-0.0635375927537512,-0.0995747281643013,-0.084829820269322,-0.132818636622231,-0.00913310665182701,-0.101921447749438,-0.0698584888784377
1.37960558760594,-1.98472471452373,1.0076690106812,0.382088788953782,0.598801208005377,0.510131433834634,0.798716316089649,0.0549227238354302,0.612913408443537,0.420100042460731
2.17720126438842,-1.9188063140085,0.35215008145169,0.156723893383906,0.245614264000143,0.209243994483569,0.327614770141718,0.0225280179989236,0.251402758875741,0.172315221405657
0.83494727443578,0.493714895230191,-1.13042871182882,-0.714302417823558,-1.11943915403822,-0.953673929019558,-1.4931738701367,-0.102676224907109,-1.14582144837716,-0.785363205445365
-1.19854630812631,0.131695773717929,0.75808898556023,0.506181310818469,0.793276298992662,0.675808883519362,1.05811864555718,0.0727601990648872,0.811971775863053,0.556537632914923
-0.332643988894432,1.557519164626,-1.34730575582073,-0.58927333905838,-0.92349631152408,-0.78674607071692,-1.23181376724322,-0.0847041258480895,-0.945260738311964,-0.647895886810086
2.15183479802576,-2.2573268913182,0.707290363452154,0.0205812280254786,0.0322544512170479,0.0274782502555576,0.0430228865759779,0.00295841473426248,0.0330146054627518,0.0226287057285091
1.78288462647292,-0.506960633698646,-0.799290615044088,-0.31183836744839,-0.488706281180911,-0.416339233471572,-0.651865218934535,-0.0448246926677847,-0.500223828078296,-0.342860913989811
1.54249691745195,0.608541525884436,-1.75798030291927,-0.594500931510486,-0.931688880282384,-0.793725493589802,-1.24274149793324,-0.0854555575175644,-0.953646384791012,-0.653643534672538
-1.66042454766149,1.8164866204616,-0.618988891681668,0.0446463615699496,0.0699688031002776,0.0596079055487097,0.0933285102072704,0.00641761773088746,0.0716177873717996,0.049087905569304
-2.97631249153318,1.9160932396667,0.236660587477871,-0.0532187039024157,-0.0834031908460462,-0.071052945057344,-0.111248087766179,-0.00764983496457801,-0.0853687889955928,-0.0585130483161448
-1.26371544223071,1.91919618207768,-1.02830092061202,-0.447301794034177,-0.701001605789163,-0.597198117673797,-0.935037225482386,-0.0642966598734811,-0.71752240607499,-0.491800618335465
1.18731364448875,0.142777538512163,-1.02903538471946,-0.579430413555733,-0.908070693574308,-0.773604660016172,-1.21123816956984,-0.0832892707286947,-0.929471578322731,-0.637073759751811
0.786635732703738,0.20000207006379,-0.798097625523967,-0.683221895397148,-1.07073043786433,-0.912177941887541,-1.42820331592981,-0.0982086063869195,-1.09596479336056,-0.751190706360038
-2.00354848221107,2.6327580232605,-1.20304078904079,-0.294087065196251,-0.460886827850824,-0.392639251864912,-0.614757993727943,-0.0422730609541639,-0.471748741966869,-0.323343662907213
3.06430167905598,-1.44362947183316,-0.784309588154887,-0.16232847811815,-0.25439764683224,-0.216726744381455,-0.339330563437838,-0.0233336398032533,-0.260393143392863,-0.178477365789106
-0.295555839392397,1.78403851660852,-1.60812976997861,-0.751259994489735,-1.1773582613045,-1.00301644343196,-1.57042978640484,-0.107988630912062,-1.20510555965481,-0.825997424442522
0.707614759397021,-2.08897147637062,1.60503535220101,0.452515167478818,0.709171890829407,0.604158556575217,0.94593523283692,0.0650460476551404,0.725885243666204,0.497532632644114
-0.97287064113968,1.64022670136008,-0.960676268190216,-0.492964249845924,-0.772562809601069,-0.658162623121442,-1.03048977353916,-0.0708603343980939,-0.790770122937118,-0.542005702022693
2.13516458791701,-0.665579822035783,-0.906271580892604,-0.610098438361635,-0.956132952483282,-0.814549916509953,-1.27534644100536,-0.0876975954576268,-0.978666540743599,-0.670792724808137
2.80887313632099,-0.68814788579896,-1.3693362644269,-0.451058618689539,-0.706889219367293,-0.602213900401558,-0.942890471208705,-0.0648366784477229,-0.723548775523693,-0.495931182337504
0.581766254954897,0.883694279505852,-1.33921319013228,-0.722195171175572,-1.13180850477111,-0.964211640935657,-1.50967283860522,-0.103810755741789,-1.15848231281192,-0.794041151813255
-2.19196174116507,1.57222884796609,0.0260384941185114,0.380275359061842,0.595959240270863,0.507710301318638,0.794925532154997,0.0546620553415374,0.610004462857656,0.41810620752857
1.03265055923917,-1.92136486132363,1.20218494649244,0.543560111684285,0.851855539628144,0.725713779532955,1.13625508659001,0.0781331532488455,0.871931578151235,0.597634980664532
0.382862007646477,-1.29594061612189,1.04084816886032,0.405853561255663,0.636044840306928,0.541860073144643,0.848394066221083,0.0583387518998025,0.651034777124136,0.44622900028864
-2.12199472201762,2.13983396340286,-0.615005211194242,-0.151089480117055,-0.236784134542982,-0.201721420145531,-0.315836623444066,-0.0217181085412886,-0.242364526036141,-0.166120281064364
-1.98901374318526,0.708671283341472,0.74164553550022,0.17522902142297,0.274615096645421,0.233950418154646,0.366297788653198,0.0251880071590654,0.281087066366581,0.192661290957287
1.93872973544043,-1.94746615703694,0.563592614622612,0.415050663036962,0.6504583374207,0.554139236664891,0.867619637517155,0.0596607741517606,0.665787963199062,0.456341055288784
2.26073063636212,-1.70417590222118,0.0825842258206442,0.384852971692677,0.603133174844107,0.513821928150982,0.804494548579157,0.0553200567318356,0.617347468570495,0.423139213772611
-1.97522310725533,2.25921723000577,-0.848341647558981,-0.32915401209133,-0.515842981417459,-0.439457563254712,-0.688061747855984,-0.0473137014957085,-0.528000070366277,-0.361899167034744
2.20717867738876,-0.864371663149827,-0.751482619815921,-0.404878994967917,-0.634517521298218,-0.540558917727086,-0.846356838179754,-0.0581986644734538,-0.649471463144649,-0.445157481440928
2.28851448323762,-0.0152663501127287,-1.66622577146628,-0.391355936808586,-0.61332447979625,-0.522504116727722,-0.818088311314933,-0.0562548147448892,-0.627778956301643,-0.43028911191224
0.790625538697162,-1.82299614852178,1.28200960138273,0.618789222443027,0.96975295955206,0.826153089051936,1.29351360854887,0.0889468379054951,0.992607536259218,0.680348092217913
-1.11076702825649,2.34580672469217,-1.56771840260493,-0.384497396534445,-0.602575925219303,-0.513347195391086,-0.803751256211814,-0.0552689451661918,-0.616777086008925,-0.422748265010464
-2.49815956083108,1.45013145897436,0.375000242949264,0.459113749420762,0.719513044383737,0.612968404350485,0.95972887246324,0.0659945499514135,0.736470111544701,0.504787659837091
0.053678207527444,1.49253385095672,-1.56541656444586,-0.647741613763825,-1.01512651512015,-0.864807782213339,-1.35403552912407,-0.0931085517240073,-1.03905042953439,-0.712180747806974
1.97462797382188,-2.01799804759462,0.60028055923749,0.170358338379952,0.266981868520731,0.22744750941636,0.356116139441213,0.0244878788449265,0.273273942737598,0.187306058842816
-2.22747585215697,0.751653268086112,0.878013610909164,0.348818161142988,0.546660206489076,0.465711410111426,0.72916757755746,0.0501402922229061,0.559543577969299,0.383519560227057
-2.29531933385348,0.538200911967662,1.14633017972629,0.458578404551246,0.718674063592272,0.612253658841645,0.958609790473976,0.0659175976846232,0.73561135813933,0.504199057373693
-1.45857932614776,2.23219497787674,-1.20035862878621,-0.406290410626448,-0.636729461103205,-0.54244331610369,-0.849307253758133,-0.0584015460933065,-0.651735532667258,-0.446709308647642
-2.29324655942287,0.720154081607752,0.959648618100908,0.406260972668214,0.636683326577772,0.542404013124181,0.849245716811137,0.0583973145824716,0.651688310870021,0.446676942119595
2.44970889885957,-0.849350086309685,-0.942655236667174,-0.381537146439239,-0.59793668590045,-0.509394929139801,-0.797563165592299,-0.0548434288904907,-0.612028511781804,-0.419493521017333
-1.52933717427811,1.7848830508688,-0.703901708711821,-0.585149476962697,-0.917033484882912,-0.781240251795702,-1.22319326845773,-0.0841113480813386,-0.938645599511538,-0.643361771464168
-1.94722299273148,1.40250704975534,-0.00361700382012154,-0.282458459240467,-0.442662730481183,-0.377113757264652,-0.590449619395124,-0.0406015261382658,-0.45309514961384,-0.310558210946792
-1.31765225698148,1.95094532045431,-1.01970560772511,-0.409397756113966,-0.641599225109395,-0.546591971219449,-0.855802831781775,-0.058848206353974,-0.656720064454179,-0.45012578149109
1.72502726345199,0.232425142298228,-1.51239952427774,-0.608520206690722,-0.95365958226574,-0.81244280002687,-1.27204731414644,-0.0874707351447471,-0.976134879567721,-0.669057486269003
-2.11565962330169,0.677317148386441,0.875251971384478,0.462505191335907,0.724828038108701,0.617496360095213,0.966818324106439,0.0664820471852879,0.741910365966825,0.508516491809515
0.958104527428222,-1.94060198559745,1.26478211297632,0.212572563994028,0.333139081251142,0.283808240385968,0.444360525939375,0.0305558931974986,0.340990310382862,0.233719872819089
3.054034061408,-1.85146697969395,-0.368212694538132,-0.236301071386501,-0.37032587997843,-0.315488461970125,-0.493962468102391,-0.0339667084221803,-0.379053506068401,-0.25980895800372
-2.30745320957895,0.627141877269059,1.05849042301117,0.249641378797201,0.391232518497092,0.333299270200979,0.521848973801113,0.0358842889452933,0.400452860148286,0.274476396231938
-1.35118007163183,-0.265028483173629,1.27009085485755,0.530693575497051,0.831691385027176,0.70853550908003,1.10935894966738,0.0762836741901561,0.851292206420457,0.583488445736408
-1.15593924689698,2.22147725916556,-1.40492622097996,-0.249776858268969,-0.391444838967359,-0.333480150507301,-0.522132179348422,-0.0359037632188873,-0.40067018446456,-0.274625353577685
0.859601866525409,1.14613172430816,-1.80438218238435,-0.665020073271239,-1.04220493962415,-0.887876465665438,-1.39015432644145,-0.0955922154358524,-1.06676702268108,-0.731178116435863
1.24584218173509,0.947457159738665,-1.89144481831741,-0.835504127826619,-1.30938382779029,-1.11549182029129,-1.74653326228866,-0.120098165145416,-1.3402426283091,-0.918622398048261
0.634328826115989,-2.17184775284581,1.74748678741672,0.615394925967517,0.964433492222415,0.821621322148613,1.28641818974828,0.0884589303475413,0.987162702801087,0.676616121705535
0.480346031470023,-1.83585258239867,1.51562260729764,0.453752089509954,0.711110368031214,0.605809986367263,0.948520887890302,0.0652238469758378,0.72786940577721,0.498892607112938
0.230584039324466,1.2085990612567,-1.4064864611379,-0.597353331838332,-0.936159099800485,-0.797533768292388,-1.24870413998853,-0.0858655711060377,-0.958221955856503,-0.656779699704032
-1.63026580655874,1.22941954108491,-0.0482430575973238,0.0733968440249554,0.11502593150212,0.0979930277041354,0.153428361592965,0.0105503084919416,0.11773679610834,0.0806985658380496
-1.43276646369526,-0.294856925934355,1.36056612844916,0.558249828737612,0.874876943477429,0.745326201147203,1.16696239083036,0.0802447024391518,0.895495537127573,0.613786071552952
1.14874281238177,0.745208945989109,-1.61017772733745,-0.639137408806555,-1.00164219296444,-0.853320202523084,-1.33604934610841,-0.0918717544497781,-1.02524831667537,-0.702720572652955
1.4663318582773,-1.73476794350483,0.696001121732681,0.486568581950073,0.762539658509609,0.649623688380713,1.01712030432575,0.069940999647266,0.780510752019556,0.534973775328459
-1.32024047309107,-0.769262133554764,1.75915394150606,0.630232277476713,0.987686265567674,0.841430852337708,1.31743410824828,0.0905917010096173,1.01096348405582,0.692929534135367
-1.24697599059834,-0.598513095357683,1.53263562206687,0.600840816079189,0.94162460896144,0.802189951325487,1.25599435798447,0.0863668737858821,0.963816272975332,0.66061412855937
0.0936033883369487,-1.08814146878515,1.04419455635804,0.463029046504012,0.725649012490965,0.618195765562615,0.96791338808667,0.0665573478838674,0.742750688598361,0.509092461544106
2.29210263850788,-1.02782819434386,-0.646527141165823,-0.3423567342946,-0.536533999402899,-0.457084679785706,-0.715660646189079,-0.049211505059722,-0.549178722292959,-0.376415332697124
-1.82879976692127,0.366077552886836,0.987445186803143,0.688217242067203,1.07855903610357,0.918847290565041,1.4386455613064,0.0989266542688607,1.10397789147392,0.756683003985264
1.62354625633693,-1.64768703054292,0.478871761935754,0.0488488982972789,0.0765549269064804,0.0652187639366918,0.102113470012751,0.00702170445302177,0.0783591291335129,0.0537085223176467
-2.63482459332353,1.775108275175,0.13467894267457,0.0913580713908101,0.143174374887183,0.121973282907807,0.190974413109906,0.013132115545379,0.146548625722025,0.100446625967485
-0.829532127479048,-1.29060777972524,1.92580980664314,0.597218957644511,0.935948511497685,0.797354363656225,1.2484232449082,0.0858462557088024,0.958006404530417,0.656631957592351
1.86210309651539,-1.22693003942213,-0.123801685914223,-0.0886794230771995,-0.138976455732309,-0.118396986652943,-0.185374981315518,-0.0127470776540985,-0.142251772437185,-0.0975014982829841
-0.43632583009581,-1.12114626849889,1.47548562453979,0.809933790836792,1.2693105539302,1.08135254939572,1.69308116960202,0.116422599157949,1.29922493071479,0.890508252944514
-1.95882132172887,2.2485779314568,-0.85445528986571,-0.47413613399329,-0.743055797506071,-0.633024974454471,-0.991131583067508,-0.0681539178865097,-0.760567706652134,-0.521304512933096
-1.19620812084761,-0.699642404442925,1.59638549242449,0.565891434893499,0.886852701807778,0.755528603357893,1.18293636257277,0.0813431325336544,0.907753533201764,0.622187885904392
-2.46082379896328,1.82358378750156,-0.0551247524922795,-0.327068924029458,-0.512575276930066,-0.436673736580323,-0.683703091167674,-0.0470139839454806,-0.524655354510032,-0.359606648623708
-2.36893306781335,2.65833861639609,-0.965310382610876,-0.379280252381046,-0.594399730806619,-0.506381722170104,-0.792845366588303,-0.0545190153702109,-0.608408199776601,-0.417012104872483
-1.11653417501846,-0.44405958805904,1.279057480952,0.517957036762585,0.811730959595985,0.691530799822544,1.08273455870951,0.0744528814012659,0.830861365230664,0.56948484076856
0.781275988132531,1.46486203182781,-2.06898106661763,-0.677535486960847,-1.06181882271281,-0.904585948160318,-1.41631647881413,-0.0973912229692653,-1.0868431544189,-0.744938598225486
-2.44955318151733,1.04618305753547,0.7427757129542,0.34120032524099,0.534721700381652,0.45554074385858,0.713243295023865,0.0490452789444096,0.547323712056872,0.375143880860356
2.9372784217218,-1.93832758061009,-0.197873645684833,-0.305736582177663,-0.479143696523284,-0.408192665032257,-0.639110080354443,-0.0439476015910095,-0.490435877957822,-0.336152106180146
-2.30382513721444,1.71479510517171,-0.0519425811250666,-0.0899257554565657,-0.140929680626409,-0.120060980316462,-0.187980307709408,-0.0129262296498074,-0.144251029805564,-0.0988718192676055
0.0669640453617907,1.16065798494383,-1.23692953168908,-0.539569775666596,-0.845601972141167,-0.720386232918045,-1.12791370998816,-0.0775595689683168,-0.865530630203681,-0.593247674941551
-2.61566880802292,1.37277065392493,0.53400374862918,0.321080170554163,0.503189833234447,0.428678078279017,0.671184233634969,0.0461531404380259,0.515048720107276,0.353022117326292
2.06982176836197,-2.03090723952529,0.546258777986217,0.240666750858538,0.377167677532286,0.32131713423981,0.503088460609737,0.034594245829528,0.386056547148733,0.264608947389942
1.48992038231045,-1.9767190446439,0.908286570270845,0.0586442984807671,0.0919060642136741,0.0782967230002625,0.122589721018708,0.0084297281236674,0.0940720531634728,0.0644783961060688
2.03233353239759,-1.89964092874563,0.444953126508578,0.350000347943091,0.548512903831827,0.467289762224422,0.731638814383051,0.0503102237179435,0.56143993861116,0.384819354252105
2.6770995699492,-0.657359385091419,-1.30210786279554,-0.385885978335332,-0.604752080301116,-0.515201108003971,-0.806653940018975,-0.055468544570775,-0.619004527454708,-0.424274986783983
-1.22224584213567,1.62608144637307,-0.766263688255142,-0.542063174171725,-0.849509571840698,-0.723715199878906,-1.13312589659539,-0.0779179784309024,-0.869530321952218,-0.595989123652319
2.3680224140265,-0.933797516949172,-0.79861418452533,-0.400421752989303,-0.627532228983114,-0.534607999230566,-0.837039443909102,-0.0575579655643615,-0.642321545501553,-0.440256820655773
1.1366965452095,0.632388519371938,-1.48542748158603,-0.572456202582627,-0.897140862403351,-0.764293305309018,-1.19665931706982,-0.0822867742558337,-0.918284159214113,-0.629405734908805
-2.3549240668832,0.969472260130123,0.751016704619174,0.338396253994345,0.530327221144452,0.451796993905743,0.707381679815772,0.0486422123401366,0.542825666275404,0.372060852821234
1.44909144802572,-2.31048206447113,1.28514261589544,0.375194446311569,0.587996544738853,0.500926712316767,0.784304419911995,0.0539317079042853,0.601854107124107,0.412519831471911
1.17116694509733,0.723121757745384,-1.60231000790827,-0.581146686549305,-0.910760399138903,-0.775896077164161,-1.21482585725517,-0.0835359735642066,-0.932224673311963,-0.638960772347623
-0.539225043236442,-1.10385645902476,1.52403217937367,0.541264955109546,0.848258620353755,0.722649487807587,1.13145730383055,0.0778032397461262,0.868249888764359,0.595111495541762
-2.34071323509988,1.00007298275585,0.709736279044879,0.336185719565562,0.526862919849674,0.448845682246524,0.702760790727712,0.0483244627084523,0.539279720331957,0.369630408290434
-0.0151480610562234,1.74077181712616,-1.76994618548789,-0.780913623897743,-1.22383078189292,-1.04260736817416,-1.63241757124486,-0.112251143044788,-1.25267331772212,-0.858601079230535
2.26244751153177,-1.79157289747269,0.159640101234345,0.0940535811851461,0.147398718986517,0.125572091132631,0.196609092051443,0.0135195771624428,0.150872526719128,0.103410292559626
0.473650947332984,1.61625678269469,-1.98922267934306,-0.437180111201871,-0.685139125438384,-0.583684534639335,-0.913878915010666,-0.0628417352407256,-0.701286087964427,-0.480672002394472
-0.868041325138484,-0.84948369038382,1.50900799113666,0.590605684534717,0.925584334265851,0.788524901522367,1.2345988949449,0.0848956416547967,0.947397970365703,0.649360777713361
0.905031209906853,-1.5355715002583,0.909652393496388,0.641813700434881,1.00583641877358,0.856893352338486,1.34164385150076,0.0922564535832126,1.02954138957185,0.705663109202575
-1.83596658010155,0.104988321126907,1.2506356030105,0.53334705131887,0.835849854402497,0.712078197232006,1.11490576102251,0.076665093703052,0.855548680196164,0.586405896699747
-0.876649275554802,-0.682865231496199,1.3416943601871,0.423134878058154,0.663127742701394,0.564932571406484,0.884518836412477,0.0608228263288237,0.678755953693618,0.465229510464252
1.07276437667376,0.499884665107592,-1.30769296666441,-0.644925752558583,-1.01071355891724,-0.861048291342008,-1.34814926825096,-0.0927037903915487,-1.03453347133278,-0.709084756911442
-1.49044013523321,2.17896279593138,-1.11842195686293,-0.256257940586354,-0.401601849675418,-0.342133123091032,-0.535680198401768,-0.0368353757250985,-0.411066569724721,-0.281751191957242
-1.8036595394722,-0.0839355983793546,1.42573518489782,0.777456369617306,1.21841264846593,1.03799154553242,1.62519054579296,0.111754185720829,1.24712749286115,0.854799887696007
-2.31106445248854,1.6817805948786,-0.0112889884233477,-0.0276281475419773,-0.0432982296297837,-0.0368866790317907,-0.0577537286177185,-0.00397136257697446,-0.0443186572558208,-0.0303766723626638
-0.547761398541601,-1.27437935813164,1.70951681204296,0.760315365370785,1.19154964084577,1.01510638028696,1.58935908420167,0.109290280289132,1.2196313934188,0.835953648758978
2.2206707558687,-1.92184659091215,0.326011535674149,0.230643157397418,0.361458920702472,0.307934511529268,0.48213519562343,0.0331534208919236,0.369977575426142,0.253588179023104
-0.14836217566715,0.943622665614015,-0.865906880651159,-0.680175371121966,-1.06595599153422,-0.908110489919202,-1.42183487823602,-0.0977706887712735,-1.09107782564157,-0.747841105391986
2.298494131135,-2.07092262889419,0.407234088809062,-0.135034944236045,-0.211623816424678,-0.180286812155711,-0.282276309385857,-0.0194103757158552,-0.216611244096745,-0.148468595382177
-2.29526906693858,1.72645977854451,-0.069926633876357,-0.0895761007351114,-0.140381709380864,-0.119594152004406,-0.187249391390748,-0.0128759691076,-0.143690144290729,-0.0984873799237248
1.78608290168833,-1.29460826784294,-0.00432637089500826,-0.212469892124238,-0.332978176138414,-0.283671161911894,-0.444145901223927,-0.0305411347986311,-0.340825613151527,-0.233606986866647
-1.16161558262459,-0.560449257492456,1.43270136552767,0.620630796942165,0.972639034900503,0.828611797778594,1.29736322581658,0.0892115519996079,0.995561628961755,0.682372871660935
1.54672337484262,-1.46202246389234,0.363356090830645,0.513084512705881,0.804094846274841,0.685025433124279,1.07254906105257,0.073752488453646,0.823045288408586,0.56412758449125
-2.37412522287868,0.957688875814474,0.783791323595797,0.543326604990028,0.851489593034993,0.725402021878202,1.13576696547258,0.0780995882135626,0.871557007140493,0.597378244076052
-2.46815674442157,0.50940940344183,1.30279317834005,0.501179601354473,0.785437729121682,0.669131039797543,1.04766309943091,0.0720412365736079,0.803948471112301,0.55103833950735
-1.48806612143328,1.42446599240118,-0.359451478133832,-0.251315664532987,-0.39385642254798,-0.335534629645531,-0.525348891552246,-0.0361249563915692,-0.403138602851804,-0.27631724456099
0.692682637524546,0.42935448907044,-0.956338324674643,-0.551003605948758,-0.863520821327594,-0.735651680124786,-1.1518149263174,-0.0792031060757203,-0.883871780460913,-0.605818974403589
-1.79138271632994,1.12633162028114,0.166473376193008,-0.124414286272379,-0.194979353142023,-0.16610704129641,-0.260074944026734,-0.0178837267244357,-0.199574513732979,-0.136791364878466
-0.272420817351298,1.47292182004546,-1.30353588395358,-0.517940712561563,-0.811705376664547,-0.691509005181314,-1.08270043468891,-0.0744505349058689,-0.830835179375499,-0.5694668925907
2.14459488945666,-0.483528833326039,-1.09202670783403,-0.472615435241957,-0.740672591623994,-0.63099467087877,-0.987952722709232,-0.0679353275484236,-0.758128334752615,-0.51963253084811
-1.27922490242732,1.29738265351393,-0.392801445287374,-0.524465182921662,-0.821930384165866,-0.700219905673637,-1.09633915186961,-0.0753883841548388,-0.841301163938004,-0.576640435375916
0.34820171587067,1.71036166249549,-2.00318216341247,-0.750894408898526,-1.17678532354769,-1.00252834562008,-1.56966556828312,-0.107936080413213,-1.20451911923242,-0.825595469381736
2.09986961952652,-2.18542309276302,0.671165613510485,-0.024891923918214,-0.0390100797058651,-0.0332335132733693,-0.0520339417096706,-0.00357804861753737,-0.0399294466953732,-0.0273682416163116
1.41765294608236,0.160428707579724,-1.21065475649095,-0.457576633127054,-0.717104109287688,-0.610916181512366,-0.956515692964113,-0.065773599700731,-0.734004404059981,-0.503097626947034
0.349657160287009,1.4971383157953,-1.77996055526737,-0.473043877325407,-0.741344036703114,-0.631566689165263,-0.988848335698789,-0.0679969132502528,-0.7588156040609,-0.520103595539492
0.342556073681857,-1.54315795280443,1.33297301358121,0.808209465695906,1.26660822921614,1.07905038172698,1.68947664975196,0.11617473887978,1.29645891917527,0.888612387151419
2.66215220084092,-1.52799301707529,-0.40111049960954,-0.0145799822018497,-0.0228494297858621,-0.019465913266596,-0.0304779151065924,-0.00209577553476593,-0.0233879319276827,-0.0160304393092639
-1.06850663149347,2.32260773267097,-1.58289190305643,-0.614675443567288,-0.963305935113043,-0.820660732361478,-1.28491418767124,-0.0883555095345924,-0.986008572078102,-0.675825063198653
1.77123509738575,-0.380641891958071,-0.917556365705457,-0.29488121057731,-0.462131395153653,-0.393699525114546,-0.616418070892037,-0.0423872140743548,-0.473022640511857,-0.324216812075542
3.03585749123754,-1.36599951499381,-0.843657859317938,-0.21681982396146,-0.339795294342803,-0.289478809320972,-0.453238974961528,-0.0311664085881419,-0.347803393253763,-0.238389661999624
-0.0770209216098441,-1.04807542980779,1.13399870884004,0.635249112217038,0.995548539441491,0.848128890001678,1.32792127216951,0.0913128376588378,1.01901105145164,0.698445457523749
-2.05633393329895,1.97462118765517,-0.507540770376775,-0.48382579503185,-0.758241222733908,-0.645961759887268,-1.01138679754283,-0.0695467422578737,-0.776111013196323,-0.531958128352893
-2.48789621724103,1.1685405391398,0.645312132110947,0.279383462625753,0.437843662922187,0.373008291526189,0.584021663278386,0.0401595158130552,0.448162509058651,0.307177305131824
-1.2182022839122,-0.0410050849152683,0.954666579533977,0.748724689759724,1.17338498708426,0.999631526955692,1.56512999925415,0.107624197708182,1.20103864560646,0.823209900559278
-1.7524672434675,1.96278482328013,-0.699310942090269,0.0459314418347934,0.0719827528345249,0.0613236319899183,0.0960148349691826,0.00660233947759361,0.0736792007082276,0.0505008291866249
2.17780012095052,-1.94451583849952,0.37442465659828,0.0615390231503318,0.0964426135160614,0.0821615054511817,0.128640837646598,0.00884582555495146,0.0987155172352311,0.0676610960223004
0.501639942275744,-1.72849883123229,1.39588464568667,0.572558192229082,0.897300698350562,0.76442947293834,1.19687251566933,0.0823014345896311,0.918447762082456,0.62951787076844
2.5100695336001,-1.22516501156448,-0.600775345202709,-0.171706532061631,-0.269094728223904,-0.22924749935536,-0.358934396144725,-0.0246816727258154,-0.275436597095875,-0.188788374574899
-2.01917536073137,2.08221072715842,-0.631601851569816,-0.142789630043798,-0.223776790716594,-0.190640188398124,-0.298486662214478,-0.0205250602587228,-0.229050632655758,-0.156994738863191
1.92055164702802,-0.957847130973466,-0.436418677065892,-0.0521032203307476,-0.0816550293465845,-0.0695636492436874,-0.108916287004736,-0.00748949161528101,-0.0835794278372978,-0.0572865933418831
-2.10284088654315,1.18338541836999,0.352182678103212,0.35539385646431,0.556965492631244,0.474490701678475,0.742913375117121,0.0510855047195821,0.570091733133217,0.390749423974853
-0.788903982714299,-0.853221184754123,1.45403856119664,0.559657066066603,0.877082335095586,0.747205020984732,1.16990407205151,0.0804469834519047,0.897752904139473,0.615333304758303
0.718906098594397,-1.72907418546951,1.23836231866606,0.581337087015771,0.911058790592985,0.776150283164883,1.21522386934962,0.0835633423657526,0.932530097083203,0.639170114381096
1.53236254946794,-1.7783573469452,0.68628758589686,0.322818683538227,0.50591439282658,0.430999188311397,0.674818411674862,0.0464030401243514,0.517837490543602,0.354933582408592
-2.693817991817,2.21959717735652,-0.271904088655213,0.0454281218191191,0.0711939606948122,0.0606516432566799,0.094962697559356,0.00652999057068791,0.0728718187717162,0.0499474374984387
-2.41372931864487,1.52035650925626,0.235356288804512,0.242159862868373,0.379507650075381,0.323310606418196,0.506209653794363,0.0348088707568808,0.38845166681095,0.266250598327798
1.51861884296861,-1.66834074961348,0.584019600326672,0.281502165686976,0.441164048102653,0.375836997998971,0.58845058857761,0.0404640652960154,0.451561147156066,0.30950678265567
0.48754240884769,-1.36526019564293,1.04230884255072,0.640645774143273,1.0040060701884,0.855334039605489,1.33920242476419,0.0920885719414881,1.02766790439015,0.704378994360999
3.20820016530465,-1.55411748888572,-0.7758102191265,-0.101836604943534,-0.159596103895974,-0.1359633017209,-0.212878682377188,-0.0146383350973642,-0.163357372539422,-0.111967593129277
2.46652755916811,-1.30542656729148,-0.495419036058192,-0.388326114447976,-0.608576208342008,-0.518458963690611,-0.81175478721207,-0.0558192979184524,-0.622918780332846,-0.42695787441159
0.171565038505121,1.05599536107776,-1.20931890061286,-0.588000714504975,-0.921501882108858,-0.785046974048998,-1.22915347983242,-0.0845211945271151,-0.943219305338146,-0.646496658032958
-0.460230975894285,2.10337634355395,-1.80337215853771,-0.5553501026203,-0.870332556015328,-0.741454741201983,-1.16090081920344,-0.0798278860829966,-0.890844050170888,-0.610597872631066
0.360881846360561,-1.70178386823409,1.47317629550893,0.620112780322663,0.971827210564139,0.827920187429124,1.29628036670644,0.0891370905535839,0.994730672019107,0.681803321309971
0.818260913392886,-2.10607076483739,1.54383467764383,0.518754104719642,0.812980107096113,0.69259497503928,1.0844007452105,0.0745674546223316,0.83213995191639,0.570361203258861
-1.29621342788363,-0.427248259932974,1.393424848942,0.527408384350356,0.82654290518678,0.70414941004092,1.10249160404982,0.0758114497980439,0.846022390185799,0.57987643465386
2.55646158282066,-2.33634247740916,0.492504325375964,0.0371880686552023,0.0582803292792127,0.0496502470971843,0.0777377354622279,0.00534553769639588,0.059653846362002,0.0408876409691592
-0.610967786157502,2.07367145753803,-1.6563474225233,-0.341829027126986,-0.535706988251103,-0.45638013146646,-0.714557530010126,-0.0491356506618156,-0.5483322206208,-0.375835127755417
-2.27453358545104,2.30446442544249,-0.673453296136708,-0.261259019814887,-0.40943943185514,-0.348810125377745,-0.546134427087261,-0.0375542476242188,-0.419088863506878,-0.287249792431777
-1.78824568446189,0.666183584813279,0.640766323603116,0.254337445487376,0.398592091685958,0.339569046502455,0.531665605943496,0.0365593173193094,0.407985879500239,0.279639640674003
-1.96494508830549,2.3338373864104,-0.931919395737552,-0.35491718229323,-0.556218459277427,-0.473854288139541,-0.741916938035198,-0.0510169859757335,-0.569327094129509,-0.390225328933858
-2.46364052528252,0.179779385108763,1.6314857343794,0.492776152580945,0.772268027674072,0.657911492153306,1.03009657604451,0.0708332966664532,0.790468393760209,0.541798892319585
-0.143997359346011,-1.21188029377606,1.34805492168357,0.63855577668272,1.00073067179858,0.852543658332639,1.33483350549571,0.0917881486978304,1.02431531330603,0.702081078150672
-0.302375338142149,1.4892504592958,-1.29649249839175,-0.4684969795961,-0.734218237852955,-0.625496070175101,-0.979343525536909,-0.0673433269229008,-0.751521868506019,-0.515104359800656
-2.37949522048147,1.46253835470387,0.277384344631156,0.500777340042269,0.78480731397566,0.668593975780217,1.04682221458248,0.0719834141836331,0.803303198706839,0.550596060123022
1.97531093209164,-0.706054896760437,-0.737073432351761,-0.257832871614066,-0.404070047196997,-0.344235832844849,-0.538972425614174,-0.037061761592456,-0.413592936297531,-0.283482801496024
-2.28201150665349,2.54067620207401,-0.909161931248661,-0.352111935405717,-0.551822137601527,-0.470108968574145,-0.736052865273861,-0.0506137503808999,-0.564827162487811,-0.387141008297851
1.73526613062781,-0.456610580244646,-0.819509725398532,-0.436084567555005,-0.683422213353729,-0.582221860864127,-0.911588796559047,-0.062684258123087,-0.699528712689069,-0.47946747102409
2.09030072308651,-2.24987937611824,0.757230923903179,0.394484492855551,0.61822748452812,0.526681090321844,0.824628227776115,0.0567045238824998,0.632797512212437,0.433728905400475
-2.80832072165875,1.20145454581388,0.854844849348269,0.54986090304865,0.861730002290873,0.7341260434515,1.14942622642056,0.079038850128875,0.882038756437201,0.604562592246526
1.90964800126151,-0.245608917744114,-1.162060034161,-0.517096513048856,-0.810382365619416,-0.690381904045897,-1.0809357246416,-0.0743291868369413,-0.829480988371474,-0.568538709766743
1.90968221357615,-1.642521641846,0.262789110039585,-0.0185456393007164,-0.0290643210100683,-0.0247605107539514,-0.0387677030314212,-0.00266581238474378,-0.0297492921126807,-0.0203906109860626
-3.24508794032127,2.22609297929477,0.121982355675755,0.00179142801616068,0.00280748687515532,0.00239175754148104,0.00374479133377741,0.00025750587048642,0.00287365210157755,0.00196964424869704
2.0555246642043,-1.36872648768961,-0.123097120188366,-0.124706467265721,-0.195437252815679,-0.166497135728338,-0.260685717578276,-0.0179257258002297,-0.200043204921229,-0.137112612848199
-2.54071630820774,1.7096100392591,0.128191815253779,-0.0244978204733206,-0.0383924493913838,-0.0327073409248607,-0.0512101100224719,-0.00352139886676677,-0.039297260426966,-0.0269349316665824
1.23986096315174,-0.235504865787688,-0.68716405125742,-0.612963498909814,-0.960623012822283,-0.818375094028162,-1.28133554791603,-0.0881094288686261,-0.983262420226978,-0.673942809533832
-0.857324454590127,1.64194272023296,-1.04894631213586,-0.561332201665854,-0.87970757103394,-0.749441515092431,-1.17340576635258,-0.080687773060405,-0.900440010119612,-0.617175087497596
-1.68718338113501,1.98846535984088,-0.776704844713775,-0.0703032483252566,-0.110177715863204,-0.0938627300989293,-0.14696152605063,-0.0101056246718843,-0.112774320528147,-0.0772972106494865
0.676512219048608,-1.57787315676965,1.11059689859302,0.395322476134319,0.61954075362714,0.527799892087,0.826379943441982,0.0568249784091153,0.6341417316778,0.434650253582284
0.27002520211346,1.19073713169688,-1.40953629502644,-0.36861223519177,-0.57768104717957,-0.492138721427163,-0.770545001762811,-0.052985558804886,-0.591295499886304,-0.405282803715916
-2.6575832341298,1.92978842156467,-0.000144500075185135,0.225111745503375,0.352790212747973,0.300549455588829,0.470572362432533,0.0323583171970248,0.36110456837779,0.247506486917146
2.8055612609539,-1.86631519345182,-0.155807580440424,0.24760193025549,0.388036339269261,0.33057637741037,0.517585721716303,0.0355911317727428,0.39718135521754,0.272234057687237
-2.12809382229901,0.473151400502953,1.09051472693672,0.474327576377765,0.743355821831311,0.633280571532722,0.991531773181671,0.0681814364568445,0.760874801777094,0.521515000537475
0.841507154947552,0.127077886425856,-0.75791856140136,-0.484918312515834,-0.759953392282165,-0.647420393395255,-1.01367059012011,-0.0697037843847117,-0.777863534165929,-0.533159332509308
2.14935437075718,-0.590181856903587,-0.987144530566688,-0.447497128239383,-0.701307729290882,-0.597458910769693,-0.935445551037332,-0.0643247378671786,-0.717835744118292,-0.492015384929705
0.165348695600219,-1.68882419980794,1.60314668023381,0.634384281530714,0.994193195671503,0.846974243933033,1.32611343482962,0.0911885239958291,1.0176237657238,0.697494591079746
1.64770445846279,-0.835472302178896,-0.367266014700647,-0.242594572249395,-0.380188917126424,-0.323890992250634,-0.507118367908509,-0.03487135734108,-0.38914898956971,-0.266728553804915
1.36390623200096,-1.94095727550491,0.976301942148881,0.420857386449764,0.659558507576593,0.561891864394599,0.879757980402125,0.0604954520476059,0.675102600900351,0.462725447667726
0.949049040236319,-2.33539323199028,1.67516595692079,0.385803116953148,0.604622221752048,0.515090478755155,0.806480727038543,0.0554566337978292,0.618871608474484,0.424183882121453
-0.0866402271405196,-0.999015372607077,1.09807260878179,0.828750630960637,1.29879989494922,1.10647514369873,1.73241578935184,0.119127394858464,1.3294092594621,0.911197044564517
1.55295485165449,-1.71091268102933,0.607361738744805,0.443767790504874,0.695463192614999,0.592479826167479,0.927649763820132,0.0637886703551159,0.711853466783346,0.487915042323717
2.26588857063662,-0.413708552975765,-1.25262379916755,-0.525760021962653,-0.82395962764103,-0.701948661176709,-1.09904587632384,-0.0755745086607538,-0.843378231449387,-0.578064088599528
-1.0188657810541,1.28246213151818,-0.565891247024209,-0.474409202362022,-0.74348374429172,-0.633389551386597,-0.991702403693028,-0.0681931696495493,-0.761005739040041,-0.521604746901262
-0.0493969439736345,-1.30074424772893,1.36358201201701,0.48765418574446,0.764240993074473,0.651073091336825,1.01938964456407,0.0700970479771766,0.78225218265315,0.536167378002241
2.1408135466626,-1.8246320146476,0.282843197596753,0.12976825820673,0.203369981065692,0.173255194967864,0.271266857695705,0.0186533246044944,0.208162887121216,0.142677964804921
-0.46226736081087,-1.27125102239085,1.63145561699558,0.386645405601306,0.605942238131976,0.516215028671848,0.808241442625051,0.0555777071926785,0.620222734236769,0.425109963982751
0.272461813586393,0.96909925008539,-1.18917381026291,-0.40642084280369,-0.636933871563688,-0.542617457705115,-0.849579908468553,-0.0584202948518596,-0.651944760555214,-0.446852716579991
2.93065698053677,-1.56594085727873,-0.56173654361219,-0.107393479857345,-0.168304716939125,-0.143382353651693,-0.224494743325437,-0.015437098932113,-0.172271225136469,-0.118077281386902
2.6029820506306,-1.34073840486983,-0.541733911286094,0.13371203929687,0.209550588686635,0.178520585527351,0.279510916131457,0.019220216923618,0.214489155726823,0.147014084186911
1.51996399152572,0.0329753847472763,-1.16423053080584,-0.679170206117006,-1.06438071888395,-0.906768481778569,-1.41973368680346,-0.0976262029827017,-1.08946542787684,-0.746735943781723
0.20393442214252,1.73336521540991,-1.9143614791736,-0.547984737030104,-0.858789715868441,-0.731621151162528,-1.14550429922973,-0.0787691637337619,-0.879029175045446,-0.602499780023709
-1.16916385878663,2.13455583981121,-1.31283851808159,-0.403384710981213,-0.632175712058561,-0.538563880827991,-0.843233195101087,-0.0579838710822157,-0.647074463499669,-0.443514541934691
0.869917242266961,-1.62522357931134,1.02601288293783,0.653432777506392,1.02404558268384,0.872406124808349,1.36593230670598,0.0939266186853309,1.04817969652236,0.718438084318862
2.07075276659112,-1.95986148228032,0.470198261907895,0.128746356372509,0.201768478822011,0.17189084128097,0.269130679686741,0.0185064330079585,0.206523641599193,0.141554401339155
-1.08755561007952,0.188397275807338,0.621210921260135,0.541679330241786,0.84890802001406,0.723202725134791,1.13232351134218,0.0778628034172159,0.868914593100153,0.595567093862575
-0.0153499376115108,1.4511615303302,-1.46951193812846,-0.532588452595143,-0.834660995044958,-0.711065382761058,-1.11331999039662,-0.0765560501785894,-0.854331802489092,-0.585571830468909
-2.56646775543653,1.67661442656511,0.182680335737294,0.0484264861494839,0.0758929318108684,0.0646547962913341,0.101230461967731,0.00696098551436461,0.0776815325204797,0.0532440874366587
0.929244672075179,0.866871213446878,-1.57319296096249,-0.651149657566863,-1.02046752696136,-0.869357903342449,-1.36115968526298,-0.0935984353689208,-1.04451731525267,-0.715927833269189
2.47914937327975,-1.64581406243097,-0.150788699610568,-0.0698436082873504,-0.109457378030997,-0.0932490590403594,-0.146000697027593,-0.0100395544714611,-0.112037006190656,-0.0767918443445241
1.17610625245778,-1.43628307174618,0.608890056704343,0.551142050159605,0.863737788072217,0.735836518690656,1.15210432933908,0.0792230065108515,0.884093860552249,0.605971191428889
-2.63039226708201,0.978756671564805,0.948516711847391,0.517493361896029,0.81100429846841,0.6909117418147,1.08176529530271,0.0743862312210421,0.830117578574038,0.568975038238992
-2.01339924109315,1.46927330201446,-0.00288267479438092,0.305421198415682,0.478649433977197,0.407771592299011,0.638450803862155,0.0439022672714423,0.489929966918002,0.335805347165933
1.71408301253301,0.452178942598261,-1.7278651332277,-0.665916465625754,-1.04360974615145,-0.889073250104832,-1.39202814012002,-0.0957210658788869,-1.06820493687588,-0.732163684390432
-1.41781378488477,2.12947319413305,-1.11820489961623,-0.158829902762374,-0.248914755918134,-0.212055753464639,-0.33201716063589,-0.0228307428493572,-0.25478103487778,-0.174630742443946
1.07148074767663,0.426313206794863,-1.23786445922474,-0.801410119880672,-1.25595244290282,-1.06997249163928,-1.67526333442221,-0.115197378111111,-1.28555200345494,-0.881136623537663
1.50712965091798,-1.56213304536994,0.494320033545467,0.548329402670083,0.859329868334423,0.732081318490645,1.14622478639975,0.0788187071286676,0.879582057512246,0.602878733958439
-1.87124835619509,0.207929795515798,1.1683716154713,0.40795719569563,0.639341610273152,0.544668661316158,0.852791492156793,0.0586411353686117,0.654409243457602,0.448541910122952
-0.646357364096127,1.27105563974642,-0.830704227364946,-0.615032722042391,-0.963865854138858,-0.821137739240642,-1.28566104064286,-0.088406865940715,-0.98658168695158,-0.676217884728361
-0.431087740795568,1.72154052490362,-1.43945667979891,-0.547306288466789,-0.857726466092402,-0.730715346154917,-1.1440860740611,-0.0786716412621357,-0.877940867213821,-0.60175383751376
-0.961259706413325,2.02346993082684,-1.35406598172888,-0.451805529772364,-0.708059762109184,-0.603211110559625,-0.944451810053934,-0.0649440419514884,-0.724746904939716,-0.496752398208476
-1.74397402677701,2.12003007040569,-0.877560918635806,-0.356730376432615,-0.559060057545686,-0.476275105899407,-0.745707229153999,-0.0512776205817636,-0.572235661541767,-0.392218904660146
-2.57504237671078,1.74414265103326,0.115208624580792,-0.119549781983277,-0.187355808225571,-0.159612381888347,-0.249906210848164,-0.0171844865651047,-0.191771301520483,-0.131442926197504
-1.39487106943076,1.83731829330703,-0.846725420445321,-0.345602032212193,-0.541619959445622,-0.461417516884787,-0.722444599218558,-0.0496779950653034,-0.554384545299525,-0.379983481861383
-0.117096114754843,-1.113820021842,1.23195181543818,0.708494330939196,1.11033684707946,0.945919480902228,1.48103267705823,0.101841351021289,1.13650462351407,0.778977313952926
1.46522387061709,-0.269156046166943,-0.807227204550736,-0.306471496695659,-0.480295438510693,-0.409173858429314,-0.640646341646122,-0.0440532406683167,-0.491614763534059,-0.336960132034713
-2.00301075338087,1.89672221066973,-0.46299197721512,-0.338211551153216,-0.530037758884403,-0.451550394874569,-0.706995578006186,-0.0486156625343632,-0.542529382136276,-0.371857775228685
1.07008883698996,-2.33794002997897,1.6002696839481,0.706063358378216,1.10652707995667,0.942673859585934,1.47595098530344,0.101491914873257,1.13260507000385,0.776304501492542
3.05371816433617,-1.51991221608644,-0.698477973097098,-0.126011762874885,-0.197482883596188,-0.168239851923975,-0.263414300385466,-0.0181133533683193,-0.202137045944488,-0.138547762888416
1.46809922815483,-1.69319825573581,0.648439776874268,0.356733773378515,0.559065381165137,0.476279641203591,0.745714330111144,0.0512781088701588,0.572241110625202,0.392222639543656
-0.470548539414335,1.3401139870977,-1.01969807782839,-0.353891413497053,-0.554610896815397,-0.472484771624259,-0.739772676550099,-0.0508695385291187,-0.567681645565417,-0.389097513810026
-0.52845008769163,2.08851769043304,-1.73768140713377,-0.526294299930071,-0.824796936406819,-0.702661982251456,-1.10016272806679,-0.0756513075674588,-0.844235273423749,-0.578651518022446
0.0993025564897417,1.50210697107865,-1.60810342221516,-0.641048984310907,-1.00463797235994,-0.855872370451351,-1.34004529309483,-0.0921465307231243,-1.02831469886648,-0.70482231699553
2.80753012793506,-1.77441064588165,-0.25140751183689,0.202313633806062,0.317061509841058,0.270111416721692,0.422915314345522,0.02908124016959,0.324533832071348,0.222440355774459
-0.647736733917609,1.42734289086019,-0.983467055711157,-0.503050592877999,-0.788369906188491,-0.671629023554676,-1.05157420988563,-0.0723101791694544,-0.806949752031831,-0.553095462462016
1.14482207676171,-1.86186443651112,1.06172825807391,0.582135016966672,0.912309288991044,0.777215609240184,1.21689185775783,0.083678039492704,0.933810066504041,0.640047424618782
-1.14402646321556,1.75389830049253,-0.952538515179679,-0.554221604263045,-0.868563998028041,-0.739948069188278,-1.15854181240534,-0.0796656719447749,-0.889033811832143,-0.609357108124214
1.70900764537922,-0.302813503607593,-0.952040235873978,-0.336457471426156,-0.527288803432512,-0.44920850149247,-0.703328859331815,-0.0483635252321973,-0.539715640892683,-0.369929194780578
0.526562830300541,-1.7341429281874,1.3806755674362,0.491507368693685,0.77027961726698,0.656217523205915,1.02744431714123,0.07065091741571,0.788433121647024,0.540403886288734
0.44855591971577,-2.19068963739006,1.90087880171081,0.58454943289297,0.916093108917438,0.780439125590215,1.22193893961396,0.0840250957345452,0.937683061309358,0.6427020333445
1.57387254905642,0.134632926608255,-1.30559845168164,-0.667133546418511,-1.04551712859766,-0.890698189615887,-1.39457231915713,-0.0958960131534433,-1.07015727140807,-0.733501843759399
-2.12179759997528,2.41294384594764,-0.895340331994383,-0.296532484663244,-0.464719235849302,-0.395904161422819,-0.619869885216093,-0.042624573748913,-0.475671469939843,-0.326032359491928
2.53123539776115,-1.65736510303435,-0.184150167014683,-0.278734357377571,-0.436826399348978,-0.372141663138919,-0.582664777215327,-0.040066211247947,-0.447121271206079,-0.306463625091461
0.606472043790356,1.17564636153491,-1.64105113087924,-0.411388999397604,-0.644719858109227,-0.549250504578088,-0.859965315858579,-0.0591344343410757,-0.659914242727131,-0.452315119184814
1.35347612476539,-0.162666079820897,-0.848083217336864,-0.751588590214073,-1.17787322934954,-1.00345515561838,-1.57111668111103,-0.108035864363403,-1.20563266416881,-0.826358709781788
-1.37842612145443,-0.256064796362944,1.28218705773081,0.568359423178821,0.890720479165603,0.758823644822276,1.1880954317954,0.0816978894460334,0.911712464098684,0.624901396516142
2.72826200361598,-1.92053241839147,-0.06026287279688,-0.211712868862485,-0.331791785810483,-0.282660450859571,-0.442563423935136,-0.0304323177363559,-0.339611262662725,-0.232774652829114
0.613540477405497,0.355643865496586,-0.830607613037239,-0.737219058747644,-1.15535361336151,-0.984270217712791,-1.54107869107152,-0.105970339723081,-1.18258231889974,-0.810559657431373
-2.09028511307795,0.529948993846828,1.00051844049589,0.320452308685835,0.502205861822344,0.42783981218904,0.669871754617048,0.0460628894675763,0.514041559026202,0.352331794016187
0.110160850034122,-0.833413220268044,0.784161147557749,0.72458868379515,1.13555956549158,0.967407249024211,1.51467622430323,0.104154807272225,1.16232177636131,0.796672777713267
0.423816005055238,1.32709663935575,-1.66867124741293,-0.652704175281691,-1.02290373318466,-0.871433359031578,-1.3644092405977,-0.0938218869582296,-1.0470109365748,-0.71763699872205
1.80590268194673,-0.710784275301708,-0.612913803060763,-0.380066432592231,-0.595631815269124,-0.507431361023634,-0.794488793404828,-0.0546320235501735,-0.609669321292906,-0.417876496473725
2.4387393682341,-1.46941725276496,-0.291336009879386,0.161880545122512,0.253695656021079,0.21612870353877,0.338394206751974,0.0232692524123447,0.259674608468396,0.177984871175479
2.17476290990477,-0.546510613596976,-1.05253191679377,-0.531941804470454,-0.833647582222042,-0.710202034909535,-1.11196824069108,-0.076463098808652,-0.853294506139068,-0.584860851993506
-0.986434010071045,1.83895933537632,-1.15143158491882,-0.502489409520694,-0.78749043188309,-0.670879780763517,-1.05040111526271,-0.0722295127917815,-0.806049550784813,-0.552478451026329
-0.614563130918125,-0.88718668719226,1.36022851708926,0.531606314907914,0.833121810304282,0.709754118675081,1.11126693514319,0.0764148744138888,0.852756343132932,0.584491986997874
-1.1358361831865,2.35822376115915,-1.55808328519821,-0.269385925290482,-0.422175740683925,-0.359660456669212,-0.56312286587514,-0.0387224362703577,-0.432125334293641,-0.296185185026572
2.24543956862348,-0.904843693851853,-0.740727356546045,-0.468647578602193,-0.734454253327315,-0.625697136757354,-0.979658336876133,-0.0673649745290611,-0.751763446256534,-0.515269940813979
-1.66412812807599,0.239007852919307,0.997459584753176,0.747084261098,1.17081414310065,0.997441370506455,1.56170085614559,0.107388396991269,1.19840721345919,0.821406277500013
-1.70442774414789,1.91731843580273,-0.702851221196797,-0.380288064723582,-0.595979152306541,-0.507727264803641,-0.794952092000853,-0.0546638816959635,-0.610024844168671,-0.418120177184813
0.682227331498411,0.984666872697302,-1.51452384218004,-0.730777296166821,-1.14525822368614,-0.975669741392155,-1.52761286578058,-0.105044379167659,-1.17224900692111,-0.803477050424934
2.37206934220931,-1.11733648230489,-0.61183061917776,-0.260019989038139,-0.407497649873251,-0.347155880173539,-0.543544363923577,-0.0373761451853558,-0.417101318730644,-0.285887499433474
0.566088907169858,1.36485279846545,-1.81502255706626,-0.788436255837058,-1.23562008642859,-1.05265092644741,-1.64814283993521,-0.113332471386428,-1.26474046576647,-0.866872083480034
0.686172715615154,-1.2851627989832,0.816960543328423,0.646630049101522,1.01338449524988,0.863323718583696,1.35171192042934,0.0929487716918842,1.03726735474766,0.710958601606061
2.54518940739432,-1.51013193937452,-0.328118877147762,0.155462931259996,0.243638111689801,0.207560468468469,0.324978861809793,0.0223467630746738,0.249380033751038,0.170928815268887
2.36430355107115,-2.08784763150353,0.38712554299641,0.186080085195835,0.291620646881863,0.248437806638982,0.388980793056567,0.0267477754541508,0.298493393572557,0.204591848679765
0.306265019671846,1.3763942684647,-1.62577380666011,-0.448048547893002,-0.702171902133035,-0.598195117920172,-0.936598235667425,-0.0644040007773416,-0.718720283286028,-0.492621661341357
-0.622694666694765,1.58497963604579,-1.16074097495973,-0.50657776007256,-0.793897605608103,-0.676338187786535,-1.0589473809111,-0.0728171860101384,-0.812607725073353,-0.556973522041462
2.48557942765523,-0.816496730529917,-1.00652636229458,-0.518292963398454,-0.812257416485523,-0.691979299598967,-1.08343677791309,-0.0745011686224151,-0.831400229351597,-0.569854186318789
2.2353550791865,-1.32303441248197,-0.299267732708717,-0.0952245903423302,-0.149233898971325,-0.127135519837313,-0.199056963193369,-0.0136879019456036,-0.152750957164087,-0.104697796958805
2.46226369850846,-2.07677573629775,0.298608026606229,0.00964277274545315,0.0151119429185794,0.0128741842969242,0.0201571994436866,0.00138608449087575,0.0154680924463792,0.0106020625491162
-1.45874841234976,-0.275879222305283,1.36225421577648,0.613966774380332,0.962195324235432,0.819714579428161,1.28343278947612,0.0882536430491809,0.984871786965863,0.675045893633521
1.12475424235579,0.495325928431745,-1.33451612827389,-0.45228025494854,-0.708803741040738,-0.60384492197153,-0.945444172967561,-0.0650122805402735,-0.725508417536305,-0.497274350363143
0.14315844717772,0.981994298946278,-1.12060796839371,-0.783835275875112,-1.2284095310842,-1.04650810160438,-1.63852497656981,-0.112671111097595,-1.25735997622534,-0.861813385257909
-1.43147079635317,0.174158269910015,0.889665489193002,0.641804128207882,1.00582141738842,0.856880572340682,1.34162384176976,0.092255077639204,1.02952603464272,0.70565258470386
-0.96042877470353,1.38746512396175,-0.717027584732882,-0.554308287280714,-0.868699845760805,-0.740063800749558,-1.1587230141117,-0.0796781320524208,-0.88917286114568,-0.609452414609136
-1.47663380133693,1.98246522679318,-0.933239015267979,-0.340081411547271,-0.532968163269802,-0.454046868446856,-0.710904323954036,-0.0488844425378663,-0.545528848596866,-0.373913654525979
0.409404364162793,1.23431033963508,-1.56332629331765,-0.613808422595447,-0.961947158775413,-0.819503162015745,-1.28310177177048,-0.0882308810325986,-0.984617772885856,-0.674871788573449
0.00351362474463823,1.43778800873755,-1.47728707801401,-0.7554879407834,-1.1839842064283,-1.00866122644397,-1.57926786222891,-0.10859637009047,-1.2118876612199,-0.830645978571404
-1.7599012800362,0.91420501570629,0.367752845822483,0.184742205748304,0.289523951421259,0.246651587360642,0.386184097171745,0.0265554641758665,0.296347284406366,0.203120873270479
-2.45680589537801,0.749853255928311,1.04895343635073,0.406225441559624,0.63662764300013,0.542356575104812,0.849171442775938,0.0583922072217714,0.651631314974036,0.446637876277678
-1.98381368186239,0.818923442785211,0.635540762231473,0.437270690203162,0.685281078871621,0.583805467776188,0.914068260859899,0.0628547553701223,0.701431386874053,0.480771592446284
2.13615804642511,-1.0073521200454,-0.555793310467523,-0.411205196807304,-0.644431806702622,-0.549005107482851,-0.859581095928406,-0.0591080139403755,-0.659619402691626,-0.452113031402546
1.00417774329131,0.791419407992237,-1.5467208991065,-0.50123658651404,-0.785527035019612,-0.669207121383806,-1.04778222089702,-0.0720494278115402,-0.804039881719967,-0.551100993708797
0.997008263103259,-1.94220767266515,1.24838503879803,0.519957126371919,0.814865456364309,0.694201144019246,1.0869155350972,0.0747403809888889,0.834069734005384,0.57168390484502
1.66773359235123,-2.01479559677988,0.830884605663143,0.47013088733116,0.736778862382667,0.627677520455079,0.982759037336013,0.0675781902999472,0.754142840353216,0.516900813213369
-1.47082990206899,-0.163991795925057,1.25540226575411,0.528495702554429,0.828246926537075,0.705601101926457,1.10476452808079,0.0759677445629521,0.847766570925428,0.581071922291564
-2.46449436573872,1.68311235071446,0.113675675450239,0.401613052148691,0.629399207016389,0.536198517366333,0.839529729160738,0.0577292069004802,0.644232523392989,0.441566633562905
2.26456235282938,-2.18275875304073,0.545659299291386,-0.106630818018357,-0.167109489956056,-0.142364114465668,-0.222900479185612,-0.0153274713618375,-0.171047829735353,-0.117238747830816
1.64345350799127,-1.9965118316698,0.820948407823963,0.196601957365762,0.308110295225333,0.262485687372061,0.410975657132379,0.0282602246443062,0.31537166040822,0.216160465904719
2.19139238919024,-0.0330266680230272,-1.57854775648434,-0.42199168851497,-0.661336161008269,-0.563406285010052,-0.882129119239607,-0.0606585004302707,-0.676922149039656,-0.463972593251508
2.61417132214899,-1.25194082957513,-0.651717896545502,-0.232228579153451,-0.363943559064433,-0.310051227583282,-0.48544935259698,-0.0333813147317498,-0.372520770307549,-0.255331322936986
1.90642080235948,-0.74134112908591,-0.655017205323582,-0.368840168836146,-0.578038259810621,-0.492443038434587,-0.771021473007223,-0.05301832275129,-0.591661131097981,-0.40553341283204
-1.85823097213552,0.0318883886272554,1.34404076997865,0.636977198419034,0.998256758408412,0.850436079109288,1.33153365412116,0.0915612385645433,1.02178309615635,0.700345458538754
-1.18879971864317,0.158160434090788,0.723841026727307,0.492344878268597,0.771592143987657,0.657335692523234,1.02919504257914,0.0707713038505445,0.789776581238101,0.54132471364131
2.30676274362315,-2.49572330655717,0.84327822068671,0.277065986763709,0.434211765348025,0.369914201046279,0.579177224402733,0.0398263940611323,0.444445017023669,0.304629280337084
-1.9302649283467,1.39669534340572,-0.00336003347541226,-0.0815776795704599,-0.127846758359026,-0.108915361694151,-0.170529535504223,-0.0117262492271804,-0.130859776795213,-0.0896932536158332
1.52537053660885,0.204111193616409,-1.33888484035958,-0.625914011404496,-0.98091877325885,-0.835665482280314,-1.30840722845277,-0.0899709789633575,-1.00403649940355,-0.68818167496561
-1.4753609846586,0.0643404187197156,1.03264391684753,0.650229193423841,1.01902499565266,0.868128980362639,1.35923555204928,0.093466124766283,1.04304078720066,0.714915798797762
1.5572139433712,-0.792259720424528,-0.353626440971345,-0.503248350259084,-0.788679827238543,-0.671893051862442,-1.05198760083419,-0.0723386054785787,-0.807266977121887,-0.553312893296399
-2.66565220707193,1.75843520804469,0.160032212574293,-0.322406371463553,-0.505268226345052,-0.430448705397684,-0.673956516767493,-0.0463437730040747,-0.517176095584272,-0.354480252384041
2.88451423011319,-0.940071489722334,-1.16449023812431,-0.271257669162219,-0.425109096814425,-0.362159444895679,-0.567035549034442,-0.038991487011259,-0.435127822064353,-0.298243135175137
2.33519051090041,-1.89492018845358,0.212733815410912,0.152060127555021,0.238305312015874,0.203017343458626,0.317865659543232,0.0218576326590282,0.243921553739648,0.167187491204239
0.421003803305037,0.64319018267757,-0.977281077133264,-0.653883062565645,-1.02475125959774,-0.873007305920048,-1.36687358013277,-0.093991344169751,-1.04890200442151,-0.718933164985922
1.21332483193486,-1.79743250992423,0.936202710124754,0.266166850242228,0.417130876549512,0.355362630044978,0.556393728988404,0.0382597156279519,0.426961575719978,0.292645867455495
1.88916251071991,-2.34990678766275,1.00351731238602,0.35939283935889,0.563232611314899,0.479829792844899,0.751272827103164,0.0516603319311918,0.576506551644213,0.395146236790045
2.5566348952682,-1.81672525541131,-0.0388469597515142,-0.184110356621287,-0.288533731264392,-0.245807997832629,-0.384863283210054,-0.0264646400634818,-0.295333727313726,-0.202426166038121
-0.298975901700914,1.84260552495879,-1.65481484876817,-0.458429184098471,-0.718440208556575,-0.612054432782855,-0.958297860855074,-0.0658961482363398,-0.735371991743447,-0.504034992056
-1.66141978188389,0.789914043193576,0.426244302575942,0.333388228408481,0.522478752785179,0.445110717452062,0.696912930502881,0.0479223419483194,0.534792229754514,0.366554614946455
2.28033302249981,-1.94908598466448,0.316644232809078,0.428851438235936,0.672086611003875,0.572564821093995,0.896468702563759,0.0616445438589105,0.687925959421163,0.471514769919237
-0.3385321751333,-0.908200664143342,1.17954278501756,0.512961260780682,0.803901688548597,0.684860877965526,1.07229141590178,0.0737347718086002,0.8228475784528,0.563992071122352
-1.2718425163838,0.0793550341942611,0.873390365181244,0.77667123514957,1.21718220286973,1.03694330286381,1.62354930499282,0.111641327859536,1.245868048835,0.853936645871675
-0.643628517115241,-0.941305070165161,1.439126811254,0.62538318537231,0.980086874290592,0.834956769926682,1.30729759261637,0.0898946762493987,1.0031849947217,0.687598040886026
-0.369224639594253,1.37286951395527,-1.12508709254163,-0.309366432226917,-0.484832318270923,-0.41303892240427,-0.646697899058144,-0.0444693684095677,-0.496258565851699,-0.340143063789745
2.20250582902605,-0.595491066777278,-1.02108269591438,-0.463533533243297,-0.726439633094448,-0.618869312002872,-0.968967964409156,-0.0666298644995375,-0.743559942090819,-0.509647136024807
0.636144343041469,-1.58335650900111,1.14982099272797,0.522073487290776,0.818182170990396,0.697026723468996,1.09133956439482,0.0750445938044513,0.837464615042917,0.574010807223675
-2.06670632934251,1.92016192282591,-0.441108907191794,-0.365746186159745,-0.573189437710266,-0.488312224172033,-0.764553828530904,-0.0525735833059037,-0.586698034763616,-0.402131632169257
-2.21506099466201,1.83012828799693,-0.232737608872405,-0.0847387730867864,-0.132800755102498,-0.113135776463148,-0.177137468113522,-0.0121806354097496,-0.135930526467837,-0.0931688214912146
-1.5369551823459,-0.76539046060554,1.91287359949164,0.619138053799021,0.970299640437233,0.826618818078656,1.29424280370887,0.0889969800943903,0.993167101003214,0.680731626285652
-0.59550158611847,-1.04410867278323,1.50796733801903,0.634328820077869,0.99410627769348,0.846900196666324,1.32599749851173,0.0911805517806107,1.01753479931316,0.697433612167596
-0.0608710690946263,1.59032349242728,-1.57755051128566,-0.560812912225165,-0.878893751960001,-0.748748205383766,-1.17232024654399,-0.0806131286547952,-0.899607011428567,-0.61660413770166
1.88941236105326,-2.04272606364925,0.691298800027902,0.288174854761569,0.451621340737309,0.384745787117007,0.602399141348981,0.0414232200000492,0.462264891213544,0.316843289364593
-2.10177716683281,1.36073640910087,0.155429781974663,-0.155780795230863,-0.244136261165105,-0.207984852559055,-0.325643322917182,-0.0223924539077836,-0.249889923324976,-0.171278301230054
-0.983546995943909,-0.667334959383976,1.41717162702593,0.815213046110199,1.27758408753411,1.08840094793569,1.70411689597132,0.117181457014606,1.30769345017207,0.89631270318916
2.68390501717348,-1.4420384198953,-0.513985174142083,-0.322742217533161,-0.505794556972902,-0.430897097609101,-0.674658567555804,-0.0463920486443592,-0.517714830467855,-0.354849509353052
-1.80132709415097,0.0264998930518329,1.30343366885365,0.50172117451719,0.786286470758269,0.669854100777112,1.04879520101024,0.0721190841161491,0.804817215400745,0.551633789871848
-2.72219848431122,2.11203685946675,-0.153716231642539,-0.279094201933796,-0.437390339881104,-0.372622096024499,-0.583416994308899,-0.0401179365111753,-0.447698502362402,-0.306859267983165
-1.17107620359133,-0.535417653326077,1.41763104919195,0.717605455216484,1.12461560212607,0.958083854801147,1.50007852144983,0.103151014578501,1.15111989199875,0.788994838168265
-2.96268909964671,0.782659932002317,1.38293006353482,0.353700481023284,0.554311671611084,0.472229855334053,0.73937355235049,0.0508420932550588,0.567375368394603,0.388887586843686
-2.65036254771428,1.16088900148633,0.766127794081763,0.120654363657044,0.189086884508662,0.161087122444251,0.252215222341821,0.0173432628390387,0.193543174807912,0.132657394722796
0.437209720387193,-1.52629411203877,1.23415055990334,0.427468535701469,0.669919356344401,0.570718490939444,0.893577890664082,0.0614457608111277,0.685707628157725,0.469994292401329
2.50130976646507,-1.57739320356393,-0.236656149303163,-0.0919162777108003,-0.144049183644702,-0.122718551019891,-0.192141284550288,-0.0132123539937249,-0.147444051466226,-0.101060364201919
-2.32046899341619,0.752055397478439,0.93958662708846,0.175974353477231,0.275783164768222,0.234945520132289,0.367855826705749,0.02529514368797,0.282282662843123,0.193480770713549
1.50039939667691,0.075293058625338,-1.19213213796148,-0.664579019004098,-1.04151372900611,-0.887287608697633,-1.38923234901204,-0.0955288168164452,-1.06605952201109,-0.730693184865741
-1.73023828784538,-0.0396597592399799,1.31824808473649,0.500312037482484,0.784078101962792,0.667972744619156,1.04584954865465,0.0719165300333262,0.802556801047133,0.550084467972784
-0.637161242843093,1.61193657367506,-1.17471861008875,-0.427907690889553,-0.670607590767208,-0.571304812423481,-0.894495898269012,-0.0615088864505427,-0.686412082491235,-0.470477135966737
2.35490852661001,-0.443671270250689,-1.28808870771608,-0.548558807258261,-0.859689386196486,-0.7323875993732,-1.14670433249704,-0.0788516825134664,-0.879950048283285,-0.603130960351938
1.1857438117675,-1.97479567166019,1.13665095127539,0.312443160227331,0.489654099219787,0.417146699737041,0.653129474454087,0.0449116276099651,0.50119398374436,0.34352587323347
-1.16037825200915,1.20297736215911,-0.383101485168705,-0.489284045272834,-0.766795273343051,-0.653249136806348,-1.02279669401405,-0.0703313294514186,-0.784866660721337,-0.537959380481428
1.31847859486728,-1.71519054661209,0.784235910964121,0.49181191968802,0.770756902936121,0.656624132978061,1.02808094887524,0.0706946945969287,0.788921655708685,0.540738734861501
-2.45113131147687,0.629042602456653,1.15906028245483,0.182423973374512,0.285890868258403,0.243556486852609,0.381338076888069,0.0262222336804081,0.292628578841422,0.200572016704101
-1.71097366322094,1.60194858730866,-0.379451388700129,-0.358487602380362,-0.561813943685948,-0.478621199839379,-0.7493805246709,-0.0515302101322417,-0.575054449677342,-0.39415094432371
-2.23262894332551,2.59634088293094,-1.00363058515671,-0.422106938029865,-0.661516777531801,-0.563560156052548,-0.882370036195638,-0.0606750667820239,-0.677107022228921,-0.46409930810811
1.93003402206804,-0.250412276162804,-1.16856564589793,-0.412675431847505,-0.646735926958374,-0.55096803633817,-0.862654467220744,-0.0593193504553965,-0.661977825120533,-0.453729529506315
-2.14928120048467,0.568864883492658,1.01142012376138,0.531906245161964,0.833591854450132,0.710154559240133,1.11189390770696,0.0764579873944036,0.853237465007271,0.584821755146284
2.33070157306479,-2.66209693092992,0.996107897188455,0.353627132767934,0.554196721826693,0.472131927177686,0.739220225558398,0.050831549930866,0.567257709540197,0.38880694170026
1.61520877473641,0.139185425966452,-1.3378854890332,-0.594705833855354,-0.932009998763683,-0.79399906122645,-1.24316982467504,-0.0854850108677432,-0.953975071206898,-0.653868821271538
1.50529007122856,0.811434080155902,-1.92977562731725,-0.428280197197911,-0.671191374520836,-0.571802150169808,-0.895274583420039,-0.0615624317564831,-0.687009624522625,-0.47088670023683
-1.74163902124095,0.487268094757305,0.792134391336498,0.402853294241135,0.631342887345791,0.537854379812999,0.842122324452132,0.0579074834579236,0.646222011255893,0.442930258381953
-0.596720486690936,-1.17953337391943,1.64821788544602,0.719096269223127,1.12695197328874,0.960074258887254,1.50319491090115,0.103365309183168,1.15351132540529,0.790633962491191
9.88996132274167e-05,-0.942195648895058,0.963317271566267,0.405608043425493,0.63566007012381,0.541532279274847,0.847880837090793,0.0583034603435648,0.650640938899949,0.4459590576631
-1.70588083206589,1.94902506605327,-0.732198287942816,-0.334125098956494,-0.523633560220125,-0.446094522368813,-0.698453280669017,-0.0480282621919407,-0.535974253022982,-0.367364791422337
2.0834569824389,-0.641682454983096,-0.892222286863496,-0.597012453429108,-0.935624882599857,-0.797078657342556,-1.24799156962499,-0.0858165721003811,-0.957675148533958,-0.656404909764288
-2.4556592573643,1.65879862712504,0.120220836486787,0.0593294432540712,0.0929798081438126,0.0792114682000548,0.124021943908105,0.00852821313097292,0.09517110246935,0.0652317009835683
-0.351600638669962,1.90450400208317,-1.67962559871239,-0.481688564488378,-0.754891801687765,-0.643108317145433,-1.00691914249598,-0.0692395295724841,-0.772682654932747,-0.529608280181426
2.5145811898287,-0.870830988333157,-0.968376747601222,-0.383890069000326,-0.601624134767452,-0.512536344942855,-0.802481702053893,-0.0551816458698021,-0.615802864310357,-0.422080518847146
-0.287396751403838,-1.67978974665785,1.92381885208133,0.625622096008193,0.980461289823076,0.835275742450255,1.30779701010383,0.0899290180653727,1.00356823426283,0.687860719015247
3.33120166617457,-1.82949053813143,-0.593869474770923,-0.278946948379989,-0.437159567326524,-0.372425495996671,-0.583109176284846,-0.0400967697915453,-0.447462291093768,-0.306697365237009
-1.73251455157735,1.2389786787088,0.0126174224099436,-0.0468664207763885,-0.0734480314186459,-0.0625719338555321,-0.0979693098384847,-0.00673673648605276,-0.075179012130293,-0.0515288224290843
-1.77902530125262,1.93588929962525,-0.670174782819236,-0.469094660933846,-0.735154910996452,-0.626294041868108,-0.980592915338654,-0.067429239642676,-0.752480616620257,-0.515761500137206
-1.46400586441801,0.365042413169506,0.716424007931172,0.506653930038192,0.794016977515243,0.676439883242948,1.05910660619094,0.0728281349364297,0.812729910268539,0.557057269606743
1.86936103043174,-1.37858412668321,0.0350485007436865,0.246234672626377,0.385893602963887,0.328750934961061,0.514727613841269,0.0353945975761198,0.394988120142585,0.270730781473302
1.21200555801442,-1.80024188540037,0.940879523355596,0.292402429533506,0.458246703620371,0.390390074105789,0.611236440546061,0.0420309057746789,0.469046396815978,0.321491435011733
0.0013835499058057,-1.01094002429517,1.04011126966268,0.656219431673813,1.02841276625474,0.876126621004848,1.37175751334686,0.0943271817002289,1.05264980334906,0.721501962579363
-2.59879587554383,1.50271632257568,0.383411212002571,0.10404724852721,0.163060576255916,0.138914759114156,0.21749979964204,0.0149561004193388,0.166903493579598,0.114398157674001
0.0401969664093813,-1.2768720669475,1.28150612001812,0.704687118393677,1.10437026669998,0.940836424683602,1.47307410076172,0.101294089522744,1.13039742622013,0.774791349333527
-0.376856174252773,1.62462728982844,-1.3837117204927,-0.618792254777664,-0.9697577117607,-0.826157137559145,-1.29351994732462,-0.0889472737834447,-0.992612400465162,-0.680351426217619
-1.69138684167577,1.90664989800055,-0.708489270002176,-0.584807276909975,-0.916497196431447,-0.780783376303407,-1.22247793533784,-0.0840621590982135,-0.938096672124115,-0.642985528400161
1.48639967065195,-2.20062843814543,1.15223434562183,0.524444478706761,0.821897936972302,0.700192263222094,1.09629587189194,0.0753854080615586,0.841267952047755,0.576617671448236
2.89615559092774,-1.63626650803664,-0.465027048598003,-0.0875544492610873,-0.137213421328953,-0.116895020297397,-0.183023342198959,-0.0125853701452401,-0.140447187859,-0.0962646089484135
0.174054736820741,1.85142368142273,-2.01779042611535,-0.732450255292243,-1.14788004870223,-0.97790332966292,-1.53111001039266,-0.105284855922513,-1.17493262159234,-0.80531644016874
-1.65102277421277,2.37526003231232,-1.20396644250236,-0.397338260919015,-0.622699847531621,-0.530491191105049,-0.830593728938464,-0.0571147340738776,-0.637375277279751,-0.436866574233724
1.99531879947207,-0.756468335013696,-0.704589365444623,-0.369118781048436,-0.578474894786856,-0.49281501702032,-0.771603882453016,-0.0530583714049934,-0.592108056434723,-0.405839742160712
-2.69767015169604,1.70819704833394,0.249985752048542,0.152037337026531,0.238269595197203,0.202986915544191,0.317818018347039,0.0218543566720364,0.243884995167659,0.167162433410701
-0.27932051001082,1.5004179283821,-1.32922371739293,-0.607118673829053,-0.951463130564227,-0.810571596293708,-1.26911755751261,-0.0872692741112568,-0.973886663163248,-0.667516525027221
-0.964538145855131,-1.0088830636831,1.74372189788738,0.700163648879631,1.09728118403728,0.934797084991312,1.46361826481298,0.100643870845618,1.12314127215857,0.769817872513849
0.247650866343333,-1.5045443586908,1.35594682663252,0.591519887020897,0.927017052442652,0.78974546448724,1.23650993882536,0.0850270521858819,0.948864454015605,0.650365927600939
1.02902624071137,0.452079629706041,-1.22773319206331,-0.648345177771305,-1.01607240745522,-0.865613607930941,-1.35529721602647,-0.0931953100384571,-1.04001861411278,-0.712844356037575
1.3927838954574,0.148443050013162,-1.18079361581448,-0.468009994920256,-0.733455046101179,-0.624845890954653,-0.978325535432182,-0.0672733261125219,-0.750740690292577,-0.514568928537258
1.62766258716159,-1.24407315905601,0.0658427314282044,-0.0457421174176815,-0.0716860477414968,-0.0610708626359008,-0.0956190722424208,-0.00657512535099017,-0.0733755030412236,-0.0502926702508829
-2.29438593834588,1.74919329113809,-0.0919811531780202,-0.0448736169808676,-0.0703249528186613,-0.059911317038316,-0.0938035636761695,-0.00645028418573984,-0.0719823306206984,-0.0493377689794227
-1.6208432010283,0.49432265716605,0.697759274670429,0.426679768392027,0.66868321743799,0.569665398019263,0.8919290557915,0.0613323807529859,0.684442356644727,0.469127056330112
2.94370132042008,-1.35240134936905,-0.791044754721546,-0.242555881937185,-0.380128282513845,-0.323839336339722,-0.507037489891332,-0.0348657958658574,-0.389086925955661,-0.266686014473032
0.803449527314761,-2.19263118753028,1.63701012002851,0.373903579733253,0.585973526820462,0.49920326049739,0.781605999472025,0.0537461544134766,0.599783411889819,0.411100545902589
-1.89177871597708,2.10392081948059,-0.751041978709116,-0.281754650124615,-0.441559736200896,-0.376174093071942,-0.588978380666076,-0.0405003582557727,-0.451966160602485,-0.30978438494613
1.60622853783817,0.208435411098018,-1.40034329903208,-0.570959961888748,-0.894795986654929,-0.762295655986146,-1.19353158370116,-0.0820716996009445,-0.915884020790662,-0.62776064403673
-2.41682642590598,0.421171224044563,1.35442153398434,0.504339596068556,0.790390003846267,0.673349987542173,1.05426873511001,0.0724954648106578,0.809017458182492,0.55451269926859
-2.03703980441053,2.5308104724837,-1.07160057512246,-0.16753548552017,-0.262557955149477,-0.223678683901202,-0.350215263251671,-0.0240821125085982,-0.268745769135433,-0.18420238074354
2.08318261259154,-0.632402690926443,-0.896026959346404,-0.43809895531599,-0.686579117873152,-0.584911294698665,-0.915799661724798,-0.0629738129749762,-0.7027600173078,-0.481682255672023
0.832621118160018,-1.90940389669206,1.32741205382681,0.289635262402552,0.453910059707566,0.38669559529096,0.605451969499708,0.0416331438917512,0.46460754938837,0.318448982412188
-2.58111341963247,2.01933160360629,-0.156018570299079,-0.0679202471852284,-0.106443128503983,-0.0906811560157934,-0.141980113492014,-0.00976308409676918,-0.108951718574662,-0.0746771419401926
-1.82507846109967,-0.0802587971006457,1.42915839347913,0.525360456578903,0.823333437495223,0.701415196526566,1.09821062702951,0.0755170737925757,0.842737283616501,0.577624773342102
0.95775055758903,-1.81680746120818,1.15010159450019,0.505088839505235,0.791564201802198,0.67435031165451,1.05583494949499,0.0726031635747877,0.810219328956525,0.555336479522453
2.81626300626515,-1.45122072617565,-0.594351339655241,-0.118547406809466,-0.185784907737766,-0.158274098485537,-0.247810851263398,-0.0170404017962177,-0.190163378958814,-0.130340831958538
-1.3580924226933,-0.657805713370523,1.67202670592825,0.559683608580796,0.877123931944332,0.747240458221348,1.16995955637811,0.0804507987619034,0.897795481318685,0.615362487795496
-1.61819528828416,1.50251566302772,-0.34682680312604,-0.35741947315406,-0.560139994882669,-0.477195127393689,-0.747147713174191,-0.0513766736553476,-0.573341050217119,-0.39297655463656
1.27169564167578,0.45920008498884,-1.41143144361867,-0.636545127024498,-0.997579625552196,-0.849859215285,-1.33063045443954,-0.0914991311733679,-1.02109000502473,-0.699870403482343
1.80000574954147,0.084347414291686,-1.41586787289928,-0.551128232597334,-0.863716133490302,-0.735818070693601,-1.15207544518243,-0.0792210203281144,-0.884071695627675,-0.605955999257162
-1.78668595519916,2.00033730395832,-0.724088716225852,-0.306749621500579,-0.480731309632739,-0.409545186271482,-0.641227732218212,-0.0440932192604503,-0.492060907014539,-0.337265925467376
-0.485028367775894,-1.00407058910611,1.38753613893504,0.64822449399787,1.01588327448035,0.865452481543141,1.35504493932609,0.093177962548158,1.03982502376138,0.712711666307308
0.185795802152028,-1.03183168387336,0.926726679722896,0.65628578758216,1.02851675778557,0.876215213592872,1.37189622337499,0.0943367199210152,1.05275624569212,0.721574919757695
-0.16746993195717,1.76288773791622,-1.67565945359993,-0.616649276673349,-0.966399283262688,-0.823296021178253,-1.28904027760799,-0.0886392349243853,-0.989174822467303,-0.677995258701999
1.81515944879312,0.23441372974339,-1.57953174349519,-0.591197516299218,-0.926511840085871,-0.789315063378307,-1.23583605683071,-0.0849807135372974,-0.948347335106287,-0.650011486544879
-1.30068572395981,1.88269243647739,-0.957696961969678,-0.243661543960339,-0.381861051896906,-0.325315519283357,-0.509348759741441,-0.035024727432835,-0.390860532245062,-0.267901670823866
-2.12604803442086,-0.105152275180551,1.66623003830842,0.304255981781993,0.476823331908745,0.406215897263574,0.636015041379684,0.0437347751250337,0.488060828332478,0.334524211546568
0.587792356620694,-1.59567630376927,1.19031810894569,0.309005541560546,0.484266738297816,0.412557092844189,0.645943495181641,0.044417492774959,0.495679656616998,0.339746270717953
-2.70193653052916,0.591910457907728,1.39165192883569,0.548205778427458,0.859136127120437,0.731916266246323,1.14596636295864,0.0788009369654664,0.879383750317415,0.602742811232944
-1.6294483806165,2.64805036193448,-1.49641118678295,-0.449103861760241,-0.703825766985385,-0.599604080422616,-0.938804258007593,-0.0645556951315486,-0.720413125468386,-0.493781960761946
-1.05653858051132,-0.627335518725552,1.42393140602766,0.632954721604074,0.991952820565674,0.845065620921282,1.32312509057236,0.0909830342580327,1.01533059075363,0.695922814562758
-1.09757598678451,1.92182677435893,-1.15328289997911,-0.483141596599592,-0.757168961888796,-0.645048278159026,-1.00995655287959,-0.0694483932808037,-0.775013481927961,-0.531205863961073
-0.744267086768874,-1.1008050205062,1.67003580440922,0.529193973050089,0.829341240812718,0.706533371439337,1.10622418890846,0.0760681163056053,0.848886675366812,0.58183965867472
2.27883536845514,-2.15000882269533,0.51507494879315,0.274613739150888,0.430368656428483,0.366640175147035,0.574051059395865,0.0394738997658042,0.440511335936515,0.301933076323637
-0.828316122641468,-0.703939878170895,1.34336296517016,0.888425857062647,1.39232160642294,1.18614827082496,1.85716055583536,0.127705311975561,1.42513503652552,0.976808927833723
-1.95482826692696,0.214787341911335,1.23131027368517,0.672861788224108,1.05449430409221,0.898346035588133,1.40654660451935,0.0967194098398858,1.079346015781,0.739799946962965
-1.94434468702634,2.34525774078568,-0.960520934172475,-0.416443030262249,-0.652640424936986,-0.555998203244374,-0.870530234354791,-0.059860917685941,-0.668021476891501,-0.457871939071231
1.63088608131169,-1.72484191199746,0.548546965457106,-0.032728144697903,-0.0512908338256679,-0.0436957478579885,-0.0684147347979898,-0.00470445327069347,-0.05249962652333,-0.0359840313946325
2.59598777344363,-1.22427414417183,-0.67287620642882,-0.426125149412682,-0.66781403068241,-0.568924919409724,-0.890769683308395,-0.0612526579610143,-0.683552685398553,-0.46851726231493
1.70538196640468,-2.28827264847885,1.08433671530682,0.625618617397703,0.980455838220663,0.835271098114675,1.30778973843547,0.0899285180382355,1.00356265418021,0.687856894342928
-1.5805029911077,-0.01249476912749,1.18242621753466,0.521848976577356,0.817830322702008,0.696726976458723,1.09087024842657,0.0750123218816215,0.837104474597627,0.573763961561183
0.741146597227425,0.759914869144499,-1.32593799261378,-0.582530421652669,-0.912928958582173,-0.777743518891669,-1.21771840955232,-0.0837348762882345,-0.934444340109588,-0.640482165260692
-1.55742431968414,1.76617479518357,-0.654814635682219,-0.295439609682202,-0.463006506039461,-0.39444505061612,-0.617585345328925,-0.042467480234249,-0.473918375504732,-0.324830762273655
-1.79834968373352,1.6936979605505,-0.398566019726196,-0.0712920001852356,-0.111727266191007,-0.0951828248481598,-0.149028407534621,-0.0102477511799562,-0.114360389761594,-0.0783843262895387
-1.33694933335141,1.84705332645963,-0.899365436104339,-0.363404300639063,-0.569519285852017,-0.485185544057149,-0.759658363838248,-0.0522369528277921,-0.582941386889711,-0.39955676937527
-2.91908238292314,1.82756612886637,0.295142735756737,0.272674005005947,0.427328747426231,0.364050412271954,0.569996249741063,0.0391950758750314,0.437399784117614,0.29980037204073
-1.28066067968227,-0.46168045244178,1.42115441750131,0.656948012049632,1.02955458151282,0.877099357610908,1.37328053378235,0.0944319102866986,1.05381852824855,0.722303024153705
-0.274973932723034,1.59388050225179,-1.42562014220062,-0.577917058175524,-0.905698996063131,-0.77158416066543,-1.20807465975443,-0.0830717359513995,-0.927043986016739,-0.635409851576896
-0.980621625709249,1.25475701705223,-0.569576524734019,-0.585223739557966,-0.91714986760086,-0.781339400698522,-1.22334850658099,-0.0841220228358175,-0.938764725070051,-0.643443421908587
1.32974705778607,0.601269507644846,-1.59543099864202,-0.591117460455139,-0.926386378314868,-0.789208179837864,-1.2356687085318,-0.0849692060418071,-0.94821891652485,-0.649923466523174
-1.87119799351093,2.02345774523502,-0.689972832894434,-0.431285558072111,-0.675901310467637,-0.575814644376048,-0.901556973365406,-0.0619944324068332,-0.69183056151492,-0.47419104275449
-2.5475632036551,1.18347613170599,0.680698423863394,0.485587643639865,0.761002353406417,0.648314025597726,1.01506975624349,0.0697999962850406,0.778937216599089,0.533895250551802
-2.33268892770591,1.21545056211801,0.490209074282416,0.43790658105454,0.686277633130663,0.584654453460022,0.915397523620101,0.0629461604535201,0.702451427347323,0.481470743484961
2.4252051723938,-0.893891899529247,-0.878773839010866,-0.348303882036717,-0.545854239501848,-0.465024789761766,-0.72809253132455,-0.0500663680195675,-0.558718616418403,-0.382954119207517
1.79773567819131,-0.705892272088376,-0.605644877514808,-0.194517418860297,-0.304843451990744,-0.25970259441718,-0.406618149233781,-0.0279605860891592,-0.312027826102286,-0.213868551721488
-1.84588435196964,0.930598804912741,0.409394877237881,0.0504981814395113,0.0791396474386266,0.0674207421115816,0.105561122478974,0.00725877794265567,0.0810047648637891,0.0555218807257245
2.35335175675451,-1.53743900383677,-0.180322321145788,-0.426447594335343,-0.66831935932535,-0.569355419585299,-0.891443720412376,-0.0612990072754968,-0.684069923334595,-0.468871784953692
-0.257643859673173,1.71725032636888,-1.56208264552657,-0.562198784612914,-0.881065660908698,-0.7505985006259,-1.17521726660873,-0.0808123385992479,-0.901830106670824,-0.618127880522098
-2.39295191495474,0.492822625097655,1.26794547404259,0.59804960585103,0.93725028523162,0.798463372276352,1.25015962737913,0.085965655867535,0.959338857714581,0.657545240988559
-2.21980296298109,1.24081456783551,0.374400708939544,0.201974639091853,0.316530244726131,0.269658820716205,0.422206681647743,0.0290325119325716,0.323990046407551,0.222067636924939
2.96682123089347,-1.27191377014967,-0.889173100047885,-0.246746960867057,-0.386696449910028,-0.329434897281627,-0.515798498379632,-0.0354682356057623,-0.395809888121072,-0.271294033570417
1.56390830417151,-2.23760912017179,1.11773294338166,0.0708037891184876,0.110962152466182,0.0945310082581571,0.148007853789051,0.0101775740840361,0.113577244279154,0.0778475466304647
-0.275968682651666,1.40985225659737,-1.23748535320053,-0.521218460335674,-0.816842191413936,-0.695885166482287,-1.0895522207211,-0.0749216893626447,-0.836093055603034,-0.573070719813294
-2.42859440509461,1.0848115193117,0.678365308899919,0.0384002180033988,0.0601799832731717,0.0512686025760518,0.0802716058345907,0.00551977610857381,0.0615982703022594,0.0422203782997687
0.451730471877829,1.26975352031589,-1.63282239098125,-0.700299191450764,-1.09749360339549,-0.934978049542372,-1.46390160226285,-0.100663354189327,-1.12335869769333,-0.769966899236262
-2.39462248344202,0.220882059890688,1.53423145025711,0.329235094147115,0.515970051445042,0.439565816903005,0.688231241342235,0.0473253565023107,0.528130135106755,0.361988315358544
1.49280139137143,-1.75557188620916,0.695728194385268,0.428765570708569,0.671952041289708,0.572450178303833,0.896289205553868,0.0616322009725753,0.687788218245828,0.471420360051856
2.42697875875097,-0.105867097391411,-1.67416642823399,-0.341422338727184,-0.535069635070054,-0.455837156790122,-0.713707390801972,-0.0490771919074237,-0.547679846668715,-0.375387980864526
0.00858404316957387,1.63681282527187,-1.68292433712672,-0.794793579084109,-1.24558314462362,-1.06113866677669,-1.66143215370435,-0.114246294348851,-1.27493832755298,-0.87386185089335
3.11794272272127,-1.36332177671645,-0.91095424858856,-0.358018675358014,-0.561079051494483,-0.477995129613846,-0.748400282186344,-0.0514628049895315,-0.574302237971876,-0.39363536713931
2.76786388476274,-1.55210737108127,-0.463865370917507,-0.311448434279996,-0.488095186432712,-0.415818628910426,-0.651050104770539,-0.044768642366543,-0.499598331402616,-0.342432189187266
-1.7776974409086,0.23548819397063,1.07637783060941,0.526441775444378,0.825028056813047,0.702858878621472,1.10047101007585,0.0756725061924352,0.844471840741998,0.578813664810347
-0.764398134045842,-0.919026954663622,1.50513348086621,0.63774238759239,0.999455946174724,0.851457692570462,1.33313320138693,0.0916712294223362,1.02301054568616,0.701186770855448
-1.05136379491353,1.71437666559116,-0.975214044738138,-0.404431040058685,-0.63381549614455,-0.539960847627292,-0.845420435685832,-0.0581342739326116,-0.648752893068311,-0.444664962733682
2.54203633241477,-1.38614631431467,-0.463085884667458,-0.209576116719022,-0.32844311450239,-0.279807646835463,-0.438096768933044,-0.0301251738177879,-0.336183671806592,-0.230425330650217
-0.204176547773391,-0.93386410074778,1.11640512658313,0.778705196883611,1.22036978329237,1.03965887015012,1.62780108748487,0.111933696339953,1.24913075230889,0.856172951765847
-0.252101988850494,-0.894182925568864,1.11101749153217,0.768933839228462,1.20505632491068,1.02661301056136,1.60737509484875,0.110529128622956,1.23345639519955,0.845429512323232
2.10599809641358,-0.556969634132122,-0.984682210243338,-0.318821584754767,-0.499650226880738,-0.425662612644867,-0.666462898224408,-0.0458284837411925,-0.511425694358836,-0.350538841141127
2.64435842977652,-2.48510682315996,0.584632341284563,0.222985766006894,0.349458424097034,0.297711034257985,0.466128226512814,0.0320527217748594,0.357694258059508,0.245169009078061
1.45616671197545,-2.30953549042653,1.28307630063197,0.495391320575015,0.776366461858111,0.661403035054071,1.03556330892589,0.0712092096837256,0.794663417469978,0.544674224486119
-0.15506435388866,-1.32411406052252,1.46865617787964,0.620758729008972,0.972839527242497,0.828782601451877,1.29763065430981,0.0892299413839031,0.995766846391271,0.682513530764922
0.770844934763976,-1.81094254944771,1.28250280158178,0.565976383224063,0.886985830976784,0.755642018917117,1.18311393809869,0.0813553432915587,0.907889799882004,0.62228128513072
0.531570072817315,0.934923740481892,-1.35249595781873,-0.669875844052862,-1.04981479757836,-0.894359464860426,-1.40030480314372,-0.096290200211531,-1.07455622536492,-0.736516952775774
0.488468825144341,-1.46002130235263,1.13707045866736,0.638196688332451,1.00016791637592,0.852064235066917,1.33408286917094,0.0917365321341821,1.02373929518915,0.701686266694392
1.42813138571549,0.291036334689573,-1.35505891983893,-0.609440074730745,-0.95510117937483,-0.813670927142247,-1.27397020126969,-0.0876029600615409,-0.977610451403452,-0.670068865335451
0.0298144990317257,-1.72888299675177,1.73750628535029,0.49087109373166,0.769282461038117,0.655368024691238,1.02611425143823,0.0705594571189596,0.787412465017056,0.539704312927015
2.18871499037923,-1.03698656723666,-0.566114781331112,-0.466949523376298,-0.731793098250482,-0.62343004237469,-0.976108731512791,-0.0671208903765674,-0.749039574616442,-0.513402958339952
1.00235967075341,-2.0351885874347,1.33151263312145,0.321038142338307,0.503123967532149,0.42862196589196,0.671096378082253,0.0461470991613398,0.514981302120212,0.352975908026841
-2.76755083473119,1.09351526639765,0.928606791707936,0.391881470180221,0.614148084222446,0.523205762785263,0.819186883402651,0.0563303566740718,0.628621970960466,0.430866926802708
-0.191528712190068,1.92050085638903,-1.82181614025605,-0.75990529985306,-1.19090699511925,-1.01455889677902,-1.58850188548467,-0.109231336096485,-1.21897360218958,-0.835502788785097
0.531005601523347,-1.36410569610083,1.00524272530933,0.515413412782659,0.807744647628913,0.688134776213559,1.07741738104427,0.0740872523605051,0.826781106169404,0.566688170013323
-1.73788571673169,1.99028194897202,-0.75001127622685,-0.321026681648265,-0.503106006588932,-0.428606664583958,-0.671072420718427,-0.0461454517633203,-0.514962917883877,-0.352963307195535
1.74333859147094,-1.24198429168143,-0.0162616734879686,0.0830303110428568,0.130123290687649,0.11085478780994,0.173566108394639,0.0119350553463329,0.133189961120687,0.091290396900002
0.212614541595772,1.45092842984045,-1.64413299381046,-0.789811614693832,-1.23777551880108,-1.05448718494525,-1.65101788257227,-0.113530170080682,-1.26694669612211,-0.868384266854248
1.80029379895172,-1.14084819839916,-0.167099571849988,-0.135889864663394,-0.212963629053168,-0.181428226915908,-0.284063430374545,-0.0195332648450053,-0.217982632654124,-0.149408565667128
1.79177931901545,-0.726560552817098,-0.578940589864092,-0.149121202788177,-0.233699493286039,-0.199093548915092,-0.311722147273568,-0.0214351817575389,-0.239207187738652,-0.163956194042339
-1.58989426665435,1.98678205284501,-0.855390489115599,-0.351150184736531,-0.550314902950425,-0.468824923446292,-0.734042426931526,-0.0504755051145394,-0.563284406202452,-0.386083580002014
2.04713310703558,-1.76365227590498,0.290269614527809,0.147487975535182,0.231139935192963,0.196913007155075,0.308308057950454,0.0212004161952665,0.236587307461252,0.162160488807936
2.05994019780163,-2.02786155538262,0.550001140855502,0.229029435537185,0.358929931035075,0.305780011658636,0.478761880266736,0.0329214591002168,0.367388983993393,0.251813919632087
-2.16672860866256,1.54578715547173,0.0260886581055243,0.136470426118208,0.213873472289909,0.182203341642998,0.28527703286658,0.0196167166953974,0.218913918549887,0.150046882987264
-1.53362531142556,1.61102750983767,-0.507076288415216,-0.0369838068484329,-0.0579602146352375,-0.0493775346508176,-0.0773107476977679,-0.00531617641931148,-0.0593261874412977,-0.0406630586307664
-1.29074575439018,1.89424208584272,-0.982377286261301,-0.415711221467446,-0.651493550171157,-0.555021156336486,-0.869000465249898,-0.0597557250357003,-0.666847573244707,-0.457067327905821
2.72858686414381,-0.871569408626389,-1.1213383010653,-0.315121959331008,-0.493852254689561,-0.420723197313574,-0.658729221459204,-0.0452966871763153,-0.505491078913432,-0.346471166709051
-0.929354256488352,1.73834303246025,-1.09122154517709,-0.490532394066035,-0.768751658316889,-0.654915822608738,-1.0254062355084,-0.0705107712932142,-0.786869152644386,-0.539331918478331
2.12084567675003,-1.10425212446253,-0.432593263388242,0.0154227011555078,0.0241701205311761,0.0205910376894465,0.032239530201366,0.00221691078317084,0.0247397479484064,0.0169569942840478
-3.18548162559484,1.64401654291706,0.666317416891828,0.0331724937928861,0.0519872080259698,0.0442890037909029,0.0693435997175141,0.00476832549970367,0.0532124124679023,0.0364725855712178
2.50856844369174,-1.52570313775244,-0.295905581367441,-0.146986462804411,-0.230353975390693,-0.196243431350103,-0.307259698479111,-0.0211283270735534,-0.235782824613073,-0.161609084198372
2.29755621348838,-2.01828891231432,0.370544978993224,0.330834376866406,0.518476412406,0.441701038899266,0.691574373197623,0.0475552427634776,0.530695564532804,0.363746699162792
0.641240009997309,1.07524859983743,-1.57467476334246,-0.692932600838166,-1.08594884342025,-0.925142823960467,-1.44850252150902,-0.0996044557512641,-1.11154185749412,-0.761867459737875
-2.25756634445919,-0.351794337180041,2.01837745778817,0.531461481737409,0.832894830921571,0.70956075013072,1.11096417667517,0.0763940556082713,0.852524014431447,0.584332745421471
-0.126331028469438,-1.02089930200852,1.15028105731969,0.86478025021546,1.35526472762028,1.15457873077676,1.80773190851912,0.124306413153261,1.38720482264222,0.950810990370778
-2.69313851556673,1.52797762448456,0.420479196261441,-0.0815934713584828,-0.127871506904437,-0.108936445504249,-0.170562546571595,-0.0117285191917476,-0.130885108600025,-0.0897106164147709
2.01909479902349,-1.18640231598888,-0.294597414495864,-0.548812296629531,-0.860086649204775,-0.732726036145402,-1.14723422529328,-0.0788881199257538,-0.88035667375632,-0.603409667549617
-1.69581289783283,2.05675181840958,-0.844405374135147,-0.223560718593706,-0.350359477238298,-0.298478660516532,-0.467330104257832,-0.0321353673877558,-0.358616546699907,-0.245801159544432
2.63265084407971,-2.49107185086845,0.603207897789049,0.34262798500983,0.536959097601661,0.45744682994632,0.71622766720165,0.0492504955471517,0.549613838960133,0.376713568186569
1.82067366627625,-0.281633970597509,-1.06501679999395,-0.639989879978118,-1.00297816717273,-0.854458347251808,-1.33783134718619,-0.091994291514688,-1.02661577635089,-0.703657850023355
1.40016359875106,0.511881140208121,-1.55602483133429,-0.572116953711348,-0.896609198979013,-0.763840369975306,-1.19595015308349,-0.0822380094854259,-0.91773996585378,-0.629032736617965
-0.0610018693901396,-2.0341530350312,2.11515715025816,0.601624820673795,0.942853283845143,0.803236685486609,1.25763323690399,0.086479569235422,0.965073904557854,0.661476128107657
-2.03108670586962,0.40474953229396,1.08183786928587,0.269254791551361,0.421970230750983,0.359485378403909,0.562848744623605,0.0387035866669476,0.431914981021495,0.296041005739021
-2.37420910025006,0.859300659148288,0.87667867900326,0.354703939907219,0.555884270465736,0.473569585611556,0.741471177316977,0.0509863338000732,0.568985029349246,0.389990872603268
-2.608536362883,2.53140598071349,-0.650938177391728,-0.0304858901909506,-0.0477768215169188,-0.0407020863329127,-0.0637275382318926,-0.00438214408860179,-0.048902798005495,-0.0335187111842235
-1.01426824552937,-0.112190762233993,0.873761868282342,0.630429198521667,0.987994875930001,0.841693764042837,1.31784575092436,0.0906200071009815,1.01127936756863,0.693146045432579
1.74639249166521,-1.9717304033957,0.717128681635814,0.0839417301196309,0.131551646765999,0.112071634610737,0.175471333851287,0.0120660657808161,0.134651979868726,0.0922924864768795
-1.58961996808994,2.3418398531027,-1.22092514656254,-0.572035839405968,-0.896482078410569,-0.763732073270183,-1.19578059218286,-0.0822263498431587,-0.917609849381323,-0.62894355283629
1.8788223534814,-1.93604781378297,0.587648401988405,0.174127001274648,0.272888034729083,0.232479097522817,0.363994131758332,0.0250295990873889,0.279319302054178,0.191449638785104
-2.94831790664958,2.0196661121368,0.11686893822987,0.0958976435868168,0.150288693321492,0.128034121488509,0.200463910017013,0.0137846488760087,0.153830610297255,0.105437807408631
-1.69093091013036,0.688758798853201,0.548665681089284,0.301944167815226,0.473200307533248,0.403129366049573,0.631182438098975,0.0434024672329249,0.484352418614574,0.331982411908166
0.57564095411782,-1.64776986601249,1.26046076743637,0.569633541942112,0.892717250273936,0.760524736428164,1.19075884269438,0.0818810355497476,0.913756293953281,0.626302268151303
-1.00540798590643,1.75349763258487,-1.05144783147979,-0.502336443230992,-0.787250706453541,-0.670675553591848,-1.05008135536677,-0.0722075249043367,-0.805804175645032,-0.552310267225451
1.76020206572372,-1.25840739804903,-0.0180720058466889,-0.0973090363295082,-0.152500597213275,-0.129918489269894,-0.203414277692246,-0.0139875272018617,-0.156094643060279,-0.106989609419773
-0.0384719828552722,-1.76824166995608,1.82835185095705,0.532095242886645,0.833888047557915,0.710406892423075,1.11228898751765,0.0764851545611415,0.853540638622858,0.585029554889326
-1.1222718288707,-0.455526455106639,1.3029923366486,0.761353681076295,1.19317686655018,1.01649264833496,1.59152957367747,0.10943953127057,1.22129696863718,0.837095258993517
-1.19455638839243,1.72677970039066,-0.885417100616304,-0.46667540643427,-0.731363508163658,-0.623064065479482,-0.975535718955386,-0.0670814878880861,-0.748599860198988,-0.513101571483508
0.0126045493518782,-1.56454693124736,1.59007906185431,0.659521327012858,1.03358742454069,0.880535022016276,1.3786597773168,0.0948018072089659,1.05794641498773,0.725132339633691
-0.637665601484676,1.95671110814581,-1.51781496388999,-0.307010152936361,-0.481139608810784,-0.409893024990485,-0.641772345707615,-0.0441306689227059,-0.492478828751394,-0.337552375293697
1.7939235988119,-2.29092738283826,1.01104586922555,0.286493546843958,0.448986431676378,0.382501052271275,0.598884544467341,0.0411815431618093,0.459567884140273,0.314994720267573
2.33423842532458,-0.719057584470454,-0.990516189527379,-0.402612830017783,-0.630966037064946,-0.53753333307572,-0.841619659353916,-0.0578729183240771,-0.645836279585653,-0.442665872110069
0.537795965371307,1.41834555818186,-1.85001549725765,-0.838910158462926,-1.31472168464055,-1.12003925361678,-1.75365321011484,-0.120587759410993,-1.34570628468143,-0.922367270068329
-1.76540918164986,0.206305040362497,1.09663167785162,0.520378450123187,0.815525745748646,0.694763658533035,1.08779626796406,0.0748009434777793,0.834745584707925,0.572147143052773
0.203096878913491,-1.12677192893397,1.00199836609282,0.424123940193668,0.66467777928624,0.566253080408391,0.886586366494751,0.0609649974369414,0.680342520643934,0.466316967246911
-3.11286384794343,1.2402891243687,1.03451289723772,0.454393068204644,0.712114895847214,0.606665764893178,0.949860786250357,0.065315983402895,0.728897607723616,0.499597352147705
2.45425243232603,-2.22074464657043,0.450509342636185,0.0375569022786379,0.0588583572812145,0.0501426813967743,0.0785087432527657,0.00539855507828936,0.0602454969935411,0.0412931671854361
2.39614917913126,-0.815645647382379,-0.930596653394534,-0.174030563182733,-0.272736899056941,-0.232350341842129,-0.363792538098083,-0.0250157367526578,-0.279164604503954,-0.191343606764067
-2.95419728412878,1.31205430346185,0.83912128097916,0.235263160601289,0.368699288856275,0.314102734536188,0.491792825069773,0.033817515645344,0.377388580387731,0.258667792972073
1.10337778084738,-2.30118173703327,1.52974584840907,0.43269525598366,0.678110558257056,0.577696749367564,0.904503798174883,0.0621970671119743,0.694091875578097,0.475740981327982
-3.0613412716688,1.21787215379229,1.0200442006673,0.46917082424184,0.735274272469887,0.626395728435827,0.980752126701407,0.067440187611976,0.752602791135842,0.515845240382529
-0.394804810688364,-1.03535205243155,1.35509451204794,0.701816783235064,1.09987194010667,0.937004204968236,1.46707396783423,0.100881497921552,1.12579308566814,0.771635465264509
-0.74593309115297,1.30217810022651,-0.79323211880639,-0.726494312600572,-1.13854602535035,-0.969951477441717,-1.51865974034271,-0.104428728747125,-1.16537861937824,-0.798767983762794
1.54991935755537,0.705258932161489,-1.86120999857996,-0.604213790477903,-0.946910660797852,-0.806693250862266,-1.26304520523226,-0.0868517164370152,-0.969226903423217,-0.664322655815558
2.54921415002709,-1.1503618956819,-0.709659857588112,-0.318590695769354,-0.499288382703736,-0.425354349925335,-0.665980249151244,-0.0457952949841572,-0.511055322447613,-0.350284982678435
1.6262680431322,-1.82730253118173,0.666756764784019,0.310759255065118,0.487015119813821,0.414898497278148,0.649609448306525,0.0446695774350763,0.498492810398516,0.341674448510743
-1.69359177442345,2.13955605210858,-0.940410137803554,-0.547920412291179,-0.858688907541983,-0.731535270413741,-1.14536983514706,-0.0787599174800799,-0.878925990926672,-0.602429056081174
-1.6991627001618,-0.17219921593024,1.43390265344662,0.64023502325483,1.00336235036385,0.854785641050682,1.33834379335198,0.0920295292313555,1.02700901374919,0.703927380833818
-2.21715518980434,1.81932084207844,-0.219713362054413,-0.0668093191478033,-0.104702106338327,-0.0891979423518422,-0.139657835594454,-0.00960339557524095,-0.107169665005862,-0.0734556956973676
0.281399183916089,1.17930336931028,-1.41370694098558,-0.588555825161012,-0.922371839409415,-0.785788109102126,-1.23031388011379,-0.0846009879943431,-0.944109765289055,-0.647106992638195
-2.42416370164304,1.13970451367003,0.616282733369719,-0.0661715353819121,-0.103702585544986,-0.0883464294145969,-0.138324615896097,-0.00951171839796319,-0.106146588084729,-0.0727544634317853
-1.56446597788671,2.39899175931192,-1.289314948469,-0.347509276559113,-0.544608951145757,-0.463963902231585,-0.726431492377151,-0.0499521487635562,-0.557443979826788,-0.382080464170961
1.60400696180952,-0.392127087729937,-0.782908627620217,-0.260628013980398,-0.408450533287913,-0.347967661739943,-0.544815375939664,-0.0374635447295303,-0.418076659150339,-0.286556012385031
-2.64891678962027,2.02411505685343,-0.111285986919134,-0.0642870781221054,-0.100749305270271,-0.0858304673876097,-0.134385356739861,-0.00924084019202726,-0.103123706609099,-0.07068253513201
2.53875544063053,-1.96710837717079,0.125836141187521,-0.182283805865324,-0.285671200798244,-0.243369347489962,-0.38104507149296,-0.0262020855325943,-0.292403734385648,-0.200417904941956
1.47174278668692,-1.72750682162038,0.674652414623038,0.186982158973801,0.293034357211954,0.249642176416589,0.390866483151665,0.0268774425640445,0.299940421409817,0.205583663261564
-2.12382166651093,-0.151664604775151,1.72204370522409,0.617733503056699,0.968098459179049,0.824743585135977,1.29130673851381,0.0887950852606145,0.990914043578615,0.679187346936071
-1.79168342035143,1.96528334720379,-0.685633766324759,-0.322284594319116,-0.505077379863018,-0.430286119236834,-0.673701954490345,-0.0463262683489612,-0.516980751342763,-0.354346360511189
-0.801531897328094,1.38230952807295,-0.832098272827342,-0.68572822613892,-1.07465830468279,-0.915524174836341,-1.43344253601385,-0.0985688747725677,-1.09998522987176,-0.753946373842254
3.31284859245445,-1.74855563634105,-0.662397287663566,-0.288616831503374,-0.452313997037504,-0.385335875692062,-0.603323047114387,-0.041486751219058,-0.462973871636691,-0.31732923517972
-1.57522641806939,0.283736502124171,0.882588009825177,0.599403324493975,0.939371803533465,0.800270738658981,1.25298943343147,0.086160243924884,0.961510374732374,0.659033631320393
-0.322020135941047,1.67454038343572,-1.47186580865918,-0.555318658543038,-0.870283277543952,-0.741412759828325,-1.16083508867619,-0.0798233662058851,-0.890793610333009,-0.6105633004097
-0.75938710151687,2.25716094489812,-1.737004165982,-0.45780197215748,-0.717457255696404,-0.611217034418845,-0.956986740441705,-0.065805990688625,-0.734365873218948,-0.503345383329808
2.51845311537006,-1.29322925338531,-0.540294107462213,-0.231586185599323,-0.362936813911612,-0.309193560061158,-0.484106496622489,-0.0332889749280523,-0.371490298767411,-0.254625022288635
-0.823256379969809,1.734488011432,-1.16912892523894,-0.622510775141131,-0.975585295688858,-0.831121779756453,-1.30129312196852,-0.0894817863703183,-0.998577325519832,-0.684439875310461
1.79508656379553,0.769529377546269,-2.10659436213149,-0.659484821240949,-1.03353021349197,-0.880486282711942,-1.37858346585073,-0.0947965597468918,-1.05788785562211,-0.725092202166242
0.284029346274354,1.3512450881328,-1.58505733249048,-0.473147511942035,-0.741506450611667,-0.631705053014462,-0.989064972934964,-0.0680118100375792,-0.758981845646486,-0.5202175400155
1.23448550699211,-1.37728481068849,0.507475510950708,0.569478437255519,0.892474173595468,0.76031765425655,1.19043461270527,0.0818587402819627,0.913507488584284,0.626131733219875
0.258788737709103,-1.13867103731787,0.976818508660513,0.525958262065561,0.824270305202184,0.702213333972309,1.09946027635146,0.0756030043579318,0.843696230879562,0.578282050178242
-3.0786092413643,1.98810681083187,0.248505979474695,0.239571594192253,0.375451371915149,0.319854977127126,0.500799151100209,0.0344368243377758,0.384299792633768,0.263404841498044
1.2236849999962,-2.30879959746149,1.44337585780767,0.244384662919636,0.382994308142252,0.326280964285157,0.510860363661686,0.0351286709769792,0.392020496417961,0.268696727664808
-2.22621415652524,0.808551341163489,0.824583910791401,0.492706614276298,0.77215904876124,0.657818650708904,1.02995121355254,0.0708233009973508,0.790356846495409,0.541722436151334
-2.37879734922966,1.60335429861577,0.119769258919035,0.0503140847799864,0.0788511351731527,0.0671749524009105,0.1051762878281,0.00723231527145876,0.0807094531081591,0.055319469619408
1.51721351157521,0.85149282492182,-1.98675119663742,-0.663069951869979,-1.03914875194058,-0.8852728346369,-1.38607780332281,-0.0953118984460233,-1.06363880853432,-0.729033991543541
2.16591687984453,-1.97468779359598,0.411090079017235,-0.010098831588778,-0.0158266683808265,-0.0134830740586344,-0.0211105423571436,-0.0014516399183805,-0.0161996621448212,-0.0111034913923176
-1.29427314985519,1.98839106642728,-1.0765957545245,-0.47178887330975,-0.739377221809946,-0.629891117893653,-0.986224882163793,-0.0678165147644637,-0.756802436412216,-0.518723740240128
-1.46609918345221,-0.742876322640642,1.84112558579641,0.696490738241243,1.09152507867448,0.929893336898001,1.4559404324891,0.100115914353577,1.11724951023473,0.76577957052816
2.47342109746874,-1.04172459858454,-0.764019948076551,-0.321866939316162,-0.504422840060939,-0.429728502913966,-0.672828890754899,-0.0462662332182562,-0.516310785725307,-0.353887156029017
0.114211543232133,1.34969811706978,-1.46284066894967,-0.566674249618316,-0.888079511953526,-0.756573748909249,-1.18457275419499,-0.0814556569473206,-0.909009256099265,-0.62304857721134
2.64669694958252,-0.88790974917082,-1.03829270853384,-0.110954016484833,-0.173884712205474,-0.148136069823201,-0.231937669631118,-0.0159489024069884,-0.17798272650299,-0.121992030083105
-0.64494175922181,-0.967729703711713,1.46707402783801,0.635890429005716,0.996553597111009,0.848985119921029,1.32926187727939,0.0914050226846587,1.02003979573884,0.699150574287034
0.942420047009876,0.675593113226537,-1.38673312045394,-0.554408685659227,-0.868857187907639,-0.74019784385751,-1.15893288633341,-0.079692563652028,-0.889333911441201,-0.609562800897077
1.1774867342953,-1.8966515737688,1.06873840386047,0.456139929430451,0.714852538621543,0.608998020765619,0.953512415409164,0.0655670830934841,0.731699769679006,0.501517995978015
2.97405703230144,-1.07070990883784,-1.09061985695684,-0.0494152504385342,-0.0774425016172401,-0.0659749076347704,-0.103297369433385,-0.00710311380903284,-0.0792676216915556,-0.0543312167422608
-1.7020983917205,0.345426906514042,0.914545705405904,0.648296518921534,1.01599615036821,0.865548642903125,1.35519549983286,0.0931883156522165,1.03994055984286,0.712790856470338
-0.00338190264353026,-1.18520100196069,1.21900340216544,0.649158889662199,1.01734763896507,0.866700004668115,1.35699819491578,0.093312275714387,1.04132389954108,0.71373901824646
2.9182464639279,-0.643916179996417,-1.49710186423688,-0.553291137893394,-0.86710579144815,-0.738705792112879,-1.15659677059176,-0.0795319235885397,-0.887541239083213,-0.608334076376884
2.61794326918506,-0.81094205030223,-1.0998769883073,-0.258405183491056,-0.404966961875482,-0.344999933459287,-0.540168783233814,-0.0371440276208671,-0.414510988942255,-0.28411204854743
-2.02859019222591,2.32050423465551,-0.871933845504078,-0.350601920683688,-0.549455675496913,-0.468092929377159,-0.732896338752048,-0.0503966958010141,-0.562404928973415,-0.385480773119065
1.93864891023879,-0.368259181242048,-1.05291645577314,-0.319398956478161,-0.500555071240036,-0.426433468722369,-0.667669832919314,-0.0459114770888935,-0.512351863566503,-0.351173651406504
1.60929212314838,-1.78958540428167,0.6426522753787,0.356454646708176,0.55862793994148,0.4759069757586,0.745130845245058,0.0512379862665302,0.571793360039864,0.39191574457722
2.38785438299214,-0.989785332104149,-0.750693968541175,-0.223876911332498,-0.350855007595181,-0.298900813324652,-0.467991071830824,-0.0321808179923626,-0.359123755429555,-0.246148808014716
0.54910165589274,-1.75596879348175,1.38509460343508,0.45735668990486,0.716759419071828,0.610622532615713,0.956055924854559,0.0657419843244069,0.733651590384532,0.502855803162475
2.52847399104877,-0.926332811574962,-0.923847844134176,-0.422169236378527,-0.661614410143681,-0.563643331342814,-0.882500264323184,-0.0606840217555743,-0.677206955789712,-0.464167804069453
2.09665280105407,0.115247013353256,-1.66067492153745,-0.473585270757337,-0.742192496669537,-0.632289510184051,-0.989980061569863,-0.068074734957688,-0.75968406004094,-0.520698848293086
-1.32001211984794,0.121021485626808,0.862784339937447,0.666037028553181,1.0437986897391,0.889234215149643,1.39228016420456,0.0957383959983756,1.06839833337668,0.732296241252595
-2.01426016191375,2.0169945785447,-0.573506471535467,-0.263378762577004,-0.41276144643215,-0.351640219967959,-0.550565525771554,-0.0378589465572724,-0.422489169401512,-0.289580413088849
2.56011581922608,-2.52402753044579,0.676254718480206,-0.0451764828887181,-0.0707995976570537,-0.0603156770308046,-0.0944366729146001,-0.00649381914697642,-0.0724681616140396,-0.0496707648286238
2.25919775222743,-1.43034663549462,-0.198044613735036,0.214757812395,0.336563754835198,0.286725792358967,0.448928557253103,0.0308700081307502,0.344495694692627,0.236122515797831
1.84446411422159,-0.673938497718955,-0.672617491751825,-0.215186908201219,-0.33723622441437,-0.287298683438755,-0.449825536781163,-0.0309316878008825,-0.345184012645788,-0.236594299246138
0.174879222162566,-1.99087841393438,1.89675884514929,0.518196442938907,0.812106151728626,0.691850433948242,1.083235012072,0.0744872944478843,0.831245399674423,0.569748063735959
2.35382343317254,-1.93597397898794,0.238489912079951,0.0914005613184834,0.143240964174161,0.122030011731981,0.191063233822481,0.0131382231900701,0.146616784346794,0.100493342911127
-1.48343921962873,1.8745021528877,-0.815369817373864,-0.218857317008119,-0.342988408961483,-0.292199091306125,-0.457498139290169,-0.031459284671276,-0.351071761350422,-0.240629850511196
1.38917066268251,0.498815233392796,-1.54019725075042,-0.731266891769189,-1.14602550722496,-0.976323406492665,-1.52863631375184,-0.105114755281372,-1.17303437335446,-0.804015352357076
2.14781494444467,-2.28038267150572,0.733920657473025,0.0342266533220406,0.0536392638248758,0.0456964251223963,0.0715472090356586,0.00491985392548337,0.0549034029620922,0.0376316158169646
-1.36130487666235,1.68950218722224,-0.720971593081841,-0.309175122621024,-0.484532502033379,-0.412783502600334,-0.646297986503605,-0.0444418689252717,-0.495951683718526,-0.339932722173131
-3.09434684399945,1.79534240443441,0.447019882905906,0.0236998013597733,0.0371418112595718,0.0316418958074156,0.0495419352291551,0.00340668892327755,0.0380171479792109,0.0260575233961024
-0.71265911454791,-0.873152081997176,1.41495833277851,0.453176382875066,0.710208133162267,0.60504135336987,0.947317433887306,0.0651410929735422,0.726945907558853,0.498259627583693
-1.67206752203916,-0.54519177707413,1.79345444129815,0.739099751718657,1.15830099432502,0.986781153991588,1.54501008137904,0.106240676837522,1.1855991620326,0.812627446960455
-2.99696576551102,1.69809931735175,0.474007292284612,0.0225632080779634,0.0353605670832585,0.0301244161605406,0.0471660068450086,0.00324331119345465,0.0361939244706761,0.0248078586591277
-2.45475171542167,1.94335081485654,-0.170951091234549,-0.0500193155200801,-0.0783891792246464,-0.0667814023425116,-0.104560103778279,-0.00718994414954927,-0.0802366100491199,-0.0549953758951671
0.914486189485161,0.588480933868909,-1.27447568495016,-0.433115734235396,-0.678769522592987,-0.578258135044547,-0.905382763614151,-0.0622575080659268,-0.694766370004258,-0.476203289923563
-1.71024875096237,0.710051416743504,0.549637258531687,0.550026959304266,0.861990242029212,0.734347747197392,1.1497733495097,0.0790627196119166,0.882305129355133,0.604745168239467
-0.65888886997945,1.07574326399714,-0.62222789945522,-0.541809876387243,-0.849112609083041,-0.723377018896578,-1.13259640429113,-0.0778815685579424,-0.869124003805948,-0.595710627101014
1.01467179501029,-1.74104862443044,1.03371319977961,0.548910777128223,0.860240985692227,0.732857518668457,1.14744008838949,0.0789022758428841,0.880514647556817,0.603517945161728
-0.286077135317974,-1.2181607391981,1.45932298414188,0.678783929938066,1.06377535528978,0.906252759708946,1.41892621719023,0.0975706783493875,1.08884579742371,0.746311239776095
2.00565472762504,0.0849982635718628,-1.56771766947578,-0.5887208444165,-0.922630453983795,-0.786008428336415,-1.23065883546354,-0.084624708415509,-0.944374474742105,-0.647288428467358
2.16280084750185,-0.886596969522795,-0.693313524835086,-0.303509543322599,-0.475653529851975,-0.405219318110852,-0.634454690503891,-0.043627479557745,-0.486863457057615,-0.333703515316918
1.56741385207538,-1.6473580729029,0.537518155313611,0.585202788976314,0.917117034306704,0.781311429319705,1.22330471159961,0.0841190113289544,0.938731117979814,0.643420387104908
-0.334210035522241,1.80791755025123,-1.59331850616208,-0.433376012312919,-0.6791774247135,-0.578605635501826,-0.905926847484834,-0.0622949213096165,-0.695183885325958,-0.47648946118684
2.7468412394788,-0.541221138208758,-1.47521032761737,-0.540056016798667,-0.846363998627376,-0.721035419424072,-1.12893014579305,-0.0776294628992204,-0.866310615689252,-0.593782288691378
-2.6081202903058,0.944156367098504,0.957473925116965,0.229850000641075,0.36021590275071,0.306875558204631,0.480477185075036,0.0330394098799644,0.368705262746432,0.252716116830621
-2.04548547240051,1.91343144251866,-0.443406639266851,-0.175947439555928,-0.27574098585836,-0.234909587025479,-0.367799565991757,-0.0252912749906677,-0.282239489885116,-0.193451179320635
-2.10274179690655,0.315097470921694,1.23291285315913,0.520736368917372,0.816086668268547,0.695241520310068,1.08854445945519,0.0748523919255141,0.835319726725257,0.572540668602283
-0.550206504833711,-1.09341626208848,1.52811354964528,0.737305368726178,1.15548887647549,0.98438545122494,1.54125911297891,0.10598274620883,1.18272076981653,0.810654553766191
1.63698160307335,-2.06654385620177,0.903778337836096,0.419973766648994,0.658173717916664,0.560712132748545,0.877910866400098,0.0603684375742787,0.673685175318877,0.461753922916009
1.66335069161935,-0.517179231049775,-0.701511891533492,-0.301970112680101,-0.473240967759032,-0.403164005357246,-0.631236673102704,-0.0434061966348065,-0.484394037097035,-0.332010937840228
0.355083168210276,-1.16812926998229,0.936774531272396,0.539785648920863,0.84594028399215,0.720674447950543,1.128364970259,0.0775905993138028,0.865876915192641,0.593485023866475
-1.35215636182718,2.30239479022237,-1.34469365605034,-0.287039864121698,-0.449842608186452,-0.383230447177063,-0.600026563118783,-0.0412600726393529,-0.460444238523001,-0.315595386704827
2.29644180243801,-1.21664179877042,-0.46174091171839,-0.412909718426008,-0.647103095769087,-0.551280835225955,-0.863144218603934,-0.0593530275938561,-0.662353647153354,-0.453987123564091
2.00225966868697,-1.95499803340728,0.517560245413334,0.197948958446898,0.310221285910974,0.264284085055433,0.413791420830237,0.0284538470967939,0.317532401701041,0.217641470393047
-1.90968380634898,0.04936252361608,1.35899170428648,0.490022941363831,0.76795325516474,0.654235646050411,1.02434127836417,0.0704375408533811,0.786051933188658,0.538771784006934
-1.18906823571451,-0.23148708618937,1.11816566135408,0.532838259387207,0.835052486795515,0.711398902876543,1.11384218514941,0.0765919582445924,0.854732520690732,0.585846488734179
0.0503883684900818,1.48001676335266,-1.55029785419781,-0.644681914891058,-1.01033142184834,-0.86072274067799,-1.34763955132348,-0.092668740347524,-1.03414232827852,-0.708816661595792
-0.509888498275721,1.63004194470791,-1.29042146974201,-0.566475556188931,-0.887768123949015,-0.756308470871902,-1.18415740653618,-0.0814270960874747,-0.908690529482414,-0.622830117207973
0.715698179872325,1.13516607633515,-1.69370541471268,-0.822158028046476,-1.2884681115967,-1.09767327859687,-1.71863464825251,-0.118179752007695,-1.3188339826169,-0.903948591209605
-1.89021502035167,1.95060311798922,-0.587078617332508,0.0319147855444038,0.0500161551181581,0.0426098220648419,0.0667144932689998,0.00458753829841968,0.0511949069254978,0.0350897570144381
1.10480681860272,0.439388166536321,-1.26699575822469,-0.553513804102083,-0.867454749068995,-0.739003076502238,-1.15706223081741,-0.0795639303760741,-0.887898420735379,-0.608578894038195
-2.34888557481194,0.359582084031581,1.358021479378,0.238465196167704,0.37371744908677,0.318377811538991,0.498486342716805,0.0342777869754895,0.382525005715318,0.262188375926353
-0.818840208703835,-0.797916786836878,1.41882274071135,0.521221126889803,0.816846370379349,0.695888726631448,1.08955779487128,0.0749220726620774,0.836097333055887,0.573073651643631
1.49601207656996,0.999858496736874,-2.11985913288148,-0.633713944860824,-0.993142658677734,-0.84607926921394,-1.32471216671867,-0.0910921675549665,-1.01654847028194,-0.6967575674569
-2.06750526772671,2.39929797474223,-0.91589934546878,-0.14004351613477,-0.219473140953539,-0.186973817998401,-0.292746200708168,-0.0201303246365152,-0.224645556964933,-0.153975433918537
1.78697670184046,-0.223114035871843,-1.10141035926462,-0.69857423534059,-1.09479028984014,-0.932675039458788,-1.46029576343804,-0.100415403213516,-1.12059167400808,-0.768070339703303
-2.08787304537213,0.627696180077343,0.905337958717699,0.472180990932157,0.739991739986783,0.630414638946176,0.98704456269852,0.0678728790664508,0.757431437197919,0.519154866812237
-0.803391296029697,-1.10880115215422,1.72871720777569,0.752497052299323,1.17929695129533,1.00466805450349,1.57301572528876,0.108166449750009,1.20708993956973,0.827357548197415
-1.02087225182689,-0.227810531997163,1.00124987556597,0.812484065775613,1.27330728913485,1.08475745278159,1.69841225039538,0.116789184229845,1.30331585866245,0.893312236314502
1.78647297487263,-1.84231347086265,0.567299459950144,0.376381387040621,0.589856692335261,0.502511411458675,0.786785594324677,0.0541023227450118,0.603758093602892,0.413824852359957
-0.81545803924408,1.20530218426789,-0.641609751944244,-0.628934723220791,-0.98565276686695,-0.839698471717841,-1.31472170792359,-0.0904051862096028,-1.00888206103419,-0.691502895579704
-1.56721101793112,-0.971851947867483,2.14228511206778,0.596553225491189,0.934905190601752,0.79646553648374,1.24703160205351,0.0857505611365921,0.956938495251214,0.655899996556164
-1.63929121238194,2.22441434196416,-1.05891518656479,-0.351254412236265,-0.550478246012437,-0.468964078861006,-0.734260303527305,-0.0504904871248717,-0.563451598839248,-0.386198176342785
1.40468808984696,0.348947950977257,-1.38973195074674,-0.413054251172766,-0.647329604334262,-0.551473802670883,-0.863446349067801,-0.0593738032155568,-0.662585493941348,-0.454146034829759
-1.41443958771542,1.29882787678989,-0.290620258480014,-0.374153696610399,-0.586365504529589,-0.499537194611275,-0.782128842424975,-0.053782107052149,-0.600184627502819,-0.411375545101066
1.78225246619536,0.0245315656450443,-1.34255888411322,-0.549006471343017,-0.860390955576385,-0.732985281189666,-1.14764012705307,-0.0789160312502231,-0.880668151844441,-0.603623159302682
2.61839423670218,-0.885802815022282,-1.01833418313167,-0.0679308639622318,-0.106459766885109,-0.0906953306051349,-0.142002306744635,-0.00976461018789835,-0.108968749079529,-0.0746888149036472
0.546398457574093,-1.52975800562629,1.16283564743106,0.569988104136199,0.893272912403447,0.76099811676719,1.19150001756701,0.0819320015085281,0.914325051606385,0.626692103176818
1.2552706984744,0.071640782848041,-1.01411319928134,-0.794504628565149,-1.24513030767888,-1.06075288539078,-1.66082813311879,-0.114204759632278,-1.27447481840912,-0.873544154774559
1.74134445700541,-2.09756099921614,0.863832988405484,0.564795716429015,0.885135515752769,0.754065696181535,1.18064587868336,0.0811856302871451,0.905995877499276,0.62098316232505
-1.97209621873233,2.05102895262427,-0.634007375395454,-0.12834631832202,-0.20114154792321,-0.17135674556766,-0.268294442332443,-0.0184489301970783,-0.205881935555675,-0.14111456639279
2.3908509116986,-1.7173250135487,-0.0142772014016906,-0.068230405427539,-0.10692920172973,-0.0910952520935629,-0.142628466586543,-0.00980766728261544,-0.109449247292979,-0.0750181555855312
-2.93242347613249,1.00213641305049,1.14076041716438,0.387222079459483,0.606845988812144,0.516984953020929,0.809446918506323,0.0556606002268931,0.621147783990108,0.425744006957342
2.95216633173209,-2.17654532452166,0.0488426143843162,0.212539147035103,0.333086710922698,0.283763624993777,0.444290671311081,0.0305510897317609,0.340936705820815,0.233683131448315
-0.22266965015549,2.04002500647174,-1.91034387624545,-0.48512401040064,-0.760275757516285,-0.647695023167042,-1.01410057985424,-0.0697333520884689,-0.778193496717385,-0.533385493790767
-1.77006372498592,1.51230415295136,-0.237488431611968,-0.105336760738469,-0.165081471639825,-0.140636402701444,-0.220195388920516,-0.015141459228885,-0.16897201625674,-0.115815954140072
-1.76538903649669,1.19715562103368,0.07422068476402,-0.181191260371301,-0.283958987353266,-0.241910676585428,-0.378761220363656,-0.0260450393794994,-0.290651168484789,-0.199216669988986
1.34417933423962,0.425754861260793,-1.42419687899086,-0.447432337207674,-0.701206190200554,-0.597372407467685,-0.93531011221877,-0.0643154245870081,-0.717731812013428,-0.491944148306285
-1.84765257113997,1.84051450280662,-0.517479937844521,-0.27528189893712,-0.43141578185771,-0.367532243482026,-0.575447776961117,-0.0395699432941098,-0.441583139412051,-0.302667706500395
-0.644659729605833,-1.23425757942517,1.73795967194418,0.708091225199539,1.10970510856517,0.945381289479441,1.48019002702326,0.101783407250481,1.13585799655197,0.778534106135158
-2.50172216761553,1.05503506453665,0.766935993928835,0.194130427954706,0.304236968292571,0.259185918107229,0.405809185559865,0.0279049587186393,0.311407049147191,0.213443061886217
2.05153077602409,-2.27683111460677,0.796538001274338,-0.0845608264054264,-0.132521880948533,-0.112898197663841,-0.17676548934339,-0.0121550567570376,-0.135645079969152,-0.0929731721799646
-1.2813132045859,2.15234773761644,-1.25274527205986,-0.514338261243083,-0.806059693609587,-0.686699328191189,-1.07516989014227,-0.073932706472752,-0.825056442128569,-0.565506059413679
-1.93276884946775,2.41710347436815,-1.02796456719176,-0.0178785869606672,-0.0280189311463197,-0.0238699209839564,-0.0373733004656147,-0.00256992804446619,-0.0286792651054261,-0.0196571984273076
-1.62960316927628,1.59487700368319,-0.430158654208308,-0.314292715574224,-0.492552681978587,-0.419616063791533,-0.656995774842326,-0.0451774888978973,-0.504160878624665,-0.345559427481137
-1.90945837682947,0.318090066023036,1.08985625090033,0.546674851485717,0.856736891841661,0.729872306888015,1.14276612164704,0.0785808763929913,0.876927971249649,0.60105958342877
0.0705821445840548,1.29465781977461,-1.37760068064976,-0.627537759067817,-0.983463475145957,-0.837833367723758,-1.31180150169345,-0.0902043818976211,-1.00664117335251,-0.689966957554442
0.306571904115538,1.06867282309148,-1.3190506157832,-0.544215261214925,-0.852882275668857,-0.726588477715952,-1.13762460758808,-0.0782273266393833,-0.872982511712945,-0.598355306289353
2.51759825182951,-1.53849960556685,-0.290616766150635,-0.177492257870443,-0.27816199139326,-0.23697209292615,-0.371028845753081,-0.0255133323556491,-0.284717552277807,-0.195149680449911
-2.4720250870075,1.61590076485559,0.166573693925571,-0.202682362818498,-0.317639373898986,-0.270603711353852,-0.423686103457798,-0.0291342425143476,-0.325125314895073,-0.222845766972744
-1.42094112942791,-0.233737800188936,1.28789976281111,0.485857512547945,0.761425286067183,0.648674330890647,1.01563388873395,0.0698387881468767,0.779370116692119,0.534191966768086
2.34780901020676,-0.46348193357576,-1.27016195371005,-0.762995742527734,-1.19575026940618,-1.0186849847418,-1.59496212996073,-0.109675566690152,-1.22393101996287,-0.838900677276952
1.19580479276672,1.29135981029574,-2.1947021407296,-0.629996477590463,-0.987316725134099,-0.841116033014167,-1.31694119345485,-0.0905578063432273,-1.0105852345071,-0.692670276221788
1.53790330792414,0.34982383018351,-1.4945397744081,-0.615194988423144,-0.964120154468057,-0.821354383078069,-1.2860002413983,-0.0884301906544349,-0.986841980483813,-0.676396293819167
1.64777308342392,-2.2058261012534,1.03161274437991,0.280499617402852,0.439592876320145,0.374498483474458,0.586354867123993,0.0403199556436716,0.449952946905977,0.308404498084896
1.13552063575761,0.301171045940811,-1.14930382442157,-0.530918940336649,-0.832044571883463,-0.708836396444651,-1.10983005109632,-0.0763160688879469,-0.85165371698024,-0.583736230495922
-2.36406064256651,0.938626991563824,0.795856394373455,0.54891798171262,0.860252276559597,0.73286713759755,1.14745514881334,0.0789033114540053,0.880526204520817,0.603525866478182
0.348103465156867,0.639231854513448,-0.922646584628711,-0.728254265319647,-1.14130418482711,-0.972301211927571,-1.52233873588749,-0.104681710252858,-1.16820178156183,-0.800703021464467
-1.03319572747924,1.80835287439979,-1.08078504541104,-0.333053486901252,-0.521954153203371,-0.444663799955439,-0.696213188685727,-0.0478742250815352,-0.534255266713266,-0.366186572424754
1.99054776453569,-1.66960363037337,0.232973704000806,0.0361414419537033,0.0566400787633462,0.0482528829363901,0.0755498727258433,0.00519509206452427,0.0579749393709327,0.0397368929376763
-0.942813141956701,-0.743937817314243,1.45619580247713,0.56285870874466,0.882099879600021,0.751479573437462,1.17659676840686,0.08090719830696,0.902888699229926,0.618853455738598
2.94644983768026,-0.996263206700797,-1.14773251202334,-0.114687457253813,-0.1797356790674,-0.153120632437119,-0.23974203380915,-0.0164855597029852,-0.183971585566882,-0.126096883904825
-1.40114763127901,-0.34777832469023,1.39230554313766,0.601212180091294,0.942206602533319,0.80268576397806,1.25677065528565,0.0864202548943284,0.964411982635005,0.661022436894406
1.64438919289505,-0.629765727303633,-0.575051381207402,-0.327246932170251,-0.512854247401913,-0.436911397434875,-0.684075198412271,-0.0470395714325776,-0.524940899596564,-0.359802365508547
-2.63848055836524,1.76711623166357,0.144571568563753,0.0667380505853415,0.104590415803224,0.0891027908189864,0.139508856181008,0.00959315119307796,0.107055342212846,0.0733773371404513
2.76531551473434,-0.680447091883654,-1.34746347345323,-0.51405133319485,-0.80561002623682,-0.686316247030778,-1.07457009731847,-0.0738914624729034,-0.824596177255312,-0.565190586966617
-1.8494570206,1.87528310934289,-0.555202316049615,-0.393845072254266,-0.617225398522087,-0.525827392025566,-0.823291586445998,-0.0566126114210136,-0.631771809623163,-0.43302587346257
-2.84747831490881,0.738125047245654,1.3373668703528,0.161788792714786,0.253551863650896,0.216006203772578,0.338202408020343,0.023256063613572,0.259527427282822,0.177883990983502
-1.64496482787438,-0.00321650291970127,1.22185492739625,0.574886816850961,0.90095006801773,0.767538448264401,1.20174025985161,0.0826361589016793,0.922183137982622,0.632078153432596
-0.690427919618501,1.59876472359072,-1.12606695168128,-0.530684244419417,-0.83167676156603,-0.708523051043703,-1.10933944403369,-0.0762823329097657,-0.85127723832204,-0.583478186377265
-1.54056039966755,0.506666156722966,0.634403340856457,0.652944366845559,1.02328015615952,0.871754041737832,1.36491133573002,0.0938564128990876,1.04739623086855,0.717901085209528
-2.19056054796012,1.98412347593169,-0.400350451075522,0.0779609516964387,0.122178701397918,0.10408662389942,0.162969147323908,0.0112063686340945,0.12505813834686,0.0857167236118895
-2.29534539499492,0.932755833254844,0.748531725341577,0.455459412934989,0.713786048027391,0.608089454836404,0.952089867446472,0.0654692633703562,0.730608144651541,0.500769779812287
-0.0315028583122694,1.4038717867218,-1.41275877383698,-0.612539714854371,-0.959958867702957,-0.817809294732059,-1.28044967204277,-0.0880485127273631,-0.982582622919717,-0.673476866264015
0.630643558994719,1.09367198487949,-1.58528538655033,-0.685955501389724,-1.07501448549381,-0.915827612814423,-1.43391763095593,-0.0986015440792718,-1.10034980494606,-0.754196259065986
0.890242232555421,-1.73469411465255,1.11573728634997,0.481003986861756,0.753818946577525,0.64219432915014,1.00548810516691,0.0691411260887446,0.771584515393961,0.528855598871935
-2.04549218253554,2.06978517598383,-0.605408539875401,-0.306712357902046,-0.480672910934684,-0.409495435183518,-0.641149836595506,-0.044087862865836,-0.492001132009755,-0.337224954782607
-1.12131643652661,-1.30768896040414,2.15867724689196,0.684092749491374,1.07209522138768,0.913340629882039,1.43002374456866,0.0983337858747793,1.0973617413124,0.752148195437285
-1.23823279726227,0.189057651995656,0.727575504271548,0.457878420194904,0.717577063391586,0.611319101132323,0.957146547001304,0.0658169795858882,0.734488504472576,0.503429436630236
1.87464694575873,-1.33455046840999,-0.0211399386894225,0.0101012313604347,0.0158304292505733,0.0134862780232404,0.0211155588266987,0.00145198486960592,0.0162035116485705,0.0111061298999212
2.71689438705061,-2.05448776078995,0.0942862851862818,0.122024996088871,0.191234909731167,0.162917070634102,0.255080384886002,0.0175402821411209,0.195741823446137,0.134164381474187
-2.95163437977445,1.9593348287591,0.186636511600256,0.290051941472136,0.454563070048174,0.387251908633201,0.60632299314937,0.0416930387385207,0.465275949498891,0.318907113872428
-0.173572135282734,1.19876982395635,-1.09941787022466,-0.522764399371276,-0.819264953318456,-0.697949168671444,-1.09278384323166,-0.0751439078238335,-0.838572915758449,-0.574770453156103
-1.08815413090424,-0.902937569445208,1.72351787749235,0.595212633862164,0.932804244669526,0.794675696138585,1.24422923663932,0.0855578600002447,0.954788035440744,0.654426039150039
-0.78136019333192,-0.683071594698475,1.27842002825612,0.601025104107421,0.941913421135773,0.802435996534869,1.25637959267144,0.0863933639650587,0.9641118917079,0.660816750072284
-0.270490540161038,-1.56286164180569,1.78604199254216,0.400217634289266,0.627212338612885,0.534335477847754,0.836612755294172,0.0575286248579186,0.641994116140149,0.440032395660767
2.3638810660033,-1.45978742514018,-0.250998914867594,0.0272645893226034,0.0427284691258509,0.0364012879889406,0.0569937485029981,0.00391910349935156,0.043735468965962,0.0299769463622906
1.12933330972133,-1.6007891223698,0.802649595280035,0.368062104998928,0.576818895152193,0.491404235851601,0.769395012614477,0.052906481246139,0.590413029158738,0.40467794504418
-1.04503455670054,-0.604853223198121,1.3950184722344,0.696417811518758,1.09141078950719,0.929795971535339,1.45578798686701,0.100105431621932,1.11713252756647,0.765699388852859
-1.85908353048659,-0.695726403066191,2.07745595746569,0.617842406556877,0.968269130366865,0.8248889835363,1.29153438979536,0.0888107394149312,0.991088737046245,0.679307084458792
-0.40709530177295,1.39206705668277,-1.12846654535232,-0.655094833441026,-1.02665032045737,-0.874625156095212,-1.36940665934763,-0.0941655281789773,-1.05084582124879,-0.72026548619219
-0.564835848667529,-0.811191746831498,1.25021055952245,0.615939371297056,0.965286735056138,0.822348217793374,1.28755629528944,0.0885371907449731,0.988036054368278,0.677214729967984
1.58774210307468,-1.45518306562914,0.321385725838934,0.359452375267612,0.563325914691216,0.47990927996768,0.751397280641358,0.0516688898223615,0.576602053940523,0.395211695496254
2.3374070066039,-1.56341708504194,-0.131528796004387,-0.100172449522245,-0.156988075852792,-0.133741467383623,-0.20939994098011,-0.0143991238164654,-0.160687880000174,-0.110137882906533
2.58745753209517,-1.67747960615721,-0.1973512865922,-0.0555700711175038,-0.0870882022087569,-0.0741922842988566,-0.116163372940998,-0.00798782837323987,-0.0891406465741629,-0.0610983360698213
-1.84123288537953,0.457448295456496,0.9057981541263,0.729527221021614,1.14329913321113,0.974000750716004,1.52499971552943,0.104864689174237,1.1702437457352,0.802102614333735
-0.717178154269327,1.47897900736482,-0.979488903279401,-0.34259417730066,-0.536906114897965,-0.45740169285868,-0.716156995751181,-0.0492456359136635,-0.549559607590729,-0.376676397192632
-1.72274646288126,1.53448031606973,-0.300009627109884,-0.273804233472838,-0.429100016803565,-0.365559394176277,-0.572358873150892,-0.0393575387050139,-0.439212797746879,-0.301043038773328
2.1863854395119,-0.895843163854154,-0.70336412152153,-0.368165760529877,-0.576981341837213,-0.491542627623767,-0.769611693569835,-0.0529213810397602,-0.590579304293248,-0.404791912515123
-2.66311603026347,0.498138751087885,1.45466904002968,0.453054754274608,0.710017519475114,0.60487896553191,0.94706318212568,0.0651236096706383,0.7267508015986,0.498125899032388
2.16512641769438,-2.28929107159318,0.743550829553463,0.428482825050184,0.671508928466997,0.572072681103463,0.895698155574949,0.0615915581634688,0.687334662396471,0.471109486070396
-1.55439606058222,-0.448044605841747,1.60349668925102,0.553584165492484,0.86756501790385,0.739097016858535,1.15720931388333,0.0795740443582828,0.888011288322338,0.608656255175055
-2.37633078737513,0.779543706838391,0.959876005465192,0.391994808225129,0.614325705131947,0.523357081800708,0.819423804632268,0.056346648264719,0.6288037779368,0.430991540030981
-1.45794238036742,1.41370130326952,-0.366643074094816,-0.13488519266455,-0.211389129031317,-0.180086876993796,-0.281963269519284,-0.0193888499227859,-0.216371025726675,-0.148303946108599
-1.82720098100594,0.310212089018872,1.0326183358164,0.391923577187406,0.614214073404795,0.523261980367591,0.819274903660331,0.0563364092764878,0.628689515337686,0.430913222731868
2.76353830637096,-1.1105410977648,-0.913653407293481,-0.544399213396046,-0.85317056151093,-0.726834074531732,-1.13800914022209,-0.0782537685427699,-0.873277591708958,-0.598557558544152
2.16283437922701,-1.69118856219817,0.131521046040438,0.107294765740113,0.168150014329798,0.143250559221658,0.224288391874307,0.0154229094338704,0.172112876585548,0.117968746915231
-1.58944076794706,0.344326722138023,0.832015108405164,0.603539869584823,0.945854506687752,0.805793490802779,1.26163644468074,0.0867548447878916,0.968145858484081,0.663581691401047
1.88793985855571,-0.513569737321397,-0.87181048195963,-0.388821277260825,-0.609352216691547,-0.519120061642195,-0.812789872849695,-0.0558904742816694,-0.623713077198213,-0.427502297395767
1.93068417040386,-2.29104270041172,0.912661606478697,0.322282816469357,0.505074593655691,0.43028374560779,0.673698238082925,0.0463260127948749,0.516977899471713,0.354344405796
0.892977966273774,0.74459833556978,-1.42402569522829,-0.666727025406837,-1.04488003774363,-0.890155438421492,-1.39372252985621,-0.095837578459982,-1.06950516596538,-0.73305488090887
2.2446278296806,-0.606298516381709,-1.04287903350791,-0.522390923816385,-0.818679650582824,-0.697450536872169,-1.09200313197298,-0.0750902231951462,-0.837973818946566,-0.574359823216142
-2.43962052205229,1.25412446776839,0.522646770788787,0.243700754618152,0.381922501983755,0.325367869914074,0.509430725486223,0.0350303637042795,0.390923430552005,0.267944782266777
2.68514623402062,-1.45642982614101,-0.499050075922042,-0.283129774386281,-0.443714800921056,-0.378010038358966,-0.591852932906802,-0.040698023228539,-0.454172014641173,-0.311296310387064
1.07233188256961,0.0259379820978608,-0.827198168403492,-0.572442928005543,-0.897120058775966,-0.764275582258153,-1.19663156796643,-0.0822848661236082,-0.918262865298873,-0.629391139739939
1.90705461677829,-0.282773883922438,-1.12893097217251,-0.701995112236543,-1.10015141342438,-0.937242294207828,-1.46744674580424,-0.10090713153024,-1.12607914545132,-0.771831534930145
1.77897202002996,-1.65093765590606,0.367371749454407,0.0053705019254513,0.00841653336482591,0.00717022306554391,0.0112264678720205,0.000771973956411703,0.00861488935384368,0.00590477436696119
1.8102076427202,-1.99001836278157,0.696458919572031,0.304379024747104,0.477016162157302,0.406380173437148,0.636272249721449,0.0437524617334557,0.488258203092772,0.334659495167448
1.38766228879491,-1.91797822231393,0.927540073496882,0.17489439438037,0.274090676450081,0.233503653481155,0.36559828611228,0.0251399067458108,0.280550286939477,0.192293374287474
-2.74144643416605,1.49678679007664,0.501665739660069,0.349969750212824,0.548464951736986,0.467248910819031,0.731574853054937,0.0503058254975874,0.56139085640909,0.384785712574684
-2.37668801113321,1.4214388053644,0.302654763578566,0.0815657954909117,0.12782813388902,0.10889949511362,0.170504693089289,0.0117245409697336,0.130840713394473,0.0896801872750581
-2.54329546764363,1.87546857018605,-0.0357780013905461,0.0151824070217915,0.0237935368110939,0.0202702180409286,0.0317372206575938,0.00218237009857889,0.024354289121079,0.0166927950227878
-1.62628407514558,-0.0674711338289172,1.27468508857234,0.624810018072459,0.979188619012076,0.834191527226679,1.30609944682545,0.089812287259637,1.00226556988245,0.686967853311919
0.503053840888051,-2.23956568367855,1.91036487006041,0.583080815914825,0.913791524453212,0.778478357029413,1.2188689507097,0.08381399180519,0.935327234434044,0.64108731427209
1.53814771046299,-2.68367782050084,1.5983733953018,0.43386156215098,0.679938367818828,0.579253899052731,0.906941838212501,0.0623647158716008,0.695962761898154,0.477023314870809
-0.936425116193986,-1.46737614073201,2.18379909315298,0.652949550362989,1.02328827965486,0.871760962315602,1.36492217132653,0.0938571579952657,1.04740454581373,0.717906784397664
-1.64224348409195,0.213937621289298,1.00008867130674,0.548438570817387,0.859500954271438,0.732227070224595,1.1464529908982,0.0788343993242496,0.879757175503643,0.602998762456117
-2.01252924228602,1.79148494606706,-0.333012356268874,0.165643732313942,0.259593240826822,0.22115298096656,0.346260752688913,0.0238101855588572,0.265711184140835,0.182122430676338
-1.72493225425599,2.29725992182621,-1.065911234887,-0.232546403462192,-0.364441646382119,-0.310475558720476,-0.486113730794876,-0.0334269998636925,-0.373030596258972,-0.255680765290326
-0.958184689290192,1.52094307715513,-0.843728275196049,-0.272639226937803,-0.427274243997136,-0.364003979646132,-0.569923549857498,-0.0391900767588903,-0.437343996183235,-0.299762134153814
-1.27775589402967,1.99861362722014,-1.09270588387421,-0.286530660630351,-0.449044595592118,-0.382550603343211,-0.598962126923568,-0.0411868780219242,-0.459627418829528,-0.315035526236474
-0.00809614912038404,-0.967666814463863,1.0038923406351,0.670758633899254,1.05119828655191,0.8955380884242,1.40215018221365,0.0964170953844328,1.0759723196062,0.737487565006949
0.714736110895025,-1.86863944519779,1.37277657941127,0.304821335338291,0.477709341658961,0.406970707738613,0.63719685336378,0.0438160409410942,0.488967719047892,0.33514580804422
-1.38588914597713,-0.283790970342581,1.31683858770636,0.605866372062546,0.949500550576929,0.808899632828119,1.26649975274447,0.0870892640558222,0.971877830226246,0.666139640804254
-0.475957352702361,1.26241354969967,-0.943725903360199,-0.540849997733498,-0.847608308213668,-0.722095473119528,-1.13058987919965,-0.0777435923813592,-0.867584250443988,-0.594655257053912
0.0753830381095871,1.39447275739893,-1.478033688911,-0.518190994636609,-0.812097613268216,-0.691843159852943,-1.08322362297065,-0.0744865112906414,-0.831236659984517,-0.569742073421422
1.37189652448022,-2.12348774097159,1.16075327456829,0.60757997574844,0.952186072860807,0.811187486150649,1.27008186052361,0.087335583196097,0.974626643345621,0.668023718542248
1.63500075614875,-0.946139131886432,-0.247858638228247,-0.284384457772755,-0.44568111333117,-0.379685181554618,-0.594475716200307,-0.0408783756260143,-0.456184667964572,-0.312675813160165
1.97892832113767,-0.590819788173264,-0.859504585320883,-0.365865638637636,-0.573376641025644,-0.488471706642034,-0.764803531337811,-0.0525907538056524,-0.586889649978425,-0.402262968111282
-0.897186088525555,1.53883080836885,-0.91539263736403,-0.544830683232006,-0.85384675161768,-0.727410135207778,-1.13891108240894,-0.0783157894638982,-0.873969717872939,-0.59903195219727
1.23136884502675,-1.35766319552227,0.483324388748923,0.372083601880132,0.583121297264143,0.496773385718017,0.777801527715107,0.0534845446936853,0.596863962637453,0.409099511599889
0.594093360468232,-1.62547968764326,1.23043291577895,0.744710818765167,1.16709453609537,0.994272558504179,1.55673942526529,0.107047230431155,1.19459994490796,0.818796718534592
-0.898746448033238,1.57190904808242,-0.948714743767783,-0.578005536619146,-0.905837657548249,-0.771702289321944,-1.20825961460939,-0.0830844541395928,-0.927185915395517,-0.63550713210173
-1.99047856167988,0.472790959942497,0.997808020930523,0.689951827379998,1.08127744033504,0.921163156715282,1.44227152896374,0.0991759893785468,1.10676036148361,0.758590150660654
-1.36338701620803,-0.129989080376905,1.14238970476472,0.516418597201639,0.809319950704413,0.689476810274088,1.07951861305978,0.0742317409397133,0.828393535076408,0.567793352968967
0.396629524136333,-1.67649612326534,1.41949343955079,0.556809446562339,0.872619607979822,0.743403129218413,1.1639514238037,0.0800376570750451,0.893185002052924,0.612202396159992
-2.23959537921227,1.00258000460169,0.628148676558909,0.177531838112704,0.278224020684788,0.237024936993603,0.371111584075175,0.0255190217524017,0.284781043439791,0.195193198244558
-2.66870677227628,1.71138280406931,0.219513287751143,-0.0305274769762701,-0.0478419954189183,-0.0407576093606406,-0.0638144710206283,-0.00438812191258234,-0.0489695078883109,-0.0335644351384028
-1.72806832981536,2.15736492281746,-0.926636260393525,-0.352145502151681,-0.551874742672948,-0.470153783948851,-0.736123033016163,-0.0506185753775288,-0.564881007325121,-0.387177914356894
-0.989077526411065,2.09493963669799,-1.41608402787069,-0.756510859178537,-1.18558730180406,-1.01002693735382,-1.58140616525126,-0.108743407810881,-1.21352853742001,-0.831770659728387
1.34965513234816,0.378533521019451,-1.37953597706959,-0.41612726884627,-0.652145570539799,-0.555576626300637,-0.86987016841665,-0.0598155290811217,-0.667514960052175,-0.457524764832951
-0.975706183061922,-1.18290610420104,1.92650483602206,0.677145745669474,1.06120802867009,0.904065599776538,1.41550176574881,0.0973352002490701,1.08621796553555,0.744510084388421
-0.546741597284636,-1.31325877922907,1.73768134246919,0.454849646719032,0.712830435726606,0.607275348474106,0.950815215481365,0.0653816135296611,0.729630011032915,0.50009935236029
-0.23939597879173,-1.64316950985358,1.85167807058172,0.618714060916205,0.969635168048207,0.826052739974561,1.293356491304,0.0889360339355802,0.99248696871335,0.680265453413735
1.80279882273306,-0.640643344098774,-0.678488078847908,-0.294951995018122,-0.462242326983877,-0.393794030290644,-0.616566038300234,-0.0423973888672485,-0.473136186719276,-0.324294638349043
-1.80786235289449,1.46251492412738,-0.148114568128812,0.240131451060621,0.376328767376049,0.320602448906617,0.501969472837899,0.0345173000414805,0.385197866043279,0.264020394481991
1.46447866217862,1.01341988136498,-2.10891578672131,-0.585474289419779,-0.917542523874106,-0.781673912895553,-1.22387225464272,-0.0841580377131581,-0.939166635239176,-0.643718897166248
-2.09109437438079,0.508985294767485,1.02565974126031,0.42204622905456,0.661421635751146,0.563479102754167,0.88224313048547,0.0606663402703297,0.677009638201822,0.464032559635396
2.56330454798756,-0.999154543944158,-0.870514024308804,-0.26405228959525,-0.413816983270209,-0.352539454160318,-0.551973462969276,-0.0379557615895065,-0.423569582521097,-0.290320944444764
-2.31599133510966,0.877274298170257,0.81667957026051,0.37139958631966,0.582049323011703,0.495860148144143,0.776371665326044,0.0533862220032191,0.595766724716014,0.408347448272449
-2.97597305992031,2.56114626178329,-0.415597780000745,-0.106562620268343,-0.167002611931178,-0.142273062812218,-0.222757918981723,-0.0153176683885535,-0.170938432871018,-0.117163765579295
1.77971071250375,-2.17281690181805,0.903532179910809,0.32155121334177,0.503928041207032,0.429306973288728,0.672168898903656,0.0462208497079294,0.515804325738274,0.353540020758152
2.89239963296468,-1.0770432244567,-1.02924214108187,-0.184243642799052,-0.288742614452183,-0.245985949845196,-0.385141903907566,-0.0264837990656407,-0.295547533339639,-0.202572711894889
-1.39378257545145,2.00950416210668,-1.02325079487165,-0.410006389804627,-0.642553062541261,-0.547404565533318,-0.857075116322193,-0.0589356934016852,-0.657696381374804,-0.450794963751029
1.68503344990403,-1.93735107034454,0.738119686681271,0.408097324447425,0.63956121699357,0.544855748933333,0.853084416533659,0.0586612779453079,0.654634025742156,0.448695979272011
1.96566716499818,-0.822696376599858,-0.614810998868153,-0.327445405685314,-0.5131652907615,-0.437176381861909,-0.684490086363384,-0.0470681006812014,-0.525259273446097,-0.360020583719904
1.20877290550279,0.486735937052376,-1.39193039504617,-0.59544610727893,-0.933170139110919,-0.79498740936415,-1.24471728819366,-0.0855914202521094,-0.955162553070646,-0.654682739150491
-2.42495109031547,0.585063909506449,1.19613185600862,0.533789047254278,0.836542540782489,0.712668311432678,1.11582970691012,0.0767286276810136,0.856257691408011,0.58689186361791
2.06650790594665,-2.25674963291115,0.782310097356249,0.418481732469371,0.655835434525544,0.558720099594509,0.874791926305855,0.0601539675778549,0.671291784617592,0.460113457033906
-2.22410614338252,2.03233219588508,-0.428430950882143,-0.0391560401176936,-0.0613644911890313,-0.0522777099616543,-0.0818515722513016,-0.00562842051388545,-0.0628106940153916,-0.0430513916963603
-2.11122096560899,1.11093258271942,0.423536065639039,0.12401143226088,0.194348009130606,0.165569185958978,0.25923282020293,0.0178258191378768,0.198928290571161,0.136348433831471
0.7693386194019,-1.43599342217308,0.901711227265619,0.448930471772839,0.703554033982706,0.599372585321365,0.938441804525606,0.0645307714733068,0.720134988419509,0.493591321457219
1.59627044052061,0.492335769480116,-1.67916399072521,-0.568235330931413,-0.890526004504739,-0.758657967739022,-1.18783603003966,-0.0816800520102552,-0.911513406171523,-0.624764959227448
-2.29814712611692,1.58882227260943,0.0648598281978501,-0.269327711037376,-0.422084508577435,-0.359582734105073,-0.563001175118623,-0.0387140683583984,-0.432031952081646,-0.296121179457949
-2.02195222173955,-0.169232187476356,1.65900124563348,0.425148980363873,0.666284199861557,0.567621624126193,0.888729104864102,0.0611123401484158,0.681986800409986,0.467443981259037
-0.92702871787124,1.55232638051746,-0.911970933139759,-0.68538962776357,-1.07412766070147,-0.915072107987731,-1.43273473182065,-0.0985202035066261,-1.09944207998008,-0.753574090760483
1.69977330618492,-1.56053348029336,0.341372733488433,0.224872730222053,0.352415633217442,0.300230343351846,0.470072726194815,0.0323239603389645,0.360721160973593,0.247243693732066
1.25816723833814,-2.04475145384998,1.16237511025228,0.550362276994374,0.862515744592248,0.734795433962852,1.1504742957764,0.07911091930116,0.882843016658549,0.60511384426432
2.36554164022063,-1.49869838177067,-0.226120458515342,-0.362887638239365,-0.568709583819363,-0.484495741743168,-0.758578335581782,-0.0521626860418639,-0.582112602267999,-0.398988707965656
-2.1858728148626,1.01557622763204,0.591472496803182,0.64068078745881,1.00406094229207,0.855380786312995,1.33927561640762,0.0920936048728784,1.02772406968781,0.704417490898372
1.54406674482769,0.471408066774782,-1.62625786532465,-0.753850055707546,-1.18141734869694,-1.00647446596746,-1.57584403621835,-0.108360934997121,-1.20926030927056,-0.828845152140992
1.71048410476058,-0.994665091552002,-0.247453861283522,-0.0906466633001595,-0.142059471659499,-0.121023473230535,-0.189487289525472,-0.0130298553607657,-0.14540744710009,-0.0996644450249151
1.76335424996124,-2.09966604141184,0.836816757572926,0.175872379441284,0.275623353285457,0.234809373344748,0.367642660738353,0.0252804855980793,0.28211908501579,0.193368652017399
-2.14477001103865,0.0364408298309006,1.53879625618117,0.353071271356037,0.553325587957942,0.47138978978119,0.738058255901077,0.0507516485474729,0.566366045292415,0.388195781651885
1.94284622611029,-1.97804353773451,0.585640638474718,0.243552924106758,0.381690825233844,0.325170499583089,0.509121701393188,0.0350091140508314,0.390686293778487,0.267782245165693
1.80252388734066,-1.32782535412063,0.0271836198230535,0.0849992310221541,0.133208939092297,0.113483517050844,0.177681927958059,0.0122180745068089,0.136348330301756,0.0934551905050943
1.4239005343832,-1.7577983150651,0.752226597113707,0.54824837986738,0.859202891166976,0.73197314395187,1.14605541677581,0.078807060639302,0.879452087820378,0.602789650782382
-1.76275059735632,0.00737063065175092,1.29663568683368,0.562438135116346,0.881440765792001,0.750918060422039,1.17571760359292,0.0808467436432585,0.902214051809003,0.618391042278114
-1.32790278567093,-0.657412962954047,1.65159609283049,0.618355995217589,0.969074015302889,0.825574682063618,1.29260799272465,0.0888845643713099,0.991912591044781,0.679871766345333
1.66411867340186,-1.82881760223585,0.634696825322579,0.13274929083551,0.208041790317422,0.177235208234914,0.277498392009815,0.0190818282312645,0.212944798870549,0.145955558835765
-1.4361490050738,-0.965649053700275,2.04060697954716,0.600269816072338,0.940729750217195,0.801427602204981,1.254800742691,0.086284796330084,0.962900324717916,0.659986323886587
-0.1866270078047,1.52657982140765,-1.42282888741506,-0.596891971047561,-0.935436065241957,-0.79691779983554,-1.24773971391311,-0.0857992535588274,-0.957481881237806,-0.656272441460934
-0.12631726747586,-1.68970017188267,1.81776159182054,0.666853706482079,1.04507856955896,0.890324571880576,1.39398734328351,0.0958557880225545,1.06970837666367,0.733194164569179
-2.32307642248689,0.825812198005057,0.883275555745589,0.655301317879694,1.02697391836153,0.874900836004719,1.36983829328966,0.0941952089446243,1.05117704552114,0.720492512276073
-0.864532626645824,2.09762603548086,-1.49649546799546,-0.36746943268697,-0.57589007204455,-0.49061295177043,-0.768156093652863,-0.0528212885405282,-0.589462316085458,-0.40402631204521
3.03684654883685,-0.741757266623572,-1.47730899424889,-0.326502727893387,-0.511687946707226,-0.435917801166683,-0.682519517859427,-0.046932597014178,-0.523747112201859,-0.358984125724108
-0.64983380528119,1.76172190844683,-1.32062846116433,-0.55163048798873,-0.864503257174088,-0.736488638033892,-1.15312535710748,-0.0792932162023561,-0.884877369787056,-0.60650822040929
-0.405335367524512,-1.344866895224,1.67225438760016,0.627274030344352,0.983050165248461,0.837481260266711,1.31125020461135,0.0901664726465122,1.00621812280647,0.689676992365384
1.74119225059695,-1.20667316095345,-0.0491266243521852,0.117608855726055,0.184314030970981,0.157021027409523,0.245848909208369,0.0169054913161151,0.188657837419355,0.129308911207678
1.54572032114046,-2.11652203418766,1.01073999319374,0.124372683709464,0.19491415451372,0.166051497203821,0.2599879782566,0.0178777466325307,0.199507778541125,0.136745623577092
1.0919782401748,0.202922263530355,-1.02426441830211,-0.701444383500763,-1.09928832337358,-0.936507009510241,-1.46629550546502,-0.100827967934924,-1.12519571459353,-0.771226018170757
2.22334216758022,-0.0449796732269619,-1.60018157201108,-0.730634790744237,-1.14503489229915,-0.975479480652626,-1.52731497322409,-0.105023894960334,-1.17202041218919,-0.803320368167278
0.755747478980095,-1.26962747008915,0.740862572652612,0.358028666784669,0.561094709840198,0.478008469290259,0.748421168210016,0.0514642411907046,0.574318265344423,0.393646352540828
-1.83691902426341,2.52189672839469,-1.2223995014057,-0.580050668500523,-0.909042743581923,-0.774432770009128,-1.21253474711638,-0.0833784282544457,-0.930466537042553,-0.637755719380506
-1.33118121384065,2.6428397758892,-1.70974097483735,-0.482688473615419,-0.756458837440913,-0.644443308098919,-1.00900934707005,-0.0693832598635386,-0.774286621677928,-0.530707663044443
2.30770471110341,-0.898779823800089,-0.790008040892129,-0.402516696802161,-0.630815379188274,-0.537404984439115,-0.841418703005404,-0.0578590998132867,-0.645682071091306,-0.442560175295265
1.39103854486147,0.324803460236269,-1.36144124015697,-0.591243923331328,-0.926584568173402,-0.789377021976714,-1.23593306583699,-0.0849873842397161,-0.948421777207308,-0.650062510277382
0.907384830400174,0.788575930383565,-1.47715256504504,-0.616046935941239,-0.965455308018071,-0.822491828670618,-1.28778114783373,-0.0885526524476394,-0.988208600160251,-0.677332995441599
0.547848469598109,1.04879101036373,-1.47815709120034,-0.640609763827384,-1.00394963560754,-0.855285961790572,-1.33912714899667,-0.0920833956979238,-1.02761013979174,-0.704339401638911
-3.32732075671101,1.52176975996561,0.895641908737383,0.113133404908538,0.177300202161096,0.151045798068594,0.236493451280394,0.0162621750074565,0.181478710749878,0.124388230117772
1.67111792542655,-1.94027970147085,0.748103766240396,0.315615963567721,0.494626447343875,0.421382748435932,0.659761885215607,0.0453676970019133,0.50628351729232,0.347014315858722
1.53566253006227,-1.35886888488345,0.262587702345657,0.368909633586625,0.578147123450965,0.492535781675915,0.771166681741958,0.0530283078474695,0.591772560373618,0.405609788128749
2.88534438426201,-1.6150197940783,-0.473468935208652,0.0637429659982259,0.0998965846291826,0.0851040166098167,0.133247947729996,0.00916262769069433,0.102250889541276,0.0700842932234446
-2.24381214266591,1.13955271200762,0.490708201942132,0.10487300977669,0.164354691257477,0.140017243097934,0.219225966444685,0.0150747981104787,0.168228107534814,0.115306067945117
0.301557942933938,-1.60873071210548,1.4247811705329,0.68406196829094,1.0720469817624,0.913299533523373,1.4299593997155,0.098329361281806,1.09731236480354,0.752114352037574
-2.13512266726483,0.983987872345836,0.576114820263835,0.337683612220549,0.529210384515477,0.450845537122955,0.705891977346834,0.0485397748217709,0.541682508686895,0.371277315465294
2.15433374647013,-0.298941735754035,-1.28811451866124,-0.559461193001829,-0.876775367104916,-0.746943508450809,-1.16949462006747,-0.0804188280007258,-0.897438701704793,-0.615117945697248
1.6764897857124,0.422295849392651,-1.66011010805503,-0.362146774348322,-0.567548518104406,-0.483506605265103,-0.757029637753203,-0.0520561917817241,-0.580924173227998,-0.398174140877894
-1.0582200804469,1.5923656158991,-0.85640339549416,-0.677006519264609,-1.06098983608807,-0.903879716893829,-1.41521072763303,-0.0973151873787475,-1.085994630717,-0.744357007354269
2.47539227773346,-1.08178224015745,-0.724853925180338,-0.315185897394664,-0.49395245702698,-0.420808561807463,-0.658862877238012,-0.0453058778479976,-0.505593642761568,-0.346541465508789
0.0997870727610284,-1.16590583297821,1.12561138263029,0.686972076353203,1.07660763958196,0.917184854530779,1.43604267370341,0.0987476699735438,1.10198050556806,0.755313965729119
-1.00591584150869,1.75195938873092,-1.04656913346264,-0.414465760029456,-0.649541690197369,-0.553358325477494,-0.866396959467103,-0.0595766982320255,-0.664849712964291,-0.455697964506243
0.203002804380301,-1.48475398134723,1.36902029886985,0.605529122115559,0.9489720198231,0.808449366282775,1.26579476729855,0.0870407866174954,0.971336843365388,0.665768840296244
-0.77736212845252,-1.51713693397393,2.12015173817967,0.717070476024747,1.12377719441684,0.957369597513201,1.4989602038714,0.10307411487546,1.15026172518168,0.788406637761287
1.55010270618299,-0.540962935693037,-0.602453963203338,-0.524165352160403,-0.821460495942946,-0.699819597942632,-1.09571238728502,-0.0753452854757515,-0.840820201661298,-0.576310776618116
-2.2096792487341,1.7443809259367,-0.154201746364522,-0.202799884733335,-0.317823551678093,-0.270760616305413,-0.423931770626246,-0.0291511355084887,-0.325313833269524,-0.222974980293941
1.01690387591025,-1.31353880730385,0.596256522124266,0.403396312895388,0.632193894325155,0.538579370686067,0.843257447679067,0.0579855387802655,0.647093074275402,0.443527298039498
1.50058500963536,0.08342973979022,-1.19523140324105,-0.508977079530969,-0.797657766679617,-0.679541548656915,-1.06396290519327,-0.0731620722350601,-0.816456503445587,-0.559611532460752
2.48533504671358,-1.76186959888292,-0.032030279789931,0.116829810856621,0.183093128860283,0.15598091503838,0.244220398071241,0.0167935087941036,0.187408161794056,0.128452364791793
2.57007887556208,-2.07066739894535,0.204005995799368,-0.282741418742111,-0.443106178434378,-0.377491539969781,-0.591041116390819,-0.0406421996859193,-0.453549048491843,-0.310869320045231
1.64095826127268,-1.21281284617208,0.0332524461594583,0.21013795288093,0.329323611868912,0.280557761194063,0.439271228175133,0.0302059340317835,0.337084920225644,0.231043059833321
1.16225006905623,0.667411522329899,-1.53648737604302,-0.487102188866657,-0.763375915619183,-0.650336113527252,-1.0182357533077,-0.0700177020948738,-0.781366717552878,-0.535560466942542
-1.33463124649562,-0.0369485055054009,1.02169570577201,0.339825414236613,0.53256696987366,0.453705083293982,0.710369188575012,0.0488476446259611,0.545118200106871,0.373632189892139
0.246569098876487,-0.961949043854346,0.806262287583172,0.486486890232152,0.762411633032837,0.649514620765017,1.0169495364051,0.0699292570057839,0.780379709312415,0.53488395669164
2.79839026025318,-2.10435133732939,0.0834579097065936,0.0722218315497881,0.113184477604772,0.0964242541204564,0.150972121937008,0.0103814082584291,0.1158519438909,0.0794066598597002
1.57052861168427,0.448314873727665,-1.61501732608756,-0.538337732361173,-0.843671140771782,-0.718741316772605,-1.12533825339634,-0.077382470932014,-0.863554294117651,-0.591893064547619
1.30637676844585,-1.84079055836263,0.909326717729702,0.184723044583084,0.289493922461467,0.246626005053675,0.386144042776695,0.0265527098857219,0.296316547741422,0.203099805899346
-1.14804627530244,1.58113740880944,-0.770728313218514,-0.413525400513013,-0.648067979293819,-0.552102839940332,-0.864431237073546,-0.0594415278016942,-0.66334127049477,-0.454664055414412
-1.26634970166935,-0.00999511462965506,0.955838457042963,0.669351797140013,1.04899352269792,0.893659803392262,1.39920933834132,0.096214871950919,1.07371559515324,0.735940772221139
0.361153190738656,-2.25835167423964,2.03478434607985,0.643402345196248,1.00832610815914,0.859014371466499,1.34496474582705,0.0924848107086339,1.03208975451645,0.707409796755311
1.21767383238351,-1.36266526165318,0.501743385361986,0.472866957594413,0.741066771963343,0.63133048146,0.98847850366009,0.0679714822148304,0.758531804906151,0.519909075342483
-1.68142843505957,2.04483197152149,-0.850974826551672,-0.464120839825786,-0.727360047148016,-0.619653432232744,-0.970195666879216,-0.0667142859172009,-0.744502047930303,-0.510292869496644
-1.35389548912372,-0.474214133921848,1.48596690651522,0.620904152296659,0.973067431443971,0.828976757868933,1.29793464635557,0.0892508450149432,0.996000121707114,0.682673421165002
-1.31013359548701,1.9537010353603,-1.02682632544887,-0.375575291394758,-0.588593396838336,-0.501435183263762,-0.78510053639235,-0.0539864518536834,-0.602465025488567,-0.412938564081304
2.45599629340565,-1.1489031286676,-0.64857239389113,-0.479084848333034,-0.750811314575353,-0.63963206373517,-1.00147634847568,-0.0688652626809132,-0.768506001260806,-0.526745539114328
1.87634090743912,-1.85455829985744,0.515025490690038,0.403159077638285,0.631822104409717,0.538262634981276,0.842761532394249,0.0579514377888557,0.646712522230334,0.443266461960389
-2.25245993512596,1.99103524599723,-0.35836234738075,0.191664214767273,0.300371972829404,0.255893246597835,0.400653826992158,0.0275504569647838,0.307450965707014,0.210731502964024
1.79602627478145,-1.99091095851369,0.694997444265435,-0.0729063884918171,-0.114257300298571,-0.0973382144994952,-0.15240311602712,-0.0104798087688959,-0.116950050249272,-0.0801593184268375
0.594685598138219,-1.56932136946168,1.16645777356259,0.538672687056949,0.844196074458025,0.719188518899874,1.12603844086167,0.0774306184432348,0.864091599137315,0.592261341466456
2.26820282800621,-1.01749027966276,-0.627228735879038,0.0228904539659007,0.0358734196941613,0.0305613261638073,0.0478500798605621,0.00329035061478568,0.0367188636952056,0.0251676598765202
0.651809911073177,1.66523820051699,-2.17252029429106,-0.557122668442869,-0.873110482472499,-0.743821315597189,-1.16460618111083,-0.0800826806385229,-0.893687445191653,-0.612546778222786
-1.90202768508159,1.79248838225372,-0.439928328774676,-0.587237439033859,-0.920305693454916,-0.784027915595184,-1.22755793295935,-0.0844114787512997,-0.941994925602055,-0.645657449798917
1.4889652292468,0.286213239672861,-1.39387178352094,-0.589348173731364,-0.923613590789735,-0.786845983407722,-1.23197020123461,-0.0847148828349377,-0.9453807815475,-0.647978166244099
-1.77438331677881,2.03324259990604,-0.766325908025078,-0.309700383384739,-0.485355679234395,-0.413484784695695,-0.647395988733217,-0.0445173716688778,-0.496794261083572,-0.340510237335886
-2.32812808834533,1.85468146915047,-0.17479641150047,-0.0770340464103946,-0.120726075670507,-0.102849101270469,-0.161031549580043,-0.0110731321599588,-0.123571277976711,-0.0846976072146501
-0.853273762323649,-0.672806314615608,1.31933425685407,0.566359846648475,0.887586786483468,0.756153985643632,1.18391552794523,0.0814104636101047,0.908504918360391,0.622702896561191
-2.44012703403752,1.15648628361763,0.622383630200309,0.271863909456012,0.426059183366975,0.362968843756001,0.568302830431128,0.0390786300240783,0.436100299707107,0.298909685936444
0.439729225375395,-1.68458048832027,1.39948676366371,0.653835549025438,1.02467679741488,0.872943870009094,1.36677425808801,0.0939845144141479,1.048825787357,0.718880924666824
-1.3116406790181,2.05560752885363,-1.13400489669941,-0.540607084262479,-0.847227619525352,-0.721771156361613,-1.13008209420749,-0.0777086751844395,-0.86719458990491,-0.594388177876402
0.355710544872525,1.01146430127151,-1.29168575245043,-0.380141847453821,-0.595750003793695,-0.507532048331368,-0.794646440219309,-0.0546428639352775,-0.609790295216247,-0.417959413815118
-1.95935310837471,1.55963059005055,-0.146226788538348,-0.0766550947561011,-0.120132190911449,-0.102343158263641,-0.160239391113101,-0.0110186603783796,-0.122963396885239,-0.0842809563977151
-2.45992799189918,1.3180917515001,0.468225794164283,0.102682818261081,0.160922270932084,0.137093091511887,0.214647602071137,0.0147599726373527,0.164714793912994,0.112897990096971
-2.17235265902591,1.65762811655613,-0.0819078107547954,0.15546285791147,0.243637996739593,0.207560370539952,0.324978708482436,0.0223467525313108,0.24937991609175,0.170928734623447
2.72779948983041,-1.46317161383239,-0.511973388801101,0.0548574676630421,0.0859714256330064,0.0732408786766833,0.114673750574587,0.00788539636302376,0.0879975504541783,0.0603148408453298
-1.10506943613512,1.8329329118801,-1.05696504603052,-0.446022569051982,-0.698996832326045,-0.59549020869235,-0.932363140571319,-0.0641127797847381,-0.715470385270741,-0.490394132500566
-2.68813860281654,2.36087699077731,-0.429103778264817,-0.270914523451732,-0.42457132634876,-0.361701306844091,-0.566318239116733,-0.0389421620961156,-0.434577377735475,-0.297865852376706
-0.588654574654105,1.26915933627478,-0.875298802720148,-0.746869113846164,-1.17047696902482,-0.997154124768715,-1.56125111350626,-0.107357471003807,-1.19806209305981,-0.821169726802257
-2.93557581722885,2.38488459303342,-0.269295531766609,-0.16355331323405,-0.256317181684379,-0.218362036784553,-0.341890952069672,-0.0235097017102219,-0.262357916731863,-0.179824050902809
-2.27509049167099,1.2505345663313,0.392365490508324,-0.170695691803115,-0.267510561440164,-0.227897914114017,-0.356821341193158,-0.0245363711572658,-0.273815095585885,-0.1876769731211
-1.52038750226257,-0.0701070639339996,1.19543349250401,0.485044510581706,0.76015116713575,0.647588881982598,1.01393439386726,0.0697219245178975,0.778065970062842,0.533298085109132
-1.19279910144649,2.15619161741795,-1.31672298673673,-0.382791921367749,-0.599903141773244,-0.511070194554348,-0.800186140244776,-0.0550237944465251,-0.614041311948929,-0.420873124439326
-0.970732171180283,1.79222380844309,-1.11481833192327,-0.474233993813026,-0.743209161279014,-0.63315562830143,-0.991336148699824,-0.0681679845851655,-0.76072468481375,-0.521412108119386
0.357370024219185,-1.48851117305627,1.25776453870052,0.531211715300723,0.832503402415082,0.709227283894197,1.11044206628104,0.0763581533430858,0.852123360964375,0.584058131526245
2.47644808280937,-1.15387877679598,-0.638232588302139,0.122031592796098,0.191245247946708,0.162925877978921,0.255094174606733,0.0175412303739393,0.195752405306761,0.134171634440163
1.19738187604128,0.666574409295004,-1.56818847369853,-0.693034886810981,-1.08610914376366,-0.92527938721875,-1.44871633954754,-0.0996191586800061,-1.11170593570329,-0.761979921403238
0.412276621908631,1.48608369642535,-1.81253276134313,-0.415489186674253,-0.651145582090892,-0.554724714957709,-0.868536324931759,-0.0597238090099468,-0.666491404454041,-0.456823204474973
0.5993025256851,0.337747531775183,-0.801075700086966,-0.704179133635558,-1.10357416407776,-0.940158207995447,-1.47201221219979,-0.101221070090116,-1.12958256151189,-0.774232828841368
-0.0201657641722588,-0.786216003604421,0.824169360926636,0.503821913208884,0.789578702571022,0.672658822799551,1.05318657368959,0.072421051340391,0.808187036628165,0.553943515880811
-0.27586609654472,1.53093748903629,-1.36049859696956,-0.54748558765465,-0.858007459865026,-0.73095473070226,-1.14446088010343,-0.0786974143286676,-0.878228483285111,-0.601950973882612
-1.73904539472904,-0.776402424990835,2.06896257122654,0.549477545391051,0.86112921253963,0.733614217935557,1.14862485766839,0.0789837450136054,0.881423807620682,0.604141097104844
-0.303719897263618,1.20218806854722,-1.0143982403589,-0.713453153155344,-1.11810820499196,-0.95254006533283,-1.49139857191599,-0.102554148755743,-1.14445913229379,-0.784429453570169
1.69102966637897,-1.83256636261696,0.62496412941173,0.314200595887087,0.492408314016131,0.419493073666091,0.656803208351823,0.0451642473051506,0.504013108281592,0.345458143471775
-1.83595513701402,1.83995909533089,-0.528915391030837,-0.3782855490726,-0.592840853498714,-0.505053681568946,-0.790766044228963,-0.0543760333809785,-0.606812583750181,-0.415918445717346
-0.432580956314134,-1.21871854212866,1.56433626383387,0.608748134823393,0.954016786258968,0.812747109675549,1.27252377386922,0.0875034982988803,0.976500501938004,0.669308089325103
0.543067003176478,0.703964485987207,-1.1269797066538,-0.63747986206432,-0.999044521898784,-0.851107191514362,-1.33258441945791,-0.0916334931225683,-1.02258942520091,-0.700898128559004
-1.65736495001309,2.05103267641821,-0.871162606970636,-0.356996057719323,-0.559476427457666,-0.476629820247616,-0.746262607863631,-0.0513158105008609,-0.572661844218946,-0.392511016658859
-1.54805003180833,2.0948046041387,-0.995722325947404,-0.379023898819329,-0.593997979101595,-0.506039461382067,-0.792309486504012,-0.0544821662495838,-0.607996979819824,-0.416730248546739
-0.848759080748627,-0.71546117717769,1.36006717123637,0.596902423853519,0.935452446651242,0.796931755505125,1.24776156440155,0.0858007560802087,0.957498648714667,0.656283934141049
-0.316751527061616,-1.62724872232464,1.89563066503636,0.725801465433526,1.13746021039691,0.969026448681461,1.51721141641153,0.104329136571913,1.16426721456616,0.798006210236039
2.33376927101932,-1.87515829315323,0.199597833502932,0.322814411031309,0.505907697047019,0.430993484034949,0.674809480449754,0.0464024259798795,0.517830636961782,0.354928884860825
-0.0388130360972513,1.12886500945527,-1.1377662897423,-0.836668577020801,-1.3112087271443,-1.11704649070882,-1.74896742051978,-0.120265546977497,-1.34211053583531,-0.919902689881105
1.0443744358077,-1.69109397152263,0.960348877638083,0.508651741079985,0.797147903362264,0.679107185296147,1.0632828194735,0.0731153069951133,0.815934623964548,0.559253828437438
0.470342599037369,-1.48904106421023,1.18320839243065,0.747252263950515,1.17107743350315,0.997665673177769,1.56205204839025,0.107412546284677,1.19867670893757,0.821590993742717
-1.92855779084405,0.183590053324042,1.23914067946215,0.540246813676884,0.846663011329299,0.721290154678991,1.12932898654445,0.0776568886823209,0.866616675349543,0.593992066572743
-0.875549922333639,-1.20409638404389,1.87400236341393,0.652089084870092,1.02193977692071,0.870612144270302,1.36312345896312,0.0937334717997985,1.04602426234731,0.716960717408648
1.13442440456267,0.213035608673995,-1.05534889937261,-0.402733833234466,-0.631155670664301,-0.537694885956124,-0.841872603816717,-0.0578903117322199,-0.646030382359966,-0.442798913062685
1.10806861763822,1.3989460018944,-2.23905847611873,-0.626228867048965,-0.981412208150702,-0.836085849917385,-1.3090654009711,-0.0900162373695425,-1.00454156328346,-0.688527853323715
-2.4764497379388,1.65534559292986,0.138921845800025,0.0612024847253539,0.09591519784399,0.0817121888676081,0.127937339562404,0.00879745039318426,0.0981756717357327,0.0672910778204839
0.344442242124588,-1.41875185396271,1.20015651356512,0.628787066994631,0.985421363253051,0.839501334077211,1.31441304815546,0.0903839616084985,1.00864520383379,0.691340550102232
0.483073548773476,1.238221872511,-1.62077352288984,-0.607745346544983,-0.952445238362653,-0.811408274731717,-1.27042755073286,-0.0873593541489529,-0.974891916710076,-0.668205540884745
-2.38363485424557,1.85223645687676,-0.130583069792927,-0.038961949112778,-0.0610603160036647,-0.0520185766777306,-0.0814458454754471,-0.00560052122196664,-0.0624993502052347,-0.0428379919794265
-2.37494984118475,0.895474080231797,0.841215183104785,0.368350736390623,0.577271231967645,0.491789591166784,0.769998366098137,0.0529479700902889,0.59087602638656,0.404995290288039
2.93559559877047,-1.5928217570113,-0.538191901388336,-0.105934329879389,-0.166017968950907,-0.141434224599092,-0.22144454418663,-0.0152273558211122,-0.169930584394646,-0.116472971118144
1.92644624365757,-0.191511582630913,-1.22882437518609,-0.51671996021483,-0.809792240239107,-0.689879163733463,-1.08014858065543,-0.0742750598698316,-0.828876955257616,-0.568124696411375
2.08686104744291,-2.13046361494075,0.636760612286898,0.317050163659243,0.496874094414799,0.423297566588795,0.662759929248181,0.0455738537325703,0.508584135609051,0.348591194157076
2.22020751254008,-0.706443592387436,-0.913086588605086,-0.194354937811239,-0.304588815238066,-0.259485663973463,-0.406278499736884,-0.0279372305182974,-0.311767188217939,-0.213689906606578
-1.13773870876081,2.09303407760252,-1.29613482246967,-0.469924803864365,-0.736455892872871,-0.627402375888044,-0.982328241583392,-0.067548567171342,-0.753812259284866,-0.516674227991154
2.2489279691827,-1.62025802237187,-0.00419219812567604,0.064261919186379,0.100709876735489,0.0857968773835925,0.134332764638127,0.009237223762237,0.10308334884542,0.0706548733155095
-1.4194551429031,1.54717709402762,-0.539723225234805,-0.446129787925962,-0.699164863404466,-0.595633357927552,-0.932587270319474,-0.064128191785236,-0.715642376408405,-0.490512017805799
1.7250456062092,-1.93363813339507,0.706895964175841,0.458295775688383,0.718231133808955,0.611876317576413,0.95801898464378,0.0658769716640968,0.735157989643134,0.503888311806899
-2.0599474876083,0.900471197975891,0.598634636806135,0.133928134820395,0.209889248873147,0.178809097314265,0.279962641032746,0.0192512792188326,0.214835797260682,0.147251677493056
-1.70593959230153,-0.500579559275746,1.7689370743956,0.613065619742491,0.960783054361678,0.818511436805821,1.28154902074651,0.0881241080595711,0.983426233532783,0.674055089630459
-0.771670633472784,2.12237335381425,-1.59827407356385,-0.638762769096548,-1.00105506579032,-0.852820016446019,-1.33526620130624,-0.0918179024815304,-1.0246473524277,-0.702308662744494
-0.0270524050443729,-1.30937866717957,1.36359197249588,0.713331398347438,1.11791739351525,0.952377508993756,1.49114405633101,0.102536647311357,1.14426382388259,0.784295586255948
0.677368351055547,0.887965130907596,-1.40787111941661,-0.563387360353104,-0.882928370858866,-0.752185382691257,-1.17770185883976,-0.0809831884619584,-0.903736715891441,-0.619434699076731
-1.81318282403195,0.195127758121798,1.14359905086588,0.546261958119906,0.856089814373353,0.729321047885366,1.14190301161185,0.0785215257159772,0.87626564383393,0.600605614284625
-3.14572419366046,1.23081625068699,1.06850456827965,0.468835718458575,0.73474910200263,0.625948324589796,0.98005162340362,0.0673920183829329,0.752065243754846,0.515476797345601
2.06181233152951,-2.5407273842062,1.06344550686172,0.164833837954069,0.258323992068237,0.220071681061928,0.344567753945582,0.0236937686276382,0.264412022461823,0.181231965777059
-1.64763883745808,0.82588241550562,0.377166683355261,0.250968349788519,0.393312118463281,0.335070925465484,0.52462286670869,0.0360750322055009,0.40258147092334,0.275935377981503
1.26394845553539,-1.89614219188547,1.0027519724638,0.38371106029752,0.601343596236664,0.512297348225674,0.802107503239935,0.0551559145585661,0.615515714209779,0.421883701861608
-1.63103892373507,1.32457764034063,-0.144700323965284,0.0406809849929537,0.0637543515038225,0.0543136825895485,0.0850393086838269,0.00584762120406401,0.0652568771754453,0.0447280423214705
-2.23144455835593,2.25749589160709,-0.666709647392264,-0.53417095357242,-0.837141056026223,-0.713178199247491,-1.11662804179022,-0.0767835241758827,-0.856870312112742,-0.587311763036857
1.24350016132522,-1.81883300690259,0.939008288579014,0.362214050052183,0.567653951118685,0.483596425883413,0.757170270516853,0.052065862217002,0.58103209102656,0.398248109355551
-2.29021390237872,1.46740552051667,0.192376291625938,0.0548298500529454,0.0859281439174308,0.0732040060663241,0.114616018873388,0.00788142651513451,0.0879532487001702,0.0602844757587067
-1.9361400007639,0.893741725751282,0.522833034823012,0.361986352942139,0.567297109179074,0.483292424675879,0.756694293722515,0.052033132270836,0.580666839242564,0.39799776030485
-1.5897292570354,-0.00417423234998962,1.1827555595542,0.580968114184341,0.910480544427254,0.775657663006991,1.21445257055945,0.0835103049736353,0.931938223146378,0.638764435108027
1.6384190562912,-1.65351271214737,0.482759449173663,0.312006916208813,0.488970427118365,0.416564264991238,0.652217552342106,0.0448489204318258,0.500494199254385,0.343046230448858
-1.57612388059165,-0.0452541471850017,1.2150941248978,0.606186268414137,0.950001885154931,0.809326730375165,1.26716846232941,0.0871352470301527,0.972390979967538,0.66649136133302
-1.64442208535608,1.43082467687829,-0.240187519571547,0.0957321587947224,0.150029349168307,0.127813180710581,0.200117981512091,0.0137608615370499,0.15356515407111,0.105255859729988
0.395314537550667,0.825074832875746,-1.13901735213568,-0.568468563138207,-0.89089152092713,-0.758969358922192,-1.18832357736999,-0.0817135775897896,-0.91188753687349,-0.625021394021689
0.0817703346842623,-0.997320948870884,0.959398859365773,0.407320863406429,0.63834436420239,0.543819086263265,0.851461306617377,0.0585496668314609,0.653388494868394,0.447842273730991
1.80851422641918,-1.59874684453451,0.293322570494916,0.0082532249446563,0.0129342739427985,0.0110189819656986,0.0172524963155946,0.00118634623022628,0.0132391014280517,0.00907427867533557
1.21067330091801,0.286311558604331,-1.1955266868051,-0.721379161368007,-1.13052967201642,-0.963122176221719,-1.50796705616346,-0.103693459755611,-1.15717334126673,-0.793143963084569
-2.89339163697763,0.905954847538903,1.19975573160348,0.105008854479087,0.164567584109212,0.140198611028153,0.219509935468104,0.015094324883548,0.168446017722112,0.11545542685565
2.39383789093347,-1.46139087059164,-0.276729691626378,-0.136334246674498,-0.213660054838896,-0.182021526795541,-0.284992364101749,-0.0195971418054891,-0.218695471399859,-0.149897156034422
-1.56419121371471,-0.0181084988091055,1.17198216708004,0.396763515530309,0.621799119106705,0.529723841479237,0.829392284319233,0.0570321182443317,0.636453321008426,0.436234651578101
-1.92585521602875,0.603774277896296,0.816845313266365,0.635957978046017,0.996659458492188,0.849075305474175,1.32940308142404,0.0914147324102331,1.02014815199981,0.699224843293398
1.55220061349617,-0.173463406364849,-0.974006400640419,-0.511759820780257,-0.802018818010652,-0.683256820668369,-1.06977993229147,-0.0735620727939842,-0.820920333511337,-0.562671108535163
-2.08638037308382,0.470607302050275,1.06297443461344,0.483430512727295,0.757621744936304,0.64543401362875,1.01056050157384,0.0694899230538622,0.775476935904378,0.53152352226727
-0.793368434917052,-1.24313790082939,1.85230093410788,0.618192918695661,0.968818445338129,0.82535695659676,1.29226709845452,0.0888611232051809,0.99165099795495,0.679692466518259
0.912250996579034,1.13229099973555,-1.82701608747528,-0.611593699089497,-0.958476292450357,-0.816546257468163,-1.2784721258584,-0.0879125292489145,-0.981065107191297,-0.672436738224455
2.46365361023273,-0.888726850937234,-0.902641269648552,-0.0699542642483271,-0.109630795637117,-0.0933967971726139,-0.146232011643619,-0.0100554605303699,-0.112214510802588,-0.0769135086677098
0.0367490112253008,1.53413799180173,-1.59280998354464,-0.582342771430331,-0.912634877250643,-0.777492984775651,-1.21732614655316,-0.0837079028160022,-0.934143328039374,-0.640275847073268
-0.378315180042351,-1.21623195325407,1.51953005972232,0.527431387102881,0.826578954598324,0.704180121298269,1.10253968887798,0.0758147562908302,0.846059289189018,0.579901725784068
-1.11133095279246,1.90995178269106,-1.12849517239123,-0.400268893122434,-0.627292670337106,-0.534403914145329,-0.836719906478868,-0.0575359929744916,-0.642076341075971,-0.440088753864968
1.16053052862159,0.209464290071504,-1.08282009059288,-0.760361903815537,-1.19162257488033,-1.015168514336,-1.58945636791222,-0.109296969881245,-1.21970604632048,-0.836004816977418
-1.37236574994374,1.57525749901621,-0.61044659428915,-0.686393888723017,-1.07570151655135,-0.916412909126099,-1.43483403344141,-0.0986645593446642,-1.10105302755409,-0.754678258388276
-2.00377269955982,1.9253660906702,-0.489652678661458,-0.288989305958962,-0.452897730872167,-0.385833170911366,-0.604101665680558,-0.0415402919463744,-0.463571362572654,-0.31773876442824
-2.67650920912428,0.887261072734193,1.06048343744581,0.105079298896082,0.164677983061531,0.140292662234276,0.219657192092369,0.0151044508002778,0.168559018493069,0.11553287927882
-0.628806117275408,1.54251490347008,-1.11451991312294,-0.537445253696024,-0.84227246769301,-0.717549757547939,-1.12347262087263,-0.0772541830558133,-0.862122657920951,-0.590911799627099
0.547273141515939,-1.65094591235648,1.28465266972046,0.578810002237267,0.907098398501284,0.772776341246803,1.20994126514063,0.0832000907252673,0.928476368761941,0.636391628192955
1.73349580880855,-2.05701255912101,0.822322236765716,0.375861966222562,0.589042667369576,0.50181792634647,0.785699799885546,0.0540276594547783,0.602924884167765,0.413253758116866
1.34100547767004,-1.27272060342472,0.320001400752104,0.438328367151829,0.686938647093591,0.585217585257662,0.916279222972566,0.0630067894015781,0.703128019704904,0.481934490034201
0.22003645344666,-2.14208138017972,2.01854297221978,0.586314306548474,0.918858980378326,0.78279543007872,1.22562822185736,0.0842787845921825,0.940514117228661,0.64464248153102
-1.09805607514749,1.67492799587189,-0.902999880885985,-0.451700916412808,-0.707895814336083,-0.603071439978725,-0.944233126858891,-0.0649290044763713,-0.72457909334035,-0.496637377621476
-0.230107550882197,2.1188819053184,-1.99173684567287,-0.702806279139672,-1.10142265648497,-0.938325293100586,-1.46914240466504,-0.101023731381094,-1.12738034843289,-0.772723398968815
0.906674560791757,0.102020008136014,-0.786520234774761,-0.67355352135971,-1.0555783731599,-0.899269576991329,-1.40799259968529,-0.0968188418804817,-1.0804556335613,-0.740560495631335
-2.07314989145682,1.70852274643161,-0.209503343436959,0.0375292141368755,0.0588149650299524,0.0501057146187222,0.0784508641125575,0.00539457509194196,0.0602010820988054,0.0412627245504614
1.84749166998042,0.29526516183799,-1.66613908502676,-0.641614662678925,-1.00552449114799,-0.856627614586508,-1.34122778406357,-0.0922278432287107,-1.02922211061644,-0.705444270618075
-0.527397617538153,-0.85846562448351,1.26605618125982,0.481892996250446,0.755212182681975,0.643381256501207,1.00734648553407,0.0692689152795131,0.773010586480874,0.529833049382743
2.3907150123524,-1.31141161389557,-0.427270074471699,-0.184982942116441,-0.28990122820147,-0.246972997441765,-0.386687331159933,-0.026590068428717,-0.296733452627463,-0.203385558760867
0.959893650840202,-1.83124805657504,1.16316579750324,0.507182120220069,0.794844745636444,0.677145076440467,1.06021073206027,0.0729040587644259,0.813577186749922,0.557638005614312
1.30281282658536,0.647817342071631,-1.62486604445477,-0.655020274061253,-1.02653347262522,-0.874525610951755,-1.36925080082766,-0.0941548107636984,-1.05072621961453,-0.720183509438319
2.25121726421754,-0.63183093122582,-1.01910019644636,-0.437840791551679,-0.686174529258145,-0.584566617086917,-0.915259997602899,-0.0629367036497578,-0.702345893582387,-0.481398409059706
-1.50024280616565,1.56686366704637,-0.491986386922695,-0.188189702656532,-0.29492679330755,-0.25125438281494,-0.393390725866111,-0.0270510189424236,-0.301877457344458,-0.206911336742321
2.24679531245716,-0.66950202659387,-0.971139216941438,-0.236883835492229,-0.371239175161592,-0.316266517483494,-0.495180675003856,-0.0340504768890011,-0.379988325264059,-0.260449697100596
-1.51014336860624,1.87992378438466,-0.80322655152054,-0.274123489329309,-0.429600347611598,-0.365985636590423,-0.573026243848338,-0.0394034296124278,-0.439724920061933,-0.301394055088741
0.589792378848913,-2.22702814237854,1.83203575134013,0.510163087857959,0.799516453035872,0.681125002937383,1.06644213051778,0.0733325530491876,0.818358994246557,0.560915528188792
0.373360444804957,-1.48004404840084,1.23925648556856,0.581257696009155,0.91093437074074,0.776044287257102,1.21505791082331,0.0835519304362288,0.932402744975862,0.639082825336731
-1.74916969459019,-0.0975684422134018,1.39062568459409,0.506358982033252,0.793554741441421,0.676046094539859,1.05849004849348,0.0727857381211096,0.812256780482353,0.556732979355416
-2.4504794929039,1.95594881931901,-0.190988608735391,-0.175503463569502,-0.275045196385644,-0.234316829234381,-0.366871481016322,-0.0252274563935328,-0.281527302448651,-0.192963035370482
-0.284375337148072,1.45496894374264,-1.28076096204671,-0.637870607437449,-0.999656889516512,-0.851628880460024,-1.33340123145025,-0.0916896601728425,-1.02321622474437,-0.701327746366667
2.40948692094787,-1.10849772090343,-0.649928752305945,-0.316741929999345,-0.496391037352589,-0.422886040044635,-0.662115599290205,-0.0455295471926539,-0.508089694137468,-0.348252296556951
2.39870154196652,0.0094153653766553,-1.78042304759973,-0.65831103211809,-1.03169067680565,-0.878919142440951,-1.37612978348375,-0.0946278353621425,-1.05600496579942,-0.723801641242685
-0.680208476849869,1.76700871040766,-1.30419390075686,-0.56294803795435,-0.882239874387148,-0.751598837962201,-1.17678350169856,-0.0809200387871209,-0.903031993333202,-0.618951671666071
-1.77764622995019,2.49561548227442,-1.23013688512961,-0.313165584441069,-0.490786266675061,-0.418111217175514,-0.654639626082012,-0.0450154712890528,-0.502352833467212,-0.344320166213635
2.36178726152808,-1.64587930394893,-0.0641618647161265,-0.0401877112131805,-0.0629813036056774,-0.0536551067092204,-0.0840081718706196,-0.00577671637679619,-0.064465610531678,-0.0441856962966241
0.304910737525263,-1.54617554592285,1.35600096138792,0.586620179879086,0.919338338384009,0.783203805318265,1.22626761779589,0.0843227518504519,0.941004772466493,0.644978783989748
-0.954000881933554,2.12511195258936,-1.45980506892352,-0.392141662181914,-0.614555851446796,-0.523553148321644,-0.819730787340888,-0.056367757544933,-0.629039348206849,-0.431153003427093
0.428591695571354,1.15945175256963,-1.51090519434371,-0.882600637366578,-1.38319244929574,-1.17837094848035,-1.84498354842094,-0.126867975361933,-1.41579072870474,-0.970404199109904
3.00311114332918,-2.38297441049909,0.216252586525897,0.107677791519634,0.168750283968963,0.143761941643104,0.225089066870357,0.0154779668438721,0.172727293032287,0.118389877162682
1.51326964833995,-1.76081705342626,0.686286060045485,0.434501928792012,0.680941936437699,0.580108860418292,0.908280457138935,0.0624567643200128,0.696989982041627,0.477727386963122
2.08075170815225,-0.425182670736609,-1.10488021565929,-0.490001791017529,-0.767920108803786,-0.654207407963356,-1.02429706579586,-0.0704345006316773,-0.786018005653445,-0.538748529565463
2.96476087479303,-2.11370960304833,-0.0248642957342796,0.177298063118995,0.277857653618594,0.236712821128958,0.370622902106043,0.0254854181508559,0.28440604204654,0.194936166665452
-1.08899390532921,-0.0466909192744107,0.857314718374392,0.484809386480056,0.759782685777046,0.647274964907375,1.01344289173026,0.0696881269910522,0.777688804548659,0.533039570209082
-3.27011633516476,1.46396681218082,0.915283742374085,0.204666040617908,0.320748150437111,0.273252143941602,0.427832772687722,0.0294193830133761,0.328307357280088,0.225026786546865
-0.495282443522638,-1.56896078359837,1.96512470907198,0.669077344002308,1.04856340573257,0.893293377638079,1.39863562300231,0.0961754211365437,1.0732753414401,0.73563901572334
2.5888345713217,-0.573007165397467,-1.3315483284118,-0.646202802668759,-1.01271492396842,-0.862753296625117,-1.35081880682144,-0.0928873578568943,-1.03658200339761,-0.710488851512015
-2.2808993771064,1.77005710243296,-0.136117059295306,-0.439169954610267,-0.6882575645843,-0.586341199007351,-0.918038472795917,-0.0631277620050658,-0.704478020679984,-0.482859800949479
1.74183095076028,0.17530225856621,-1.47013290945553,-0.699504157853229,-1.09624764409919,-0.933916590424014,-1.46223966837589,-0.100549073393921,-1.12208337434917,-0.769092773489215
-0.123397179685386,-1.03645991173048,1.1520470662289,0.514823280715456,0.806819805537388,0.687346883644351,1.0761837721964,0.0740024247981937,0.825834467934527,0.566039329969708
-2.84725320589785,1.93075437786316,0.127771050207337,-0.0538262506259689,-0.0843553248067927,-0.0718640881480806,-0.112518100116495,-0.00773716576799206,-0.086343362298676,-0.0591810354744712
-2.00166723117378,0.765704396516972,0.694076017178507,0.19587549532481,0.306971799775407,0.261515778980894,0.409457064852515,0.0281558005543941,0.314206333556197,0.215361733403078
-1.65398016583439,1.72393567616243,-0.549843327830119,-0.533092473402569,-0.835450885450203,-0.711738307129969,-1.11437359273769,-0.0766284998196515,-0.855140308574423,-0.586125992665556
1.23750406348894,-1.56133021149253,0.684388312223543,0.379209785816319,0.594289297144855,0.506287641394271,0.792698063666537,0.0545088862698916,0.608295163478188,0.416934628098262
1.41288575866222,-0.358319168560073,-0.683366982124143,-0.430455454857051,-0.674600390832418,-0.57470636338071,-0.899821730141647,-0.0618751105870005,-0.690498982558376,-0.473278358567005
-1.30615767126731,2.27328820910897,-1.35266905700953,-0.399320894570633,-0.625806987704123,-0.53313822963826,-0.83473821548755,-0.0573997244836009,-0.640555644734225,-0.439046445785333
-1.51345034398022,-0.482654781753131,1.60298386957645,0.388753294670221,0.609245675859799,0.519029297250716,0.812647762413862,0.0558807022361206,0.623604025473781,0.427427551708313
1.37048832054166,-2.09101359597896,1.12086418553,0.364524278375527,0.571274490508429,0.48668084008541,0.761999559177219,0.0523979421834079,0.584737957194004,0.40078816560632
-1.44279241910975,-0.366058682204992,1.4428593207812,0.653675423190292,1.02442585170202,0.872730084040392,1.3664395319174,0.093961497389632,1.04856892750077,0.718704869069046
0.333976231547678,-1.22765082183542,1.00569261788136,0.347645218281252,0.544821996044713,0.464145399694052,0.726715664210108,0.0499716894825685,0.557662045644667,0.382229929753029
2.71845216410742,-0.793378995683845,-1.20159074347064,-0.577287579301367,-0.904712490514798,-0.770743735691115,-1.20675880055636,-0.0829812525471096,-0.926034231076378,-0.634717750396735
-1.05078877970283,1.91175907858351,-1.18000822499016,-0.565234374310241,-0.885822970807125,-0.754651353705079,-1.18156284672075,-0.0812486844420047,-0.906699534096631,-0.621465459110133
1.74265907919044,-0.223903704472797,-1.05731182203825,-0.372008802896137,-0.583004073929492,-0.496673520676022,-0.777645168327784,-0.0534737928368921,-0.59674397665107,-0.409017271405303
-2.82122328574211,0.569187333700342,1.4913097731811,0.244803581201968,0.383650827728192,0.326840267227833,0.511736068149439,0.0351888876956983,0.392692488477676,0.269157321100896
2.44460825008462,-1.0325440384752,-0.753368095795352,-0.354548176153384,-0.555640160911473,-0.473361623511173,-0.741145569617299,-0.0509639437957527,-0.568735166762236,-0.389819613038759
2.28675742265956,-0.752669311092936,-0.923079731876237,-0.43411023422751,-0.680328081267974,-0.579585904195572,-0.907461660962141,-0.0624004608297877,-0.696361659888404,-0.477296725535893
-2.32945433875392,1.69943517460038,-0.00580589384706793,0.265636005834988,0.41629894878427,0.354653893158585,0.555284054740884,0.0381834102727011,0.42611004156247,0.292062213172855
2.53002309666644,-0.84577716420718,-1.00560420785424,-0.405137246685411,-0.634922247751534,-0.540903712766209,-0.846896686158507,-0.0582357864413576,-0.649885727956865,-0.445441424756256
-1.60783455842568,-0.820192663576878,2.02031147543903,0.63466074624473,0.994626465135329,0.847343355367452,1.32669135515676,0.0912282639609293,1.01806724623169,0.697798559271053
0.303995667632705,1.62002251188635,-1.87630337581534,-0.644296946770774,-1.00972810821514,-0.860208765013542,-1.34683481606892,-0.0926134037389476,-1.03352479609866,-0.708393395778127
0.467418018047172,-1.20679484304438,0.898225160000472,0.669704078442959,1.04954561026463,0.894130138485519,1.39994574525157,0.0962655100467581,1.07428069400032,0.73632809944613
0.533383728000162,1.02655218487572,-1.44414680524414,-0.609477394147108,-0.955159665549369,-0.813720752753281,-1.27404821357368,-0.0876083244795973,-0.977670315946316,-0.670109897390962
1.92833225204655,-2.05936722928229,0.679406160140637,0.279486948856427,0.438005844283512,0.373146457263478,0.584237990329374,0.0401743912708869,0.44832851261647,0.307291086460031
-0.0276764713455477,1.80714694904829,-1.81910364417708,-0.524985296242107,-0.822745494406172,-0.700914315354282,-1.09742639391194,-0.0754631469876876,-0.842135484224878,-0.577212291013455
-2.11812057496801,2.212806583157,-0.690852872512931,-0.135244000225124,-0.211951444406498,-0.180565925373748,-0.282713318882814,-0.0194404261247818,-0.216946593425295,-0.148698448841445
-0.550728371385097,1.71340363443228,-1.34393937114794,-0.544592566401356,-0.853473580119427,-0.72709222250332,-1.1384133242876,-0.0782815617521505,-0.873587751684711,-0.598770146843231
1.49321521590531,-1.70873846271028,0.644880655129513,0.329614265279343,0.516564280165127,0.440072052937518,0.689023858604652,0.0473798598323842,0.528738368265528,0.362405207487688
-1.90984933621611,1.026878113198,0.369889083929081,0.374614811037204,0.587088152991891,0.500152834144568,0.783092753502509,0.0538483891861769,0.600924306925996,0.411882532471228
2.12960722186105,-1.80968187583007,0.274507673742261,0.0871173807305772,0.136528457070338,0.11631148473551,0.182109696531616,0.0125225444489822,0.13974608075902,0.0957840596270678
0.641249893688061,0.305811398246012,-0.799638697734607,-0.709318434497205,-1.11162836418314,-0.947019751681768,-1.48275537863168,-0.101959810430298,-1.13782657834565,-0.779883401620821
-2.83748548199122,0.590730272418354,1.48145065673415,0.244811859126429,0.383663800710678,0.326851319186427,0.511753372277489,0.0351900775923199,0.392705767199909,0.269166422536265
1.57941877187052,-1.61689793949573,0.499557607909392,0.629630910711256,0.98674381670233,0.840627960184909,1.31617701444859,0.0905052585341041,1.00999882410087,0.692268341734525
3.08855017800071,-1.200324964716,-1.05289064381052,-0.330206072436113,-0.517491747420449,-0.440862181939375,-0.690260969050591,-0.0474649281776871,-0.529687693532544,-0.36305588926343
-0.213439712806022,-0.961200395277395,1.14530555116482,0.618050356109533,0.968595024365681,0.825166619537483,1.29196908640367,0.088840630780976,0.991422311526282,0.679535721410271
0.177792410977159,1.03627190581676,-1.18921513486627,-0.446519263053943,-0.69977524032173,-0.596153350953318,-0.933401426998294,-0.0641841762462127,-0.716267138335726,-0.490940239000799
1.14201605316736,-1.90159534401266,1.10313082162613,0.561576669103032,0.880090695064094,0.749767906569646,1.1739167997471,0.0807229136296315,0.900832163395255,0.617443875234133
1.86937606531311,0.00437652637126303,-1.38881232365315,-0.639683302402531,-1.0024977054897,-0.854049031766148,-1.33719047909781,-0.0919502230258842,-1.02612399142488,-0.703320773259406
0.823267536723877,-1.96650874608437,1.39401960877686,0.35577782146463,0.557567234196739,0.475003338065143,0.743716013455195,0.051140697136331,0.570707656195795,0.391171586879396
1.4905932507823,-1.86173184075467,0.79568024494216,0.171283654129969,0.268432003161986,0.228682909836243,0.358050414427656,0.0246208868338233,0.274758253313112,0.188323427572572
-2.48463602110768,0.135200359543655,1.69741229805237,0.661632577212499,1.0368961297592,0.883353778082047,1.38307312319491,0.0951052853926098,1.0613330978566,0.727453622864594
-2.19591106131139,0.884133477099781,0.720695840327713,0.326090602783896,0.511042073233449,0.43536756787248,0.681658013783052,0.0468733567689035,0.523086017155718,0.358531001264554
3.20272717589577,-1.74514947913587,-0.580218397081847,-0.130326952744283,-0.204245554947115,-0.174001114905211,-0.272434749703412,-0.0187336332308699,-0.209059096021319,-0.143292239826156
2.84640698582397,-0.590939737149145,-1.48808346978425,-0.25490444804552,-0.399480685715866,-0.340326058580108,-0.532850864992039,-0.0366408201684252,-0.408895415400154,-0.280263050220784
2.31321161997934,-0.760526257046788,-0.933446392269781,-0.404404891620303,-0.63377451688281,-0.539925936526129,-0.845365775133155,-0.0581305152683914,-0.648710948031038,-0.444636212976055
-0.713119903329752,1.84905216323706,-1.35753445616752,-0.40355666147896,-0.632445189124481,-0.538793454048929,-0.843592639481768,-0.0580085878233873,-0.647350291445175,-0.443703598545335
-2.26588961058067,1.09959249688229,0.561088670613305,0.52091909329765,0.816373029927947,0.695485477873867,1.08892642550103,0.0748786573406903,0.835612837190573,0.572741570911204
-2.27730593230709,0.0486677062068242,1.62260917877484,0.338585761254684,0.530624212785395,0.452050007375999,0.707777824757018,0.0486694527492387,0.543129657243518,0.372269212789956
-2.29622119721593,1.80971936553163,-0.155050287360661,-0.145779366329491,-0.228462240149414,-0.194631822024392,-0.304736390605428,-0.0209548149783247,-0.233846506050078,-0.160281902414901
-0.985839078054208,1.73008613632617,-1.03260037452972,-0.219663324738883,-0.344251566679784,-0.293275202124509,-0.459183013445253,-0.0315751429253933,-0.352364688439037,-0.241516042128712
-0.0321841600100829,1.50765041070961,-1.51360793487624,-0.515596833458179,-0.808032100507012,-0.688379663409684,-1.07780080262187,-0.0741136178634942,-0.82707533357063,-0.566889837886869
2.02297678866073,-2.57435465369068,1.13638747788749,0.483667921872446,0.757993807365293,0.645750981493609,1.01105678035328,0.0695240490405231,0.77585776688544,0.531784549533292
-1.75449473368204,2.01500772887908,-0.762828960835486,-0.321110639691347,-0.503237583801018,-0.428718757998206,-0.671247926152807,-0.0461575201739812,-0.515097596031574,-0.353055617617834
-2.47048104941103,0.94421420600421,0.860906996202799,0.343842563777684,0.538862558929067,0.459068428973204,0.718766616019587,0.0494250831722581,0.551562159962869,0.378048976622249
1.16549594950794,-1.31200794577902,0.48092868575367,0.241381127708387,0.37828723333457,0.322270907543941,0.504581790072174,0.0346969327535441,0.387202487994455,0.265394392432118
-0.939619154840307,-0.31633966896698,1.02219705778609,0.543547800787033,0.851836246258751,0.725697343102868,1.13622935195768,0.0781313836391907,0.871911830086875,0.597621445045044
-2.81103302172971,1.93650377921738,0.0985435231522356,0.0345287664840972,0.0541127289764944,0.0460997801147324,0.0721787447383958,0.00496328068451525,0.0553880264664841,0.0379637840351304
0.23583299607536,1.13319560194768,-1.33473534096332,-0.61009854550496,-0.956133120395962,-0.814550059558323,-1.27534666497718,-0.0876976108587677,-0.978666712613549,-0.670792842610378
-1.86727987011685,1.45261204966393,-0.102396176147999,0.0148900188433367,0.0233353124414528,0.0198798469936129,0.0311260140074246,0.00214034124130204,0.0238852655845966,0.0163713192565916
-2.42015652900022,1.04237339643072,0.724773544275763,0.328999561815126,0.515600930316664,0.439251354794444,0.687738885842768,0.0472915002950675,0.527752314745176,0.361729351616268
2.67514655413971,-0.987309019037629,-0.966606299623241,-0.341694595154642,-0.535496309399064,-0.456200649689482,-0.714276514149889,-0.0491163269593016,-0.548116576611462,-0.375687322117245
-1.52747142767391,2.07726052007228,-0.996792791400198,-0.490489124001387,-0.768683846416276,-0.65485805221411,-1.02531578400175,-0.0705045515090182,-0.786799742592132,-0.539284343787523
0.257750035590548,0.82710203418977,-1.04555531061204,-0.710643532008021,-1.11370502807159,-0.948788905639449,-1.48552535522585,-0.102150284390135,-1.13995218384719,-0.781340323510841
-0.297401086082651,1.30814936535909,-1.11642589746244,-0.434551498221757,-0.681019620565759,-0.580175041172612,-0.908384076803948,-0.0624638895960724,-0.697069496984274,-0.477781887697356
-0.492921221557832,1.1012310442108,-0.773918475347533,-0.690351155006346,-1.08190325787264,-0.921696303932598,-1.44310628125129,-0.0992333900706786,-1.10740092792687,-0.759029204507912
1.11422179888709,-0.138733771616166,-0.689038726634978,-0.491945935561358,-0.770966929686883,-0.656803059216147,-1.02836109492439,-0.0707139584879762,-0.7891366322484,-0.540886083005983
-2.68401716765267,2.37390664127782,-0.441478763496418,-0.15910645002978,-0.249348154757829,-0.212424975117101,-0.332595253532182,-0.0228704946809583,-0.25522464781059,-0.174934801401283
-1.66728470318464,2.21252443147448,-1.03271503522132,-0.535247556859548,-0.838828285192616,-0.714615585515844,-1.11887856741737,-0.0769382787426973,-0.858597304919995,-0.58849546980793
2.7017375688102,-1.97879080210866,0.0278444547370432,0.0866984874350372,0.135871976643154,0.115752215153006,0.181234044276117,0.0124623313219485,0.13907412878093,0.0953234936635264
1.33788860085213,-1.28773630171235,0.339881314804059,0.511755365786828,0.802011836242213,0.683250872751938,1.06977061959755,0.073561432418289,0.820913187200619,0.562666210346618
1.21813007499299,0.438827140032712,-1.35013080755628,-0.585665704496842,-0.917842505403765,-0.781929473515343,-1.22427238767362,-0.0841855523582338,-0.939473686559974,-0.643929354746597
1.43347754497972,-1.47070088059191,0.440954169412559,0.10575087336121,0.165730459900973,0.141189289548991,0.221061047683725,0.0152009851659789,0.16963629949776,0.116271263836211
1.18615851682318,0.469068838966559,-1.35572541006572,-0.538720503894471,-0.844271011961818,-0.719252359746797,-1.12613839691748,-0.077437491795811,-0.864168302724842,-0.592313915255727
0.241959735517655,-1.73837684190341,1.5913723559279,0.459994723025737,0.72089368698339,0.61414460302804,0.96157045487204,0.0661211840516833,0.737883292330383,0.505756275142109
-2.10210050812362,-0.253538200562136,1.80566988958467,0.521871836799733,0.817866148743415,0.696757497422321,1.09091803531048,0.0750156078866463,0.837141144966451,0.573789095981947
1.53087332750824,0.241459198462331,-1.37720642972178,-0.526777786324811,-0.825554645728826,-0.703307490873846,-1.10117340538382,-0.0757208055231806,-0.84501084000069,-0.579183102986024
2.59124591771962,-1.81916469792009,-0.056064475370076,-0.01903723548448,-0.0298347398163739,-0.0254168468552478,-0.0397953330070992,-0.00273647606873549,-0.0305378677036931,-0.020931112522991
1.91771578379949,-1.54874539138842,0.166208957152134,0.0944439233787855,0.148010454750152,0.126093241788406,0.197425061239578,0.0135756862583451,0.151498679517325,0.103839467078384
1.98541274295177,-1.45157639860479,0.0262692391834671,0.313128643517964,0.490728373666892,0.418061896895475,0.654562404978257,0.0450101612768866,0.50229357607012,0.344279550304941
-1.71336086432372,1.50396522585672,-0.269571945135919,-0.0800850082555239,-0.125507476463354,-0.106922477892935,-0.167409263545805,-0.0115116876467902,-0.128465364057199,-0.0880520872144281
-0.495067289149636,1.5983588515918,-1.27040380646194,-0.59955710087906,-0.939612798526811,-0.800476047398942,-1.25331088674638,-0.0861823482581557,-0.961757049356298,-0.659202705807192
1.87836974145682,-0.494122902157148,-0.877918401284238,-0.195205950844495,-0.305922504283844,-0.260621861923829,-0.408057452730318,-0.0280595579855174,-0.313132308875552,-0.214625580779025
2.07575453152231,-2.2536067479214,0.771396896176187,0.38865820568527,0.609096654478636,0.518902342779301,0.812448988919437,0.0558670338265487,0.623451492042922,0.427323003007146
2.08497131869561,0.0236366609719035,-1.55362066658465,-0.289567479769407,-0.453803832244781,-0.386605097865139,-0.605310277053853,-0.041623400588758,-0.464498818418199,-0.318374456574515
-2.72167754305169,2.19921108068773,-0.237416110861403,-0.143873828987822,-0.22547592363064,-0.192087715721265,-0.300753065761282,-0.0206809066507311,-0.230789809751302,-0.158186796928195
1.65762368321131,-1.98151323613009,0.799607521394882,0.318653981970005,0.499387563455685,0.425438844108921,0.666112542279188,0.0458043919548651,0.511156840634144,0.350354564766026
-2.03704936024227,0.573714240004811,0.922462129093298,0.46514662897403,0.728967641505361,0.62102297592032,0.972339970908165,0.0668617362892901,0.7461475291414,0.511420706997223
-0.511912563248791,1.45701637959806,-1.10651041901352,-0.328070720521378,-0.514145270520246,-0.438011247377834,-0.685797241078978,-0.047157985532692,-0.526262348800837,-0.360708106611902
1.57988776435689,-2.49162923024691,1.37266421777358,0.383564507055271,0.601113921195071,0.512101683192408,0.801801149143338,0.0551348485040681,0.615280626319682,0.42172256909595
-1.22940583517671,2.50443918045849,-1.64713744011263,-0.563056997331441,-0.882410633144043,-0.751744310964477,-1.17701126978491,-0.0809357009733725,-0.903206776433689,-0.619071470624495
2.10555170583663,-0.872269184126484,-0.668524014668606,-0.377941068585986,-0.592300991201044,-0.504593761441361,-0.790045944102533,-0.0543265166006386,-0.606259998290213,-0.415539695355553
-0.422682522212024,1.85217674384536,-1.57416870471713,-0.455289137786504,-0.713519196532257,-0.607862118394838,-0.951733925206732,-0.0654447874495058,-0.730335004154755,-0.500582565219301
2.70311488405278,-0.737617531571596,-1.23596347641659,-0.260806665618915,-0.408730512235342,-0.348206181736205,-0.545188828348382,-0.0374892247151479,-0.418363236479621,-0.286752436784532
-0.787607522838303,-1.28595750491321,1.88958159223872,0.568236346680561,0.890527596364626,0.758659323878181,1.18783815335612,0.0816801980174439,0.911515035547443,0.62476607602614
-0.347437314090429,1.62056040484582,-1.39773920197034,-0.520137778317472,-0.815148570149255,-0.694442334649995,-1.08729316893681,-0.0747663485053479,-0.834359520052219,-0.571882528547656
-0.0890823298499288,-1.10418640302041,1.19633029977341,0.545480155420984,0.854864590252494,0.728277253502211,1.14026873552304,0.078409146774307,0.875011544339835,0.599746035682719
-0.180272384575676,-1.45795111102667,1.62144038267179,0.605851055628866,0.949476546996465,0.808879183669441,1.26646773535522,0.0870870624202824,0.971853260943285,0.666122800649229
-0.544589386248919,-0.461524295762554,0.887286828289731,0.743760870633363,1.16560579812317,0.993004271088908,1.55475365888259,0.106910681701097,1.19307612122053,0.817752266925322
1.27699956550071,0.088319208013232,-1.03143792310027,-0.339134971895597,-0.531484923711062,-0.452783265246487,-0.708925891679023,-0.0487483981285075,-0.544010652906324,-0.372873060430183
-0.787234102634275,1.73927730629189,-1.19768091521014,-0.547124044294509,-0.857440857004493,-0.730472029722713,-1.14370511183944,-0.0786454448736675,-0.877648527056165,-0.601553463185263
1.69318019701078,-1.64818504697458,0.428079453460177,0.033171955175689,0.0519863639168578,0.0442882846764693,0.0693424737950691,0.00476824807706153,0.0532115484653154,0.0364719933708866
0.695959547471585,-1.50682427769767,1.03089884913189,0.576461692859707,0.903418179314786,0.769641084561721,1.20503237205267,0.082862536860426,0.92470941629882,0.633809702478973
0.506696210938622,1.37831291315553,-1.7844220395266,-0.762646528734533,-1.19520298917377,-1.01821874511847,-1.59423213535608,-0.10962536952845,-1.22337084174657,-0.838516722726092
-1.39374123147565,1.84377984049663,-0.853754255013131,-0.336448325388087,-0.527274469961332,-0.449196290504738,-0.703309740503824,-0.0483622105500146,-0.539700969618548,-0.369919138869249
-1.78395330211961,0.369806081250295,0.950831815448358,0.683472762837745,1.07112359184011,0.912512878087907,1.4287277278565,0.0982446669140996,1.09636721296179,0.751466530790102
1.66176559793317,-2.00492859966037,0.816641797636841,0.213228648867308,0.334167283140419,0.284684187356408,0.44573200217259,0.030650201037324,0.342042744339407,0.234441226837032
-0.087140541270449,1.3111498779233,-1.27642017724652,-0.54385595710618,-0.852319182114223,-0.726108766388439,-1.13687352024297,-0.078175679061888,-0.872406147495189,-0.597960257610344
1.82420865968272,0.74231790356187,-2.09734452771678,-0.568817135732653,-0.891437796286852,-0.75943474247319,-1.18905223161627,-0.0817636825834319,-0.912446686534847,-0.625404643585562
-3.00626670083299,2.49806205898952,-0.328591968442784,-0.0670166146311312,-0.105026975293971,-0.0894747050970331,-0.140091164939811,-0.00963319292316714,-0.107502190285102,-0.0736836135108853
2.53638216242141,-2.05117541132363,0.213495290981239,-0.146958769282531,-0.230310574707827,-0.196206457388989,-0.307201808092334,-0.0211243463138498,-0.235738401088023,-0.161578635648051
-1.01886696507635,1.99738708081101,-1.28682250467721,-0.48289875606095,-0.756788387498509,-0.644724058774024,-1.00944892034488,-0.0694134865674284,-0.774623938380622,-0.530938864971456
1.71896235870617,0.62285463426669,-1.90788038223415,-0.797115026362881,-1.24922126611537,-1.06423805954384,-1.66628489440782,-0.114579986965532,-1.27866219018724,-0.87641424219238
1.40111697236469,-0.242749115661232,-0.791693062581707,-0.442670249533578,-0.693743150367104,-0.591014485739898,-0.92535547017244,-0.0636309061353658,-0.710092887574871,-0.486708314929526
-2.12578647835746,1.50708316323768,0.0207242769826692,-0.295153491315285,-0.462558107581576,-0.394063050471177,-0.616987245058528,-0.0424263526207081,-0.473459409451409,-0.324516180057256
2.25893456422178,-0.406912259118672,-1.25337541535837,-0.495183842139438,-0.776041306183696,-0.661126028047085,-1.03512959713815,-0.0711793860376296,-0.794330598714745,-0.544446105519754
-1.94049525448283,-0.472575270625059,1.90699903973717,0.473075197242205,0.741393120592921,0.63160850477076,0.988913806681682,0.0680014152801228,0.758865844731424,0.520138031248566
-0.361100607473677,-1.2683008345756,1.56479496057699,0.685758865465579,1.07470632196659,0.915565081777587,1.43350658429483,0.0985732789721287,1.10003437879912,0.753980061254192
-2.18630794177731,0.918987114658099,0.672045398263671,0.132496881108407,0.207646219303901,0.176898212908897,0.276970756095846,0.0190455460106502,0.212539905268236,0.145678038688251
0.770806518955926,-2.24609853994911,1.72155240625799,0.57735849675042,0.904823630792631,0.770838418448147,1.20690704600426,0.0829914464590538,0.926147990643981,0.634795722910505
-2.90876695645262,0.773767385893728,1.35219784622421,0.34229253528518,0.536433388116974,0.456998966899923,0.715526444930671,0.0492022768788205,0.549075739858456,0.376344746992012
0.0993521285005966,-1.29432742674763,1.24966481217429,0.517255099621181,0.810630899033184,0.690593634925907,1.08126723314561,0.0743519826026575,0.829735379076951,0.568713072971562
-0.793423254243864,1.95887937172787,-1.42098052067158,-0.738804042846801,-1.15783756583717,-0.986386349445737,-1.54439193316953,-0.10619817065264,-1.18512481173027,-0.812302320149058
0.526964751838807,-2.11911252554491,1.76445596342923,0.373361452820453,0.585123917358835,0.498479460199287,0.78047274033655,0.0536682272730416,0.598913779323936,0.410504486699413
-2.32806223236087,1.12286383701813,0.582143230793369,0.496714034928487,0.778439390914401,0.663169007229119,1.03832830378097,0.0713993410805348,0.796785200118989,0.546128526135687
0.20688493507406,-1.46029265200643,1.34201228954224,0.619769111379759,0.971288620100052,0.827461350803511,1.29556196302654,0.0890876904272582,0.99417938836656,0.681425463226508
-2.5309001145601,1.4827951412176,0.357449875285433,0.206757887944428,0.324026447896486,0.276044994993219,0.432205558905906,0.0297200721629712,0.331662915757351,0.227326736652961
-2.42358264760271,0.817701420056581,0.956174380356386,0.401278534497099,0.628874958256248,0.53575189874212,0.838830455290184,0.057681122211456,0.64369591944137,0.441198837166621
2.12737069646435,-0.311213122413724,-1.25302694896908,-0.468540014372405,-0.734285681014813,-0.625553526433374,-0.979433485198087,-0.0673495128859614,-0.751590901129297,-0.515151675795985
-2.42518488807881,1.05071072485966,0.721208927634706,0.363861274795085,0.57023544577234,0.48579565586408,0.760613620116365,0.0523026398254134,0.583674424852707,0.400059204589017
0.991568855196747,1.04516078535465,-1.80388433160967,-0.815655182994898,-1.27827699480675,-1.08899125031949,-1.70504113649856,-0.117245011253091,-1.30840268748244,-0.89679882507864
0.787588877274552,0.83923969660047,-1.44153797689627,-0.635457117388782,-0.995874520605327,-0.848406600260588,-1.32835608504365,-0.0913427370197568,-1.01934471515095,-0.698674155627457
-2.60231351816034,1.6791823765499,0.210297347477029,0.169399373654869,0.265478999940404,0.226167183836688,0.354111524821205,0.0243500340395139,0.271735655420043,0.186251693644537
-2.11960275728046,0.0192034685012316,1.55188376687639,0.770765705752604,1.20792718613266,1.02905875805139,1.61120441861859,0.110792447260187,1.23639491521789,0.847443618014952
-2.47608477727977,2.72791045308732,-0.95156014296325,-0.208168670459147,-0.326237395452313,-0.277928548051745,-0.43515465096392,-0.0299228627726091,-0.333925969646046,-0.228877867728958
0.476489151876483,0.922041606871192,-1.29309773152171,-0.484019372682214,-0.758544593401229,-0.646220207785226,-1.01179145120514,-0.0695745677584878,-0.776421533528018,-0.532170963645339
0.391248154525895,-1.89929474452207,1.63993396500073,0.317238939842187,0.497169940327208,0.423549603988642,0.663154545949233,0.0456009890541559,0.508886953846764,0.348798750318793
2.48297755976227,-1.23533453944868,-0.573014576099268,-0.238296271969731,-0.373452714771784,-0.318152278768042,-0.498133224496633,-0.034253505244796,-0.382254032295156,-0.262002646680186
0.615314445511494,-1.04158455085396,0.618191659252303,0.501049292136522,0.785233511360315,0.668957062360578,1.04739070175393,0.0720225054896356,0.803739440464882,0.550895066766624
1.6799728908464,0.168960773514452,-1.41178839092682,-0.495870485075234,-0.777117398001383,-0.662042773462017,-1.03656495177823,-0.0712780863958358,-0.795432051241826,-0.54520105760111
1.68664149498763,-1.36599901657019,0.155854253941025,0.254552064008211,0.398928437146102,0.339855586324942,0.532114243326433,0.0365901673052042,0.408330151755597,0.27987561004113
2.30314974990658,0.174265432774101,-1.87337952775225,-0.552825089952975,-0.866375411291025,-0.73808356578498,-1.15562254652434,-0.0794649322947207,-0.886793645749101,-0.607821664693477
-2.19045263184665,0.955563597249046,0.634059522186668,0.00955768341851481,0.0149785927831343,0.0127605804917093,0.0199793291797176,0.00137385346567982,0.0153315995920905,0.010508508299703
2.39637869217138,-1.75274120710623,0.0131974481862448,-0.192850510135654,-0.302231109030658,-0.257477084110787,-0.403133652346421,-0.0277209790392033,-0.309353916954669,-0.212035814289128
-1.42503386603814,2.38787410739663,-1.39008341109607,-0.654151857729244,-1.0251725095096,-0.873366177643528,-1.36743546807363,-0.0940299816879547,-1.04933318210758,-0.719228700638644
0.953754114734383,0.594233804989328,-1.3172784012961,-0.681929612929744,-1.06870520099548,-0.910452599697258,-1.42550193572303,-0.0980228493714653,-1.09389182688087,-0.749769864045051
0.993828069070853,-2.47930977849614,1.78911751092436,0.431237457025156,0.675825927557026,0.575750424077621,0.901456423199752,0.0619875182010399,0.691753402023485,0.474138156481842
2.37428538471515,-1.83308452162133,0.109371768912752,-0.220153840254889,-0.345020291887173,-0.293930095413012,-0.460208384398956,-0.0316456512705775,-0.353151530517374,-0.242055355490053
-2.11494801412996,2.74300509875383,-1.23123844999005,-0.243111968046277,-0.380999768523133,-0.324581773732201,-0.50819992925444,-0.0349457295479788,-0.389978950643025,-0.267297421572102
-0.594255812680138,1.70074257559627,-1.29959571436619,-0.549119606126156,-0.860568257938478,-0.733136328827826,-1.1478766233854,-0.078932293623342,-0.880849632766027,-0.60374754904814
-0.024246337844935,1.00362450860545,-1.01941893444955,-0.75573352316543,-1.18436907777569,-1.00898910649774,-1.57978122629806,-0.108631670925609,-1.21228160299253,-0.830915992170601
2.78994527150109,-1.10511268899878,-0.925603869434384,-0.164938007891481,-0.258487244919835,-0.220210759624479,-0.344785510213399,-0.0237087423637693,-0.264579122762179,-0.181346498829049
-1.39103460278997,0.00257451299421099,1.02850693805257,0.504097372495236,0.790010396350563,0.673026591875149,1.05376239227624,0.072460646781947,0.808628904316949,0.554246378621719
1.98404222189162,-1.85658927372332,0.429145963151833,0.123698804650444,0.193858065965047,0.165151792997503,0.258579305154769,0.0177808809967753,0.198426800708529,0.136004705158411
-1.80232054390967,1.92352767637195,-0.638844026705614,-0.413042570715191,-0.647311298976167,-0.55145820794855,-0.863421932303128,-0.0593721242274154,-0.662566757173164,-0.454133192367836
1.79468921508074,-0.278590120932808,-1.04623661416638,-0.553707058602139,-0.867757613302209,-0.739261092958251,-1.15746620896807,-0.0795917094259792,-0.88820842269762,-0.608791374032443
-2.71242521659778,1.39304656761279,0.580233990029738,0.206059845414034,0.32293249088303,0.275113029839564,0.430746374615583,0.0296197331888098,0.330543176997903,0.226559250913689
-0.442483876540731,1.22456100034693,-0.937040045809777,-0.75075494674801,-1.17656676151024,-1.00234214799046,-1.56937403736592,-0.10791603365602,-1.20429540625132,-0.825442133149302
-1.93499181802974,0.767965625602708,0.652436157522739,0.470641749619681,0.737579474607717,0.628359578969407,0.983826941071777,0.0676516233584445,0.754962320943998,0.517462497500645
-2.08230405735154,0.387361155593089,1.14334272819414,0.466431507727755,0.730981275435783,0.622738433321559,0.975025874432335,0.0670464290701123,0.74820861923132,0.51283340905654
-1.44901600806755,2.46262943294159,-1.43662534433532,-0.31764436763843,-0.497805317917882,-0.42409089561769,-0.664002049998598,-0.045659266605165,-0.509537305648902,-0.349244511197783
-1.36565106776499,1.9810134700852,-1.00936077811555,-0.241252173669851,-0.378085139380796,-0.322098739423654,-0.504312225254828,-0.0346783964676055,-0.386995631207298,-0.265252609687817
1.97439593797414,-0.278329837662339,-1.16832238172959,-0.280647129623808,-0.439824054252233,-0.374695428851972,-0.586663225864439,-0.040341159544985,-0.450189573105822,-0.308566685231127
-2.19241275125174,1.28189458904836,0.307093506571406,0.0258227230900227,0.0404688078460327,0.0344762346770175,0.053979679211056,0.00371184481187083,0.0414225532964117,0.028391639273882
-1.59639182939469,1.95884152360411,-0.817991227329902,-0.217524687431536,-0.34089994098401,-0.290419881194952,-0.454712417706883,-0.0312677280270469,-0.348934073567924,-0.239164647244595
-1.20308408754246,-0.448294313552953,1.35899739850739,0.891439647255519,1.39704475261393,1.19017201911807,1.86346056638241,0.128138524284445,1.42996949509339,0.980122538242079
2.1645071145606,-1.9433630418781,0.386133134431869,0.155985315529907,0.24445678091253,0.208257910121631,0.32607085103248,0.0224218523414144,0.250217996896373,0.17150316777625
-2.22027059352586,0.479583899003482,1.14054223343445,0.15675901810671,0.245669310698852,0.209290889932283,0.327688194670289,0.0225330669443679,0.251459102883198,0.1723538404334
2.13640513572898,0.46284498688215,-2.04284244143811,-0.556954614002421,-0.872847111222517,-0.743596944050191,-1.16425488102703,-0.0800585239296926,-0.893417866960422,-0.612362005260038
2.21816973040139,-1.30044868616537,-0.309753423617867,-0.10259752967504,-0.160788608522122,-0.136979221673396,-0.214469315277028,-0.0147477129699851,-0.164577981424685,-0.112804216765606
1.79588728685681,-2.07597252722959,0.796354994515463,0.387968769722321,0.608016185489774,0.517981868359522,0.81100779575066,0.0557679319892533,0.622345559186028,0.426564980040541
-2.56465911475188,1.84544417185712,0.00122245338591985,-0.247410821101659,-0.387736837175812,-0.330321225232443,-0.517186228185658,-0.0355636611020983,-0.396874794632027,-0.272023936464212
-1.98709767974159,1.94996590035091,-0.52710037674531,-0.303667781357048,-0.475901517044794,-0.405430583653664,-0.634785470426239,-0.0436502252234582,-0.487117288669123,-0.333877495310345
3.13786536482548,-1.50357819971902,-0.774433896906834,-0.0708665465519816,-0.111060504545787,-0.0946147964782191,-0.14813904158502,-0.0101865950479797,-0.11367791426367,-0.0779165473476742
-2.49094857020692,1.95660315294532,-0.160748959026604,-0.134054315358561,-0.210086996257695,-0.178977562500153,-0.280226408140077,-0.0192694168325272,-0.215038205041183,-0.14739041082147
-0.831569245906879,-0.727285599775857,1.35842536829324,0.566345240270174,0.887563895686291,0.756134484488609,1.18388499485186,0.0814083640403061,0.90848148808615,0.622686837099825
3.06047329809851,-0.891223444844846,-1.34113693427495,-0.245259296360687,-0.384365014575428,-0.327448698132006,-0.512688692626474,-0.0352543937208253,-0.393423506867341,-0.269658372068793
2.13258792501296,-0.0536790513801208,-1.51032856563675,-0.287413302713864,-0.450427852994909,-0.38372902962695,-0.600807197110787,-0.0413137519548942,-0.461043276042515,-0.316005976004908
-1.47106829072245,1.59829369418804,-0.548438411743284,-0.292188704069341,-0.457911757739143,-0.390104726614228,-0.610789670003906,-0.0420001841597447,-0.468703557124002,-0.321256447545034
-0.884955598907415,1.63168119316199,-1.0253613887039,-0.766406890660981,-1.20109614628592,-1.02323925050029,-1.60209277537454,-0.1101658965619,-1.22940288537609,-0.842651175896764
2.25464749739527,-1.38712116897959,-0.247524314457565,-0.0593110240828465,-0.0929509420208101,-0.079186876538382,-0.123983440573248,-0.00852556549753353,-0.0951415560462609,-0.0652114494220536
-2.60748542431607,0.374155692284936,1.54750832762035,0.70323355688701,1.10209227684196,0.938895756867638,1.47003558373275,0.101085149717346,1.12806575001505,0.773193183492697
2.16165430626146,-0.0751717504623832,-1.516348868449,-0.480336912336501,-0.752773521945607,-0.641303709760405,-1.00409365622527,-0.0690452385594911,-0.770514452799141,-0.528122161920929
1.00701963095613,-2.03271539698866,1.33280242958704,0.534339429174664,0.837405087311776,0.713403133092774,1.11698022226833,0.0768077414239218,0.85714056593488,0.587496999059745
-0.145021316772791,-1.27403514238215,1.41113136519735,0.628980157892076,0.985723971091825,0.839759132105371,1.31481668431212,0.0904117171416157,1.00895494335904,0.691552850218228
-0.623504404066386,-1.36636144075112,1.86112378888573,0.869292485759551,1.36233620465054,1.16060307185782,1.81716426103847,0.124955017021873,1.39444295615198,0.955772115633981
2.52888370163152,-1.57546700802105,-0.265840987047194,-0.304039379006341,-0.476483876767773,-0.405926708238115,-0.635562256121321,-0.0437036399156973,-0.487713373109133,-0.334286060525445
2.88575422077927,-2.25333803939959,0.172934157210821,0.161043208632262,0.252383400554903,0.215010765308907,0.336643843129289,0.0231488908572797,0.25833142652459,0.177064234126506
0.755683204612056,-2.10809104238748,1.58789761507673,0.411934144223733,0.645574197178734,0.549978334129335,0.861104883623583,0.0592127952864931,0.660788716365557,0.452914496531716
-0.309858287663143,2.04730970623292,-1.85529438432885,-0.519951238708992,-0.814856229347514,-0.694193283328177,-1.08690322755879,-0.0747395346764759,-0.834060289531595,-0.57167743146104
0.866895245492499,0.798503700107414,-1.45878465342394,-0.650025541211219,-1.01870583635133,-0.867857081792904,-1.35880983857709,-0.0934368511143057,-1.04271410613756,-0.714691886697635
-0.271506077358449,1.14941197878594,-0.973684543077684,-0.386652492397889,-0.605953344404857,-0.516224490340985,-0.808256256825895,-0.0555787258725845,-0.620234102255864,-0.425117755793533
-0.346696834101809,0.906928046562302,-0.681565562031903,-0.598265470567876,-0.937588583702945,-0.798751575910436,-1.25061086980339,-0.0859966849858235,-0.959685129008558,-0.657782580526736
-1.49953184946906,0.236828668344334,0.874335915987127,0.588999031949182,0.923066423411419,0.786379839927188,1.2312403571614,0.0846646960243414,0.944820718844972,0.647594290868114
-0.805919411962521,-1.57887099547378,2.19844140588583,0.575720232573359,0.902256178942127,0.76865115182896,1.2034824275226,0.082755956872425,0.923520030573645,0.632994479664845
-1.96778932567308,0.55809081629544,0.886965890939668,0.442845617445811,0.694017983130395,0.591248621592878,0.925722058297684,0.0636561141071557,0.710374197437725,0.486901128928537
2.30473327580094,-0.235985668650089,-1.46387817728203,-0.638335394295298,-1.00038529333256,-0.852249423101097,-1.33437281935756,-0.0917564701944237,-1.02396179516015,-0.701838771511508
-1.99751165949699,1.63059153168508,-0.192772123339219,-0.160904202419928,-0.252165553053819,-0.214825176407949,-0.336353265302776,-0.0231289096381701,-0.258108444919634,-0.17691139919025
1.99491862513513,-0.936631139356973,-0.516900303305241,-0.197033746630314,-0.308786985933599,-0.263062174521143,-0.411878267051017,-0.0283222914811716,-0.316064298971603,-0.216635210764072
0.0990151667155959,-1.37178248862374,1.33376430078588,0.688930262470524,1.07967646611247,0.919799252860756,1.44013605526042,0.099029146212704,1.10512165642679,0.757466957637845
-2.04932596984542,2.25711197911216,-0.780562789238394,0.0164030487947067,0.025706499947659,0.0218999118603173,0.0342888435481723,0.00235782924036469,0.0263123358661157,0.0180348696281043
-0.371609946163981,-1.20963705755773,1.51173589017305,0.638594286257029,1.00079102316267,0.852595072938161,1.33491400569937,0.0917936841931811,1.02437708699615,0.702123418764346
-1.07187056863792,1.86433784925036,-1.11362352361919,-0.469746517476249,-0.736176486337895,-0.627164343542075,-0.981955552692114,-0.0675229396880417,-0.753526267858322,-0.516478205178177
1.6850633968605,0.0871643059083614,-1.33522536713394,-0.560537495252055,-0.878462124492849,-0.748380492801097,-1.17174451640872,-0.0805735392954866,-0.899165211614984,-0.616301321483433
-2.12698581968667,0.598532379217726,0.963595587717783,0.482438428922679,0.756066972857611,0.644109470359321,1.00848665501099,0.0693473176008947,0.773885521856837,0.530432743211477
-1.21377050939857,1.76658512186591,-0.907107228384642,-0.335197245848777,-0.525313805421812,-0.447525958849687,-0.700694490672732,-0.0481823761816159,-0.537694097271489,-0.368543598464033
-3.23718564226934,1.10025427898391,1.26069563339305,0.287749617991077,0.450954918954675,0.384178048283203,0.601510228728113,0.0413620950406534,0.46158276358789,0.316375748859601
2.40518579557858,-1.67313899732856,-0.066696271624833,0.0081586432527178,0.0127860475801693,0.0108927047874143,0.0170547832637107,0.00117275074065315,0.0130873817522634,0.00897028773409863
-0.430481626125093,-0.635513920020611,0.976986386266229,0.669722958491168,1.04957519866398,0.894155345469714,1.39998521200116,0.0962682239282009,1.07431097972195,0.736348857733952
0.310723911948491,-1.83595948781894,1.64035070638202,0.482193859479837,0.755683688966409,0.643782942693093,1.00797540838439,0.0693121623690321,0.773493204952633,0.530163843321471
1.55745032743932,0.471461770776715,-1.6328668461663,-0.658714292832759,-1.0323226581934,-0.87945754077278,-1.37697275747764,-0.094685801409579,-1.05665184135889,-0.72424501945281
-2.32330506195931,1.00016239126613,0.694927576013689,0.27596454430436,0.432485608773235,0.368443651694092,0.57687477510574,0.0396680690284061,0.442678179389379,0.303418263323977
-2.52053773949865,1.8843695482048,-0.060342357792915,0.0448707834387286,0.0703205121532849,0.0599075339414128,0.0937976404551689,0.00644987688289066,0.0719777853002895,0.0493346535486449
-0.720523879906645,-0.8850662802443,1.4389615887422,0.639140678302045,1.00164731684639,0.85332456766666,1.33605618064392,0.0918722244180239,1.02525356131401,0.702724167406933
-1.01758046168235,1.79561657447217,-1.07687384496182,-0.260054658179035,-0.407551982593941,-0.347202167369255,-0.54361683610622,-0.037381128643929,-0.417156931933462,-0.285925617556757
-1.79881719723782,1.54572976464764,-0.247368266249643,-0.0206543575630289,-0.0323690582316791,-0.0275758863991053,-0.0431757561615773,-0.00296892661922537,-0.0331319134691987,-0.0227091103954823
2.34127423287552,-0.841016618357783,-0.866621150061369,-0.221712480323449,-0.347462958573246,-0.296011054907229,-0.463466557079393,-0.0318696954208359,-0.355651764558717,-0.243769053399841
1.53815630233897,0.841591294875209,-1.99004936101288,-0.603970498114691,-0.946529378317963,-0.806368428240733,-1.26253662820594,-0.0868167447768611,-0.968836635098431,-0.664055160052608
-0.0631657713400463,1.49091472280487,-1.47675546908519,-0.592962845641777,-0.929278425689563,-0.791671976260195,-1.23952629163983,-0.0852344678969201,-0.951179121998899,-0.651952435751468
-0.363301219161191,1.80948675556727,-1.56989668308375,-0.320646962581729,-0.502510919158162,-0.428099696995621,-0.670278658057127,-0.0460908696713319,-0.514353805776822,-0.352545812622057
0.00537808645884671,-1.86788629065726,1.90423351815958,0.752180593218918,1.17880100353369,1.00424554609941,1.57235420095671,0.108120960860566,1.20658230359817,0.827009606889116
0.36966494068603,-1.90819189515405,1.67790968351602,0.711516817881496,1.11507362262628,0.949954840332281,1.48735086724275,0.102275813430099,1.14135303264655,0.782300486287488
1.17009186045822,-1.90491592605678,1.07854845361731,0.339935171484313,0.532738979035954,0.453851621543105,0.710598624525716,0.0488634215008097,0.545294263081588,0.373752866095556
-2.67079064836114,2.08134487000199,-0.154275474973577,-0.101385545438308,-0.158889213287245,-0.135361086636872,-0.211935790052767,-0.0145734982914827,-0.162633822341793,-0.111471660972208
1.79567102239276,-1.62510915050394,0.334650000690165,0.168399370780187,0.263911817267999,0.224832067719575,0.352021124277572,0.0242062902728591,0.270131538293097,0.185152207707603
0.0637308285381899,-1.86624637010312,1.86156898534122,0.797649055567475,1.25005818502549,1.06495104849229,1.66740122613832,0.114656750114234,1.27951883311805,0.877001398104858
0.18776365484962,-1.14844154125665,1.03430940062833,0.403011754051253,0.631591222100597,0.53806594145123,0.842453567973127,0.0579302610024151,0.646476198620528,0.443104482213909
1.5149905880488,-1.90004982945041,0.81783398320568,0.210377347710682,0.329698786219456,0.280877380170816,0.439771657818814,0.0302403454474079,0.337468936468227,0.231306270325362
-1.14074726758877,-0.767975475893568,1.63172109227802,0.7705557470649,1.20759814346126,1.02877843962934,1.61076552212536,0.110762267094333,1.23605811785918,0.847212772054093
-3.27375827521237,1.93383389171417,0.43944240122415,0.0600167352513712,0.0940569171565176,0.08012908018497,0.125458655342807,0.00862700678745619,0.0962735961641128,0.0659873666968682
2.67665877948541,-0.806693356327744,-1.16071388307492,-0.666810273638993,-1.04501050255553,-0.890266584158456,-1.3938965515057,-0.0958495448400399,-1.06963870549648,-0.733146410906281
-1.49851490691525,-0.125939734499237,1.2451711208662,0.764421304024979,1.19798437826076,1.02058826940137,1.59794211592304,0.109880481680298,1.22621778100241,0.840468057589688
-1.76556932648787,0.393729347963919,0.914122010368939,0.70746858287212,1.10872931710363,0.944549992062623,1.47888845890513,0.101693906554345,1.13485920820179,0.777849521620384
-1.50626617776135,-0.345962394323333,1.47033375973966,0.696930181305414,1.0922137642504,0.930480042728937,1.45685904186863,0.100179081373266,1.11795442635388,0.766262730608368
-2.4463312965609,2.36238916013324,-0.613061851991859,-0.453444103395572,-0.710627698916934,-0.605398790324162,-0.947877075400123,-0.065179576018944,-0.727375361396489,-0.498553981684844
-1.37820488166419,0.396868117863257,0.622172277697977,0.517997307753083,0.811794071413068,0.691584566116449,1.08281874096794,0.0744586700884863,0.830925964430539,0.569529118028996
0.302895756110689,0.977027411238957,-1.22278141708173,-0.508261432136003,-0.796536219706765,-0.678586079032398,-1.06246691979027,-0.0730592026786282,-0.815308524502542,-0.558824690476105
-0.829315223092558,-1.1330536472316,1.76102364727889,0.424530436243432,0.66531483102051,0.566795798275832,0.887436103615438,0.0610234285422939,0.680994586044915,0.466763902652248
1.53066145259902,0.215660020117806,-1.34498257584624,-0.346640981553872,-0.543248178170797,-0.462804630908215,-0.724616413243935,-0.0498273371277289,-0.556051136941619,-0.381125788767976
2.94433247642406,-2.16939502745999,0.0466782305053371,0.192690776628237,0.301980778165255,0.257263821943654,0.402799746295555,0.0276980184091908,0.309097686436257,0.21186019004893
-0.378696303461801,1.6156493015086,-1.37325276046826,-0.61678472295201,-0.966611551713444,-0.823476857168051,-1.28932341376861,-0.0886587044266909,-0.9893920935381,-0.678144179552498
-1.20994564983304,1.95682097134059,-1.09981950244373,-0.280699211989145,-0.439905676598088,-0.374764964657457,-0.586772098556278,-0.0403486460388335,-0.450273119079902,-0.308623948894762
1.94443429790054,-2.070761228751,0.666648285495284,-0.0919679389007454,-0.144130145933678,-0.122787524508939,-0.19224927681939,-0.0132197799464102,-0.147526921827589,-0.101117164790466
1.72193993253042,-1.6260324868081,0.382957957539574,-0.0210252716725894,-0.0329503467261131,-0.0280710983812669,-0.0439511129889393,-0.00302224305717121,-0.0337269014345692,-0.0231169240704197
2.22843621713454,-2.01589262343953,0.418460920906061,0.329037197218341,0.515659911698899,0.439301602283404,0.687817558683949,0.0472969101341336,0.527812686166504,0.361770731093881
-2.50767207449692,2.19507498170749,-0.40013845741968,-0.466819267781701,-0.731588964526465,-0.623256136530924,-0.975836445929769,-0.067102167000596,-0.748830629986918,-0.51325974455718
2.61190901121291,-1.74334341677463,-0.145994289389021,0.0273852773211542,0.0429176087222307,0.0365624200177444,0.057246034035538,0.00393645159698301,0.0439290660949239,0.0301096407379997
1.02286371611557,-1.7997121614482,1.08141686164464,0.386797684777734,0.606180886732605,0.516418338470147,0.808559766183162,0.0555995963121572,0.620467007169548,0.425277392314419
-0.71600281534975,-1.31759015307724,1.87895138501333,0.856021169123981,1.3415376869684,1.14288437405799,1.789421973279,0.123047353464133,1.37315427103794,0.94118053157474
3.11288015056371,-2.01596934254348,-0.234956963443413,0.0708299494986048,0.111003150442749,0.0945659353028773,0.148062539304666,0.0101813344648013,0.113619208472314,0.0778763095178243
0.862721349988806,-1.64767888205224,1.03986849631462,0.23677278624892,0.371065141211987,0.316118254275169,0.494948538272592,0.0340345142983711,0.379810189783016,0.26032760037026
-2.50710285984465,1.58681321121601,0.231505687850109,0.0955251168351876,0.149704877529616,0.127536756448119,0.199685182131485,0.013731100631484,0.153233035472559,0.105028220661514
-1.99348998393757,1.89334415030274,-0.467408959500592,-0.364382511847179,-0.571052317100351,-0.486491565852647,-0.761703211201196,-0.0523775641872177,-0.584510547731582,-0.400632295750149
-2.50541317346862,1.7316471669289,0.0788501943983722,-0.0658026809778713,-0.103124524976073,-0.0878539673705659,-0.137553564665896,-0.00945869802899585,-0.105554904118761,-0.072348914367591
1.97486401460245,-0.0147674083560391,-1.44163050529943,-0.497367297044313,-0.779463169039825,-0.664041185501422,-1.03969387933743,-0.0714932431677378,-0.797833106054974,-0.546846776580427
-2.01483653863813,2.23815243942511,-0.787882181196971,-0.0218050315255884,-0.0341723693434435,-0.029112165335747,-0.0455811187238035,-0.00313432835331791,-0.0349777239739525,-0.0239742565984193
-2.60347838006348,2.4654112991063,-0.594307170016852,-0.214798135049233,-0.336626947618558,-0.286779627629758,-0.449012847509125,-0.0308758042442892,-0.344560376766945,-0.236166849861653
2.45544064167148,-2.26911173396098,0.501074953190881,0.117104307041299,0.183523313287909,0.156347398265107,0.244794203395409,0.0168329657961953,0.187848484559392,0.128754168618999
2.32489923319966,-2.00669195749208,0.327323935643618,-0.013675942130757,-0.0214326379241121,-0.0182589182668911,-0.0285881146830892,-0.00196582578330437,-0.0219377499350097,-0.0150364628220391
3.0104218845484,-1.48095472170777,-0.711446897645634,-0.282414096948682,-0.442593206866046,-0.37705452862416,-0.590356884702841,-0.0405951493536784,-0.453023987506365,-0.310509435371058
-1.52034617605502,1.71581995678168,-0.628068804613956,-0.205729271067059,-0.322414421983791,-0.274671675969764,-0.430055343807448,-0.0295722153236148,-0.330012898550572,-0.226195790112913
0.0435756648950351,-1.0688457904686,1.06380593340572,0.53993456528879,0.846173662472715,0.720873268021921,1.1286762642206,0.0776120050519106,0.866115793802216,0.593648754848116
-0.974864376494176,-0.859458621898734,1.59299447120907,0.473334162766983,0.741798965709428,0.631954252822752,0.98945514679928,0.0680386398530794,0.759281254570838,0.520422759382708
-0.619202074739209,1.83792296856578,-1.41633295572897,-0.449484153114784,-0.704421751293424,-0.600111812079697,-0.939599216976613,-0.0646103594861342,-0.721023155589795,-0.49420008455623
1.67615616658382,-1.41580310404139,0.208152176750669,0.0897050168724589,0.140583743936723,0.119766269522352,0.187518876979657,0.0128944999454947,0.143896940280115,0.0986291209963217
-0.30579411794266,1.40945117031437,-1.21623107594947,-0.547783821495613,-0.858474845429323,-0.73135290636537,-1.14508430649456,-0.0787402834610764,-0.878706883921985,-0.602278876854052
0.720380287252454,-1.33259977694701,0.833167869018352,0.448475167763026,0.702840491479058,0.598764703347145,0.937490039511996,0.0644653245481023,0.719404629558951,0.493090722540463
0.970189973483016,1.10108220692501,-1.84635075599531,-0.865674377332293,-1.35666598411654,-1.15577249086951,-1.80960098695721,-0.124434937983435,-1.3886391031409,-0.951794067735533
1.31370871370867,0.435490386796721,-1.41740001861013,-0.613920260171724,-0.962122428183234,-0.819652477737096,-1.28333555642867,-0.0882469569408531,-0.98479717294168,-0.674994752062305
0.328675910735486,-2.07704076745964,1.8735464493598,0.579426606094553,0.908064726604274,0.773599576627998,1.2112302104738,0.0832887234314566,0.9294654707266,0.637069573513823
-2.12578763481244,0.531925704000349,1.02821495820152,0.433516375510621,0.679397398852424,0.578793036130609,0.906220261946141,0.0623150975863534,0.695409043688124,0.476643788105135
-3.00043660907664,1.56650318146643,0.613455811849491,0.149378181178442,0.234102224208722,0.199436643919395,0.312259333496041,0.0214721206931168,0.239619409990723,0.164238737356309
1.59429594817893,-2.06930767128463,0.943180477307964,0.583251876802138,0.914059607341083,0.778706742520537,1.21922653545359,0.0838385806707746,0.935601635344319,0.641275392771385
-2.09290671622334,1.76229190144979,-0.256759192960096,-0.18408932841962,-0.288500776325842,-0.245779922822376,-0.384819325972221,-0.0264616173992575,-0.295299995712251,-0.202403045892573
1.42839745543029,-1.57131474294746,0.54481549085956,0.0682791022903867,0.107005518389999,0.0911602678731041,0.142730262242483,0.00981466713298311,0.109527362540145,0.0750716969474908
2.66172152521871,-1.00844195489404,-0.928492228837842,-0.133016362028928,-0.208460338460853,-0.177591778264637,-0.278056676172835,-0.0191202179402132,-0.213373211114476,-0.146249199012965
2.51482009750882,-1.22168912846662,-0.613719445415168,-0.34926656474556,-0.54736293482515,-0.466310079267209,-0.730104917997488,-0.0502047472604337,-0.56026286780024,-0.384012572264903
-0.876348193134749,1.61999233238476,-1.00359345032796,-0.283345286232978,-0.444052546381988,-0.378297770871781,-0.592303437693239,-0.0407290016240891,-0.454517719891728,-0.31153326195059
-2.39422208455016,1.60820529249876,0.126381466612518,0.0579377328684898,0.0907987500123724,0.0773533785753287,0.121112720124599,0.00832816401313441,0.0929386424217035,0.0637015393850648
0.310088055703532,-1.59585948223854,1.3969763656517,0.42823266732197,0.671116886736968,0.571738692448816,0.89517522722715,0.0615555996527268,0.686933381253761,0.470834441956874
2.39986447823418,-1.73206412841421,-0.00246527253542073,0.0365230204490376,0.0572380802503322,0.0487623330709474,0.0763475223269398,0.00524994143704359,0.0585870342109945,0.0401564319210915
0.449580099326205,-1.39402268896808,1.10162818486216,0.719377658777303,1.12739296085454,0.960449945536242,1.50378312608724,0.103405757061308,1.15396270591091,0.79094334545943
0.893832032356891,-1.70714220807811,1.08422789610324,0.447736399075503,0.701682709321313,0.597778364201026,0.935945721485403,0.0643591314595426,0.718219561461139,0.492278459092884
2.12499901781546,-1.38442546368937,-0.149102621319776,0.13731504207798,0.215197135981787,0.183330998782004,0.287042613452565,0.0197381246258226,0.220268777581859,0.150975523687595
-2.58224518744716,2.45529645626124,-0.595595283595459,-0.09608381384173,-0.150580455280386,-0.128282679681845,-0.200853079300354,-0.0138114096127604,-0.1541292483332,-0.105642498397362
-1.75042859089438,0.247743729623694,1.03954471490982,0.389813681364587,0.610907490736068,0.520445032546946,0.814864388964129,0.0560331257755102,0.625305005041623,0.428593428614954
-2.57551556042383,0.330716281325999,1.55987433736201,0.462206521121426,0.724359968669354,0.617097601824461,0.966193985522495,0.0664391153270862,0.741431265337729,0.508188109052907
-0.473601540375585,-0.589234128747788,0.956362424590881,0.508996380024836,0.797688013992224,0.67956731698327,1.06400325084016,0.0731648465527716,0.816487463609358,0.559632753021333
1.7220974415602,-1.48915247352631,0.24412299434281,-0.043148086533287,-0.0676207391742605,-0.0576075401498082,-0.0901965242595827,-0.00620225065274454,-0.0692143856336296,-0.0474405779723774
-1.25116270237246,-0.125695498397529,1.06335194970747,0.727555861568602,1.14020966171653,0.971368764503789,1.52087879650349,0.104581319355629,1.16708146336381,0.799935138569311
2.72637337370468,-1.073603471333,-0.91248940324359,-0.208643821945831,-0.326982042488389,-0.278562928636045,-0.436147905034704,-0.0299911626406963,-0.334688166092658,-0.229400288604687
0.534269469280909,-1.93919145305772,1.58304595092888,0.530109477147758,0.830775998846627,0.707755672201692,1.10813795367046,0.0761997139346908,0.850355246947996,0.582846239661712
-1.90998601400894,1.08121360625585,0.302165356009238,-0.0131545503005535,-0.0206155240312266,-0.0175628016321697,-0.0274982000509443,-0.00189087917317555,-0.0211013787746321,-0.0144632014850423
-1.80485144263731,-0.392339100442268,1.72629019258536,0.445165299383721,0.697653338018488,0.594345657431764,0.930571108742269,0.0639895529678213,0.714095228266612,0.489451579265695
2.66481737197592,-1.68587190800885,-0.246254861027356,-0.0842042292339447,-0.131963029646878,-0.112422100401507,-0.176020060565137,-0.0121037982837822,-0.135073057983339,-0.0925810997318537
-1.29113760118495,-0.59085875530396,1.56287663425379,0.771972241700329,1.20981804292795,1.03066961901037,1.61372655476929,0.110965878783357,1.2383303346322,0.848770183508427
0.0774760174157075,-1.24540615308457,1.21124290869162,0.36699928573649,0.575153268008351,0.489985252803868,0.767173301037208,0.0527537080412573,0.588708147478006,0.403509393570841
-0.509971575659047,-1.04096798986787,1.44119282897822,0.597103509199494,0.93576758321521,0.797200227019681,1.24818191210973,0.0858296607621664,0.957821212234855,0.656505024015508
-1.71173087614988,2.31220975143558,-1.08629245513669,-0.104427905906011,-0.163657134189183,-0.13942297945472,-0.21829552374617,-0.0150108173874788,-0.167514110845101,-0.114816683905654
0.0191341515290459,1.32283827586641,-1.36043372155296,-0.387955151667388,-0.607994843571402,-0.517963686727163,-0.810979328643058,-0.0557659744843699,-0.622323714293671,-0.426550007223696
-2.58041457026038,1.49720189985596,0.370194402201682,-0.0556135056574394,-0.0871562718714492,-0.0742502742864614,-0.116254168265884,-0.00799407179966527,-0.0892103204632845,-0.0611460915983758
0.667854018317283,0.936970739840347,-1.4526151968543,-0.631200188344884,-0.989203154348131,-0.842723122022867,-1.3194574238369,-0.0907308317636377,-1.01251612199347,-0.693993735463886
1.96378199730452,-2.03377276367011,0.628898404511432,0.313239051429431,0.490901402535237,0.418209303853784,0.654793201072944,0.045026031680327,0.502470682782729,0.344400941901964
0.468717299574857,-0.997847510303841,0.686360108867427,0.660841968865214,1.03565710561847,0.882298227169635,1.38142043982688,0.0949916406975145,1.06006487311176,0.726584362603978
-2.39593040604938,1.73685032154154,-0.00380459786007302,0.00574317231364558,0.00900057426079052,0.00766777987687509,0.0120054960146395,0.000825542847737943,0.00921269458775158,0.00631451904000679
0.464285558676938,1.37660168156124,-1.74780134485258,-0.644521789343149,-1.01008047658564,-0.860508955092781,-1.34730482575331,-0.0926457233642964,-1.03388546888305,-0.708640606313825
2.04329059259617,-2.06167542729241,0.58818718626086,-0.00972195603413019,-0.0152360372398063,-0.0129799028779355,-0.0203227237575539,-0.00139746656232647,-0.0155951113507749,-0.010689123211185
-0.909320705200495,-0.871003926199538,1.56378229844074,0.679345089927675,1.06465479297384,0.907001971301607,1.42009926296544,0.0976513413681094,1.08974596118631,0.746928225519402
2.36218679622324,-1.37180676854029,-0.358197577431438,-0.559426473685927,-0.876720955751051,-0.746897154265826,-1.16942204299927,-0.0804138373298289,-0.897383008015621,-0.61507977240741
1.46830007012044,0.428024589702293,-1.52219539940643,-0.602517504044899,-0.944252277734617,-0.804428518016708,-1.2594992973439,-0.086607886536743,-0.966505869125937,-0.662457618098848
-0.631186559266711,1.96671310300472,-1.53684086662065,-0.432384063250545,-0.677622863799906,-0.577281272128418,-0.903853282586429,-0.0621523352249506,-0.693592687420132,-0.475398830277821
1.96628873514256,0.354102336189553,-1.81006420839188,-0.582441990909683,-0.912790371852451,-0.777625453920859,-1.2175335544105,-0.0837221649566907,-0.934302487247998,-0.640384937181887
0.772930257723905,-1.60298340153714,1.06962373629965,0.51442372177107,0.806193625483211,0.686813427591482,1.07534853636288,0.0739449908556314,0.825193530431105,0.565600021792251
0.417789222726343,0.879547003208547,-1.21566851522804,-0.72763686082545,-1.14033660198343,-0.971476907606204,-1.5210481169073,-0.104592962460434,-1.16721139528548,-0.800024195857105
1.93943756992776,-1.57471200466827,0.175183054489643,0.0539214523268081,0.0845045228338345,0.0719911931078612,0.112717109231596,0.00775085037972372,0.0864960765385015,0.0592857081048155
-2.64605285431314,1.35757104971459,0.577605780479003,0.503164860875617,0.788548984499575,0.671781584161402,1.05181307508331,0.0723266044346227,0.807133050756946,0.553221098157275
-2.15903909185616,0.840981241856564,0.746056039292924,0.585853878763364,0.918137408005898,0.782180707289184,1.22466574613187,0.0842126011583344,0.93977553925602,0.644136249111574
2.08547619063196,-0.556497598053648,-0.979804581519656,-0.604249660421128,-0.946966875389734,-0.806741141263915,-1.26312018756552,-0.0868568725029419,-0.969284442848079,-0.664362094200319
-1.47628422365178,-0.627111358674497,1.73418724292641,0.765639143628802,1.1998929498991,1.02221422201039,1.60048788117466,0.110055538028902,1.22817133275293,0.841807051258351
-0.632809024222015,1.8684105190698,-1.44433872332783,-0.663208794905984,-1.03936634371529,-0.885458205679136,-1.38636804004642,-0.0953318562096202,-1.06386152838608,-0.729186647070233
-0.361000082530158,1.20870305535721,-0.974188911237981,-0.564431180826023,-0.884564223514568,-0.753579000221815,-1.17988385545126,-0.0811332307171233,-0.905411121376122,-0.620582361708223
2.61213526200316,-1.53597240607906,-0.351638075079395,0.132896943659952,0.208273188600223,0.177432341333869,0.277807044667019,0.0191030523433944,0.213181650614205,0.146117900573106
2.52042052228042,-1.9229909717008,0.102802482994573,0.0574457150177359,0.0900276703787658,0.0766964795012559,0.120084208698549,0.0082574397173155,0.0921493904293947,0.0631605742325433
2.54923958778229,-1.18825965714927,-0.679621201761247,-0.560521607625503,-0.878437225751387,-0.748359281035802,-1.17171130500101,-0.0805712555547678,-0.899139726074388,-0.616283853311683
2.35245096076608,-2.2373438349035,0.552291408153488,0.359336873105883,0.563144902225082,0.479755071613293,0.751155835553765,0.0516522871543051,0.57641677547731,0.39508470285881
2.31637636376302,-2.23950006714876,0.562849210008796,-0.172893008326092,-0.270954147921546,-0.23083157838489,-0.361414599643166,-0.0248522208028441,-0.277339838521198,-0.190092884792127
-2.11660259549076,0.710514431801082,0.840217516306407,0.395397400220677,0.619658173019482,0.527899924154695,0.8265365643426,0.0568357482485416,0.634261918342448,0.434732631324761
-0.565170250086314,-0.942355719136622,1.37926697163709,0.514904190315198,0.806946605295626,0.687454907044464,1.07635290518149,0.0740140550153861,0.825964256036108,0.56612828868106
1.49039423224348,-1.74997211063187,0.699819121953395,0.665846200401212,1.04349962802563,0.888979438140754,1.39188125807867,0.0957109657198811,1.06809222354978,0.732086428986278
-0.285585150634568,-1.65925508310807,1.90177158852615,0.624804597287137,0.979180123675669,0.834184289869633,1.30608811524544,0.0898115080577764,1.00225687433287,0.686961893251823
-2.92937256875506,1.14313217947438,0.987921173627138,0.134982590983428,0.211541769550191,0.180216914685292,0.282166870432728,0.0194028502837607,0.216527263588988,0.148411033882643
-1.46788015381473,0.0496399280630592,1.03774153372751,0.523479803064692,0.820386118367559,0.698904312927029,1.09427931920227,0.0752467423497873,0.839720503776787,0.575557027195094
-2.01678625419434,-0.293688064300485,1.78271248724451,0.485324369964455,0.760589756650299,0.647962525680925,1.01451941039136,0.0697621524440651,0.778514896001328,0.533605785680243
2.67741798761033,-2.17748917707488,0.256128284089053,0.39164678810601,0.613780295599493,0.522892435866301,0.818696305277395,0.0562966226857328,0.628245514508029,0.430608897904214
-0.656569751951556,1.67638859361991,-1.22766031644454,-0.490995546643135,-0.769477500923832,-0.655534183301516,-1.02637440712417,-0.0705773463978001,-0.787612101489959,-0.539841146759638
1.32297199209231,-2.08478306991225,1.16007769272778,0.686910819981297,1.0765116399333,0.917103070396474,1.43591462371838,0.0987388647772265,1.10188224345522,0.755246615403271
2.03700093978891,-1.66649292313731,0.211931741972826,0.510277453647203,0.799695684603856,0.68127769410691,1.06668120013854,0.0733489923712521,0.818542449840442,0.56104127140426
1.51504326992573,-1.96365123004953,0.887740553873275,0.383706633525659,0.601336658696452,0.512291437988206,0.802098249540231,0.0551552782395339,0.615508613169633,0.421878834702193
1.67049845529779,-1.85790963285025,0.667575930948626,0.376509766155162,0.590057885280702,0.502682811990877,0.787053957324046,0.0541207763894474,0.603964028147273,0.413966002985228
1.95384021618288,-2.08384131651165,0.685441803650271,0.278365968738497,0.436249068716752,0.371649822943414,0.581894699617666,0.0400132578295979,0.446530334379524,0.306058588127825
-1.89574685180112,1.58452246991114,-0.209951429447958,0.153235782922796,0.240147773440479,0.204586975376119,0.320323243098382,0.02202662530408,0.245807437229166,0.168480104031937
-1.19103626954987,-0.582149603228346,1.47679367897664,0.643480530844159,1.00844863899954,0.859118758085073,1.34512818467811,0.0924960493758554,1.03221517309281,0.707495760528541
0.982937344636913,-2.53935279593117,1.86027210927075,0.511185198855839,0.801118283076271,0.682489635881244,1.06857874576131,0.073479474711609,0.819998575290621,0.562039321626397
0.980311479217217,-1.7027859667239,1.01481768523775,0.389174507805407,0.609905791889028,0.519591664079616,0.813528264049478,0.0559412488246845,0.624279698735681,0.427890668295588
3.23792823752055,-1.7355255577801,-0.621800097786629,-0.315029731030759,-0.493707716511006,-0.420600062177432,-0.658536427924445,-0.0452834299711556,-0.505343134342707,-0.346369763281442
2.46843703241834,-1.04332816132059,-0.756423794570169,-0.252170072330612,-0.39519543179436,-0.336675359987491,-0.527134940942563,-0.0362477718336038,-0.404509169093429,-0.27725665121839
-2.11554496392516,0.0801655532828696,1.48237075279868,0.619118488933562,0.97026897880724,0.826592696786542,1.29420190542105,0.0889941677750196,0.993135716757665,0.68071011505306
-1.89228688451096,0.806930716128381,0.571095320844446,0.145944964919288,0.228721762643874,0.19485291473503,0.305082556992447,0.0209786186749468,0.234112144820543,0.160463975212158
1.86793972924828,-2.29737615809168,0.959415372318854,0.162630821066923,0.254871472100584,0.217130406164857,0.339962579485471,0.0233770995925984,0.260878135501002,0.178809786653808
-0.30787236423042,1.86033981232714,-1.66880602501294,-0.535695445781501,-0.83953020693246,-0.715213567515211,-1.11981483197184,-0.0770026597983067,-0.859315769145312,-0.588987915963299
1.11090290122827,-1.51936263120795,0.738315571623511,0.496023644330716,0.777357425842688,0.662247258264667,1.03688511504878,0.0713001020208288,0.795677735920429,0.545369453564538
0.171289358110106,1.43454263808256,-1.58680912506475,-0.472573282559297,-0.740606530860038,-0.630938392314554,-0.987864606971789,-0.0679292683804616,-0.758060717106792,-0.519586184699552
-1.26398128909217,-0.159388068345706,1.10019803565922,0.535602684629911,0.839384833680919,0.715089720962702,1.11962092456755,0.0769893259993084,0.859166969821083,0.58888592667482
-1.37034963324946,-0.512812517299499,1.53554503697584,0.581541084683007,0.911378491283251,0.776422642955316,1.21565030495824,0.0835926656745348,0.932857332294376,0.639394406302621
-2.53342848657789,1.51860056164947,0.322468079052194,0.18497832480946,0.289893992058778,0.246966832818518,0.386677679166655,0.0265894047215277,0.296726045947545,0.203380482111368
2.32840880414411,-1.95435519927968,0.278034665032931,0.165309305490992,0.259069134411347,0.220706483608783,0.345561668686057,0.0237621139258466,0.265174725888578,0.181754734144581
-2.02026597781901,0.339714096105127,1.1468816545636,0.488396802655542,0.765404806084164,0.652064568293471,1.02094200689616,0.0702037942222957,0.783443423734538,0.536983872505343
-1.94073301222095,0.914513975346,0.504625892679612,0.343651379987235,0.538562939866741,0.458813177147014,0.718366966468965,0.049397601773096,0.551255479651825,0.377838773337549
-1.82007724850386,1.54974279276678,-0.229866160272892,0.159003430841076,0.249186705334484,0.212287432933281,0.332379902783177,0.0228556863573056,0.25505939344064,0.174821533577678
1.93103998353167,0.023481460623459,-1.44742024639463,-0.473145999087618,-0.741504079699254,-0.631703033183953,-0.989061810472359,-0.068011592574812,-0.758979418857781,-0.520215876658126
-2.14046747027499,1.90790397327052,-0.367431505710861,-0.141580858925853,-0.221882431011328,-0.189026343235946,-0.295959853676168,-0.0203513074446898,-0.227111627776927,-0.155665715838556
1.68834448763416,0.434633781143683,-1.68779749957045,-0.558453613656673,-0.8751963107534,-0.745598276894934,-1.16738838171136,-0.0802739951667978,-0.895822431066737,-0.614010129561523
-1.83223054306688,0.298308229179321,1.05837724362702,0.691757842716868,1.08410778814073,0.923574389967762,1.446046813553,0.0994355920794297,1.10965741328891,0.760575833417223
-0.679545443794756,-0.665294333782785,1.18549261255257,0.577856853883662,0.905604645211349,0.771503781176111,1.20794880903177,0.0830630819845959,0.926947411558669,0.635343657994936
1.51209579737496,-2.04322490709953,0.979404480426202,0.660119755731237,1.03452526896279,0.881333991546343,1.37991072943894,0.0948878273597395,1.05890636198459,0.725790301702374
-1.29744291598564,-1.17003330701471,2.14342030669159,0.538391045820252,0.843754692460871,0.718812496226461,1.12544969955981,0.0773901343874054,0.863639814904611,0.591951681777619
-0.0466423272767498,0.815429799334184,-0.806266339823105,-0.544098994731354,-0.85270006537422,-0.72643324890609,-1.13738156476629,-0.0782106141051423,-0.8727960071915,-0.598227473293209
0.8815121164323,-1.30496634947829,0.690304141239165,0.521671817919962,0.817552683521997,0.696490449759889,1.09049991693743,0.074986856502117,0.836820292178048,0.57356917866871
-2.32818711110728,0.210257302169639,1.50323014773085,0.528974179305754,0.828996784855295,0.706239922112409,1.1057647332666,0.0760365224157298,0.848534101470667,0.581597999238491
1.50877855282546,0.628188435406968,-1.7489360941664,-0.467770354220431,-0.733079486428426,-0.624525943713748,-0.977824591823045,-0.0672388793547088,-0.750356279646733,-0.514305447715308
2.19620692019305,-0.578787383480989,-1.03281517897505,-0.448303854679296,-0.702572013354469,-0.598535981145487,-0.937131927578092,-0.0644406994309591,-0.719129824097247,-0.492902366755551
-1.37293044137952,1.2371944477328,-0.259827721456289,-0.405997021233246,-0.636269667651671,-0.542051608322271,-0.848693954174128,-0.0583593733180643,-0.651264903069669,-0.446386732063075
-0.0744452342202837,-1.29664581797788,1.38068927863515,0.576093993583789,0.902841929037449,0.769150164743431,1.20426373549598,0.0828096825334488,0.924119585288331,0.633405423458255
1.81370863325582,-1.48557943696554,0.167860387676783,-0.21758504262782,-0.340994528329907,-0.290500462158618,-0.454838583879319,-0.0312764036853582,-0.349030890093667,-0.239231006743368
2.312412267901,-1.56873635829134,-0.118042466588702,-0.400153257101956,-0.627111448090463,-0.534249527074483,-0.836478181573679,-0.0575193710651298,-0.641890847888264,-0.439961614052135
1.44871904381372,-2.13831496464134,1.12148496904527,0.660852020899692,1.03567285894745,0.882311647764297,1.38144145254482,0.0949930856106594,1.06008099770607,0.726595414642753
-1.44133556872995,2.1199493742993,-1.09839644524191,-0.365001695797923,-0.572022688669479,-0.487318245948301,-0.762997549947628,-0.0524665677646929,-0.58550378845645,-0.401313077839335
-1.11672417603317,-0.672665471941734,1.51148175452911,0.57292675110145,0.89787829576869,0.764921540414406,1.19764294912174,0.0823544124778847,0.919038971982368,0.629923094900651
-0.731742400073187,1.64875339418283,-1.1507205010328,-0.660954296820293,-1.03583314353725,-0.882448197601746,-1.38165524957024,-0.0950077870944625,-1.06024505979036,-0.726707865255881
0.902445926786957,-2.4053497151416,1.78441278444001,0.527046488506595,0.825975749921614,0.703666238456164,1.101735098956,0.0757594296758664,0.845441868533467,0.579478536406841
0.587111227027345,1.33133304446388,-1.78982400561335,-0.588303046139557,-0.921975689645848,-0.785450620726686,-1.22978547222893,-0.0845646526901204,-0.943704279297051,-0.646829066457903
1.13367556231491,-1.30557993318141,0.50999181060961,0.608084985922128,0.952977513779259,0.811861731434606,1.27113753103051,0.0874081750519835,0.975436736485757,0.66857896853006
2.43604277597987,-2.17456685017408,0.419754227751172,0.112314787404699,0.176017282681739,0.149952851787342,0.234782217724595,0.0161445041822715,0.180165556166456,0.123488174271948
-2.7103289060557,0.578234492826303,1.40759228332827,0.430460872547929,0.674608881319279,0.574713596606325,0.899833055253047,0.0618758893440552,0.69050767314412,0.473284315224812
2.47904323221126,0.102206099858592,-1.93116518775564,-0.617782841171475,-0.968175780795339,-0.824809457058841,-1.29140987463928,-0.0888021772866846,-0.990993187466023,-0.67924159334348
-2.75887464104779,1.78406650695522,0.223118564089205,0.300226677747655,0.470508694596855,0.400836323971144,0.627592206248815,0.0431555894511151,0.48159737130171,0.330094061160456
1.96344155260495,-1.99584330726691,0.588310400579269,0.235905067007561,0.369705270561614,0.314959751661229,0.493134662713051,0.0339097854247752,0.378418270487898,0.259373558009748
0.173856904328409,1.29745873259413,-1.45993159080519,-0.752758414246698,-1.17970655203301,-1.00501700204872,-1.57356207487505,-0.108204018792786,-1.20750919354063,-0.827644911156927
2.2667147136834,-0.306436574266522,-1.3589288099485,-0.453638587728245,-0.710932490516973,-0.605658448744804,-0.94828362438617,-0.0652075318491136,-0.727687336148623,-0.498767813858872
0.68929344856319,-2.02222049963491,1.55732077642696,0.637099396606613,0.998448264740066,0.850599227410008,1.33178909654459,0.09157880374181,1.02197911579843,0.700479813341289
-1.67414063851927,0.18862292339965,1.04883747943112,0.54775277760585,0.858426194123059,0.731311459286956,1.14501941251707,0.078735821108258,0.878657086029881,0.602244744631949
2.07608678572999,-0.4200531813346,-1.10782171088068,-0.52481611077152,-0.822480350630449,-0.700688433755058,-1.09707272952892,-0.0754388277007924,-0.841864091694046,-0.577026274502549
2.42678855018996,-0.705732681172075,-1.06429364948399,-0.190868557199214,-0.299125035660122,-0.25483095440877,-0.398990588760623,-0.0274360864777624,-0.306174641443933,-0.209856691172134
-2.15184058355968,-0.2015443302191,1.7894086450918,0.518477523490688,0.81254665503262,0.692225708044337,1.08382258132117,0.0745276979089836,0.831696284505435,0.570057106961386
-1.52936937381346,-0.419520105801081,1.55019893593877,0.366450144657042,0.574292666097892,0.489252087805745,0.766025379526108,0.0526747726609867,0.587827263399616,0.402905622412245
1.45035276243293,-2.05509031126927,1.02781027680386,0.405579636815171,0.635615551904307,0.541494353260599,0.847821456067835,0.0582993770821373,0.650595371500805,0.445927825084318
2.06676908566318,-1.94632033626246,0.45035385164718,-0.141565323987228,-0.221858084994685,-0.189005602348632,-0.295927379525373,-0.0203490744005164,-0.227086707987448,-0.155648635441107
2.05911187094414,-0.40332960739274,-1.11971526991199,-0.744997075907294,-1.16754315203874,-0.994654743929609,-1.55733781563063,-0.10708837799271,-1.19505913357233,-0.819111453331944
-1.68933511236176,1.4965830917102,-0.283233050980718,-0.186625516928754,-0.292475435585428,-0.249166019243007,-0.390120960569957,-0.0268261776405123,-0.299368327441756,-0.205191541475741
-0.0452183568909085,1.44816838998897,-1.44546478883756,-0.554735258778674,-0.869368986170453,-0.740633855639305,-1.15961555299738,-0.0797395063673602,-0.889857771469375,-0.609921862417102
-2.37732401493338,1.09066013632226,0.640799541602508,0.207978153144166,0.325938820875789,0.277674186045134,0.434756394609972,0.0298954771748656,0.33362035843664,0.228668397222555
1.75401383507596,0.327416653049665,-1.63081062417314,-0.653875486783318,-1.02473938699708,-0.872997191400039,-1.3668577437588,-0.0939902552013944,-1.04888985201426,-0.718924835543736
1.96156257600433,0.168660885522954,-1.61575668751838,-0.465502098512492,-0.729524725605167,-0.621497567665963,-0.973083042488517,-0.0669128326727939,-0.746717742276973,-0.511811539632251
-1.29312915886629,1.72860544487,-0.809576506259895,-0.293883100591797,-0.460567178975829,-0.392366936217007,-0.614331627233579,-0.0422437423979369,-0.471421559792119,-0.323119407337647
2.1481948556871,-1.41257603873886,-0.141676701959762,0.0173269827749456,0.0271544691094844,0.0231334674624023,0.0362202300906228,0.00249063860903992,0.027794429927435,0.0190507191257881
1.95997868876092,-1.30059371729077,-0.130893962425084,-0.385433842470475,-0.604043502845075,-0.514597455858984,-0.805708797678266,-0.0554035530453507,-0.618279250655125,-0.423777871188039
0.7811829098969,-1.29845393587725,0.751280565531633,0.355192372481649,0.556649731332564,0.474221697939185,0.742492194100995,0.0510565427362503,0.569768530154932,0.390527895806224
2.63281995120044,-0.548879429625651,-1.37433210201476,-0.24204902533148,-0.37933394790745,-0.323162625861707,-0.505977959613035,-0.034792938597641,-0.388273870930819,-0.266128734365021
0.833084048276377,-2.21185300551135,1.64606017435429,0.708984229201127,1.11110460493974,0.946573550087237,1.48205675770739,0.101911770640303,1.13729047544742,0.779515948654045
1.78709494595239,-0.526134614069125,-0.784999775779621,-0.370274056225077,-0.580285416820871,-0.49435743909438,-0.774018863368008,-0.0532244345330279,-0.593961247804571,-0.407109947319281
0.665332386749827,1.65964410497784,-2.18184727798661,-0.708846015756882,-1.1108879998475,-0.946389019620691,-1.48176783707896,-0.101891903376337,-1.13706876553168,-0.779363985352648
2.72250046518441,-0.642884253621018,-1.34931710609601,-0.371589887820967,-0.582347559369748,-0.496114222015267,-0.776769470544265,-0.0534135765791813,-0.596071989736003,-0.408556681495434
0.557189802069724,0.72986967107303,-1.16762597886703,-0.763365678241114,-1.19633002457948,-1.0191788904552,-1.59573544155406,-0.109728742490149,-1.22452443847069,-0.839307415222141
-0.0104369865416627,-1.18802926207612,1.22769470201956,0.669861830277003,1.04979283549479,0.894340754896201,1.40027550882325,0.0962881858243947,1.07453374569168,0.736501544870587
0.202015701539186,-1.0343859524125,0.91376516236451,0.546038919077275,0.855740272455294,0.729023265720833,1.14143677201618,0.0784894653360417,0.875907864114171,0.600360386698816
-2.22368508948474,1.87219293704047,-0.269813743986211,-0.113324347184482,-0.177599442727164,-0.151300727445805,-0.236892595970417,-0.016289621690514,-0.181785003644484,-0.124598167861435
0.603837287607836,-1.59615105891356,1.18768900072642,0.564187028355623,0.884181593093474,0.753253029260614,1.17937348046157,0.0810981354222778,0.905019473342631,0.620313920272234
2.04026627662184,-1.87475637023967,0.409682203987105,0.219174180122749,0.343484989916742,0.292622139141258,0.458160508213148,0.0315048316379538,0.351580045438342,0.240978236048167
1.09464275873241,0.746220922642625,-1.57739760090868,-0.806728177767536,-1.26428678711536,-1.07707269602494,-1.6863801735626,-0.115961813585548,-1.29408276667012,-0.886983736587479
1.46298619366919,0.150729555211914,-1.23785846582454,-0.574334742958499,-0.900084869866745,-0.76680136763161,-1.20058620760421,-0.0825568019490309,-0.921297549342169,-0.631471157696605
-2.444817260206,1.83682835682959,-0.0749544573168196,-0.172876136968683,-0.270927707498563,-0.230809053228449,-0.36137933184985,-0.0248497956573531,-0.277312774965622,-0.190074335025244
-2.422273988412,1.74560947789199,0.00709760633824407,0.0213596713800867,0.033474410646843,0.0285175595368705,0.0446501403098012,0.00307031079251569,0.0342633161905894,0.0234845907892029
-1.30223381935906,1.80186680784649,-0.883149406631131,-0.482909724246388,-0.756805576599263,-0.644738702533083,-1.00947184817977,-0.0694150631711845,-0.774641532584158,-0.530950924302433
0.548197593490503,-1.42947872482271,1.05111748035835,0.292977022994799,0.459147193947964,0.391157220891446,0.612437567577058,0.042113499765669,0.469968109378639,0.322123190625783
-1.81880709874174,2.32614282349307,-1.02705227839294,-0.246402249268753,-0.386156225419163,-0.328974668593987,-0.515077915138589,-0.0354186856046529,-0.395256931931949,-0.270915029105301
1.62086845469444,-1.93958959314034,0.787055527216377,0.405124839073759,0.634902802813444,0.540887147211537,0.846870749354924,0.0582340029296505,0.649865824751724,0.445427782800949
2.85394304727508,-1.7029537612753,-0.363330945268583,0.022366002080755,0.0350515101499795,0.0298611240121575,0.0467537685062907,0.00321496414209775,0.0358775838623965,0.0245910340618199
-1.61205250615399,0.44565357343812,0.734961021014506,0.264835736697,0.415044784463279,0.353585444005881,0.553611176508775,0.0380683769031535,0.424826319822349,0.291182331039256
-3.05323202238806,2.11277845747495,0.103406355671741,0.211973464215869,0.332200185158798,0.283008374915748,0.443108171037543,0.0304697765863418,0.340029286930604,0.233061172931736
1.68681491212827,0.248646489221309,-1.50346582097251,-0.68498155260196,-1.07348813421759,-0.914527281828675,-1.43188169373319,-0.0984615454144414,-1.09878748150603,-0.75312541914887
-1.2873986736848,2.11541649994316,-1.2098507807045,-0.47776597041204,-0.748744397892283,-0.637871213628231,-0.998719373278079,-0.0686756827457737,-0.766390372681149,-0.525295455556192
1.83611199354783,-1.80936403724025,0.48323099120919,-0.0593056234828588,-0.0929424783184191,-0.079179666131024,-0.123972151188551,-0.00852478919718071,-0.0951328928762286,-0.0652055115553855
-0.770757720089787,1.91686199493968,-1.38727989602932,-0.504970085677218,-0.791378093395651,-0.674191761960536,-1.05558670714196,-0.0725860935013149,-0.810028834454724,-0.555205911733932
-1.18153506314407,-0.626289018534702,1.51599592003812,0.692094507306555,1.08463540153538,0.924023874995387,1.44675057537121,0.0994839853765353,1.11019746117079,0.760945990334964
-2.43365514670777,0.967520610630396,0.811601766435167,0.374607340237747,0.587076444918089,0.500142859788478,0.783077136584155,0.05384731530841,0.600912322923085,0.4118743184559
1.57829425321824,0.581809243073548,-1.7507190667769,-0.403987098435781,-0.633119760525594,-0.539368135715354,-0.844492422543714,-0.0580704602750045,-0.6480407607548,-0.444176856565629
2.365478094941,-1.48098932855001,-0.229325606478553,0.0708166421918221,0.110982295522094,0.09454816855419,0.1480347217833,0.0101794216278992,0.113597862054954,0.077861678363218
2.15831789632976,-0.0229283178272773,-1.57198550866686,-0.640979250592915,-1.00452868719958,-0.855779268108193,-1.33989952211187,-0.0921365069646524,-1.02820283813669,-0.704745645973672
-0.206285368442198,-1.02316215856374,1.19686430162915,0.449224103001148,0.704014206432939,0.599764615979804,0.939055609640396,0.0645729790107382,0.72060600594782,0.49391416393532
2.87091838678815,-1.61103485316787,-0.483227345781883,-0.419261801993715,-0.657057942453045,-0.559761579995004,-0.876422579376007,-0.0602660973871993,-0.672543103904656,-0.460971130040216
0.260080408702005,-1.76946077147377,1.61660491800773,0.671234983916738,1.05194481189929,0.896174069181687,1.40314594168667,0.0964855675333563,1.07673643863106,0.738011303646648
-1.90942121884922,2.13535231087582,-0.769784760351146,-0.279437779135642,-0.437928786570606,-0.373080810165498,-0.584135206213785,-0.0401673234503336,-0.448249638851968,-0.307237025198914
2.16879427264707,-0.0278546800780296,-1.57808107234108,-0.74268341270206,-1.16391722957709,-0.991565743774623,-1.55250134671193,-0.106755804284863,-1.19134775746786,-0.816567620487698
-1.67475573990578,-0.096738960117701,1.33815039950917,0.583963021236567,0.915174097372493,0.77965620018715,1.2207131078925,0.0839408029565585,0.936742391032009,0.642057283828481
0.559275428070684,-1.05207710241413,0.668380484028933,0.464125663861065,0.727367607270783,0.619659872861479,0.970205751016197,0.066714979340209,0.74450978622567,0.510298173440346
